time_minutes,vehicle_id,anchor_zone,energy_kwh,soc,activity,remaining_minutes,pending_service
1445,0,z32,37.33119479331453,0.6221865798885755,trip,8.309854494165165,
1445,1,z32,39.07473658071545,0.6512456096785909,trip,5.4107953946243015,
1445,2,z11,44.37130573748773,0.7395217622914622,idle,0,
1450,0,z32,36.88119479331453,0.6146865798885754,trip,3.3098544941651653,
1450,1,z32,38.62473658071545,0.6437456096785908,trip,0.4107953946243015,
1450,2,z11,44.37130573748773,0.7395217622914622,idle,0,
1455,0,z20,36.58330788883966,0.6097217981473277,idle,0,local
1455,1,z01,38.587764995199265,0.6431294165866545,idle,0,
1455,2,z11,44.37130573748773,0.7395217622914622,idle,0,
1460,0,z20,36.13330788883966,0.6022217981473277,visit,15.333333333333258,local
1460,1,z01,38.13776499519927,0.6356294165866545,trip,13.309854494165165,
1460,2,z11,44.37130573748773,0.7395217622914622,idle,0,
1465,0,z20,35.89330788883965,0.5982217981473276,visit,10.333333333333258,local
1465,1,z01,37.68776499519927,0.6281294165866544,trip,8.309854494165165,
1465,2,z11,43.921305737487735,0.7320217622914622,trip,13.309854494165165,
1470,0,z20,35.68330788883966,0.5947217981473276,visit,5.3333333333332575,local
1470,1,z01,37.237764995199264,0.6206294165866544,trip,3.3098544941651653,
1470,2,z11,43.47130573748773,0.7245217622914623,trip,8.309854494165165,
1475,0,z20,35.233307888839654,0.5872217981473276,visit,0.33333333333325754,local
1475,1,z22,36.9398780907244,0.6156646348454067,idle,0,
1475,2,z11,43.02130573748773,0.7170217622914622,trip,3.3098544941651653,
1480,0,z20,35.20330788883964,0.5867217981473273,idle,0,
1480,1,z22,39.890433646279824,0.6648405607713304,visit,15.0,
1480,2,z30,42.723418833012865,0.7120569805502144,idle,0,
1485,0,z20,34.753307888839636,0.5792217981473272,visit,15.0,
1485,1,z22,47.98791658310079,0.7997986097183465,visit,10.0,
1485,2,z30,42.723418833012865,0.7120569805502144,idle,0,
1490,0,z20,35.068863444395056,0.5844810574065843,visit,10.0,
1490,1,z22,47.8949999999999,0.7982499999999982,visit,5.0,
1490,2,z30,42.723418833012865,0.7120569805502144,idle,0,
1495,0,z20,38.71775233328421,0.6452958722214035,visit,5.0,
1495,1,z22,47.8949999999999,0.7982499999999982,idle,0,
1495,2,z30,42.27341883301287,0.7045569805502144,trip,17.851274623054223,
1500,0,z20,38.26775233328421,0.6377958722214034,idle,0,
1500,1,z22,47.8949999999999,0.7982499999999982,idle,0,
1500,2,z30,41.823418833012866,0.6970569805502145,trip,12.851274623054223,
1505,0,z20,37.817752333284204,0.6302958722214034,visit,15.0,
1505,1,z22,47.4449999999999,0.7907499999999984,trip,7.008970644860483,
1505,2,z30,41.37341883301286,0.6895569805502144,trip,7.851274623054223,
1510,0,z20,38.133307888839624,0.6355551314806605,visit,10.0,
1510,1,z22,46.9949999999999,0.7832499999999983,trip,2.008970644860483,
1510,2,z30,40.92341883301286,0.6820569805502144,trip,2.8512746230542234,
1515,0,z20,41.78219677772878,0.6963699462954797,visit,5.0,
1515,1,z31,46.81419264196246,0.7802365440327076,idle,0,local
1515,2,z12,40.66680411693798,0.677780068615633,idle,0,
1520,0,z20,41.332196777728775,0.6888699462954796,idle,0,
1520,1,z31,46.70919264196245,0.7784865440327076,visit,15.0,local
1520,2,z12,40.216804116937986,0.670280068615633,trip,13.309854494165165,
1525,0,z20,41.332196777728775,0.6888699462954796,idle,0,
1525,1,z31,47.89500000000013,0.7982500000000022,visit,10.0,local
1525,2,z12,39.76680411693798,0.6627800686156331,trip,8.309854494165165,
1530,0,z20,41.332196777728775,0.6888699462954796,idle,0,
1530,1,z31,47.89500000000013,0.7982500000000022,visit,5.0,local
1530,2,z12,39.31680411693798,0.655280068615633,trip,3.3098544941651653,
1535,0,z20,41.332196777728775,0.6888699462954796,idle,0,
1535,1,z31,47.89500000000013,0.7982500000000022,idle,0,
1535,2,z00,39.018917212463116,0.6503152868743852,idle,0,
1540,0,z20,41.332196777728775,0.6888699462954796,idle,0,
1540,1,z31,47.89500000000013,0.7982500000000022,idle,0,
1540,2,z00,39.018917212463116,0.6503152868743852,idle,0,
1545,0,z20,40.88219677772878,0.6813699462954796,trip,3.8333333333332575,
1545,1,z31,47.445000000000135,0.7907500000000023,trip,7.008970644860483,
1545,2,z00,39.018917212463116,0.6503152868743852,idle,0,
1550,0,z30,40.53719677772877,0.6756199462954794,idle,0,
1550,1,z31,46.99500000000013,0.7832500000000022,trip,2.008970644860483,
1550,2,z00,39.018917212463116,0.6503152868743852,idle,0,
1555,0,z30,40.53719677772877,0.6756199462954794,idle,0,
1555,1,z20,46.81419264196269,0.7802365440327115,idle,0,
1555,2,z00,39.018917212463116,0.6503152868743852,idle,0,
1560,0,z30,40.53719677772877,0.6756199462954794,idle,0,
1560,1,z20,46.364192641962696,0.7727365440327116,trip,7.008970644860483,
1560,2,z00,39.018917212463116,0.6503152868743852,idle,0,
1565,0,z30,40.53719677772877,0.6756199462954794,idle,0,
1565,1,z20,45.91419264196269,0.7652365440327116,trip,2.008970644860483,
1565,2,z00,39.018917212463116,0.6503152868743852,idle,0,
1570,0,z30,40.53719677772877,0.6756199462954794,idle,0,
1570,1,z11,45.73338528392525,0.7622230880654208,idle,0,
1570,2,z00,39.018917212463116,0.6503152868743852,idle,0,
1575,0,z30,40.53719677772877,0.6756199462954794,idle,0,
1575,1,z11,45.283385283925256,0.7547230880654209,trip,11.5,
1575,2,z00,39.018917212463116,0.6503152868743852,idle,0,
1580,0,z30,40.53719677772877,0.6756199462954794,idle,0,
1580,1,z11,44.83338528392525,0.7472230880654209,trip,6.5,
1580,2,z00,39.018917212463116,0.6503152868743852,idle,0,
1585,0,z30,40.53719677772877,0.6756199462954794,idle,0,
1585,1,z11,44.38338528392525,0.7397230880654209,trip,1.5,
1585,2,z00,39.018917212463116,0.6503152868743852,idle,0,
1590,0,z30,40.53719677772877,0.6756199462954794,idle,0,
1590,1,z31,44.24838528392525,0.7374730880654209,idle,0,
1590,2,z00,39.018917212463116,0.6503152868743852,idle,0,
1595,0,z30,40.53719677772877,0.6756199462954794,idle,0,
1595,1,z31,43.798385283925256,0.7299730880654209,trip,3.8333333333332575,
1595,2,z00,39.018917212463116,0.6503152868743852,idle,0,
1600,0,z30,40.53719677772877,0.6756199462954794,idle,0,
1600,1,z32,43.45338528392524,0.7242230880654207,idle,0,
1600,2,z00,39.018917212463116,0.6503152868743852,idle,0,
1605,0,z30,40.08719677772877,0.6681199462954795,trip,13.309854494165165,
1605,1,z32,43.45338528392524,0.7242230880654207,idle,0,
1605,2,z00,39.018917212463116,0.6503152868743852,idle,0,
1610,0,z30,39.63719677772877,0.6606199462954795,trip,8.309854494165165,
1610,1,z32,43.45338528392524,0.7242230880654207,idle,0,
1610,2,z00,39.018917212463116,0.6503152868743852,idle,0,
1615,0,z30,39.187196777728765,0.6531199462954794,trip,3.3098544941651653,
1615,1,z32,43.00338528392525,0.7167230880654208,trip,20.4107953946243,
1615,2,z00,39.018917212463116,0.6503152868743852,idle,0,
1620,0,z22,38.8893098732539,0.6481551645542317,idle,0,
1620,1,z32,42.553385283925245,0.7092230880654208,trip,15.410795394624301,
1620,2,z00,39.018917212463116,0.6503152868743852,idle,0,
1625,0,z22,41.839865428809325,0.6973310904801554,visit,15.0,
1625,1,z32,42.10338528392524,0.7017230880654207,trip,10.410795394624301,
1625,2,z00,39.018917212463116,0.6503152868743852,idle,0,
1630,0,z22,47.89500000000008,0.7982500000000013,visit,10.0,
1630,1,z32,41.65338528392524,0.6942230880654207,trip,5.4107953946243015,
1630,2,z00,39.018917212463116,0.6503152868743852,idle,0,
1635,0,z22,47.89500000000008,0.7982500000000013,visit,5.0,
1635,1,z32,41.203385283925236,0.6867230880654206,trip,0.4107953946243015,
1635,2,z00,39.018917212463116,0.6503152868743852,idle,0,
1640,0,z22,47.89500000000008,0.7982500000000013,idle,0,
1640,1,z01,41.16641369840905,0.6861068949734842,idle,0,
1640,2,z00,39.018917212463116,0.6503152868743852,idle,0,
1645,0,z22,47.89500000000008,0.7982500000000013,idle,0,
1645,1,z01,41.16641369840905,0.6861068949734842,idle,0,
1645,2,z00,39.018917212463116,0.6503152868743852,idle,0,
1650,0,z22,47.89500000000008,0.7982500000000013,idle,0,
1650,1,z01,41.16641369840905,0.6861068949734842,idle,0,
1650,2,z00,39.018917212463116,0.6503152868743852,idle,0,
1655,0,z22,47.89500000000008,0.7982500000000013,idle,0,
1655,1,z01,41.16641369840905,0.6861068949734842,idle,0,
1655,2,z00,39.018917212463116,0.6503152868743852,idle,0,
1660,0,z22,47.445000000000086,0.7907500000000014,trip,3.8333333333332575,
1660,1,z01,41.16641369840905,0.6861068949734842,idle,0,
1660,2,z00,39.018917212463116,0.6503152868743852,idle,0,
1665,0,z32,47.10000000000007,0.7850000000000013,idle,0,
1665,1,z01,41.16641369840905,0.6861068949734842,idle,0,
1665,2,z00,39.018917212463116,0.6503152868743852,idle,0,
1670,0,z32,47.10000000000007,0.7850000000000013,idle,0,
1670,1,z01,41.16641369840905,0.6861068949734842,idle,0,
1670,2,z00,39.018917212463116,0.6503152868743852,idle,0,
1675,0,z32,47.10000000000007,0.7850000000000013,idle,0,
1675,1,z01,41.16641369840905,0.6861068949734842,idle,0,
1675,2,z00,39.018917212463116,0.6503152868743852,idle,0,
1680,0,z32,47.10000000000007,0.7850000000000013,idle,0,
1680,1,z01,41.16641369840905,0.6861068949734842,idle,0,
1680,2,z00,39.018917212463116,0.6503152868743852,idle,0,
1685,0,z32,47.10000000000007,0.7850000000000013,idle,0,
1685,1,z01,41.16641369840905,0.6861068949734842,idle,0,
1685,2,z00,39.018917212463116,0.6503152868743852,idle,0,
1690,0,z32,47.10000000000007,0.7850000000000013,idle,0,
1690,1,z01,41.16641369840905,0.6861068949734842,idle,0,
1690,2,z00,38.56891721246312,0.6428152868743854,trip,3.8333333333332575,
1695,0,z32,47.10000000000007,0.7850000000000013,idle,0,
1695,1,z01,41.16641369840905,0.6861068949734842,idle,0,
1695,2,z01,38.22391721246311,0.6370652868743851,idle,0,
1700,0,z32,47.10000000000007,0.7850000000000013,idle,0,
1700,1,z01,41.16641369840905,0.6861068949734842,idle,0,
1700,2,z01,37.773917212463104,0.6295652868743851,visit,15.0,
1705,0,z32,47.10000000000007,0.7850000000000013,idle,0,
1705,1,z01,41.16641369840905,0.6861068949734842,idle,0,
1705,2,z01,38.089472768018524,0.634824546133642,visit,10.0,
1710,0,z32,47.10000000000007,0.7850000000000013,idle,0,
1710,1,z01,41.16641369840905,0.6861068949734842,idle,0,
1710,2,z01,41.73836165690768,0.6956393609484613,visit,5.0,
1715,0,z32,47.10000000000007,0.7850000000000013,idle,0,
1715,1,z01,41.16641369840905,0.6861068949734842,idle,0,
1715,2,z01,41.288361656907675,0.6881393609484613,idle,0,
1720,0,z32,47.10000000000007,0.7850000000000013,idle,0,
1720,1,z01,41.16641369840905,0.6861068949734842,idle,0,
1720,2,z01,41.288361656907675,0.6881393609484613,idle,0,
1725,0,z32,47.10000000000007,0.7850000000000013,idle,0,
1725,1,z01,41.16641369840905,0.6861068949734842,idle,0,
1725,2,z01,41.288361656907675,0.6881393609484613,idle,0,
1730,0,z32,46.65000000000008,0.7775000000000013,trip,11.5,
1730,1,z01,41.16641369840905,0.6861068949734842,idle,0,
1730,2,z01,41.288361656907675,0.6881393609484613,idle,0,
1735,0,z32,46.200000000000074,0.7700000000000012,trip,6.5,
1735,1,z01,41.16641369840905,0.6861068949734842,idle,0,
1735,2,z01,41.288361656907675,0.6881393609484613,idle,0,
1740,0,z32,45.75000000000007,0.7625000000000012,trip,1.5,
1740,1,z01,41.16641369840905,0.6861068949734842,idle,0,
1740,2,z01,41.288361656907675,0.6881393609484613,idle,0,
1745,0,z30,45.61500000000007,0.7602500000000012,idle,0,
1745,1,z01,41.16641369840905,0.6861068949734842,idle,0,
1745,2,z01,41.288361656907675,0.6881393609484613,idle,0,
1750,0,z30,45.61500000000007,0.7602500000000012,idle,0,
1750,1,z01,41.16641369840905,0.6861068949734842,idle,0,
1750,2,z01,41.288361656907675,0.6881393609484613,idle,0,
1755,0,z30,45.61500000000007,0.7602500000000012,idle,0,
1755,1,z01,41.16641369840905,0.6861068949734842,idle,0,
1755,2,z01,41.288361656907675,0.6881393609484613,idle,0,
1760,0,z30,45.61500000000007,0.7602500000000012,idle,0,
1760,1,z01,40.716413698409056,0.6786068949734843,trip,13.309854494165165,
1760,2,z01,41.288361656907675,0.6881393609484613,idle,0,
1765,0,z30,45.61500000000007,0.7602500000000012,idle,0,
1765,1,z01,40.26641369840905,0.6711068949734842,trip,8.309854494165165,
1765,2,z01,41.288361656907675,0.6881393609484613,idle,0,
1770,0,z30,45.61500000000007,0.7602500000000012,idle,0,
1770,1,z01,39.81641369840905,0.6636068949734841,trip,3.3098544941651653,
1770,2,z01,41.288361656907675,0.6881393609484613,idle,0,
1775,0,z30,45.61500000000007,0.7602500000000012,idle,0,
1775,1,z22,39.518526793934186,0.6586421132322364,idle,0,
1775,2,z01,41.288361656907675,0.6881393609484613,idle,0,
1780,0,z30,45.61500000000007,0.7602500000000012,idle,0,
1780,1,z22,39.518526793934186,0.6586421132322364,idle,0,
1780,2,z01,40.83836165690768,0.6806393609484613,trip,19.166666666666742,
1785,0,z30,45.61500000000007,0.7602500000000012,idle,0,
1785,1,z22,39.518526793934186,0.6586421132322364,idle,0,
1785,2,z01,40.388361656907676,0.6731393609484613,trip,14.166666666666742,
1790,0,z30,45.61500000000007,0.7602500000000012,idle,0,
1790,1,z22,39.518526793934186,0.6586421132322364,idle,0,
1790,2,z01,39.938361656907674,0.6656393609484612,trip,9.166666666666742,
1795,0,z30,45.61500000000007,0.7602500000000012,idle,0,
1795,1,z22,39.06852679393419,0.6511421132322365,trip,3.8333333333332575,
1795,2,z01,39.48836165690767,0.6581393609484611,trip,4.1666666666667425,
1800,0,z30,45.61500000000007,0.7602500000000012,idle,0,
1800,1,z12,38.72352679393418,0.6453921132322363,idle,0,
1800,2,z31,39.113361656907664,0.6518893609484611,idle,0,central
1805,0,z30,45.16500000000008,0.7527500000000013,trip,7.008970644860483,
1805,1,z12,38.273526793934174,0.6378921132322363,visit,15.0,
1805,2,z31,38.66336165690766,0.644389360948461,visit,37.33333333333326,central
1810,0,z30,44.715000000000074,0.7452500000000012,trip,2.008970644860483,
1810,1,z12,38.589082349489594,0.6431513724914932,visit,10.0,
1810,2,z31,38.42336165690765,0.6403893609484609,visit,32.33333333333326,central
1815,0,z21,44.53419264196263,0.7422365440327106,idle,0,
1815,1,z12,42.23797123837875,0.7039661873063124,visit,5.0,
1815,2,z31,38.42336165690765,0.6403893609484609,visit,27.333333333333258,central
1820,0,z21,44.08419264196264,0.7347365440327106,trip,3.8333333333332575,
1820,1,z12,41.787971238378745,0.6964661873063124,idle,0,
1820,2,z31,38.42336165690765,0.6403893609484609,visit,22.333333333333258,central
1825,0,z11,43.739192641962624,0.7289865440327105,idle,0,
1825,1,z12,41.33797123837875,0.6889661873063125,trip,13.309854494165165,
1825,2,z31,38.42336165690765,0.6403893609484609,visit,17.333333333333258,central
1830,0,z11,43.28919264196263,0.7214865440327105,trip,11.5,
1830,1,z12,40.887971238378746,0.6814661873063125,trip,8.309854494165165,
1830,2,z31,38.42336165690765,0.6403893609484609,visit,12.333333333333258,central
1835,0,z11,42.839192641962626,0.7139865440327104,trip,6.5,
1835,1,z12,40.43797123837874,0.6739661873063124,trip,3.3098544941651653,
1835,2,z31,38.39336165690766,0.6398893609484609,visit,7.3333333333332575,central
1840,0,z11,42.38919264196262,0.7064865440327104,trip,1.5,
1840,1,z20,40.14008433390388,0.6690014055650646,idle,0,local
1840,2,z31,37.943361656907655,0.6323893609484609,visit,2.3333333333332575,central
1845,0,z31,42.254192641962625,0.7042365440327104,idle,0,
1845,1,z20,39.690084333903876,0.6615014055650646,visit,15.333333333333258,local
1845,2,z31,37.73336165690764,0.6288893609484607,idle,0,
1850,0,z31,42.254192641962625,0.7042365440327104,idle,0,
1850,1,z20,39.45008433390387,0.6575014055650644,visit,10.333333333333258,local
1850,2,z31,40.683917212463065,0.6780652868743844,visit,15.0,
1855,0,z31,41.80419264196263,0.6967365440327105,trip,3.8333333333332575,
1855,1,z20,39.24008433390387,0.6540014055650646,visit,5.3333333333332575,local
1855,2,z31,47.94506847052703,0.7990844745087838,visit,10.0,
1860,0,z32,41.459192641962616,0.6909865440327103,idle,0,local
1860,1,z20,38.79008433390387,0.6465014055650645,visit,0.33333333333325754,local
1860,2,z31,47.89500000000003,0.7982500000000006,visit,5.0,
1865,0,z32,41.35419264196261,0.6892365440327102,visit,15.0,local
1865,1,z20,38.760084333903855,0.6460014055650642,idle,0,
1865,2,z31,47.89500000000003,0.7982500000000006,idle,0,
1870,0,z32,47.74308153085138,0.7957180255141896,visit,10.0,local
1870,1,z20,38.31008433390386,0.6385014055650643,trip,7.008970644860483,
1870,2,z31,47.445000000000036,0.7907500000000006,trip,3.8333333333332575,
1875,0,z32,47.894999999999854,0.7982499999999976,visit,5.0,local
1875,1,z20,37.860084333903856,0.6310014055650642,trip,2.008970644860483,
1875,2,z21,47.10000000000002,0.7850000000000004,idle,0,
1880,0,z32,47.894999999999854,0.7982499999999976,idle,0,
1880,1,z11,37.679276975866415,0.6279879495977736,idle,0,
1880,2,z21,46.65000000000003,0.7775000000000004,trip,3.8333333333332575,
1885,0,z32,47.44499999999986,0.7907499999999976,trip,3.8333333333332575,
1885,1,z11,37.22927697586642,0.6204879495977736,trip,7.008970644860483,
1885,2,z22,46.305000000000014,0.7717500000000003,idle,0,
1890,0,z22,47.099999999999845,0.7849999999999974,idle,0,
1890,1,z11,36.779276975866416,0.6129879495977736,trip,2.008970644860483,
1890,2,z22,45.85500000000001,0.7642500000000002,trip,13.508970644860483,
1895,0,z22,46.64999999999985,0.7774999999999975,trip,11.5,
1895,1,z22,36.598469617828975,0.609974493630483,idle,0,
1895,2,z22,45.40500000000001,0.7567500000000001,trip,8.508970644860483,
1900,0,z22,46.19999999999985,0.7699999999999975,trip,6.5,
1900,1,z22,36.14846961782898,0.602474493630483,trip,7.008970644860483,
1900,2,z22,44.955000000000005,0.7492500000000001,trip,3.508970644860483,
1905,0,z22,45.749999999999844,0.7624999999999974,trip,1.5,
1905,1,z22,35.69846961782898,0.5949744936304829,trip,2.008970644860483,
1905,2,z21,44.63919264196256,0.7439865440327094,idle,0,
1910,0,z20,45.614999999999846,0.7602499999999974,idle,0,
1910,1,z31,35.517662259791535,0.5919610376631923,idle,0,
1910,2,z21,44.189192641962556,0.7364865440327093,trip,13.508970644860483,
1915,0,z20,45.16499999999985,0.7527499999999975,trip,7.008970644860483,
1915,1,z31,35.06766225979154,0.5844610376631924,trip,3.8333333333332575,
1915,2,z21,43.73919264196255,0.7289865440327092,trip,8.508970644860483,
1920,0,z20,44.71499999999985,0.7452499999999974,trip,2.008970644860483,
1920,1,z32,34.72266225979153,0.5787110376631921,idle,0,
1920,2,z21,43.28919264196255,0.7214865440327092,trip,3.508970644860483,
1925,0,z31,44.534192641962406,0.7422365440327068,idle,0,
1925,1,z32,34.27266225979153,0.5712110376631921,trip,3.8333333333332575,
1925,2,z22,42.973385283925104,0.7162230880654185,idle,0,
1930,0,z31,44.0841926419624,0.7347365440327067,trip,10.333333333333258,
1930,1,z22,33.92766225979152,0.565461037663192,idle,0,
1930,2,z22,42.52338528392511,0.7087230880654185,trip,11.5,
1935,0,z31,43.6341926419624,0.7272365440327067,trip,5.3333333333332575,
1935,1,z22,33.477662259791515,0.5579610376631919,trip,18.0,
1935,2,z22,42.073385283925106,0.7012230880654184,trip,6.5,
1940,0,z31,43.1841926419624,0.7197365440327066,trip,0.33333333333325754,
1940,1,z22,33.02766225979151,0.5504610376631919,trip,13.0,
1940,2,z22,41.6233852839251,0.6937230880654184,trip,1.5,
1945,0,z31,43.15419264196238,0.7192365440327063,idle,0,
1945,1,z22,32.57766225979151,0.5429610376631918,trip,8.0,
1945,2,z20,41.488385283925105,0.6914730880654184,idle,0,
1950,0,z31,42.704192641962386,0.7117365440327065,trip,3.8333333333332575,
1950,1,z22,32.12766225979151,0.5354610376631918,trip,3.0,
1950,2,z20,41.03838528392511,0.6839730880654185,trip,3.8333333333332575,
1955,0,z21,42.35919264196237,0.7059865440327062,idle,0,
1955,1,z10,31.857662259791507,0.5309610376631918,idle,0,
1955,2,z10,40.693385283925096,0.6782230880654183,idle,0,
1960,0,z21,41.90919264196237,0.6984865440327062,trip,19.809854494165165,
1960,1,z10,31.407662259791508,0.5234610376631917,trip,13.309854494165165,
1960,2,z10,40.2433852839251,0.6707230880654184,trip,3.8333333333332575,
1965,0,z21,41.45919264196237,0.6909865440327061,trip,14.809854494165165,
1965,1,z10,30.95766225979151,0.5159610376631918,trip,8.309854494165165,
1965,2,z11,39.89838528392509,0.6649730880654181,idle,0,
1970,0,z21,41.009192641962365,0.683486544032706,trip,9.809854494165165,
1970,1,z10,30.50766225979151,0.5084610376631918,trip,3.3098544941651653,
1970,2,z11,39.448385283925084,0.657473088065418,trip,18.0,
1975,0,z21,40.55919264196236,0.6759865440327061,trip,4.809854494165165,
1975,1,z22,30.209775355316644,0.503496255921944,idle,0,
1975,2,z11,38.99838528392508,0.649973088065418,trip,13.0,
1980,0,z01,40.1263057374875,0.6687717622914583,idle,0,
1980,1,z22,29.759775355316645,0.4959962559219441,trip,3.8333333333332575,
1980,2,z11,38.54838528392508,0.642473088065418,trip,8.0,
1985,0,z01,39.6763057374875,0.6612717622914583,trip,13.309854494165165,
1985,1,z32,29.414775355316632,0.4902462559219439,idle,0,local
1985,2,z11,38.098385283925076,0.634973088065418,trip,3.0,
1990,0,z01,39.2263057374875,0.6537717622914584,trip,8.309854494165165,
1990,1,z32,29.309775355316624,0.48849625592194373,visit,15.0,local
1990,2,z32,37.82838528392507,0.6304730880654179,idle,0,local
1995,0,z01,38.7763057374875,0.6462717622914583,trip,3.3098544941651653,
1995,1,z32,35.69866424420539,0.5949777374034232,visit,10.0,local
1995,2,z32,37.72338528392507,0.6287230880654178,visit,15.0,local
2000,0,z22,38.47841883301263,0.6413069805502105,idle,0,
2000,1,z32,44.031997577538725,0.733866626292312,visit,5.0,local
2000,2,z32,44.112274172813834,0.7352045695468973,visit,10.0,local
2005,0,z22,38.02841883301263,0.6338069805502105,trip,13.508970644860483,
2005,1,z32,47.89500000000007,0.7982500000000011,idle,0,
2005,2,z32,47.89499999999999,0.7982499999999998,visit,5.0,local
2010,0,z22,37.57841883301263,0.6263069805502105,trip,8.508970644860483,
2010,1,z32,47.44500000000007,0.7907500000000012,trip,13.309854494165165,
2010,2,z32,47.89499999999999,0.7982499999999998,idle,0,
2015,0,z22,37.128418833012624,0.6188069805502104,trip,3.508970644860483,
2015,1,z32,46.99500000000007,0.7832500000000011,trip,8.309854494165165,
2015,2,z32,47.44499999999999,0.7907499999999998,trip,7.008970644860483,
2020,0,z21,36.81261147497518,0.6135435245829196,idle,0,local
2020,1,z32,46.545000000000066,0.775750000000001,trip,3.3098544941651653,
2020,2,z32,46.99499999999999,0.7832499999999999,trip,2.008970644860483,
2025,0,z21,36.81261147497518,0.6135435245829196,idle,0,local
2025,1,z20,46.2471130955252,0.7707852182587533,idle,0,
2025,2,z21,46.81419264196255,0.7802365440327091,idle,0,
2030,0,z21,36.707611474975174,0.6117935245829196,visit,15.0,local
2030,1,z20,45.797113095525205,0.7632852182587534,trip,7.008970644860483,
2030,2,z21,46.36419264196255,0.7727365440327092,trip,3.8333333333332575,
2035,0,z21,43.09650036386394,0.718275006064399,visit,10.0,local
2035,1,z20,45.3471130955252,0.7557852182587533,trip,2.008970644860483,
2035,2,z20,46.01919264196254,0.766986544032709,idle,0,
2040,0,z21,47.89500000000009,0.7982500000000015,visit,5.0,local
2040,1,z31,45.16630573748776,0.7527717622914627,idle,0,
2040,2,z20,45.56919264196254,0.759486544032709,trip,13.508970644860256,
2045,0,z21,47.89500000000009,0.7982500000000015,idle,0,
2045,1,z31,44.71630573748776,0.7452717622914626,trip,19.809854494164938,
2045,2,z20,45.119192641962535,0.7519865440327089,trip,8.508970644860256,
2050,0,z21,47.445000000000086,0.7907500000000014,trip,19.809854494164938,
2050,1,z31,44.266305737487755,0.7377717622914626,trip,14.809854494164938,
2050,2,z20,44.66919264196253,0.7444865440327089,trip,3.5089706448602556,
2055,0,z21,46.99500000000008,0.7832500000000013,trip,14.809854494164938,
2055,1,z31,43.81630573748775,0.7302717622914625,trip,9.809854494164938,
2055,2,z21,44.35338528392511,0.7392230880654185,idle,0,
2060,0,z21,46.54500000000008,0.7757500000000014,trip,9.809854494164938,
2060,1,z31,43.36630573748775,0.7227717622914624,trip,4.809854494164938,
2060,2,z21,43.903385283925104,0.7317230880654184,trip,3.833333333333485,
2065,0,z21,46.09500000000008,0.7682500000000013,trip,4.809854494164938,
2065,1,z11,42.93341883301291,0.7155569805502151,idle,0,
2065,2,z31,43.55838528392513,0.7259730880654189,idle,0,
2070,0,z01,45.662113095525235,0.761035218258754,idle,0,
2070,1,z11,42.483418833012905,0.708056980550215,trip,19.809854494164938,
2070,2,z31,43.10838528392513,0.7184730880654189,trip,7.008970644860256,
2075,0,z01,45.21211309552523,0.7535352182587539,trip,19.809854494164938,
2075,1,z11,42.0334188330129,0.7005569805502151,trip,14.809854494164938,
2075,2,z31,42.65838528392513,0.7109730880654188,trip,2.0089706448602556,
2080,0,z01,44.76211309552523,0.7460352182587539,trip,14.809854494164938,
2080,1,z11,41.5834188330129,0.693056980550215,trip,9.809854494164938,
2080,2,z22,42.47757792588771,0.7079596320981285,idle,0,
2085,0,z01,44.31211309552523,0.7385352182587538,trip,9.809854494164938,
2085,1,z11,41.1334188330129,0.685556980550215,trip,4.809854494164938,
2085,2,z22,42.47757792588771,0.7079596320981285,idle,0,
2090,0,z01,43.862113095525224,0.7310352182587537,trip,4.809854494164938,
2090,1,z20,40.700531928538055,0.6783421988089676,idle,0,
2090,2,z22,42.027577925887705,0.7004596320981284,trip,7.008970644860256,
2095,0,z32,43.42922619105038,0.7238204365175064,idle,0,
2095,1,z20,40.700531928538055,0.6783421988089676,idle,0,
2095,2,z22,41.5775779258877,0.6929596320981284,trip,2.0089706448602556,
2100,0,z32,42.97922619105038,0.7163204365175063,trip,18.0,
2100,1,z20,40.25053192853805,0.6708421988089676,trip,3.833333333333485,
2100,2,z11,41.39677056785028,0.6899461761308381,idle,0,
2105,0,z32,42.52922619105038,0.7088204365175063,trip,13.0,
2105,1,z10,39.90553192853808,0.6650921988089681,idle,0,
2105,2,z11,40.94677056785028,0.682446176130838,trip,13.309854494164938,
2110,0,z32,42.079226191050374,0.7013204365175062,trip,8.0,
2110,1,z10,39.45553192853808,0.657592198808968,trip,13.309854494164938,
2110,2,z11,40.49677056785028,0.674946176130838,trip,8.309854494164938,
2115,0,z32,41.62922619105037,0.6938204365175061,trip,3.0,
2115,1,z10,39.005531928538076,0.650092198808968,trip,8.309854494164938,
2115,2,z11,40.046770567850274,0.6674461761308379,trip,3.309854494164938,
2120,0,z02,41.35922619105037,0.6893204365175062,idle,0,
2120,1,z10,38.55553192853807,0.6425921988089679,trip,3.309854494164938,
2120,2,z32,39.74888366337543,0.6624813943895905,idle,0,
2125,0,z02,41.35922619105037,0.6893204365175062,idle,0,
2125,1,z22,38.25764502406323,0.6376274170677205,idle,0,
2125,2,z32,39.29888366337543,0.6549813943895905,trip,20.410795394624074,
2130,0,z02,40.909226191050365,0.6818204365175061,trip,13.309854494164938,
2130,1,z22,37.80764502406323,0.6301274170677205,trip,3.833333333333485,
2130,2,z32,38.848883663375425,0.6474813943895904,trip,15.410795394624074,
2135,0,z02,40.45922619105036,0.6743204365175061,trip,8.309854494164938,
2135,1,z12,37.46264502406326,0.624377417067721,idle,0,
2135,2,z32,38.39888366337542,0.6399813943895903,trip,10.410795394624074,
2140,0,z02,40.00922619105036,0.666820436517506,trip,3.309854494164938,
2140,1,z12,37.012645024063254,0.6168774170677209,trip,11.5,
2140,2,z32,37.94888366337542,0.6324813943895903,trip,5.410795394624074,
2145,0,z21,39.711339286575516,0.6618556547762586,idle,0,
2145,1,z12,36.56264502406325,0.6093774170677209,trip,6.5,
2145,2,z32,37.498883663375416,0.6249813943895902,trip,0.4107953946240741,
2150,0,z21,39.26133928657551,0.6543556547762586,trip,3.833333333333485,
2150,1,z12,36.11264502406325,0.6018774170677208,trip,1.5,
2150,2,z01,37.461912077859246,0.624365201297654,idle,0,local
2155,0,z31,38.91633928657554,0.6486056547762591,idle,0,
2155,1,z32,35.97764502406325,0.5996274170677208,idle,0,local
2155,2,z01,37.01191207785924,0.6168652012976541,visit,15.333333333333485,local
2160,0,z31,38.46633928657554,0.641105654776259,trip,3.833333333333485,
2160,1,z32,35.87264502406326,0.597877417067721,visit,15.0,local
2160,2,z01,36.771912077859255,0.6128652012976542,visit,10.333333333333485,local
2165,0,z32,38.12133928657557,0.6353556547762594,idle,0,
2165,1,z32,42.2615339129524,0.7043588985492067,visit,10.0,local
2165,2,z01,36.56191207785924,0.609365201297654,visit,5.333333333333485,local
2170,0,z32,37.67133928657557,0.6278556547762595,trip,3.833333333333485,
2170,1,z32,47.895000000000394,0.7982500000000066,visit,5.0,local
2170,2,z01,36.11191207785924,0.601865201297654,visit,0.3333333333334849,local
2175,0,z31,37.326339286575596,0.6221056547762599,idle,0,
2175,1,z32,47.895000000000394,0.7982500000000066,idle,0,
2175,2,z01,36.081912077859265,0.6013652012976544,idle,0,
2180,0,z31,36.87633928657559,0.6146056547762598,trip,3.833333333333485,
2180,1,z32,47.44500000000039,0.7907500000000065,trip,3.833333333333485,
2180,2,z01,35.63191207785926,0.5938652012976544,trip,11.5,
2185,0,z32,36.53133928657562,0.6088556547762604,idle,0,local
2185,1,z31,47.10000000000042,0.785000000000007,idle,0,
2185,2,z01,35.18191207785926,0.5863652012976543,trip,6.5,
2190,0,z32,36.42633928657563,0.6071056547762606,visit,15.0,local
2190,1,z31,46.65000000000042,0.777500000000007,trip,3.833333333333485,
2190,2,z01,34.731912077859256,0.5788652012976543,trip,1.5,
2195,0,z32,42.815228175464775,0.7135871362577463,visit,10.0,local
2195,1,z21,46.30500000000045,0.7717500000000075,idle,0,
2195,2,z21,34.59691207785926,0.5766152012976543,idle,0,
2200,0,z32,47.894999999999825,0.7982499999999971,visit,5.0,local
2200,1,z21,45.855000000000445,0.7642500000000074,trip,3.833333333333485,
2200,2,z21,34.146912077859255,0.5691152012976542,trip,7.008970644860256,
2205,0,z32,47.894999999999825,0.7982499999999971,idle,0,
2205,1,z20,45.510000000000474,0.758500000000008,idle,0,
2205,2,z21,33.69691207785925,0.5616152012976542,trip,2.0089706448602556,
2210,0,z32,47.44499999999982,0.7907499999999971,trip,20.410795394624074,
2210,1,z20,45.06000000000047,0.7510000000000079,trip,19.809854494164938,
2210,2,z10,33.51610471982183,0.5586017453303639,idle,0,
2215,0,z32,46.99499999999982,0.783249999999997,trip,15.410795394624074,
2215,1,z20,44.61000000000047,0.7435000000000078,trip,14.809854494164938,
2215,2,z10,33.06610471982183,0.5511017453303638,trip,19.809854494164938,
2220,0,z32,46.54499999999982,0.7757499999999969,trip,10.410795394624074,
2220,1,z20,44.160000000000466,0.7360000000000078,trip,9.809854494164938,
2220,2,z10,32.61610471982183,0.5436017453303638,trip,14.809854494164938,
2225,0,z32,46.094999999999814,0.7682499999999969,trip,5.410795394624074,
2225,1,z20,43.71000000000046,0.7285000000000077,trip,4.809854494164938,
2225,2,z10,32.166104719821824,0.5361017453303637,trip,9.809854494164938,
2230,0,z32,45.64499999999981,0.7607499999999968,trip,0.4107953946240741,
2230,1,z22,43.27711309552562,0.7212852182587604,idle,0,
2230,2,z10,31.716104719821825,0.5286017453303637,trip,4.809854494164938,
2235,0,z01,45.60802841448364,0.7601338069080606,idle,0,
2235,1,z22,42.82711309552562,0.7137852182587603,trip,17.851274623053996,
2235,2,z01,31.28321781534698,0.5213869635891163,idle,0,
2240,0,z01,45.15802841448364,0.7526338069080606,trip,19.166666666666515,
2240,1,z22,42.377113095525615,0.7062852182587602,trip,12.851274623053996,
2240,2,z01,31.28321781534698,0.5213869635891163,idle,0,
2245,0,z01,44.708028414483636,0.7451338069080606,trip,14.166666666666515,
2245,1,z22,41.92711309552561,0.6987852182587602,trip,7.851274623053996,
2245,2,z01,30.83321781534698,0.5138869635891163,trip,10.333333333333485,
2250,0,z01,44.25802841448363,0.7376338069080606,trip,9.166666666666515,
2250,1,z22,41.47711309552561,0.6912852182587602,trip,2.851274623053996,
2250,2,z01,30.383217815346978,0.5063869635891163,trip,5.333333333333485,
2255,0,z01,43.80802841448363,0.7301338069080605,trip,4.166666666666515,
2255,1,z00,41.22049837945075,0.6870083063241792,idle,0,
2255,2,z01,29.93321781534698,0.49888696358911633,trip,0.3333333333334849,
2260,0,z31,43.433028414483644,0.7238838069080608,idle,0,
2260,1,z00,40.77049837945075,0.6795083063241791,trip,23.809226445223885,
2260,2,z10,29.903217815347006,0.49838696358911677,idle,0,
2265,0,z31,42.98302841448364,0.7163838069080607,trip,7.008970644860256,
2265,1,z00,40.32049837945075,0.6720083063241791,trip,18.809226445223885,
2265,2,z10,29.453217815347006,0.49088696358911676,trip,17.851274623053996,
2270,0,z31,42.53302841448364,0.7088838069080606,trip,2.0089706448602556,
2270,1,z00,39.870498379450744,0.6645083063241791,trip,13.809226445223885,
2270,2,z10,29.003217815347007,0.48338696358911676,trip,12.851274623053996,
2275,0,z20,42.35222105644622,0.7058703509407703,idle,0,
2275,1,z00,39.42049837945074,0.6570083063241791,trip,8.809226445223885,
2275,2,z10,28.553217815347008,0.4758869635891168,trip,7.851274623053996,
2280,0,z20,41.902221056446216,0.6983703509407703,trip,13.508970644860256,
2280,1,z00,38.97049837945074,0.649508306324179,trip,3.809226445223885,
2280,2,z10,28.10321781534701,0.4683869635891168,trip,2.851274623053996,
2285,0,z20,41.45222105644621,0.6908703509407702,trip,8.508970644860256,
2285,1,z32,38.62766799938059,0.6437944666563432,idle,0,
2285,2,z32,27.846603099272148,0.4641100516545358,idle,0,
2290,0,z20,41.00222105644621,0.6833703509407701,trip,3.5089706448602556,
2290,1,z32,38.17766799938059,0.6362944666563431,trip,11.5,
2290,2,z32,30.79715865482797,0.5132859775804662,visit,15.0,
2295,0,z01,40.686413698408785,0.6781068949734798,idle,0,
2295,1,z32,37.727667999380586,0.6287944666563431,trip,6.5,
2295,2,z32,39.1304919881613,0.6521748664693551,visit,10.0,
2300,0,z01,40.23641369840878,0.6706068949734797,trip,3.833333333333485,
2300,1,z32,37.27766799938058,0.621294466656343,trip,1.5,
2300,2,z32,47.46382532149464,0.791063755358244,visit,5.0,
2305,0,z00,39.89141369840881,0.6648568949734802,idle,0,
2305,1,z30,37.142667999380585,0.619044466656343,idle,0,
2305,2,z32,47.89500000000013,0.7982500000000022,idle,0,
2310,0,z00,39.89141369840881,0.6648568949734802,idle,0,
2310,1,z30,40.0932235549364,0.6682203925822734,visit,15.0,
2310,2,z32,47.44500000000013,0.7907500000000022,trip,3.833333333333485,
2315,0,z00,39.89141369840881,0.6648568949734802,idle,0,
2315,1,z30,47.97696592803314,0.7996160988005523,visit,10.0,
2315,2,z31,47.10000000000016,0.7850000000000026,idle,0,
2320,0,z00,39.44141369840881,0.6573568949734802,trip,17.851274623053996,
2320,1,z30,47.89499999999973,0.7982499999999956,visit,5.0,
2320,2,z31,46.650000000000155,0.7775000000000026,trip,7.008970644860256,
2325,0,z00,38.991413698408806,0.6498568949734801,trip,12.851274623053996,
2325,1,z30,47.89499999999973,0.7982499999999956,idle,0,
2325,2,z31,46.20000000000015,0.7700000000000026,trip,2.0089706448602556,
2330,0,z00,38.5414136984088,0.64235689497348,trip,7.851274623053996,
2330,1,z30,47.89499999999973,0.7982499999999956,idle,0,
2330,2,z22,46.01919264196273,0.7669865440327122,idle,0,
2335,0,z00,38.0914136984088,0.63485689497348,trip,2.851274623053996,
2335,1,z30,47.44499999999973,0.7907499999999955,trip,11.5,
2335,2,z22,46.01919264196273,0.7669865440327122,idle,0,
2340,0,z22,37.83479898233394,0.6305799830388991,idle,0,
2340,1,z30,46.99499999999973,0.7832499999999954,trip,6.5,
2340,2,z22,46.01919264196273,0.7669865440327122,idle,0,
2345,0,z22,37.38479898233394,0.623079983038899,trip,7.008970644860256,
2345,1,z30,46.544999999999725,0.7757499999999954,trip,1.5,
2345,2,z22,45.56919264196273,0.7594865440327122,trip,3.833333333333485,
2350,0,z22,36.93479898233394,0.6155799830388989,trip,2.0089706448602556,
2350,1,z32,46.40999999999973,0.7734999999999954,idle,0,central
2350,2,z21,45.22419264196276,0.7537365440327126,idle,0,local
2355,0,z31,36.75399162429652,0.6125665270716086,idle,0,
2355,1,z32,45.959999999999724,0.7659999999999954,visit,52.666666666666515,central
2355,2,z21,45.11919264196277,0.7519865440327128,visit,15.0,local
2360,0,z31,36.303991624296515,0.6050665270716086,trip,3.833333333333485,
2360,1,z32,45.50999999999972,0.7584999999999954,visit,47.666666666666515,central
2360,2,z21,47.89500000000038,0.7982500000000063,visit,10.0,local
2365,0,z32,35.958991624296544,0.5993165270716091,idle,0,central
2365,1,z32,45.05999999999972,0.7509999999999953,visit,42.666666666666515,central
2365,2,z21,47.89500000000038,0.7982500000000063,visit,5.0,local
2370,0,z32,35.958991624296544,0.5993165270716091,idle,0,central
2370,1,z32,45.0299999999997,0.7504999999999951,visit,37.666666666666515,central
2370,2,z21,47.89500000000038,0.7982500000000063,idle,0,
2375,0,z32,35.958991624296544,0.5993165270716091,idle,0,central
2375,1,z32,45.0299999999997,0.7504999999999951,visit,32.666666666666515,central
2375,2,z21,47.44500000000038,0.7907500000000063,trip,7.008970644860256,
2380,0,z32,35.50899162429654,0.591816527071609,visit,52.666666666666515,central
2380,1,z32,45.0299999999997,0.7504999999999951,visit,27.666666666666515,central
2380,2,z21,46.995000000000374,0.7832500000000062,trip,2.0089706448602556,
2385,0,z32,35.05899162429654,0.584316527071609,visit,47.666666666666515,central
2385,1,z32,45.0299999999997,0.7504999999999951,visit,22.666666666666515,central
2385,2,z32,46.814192641962954,0.7802365440327159,idle,0,
2390,0,z32,34.608991624296536,0.5768165270716089,visit,42.666666666666515,central
2390,1,z32,45.0299999999997,0.7504999999999951,visit,17.666666666666515,central
2390,2,z32,46.36419264196295,0.7727365440327159,trip,20.410795394624074,
2395,0,z32,34.57899162429652,0.5763165270716086,visit,37.666666666666515,central
2395,1,z32,44.789999999999715,0.7464999999999953,visit,12.666666666666515,central
2395,2,z32,45.91419264196295,0.7652365440327158,trip,15.410795394624074,
2400,0,z32,34.57899162429652,0.5763165270716086,visit,32.666666666666515,central
2400,1,z32,44.33999999999971,0.7389999999999952,visit,7.666666666666515,central
2400,2,z32,45.464192641962946,0.7577365440327157,trip,10.410795394624074,
2405,0,z32,34.57899162429652,0.5763165270716086,visit,27.666666666666515,central
2405,1,z32,43.88999999999971,0.7314999999999952,visit,2.666666666666515,central
2405,2,z32,45.01419264196294,0.7502365440327157,trip,5.410795394624074,
2410,0,z32,34.57899162429652,0.5763165270716086,visit,22.666666666666515,central
2410,1,z32,43.64999999999968,0.7274999999999946,idle,0,
2410,2,z32,44.56419264196294,0.7427365440327157,trip,0.4107953946240741,
2415,0,z32,34.57899162429652,0.5763165270716086,visit,17.666666666666515,central
2415,1,z32,43.199999999999676,0.7199999999999946,trip,13.309854494164938,
2415,2,z01,44.52722105644677,0.7421203509407795,idle,0,
2420,0,z32,34.33899162429653,0.5723165270716088,visit,12.666666666666515,central
2420,1,z32,42.74999999999967,0.7124999999999946,trip,8.309854494164938,
2420,2,z01,44.52722105644677,0.7421203509407795,idle,0,
2425,0,z32,33.88899162429653,0.5648165270716088,visit,7.666666666666515,central
2425,1,z32,42.29999999999967,0.7049999999999945,trip,3.309854494164938,
2425,2,z01,44.07722105644677,0.7346203509407795,trip,3.833333333333485,
2430,0,z32,33.43899162429653,0.5573165270716088,visit,2.666666666666515,central
2430,1,z11,42.00211309552483,0.7000352182587471,idle,0,
2430,2,z02,43.7322210564468,0.7288703509407799,idle,0,
2435,0,z32,33.1989916242965,0.5533165270716083,idle,0,
2435,1,z11,41.552113095524824,0.6925352182587471,trip,3.833333333333485,
2435,2,z02,43.282221056446794,0.72137035094078,trip,23.809226445223885,
2440,0,z32,32.748991624296494,0.5458165270716082,trip,23.809226445223885,
2440,1,z21,41.20711309552485,0.6867852182587476,idle,0,
2440,2,z02,42.83222105644679,0.7138703509407799,trip,18.809226445223885,
2445,0,z32,32.29899162429649,0.5383165270716082,trip,18.809226445223885,
2445,1,z21,40.75711309552485,0.6792852182587475,trip,13.508970644860256,
2445,2,z02,42.38222105644679,0.7063703509407798,trip,13.809226445223885,
2450,0,z32,31.84899162429649,0.5308165270716082,trip,13.809226445223885,
2450,1,z21,40.30711309552485,0.6717852182587475,trip,8.508970644860256,
2450,2,z02,41.932221056446785,0.6988703509407798,trip,8.809226445223885,
2455,0,z32,31.398991624296492,0.5233165270716083,trip,8.809226445223885,
2455,1,z21,39.857113095524845,0.6642852182587474,trip,3.5089706448602556,
2455,2,z02,41.48222105644678,0.6913703509407797,trip,3.809226445223885,
2460,0,z32,30.948991624296493,0.5158165270716082,trip,3.809226445223885,
2460,1,z31,39.54130573748742,0.659021762291457,idle,0,
2460,2,z30,41.139390676376635,0.6856565112729439,idle,0,
2465,0,z00,30.606161244226342,0.5101026874037724,idle,0,
2465,1,z31,39.09130573748742,0.651521762291457,trip,7.008970644860256,
2465,2,z30,40.68939067637663,0.6781565112729439,trip,45.64255977855737,
2470,0,z00,30.156161244226343,0.5026026874037723,trip,19.809854494164938,
2470,1,z31,38.641305737487414,0.6440217622914569,trip,2.0089706448602556,
2470,2,z30,40.23939067637663,0.6706565112729438,trip,40.64255977855737,
2475,0,z00,29.70616124422634,0.49510268740377233,trip,14.809854494164938,
2475,1,z20,38.460498379449994,0.6410083063241666,idle,0,
2475,2,z30,39.78939067637663,0.6631565112729437,trip,35.64255977855737,
2480,0,z00,29.25616124422634,0.48760268740377233,trip,9.809854494164938,
2480,1,z20,38.01049837944999,0.6335083063241665,trip,3.833333333333485,
2480,2,z30,39.339390676376624,0.6556565112729438,trip,30.64255977855737,
2485,0,z00,28.80616124422634,0.4801026874037724,trip,4.809854494164938,
2485,1,z21,37.66549837945002,0.6277583063241671,idle,0,
2485,2,z30,38.88939067637662,0.6481565112729437,trip,25.64255977855737,
2490,0,z31,28.373274339751497,0.4728879056625249,idle,0,
2490,1,z21,37.21549837945002,0.620258306324167,trip,11.5,
2490,2,z30,38.43939067637662,0.6406565112729437,trip,20.64255977855737,
2495,0,z31,27.923274339751497,0.46538790566252497,trip,13.309854494164938,
2495,1,z21,36.765498379450015,0.612758306324167,trip,6.5,
2495,2,z30,37.989390676376615,0.6331565112729436,trip,15.64255977855737,
2500,0,z31,27.473274339751498,0.45788790566252496,trip,8.309854494164938,
2500,1,z21,36.31549837945001,0.6052583063241669,trip,1.5,
2500,2,z30,37.53939067637661,0.6256565112729435,trip,10.64255977855737,
2505,0,z31,27.0232743397515,0.45038790566252496,trip,3.309854494164938,
2505,1,z01,36.180498379450015,0.6030083063241669,idle,0,
2505,2,z30,37.08939067637661,0.6181565112729435,trip,5.64255977855737,
2510,0,z10,26.725387435276655,0.4454231239212776,idle,0,
2510,1,z01,35.73049837945001,0.5955083063241668,trip,19.166666666666515,
2510,2,z30,36.63939067637661,0.6106565112729434,trip,0.64255977855737,
2515,0,z10,26.275387435276656,0.4379231239212776,trip,29.286375654996846,
2515,1,z01,35.28049837945001,0.5880083063241668,trip,14.166666666666515,
2515,2,z32,36.58156029630644,0.6096926716051073,idle,0,
2520,0,z10,25.825387435276657,0.43042312392127763,trip,24.286375654996846,
2520,1,z01,34.830498379450006,0.5805083063241667,trip,9.166666666666515,
2520,2,z32,36.13156029630644,0.6021926716051074,trip,13.508970644860256,
2525,0,z10,25.375387435276657,0.4229231239212776,trip,19.286375654996846,
2525,1,z01,34.38049837945,0.5730083063241668,trip,4.166666666666515,
2525,2,z32,35.681560296306436,0.5946926716051073,trip,8.508970644860256,
2530,0,z10,24.925387435276658,0.4154231239212776,trip,14.286375654996846,
2530,1,z31,34.00549837945002,0.5667583063241669,idle,0,
2530,2,z32,35.231560296306434,0.5871926716051072,trip,3.5089706448602556,
2535,0,z10,24.47538743527666,0.40792312392127766,trip,9.286375654996846,
2535,1,z31,33.555498379450015,0.559258306324167,trip,13.309854494164938,
2535,2,z22,34.91575293826901,0.5819292156378169,idle,0,
2540,0,z10,24.02538743527666,0.40042312392127766,trip,4.286375654996846,
2540,1,z31,33.10549837945001,0.5517583063241669,trip,8.309854494164938,
2540,2,z22,34.465752938269006,0.5744292156378168,trip,3.833333333333485,
2545,0,z10,23.639613626326945,0.3939935604387824,idle,0,
2545,1,z31,32.65549837945001,0.5442583063241668,trip,3.309854494164938,
2545,2,z32,34.120752938269035,0.5686792156378172,idle,0,
2550,0,z10,23.189613626326945,0.3864935604387824,trip,13.508970644860256,
2550,1,z10,32.357611474975165,0.5392935245829195,idle,0,local
2550,2,z32,33.67075293826903,0.5611792156378173,trip,19.809854494164938,
2555,0,z10,22.739613626326943,0.37899356043878235,trip,8.508970644860256,
2555,1,z10,32.252611474975176,0.5375435245829195,visit,15.0,local
2555,2,z32,33.22075293826903,0.5536792156378172,trip,14.809854494164938,
2560,0,z10,22.289613626326943,0.3714935604387824,trip,3.5089706448602556,
2560,1,z10,38.64150036386432,0.6440250060644053,visit,10.0,local
2560,2,z32,32.77075293826903,0.5461792156378171,trip,9.809854494164938,
2565,0,z02,21.973806268289522,0.366230104471492,idle,0,
2565,1,z10,46.97483369719765,0.7829138949532942,visit,5.0,local
2565,2,z32,32.320752938269024,0.5386792156378171,trip,4.809854494164938,
2570,0,z02,21.523806268289523,0.35873010447149206,trip,19.809854494164938,
2570,1,z10,47.894999999999726,0.7982499999999955,idle,0,
2570,2,z10,31.88786603379418,0.5314644338965696,idle,0,local
2575,0,z02,21.073806268289523,0.35123010447149206,trip,14.809854494164938,
2575,1,z10,47.44499999999972,0.7907499999999954,trip,18.0,
2575,2,z10,31.782866033794193,0.5297144338965699,visit,15.0,local
2580,0,z02,20.623806268289524,0.34373010447149205,trip,9.809854494164938,
2580,1,z10,46.99499999999972,0.7832499999999953,trip,13.0,
2580,2,z10,38.171754922683334,0.6361959153780555,visit,10.0,local
2585,0,z02,20.173806268289525,0.3362301044714921,trip,4.809854494164938,
2585,1,z10,46.54499999999972,0.7757499999999953,trip,8.0,
2585,2,z10,46.50508825601667,0.7750848042669445,visit,5.0,local
2590,0,z31,19.74091936381468,0.32901532273024464,idle,0,
2590,1,z10,46.094999999999715,0.7682499999999952,trip,3.0,
2590,2,z10,47.8949999999998,0.7982499999999966,idle,0,
2595,0,z31,19.29091936381468,0.3215153227302447,trip,3.833333333333485,
2595,1,z00,45.82499999999971,0.7637499999999952,idle,0,
2595,2,z10,47.444999999999794,0.7907499999999966,trip,3.833333333333485,
2600,0,z32,18.945919363814706,0.3157653227302451,idle,0,
2600,1,z00,45.37499999999971,0.7562499999999951,trip,17.851274623053996,
2600,2,z00,47.099999999999824,0.784999999999997,idle,0,
2605,0,z32,18.495919363814707,0.3082653227302451,trip,3.833333333333485,
2605,1,z00,44.924999999999706,0.7487499999999951,trip,12.851274623053996,
2605,2,z00,47.099999999999824,0.784999999999997,idle,0,
2610,0,z31,18.150919363814733,0.30251532273024556,idle,0,local
2610,1,z00,44.4749999999997,0.7412499999999951,trip,7.851274623053996,
2610,2,z00,46.64999999999982,0.777499999999997,trip,19.809854494164938,
2615,0,z31,18.045919363814747,0.30076532273024575,visit,15.0,local
2615,1,z00,44.0249999999997,0.733749999999995,trip,2.851274623053996,
2615,2,z00,46.19999999999982,0.769999999999997,trip,14.809854494164938,
2620,0,z31,24.43480825270389,0.4072468042117315,visit,10.0,local
2620,1,z22,43.76838528392484,0.729473088065414,idle,0,
2620,2,z00,45.749999999999815,0.762499999999997,trip,9.809854494164938,
2625,0,z31,32.768141586037224,0.5461356931006204,visit,5.0,local
2625,1,z22,43.31838528392484,0.721973088065414,trip,3.833333333333485,
2625,2,z00,45.29999999999981,0.7549999999999969,trip,4.809854494164938,
2630,0,z31,39.052030474925616,0.6508671745820936,idle,0,
2630,1,z12,42.97338528392487,0.7162230880654145,idle,0,
2630,2,z11,44.86711309552497,0.7477852182587496,idle,0,
2635,0,z31,38.60203047492561,0.6433671745820936,trip,3.833333333333485,
2635,1,z12,42.52338528392487,0.7087230880654144,trip,18.0,
2635,2,z11,44.41711309552497,0.7402852182587495,trip,10.333333333333485,
2640,0,z21,38.25703047492564,0.637617174582094,idle,0,
2640,1,z12,42.073385283924864,0.7012230880654144,trip,13.0,
2640,2,z11,43.967113095524965,0.7327852182587494,trip,5.333333333333485,
2645,0,z21,37.80703047492564,0.630117174582094,trip,13.508970644860256,
2645,1,z12,41.62338528392486,0.6937230880654144,trip,8.0,
2645,2,z11,43.51711309552496,0.7252852182587494,trip,0.3333333333334849,
2650,0,z21,37.35703047492564,0.622617174582094,trip,8.508970644860256,
2650,1,z12,41.17338528392486,0.6862230880654143,trip,3.0,
2650,2,z11,43.48711309552499,0.7247852182587499,idle,0,
2655,0,z21,36.907030474925634,0.6151171745820939,trip,3.5089706448602556,
2655,1,z20,40.903385283924855,0.6817230880654143,idle,0,
2655,2,z11,43.03711309552499,0.7172852182587498,trip,7.008970644860256,
2660,0,z31,36.59122311688821,0.6098537186148035,idle,0,
2660,1,z20,40.45338528392485,0.6742230880654142,trip,25.666666666666515,
2660,2,z11,42.587113095524984,0.7097852182587497,trip,2.0089706448602556,
2665,0,z31,36.141223116888206,0.6023537186148035,trip,7.008970644860256,
2665,1,z20,40.00338528392485,0.6667230880654141,trip,20.666666666666515,
2665,2,z20,42.406305737487564,0.7067717622914594,idle,0,
2670,0,z31,35.6912231168882,0.5948537186148034,trip,2.0089706448602556,
2670,1,z20,39.55338528392485,0.6592230880654141,trip,15.666666666666515,
2670,2,z20,41.95630573748756,0.6992717622914594,trip,7.008970644860256,
2675,0,z22,35.51041575885078,0.5918402626475131,idle,0,
2675,1,z20,39.103385283924844,0.651723088065414,trip,10.666666666666515,
2675,2,z20,41.50630573748756,0.6917717622914593,trip,2.0089706448602556,
2680,0,z22,35.06041575885078,0.584340262647513,trip,10.333333333333485,
2680,1,z20,38.65338528392484,0.6442230880654141,trip,5.666666666666515,
2680,2,z11,41.32549837945014,0.688758306324169,idle,0,
2685,0,z22,34.61041575885078,0.576840262647513,trip,5.333333333333485,
2685,1,z20,38.20338528392484,0.636723088065414,trip,0.6666666666665151,
2685,2,z11,40.875498379450136,0.681258306324169,trip,11.5,
2690,0,z22,34.160415758850775,0.5693402626475129,trip,0.3333333333334849,
2690,1,z00,38.14338528392485,0.6357230880654142,idle,0,
2690,2,z11,40.42549837945013,0.6737583063241689,trip,6.5,
2695,0,z22,34.1304157588508,0.5688402626475134,idle,0,
2695,1,z00,37.69338528392485,0.6282230880654142,trip,11.5,
2695,2,z11,39.97549837945013,0.6662583063241688,trip,1.5,
2700,0,z22,33.6804157588508,0.5613402626475134,trip,3.833333333333485,
2700,1,z00,37.243385283924844,0.6207230880654141,trip,6.5,
2700,2,z31,39.84049837945013,0.6640083063241689,idle,0,
2705,0,z12,33.33541575885083,0.5555902626475138,idle,0,
2705,1,z00,36.79338528392484,0.613223088065414,trip,1.5,
2705,2,z31,39.39049837945013,0.6565083063241688,trip,18.0,
2710,0,z12,32.885415758850826,0.5480902626475138,trip,19.809854494164938,
2710,1,z20,36.658385283924844,0.6109730880654141,idle,0,
2710,2,z31,38.940498379450126,0.6490083063241687,trip,13.0,
2715,0,z12,32.43541575885082,0.5405902626475138,trip,14.809854494164938,
2715,1,z20,36.20838528392484,0.603473088065414,trip,13.309854494164938,
2715,2,z31,38.49049837945012,0.6415083063241688,trip,8.0,
2720,0,z12,31.985415758850824,0.5330902626475137,trip,9.809854494164938,
2720,1,z20,35.75838528392484,0.5959730880654139,trip,8.309854494164938,
2720,2,z31,38.04049837945012,0.6340083063241687,trip,3.0,
2725,0,z12,31.535415758850824,0.5255902626475137,trip,4.809854494164938,
2725,1,z20,35.308385283924835,0.5884730880654139,trip,3.309854494164938,
2725,2,z21,37.77049837945012,0.6295083063241687,idle,0,
2730,0,z21,31.10252885437598,0.5183754809062663,idle,0,
2730,1,z32,35.01049837944999,0.5835083063241665,idle,0,
2730,2,z21,37.320498379450115,0.6220083063241686,trip,3.833333333333485,
2735,0,z21,30.65252885437598,0.5108754809062663,trip,3.833333333333485,
2735,1,z32,34.56049837944999,0.5760083063241664,trip,20.410795394624074,
2735,2,z22,36.975498379450144,0.6162583063241691,idle,0,local
2740,0,z31,30.307528854376006,0.5051254809062667,idle,0,
2740,1,z32,34.110498379449986,0.5685083063241664,trip,15.410795394624074,
2740,2,z22,36.870498379450154,0.6145083063241692,visit,15.0,local
2745,0,z31,29.857528854376007,0.4976254809062668,trip,13.309854494164938,
2745,1,z32,33.66049837944998,0.5610083063241664,trip,10.410795394624074,
2745,2,z22,43.259387268339296,0.7209897878056549,visit,10.0,local
2750,0,z31,29.407528854376007,0.4901254809062668,trip,8.309854494164938,
2750,1,z32,33.21049837944998,0.5535083063241664,trip,5.410795394624074,
2750,2,z22,47.89500000000026,0.7982500000000043,visit,5.0,local
2755,0,z31,28.957528854376008,0.4826254809062668,trip,3.309854494164938,
2755,1,z32,32.76049837944998,0.5460083063241663,trip,0.4107953946240741,
2755,2,z22,47.89500000000026,0.7982500000000043,idle,0,
2760,0,z12,28.659641949901165,0.4776606991650194,idle,0,local
2760,1,z01,32.72352679393381,0.5453921132322301,idle,0,local
2760,2,z22,47.89500000000026,0.7982500000000043,idle,0,
2765,0,z12,28.659641949901165,0.4776606991650194,idle,0,local
2765,1,z01,32.72352679393381,0.5453921132322301,idle,0,local
2765,2,z22,47.445000000000256,0.7907500000000043,trip,13.309854494164938,
2770,0,z12,28.209641949901165,0.4701606991650194,visit,30.666666666666515,local
2770,1,z01,32.273526793933804,0.5378921132322301,visit,46.0,local
2770,2,z22,46.99500000000025,0.7832500000000042,trip,8.309854494164938,
2775,0,z12,27.759641949901166,0.46266069916501945,visit,25.666666666666515,local
2775,1,z01,31.823526793933805,0.5303921132322301,visit,41.0,local
2775,2,z22,46.54500000000025,0.7757500000000042,trip,3.309854494164938,
2780,0,z12,27.309641949901167,0.45516069916501944,visit,20.666666666666515,local
2780,1,z01,31.373526793933806,0.5228921132322301,visit,36.0,local
2780,2,z30,46.24711309552541,0.7707852182587568,idle,0,
2785,0,z12,27.27964194990115,0.45466069916501917,visit,15.666666666666515,local
2785,1,z01,30.923526793933807,0.5153921132322301,visit,31.0,local
2785,2,z30,46.24711309552541,0.7707852182587568,idle,0,
2790,0,z12,26.859641949901164,0.4476606991650194,visit,10.666666666666515,local
2790,1,z01,30.653526793933807,0.5108921132322302,visit,26.0,local
2790,2,z30,45.797113095525404,0.7632852182587567,trip,13.309854494164938,
2795,0,z12,26.409641949901165,0.44016069916501943,visit,5.666666666666515,local
2795,1,z01,30.473526793933807,0.5078921132322302,visit,21.0,local
2795,2,z30,45.3471130955254,0.7557852182587567,trip,8.309854494164938,
2800,0,z12,25.959641949901165,0.4326606991650194,visit,0.6666666666665151,local
2800,1,z01,30.023526793933808,0.5003921132322301,visit,16.0,local
2800,2,z30,44.8971130955254,0.7482852182587566,trip,3.309854494164938,
2805,0,z12,25.899641949901138,0.431660699165019,idle,0,
2805,1,z01,29.57352679393381,0.49289211323223014,visit,11.0,local
2805,2,z22,44.599226191050555,0.7433204365175092,idle,0,
2810,0,z12,25.44964194990114,0.424160699165019,visit,15.0,
2810,1,z01,29.12352679393381,0.48539211323223014,visit,6.0,local
2810,2,z22,44.14922619105055,0.7358204365175092,trip,3.833333333333485,
2815,0,z12,25.76519750545696,0.42941995842428266,visit,10.0,
2815,1,z01,28.67352679393381,0.4778921132322302,visit,1.0,local
2815,2,z12,43.80422619105058,0.7300704365175097,idle,0,
2820,0,z12,29.41408639434532,0.49023477323908865,visit,5.0,
2820,1,z01,28.58352679393381,0.4763921132322302,idle,0,
2820,2,z12,43.35422619105058,0.7225704365175096,trip,10.333333333333485,
2825,0,z12,28.964086394345358,0.4827347732390893,idle,0,
2825,1,z01,28.58352679393381,0.4763921132322302,idle,0,
2825,2,z12,42.904226191050576,0.7150704365175096,trip,5.333333333333485,
2830,0,z12,28.964086394345358,0.4827347732390893,idle,0,
2830,1,z01,28.13352679393381,0.4688921132322302,visit,15.0,
2830,2,z12,42.45422619105057,0.7075704365175095,trip,0.3333333333334849,
2835,0,z12,28.51408639434536,0.4752347732390893,trip,11.5,
2835,1,z01,28.449082349489633,0.47415137249149386,visit,10.0,
2835,2,z10,42.4242261910506,0.70707043651751,idle,0,
2840,0,z12,28.06408639434536,0.46773477323908935,trip,6.5,
2840,1,z01,32.09797123837799,0.5349661873062997,visit,5.0,
2840,2,z10,42.4242261910506,0.70707043651751,idle,0,
2845,0,z12,27.61408639434536,0.46023477323908935,trip,1.5,
2845,1,z01,31.647971238378027,0.5274661873063005,idle,0,
2845,2,z10,41.9742261910506,0.6995704365175099,trip,11.5,
2850,0,z32,27.47908639434536,0.4579847732390893,idle,0,
2850,1,z01,31.197971238378027,0.5199661873063005,visit,15.0,
2850,2,z10,41.524226191050595,0.6920704365175099,trip,6.5,
2855,0,z32,30.429641949901182,0.5071606991650197,visit,15.0,
2855,1,z01,31.51352679393385,0.5252254465655641,visit,10.0,
2855,2,z10,41.07422619105059,0.6845704365175098,trip,1.5,
2860,0,z32,38.76297528323452,0.6460495880539087,visit,10.0,
2860,1,z01,35.1624156828222,0.58604026138037,visit,5.0,
2860,2,z30,40.939226191050594,0.6823204365175098,idle,0,
2865,0,z32,47.09630861656785,0.7849384769427975,visit,5.0,
2865,1,z01,34.71241568282224,0.5785402613803706,idle,0,
2865,2,z30,40.939226191050594,0.6823204365175098,idle,0,
2870,0,z32,47.89500000000035,0.7982500000000059,idle,0,
2870,1,z01,34.26241568282224,0.5710402613803706,visit,15.0,
2870,2,z30,40.48922619105059,0.6748204365175099,trip,13.309854494164938,
2875,0,z32,47.89500000000035,0.7982500000000059,idle,0,
2875,1,z01,34.577971238378055,0.5762995206396343,visit,10.0,
2875,2,z30,40.03922619105059,0.6673204365175098,trip,8.309854494164938,
2880,0,z32,47.44500000000035,0.7907500000000058,trip,13.309854494164938,
2880,1,z01,38.226860127266406,0.6371143354544401,visit,5.0,
2880,2,z30,39.589226191050585,0.6598204365175098,trip,3.309854494164938,
2885,0,z32,46.995000000000346,0.7832500000000058,trip,8.309854494164938,
2885,1,z01,37.776860127266445,0.6296143354544408,idle,0,
2885,2,z11,39.29133928657574,0.6548556547762624,idle,0,
2890,0,z32,46.54500000000034,0.7757500000000057,trip,3.309854494164938,
2890,1,z01,37.32686012726644,0.6221143354544407,visit,15.0,
2890,2,z11,39.29133928657574,0.6548556547762624,idle,0,
2895,0,z20,46.2471130955255,0.7707852182587583,idle,0,
2895,1,z01,37.64241568282226,0.6273735947137044,visit,10.0,
2895,2,z11,39.29133928657574,0.6548556547762624,idle,0,
2900,0,z20,45.797113095525496,0.7632852182587583,trip,13.309854494164938,
2900,1,z01,41.29130457171061,0.6881884095285102,visit,5.0,
2900,2,z11,39.29133928657574,0.6548556547762624,idle,0,
2905,0,z20,45.34711309552549,0.7557852182587582,trip,8.309854494164938,
2905,1,z01,40.84130457171065,0.6806884095285108,idle,0,
2905,2,z11,38.84133928657574,0.6473556547762623,trip,11.5,
2910,0,z20,44.89711309552549,0.7482852182587582,trip,3.309854494164938,
2910,1,z01,40.84130457171065,0.6806884095285108,idle,0,
2910,2,z11,38.391339286575736,0.6398556547762623,trip,6.5,
2915,0,z01,44.59922619105065,0.7433204365175108,idle,0,
2915,1,z01,40.39130457171065,0.6731884095285108,trip,13.309854494164938,
2915,2,z11,37.94133928657573,0.6323556547762622,trip,1.5,
2920,0,z01,44.59922619105065,0.7433204365175108,idle,0,
2920,1,z01,39.941304571710646,0.6656884095285107,trip,8.309854494164938,
2920,2,z31,37.806339286575735,0.6301056547762622,idle,0,
2925,0,z01,44.59922619105065,0.7433204365175108,idle,0,
2925,1,z01,39.49130457171064,0.6581884095285108,trip,3.309854494164938,
2925,2,z31,37.35633928657573,0.6226056547762622,trip,3.833333333333485,
2930,0,z01,44.59922619105065,0.7433204365175108,idle,0,
2930,1,z22,39.1934176672358,0.6532236277872633,idle,0,
2930,2,z32,37.01133928657576,0.6168556547762627,idle,0,central
2935,0,z01,44.59922619105065,0.7433204365175108,idle,0,
2935,1,z22,39.1934176672358,0.6532236277872633,idle,0,
2935,2,z32,36.56133928657576,0.6093556547762626,visit,52.666666666666515,central
2940,0,z01,44.59922619105065,0.7433204365175108,idle,0,
2940,1,z22,39.1934176672358,0.6532236277872633,idle,0,
2940,2,z32,36.111339286575756,0.6018556547762626,visit,47.666666666666515,central
2945,0,z01,44.59922619105065,0.7433204365175108,idle,0,
2945,1,z22,39.1934176672358,0.6532236277872633,idle,0,
2945,2,z32,35.66133928657575,0.5943556547762625,visit,42.666666666666515,central
2950,0,z01,44.59922619105065,0.7433204365175108,idle,0,
2950,1,z22,39.1934176672358,0.6532236277872633,idle,0,
2950,2,z32,35.63133928657574,0.5938556547762623,visit,37.666666666666515,central
2955,0,z01,44.59922619105065,0.7433204365175108,idle,0,
2955,1,z22,39.1934176672358,0.6532236277872633,idle,0,
2955,2,z32,35.63133928657574,0.5938556547762623,visit,32.666666666666515,central
2960,0,z01,44.59922619105065,0.7433204365175108,idle,0,
2960,1,z22,38.743417667235796,0.6457236277872632,trip,7.008970644860256,
2960,2,z32,35.63133928657574,0.5938556547762623,visit,27.666666666666515,central
2965,0,z01,44.59922619105065,0.7433204365175108,idle,0,
2965,1,z22,38.29341766723579,0.6382236277872633,trip,2.0089706448602556,
2965,2,z32,35.63133928657574,0.5938556547762623,visit,22.666666666666515,central
2970,0,z01,44.59922619105065,0.7433204365175108,idle,0,
2970,1,z31,38.112610309198374,0.6352101718199729,idle,0,
2970,2,z32,35.63133928657574,0.5938556547762623,visit,17.666666666666515,central
2975,0,z01,44.59922619105065,0.7433204365175108,idle,0,
2975,1,z31,37.66261030919837,0.6277101718199728,trip,20.410795394624074,
2975,2,z32,35.39133928657575,0.5898556547762625,visit,12.666666666666515,central
2980,0,z01,44.59922619105065,0.7433204365175108,idle,0,
2980,1,z31,37.21261030919837,0.6202101718199728,trip,15.410795394624074,
2980,2,z32,34.94133928657575,0.5823556547762625,visit,7.666666666666515,central
2985,0,z01,44.59922619105065,0.7433204365175108,idle,0,
2985,1,z31,36.762610309198365,0.6127101718199728,trip,10.410795394624074,
2985,2,z32,34.491339286575744,0.5748556547762624,visit,2.666666666666515,central
2990,0,z01,44.59922619105065,0.7433204365175108,idle,0,
2990,1,z31,36.31261030919836,0.6052101718199727,trip,5.410795394624074,
2990,2,z32,34.251339286575714,0.5708556547762619,idle,0,
2995,0,z01,44.59922619105065,0.7433204365175108,idle,0,
2995,1,z31,35.86261030919836,0.5977101718199727,trip,0.4107953946240741,
2995,2,z32,33.80133928657571,0.5633556547762618,trip,7.008970644860256,
3000,0,z01,44.149226191050644,0.7358204365175107,trip,13.309854494164938,
3000,1,z02,35.82563872368219,0.5970939787280365,idle,0,
3000,2,z32,33.35133928657571,0.5558556547762618,trip,2.0089706448602556,
3005,0,z01,43.69922619105064,0.7283204365175107,trip,8.309854494164938,
3005,1,z02,35.82563872368219,0.5970939787280365,idle,0,
3005,2,z21,33.17053192853829,0.5528421988089715,idle,0,
3010,0,z01,43.24922619105064,0.7208204365175106,trip,3.309854494164938,
3010,1,z02,35.37563872368219,0.5895939787280364,trip,17.851274623053996,
3010,2,z21,36.121087484094105,0.6020181247349018,visit,15.0,
3015,0,z20,42.951339286575795,0.7158556547762632,idle,0,
3015,1,z02,34.925638723682184,0.5820939787280364,trip,12.851274623053996,
3015,2,z21,44.45442081742744,0.7409070136237906,visit,10.0,
3020,0,z20,42.951339286575795,0.7158556547762632,idle,0,
3020,1,z02,34.47563872368218,0.5745939787280363,trip,7.851274623053996,
3020,2,z21,47.89500000000011,0.7982500000000018,visit,5.0,
3025,0,z20,42.951339286575795,0.7158556547762632,idle,0,
3025,1,z02,34.02563872368218,0.5670939787280364,trip,2.851274623053996,
3025,2,z21,47.89500000000011,0.7982500000000018,idle,0,
3030,0,z20,42.951339286575795,0.7158556547762632,idle,0,
3030,1,z20,33.76902400760732,0.5628170667934553,idle,0,
3030,2,z21,47.44500000000011,0.7907500000000017,trip,3.833333333333485,
3035,0,z20,42.50133928657579,0.7083556547762632,trip,3.833333333333485,
3035,1,z20,33.31902400760732,0.5553170667934553,visit,15.0,
3035,2,z31,47.100000000000136,0.7850000000000023,idle,0,
3040,0,z10,42.15633928657582,0.7026056547762637,idle,0,
3040,1,z20,33.634579563163136,0.5605763260527189,visit,10.0,
3040,2,z31,47.100000000000136,0.7850000000000023,idle,0,
3045,0,z10,42.15633928657582,0.7026056547762637,idle,0,
3045,1,z20,37.28346845205149,0.6213911408675248,visit,5.0,
3045,2,z31,47.100000000000136,0.7850000000000023,idle,0,
3050,0,z10,42.15633928657582,0.7026056547762637,idle,0,
3050,1,z20,36.83346845205153,0.6138911408675255,idle,0,
3050,2,z31,47.100000000000136,0.7850000000000023,idle,0,
3055,0,z10,42.15633928657582,0.7026056547762637,idle,0,
3055,1,z20,36.383468452051524,0.6063911408675254,visit,15.0,
3055,2,z31,46.650000000000134,0.7775000000000022,trip,7.008970644860256,
3060,0,z10,42.15633928657582,0.7026056547762637,idle,0,
3060,1,z20,36.69902400760734,0.6116504001267891,visit,10.0,
3060,2,z31,46.20000000000013,0.7700000000000021,trip,2.0089706448602556,
3065,0,z10,42.15633928657582,0.7026056547762637,idle,0,
3065,1,z20,40.34791289649569,0.6724652149415948,visit,5.0,
3065,2,z22,46.01919264196271,0.7669865440327118,idle,0,
3070,0,z10,42.15633928657582,0.7026056547762637,idle,0,
3070,1,z20,39.89791289649573,0.6649652149415956,idle,0,
3070,2,z22,46.01919264196271,0.7669865440327118,idle,0,
3075,0,z10,42.15633928657582,0.7026056547762637,idle,0,
3075,1,z20,39.89791289649573,0.6649652149415956,idle,0,
3075,2,z22,45.56919264196271,0.7594865440327118,trip,11.5,
3080,0,z10,42.15633928657582,0.7026056547762637,idle,0,
3080,1,z20,39.89791289649573,0.6649652149415956,idle,0,
3080,2,z22,45.119192641962705,0.7519865440327117,trip,6.5,
3085,0,z10,42.15633928657582,0.7026056547762637,idle,0,
3085,1,z20,39.89791289649573,0.6649652149415956,idle,0,
3085,2,z22,44.6691926419627,0.7444865440327118,trip,1.5,
3090,0,z10,42.15633928657582,0.7026056547762637,idle,0,
3090,1,z20,39.44791289649573,0.6574652149415955,trip,11.5,
3090,2,z20,44.534192641962704,0.7422365440327118,idle,0,
3095,0,z10,42.15633928657582,0.7026056547762637,idle,0,
3095,1,z20,38.99791289649573,0.6499652149415954,trip,6.5,
3095,2,z20,44.534192641962704,0.7422365440327118,idle,0,
3100,0,z10,41.70633928657582,0.6951056547762636,trip,3.833333333333485,
3100,1,z20,38.547912896495724,0.6424652149415954,trip,1.5,
3100,2,z20,44.534192641962704,0.7422365440327118,idle,0,
3105,0,z20,41.36133928657585,0.6893556547762641,idle,0,
3105,1,z22,38.412912896495726,0.6402152149415954,idle,0,
3105,2,z20,44.534192641962704,0.7422365440327118,idle,0,
3110,0,z20,40.911339286575846,0.6818556547762641,trip,13.309854494164938,
3110,1,z22,41.36346845205154,0.6893911408675257,visit,15.0,
3110,2,z20,44.534192641962704,0.7422365440327118,idle,0,
3115,0,z20,40.46133928657584,0.674355654776264,trip,8.309854494164938,
3115,1,z22,47.90837270358929,0.7984728783931548,visit,10.0,
3115,2,z20,44.534192641962704,0.7422365440327118,idle,0,
3120,0,z20,40.01133928657584,0.666855654776264,trip,3.309854494164938,
3120,1,z22,47.89500000000009,0.7982500000000015,visit,5.0,
3120,2,z20,44.534192641962704,0.7422365440327118,idle,0,
3125,0,z32,39.713452382100996,0.6618908730350166,idle,0,
3125,1,z22,47.89500000000009,0.7982500000000015,idle,0,
3125,2,z20,44.0841926419627,0.7347365440327117,trip,3.833333333333485,
3130,0,z32,39.713452382100996,0.6618908730350166,idle,0,
3130,1,z22,47.89500000000009,0.7982500000000015,idle,0,
3130,2,z21,43.73919264196273,0.7289865440327122,idle,0,
3135,0,z32,39.713452382100996,0.6618908730350166,idle,0,
3135,1,z22,47.89500000000009,0.7982500000000015,idle,0,
3135,2,z21,43.73919264196273,0.7289865440327122,idle,0,
3140,0,z32,39.713452382100996,0.6618908730350166,idle,0,
3140,1,z22,47.445000000000086,0.7907500000000014,trip,3.833333333333485,
3140,2,z21,43.73919264196273,0.7289865440327122,idle,0,
3145,0,z32,39.26345238210099,0.6543908730350165,trip,3.833333333333485,
3145,1,z32,47.100000000000115,0.7850000000000019,idle,0,
3145,2,z21,43.73919264196273,0.7289865440327122,idle,0,
3150,0,z31,38.91845238210102,0.648640873035017,idle,0,local
3150,1,z32,47.100000000000115,0.7850000000000019,idle,0,
3150,2,z21,43.73919264196273,0.7289865440327122,idle,0,
3155,0,z31,38.81345238210103,0.6468908730350172,visit,15.0,local
3155,1,z32,47.100000000000115,0.7850000000000019,idle,0,
3155,2,z21,43.73919264196273,0.7289865440327122,idle,0,
3160,0,z31,45.202341270990175,0.7533723545165029,visit,10.0,local
3160,1,z32,47.100000000000115,0.7850000000000019,idle,0,
3160,2,z21,43.28919264196273,0.7214865440327122,trip,11.5,
3165,0,z31,47.89499999999971,0.7982499999999952,visit,5.0,local
3165,1,z32,46.65000000000011,0.7775000000000019,trip,13.309854494164938,
3165,2,z21,42.839192641962725,0.7139865440327121,trip,6.5,
3170,0,z31,47.89499999999971,0.7982499999999952,idle,0,
3170,1,z32,46.20000000000011,0.7700000000000018,trip,8.309854494164938,
3170,2,z21,42.38919264196272,0.706486544032712,trip,1.5,
3175,0,z31,47.44499999999971,0.7907499999999952,trip,7.008970644860256,
3175,1,z32,45.75000000000011,0.7625000000000017,trip,3.309854494164938,
3175,2,z01,42.254192641962725,0.7042365440327121,idle,0,
3180,0,z31,46.994999999999706,0.7832499999999951,trip,2.0089706448602556,
3180,1,z20,45.45211309552526,0.7575352182587544,idle,0,
3180,2,z01,42.254192641962725,0.7042365440327121,idle,0,
3185,0,z20,46.814192641962286,0.7802365440327048,idle,0,
3185,1,z20,45.45211309552526,0.7575352182587544,idle,0,
3185,2,z01,42.254192641962725,0.7042365440327121,idle,0,
3190,0,z20,46.814192641962286,0.7802365440327048,idle,0,
3190,1,z20,45.45211309552526,0.7575352182587544,idle,0,
3190,2,z01,42.254192641962725,0.7042365440327121,idle,0,
3195,0,z20,46.36419264196228,0.7727365440327048,trip,13.309854494164938,
3195,1,z20,45.45211309552526,0.7575352182587544,idle,0,
3195,2,z01,42.254192641962725,0.7042365440327121,idle,0,
3200,0,z20,45.91419264196228,0.7652365440327047,trip,8.309854494164938,
3200,1,z20,45.00211309552526,0.7500352182587543,trip,7.008970644860256,
3200,2,z01,42.254192641962725,0.7042365440327121,idle,0,
3205,0,z20,45.46419264196228,0.7577365440327046,trip,3.309854494164938,
3205,1,z20,44.55211309552526,0.7425352182587542,trip,2.0089706448602556,
3205,2,z01,42.254192641962725,0.7042365440327121,idle,0,
3210,0,z12,45.166305737487434,0.7527717622914573,idle,0,
3210,1,z11,44.37130573748784,0.7395217622914639,idle,0,local
3210,2,z01,42.254192641962725,0.7042365440327121,idle,0,
3215,0,z12,45.166305737487434,0.7527717622914573,idle,0,
3215,1,z11,44.26630573748785,0.7377717622914641,visit,15.0,local
3215,2,z01,41.80419264196272,0.696736544032712,trip,13.309854494164938,
3220,0,z12,45.166305737487434,0.7527717622914573,idle,0,
3220,1,z11,47.894999999999875,0.7982499999999979,visit,10.0,local
3220,2,z01,41.35419264196272,0.689236544032712,trip,8.309854494164938,
3225,0,z12,45.166305737487434,0.7527717622914573,idle,0,
3225,1,z11,47.894999999999875,0.7982499999999979,visit,5.0,local
3225,2,z01,40.904192641962716,0.6817365440327119,trip,3.309854494164938,
3230,0,z12,45.166305737487434,0.7527717622914573,idle,0,
3230,1,z11,47.894999999999875,0.7982499999999979,idle,0,
3230,2,z22,40.60630573748787,0.6767717622914645,idle,0,
3235,0,z12,45.166305737487434,0.7527717622914573,idle,0,
3235,1,z11,47.894999999999875,0.7982499999999979,idle,0,
3235,2,z22,40.15630573748787,0.6692717622914645,trip,11.5,
3240,0,z12,44.71630573748743,0.7452717622914572,trip,17.851274623053996,
3240,1,z11,47.894999999999875,0.7982499999999979,idle,0,
3240,2,z22,39.70630573748787,0.6617717622914644,trip,6.5,
3245,0,z12,44.26630573748743,0.7377717622914571,trip,12.851274623053996,
3245,1,z11,47.44499999999987,0.7907499999999978,trip,13.309854494164938,
3245,2,z22,39.256305737487864,0.6542717622914644,trip,1.5,
3250,0,z12,43.816305737487426,0.7302717622914571,trip,7.851274623053996,
3250,1,z11,46.99499999999987,0.7832499999999978,trip,8.309854494164938,
3250,2,z02,39.121305737487866,0.6520217622914645,idle,0,local
3255,0,z12,43.36630573748742,0.722771762291457,trip,2.851274623053996,
3255,1,z11,46.54499999999987,0.7757499999999978,trip,3.309854494164938,
3255,2,z02,38.67130573748786,0.6445217622914644,visit,21.68460795638748,local
3260,0,z30,43.109691021412566,0.7184948503568761,idle,0,
3260,1,z32,46.24711309552502,0.7707852182587503,idle,0,
3260,2,z02,38.22130573748786,0.6370217622914643,visit,16.68460795638748,local
3265,0,z30,42.65969102141256,0.710994850356876,trip,3.833333333333485,
3265,1,z32,46.24711309552502,0.7707852182587503,idle,0,
3265,2,z02,38.14549837945042,0.6357583063241737,visit,11.684607956387481,local
3270,0,z31,42.31469102141259,0.7052448503568766,idle,0,
3270,1,z32,45.79711309552502,0.7632852182587503,trip,13.309854494164938,
3270,2,z02,37.77130573748786,0.6295217622914643,visit,6.684607956387481,local
3275,0,z31,41.86469102141259,0.6977448503568765,trip,3.833333333333485,
3275,1,z32,45.34711309552502,0.7557852182587503,trip,8.309854494164938,
3275,2,z02,37.321305737487855,0.6220217622914642,visit,1.684607956387481,local
3280,0,z32,41.51969102141262,0.691994850356877,idle,0,
3280,1,z32,44.897113095525015,0.7482852182587503,trip,3.309854494164938,
3280,2,z02,37.16969102141298,0.619494850356883,idle,0,
3285,0,z32,41.069691021412616,0.684494850356877,trip,7.008970644860256,
3285,1,z11,44.59922619105017,0.7433204365175029,idle,0,
3285,2,z02,37.16969102141298,0.619494850356883,idle,0,
3290,0,z32,40.61969102141261,0.6769948503568769,trip,2.0089706448602556,
3290,1,z11,44.14922619105017,0.7358204365175028,trip,11.5,
3290,2,z02,37.16969102141298,0.619494850356883,idle,0,
3295,0,z21,40.438883663375194,0.6739813943895866,idle,0,
3295,1,z11,43.699226191050165,0.7283204365175028,trip,6.5,
3295,2,z02,37.16969102141298,0.619494850356883,idle,0,
3300,0,z21,39.98888366337519,0.6664813943895865,trip,3.833333333333485,
3300,1,z11,43.24922619105016,0.7208204365175027,trip,1.5,
3300,2,z02,37.16969102141298,0.619494850356883,idle,0,
3305,0,z20,39.64388366337522,0.6607313943895871,idle,0,
3305,1,z31,43.114226191050165,0.7185704365175027,idle,0,
3305,2,z02,36.71969102141298,0.611994850356883,trip,18.0,
3310,0,z20,39.19388366337522,0.653231394389587,trip,7.008970644860256,
3310,1,z31,42.66422619105016,0.7110704365175027,trip,7.008970644860256,
3310,2,z02,36.269691021412974,0.6044948503568829,trip,13.0,
3315,0,z20,38.743883663375215,0.6457313943895869,trip,2.0089706448602556,
3315,1,z31,42.21422619105016,0.7035704365175026,trip,2.0089706448602556,
3315,2,z02,35.81969102141297,0.5969948503568828,trip,8.0,
3320,0,z31,38.563076305337795,0.6427179384222966,idle,0,local
3320,1,z20,42.03341883301274,0.7005569805502123,idle,0,
3320,2,z02,35.36969102141297,0.5894948503568828,trip,3.0,
3325,0,z31,38.458076305337805,0.6409679384222967,visit,15.0,local
3325,1,z20,41.583418833012736,0.6930569805502123,trip,19.809854494164938,
3325,2,z32,35.099691021412966,0.5849948503568828,idle,0,
3330,0,z31,44.84696519422695,0.7474494199037824,visit,10.0,local
3330,1,z20,41.13341883301273,0.6855569805502122,trip,14.809854494164938,
3330,2,z32,34.64969102141296,0.5774948503568827,trip,13.309854494164938,
3335,0,z31,47.89500000000009,0.7982500000000015,visit,5.0,local
3335,1,z20,40.68341883301273,0.6780569805502121,trip,9.809854494164938,
3335,2,z32,34.19969102141296,0.5699948503568827,trip,8.309854494164938,
3340,0,z31,47.89500000000009,0.7982500000000015,idle,0,
3340,1,z20,40.23341883301273,0.6705569805502122,trip,4.809854494164938,
3340,2,z32,33.74969102141296,0.5624948503568826,trip,3.309854494164938,
3345,0,z31,47.445000000000086,0.7907500000000014,trip,13.508970644860256,
3345,1,z02,39.800531928537886,0.6633421988089647,idle,0,
3345,2,z20,33.45180411693811,0.5575300686156353,idle,0,
3350,0,z31,46.99500000000008,0.7832500000000013,trip,8.508970644860256,
3350,1,z02,39.35053192853788,0.6558421988089648,trip,20.410795394624074,
3350,2,z20,33.00180411693811,0.5500300686156352,trip,10.333333333333485,
3355,0,z31,46.54500000000008,0.7757500000000014,trip,3.5089706448602556,
3355,1,z02,38.90053192853788,0.6483421988089647,trip,15.410795394624074,
3355,2,z20,32.55180411693811,0.5425300686156351,trip,5.333333333333485,
3360,0,z30,46.229192641962655,0.7704865440327109,idle,0,
3360,1,z02,38.45053192853788,0.6408421988089646,trip,10.410795394624074,
3360,2,z20,32.101804116938105,0.5350300686156351,trip,0.3333333333334849,
3365,0,z30,45.77919264196265,0.7629865440327108,trip,13.508970644860256,
3365,1,z02,38.000531928537875,0.6333421988089646,trip,5.410795394624074,
3365,2,z20,32.07180411693813,0.5345300686156356,idle,0,
3370,0,z30,45.32919264196265,0.7554865440327109,trip,8.508970644860256,
3370,1,z02,37.55053192853787,0.6258421988089645,trip,0.4107953946240741,
3370,2,z20,31.621804116938133,0.5270300686156355,trip,13.508970644860256,
3375,0,z30,44.879192641962646,0.7479865440327108,trip,3.5089706448602556,
3375,1,z31,37.5135603430217,0.6252260057170284,idle,0,
3375,2,z20,31.17180411693813,0.5195300686156356,trip,8.508970644860256,
3380,0,z31,44.56338528392522,0.7427230880654203,idle,0,
3380,1,z31,37.0635603430217,0.6177260057170283,trip,13.508970644860256,
3380,2,z20,30.72180411693813,0.5120300686156355,trip,3.5089706448602556,
3385,0,z31,44.11338528392522,0.7352230880654204,trip,3.833333333333485,
3385,1,z31,36.613560343021696,0.6102260057170282,trip,8.508970644860256,
3385,2,z12,30.40599675890071,0.5067666126483451,idle,0,
3390,0,z32,43.76838528392525,0.7294730880654208,idle,0,
3390,1,z31,36.16356034302169,0.6027260057170282,trip,3.5089706448602556,
3390,2,z12,29.95599675890071,0.49926661264834515,trip,19.809854494164938,
3395,0,z32,43.318385283925245,0.7219730880654207,trip,3.833333333333485,
3395,1,z21,35.84775298498427,0.5974625497497378,idle,0,
3395,2,z12,29.505996758900707,0.49176661264834515,trip,14.809854494164938,
3400,0,z31,42.973385283925275,0.7162230880654212,idle,0,
3400,1,z21,35.397752984984265,0.5899625497497377,trip,10.333333333333485,
3400,2,z12,29.055996758900708,0.48426661264834514,trip,9.809854494164938,
3405,0,z31,42.52338528392527,0.7087230880654212,trip,11.5,
3405,1,z21,34.94775298498426,0.5824625497497377,trip,5.333333333333485,
3405,2,z12,28.60599675890071,0.47676661264834513,trip,4.809854494164938,
3410,0,z31,42.07338528392527,0.7012230880654211,trip,6.5,
3410,1,z21,34.49775298498426,0.5749625497497377,trip,0.3333333333334849,
3410,2,z32,28.173109854425864,0.46955183090709773,idle,0,
3415,0,z31,41.623385283925266,0.6937230880654212,trip,1.5,
3415,1,z21,34.46775298498429,0.5744625497497381,idle,0,local
3415,2,z32,27.723109854425864,0.4620518309070977,trip,21.175637311527225,
3420,0,z11,41.48838528392527,0.6914730880654212,idle,0,
3420,1,z21,34.3627529849843,0.5727125497497383,visit,15.0,local
3420,2,z32,27.273109854425865,0.4545518309070978,trip,16.175637311527225,
3425,0,z11,41.038385283925265,0.6839730880654211,trip,19.809854494164938,
3425,1,z21,40.75164187387344,0.679194031231224,visit,10.0,local
3425,2,z32,26.823109854425866,0.44705183090709777,trip,11.175637311527225,
3430,0,z11,40.58838528392526,0.6764730880654211,trip,14.809854494164938,
3430,1,z21,47.94141133881086,0.7990235223135144,visit,5.0,local
3430,2,z32,26.373109854425863,0.4395518309070977,trip,6.175637311527225,
3435,0,z11,40.13838528392526,0.668973088065421,trip,9.809854494164938,
3435,1,z21,47.89500000000004,0.7982500000000007,idle,0,
3435,2,z32,25.923109854425864,0.4320518309070977,trip,1.1756373115272254,
3440,0,z11,39.68838528392526,0.6614730880654209,trip,4.809854494164938,
3440,1,z21,47.445000000000036,0.7907500000000006,trip,18.0,
3440,2,z21,25.817302496388415,0.43028837493980693,idle,0,
3445,0,z22,39.255498379450415,0.6542583063241736,idle,0,
3445,1,z21,46.99500000000003,0.7832500000000006,trip,13.0,
3445,2,z21,25.367302496388415,0.4227883749398069,trip,18.0,
3450,0,z22,38.80549837945041,0.6467583063241735,trip,26.910795394624074,
3450,1,z21,46.54500000000003,0.7757500000000005,trip,8.0,
3450,2,z21,24.917302496388412,0.41528837493980686,trip,13.0,
3455,0,z22,38.35549837945041,0.6392583063241735,trip,21.910795394624074,
3455,1,z21,46.09500000000003,0.7682500000000004,trip,3.0,
3455,2,z21,24.467302496388413,0.4077883749398069,trip,8.0,
3460,0,z22,37.90549837945041,0.6317583063241734,trip,16.910795394624074,
3460,1,z31,45.825000000000024,0.7637500000000004,idle,0,
3460,2,z21,24.017302496388414,0.4002883749398069,trip,3.0,
3465,0,z22,37.455498379450404,0.6242583063241735,trip,11.910795394624074,
3465,1,z31,45.37500000000002,0.7562500000000003,trip,18.0,
3465,2,z22,23.747302496388414,0.3957883749398069,idle,0,
3470,0,z22,37.0054983794504,0.6167583063241734,trip,6.910795394624074,
3470,1,z31,44.92500000000002,0.7487500000000004,trip,13.0,
3470,2,z22,26.697858051944237,0.4449643008657373,visit,15.0,
3475,0,z22,36.5554983794504,0.6092583063241733,trip,1.910795394624074,
3475,1,z31,44.475000000000016,0.7412500000000003,trip,8.0,
3475,2,z22,35.03119138527757,0.5838531897546262,visit,10.0,
3480,0,z01,36.38352679393423,0.6063921132322372,idle,0,
3480,1,z31,44.02500000000001,0.7337500000000002,trip,3.0,
3480,2,z22,43.36452471861091,0.7227420786435151,visit,5.0,
3485,0,z01,35.93352679393423,0.5988921132322371,trip,11.5,
3485,1,z32,43.75500000000001,0.7292500000000002,idle,0,
3485,2,z22,47.89500000000029,0.7982500000000048,idle,0,
3490,0,z01,35.483526793934224,0.5913921132322371,trip,6.5,
3490,1,z32,43.30500000000001,0.7217500000000001,trip,3.833333333333485,
3490,2,z22,47.445000000000285,0.7907500000000047,trip,7.008970644860256,
3495,0,z01,35.03352679393422,0.583892113232237,trip,1.5,
3495,1,z31,42.960000000000036,0.7160000000000006,idle,0,
3495,2,z22,46.99500000000028,0.7832500000000047,trip,2.0089706448602556,
3500,0,z21,34.898526793934224,0.581642113232237,idle,0,local
3500,1,z31,42.51000000000003,0.7085000000000006,trip,20.410795394624074,
3500,2,z31,46.81419264196286,0.7802365440327144,idle,0,local
3505,0,z21,34.793526793934234,0.5798921132322372,visit,15.0,local
3505,1,z31,42.06000000000003,0.7010000000000005,trip,15.410795394624074,
3505,2,z31,46.81419264196286,0.7802365440327144,idle,0,local
3510,0,z21,41.182415682823375,0.686373594713723,visit,10.0,local
3510,1,z31,41.61000000000003,0.6935000000000004,trip,10.410795394624074,
3510,2,z31,46.81419264196286,0.7802365440327144,idle,0,local
3515,0,z21,47.9181495531277,0.7986358258854617,visit,5.0,local
3515,1,z31,41.160000000000025,0.6860000000000004,trip,5.410795394624074,
3515,2,z31,46.70919264196287,0.7784865440327146,visit,15.0,local
3520,0,z21,47.89500000000017,0.7982500000000028,idle,0,
3520,1,z31,40.71000000000002,0.6785000000000003,trip,0.4107953946240741,
3520,2,z31,47.89500000000019,0.7982500000000031,visit,10.0,local
3525,0,z21,47.445000000000164,0.7907500000000027,trip,10.333333333333485,
3525,1,z00,40.67302841448385,0.6778838069080642,idle,0,
3525,2,z31,47.89500000000019,0.7982500000000031,visit,5.0,local
3530,0,z21,46.99500000000016,0.7832500000000027,trip,5.333333333333485,
3530,1,z00,40.22302841448385,0.6703838069080642,trip,19.809854494164938,
3530,2,z31,47.89500000000019,0.7982500000000031,idle,0,
3535,0,z21,46.54500000000016,0.7757500000000026,trip,0.3333333333334849,
3535,1,z00,39.773028414483846,0.6628838069080641,trip,14.809854494164938,
3535,2,z31,47.445000000000185,0.7907500000000031,trip,7.008970644860256,
3540,0,z32,46.515000000000185,0.7752500000000031,idle,0,
3540,1,z00,39.323028414483844,0.6553838069080641,trip,9.809854494164938,
3540,2,z31,46.99500000000018,0.783250000000003,trip,2.0089706448602556,
3545,0,z32,46.06500000000018,0.767750000000003,trip,3.833333333333485,
3545,1,z00,38.87302841448384,0.647883806908064,trip,4.809854494164938,
3545,2,z22,46.81419264196276,0.7802365440327127,idle,0,
3550,0,z31,45.72000000000021,0.7620000000000036,idle,0,
3550,1,z20,38.440141510009,0.6406690251668167,idle,0,
3550,2,z22,46.36419264196276,0.7727365440327126,trip,3.833333333333485,
3555,0,z31,45.27000000000021,0.7545000000000035,trip,13.508970644860256,
3555,1,z20,37.990141510008996,0.6331690251668166,trip,3.833333333333485,
3555,2,z32,46.01919264196279,0.7669865440327132,idle,0,
3560,0,z31,44.820000000000206,0.7470000000000034,trip,8.508970644860256,
3560,1,z30,37.645141510009026,0.6274190251668171,idle,0,
3560,2,z32,45.569192641962786,0.7594865440327131,trip,27.476521160831908,
3565,0,z31,44.3700000000002,0.7395000000000034,trip,3.5089706448602556,
3565,1,z30,37.19514151000902,0.6199190251668171,trip,7.008970644860256,
3565,2,z32,45.11919264196278,0.751986544032713,trip,22.476521160831908,
3570,0,z32,44.05419264196278,0.734236544032713,idle,0,
3570,1,z30,36.74514151000902,0.612419025166817,trip,2.0089706448602556,
3570,2,z32,44.66919264196278,0.744486544032713,trip,17.476521160831908,
3575,0,z32,43.604192641962776,0.7267365440327129,trip,7.008970644860256,
3575,1,z21,36.5643341519716,0.6094055691995267,idle,0,
3575,2,z32,44.21919264196278,0.7369865440327129,trip,12.476521160831908,
3580,0,z32,43.15419264196277,0.7192365440327129,trip,2.0089706448602556,
3580,1,z21,36.1143341519716,0.6019055691995266,trip,13.508970644860256,
3580,2,z32,43.769192641962775,0.729486544032713,trip,7.476521160831908,
3585,0,z21,42.97338528392535,0.7162230880654226,idle,0,
3585,1,z21,35.664334151971595,0.5944055691995266,trip,8.508970644860256,
3585,2,z32,43.31919264196277,0.7219865440327129,trip,2.4765211608319078,
3590,0,z21,42.52338528392535,0.7087230880654225,trip,7.008970644860256,
3590,1,z21,35.21433415197159,0.5869055691995265,trip,3.5089706448602556,
3590,2,z31,43.0963057374879,0.718271762291465,idle,0,
3595,0,z21,42.07338528392535,0.7012230880654224,trip,2.0089706448602556,
3595,1,z22,34.89852679393417,0.5816421132322361,idle,0,local
3595,2,z31,43.0963057374879,0.718271762291465,idle,0,
3600,0,z32,41.89257792588793,0.6982096320981321,idle,0,
3600,1,z22,34.79352679393418,0.5798921132322363,visit,15.0,local
3600,2,z31,42.6463057374879,0.710771762291465,trip,20.410795394624074,
3605,0,z32,41.442577925887925,0.6907096320981321,trip,13.309854494164938,
3605,1,z22,41.18241568282332,0.686373594713722,visit,10.0,local
3605,2,z31,42.1963057374879,0.7032717622914649,trip,15.410795394624074,
3610,0,z32,40.99257792588792,0.683209632098132,trip,8.309854494164938,
3610,1,z22,47.91814955312764,0.7986358258854607,visit,5.0,local
3610,2,z31,41.746305737487894,0.6957717622914649,trip,10.410795394624074,
3615,0,z32,40.54257792588792,0.675709632098132,trip,3.309854494164938,
3615,1,z22,47.89500000000011,0.7982500000000018,idle,0,
3615,2,z31,41.29630573748789,0.6882717622914648,trip,5.410795394624074,
3620,0,z20,40.244691021413075,0.6707448503568846,idle,0,
3620,1,z22,47.44500000000011,0.7907500000000017,trip,7.008970644860256,
3620,2,z31,40.84630573748789,0.6807717622914649,trip,0.4107953946240741,
3625,0,z20,39.79469102141307,0.6632448503568845,trip,25.666666666666515,
3625,1,z22,46.995000000000104,0.7832500000000018,trip,2.0089706448602556,
3625,2,z02,40.80933415197172,0.6801555691995287,idle,0,
3630,0,z20,39.34469102141307,0.6557448503568845,trip,20.666666666666515,
3630,1,z11,46.814192641962684,0.7802365440327114,idle,0,
3630,2,z02,40.359334151971716,0.6726555691995286,trip,13.309854494164938,
3635,0,z20,38.89469102141307,0.6482448503568844,trip,15.666666666666515,
3635,1,z11,46.36419264196268,0.7727365440327113,trip,7.008970644860256,
3635,2,z02,39.90933415197171,0.6651555691995286,trip,8.309854494164938,
3640,0,z20,38.444691021413064,0.6407448503568844,trip,10.666666666666515,
3640,1,z11,45.91419264196268,0.7652365440327114,trip,2.0089706448602556,
3640,2,z02,39.45933415197171,0.6576555691995285,trip,3.309854494164938,
3645,0,z20,37.99469102141306,0.6332448503568844,trip,5.666666666666515,
3645,1,z00,45.73338528392526,0.7622230880654209,idle,0,
3645,2,z21,39.16144724749687,0.6526907874582811,idle,0,
3650,0,z20,37.54469102141306,0.6257448503568843,trip,0.6666666666665151,
3650,1,z00,45.73338528392526,0.7622230880654209,idle,0,
3650,2,z21,39.16144724749687,0.6526907874582811,idle,0,
3655,0,z02,37.48469102141303,0.6247448503568838,idle,0,
3655,1,z00,45.283385283925256,0.7547230880654209,trip,20.410795394624074,
3655,2,z21,38.711447247496864,0.6451907874582811,trip,13.309854494164938,
3660,0,z02,37.48469102141303,0.6247448503568838,idle,0,
3660,1,z00,44.83338528392525,0.7472230880654209,trip,15.410795394624074,
3660,2,z21,38.26144724749686,0.637690787458281,trip,8.309854494164938,
3665,0,z02,37.48469102141303,0.6247448503568838,idle,0,
3665,1,z00,44.38338528392525,0.7397230880654209,trip,10.410795394624074,
3665,2,z21,37.81144724749686,0.6301907874582809,trip,3.309854494164938,
3670,0,z02,37.034691021413025,0.6172448503568837,trip,23.809226445223885,
3670,1,z00,43.93338528392525,0.7322230880654208,trip,5.410795394624074,
3670,2,z02,37.513560343022014,0.6252260057170336,idle,0,
3675,0,z02,36.58469102141302,0.6097448503568837,trip,18.809226445223885,
3675,1,z00,43.483385283925244,0.7247230880654207,trip,0.4107953946240741,
3675,2,z02,37.513560343022014,0.6252260057170336,idle,0,
3680,0,z02,36.13469102141302,0.6022448503568837,trip,13.809226445223885,
3680,1,z31,43.446413698409074,0.7241068949734846,idle,0,
3680,2,z02,37.06356034302201,0.6177260057170335,trip,7.008970644860256,
3685,0,z02,35.684691021413016,0.5947448503568836,trip,8.809226445223885,
3685,1,z31,42.99641369840907,0.7166068949734845,trip,7.008970644860256,
3685,2,z02,36.61356034302201,0.6102260057170334,trip,2.0089706448602556,
3690,0,z02,35.23469102141301,0.5872448503568836,trip,3.809226445223885,
3690,1,z31,42.54641369840907,0.7091068949734844,trip,2.0089706448602556,
3690,2,z11,36.43275298498459,0.6072125497497431,idle,0,
3695,0,z30,34.891860641342866,0.5815310106890478,idle,0,central
3695,1,z22,42.36560634037165,0.7060934390061941,idle,0,
3695,2,z11,35.982752984984586,0.5997125497497431,trip,7.008970644860256,
3700,0,z30,34.78686064134288,0.579781010689048,visit,24.333333333333485,central
3700,1,z22,41.915606340371646,0.6985934390061941,trip,13.309854494164938,
3700,2,z11,35.53275298498458,0.592212549749743,trip,2.0089706448602556,
3705,0,z30,34.78686064134288,0.579781010689048,visit,19.333333333333485,central
3705,1,z22,41.46560634037164,0.691093439006194,trip,8.309854494164938,
3705,2,z02,35.35194562694716,0.5891990937824527,idle,0,local
3710,0,z30,34.78686064134288,0.579781010689048,visit,14.333333333333485,central
3710,1,z22,41.01560634037164,0.683593439006194,trip,3.309854494164938,
3710,2,z02,34.90194562694716,0.5816990937824527,visit,30.666666666666515,local
3715,0,z30,34.78686064134288,0.579781010689048,visit,9.333333333333485,central
3715,1,z30,40.7177194358968,0.6786286572649466,idle,0,
3715,2,z02,34.45194562694716,0.5741990937824526,visit,25.666666666666515,local
3720,0,z30,34.78686064134288,0.579781010689048,visit,4.333333333333485,central
3720,1,z30,40.7177194358968,0.6786286572649466,idle,0,
3720,2,z02,34.001945626947155,0.5666990937824525,visit,20.666666666666515,local
3725,0,z30,34.68186064134289,0.5780310106890482,idle,0,
3725,1,z30,40.267719435896794,0.6711286572649465,trip,3.833333333333485,
3725,2,z02,33.97194562694714,0.5661990937824524,visit,15.666666666666515,local
3730,0,z30,37.6324161968987,0.6272069366149784,visit,15.0,
3730,1,z20,39.92271943589682,0.665378657264947,idle,0,
3730,2,z02,33.55194562694715,0.5591990937824526,visit,10.666666666666515,local
3735,0,z30,45.96574953023204,0.7660958255038673,visit,10.0,
3735,1,z20,39.47271943589682,0.657878657264947,trip,3.833333333333485,
3735,2,z02,33.10194562694715,0.5516990937824525,visit,5.666666666666515,local
3740,0,z30,47.89499999999971,0.7982499999999952,visit,5.0,
3740,1,z30,39.12771943589685,0.6521286572649475,idle,0,
3740,2,z02,32.651945626947146,0.5441990937824525,visit,0.6666666666665151,local
3745,0,z30,47.89499999999971,0.7982499999999952,idle,0,
3745,1,z30,38.67771943589685,0.6446286572649474,trip,17.851274623053996,
3745,2,z02,32.591945626947115,0.5431990937824519,idle,0,
3750,0,z30,47.44499999999971,0.7907499999999952,trip,13.309854494164938,
3750,1,z30,38.227719435896844,0.6371286572649474,trip,12.851274623053996,
3750,2,z02,32.591945626947115,0.5431990937824519,idle,0,
3755,0,z30,46.994999999999706,0.7832499999999951,trip,8.309854494164938,
3755,1,z30,37.77771943589684,0.6296286572649473,trip,7.851274623053996,
3755,2,z02,32.14194562694711,0.5356990937824518,trip,19.809854494164938,
3760,0,z30,46.5449999999997,0.775749999999995,trip,3.309854494164938,
3760,1,z30,37.32771943589684,0.6221286572649473,trip,2.851274623053996,
3760,2,z02,31.69194562694711,0.5281990937824518,trip,14.809854494164938,
3765,0,z22,46.24711309552486,0.7707852182587477,idle,0,
3765,1,z12,37.07110471982198,0.6178517453303664,idle,0,central
3765,2,z02,31.24194562694711,0.5206990937824518,trip,9.809854494164938,
3770,0,z22,45.79711309552486,0.7632852182587476,trip,3.833333333333485,
3770,1,z12,36.62110471982198,0.6103517453303663,visit,65.36921591277496,central
3770,2,z02,30.79194562694711,0.5131990937824519,trip,4.809854494164938,
3775,0,z21,45.452113095524886,0.7575352182587481,idle,0,
3775,1,z12,36.171104719821976,0.6028517453303662,visit,60.36921591277496,central
3775,2,z20,30.359058722472266,0.5059843120412044,idle,0,
3780,0,z21,45.452113095524886,0.7575352182587481,idle,0,
3780,1,z12,35.72110471982197,0.5953517453303662,visit,55.36921591277496,central
3780,2,z20,29.909058722472267,0.49848431204120447,visit,15.0,
3785,0,z21,45.002113095524884,0.7500352182587481,trip,7.008970644860256,
3785,1,z12,35.27110471982197,0.5878517453303662,visit,50.36921591277496,central
3785,2,z20,30.22461427802809,0.5037435713004681,visit,10.0,
3790,0,z21,44.55211309552488,0.742535218258748,trip,2.0089706448602556,
3790,1,z12,35.119490003747096,0.5853248333957849,visit,45.36921591277496,central
3790,2,z20,33.87350316691644,0.5645583861152741,visit,5.0,
3795,0,z32,44.37130573748746,0.7395217622914577,idle,0,
3795,1,z12,35.119490003747096,0.5853248333957849,visit,40.36921591277496,central
3795,2,z20,33.42350316691648,0.5570583861152747,idle,0,
3800,0,z32,44.37130573748746,0.7395217622914577,idle,0,
3800,1,z12,35.119490003747096,0.5853248333957849,visit,35.36921591277496,central
3800,2,z20,32.97350316691648,0.5495583861152746,trip,13.508970644860256,
3805,0,z32,43.92130573748746,0.7320217622914577,trip,3.833333333333485,
3805,1,z12,35.119490003747096,0.5853248333957849,visit,30.369215912774962,central
3805,2,z20,32.52350316691648,0.5420583861152746,trip,8.508970644860256,
3810,0,z31,43.57630573748749,0.7262717622914582,idle,0,
3810,1,z12,35.119490003747096,0.5853248333957849,visit,25.369215912774962,central
3810,2,z20,32.073503166916474,0.5345583861152746,trip,3.5089706448602556,
3815,0,z31,43.126305737487485,0.7187717622914581,trip,20.410795394624074,
3815,1,z12,35.00110471982197,0.5833517453303662,visit,20.369215912774962,central
3815,2,z21,31.757695808879053,0.5292949301479842,idle,0,
3820,0,z31,42.67630573748748,0.711271762291458,trip,15.410795394624074,
3820,1,z12,34.551104719821964,0.5758517453303661,visit,15.369215912774962,central
3820,2,z21,31.307695808879053,0.5217949301479842,trip,3.833333333333485,
3825,0,z31,42.22630573748748,0.703771762291458,trip,10.410795394624074,
3825,1,z12,34.10110471982196,0.568351745330366,visit,10.369215912774962,central
3825,2,z20,30.96269580887908,0.5160449301479847,idle,0,
3830,0,z31,41.776305737487476,0.6962717622914579,trip,5.410795394624074,
3830,1,z12,33.65110471982196,0.560851745330366,visit,5.369215912774962,central
3830,2,z20,30.51269580887908,0.5085449301479846,visit,15.0,
3835,0,z31,41.32630573748747,0.6887717622914579,trip,0.4107953946240741,
3835,1,z12,33.201104719821956,0.5533517453303659,visit,0.3692159127749619,central
3835,2,z20,30.8282513644349,0.5138041894072484,visit,10.0,
3840,0,z02,41.2893341519713,0.6881555691995217,idle,0,
3840,1,z12,33.16787528767221,0.5527979214612035,idle,0,
3840,2,z20,34.477140253323256,0.5746190042220543,visit,5.0,
3845,0,z02,41.2893341519713,0.6881555691995217,idle,0,
3845,1,z12,32.71787528767221,0.5452979214612035,visit,15.0,
3845,2,z20,34.027140253323296,0.567119004222055,idle,0,
3850,0,z02,41.2893341519713,0.6881555691995217,idle,0,
3850,1,z12,33.033430843228025,0.5505571807204671,visit,10.0,
3850,2,z20,33.57714025332329,0.5596190042220549,trip,13.309854494164938,
3855,0,z02,41.2893341519713,0.6881555691995217,idle,0,
3855,1,z12,36.682319732116376,0.6113719955352729,visit,5.0,
3855,2,z20,33.12714025332329,0.5521190042220548,trip,8.309854494164938,
3860,0,z02,41.2893341519713,0.6881555691995217,idle,0,
3860,1,z12,36.232319732116416,0.6038719955352736,idle,0,
3860,2,z20,32.67714025332329,0.5446190042220548,trip,3.309854494164938,
3865,0,z02,41.2893341519713,0.6881555691995217,idle,0,
3865,1,z12,35.78231973211641,0.5963719955352735,trip,27.476521160831908,
3865,2,z01,32.379253348848444,0.5396542224808074,idle,0,
3870,0,z02,40.8393341519713,0.6806555691995216,trip,18.0,
3870,1,z12,35.33231973211641,0.5888719955352735,trip,22.476521160831908,
3870,2,z01,31.929253348848444,0.5321542224808075,trip,28.84230397819374,
3875,0,z02,40.3893341519713,0.6731555691995216,trip,13.0,
3875,1,z12,34.88231973211641,0.5813719955352734,trip,17.476521160831908,
3875,2,z01,31.479253348848445,0.5246542224808074,trip,23.84230397819374,
3880,0,z02,39.939334151971295,0.6656555691995216,trip,8.0,
3880,1,z12,34.432319732116405,0.5738719955352735,trip,12.476521160831908,
3880,2,z01,31.029253348848446,0.5171542224808074,trip,18.84230397819374,
3885,0,z02,39.48933415197129,0.6581555691995216,trip,3.0,
3885,1,z12,33.9823197321164,0.5663719955352734,trip,7.476521160831908,
3885,2,z01,30.579253348848447,0.5096542224808075,trip,13.84230397819374,
3890,0,z32,39.21933415197129,0.6536555691995215,idle,0,
3890,1,z12,33.5323197321164,0.5588719955352733,trip,2.4765211608319078,
3890,2,z01,30.129253348848447,0.5021542224808074,trip,8.84230397819374,
3895,0,z32,38.769334151971286,0.6461555691995214,trip,13.309854494164938,
3895,1,z11,33.30943282764153,0.5551572137940255,idle,0,
3895,2,z01,29.679253348848448,0.4946542224808075,trip,3.8423039781937405,
3900,0,z32,38.31933415197128,0.6386555691995214,trip,8.309854494164938,
3900,1,z11,32.85943282764153,0.5476572137940254,trip,18.0,
3900,2,z22,29.33344599081101,0.4888907665135169,idle,0,
3905,0,z32,37.86933415197128,0.6311555691995213,trip,3.309854494164938,
3905,1,z11,32.409432827641524,0.5401572137940254,trip,13.0,
3905,2,z22,28.883445990811012,0.48139076651351687,trip,3.833333333333485,
3910,0,z11,37.57144724749644,0.626190787458274,idle,0,
3910,1,z11,31.959432827641525,0.5326572137940254,trip,8.0,
3910,2,z12,28.538445990811038,0.4756407665135173,idle,0,
3915,0,z11,37.121447247496434,0.6186907874582739,trip,10.333333333333485,
3915,1,z11,31.509432827641525,0.5251572137940255,trip,3.0,
3915,2,z12,28.08844599081104,0.4681407665135173,trip,11.5,
3920,0,z11,36.67144724749643,0.6111907874582738,trip,5.333333333333485,
3920,1,z01,31.239432827641526,0.5206572137940254,idle,0,
3920,2,z12,27.63844599081104,0.4606407665135173,trip,6.5,
3925,0,z11,36.22144724749643,0.6036907874582738,trip,0.3333333333334849,
3925,1,z01,30.789432827641527,0.5131572137940255,trip,13.508970644860256,
3925,2,z12,27.18844599081104,0.4531407665135173,trip,1.5,
3930,0,z22,36.191447247496455,0.6031907874582743,idle,0,local
3930,1,z01,30.339432827641524,0.5056572137940254,trip,8.508970644860256,
3930,2,z32,27.05344599081104,0.4508907665135173,idle,0,
3935,0,z22,36.086447247496466,0.6014407874582745,visit,15.0,local
3935,1,z01,29.889432827641524,0.4981572137940254,trip,3.5089706448602556,
3935,2,z32,26.60344599081104,0.44339076651351733,trip,13.508970644860256,
3940,0,z22,42.47533613638561,0.7079222689397601,visit,10.0,local
3940,1,z11,29.573625469604103,0.49289375782673506,idle,0,
3940,2,z32,26.153445990811036,0.43589076651351727,trip,8.508970644860256,
3945,0,z22,47.89499999999964,0.798249999999994,visit,5.0,local
3945,1,z11,29.123625469604104,0.48539375782673505,trip,11.5,
3945,2,z32,25.703445990811037,0.42839076651351726,trip,3.5089706448602556,
3950,0,z22,47.89499999999964,0.798249999999994,idle,0,
3950,1,z11,28.673625469604104,0.4778937578267351,trip,6.5,
3950,2,z20,25.387638632773616,0.42312731054622693,idle,0,local
3955,0,z22,47.44499999999964,0.790749999999994,trip,3.833333333333485,
3955,1,z11,28.223625469604105,0.4703937578267351,trip,1.5,
3955,2,z20,24.937638632773616,0.4156273105462269,visit,15.333333333333485,local
3960,0,z32,47.09999999999967,0.7849999999999945,idle,0,
3960,1,z31,28.088625469604104,0.46814375782673506,idle,0,
3960,2,z20,24.69763863277363,0.41162731054622714,visit,10.333333333333485,local
3965,0,z32,46.649999999999665,0.7774999999999944,trip,3.833333333333485,
3965,1,z31,27.638625469604104,0.46064375782673506,trip,3.833333333333485,
3965,2,z20,24.487638632773614,0.4081273105462269,visit,5.333333333333485,local
3970,0,z22,46.304999999999694,0.7717499999999949,idle,0,
3970,1,z21,27.29362546960413,0.4548937578267355,idle,0,
3970,2,z20,24.037638632773614,0.4006273105462269,visit,0.3333333333334849,local
3975,0,z22,45.85499999999969,0.7642499999999949,trip,3.833333333333485,
3975,1,z21,26.84362546960413,0.4473937578267355,trip,13.508970644860256,
3975,2,z20,24.00763863277364,0.40012731054622735,idle,0,
3980,0,z12,45.50999999999972,0.7584999999999954,idle,0,
3980,1,z21,26.393625469604128,0.43989375782673545,trip,8.508970644860256,
3980,2,z20,23.557638632773642,0.39262731054622735,trip,24.351274623053996,
3985,0,z12,45.05999999999972,0.7509999999999953,trip,13.309854494164938,
3985,1,z21,25.94362546960413,0.4323937578267355,trip,3.5089706448602556,
3985,2,z20,23.10763863277364,0.38512731054622734,trip,19.351274623053996,
3990,0,z12,44.609999999999715,0.7434999999999953,trip,8.309854494164938,
3990,1,z00,25.627818111566707,0.4271303018594451,idle,0,
3990,2,z20,22.65763863277364,0.37762731054622733,trip,14.351274623053996,
3995,0,z12,44.15999999999971,0.7359999999999952,trip,3.309854494164938,
3995,1,z00,25.177818111566708,0.4196303018594451,trip,11.5,
3995,2,z20,22.20763863277364,0.37012731054622733,trip,9.351274623053996,
4000,0,z00,43.86211309552487,0.7310352182587478,idle,0,
4000,1,z00,24.72781811156671,0.41213030185944516,trip,6.5,
4000,2,z20,21.75763863277364,0.3626273105462274,trip,4.351274623053996,
4005,0,z00,43.412113095524866,0.7235352182587478,trip,3.833333333333485,
4005,1,z00,24.27781811156671,0.40463030185944515,trip,1.5,
4005,2,z32,21.366023916698783,0.3561003986116464,idle,0,
4010,0,z10,43.067113095524896,0.7177852182587483,idle,0,
4010,1,z20,24.142818111566708,0.4023803018594451,idle,0,
4010,2,z32,20.916023916698784,0.3486003986116464,trip,19.809854494164938,
4015,0,z10,42.61711309552489,0.7102852182587482,trip,19.809854494164938,
4015,1,z20,23.69281811156671,0.39488030185944517,trip,3.833333333333485,
4015,2,z32,20.46602391669878,0.34110039861164637,trip,14.809854494164938,
4020,0,z10,42.16711309552489,0.7027852182587482,trip,14.809854494164938,
4020,1,z21,23.347818111566735,0.3891303018594456,idle,0,local
4020,2,z32,20.01602391669878,0.33360039861164636,trip,9.809854494164938,
4025,0,z10,41.71711309552489,0.6952852182587481,trip,9.809854494164938,
4025,1,z21,23.24281811156675,0.38738030185944583,visit,15.0,local
4025,2,z32,19.566023916698782,0.32610039861164636,trip,4.809854494164938,
4030,0,z10,41.267113095524884,0.687785218258748,trip,4.809854494164938,
4030,1,z21,29.63170700045589,0.4938617833409315,visit,10.0,local
4030,2,z10,19.133137012223937,0.31888561687039896,idle,0,
4035,0,z30,40.83422619105004,0.6805704365175007,idle,0,
4035,1,z21,37.965040333789226,0.6327506722298204,visit,5.0,local
4035,2,z10,18.683137012223938,0.31138561687039895,trip,19.809854494164938,
4040,0,z30,40.38422619105004,0.6730704365175006,trip,13.508970644860256,
4040,1,z21,44.24892922267762,0.7374821537112937,idle,0,
4040,2,z10,18.233137012223935,0.3038856168703989,trip,14.809854494164938,
4045,0,z30,39.93422619105004,0.6655704365175006,trip,8.508970644860256,
4045,1,z21,43.798929222677614,0.7299821537112936,trip,10.333333333333485,
4045,2,z10,17.783137012223936,0.29638561687039894,trip,9.809854494164938,
4050,0,z30,39.484226191050034,0.6580704365175005,trip,3.5089706448602556,
4050,1,z21,43.34892922267761,0.7224821537112935,trip,5.333333333333485,
4050,2,z10,17.333137012223936,0.28888561687039893,trip,4.809854494164938,
4055,0,z20,39.16841883301261,0.6528069805502101,idle,0,
4055,1,z21,42.89892922267761,0.7149821537112935,trip,0.3333333333334849,
4055,2,z12,16.90025010774909,0.28167083512915153,idle,0,
4060,0,z20,38.718418833012606,0.6453069805502101,trip,7.008970644860256,
4060,1,z21,42.868929222677636,0.714482153711294,idle,0,
4060,2,z12,16.450250107749092,0.2741708351291515,trip,18.0,
4065,0,z20,38.2684188330126,0.63780698055021,trip,2.0089706448602556,
4065,1,z21,42.41892922267763,0.7069821537112939,trip,19.809854494164938,
4065,2,z12,16.000250107749093,0.2666708351291515,trip,13.0,
4070,0,z31,38.08761147497518,0.6347935245829197,idle,0,local
4070,1,z21,41.96892922267763,0.6994821537112939,trip,14.809854494164938,
4070,2,z12,15.550250107749093,0.25917083512915157,trip,8.0,
4075,0,z31,37.982611474975194,0.6330435245829199,visit,15.0,local
4075,1,z21,41.51892922267763,0.6919821537112938,trip,9.809854494164938,
4075,2,z12,15.100250107749094,0.25167083512915156,trip,3.0,
4080,0,z31,44.371500363864335,0.7395250060644056,visit,10.0,local
4080,1,z21,41.068929222677625,0.6844821537112937,trip,4.809854494164938,
4080,2,z22,14.830250107749094,0.24717083512915158,idle,0,
4085,0,z31,47.89500000000033,0.7982500000000055,visit,5.0,local
4085,1,z10,40.63604231820278,0.6772673719700464,idle,0,
4085,2,z22,14.380250107749095,0.23967083512915158,trip,30.30922644522434,
4090,0,z31,47.89500000000033,0.7982500000000055,idle,0,
4090,1,z10,40.18604231820278,0.6697673719700463,trip,17.85127462305445,
4090,2,z22,13.930250107749096,0.2321708351291516,trip,25.30922644522434,
4095,0,z31,47.44500000000033,0.7907500000000055,trip,7.00897064486071,
4095,1,z10,39.73604231820278,0.6622673719700463,trip,12.85127462305445,
4095,2,z22,13.480250107749097,0.22467083512915162,trip,20.30922644522434,
4100,0,z31,46.995000000000324,0.7832500000000054,trip,2.0089706448607103,
4100,1,z10,39.286042318202774,0.6547673719700462,trip,7.851274623054451,
4100,2,z22,13.030250107749097,0.2171708351291516,trip,15.30922644522434,
4105,0,z22,46.81419264196294,0.7802365440327157,idle,0,
4105,1,z10,38.83604231820277,0.6472673719700462,trip,2.851274623054451,
4105,2,z22,12.580250107749098,0.20967083512915163,trip,10.30922644522434,
4110,0,z22,46.36419264196294,0.7727365440327156,trip,10.33333333333303,
4110,1,z32,38.57942760212795,0.6429904600354658,idle,0,
4110,2,z22,12.130250107749099,0.20217083512915165,trip,5.30922644522434,
4115,0,z22,45.914192641962934,0.7652365440327156,trip,5.33333333333303,
4115,1,z32,38.129427602127954,0.6354904600354659,trip,7.00897064486071,
4115,2,z22,11.6802501077491,0.19467083512915165,trip,0.30922644522433984,
4120,0,z22,45.46419264196293,0.7577365440327155,trip,0.33333333333303017,
4120,1,z32,37.67942760212795,0.6279904600354659,trip,2.0089706448607103,
4120,2,z00,11.652419727678991,0.1942069954613165,idle,0,
4125,0,z31,45.43419264196287,0.7572365440327146,idle,0,
4125,1,z21,37.49862024409049,0.6249770040681748,idle,0,
4125,2,z00,11.202419727678992,0.18670699546131653,trip,20.410795394624074,
4130,0,z31,44.98419264196288,0.7497365440327146,trip,13.309854494164938,
4130,1,z21,37.048620244090486,0.6174770040681747,trip,19.809854494164938,
4130,2,z00,10.752419727678992,0.17920699546131655,trip,15.410795394624074,
4135,0,z31,44.534192641962875,0.7422365440327146,trip,8.309854494164938,
4135,1,z21,36.59862024409048,0.6099770040681747,trip,14.809854494164938,
4135,2,z00,10.302419727678993,0.17170699546131654,trip,10.410795394624074,
4140,0,z31,44.08419264196287,0.7347365440327145,trip,3.309854494164938,
4140,1,z21,36.14862024409048,0.6024770040681747,trip,9.809854494164938,
4140,2,z00,9.852419727678994,0.16420699546131656,trip,5.410795394624074,
4145,0,z10,43.78630573748803,0.7297717622914671,idle,0,
4145,1,z21,35.69862024409048,0.5949770040681747,trip,4.809854494164938,
4145,2,z00,9.402419727678994,0.15670699546131658,trip,0.4107953946240741,
4150,0,z10,43.336305737488026,0.7222717622914671,trip,10.33333333333303,
4150,1,z01,35.265733339615636,0.5877622223269273,idle,0,
4150,2,z31,9.365448142162746,0.1560908023693791,idle,0,
4155,0,z10,42.88630573748802,0.714771762291467,trip,5.33333333333303,
4155,1,z01,34.81573333961563,0.5802622223269273,trip,13.50897064486071,
4155,2,z31,8.915448142162747,0.1485908023693791,trip,13.309854494164938,
4160,0,z10,42.43630573748802,0.707271762291467,trip,0.33333333333303017,
4160,1,z01,34.36573333961563,0.5727622223269272,trip,8.50897064486071,
4160,2,z31,8.465448142162748,0.14109080236937913,trip,8.309854494164938,
4165,0,z10,42.40630573748796,0.706771762291466,idle,0,
4165,1,z01,33.91573333961563,0.5652622223269271,trip,3.5089706448607103,
4165,2,z31,8.015448142162748,0.13359080236937915,trip,3.309854494164938,
4170,0,z10,41.956305737487966,0.6992717622914661,trip,7.00897064486071,
4170,1,z22,33.59992598157817,0.5599987663596361,idle,0,
4170,2,z12,7.717561237687904,0.12862602062813172,idle,0,
4175,0,z10,41.50630573748796,0.6917717622914661,trip,2.0089706448607103,
4175,1,z22,33.14992598157817,0.5524987663596362,trip,3.83333333333303,
4175,2,z12,7.267561237687904,0.12112602062813173,visit,52.66412992405367,
4180,0,z01,41.3254983794505,0.688758306324175,idle,0,
4180,1,z21,32.804925981578116,0.5467487663596352,idle,0,
4180,2,z12,6.817561237687904,0.11362602062813172,visit,47.66412992405367,
4185,0,z01,40.875498379450505,0.6812583063241751,trip,3.83333333333303,
4185,1,z21,32.35492598157812,0.5392487663596354,trip,3.83333333333303,
4185,2,z12,6.367561237687903,0.10612602062813173,visit,42.66412992405367,
4190,0,z02,40.53049837945045,0.6755083063241741,idle,0,
4190,1,z22,32.009925981578064,0.5334987663596344,idle,0,local
4190,2,z12,10.78200568213288,0.17970009470221465,visit,37.66412992405367,
4195,0,z02,40.08049837945045,0.6680083063241741,trip,10.33333333333303,
4195,1,z22,32.009925981578064,0.5334987663596344,idle,0,local
4195,2,z12,19.115339015466212,0.31858898359110355,visit,32.66412992405367,
4200,0,z02,39.630498379450444,0.660508306324174,trip,5.33333333333303,
4200,1,z22,31.904925981578035,0.531748766359634,visit,15.0,local
4200,2,z12,27.448672348799548,0.45747787247999244,visit,27.664129924053668,
4205,0,z02,39.18049837945044,0.6530083063241741,trip,0.33333333333303017,
4205,1,z22,38.29381487046642,0.638230247841107,visit,10.0,local
4205,2,z12,35.78200568213288,0.5963667613688813,visit,22.664129924053668,
4210,0,z02,39.15049837945038,0.652508306324173,idle,0,
4210,1,z22,46.627148203799756,0.7771191367299959,visit,5.0,local
4210,2,z12,44.11533901546622,0.7352556502577703,visit,17.664129924053668,
4215,0,z02,39.15049837945038,0.652508306324173,idle,0,
4215,1,z22,47.89499999999967,0.7982499999999945,idle,0,
4215,2,z12,47.759771693165476,0.7959961948860913,visit,12.664129924053668,
4220,0,z02,38.70049837945039,0.6450083063241732,trip,7.00897064486071,
4220,1,z22,47.44499999999967,0.7907499999999945,trip,11.5,
4220,2,z12,47.30977169316547,0.7884961948860912,visit,7.664129924053668,
4225,0,z02,38.250498379450384,0.6375083063241731,trip,2.0089706448607103,
4225,1,z22,46.99499999999967,0.7832499999999946,trip,6.5,
4225,2,z12,46.85977169316547,0.7809961948860912,visit,2.664129924053668,
4230,0,z11,38.06969102141292,0.634494850356882,idle,0,local
4230,1,z22,46.54499999999967,0.7757499999999945,trip,1.5,
4230,2,z12,46.62000000000064,0.7770000000000106,idle,0,
4235,0,z11,37.9646910214129,0.6327448503568817,visit,15.0,local
4235,1,z20,46.40999999999967,0.7734999999999945,idle,0,
4235,2,z12,46.17000000000064,0.7695000000000107,trip,11.5,
4240,0,z11,44.35357991030128,0.7392263318383546,visit,10.0,local
4240,1,z20,45.959999999999674,0.7659999999999946,trip,7.00897064486071,
4240,2,z12,45.72000000000064,0.7620000000000107,trip,6.5,
4245,0,z11,47.8950000000002,0.7982500000000033,visit,5.0,local
4245,1,z20,45.50999999999967,0.7584999999999945,trip,2.0089706448607103,
4245,2,z12,45.270000000000636,0.7545000000000106,trip,1.5,
4250,0,z11,47.8950000000002,0.7982500000000033,idle,0,
4250,1,z31,45.32919264196221,0.7554865440327034,idle,0,
4250,2,z32,45.13500000000064,0.7522500000000106,idle,0,local
4255,0,z11,47.445000000000206,0.7907500000000034,trip,3.83333333333303,
4255,1,z31,44.87919264196221,0.7479865440327036,trip,19.16666666666697,
4255,2,z32,45.03000000000061,0.7505000000000102,visit,15.0,local
4260,0,z01,47.10000000000015,0.7850000000000025,idle,0,
4260,1,z31,44.42919264196221,0.7404865440327035,trip,14.16666666666697,
4260,2,z32,47.89499999999933,0.7982499999999888,visit,10.0,local
4265,0,z01,47.10000000000015,0.7850000000000025,idle,0,
4265,1,z31,43.97919264196221,0.7329865440327035,trip,9.16666666666697,
4265,2,z32,47.89499999999933,0.7982499999999888,visit,5.0,local
4270,0,z01,47.10000000000015,0.7850000000000025,idle,0,
4270,1,z31,43.529192641962204,0.7254865440327034,trip,4.16666666666697,
4270,2,z32,47.89499999999933,0.7982499999999888,idle,0,
4275,0,z01,47.10000000000015,0.7850000000000025,idle,0,
4275,1,z01,43.154192641962176,0.719236544032703,idle,0,
4275,2,z32,47.89499999999933,0.7982499999999888,idle,0,
4280,0,z01,46.650000000000155,0.7775000000000026,trip,11.5,
4280,1,z01,43.154192641962176,0.719236544032703,idle,0,
4280,2,z32,47.89499999999933,0.7982499999999888,idle,0,
4285,0,z01,46.20000000000015,0.7700000000000026,trip,6.5,
4285,1,z01,43.154192641962176,0.719236544032703,idle,0,
4285,2,z32,47.44499999999933,0.7907499999999889,trip,13.309854494164938,
4290,0,z01,45.75000000000015,0.7625000000000025,trip,1.5,
4290,1,z01,43.154192641962176,0.719236544032703,idle,0,
4290,2,z32,46.99499999999933,0.7832499999999888,trip,8.309854494164938,
4295,0,z21,45.61500000000015,0.7602500000000025,idle,0,
4295,1,z01,43.154192641962176,0.719236544032703,idle,0,
4295,2,z32,46.54499999999933,0.7757499999999887,trip,3.309854494164938,
4300,0,z21,45.61500000000015,0.7602500000000025,idle,0,
4300,1,z01,43.154192641962176,0.719236544032703,idle,0,
4300,2,z11,46.24711309552448,0.7707852182587414,idle,0,
4305,0,z21,45.61500000000015,0.7602500000000025,idle,0,
4305,1,z01,42.70419264196218,0.711736544032703,trip,20.410795394624074,
4305,2,z11,45.79711309552449,0.7632852182587414,trip,7.00897064486071,
4310,0,z21,45.165000000000155,0.7527500000000026,trip,3.83333333333303,
4310,1,z01,42.25419264196218,0.704236544032703,trip,15.410795394624074,
4310,2,z11,45.347113095524485,0.7557852182587415,trip,2.0089706448607103,
4315,0,z11,44.8200000000001,0.7470000000000017,idle,0,
4315,1,z01,41.804192641962175,0.6967365440327029,trip,10.410795394624074,
4315,2,z00,45.16630573748702,0.7527717622914504,idle,0,
4320,0,z11,44.370000000000104,0.7395000000000017,trip,13.309854494164938,
4320,1,z01,41.35419264196217,0.6892365440327028,trip,5.410795394624074,
4320,2,z00,45.16630573748702,0.7527717622914504,idle,0,
