vehicle_id,kind,start_minutes,end_minutes,origin,destination,request_id,hub_id,service_category,opportunity_visit,energy_start_kwh,planned_added_kwh,planned_end_energy_kwh,planned_empty_miles,planned_passenger_miles,planned_charging_minutes
8,trip,1440,1458.3098544941652,z21,z00,toy-0003533,,,False,47.09999999999986,0.0,45.45211309552501,0.35,5.142956348249516,0
10,trip,1440,1448.8333333333333,z31,z32,toy-0003535,,,False,27.319522387058726,0.0,26.524522387058724,0.35,2.3,0
17,trip,1440,1452.0089706448605,z21,z12,toy-0003534,,,False,46.33180178538639,0.0,45.25099442734896,0.35,3.2526911934581184,0
18,visit,1440,1455.0,z30,z30,,depot_south,,True,30.679138996638006,17.425861003361995,47.895,0.7,0,10.455516602017196
9,trip,1445,1461.5,z31,z11,toy-0003539,,,False,44.45838528392516,0.0,42.97338528392516,0.35,4.6,0
23,trip,1445,1463.3098544941652,z31,z10,toy-0003538,,,False,47.89500000000014,0.0,46.247113095525286,0.35,5.142956348249516,0
15,trip,1445,1463.3098544941652,z00,z21,toy-0003536,,,False,40.58838528392494,0.0,38.94049837945009,0.35,5.142956348249516,0
11,trip,1445,1463.3098544941652,z22,z10,toy-0003540,,,False,37.68722105644623,0.0,36.03933415197138,0.35,5.142956348249516,0
35,trip,1445,1453.8333333333333,z30,z20,toy-0003537,,,False,47.100000000000115,0.0,46.30500000000011,0.35,2.3,0
13,visit,1445,1460.0,z11,z11,,hub_center,,True,35.71466216888172,12.390337831118273,47.894999999999996,0.7,0,7.434202698670964
3,visit,1445,1460.0,z11,z11,,hub_center,,True,38.309086394345755,9.795913605654242,47.894999999999996,0.7,0,5.877548163392545
27,trip,1450,1458.8333333333333,z30,z31,toy-0003543,,,False,38.20599675890047,0.0,37.41099675890047,0.35,2.3,0
29,trip,1450,1466.5,z20,z22,toy-0003542,,,False,45.720000000000084,0.0,44.235000000000085,0.35,4.6,0
36,trip,1450,1458.8333333333333,z22,z21,toy-0003550,,,False,46.019192641962384,0.0,45.22419264196238,0.35,2.3,0
28,trip,1450,1474.1666666666667,z02,z32,toy-0003548,,,False,40.021305737487644,0.0,37.84630573748765,0.35,6.8999999999999995,0
6,trip,1450,1466.5,z32,z30,toy-0003552,,,False,47.895000000000145,0.0,46.410000000000146,0.35,4.6,0
0,trip,1450,1458.8333333333333,z21,z31,toy-0003545,,,False,44.02959224157108,0.0,43.23459224157108,0.35,2.3,0
65,trip,1450,1472.8512746230542,z00,z22,toy-0003541,,,False,47.89500000000013,0.0,45.83838528392526,0.35,6.505382386916237,0
41,trip,1450,1475.4107953946243,z01,z30,toy-0003544,,,False,21.81529736178429,0.0,19.528325776268108,0.35,7.273238618387272,0
22,trip,1450,1462.0089706448605,z21,z32,toy-0003546,,,False,43.576305737487594,0.0,42.49549837945016,0.35,3.2526911934581184,0
40,trip,1450,1462.0089706448605,z22,z31,toy-0003551,,,False,40.023525628158346,0.0,38.94271827012091,0.35,3.2526911934581184,0
44,trip,1450,1466.5,z22,z20,toy-0003549,,,False,42.521241136590724,0.0,41.036241136590725,0.35,4.6,0
7,trip,1450,1462.0089706448605,z31,z22,toy-0003547,,,False,45.733385283925024,0.0,44.65257792588759,0.35,3.2526911934581184,0
10,visit,1450,1465.0,z32,z32,,hub_waterfront,,True,26.524522387058713,17.77777777777778,44.092300164836495,0.7,0,10.666666666666668
4,trip,1455,1471.5,z20,z00,toy-0003553,,,False,44.76211309552494,0.0,43.27711309552494,0.35,4.6,0
32,trip,1455,1467.0089706448605,z32,z21,toy-0003556,,,False,46.2471130955251,0.0,45.16630573748767,0.35,3.2526911934581184,0
58,trip,1455,1463.8333333333333,z22,z32,toy-0003555,,,False,46.81419264196261,0.0,46.01919264196261,0.35,2.3,0
5,trip,1455,1473.3098544941652,z01,z22,toy-0003554,,,False,39.623526793934055,0.0,37.9756398894592,0.35,5.142956348249516,0
38,visit,1455,1470.0,z00,z00,,depot_west,local,True,40.646447247496575,7.458552752503422,47.894999999999996,0.7,0,4.475131651502053
2,trip,1460,1476.5,z12,z32,toy-0003560,,,False,42.47514151000878,0.0,40.99014151000878,0.35,4.6,0
0,trip,1460,1472.0089706448605,z31,z20,toy-0003558,,,False,43.23459224157107,0.0,42.15378488353364,0.35,3.2526911934581184,0
3,trip,1460,1478.3098544941652,z11,z30,toy-0003557,,,False,47.894999999999875,0.0,46.24711309552502,0.35,5.142956348249516,0
17,trip,1460,1476.5,z12,z10,toy-0003559,,,False,45.25099442734895,0.0,43.76599442734895,0.35,4.6,0
52,trip,1460,1468.8333333333333,z32,z31,toy-0003561,,,False,40.705591829607116,0.0,39.910591829607114,0.35,2.3,0
27,visit,1460,1475.0,z31,z31,,hub_core,local,True,37.41099675890046,10.694003241099535,47.894999999999996,0.7,0,6.416401944659722
20,visit,1460,1475.0,z11,z11,,hub_center,,True,37.6788836633755,10.426116336624496,47.894999999999996,0.7,0,6.2556698019746975
35,trip,1465,1473.8333333333333,z20,z21,toy-0003562,,,False,46.305000000000106,0.0,45.510000000000105,0.35,2.3,0
22,visit,1465,1480.0,z32,z32,,hub_waterfront,local,True,42.495498379450154,5.609501620549842,47.894999999999996,0.7,0,3.3657009723299054
15,visit,1465,1480.0,z21,z21,,hub_inner,,True,38.94049837945008,9.16450162054992,47.894999999999996,0.7,0,5.498700972329953
40,visit,1465,1480.0,z31,z31,,hub_core,,True,38.942718270120906,9.16228172987909,47.894999999999996,0.7,0,5.497369037927455
39,trip,1470,1488.3098544941652,z20,z32,toy-0003563,,,False,43.96711309552525,0.0,42.3192261910504,0.35,5.142956348249516,0
6,trip,1470,1494.1666666666667,z30,z00,toy-0003564,,,False,46.410000000000146,0.0,44.23500000000015,0.35,6.8999999999999995,0
9,trip,1470,1478.8333333333333,z11,z21,toy-0003565,,,False,42.97338528392516,0.0,42.17838528392516,0.35,2.3,0
52,visit,1470,1485.0,z31,z31,,hub_core,local,True,39.91059182960711,8.19440817039289,47.894999999999996,0.7,0,4.916644902235734
26,trip,1475,1483.8333333333333,z31,z21,toy-0003568,,,False,42.343630695117874,0.0,41.54863069511787,0.35,2.3,0
27,trip,1475,1499.1666666666667,z31,z01,toy-0003567,,,False,47.89500000000014,0.0,45.72000000000014,0.35,6.8999999999999995,0
4,trip,1475,1500.4107953946243,z00,z31,toy-0003566,,,False,43.27711309552494,0.0,40.990141510008755,0.35,7.273238618387272,0
28,visit,1475,1490.0,z32,z32,,hub_waterfront,,True,37.84630573748763,10.258694262512364,47.894999999999996,0.7,0,6.155216557507418
31,trip,1480,1505.4107953946243,z31,z02,toy-0003571,,,False,39.66270391347271,0.0,37.37573232795653,0.35,7.273238618387272,0
12,trip,1480,1496.5,z11,z31,toy-0003570,,,False,44.8671130955252,0.0,43.3821130955252,0.35,4.6,0
13,trip,1480,1488.8333333333333,z11,z01,toy-0003569,,,False,47.895000000000074,0.0,47.10000000000007,0.35,2.3,0
33,trip,1480,1488.8333333333333,z31,z32,toy-0003572,,,False,43.21922619105028,0.0,42.42422619105028,0.35,2.3,0
41,visit,1480,1509.3333333333333,z30,z30,,depot_south,central,False,19.528325776268105,0.0,19.318325776268104,0.7,0,0
14,trip,1485,1497.0089706448605,z11,z22,toy-0003573,,,False,45.71410428177476,0.0,44.633296923737326,0.35,3.2526911934581184,0
11,trip,1490,1512.8512746230542,z10,z32,toy-0003574,,,False,36.03933415197137,0.0,33.9827194358965,0.35,6.505382386916237,0
3,trip,1490,1512.8512746230542,z30,z12,toy-0003575,,,False,46.24711309552501,0.0,44.19049837945014,0.35,6.505382386916237,0
13,trip,1490,1508.3098544941652,z01,z20,toy-0003576,,,False,47.100000000000065,0.0,45.45211309552521,0.35,5.142956348249516,0
9,trip,1490,1502.0089706448605,z21,z30,toy-0003577,,,False,42.17838528392515,0.0,41.09757792588772,0.35,3.2526911934581184,0
2,trip,1490,1518.8092264452239,z32,z00,toy-0003579,,,False,40.99014151000878,0.0,38.39731112993863,0.35,8.292767933567175,0
15,trip,1490,1498.8333333333333,z21,z22,toy-0003578,,,False,47.89500000000002,0.0,47.100000000000016,0.35,2.3,0
10,trip,1495,1503.8333333333333,z32,z22,toy-0003587,,,False,44.09230016483662,0.0,43.29730016483662,0.35,2.3,0
17,trip,1495,1511.5,z10,z12,toy-0003580,,,False,43.76599442734895,0.0,42.28099442734895,0.35,4.6,0
18,trip,1495,1520.4107953946243,z30,z01,toy-0003582,,,False,47.89500000000011,0.0,45.608028414483925,0.35,7.273238618387272,0
67,trip,1495,1511.5,z30,z10,toy-0003581,,,False,47.89499999999994,0.0,46.40999999999994,0.35,4.6,0
24,trip,1495,1513.3098544941652,z12,z31,toy-0003586,,,False,38.2035603430217,0.0,36.55567343854685,0.35,5.142956348249516,0
16,trip,1495,1503.8333333333333,z11,z10,toy-0003584,,,False,42.658385283925284,0.0,41.86338528392528,0.35,2.3,0
74,trip,1495,1507.0089706448605,z30,z21,toy-0003583,,,False,43.12434001430412,0.0,42.043532656266684,0.35,3.2526911934581184,0
26,trip,1495,1503.8333333333333,z21,z31,toy-0003585,,,False,41.548630695117865,0.0,40.75363069511786,0.35,2.3,0
5,trip,1500,1512.0089706448605,z22,z31,toy-0003588,,,False,37.97563988945919,0.0,36.894832531421756,0.35,3.2526911934581184,0
22,trip,1500,1516.5,z32,z12,toy-0003589,,,False,47.89500000000003,0.0,46.41000000000003,0.35,4.6,0
15,visit,1500,1520.3333333333333,z22,z22,,hub_inner,local,False,47.10000000000001,0.0,45.720000000000006,4.6,0,0
7,trip,1505,1517.0089706448605,z22,z11,toy-0003593,,,False,44.652577925887584,0.0,43.57177056785015,0.35,3.2526911934581184,0
4,trip,1505,1517.0089706448605,z31,z22,toy-0003592,,,False,40.99014151000875,0.0,39.909334151971315,0.35,3.2526911934581184,0
28,trip,1505,1513.8333333333333,z32,z31,toy-0003595,,,False,47.89499999999996,0.0,47.09999999999996,0.35,2.3,0
33,trip,1505,1523.3098544941652,z32,z11,toy-0003594,,,False,42.42422619105027,0.0,40.77633928657542,0.35,5.142956348249516,0
20,trip,1505,1513.8333333333333,z11,z12,toy-0003591,,,False,47.89499999999981,0.0,47.09999999999981,0.35,2.3,0
27,trip,1505,1513.8333333333333,z01,z00,toy-0003590,,,False,45.72000000000013,0.0,44.925000000000125,0.35,2.3,0
9,visit,1505,1534.3333333333333,z30,z30,,depot_south,central,False,41.09757792588771,0.0,40.88757792588771,0.7,0,0
16,visit,1505,1525.3333333333333,z10,z10,,depot_west,local,False,41.863385283925275,0.0,40.48338528392527,4.6,0,0
1,trip,1510,1535.4107953946243,z02,z31,toy-0003597,,,False,47.02419264196248,0.0,44.737221056446295,0.35,7.273238618387272,0
0,trip,1510,1522.0089706448605,z20,z31,toy-0003596,,,False,42.15378488353363,0.0,41.0729775254962,0.35,3.2526911934581184,0
31,visit,1510,1536.6846079563875,z02,z02,,hub_center,local,False,37.37573232795652,0.0,35.42411761188165,6.505382386916237,0,0
41,visit,1510,1525.0,z30,z30,,depot_south,,True,19.31832577626809,17.77777777777778,36.88610355404587,0.7,0,10.666666666666668
3,trip,1515,1533.3098544941652,z12,z00,toy-0003601,,,False,44.190498379450126,0.0,42.542611474975274,0.35,5.142956348249516,0
32,trip,1515,1527.0089706448605,z21,z32,toy-0003598,,,False,45.16630573748766,0.0,44.08549837945023,0.35,3.2526911934581184,0
12,trip,1515,1531.5,z31,z11,toy-0003600,,,False,43.3821130955252,0.0,41.8971130955252,0.35,4.6,0
24,trip,1515,1523.8333333333333,z31,z30,toy-0003599,,,False,36.55567343854683,0.0,35.76067343854683,0.35,2.3,0
5,visit,1515,1530.0,z31,z31,,hub_core,local,True,36.89483253142175,11.210167468578248,47.894999999999996,0.7,0,6.726100481146949
11,visit,1515,1530.0,z32,z32,,hub_waterfront,,True,33.982719435896485,14.12228056410351,47.894999999999996,0.7,0,8.473368338462107
7,trip,1520,1532.0089706448605,z11,z20,toy-0003604,,,False,43.571770567850145,0.0,42.49096320981271,0.35,3.2526911934581184,0
35,trip,1520,1528.8333333333333,z21,z20,toy-0003605,,,False,45.5100000000001,0.0,44.715000000000096,0.35,2.3,0
23,trip,1520,1528.8333333333333,z10,z20,toy-0003603,,,False,46.24711309552527,0.0,45.45211309552527,0.35,2.3,0
25,trip,1520,1528.8333333333333,z10,z00,toy-0003602,,,False,43.15419264196234,0.0,42.35919264196234,0.35,2.3,0
4,visit,1520,1581.2863756549968,z22,z22,,depot_south,central,False,39.90933415197131,0.0,36.8235603430216,10.285912696499032,0,0
2,visit,1520,1535.0,z00,z00,,depot_west,,True,38.39731112993863,9.707688870061368,47.894999999999996,0.7,0,5.8246133220368215
39,trip,1525,1537.0089706448605,z32,z21,toy-0003608,,,False,42.31922619105038,0.0,41.23841883301295,0.35,3.2526911934581184,0
0,trip,1525,1533.8333333333333,z31,z32,toy-0003607,,,False,41.07297752549619,0.0,40.27797752549619,0.35,2.3,0
26,trip,1525,1543.3098544941652,z31,z12,toy-0003606,,,False,40.753630695117856,0.0,39.105743790643004,0.35,5.142956348249516,0
24,visit,1525,1540.0,z30,z30,,depot_south,,True,35.760673438546824,12.344326561453174,47.894999999999996,0.7,0,7.406595936871904
41,visit,1525,1540.0,z30,z30,,depot_south,,True,36.886103554045995,11.218896445954003,47.894999999999996,0.7,0,6.731337867572401
10,trip,1530,1538.8333333333333,z22,z32,toy-0003613,,,False,43.297300164836614,0.0,42.50230016483661,0.35,2.3,0
5,trip,1530,1538.8333333333333,z31,z21,toy-0003612,,,False,47.89499999999989,0.0,47.09999999999989,0.35,2.3,0
16,trip,1530,1548.3098544941652,z10,z31,toy-0003610,,,False,40.48338528392525,0.0,38.8354983794504,0.35,5.142956348249516,0
6,trip,1530,1554.1666666666667,z00,z30,toy-0003609,,,False,44.235000000000134,0.0,42.06000000000014,0.35,6.8999999999999995,0
33,trip,1530,1548.3098544941652,z11,z32,toy-0003611,,,False,40.77633928657541,0.0,39.128452382100555,0.35,5.142956348249516,0
36,trip,1535,1551.5,z21,z01,toy-0003614,,,False,45.224192641962375,0.0,43.739192641962376,0.35,4.6,0
17,trip,1535,1553.3098544941652,z12,z20,toy-0003615,,,False,42.28099442734895,0.0,40.6331075228741,0.35,5.142956348249516,0
14,trip,1535,1543.8333333333333,z22,z12,toy-0003616,,,False,44.63329692373732,0.0,43.83829692373732,0.35,2.3,0
15,trip,1540,1548.8333333333333,z22,z21,toy-0003621,,,False,45.719999999999985,0.0,44.92499999999998,0.35,2.3,0
0,trip,1540,1558.3098544941652,z32,z20,toy-0003622,,,False,40.27797752549618,0.0,38.63009062102133,0.35,5.142956348249516,0
18,trip,1540,1565.4107953946243,z01,z32,toy-0003619,,,False,45.60802841448392,0.0,43.321056828967734,0.35,7.273238618387272,0
42,trip,1540,1556.5,z01,z21,toy-0003618,,,False,47.310000000000116,0.0,45.82500000000012,0.35,4.6,0
7,trip,1540,1548.8333333333333,z20,z30,toy-0003617,,,False,42.490963209812705,0.0,41.6959632098127,0.35,2.3,0
1,trip,1540,1552.0089706448605,z31,z20,toy-0003620,,,False,44.73722105644629,0.0,43.656413698408855,0.35,3.2526911934581184,0
19,trip,1545,1563.3098544941652,z22,z01,toy-0003625,,,False,18.778749743884838,0.0,17.130862839409982,0.35,5.142956348249516,0
5,trip,1545,1553.8333333333333,z21,z11,toy-0003624,,,False,47.09999999999988,0.0,46.30499999999988,0.35,2.3,0
10,trip,1545,1567.8512746230542,z32,z10,toy-0003626,,,False,42.502300164836605,0.0,40.445685448761736,0.35,6.505382386916237,0
34,trip,1545,1563.3098544941652,z10,z22,toy-0003623,,,False,41.91049837945009,0.0,40.26261147497524,0.35,5.142956348249516,0
14,visit,1545,1565.3333333333333,z12,z12,,hub_center,local,False,43.83829692373731,0.0,42.45829692373731,4.6,0,0
16,visit,1550,1565.0,z31,z31,,hub_core,,True,38.835498379450385,9.269501620549612,47.894999999999996,0.7,0,5.561700972329767
1,trip,1555,1567.0089706448605,z20,z11,toy-0003627,,,False,43.65641369840885,0.0,42.575606340371415,0.35,3.2526911934581184,0
36,visit,1555,1575.3333333333333,z01,z01,,depot_west,local,False,43.739192641962376,0.0,42.35919264196237,4.6,0,0
11,trip,1560,1568.8333333333333,z32,z31,toy-0003629,,,False,47.894999999999854,0.0,47.09999999999985,0.35,2.3,0
15,trip,1560,1568.8333333333333,z21,z31,toy-0003628,,,False,44.924999999999976,0.0,44.129999999999974,0.35,2.3,0
29,trip,1565,1587.8512746230542,z22,z00,toy-0003631,,,False,44.235000000000085,0.0,42.178385283925216,0.35,6.505382386916237,0
21,trip,1565,1593.8092264452239,z02,z30,toy-0003630,,,False,45.302169619929764,0.0,42.70933923985961,0.35,8.292767933567175,0
19,trip,1570,1594.1666666666667,z01,z31,toy-0003632,,,False,17.130862839409975,0.0,14.955862839409974,0.35,6.8999999999999995,0
1,trip,1570,1586.5,z11,z31,toy-0003633,,,False,42.57560634037141,0.0,41.09060634037141,0.35,4.6,0
11,trip,1570,1588.3098544941652,z31,z10,toy-0003634,,,False,47.099999999999845,0.0,45.45211309552499,0.35,5.142956348249516,0
34,trip,1575,1587.0089706448605,z22,z31,toy-0003636,,,False,40.26261147497522,0.0,39.18180411693779,0.35,3.2526911934581184,0
10,trip,1575,1587.0089706448605,z10,z21,toy-0003635,,,False,40.44568544876172,0.0,39.36487809072429,0.35,3.2526911934581184,0
15,trip,1580,1592.0089706448605,z31,z22,toy-0003637,,,False,44.12999999999997,0.0,43.049192641962534,0.35,3.2526911934581184,0
37,trip,1585,1597.0089706448605,z21,z10,toy-0003638,,,False,47.89499999999988,0.0,46.81419264196245,0.35,3.2526911934581184,0
16,trip,1590,1598.8333333333333,z31,z32,toy-0003639,,,False,47.89500000000012,0.0,47.100000000000115,0.35,2.3,0
18,trip,1590,1614.1666666666667,z32,z02,toy-0003640,,,False,43.32105682896773,0.0,41.14605682896773,0.35,6.8999999999999995,0
1,visit,1590,1605.0,z31,z31,,hub_core,local,True,41.09060634037141,7.014393659628589,47.894999999999996,0.7,0,4.208636195777153
0,trip,1595,1613.3098544941652,z20,z32,toy-0003641,,,False,38.63009062102132,0.0,36.982203716546465,0.35,5.142956348249516,0
32,trip,1595,1603.8333333333333,z32,z22,toy-0003642,,,False,44.08549837945022,0.0,43.29049837945022,0.35,2.3,0
19,visit,1595,1619.2228156296874,z31,z31,,hub_core,,False,14.95586283940997,33.14913716059003,47.895,0.7,0,19.889482296354018
6,trip,1600,1618.3098544941652,z30,z22,toy-0003643,,,False,42.06000000000012,0.0,40.41211309552527,0.35,5.142956348249516,0
14,trip,1600,1612.0089706448605,z12,z21,toy-0003645,,,False,42.45829692373729,0.0,41.377489565699854,0.35,3.2526911934581184,0
10,trip,1600,1608.8333333333333,z21,z22,toy-0003644,,,False,39.36487809072428,0.0,38.56987809072428,0.35,2.3,0
4,trip,1605,1621.5,z22,z20,toy-0003649,,,False,36.82356034302157,0.0,35.33856034302157,0.35,4.6,0
36,trip,1605,1613.8333333333333,z01,z02,toy-0003646,,,False,42.35919264196235,0.0,41.56419264196235,0.35,2.3,0
5,trip,1605,1613.8333333333333,z11,z21,toy-0003647,,,False,46.30499999999987,0.0,45.50999999999987,0.35,2.3,0
1,trip,1605,1613.8333333333333,z31,z21,toy-0003648,,,False,47.895000000000095,0.0,47.100000000000094,0.35,2.3,0
28,trip,1610,1635.4107953946243,z31,z00,toy-0003652,,,False,47.09999999999995,0.0,44.81302841448377,0.35,7.273238618387272,0
16,trip,1610,1635.4107953946243,z32,z01,toy-0003653,,,False,47.10000000000011,0.0,44.813028414483924,0.35,7.273238618387272,0
13,trip,1610,1626.5,z20,z22,toy-0003650,,,False,45.4521130955252,0.0,43.9671130955252,0.35,4.6,0
39,trip,1610,1622.0089706448605,z21,z32,toy-0003651,,,False,41.23841883301294,0.0,40.15761147497551,0.35,3.2526911934581184,0
7,trip,1615,1631.5,z30,z32,toy-0003655,,,False,41.695963209812696,0.0,40.2109632098127,0.35,4.6,0
17,trip,1615,1623.8333333333333,z20,z21,toy-0003654,,,False,40.633107522874084,0.0,39.83810752287408,0.35,2.3,0
0,visit,1615,1630.0,z32,z32,,hub_waterfront,local,True,36.98220371654645,11.122796283453546,47.894999999999996,0.7,0,6.673677770072128
4,trip,1625,1637.0089706448605,z20,z31,toy-0003656,,,False,35.33856034302157,0.0,34.25775298498414,0.35,3.2526911934581184,0
19,trip,1625,1641.5,z31,z11,toy-0003657,,,False,47.89500000000016,0.0,46.41000000000016,0.35,4.6,0
33,trip,1625,1637.0089706448605,z32,z21,toy-0003658,,,False,39.12845238210054,0.0,38.04764502406311,0.35,3.2526911934581184,0
23,trip,1630,1648.3098544941652,z20,z01,toy-0003659,,,False,45.45211309552526,0.0,43.80422619105041,0.35,5.142956348249516,0
1,trip,1630,1642.0089706448605,z21,z12,toy-0003660,,,False,47.10000000000009,0.0,46.019192641962654,0.35,3.2526911934581184,0
20,trip,1635,1651.5,z12,z32,toy-0003661,,,False,47.0999999999998,0.0,45.6149999999998,0.35,4.6,0
7,visit,1635,1692.6666666666667,z32,z32,,depot_south,central,False,40.2109632098127,0.0,37.4509632098127,9.2,0,0
9,trip,1640,1648.8333333333333,z30,z31,toy-0003662,,,False,40.887577925887705,0.0,40.0925779258877,0.35,2.3,0
0,trip,1640,1648.8333333333333,z32,z31,toy-0003663,,,False,47.894999999999975,0.0,47.09999999999997,0.35,2.3,0
4,visit,1640,1655.0,z31,z31,,hub_core,,True,34.25775298498413,13.847247015015869,47.894999999999996,0.7,0,8.308348209009521
33,visit,1640,1655.0,z21,z21,,hub_inner,,True,38.0476450240631,10.057354975936896,47.894999999999996,0.7,0,6.034412985562137
0,trip,1655,1679.1666666666667,z31,z01,toy-0003665,,,False,47.099999999999966,0.0,44.92499999999997,0.35,6.8999999999999995,0
5,trip,1655,1663.8333333333333,z21,z31,toy-0003664,,,False,45.50999999999986,0.0,44.71499999999986,0.35,2.3,0
1,trip,1655,1673.3098544941652,z12,z31,toy-0003666,,,False,46.01919264196265,0.0,44.371305737487795,0.35,5.142956348249516,0
6,trip,1655,1663.8333333333333,z22,z32,toy-0003667,,,False,40.41211309552526,0.0,39.617113095525255,0.35,2.3,0
18,trip,1660,1676.5,z02,z22,toy-0003668,,,False,41.146056828967716,0.0,39.661056828967716,0.35,4.6,0
22,trip,1660,1668.8333333333333,z12,z22,toy-0003669,,,False,46.41000000000003,0.0,45.61500000000003,0.35,2.3,0
20,trip,1660,1678.3098544941652,z32,z11,toy-0003670,,,False,45.6149999999998,0.0,43.96711309552495,0.35,5.142956348249516,0
26,trip,1665,1677.0089706448605,z12,z01,toy-0003671,,,False,39.10574379064299,0.0,38.02493643260556,0.35,3.2526911934581184,0
12,trip,1675,1687.0089706448605,z11,z22,toy-0003672,,,False,41.8971130955252,0.0,40.81630573748777,0.35,3.2526911934581184,0
1,trip,1680,1688.8333333333333,z31,z32,toy-0003673,,,False,44.37130573748778,0.0,43.57630573748778,0.35,2.3,0
18,visit,1680,1700.3333333333333,z22,z22,,hub_inner,local,False,39.661056828967716,0.0,38.281056828967714,4.6,0,0
20,visit,1680,1695.0,z11,z11,,hub_center,local,True,43.96711309552494,4.13788690447506,47.894999999999996,0.7,0,2.482732142685036
4,trip,1685,1697.0089706448605,z31,z20,toy-0003675,,,False,47.894999999999804,0.0,46.81419264196237,0.35,3.2526911934581184,0
10,trip,1685,1697.0089706448605,z22,z31,toy-0003676,,,False,38.56987809072427,0.0,37.48907073268684,0.35,3.2526911934581184,0
2,trip,1685,1693.8333333333333,z00,z01,toy-0003674,,,False,47.89500000000002,0.0,47.100000000000016,0.35,2.3,0
5,trip,1695,1707.0089706448605,z31,z22,toy-0003677,,,False,44.714999999999854,0.0,43.63419264196242,0.35,3.2526911934581184,0
12,trip,1695,1703.8333333333333,z22,z21,toy-0003678,,,False,40.81630573748776,0.0,40.02130573748776,0.35,2.3,0
7,visit,1695,1710.0,z32,z32,,hub_waterfront,,True,37.45096320981269,10.654036790187304,47.894999999999996,0.7,0,6.392422074112383
19,trip,1700,1718.3098544941652,z11,z32,toy-0003679,,,False,46.41000000000016,0.0,44.76211309552531,0.35,5.142956348249516,0
10,visit,1700,1715.0,z31,z31,,hub_core,local,True,37.489070732686834,10.615929267313163,47.894999999999996,0.7,0,6.369557560387898
13,trip,1705,1717.0089706448605,z22,z11,toy-0003681,,,False,43.9671130955252,0.0,42.88630573748777,0.35,3.2526911934581184,0
9,trip,1705,1723.3098544941652,z31,z12,toy-0003680,,,False,40.092577925887696,0.0,38.444691021412844,0.35,5.142956348249516,0
34,trip,1710,1718.8333333333333,z31,z21,toy-0003682,,,False,39.18180411693778,0.0,38.38680411693778,0.35,2.3,0
4,trip,1715,1723.8333333333333,z20,z10,toy-0003683,,,False,46.814192641962364,0.0,46.01919264196236,0.35,2.3,0
5,trip,1715,1733.3098544941652,z22,z10,toy-0003685,,,False,43.634192641962414,0.0,41.98630573748756,0.35,5.142956348249516,0
20,trip,1715,1731.5,z11,z31,toy-0003684,,,False,47.89500000000011,0.0,46.41000000000011,0.35,4.6,0
34,visit,1720,1735.0,z21,z21,,hub_inner,,True,38.386804116937775,9.718195883062224,47.894999999999996,0.7,0,5.8309175298373335
1,trip,1725,1741.5,z32,z30,toy-0003687,,,False,43.57630573748777,0.0,42.09130573748777,0.35,4.6,0
6,trip,1725,1743.3098544941652,z32,z20,toy-0003686,,,False,39.61711309552525,0.0,37.969226191050396,0.35,5.142956348249516,0
7,trip,1725,1741.5,z32,z12,toy-0003688,,,False,47.894999999999925,0.0,46.409999999999926,0.35,4.6,0
3,trip,1730,1758.8092264452239,z00,z32,toy-0003689,,,False,42.54261147497526,0.0,39.949781094905106,0.35,8.292767933567175,0
19,trip,1730,1738.8333333333333,z32,z31,toy-0003691,,,False,44.762113095525294,0.0,43.96711309552529,0.35,2.3,0
12,trip,1730,1738.8333333333333,z21,z20,toy-0003690,,,False,40.02130573748775,0.0,39.22630573748775,0.35,2.3,0
4,trip,1735,1753.3098544941652,z10,z31,toy-0003692,,,False,46.019192641962356,0.0,44.3713057374875,0.35,5.142956348249516,0
39,trip,1740,1748.8333333333333,z32,z22,toy-0003698,,,False,40.1576114749755,0.0,39.3626114749755,0.35,2.3,0
14,trip,1740,1748.8333333333333,z21,z11,toy-0003695,,,False,41.37748956569985,0.0,40.582489565699845,0.35,2.3,0
8,trip,1740,1765.4107953946243,z00,z31,toy-0003693,,,False,45.45211309552499,0.0,43.16514151000881,0.35,7.273238618387272,0
5,trip,1740,1762.8512746230542,z10,z32,toy-0003694,,,False,41.98630573748755,0.0,39.92969102141268,0.35,6.505382386916237,0
17,trip,1740,1752.0089706448605,z21,z32,toy-0003696,,,False,39.838107522874076,0.0,38.75730016483664,0.35,3.2526911934581184,0
9,trip,1740,1748.8333333333333,z12,z11,toy-0003697,,,False,38.44469102141283,0.0,37.64969102141283,0.35,2.3,0
33,trip,1745,1753.8333333333333,z21,z31,toy-0003699,,,False,47.894999999999904,0.0,47.0999999999999,0.35,2.3,0
56,trip,1750,1762.0089706448605,z32,z21,toy-0003701,,,False,45.16630573748755,0.0,44.085498379450115,0.35,3.2526911934581184,0
10,trip,1750,1758.8333333333333,z31,z32,toy-0003700,,,False,47.89499999999995,0.0,47.09999999999995,0.35,2.3,0
9,visit,1750,1765.0,z11,z11,,hub_center,,True,37.64969102141282,10.455308978587176,47.894999999999996,0.7,0,6.2731853871523064
34,trip,1755,1763.8333333333333,z21,z22,toy-0003704,,,False,47.8949999999999,0.0,47.099999999999895,0.35,2.3,0
4,trip,1755,1763.8333333333333,z31,z30,toy-0003705,,,False,44.37130573748749,0.0,43.57630573748749,0.35,2.3,0
6,trip,1755,1773.3098544941652,z20,z12,toy-0003702,,,False,37.96922619105038,0.0,36.32133928657553,0.35,5.142956348249516,0
19,trip,1755,1771.5,z31,z11,toy-0003706,,,False,43.967113095525285,0.0,42.482113095525285,0.35,4.6,0
0,trip,1755,1773.3098544941652,z01,z22,toy-0003703,,,False,44.924999999999955,0.0,43.2771130955251,0.35,5.142956348249516,0
17,visit,1755,1770.0,z32,z32,,hub_waterfront,,True,38.757300164836636,9.347699835163361,47.894999999999996,0.7,0,5.608619901098017
15,trip,1760,1778.3098544941652,z22,z30,toy-0003709,,,False,43.04919264196253,0.0,41.401305737487675,0.35,5.142956348249516,0
31,trip,1760,1778.3098544941652,z02,z21,toy-0003708,,,False,35.424117611881634,0.0,33.77623070740678,0.35,5.142956348249516,0
12,trip,1760,1772.0089706448605,z20,z31,toy-0003707,,,False,39.22630573748774,0.0,38.14549837945031,0.35,3.2526911934581184,0
3,visit,1760,1775.0,z32,z32,,hub_waterfront,local,True,39.949781094905106,8.155218905094891,47.894999999999996,0.7,0,4.893131343056934
35,trip,1765,1783.3098544941652,z20,z32,toy-0003710,,,False,44.71500000000009,0.0,43.06711309552524,0.35,5.142956348249516,0
18,trip,1765,1777.0089706448605,z22,z31,toy-0003712,,,False,38.28105682896769,0.0,37.20024947093026,0.35,3.2526911934581184,0
20,trip,1765,1783.3098544941652,z31,z10,toy-0003711,,,False,46.41000000000011,0.0,44.76211309552526,0.35,5.142956348249516,0
34,visit,1765,1826.2863756549968,z22,z22,,depot_south,central,False,47.09999999999989,0.0,44.01422619105018,10.285912696499032,0,0
25,trip,1770,1778.8333333333333,z00,z10,toy-0003713,,,False,42.35919264196233,0.0,41.56419264196233,0.35,2.3,0
8,trip,1770,1782.0089706448605,z31,z22,toy-0003718,,,False,43.1651415100088,0.0,42.08433415197137,0.35,3.2526911934581184,0
11,trip,1770,1788.3098544941652,z10,z02,toy-0003715,,,False,45.45211309552498,0.0,43.80422619105013,0.35,5.142956348249516,0
33,trip,1770,1778.8333333333333,z31,z21,toy-0003717,,,False,47.099999999999895,0.0,46.30499999999989,0.35,2.3,0
22,trip,1770,1778.8333333333333,z22,z32,toy-0003719,,,False,45.61500000000002,0.0,44.82000000000002,0.35,2.3,0
42,trip,1770,1788.3098544941652,z21,z02,toy-0003716,,,False,45.82500000000012,0.0,44.177113095525264,0.35,5.142956348249516,0
37,trip,1770,1778.8333333333333,z10,z11,toy-0003714,,,False,46.81419264196244,0.0,46.01919264196244,0.35,2.3,0
3,trip,1775,1797.8512746230542,z32,z10,toy-0003723,,,False,47.894999999999925,0.0,45.83838528392506,0.35,6.505382386916237,0
40,trip,1775,1800.4107953946243,z31,z02,toy-0003722,,,False,47.89499999999999,0.0,45.608028414483805,0.35,7.273238618387272,0
2,trip,1775,1799.1666666666667,z01,z31,toy-0003720,,,False,47.10000000000001,0.0,44.92500000000001,0.35,6.8999999999999995,0
5,trip,1775,1783.8333333333333,z32,z31,toy-0003724,,,False,39.929691021412665,0.0,39.134691021412664,0.35,2.3,0
9,trip,1775,1787.0089706448605,z11,z20,toy-0003721,,,False,47.89500000000006,0.0,46.81419264196263,0.35,3.2526911934581184,0
12,visit,1775,1790.0,z31,z31,,hub_core,local,True,38.1454983794503,9.959501620549695,47.894999999999996,0.7,0,5.9757009723298165
13,trip,1780,1788.8333333333333,z11,z21,toy-0003725,,,False,42.88630573748776,0.0,42.09130573748776,0.35,2.3,0
31,visit,1780,1795.0,z21,z21,,hub_inner,,True,33.77623070740677,14.32876929259323,47.894999999999996,0.7,0,8.597261575555939
18,visit,1780,1795.0,z31,z31,,hub_core,,True,37.20024947093025,10.904750529069743,47.894999999999996,0.7,0,6.542850317441846
33,trip,1785,1803.3098544941652,z21,z00,toy-0003727,,,False,46.304999999999886,0.0,44.657113095525034,0.35,5.142956348249516,0
43,trip,1785,1797.0089706448605,z31,z20,toy-0003728,,,False,47.09999999999998,0.0,46.01919264196255,0.35,3.2526911934581184,0
16,trip,1785,1797.0089706448605,z01,z12,toy-0003726,,,False,44.81302841448392,0.0,43.732221056446484,0.35,3.2526911934581184,0
5,visit,1785,1800.0,z31,z31,,hub_core,local,True,39.13469102141266,8.970308978587338,47.894999999999996,0.7,0,5.382185387152403
9,trip,1790,1798.8333333333333,z20,z21,toy-0003730,,,False,46.81419264196262,0.0,46.01919264196262,0.35,2.3,0
12,trip,1790,1798.8333333333333,z31,z32,toy-0003733,,,False,47.89500000000002,0.0,47.100000000000016,0.35,2.3,0
10,trip,1790,1808.3098544941652,z32,z11,toy-0003735,,,False,47.099999999999945,0.0,45.45211309552509,0.35,5.142956348249516,0
0,trip,1790,1798.8333333333333,z22,z12,toy-0003734,,,False,43.27711309552509,0.0,42.48211309552509,0.35,2.3,0
23,trip,1790,1815.4107953946243,z01,z32,toy-0003731,,,False,43.8042261910504,0.0,41.51725460553421,0.35,7.273238618387272,0
14,trip,1790,1806.5,z11,z31,toy-0003732,,,False,40.58248956569984,0.0,39.09748956569984,0.35,4.6,0
27,trip,1790,1808.3098544941652,z00,z21,toy-0003729,,,False,44.92500000000012,0.0,43.277113095525266,0.35,5.142956348249516,0
6,trip,1795,1813.3098544941652,z12,z31,toy-0003738,,,False,36.321339286575515,0.0,34.67345238210066,0.35,5.142956348249516,0
8,trip,1795,1811.5,z22,z20,toy-0003739,,,False,42.08433415197136,0.0,40.59933415197136,0.35,4.6,0
32,trip,1795,1803.8333333333333,z22,z21,toy-0003740,,,False,43.29049837945021,0.0,42.49549837945021,0.35,2.3,0
26,trip,1795,1803.8333333333333,z01,z11,toy-0003736,,,False,38.02493643260555,0.0,37.22993643260555,0.35,2.3,0
13,trip,1795,1803.8333333333333,z21,z31,toy-0003737,,,False,42.09130573748775,0.0,41.29630573748775,0.35,2.3,0
19,trip,1800,1818.3098544941652,z11,z32,toy-0003745,,,False,42.482113095525285,0.0,40.83422619105043,0.35,5.142956348249516,0
43,trip,1800,1816.5,z20,z22,toy-0003743,,,False,46.01919264196254,0.0,44.53419264196254,0.35,4.6,0
12,trip,1800,1828.8092264452239,z32,z00,toy-0003750,,,False,47.10000000000001,0.0,44.507169619929854,0.35,8.292767933567175,0
1,trip,1800,1812.0089706448605,z30,z21,toy-0003744,,,False,42.09130573748777,0.0,41.01049837945034,0.35,3.2526911934581184,0
9,trip,1800,1812.0089706448605,z21,z32,toy-0003747,,,False,46.01919264196261,0.0,44.93838528392518,0.35,3.2526911934581184,0
28,trip,1800,1818.3098544941652,z00,z12,toy-0003741,,,False,44.81302841448376,0.0,43.16514151000891,0.35,5.142956348249516,0
11,trip,1800,1824.1666666666667,z02,z32,toy-0003749,,,False,43.80422619105011,0.0,41.629226191050115,0.35,6.8999999999999995,0
36,trip,1800,1825.4107953946243,z02,z31,toy-0003748,,,False,41.56419264196234,0.0,39.27722105644616,0.35,7.273238618387272,0
44,trip,1800,1812.0089706448605,z20,z11,toy-0003742,,,False,41.036241136590725,0.0,39.95543377855329,0.35,3.2526911934581184,0
17,trip,1800,1808.8333333333333,z32,z22,toy-0003751,,,False,47.895000000000145,0.0,47.10000000000014,0.35,2.3,0
31,trip,1800,1812.0089706448605,z21,z30,toy-0003746,,,False,47.89499999999989,0.0,46.81419264196246,0.35,3.2526911934581184,0
3,trip,1805,1817.0089706448605,z10,z01,toy-0003753,,,False,45.83838528392504,0.0,44.75757792588761,0.35,3.2526911934581184,0
46,trip,1805,1821.5,z01,z21,toy-0003756,,,False,39.418981979086894,0.0,37.933981979086894,0.35,4.6,0
26,trip,1805,1813.8333333333333,z11,z12,toy-0003757,,,False,37.22993643260554,0.0,36.43493643260554,0.35,2.3,0
2,trip,1805,1829.1666666666667,z31,z01,toy-0003760,,,False,44.925,0.0,42.75,0.35,6.8999999999999995,0
39,trip,1805,1817.0089706448605,z22,z31,toy-0003766,,,False,39.362611474975495,0.0,38.28180411693806,0.35,3.2526911934581184,0
22,trip,1805,1817.0089706448605,z32,z21,toy-0003767,,,False,44.820000000000014,0.0,43.73919264196258,0.35,3.2526911934581184,0
29,trip,1805,1827.8512746230542,z00,z22,toy-0003752,,,False,42.1783852839252,0.0,40.121770567850334,0.35,6.505382386916237,0
0,trip,1805,1821.5,z12,z32,toy-0003765,,,False,42.48211309552508,0.0,40.99711309552508,0.35,4.6,0
32,trip,1805,1821.5,z21,z01,toy-0003759,,,False,42.495498379450204,0.0,41.010498379450205,0.35,4.6,0
20,trip,1805,1823.3098544941652,z10,z22,toy-0003755,,,False,44.762113095525244,0.0,43.11422619105039,0.35,5.142956348249516,0
40,trip,1805,1827.8512746230542,z02,z20,toy-0003763,,,False,45.6080284144838,0.0,43.55141369840893,0.35,6.505382386916237,0
25,trip,1805,1817.0089706448605,z10,z21,toy-0003754,,,False,41.56419264196232,0.0,40.48338528392489,0.35,3.2526911934581184,0
5,trip,1805,1813.8333333333333,z31,z21,toy-0003761,,,False,47.89500000000016,0.0,47.10000000000016,0.35,2.3,0
35,trip,1805,1813.8333333333333,z32,z31,toy-0003768,,,False,43.06711309552522,0.0,42.27211309552522,0.35,2.3,0
7,trip,1805,1817.0089706448605,z12,z21,toy-0003764,,,False,46.409999999999926,0.0,45.32919264196249,0.35,3.2526911934581184,0
18,trip,1805,1823.3098544941652,z31,z12,toy-0003762,,,False,47.89500000000005,0.0,46.2471130955252,0.35,5.142956348249516,0
37,trip,1805,1817.0089706448605,z11,z22,toy-0003758,,,False,46.019192641962434,0.0,44.938385283925,0.35,3.2526911934581184,0
13,visit,1805,1820.0,z31,z31,,hub_core,local,True,41.29630573748774,6.808694262512254,47.894999999999996,0.7,0,4.085216557507352
33,visit,1805,1820.0,z00,z00,,depot_west,local,True,44.65711309552502,3.447886904474977,47.894999999999996,0.7,0,2.0687321426849863
16,trip,1810,1818.8333333333333,z12,z02,toy-0003776,,,False,43.73222105644648,0.0,42.937221056446475,0.35,2.3,0
58,trip,1810,1828.3098544941652,z32,z20,toy-0003778,,,False,46.019192641962604,0.0,44.37130573748775,0.35,5.142956348249516,0
14,trip,1810,1826.5,z31,z11,toy-0003774,,,False,39.09748956569984,0.0,37.61248956569984,0.35,4.6,0
27,trip,1810,1822.0089706448605,z21,z12,toy-0003773,,,False,43.27711309552525,0.0,42.19630573748782,0.35,3.2526911934581184,0
10,trip,1810,1818.8333333333333,z11,z10,toy-0003771,,,False,45.45211309552508,0.0,44.65711309552508,0.35,2.3,0
50,trip,1810,1822.0089706448605,z31,z22,toy-0003775,,,False,45.733385283925,0.0,44.65257792588757,0.35,3.2526911934581184,0
48,trip,1810,1822.0089706448605,z21,z10,toy-0003772,,,False,45.04238160477858,0.0,43.96157424674115,0.35,3.2526911934581184,0
4,trip,1810,1828.3098544941652,z30,z11,toy-0003769,,,False,43.57630573748748,0.0,41.92841883301263,0.35,5.142956348249516,0
15,trip,1810,1818.8333333333333,z30,z31,toy-0003770,,,False,41.40130573748766,0.0,40.60630573748766,0.35,2.3,0
17,trip,1810,1826.5,z22,z02,toy-0003777,,,False,47.100000000000136,0.0,45.61500000000014,0.35,4.6,0
35,trip,1815,1840.4107953946243,z31,z00,toy-0003786,,,False,42.272113095525214,0.0,39.98514151000903,0.35,7.273238618387272,0
67,trip,1815,1833.3098544941652,z10,z31,toy-0003779,,,False,46.40999999999994,0.0,44.76211309552509,0.35,5.142956348249516,0
52,trip,1815,1823.8333333333333,z31,z32,toy-0003787,,,False,47.89499999999994,0.0,47.09999999999994,0.35,2.3,0
60,trip,1815,1823.8333333333333,z22,z32,toy-0003791,,,False,44.925000000000054,0.0,44.13000000000005,0.35,2.3,0
1,trip,1815,1823.8333333333333,z21,z11,toy-0003783,,,False,41.01049837945033,0.0,40.21549837945033,0.35,2.3,0
63,trip,1815,1833.3098544941652,z22,z01,toy-0003789,,,False,37.08102914221233,0.0,35.43314223773748,0.35,5.142956348249516,0
9,trip,1815,1840.4107953946243,z32,z01,toy-0003792,,,False,44.93838528392517,0.0,42.65141369840899,0.35,7.273238618387272,0
8,trip,1815,1827.0089706448605,z20,z31,toy-0003780,,,False,40.59933415197136,0.0,39.51852679393393,0.35,3.2526911934581184,0
42,trip,1815,1823.8333333333333,z02,z01,toy-0003788,,,False,44.17711309552525,0.0,43.38211309552525,0.35,2.3,0
5,trip,1815,1823.8333333333333,z21,z31,toy-0003784,,,False,47.10000000000015,0.0,46.30500000000015,0.35,2.3,0
56,trip,1815,1823.8333333333333,z21,z22,toy-0003785,,,False,44.08549837945011,0.0,43.290498379450106,0.35,2.3,0
44,trip,1815,1823.8333333333333,z11,z01,toy-0003781,,,False,39.955433778553285,0.0,39.16043377855328,0.35,2.3,0
65,trip,1815,1827.0089706448605,z22,z11,toy-0003790,,,False,45.83838528392525,0.0,44.757577925887816,0.35,3.2526911934581184,0
74,trip,1815,1823.8333333333333,z21,z20,toy-0003782,,,False,42.04353265626668,0.0,41.248532656266676,0.35,2.3,0
6,visit,1815,1857.3333333333333,z31,z31,,depot_south,central,False,34.67345238210065,0.0,33.29345238210065,4.6,0,0
26,visit,1815,1835.3333333333333,z12,z12,,hub_center,local,False,36.43493643260553,0.0,35.05493643260553,4.6,0,0
33,trip,1820,1836.5,z00,z20,toy-0003793,,,False,47.89499999999983,0.0,46.40999999999983,0.35,4.6,0
38,trip,1820,1832.0089706448605,z00,z11,toy-0003794,,,False,47.89500000000011,0.0,46.81419264196268,0.35,3.2526911934581184,0
28,trip,1820,1838.3098544941652,z12,z20,toy-0003795,,,False,43.165141510008894,0.0,41.51725460553404,0.35,5.142956348249516,0
39,visit,1820,1835.0,z31,z31,,hub_core,local,True,38.281804116938055,9.823195883061942,47.894999999999996,0.7,0,5.893917529837165
0,trip,1825,1833.8333333333333,z32,z31,toy-0003804,,,False,40.99711309552508,0.0,40.20211309552508,0.35,2.3,0
11,trip,1825,1841.5,z32,z12,toy-0003805,,,False,41.6292261910501,0.0,40.1442261910501,0.35,4.6,0
1,trip,1825,1841.5,z11,z31,toy-0003801,,,False,40.215498379450324,0.0,38.730498379450324,0.35,4.6,0
45,trip,1825,1843.3098544941652,z11,z30,toy-0003800,,,False,42.88304745280694,0.0,41.23516054833209,0.35,5.142956348249516,0
3,trip,1825,1837.0089706448605,z01,z10,toy-0003799,,,False,44.7575779258876,0.0,43.67677056785017,0.35,3.2526911934581184,0
10,trip,1825,1833.8333333333333,z10,z20,toy-0003796,,,False,44.65711309552507,0.0,43.86211309552507,0.35,2.3,0
21,trip,1825,1841.5,z30,z32,toy-0003798,,,False,42.70933923985961,0.0,41.22433923985961,0.35,4.6,0
53,trip,1825,1843.3098544941652,z20,z32,toy-0003797,,,False,40.73178506373333,0.0,39.083898159258474,0.35,5.142956348249516,0
5,trip,1825,1837.0089706448605,z31,z20,toy-0003802,,,False,46.30500000000014,0.0,45.22419264196271,0.35,3.2526911934581184,0
18,trip,1825,1833.8333333333333,z12,z22,toy-0003803,,,False,46.24711309552519,0.0,45.452113095525185,0.35,2.3,0
44,visit,1825,1845.3333333333333,z01,z01,,depot_west,local,False,39.160433778553276,0.0,37.780433778553274,4.6,0,0
42,visit,1825,1845.3333333333333,z01,z01,,depot_west,local,False,43.38211309552524,0.0,42.00211309552524,4.6,0,0
46,visit,1825,1840.0,z21,z21,,hub_inner,,True,37.933981979086894,10.171018020913102,47.894999999999996,0.7,0,6.102610812547862
19,trip,1830,1842.0089706448605,z32,z21,toy-0003818,,,False,40.83422619105042,0.0,39.75341883301299,0.35,3.2526911934581184,0
27,trip,1830,1852.8512746230542,z12,z30,toy-0003815,,,False,42.19630573748781,0.0,40.13969102141294,0.35,6.505382386916237,0
8,trip,1830,1838.8333333333333,z31,z32,toy-0003814,,,False,39.51852679393392,0.0,38.72352679393392,0.35,2.3,0
4,trip,1830,1842.0089706448605,z11,z00,toy-0003809,,,False,41.928418833012614,0.0,40.84761147497518,0.35,3.2526911934581184,0
20,trip,1830,1838.8333333333333,z22,z21,toy-0003816,,,False,43.11422619105038,0.0,42.319226191050376,0.35,2.3,0
48,trip,1830,1852.8512746230542,z10,z32,toy-0003806,,,False,43.961574246741144,0.0,41.904959530666275,0.35,6.505382386916237,0
13,trip,1830,1848.3098544941652,z31,z10,toy-0003811,,,False,47.89500000000018,0.0,46.24711309552533,0.35,5.142956348249516,0
29,trip,1830,1842.0089706448605,z22,z31,toy-0003817,,,False,40.12177056785032,0.0,39.04096320981289,0.35,3.2526911934581184,0
32,trip,1830,1848.3098544941652,z01,z20,toy-0003808,,,False,41.010498379450205,0.0,39.36261147497535,0.35,5.142956348249516,0
15,trip,1830,1838.8333333333333,z31,z21,toy-0003812,,,False,40.60630573748765,0.0,39.81130573748765,0.35,2.3,0
24,trip,1830,1838.8333333333333,z30,z20,toy-0003807,,,False,47.89500000000017,0.0,47.100000000000165,0.35,2.3,0
7,trip,1830,1842.0089706448605,z21,z32,toy-0003810,,,False,45.329192641962486,0.0,44.24838528392505,0.35,3.2526911934581184,0
36,trip,1830,1842.0089706448605,z31,z22,toy-0003813,,,False,39.27722105644615,0.0,38.19641369840872,0.35,3.2526911934581184,0
2,visit,1830,1850.3333333333333,z01,z01,,depot_west,local,False,42.749999999999986,0.0,41.36999999999998,4.6,0,0
40,visit,1830,1850.3333333333333,z20,z20,,depot_south,local,False,43.551413698408915,0.0,42.17141369840891,4.6,0,0
17,visit,1830,1887.6666666666667,z02,z02,,depot_west,central,False,45.61500000000014,0.0,42.85500000000014,9.2,0,0
14,visit,1830,1845.0,z11,z11,,hub_center,,True,37.61248956569984,10.492510434300158,47.894999999999996,0.7,0,6.295506260580095
38,trip,1835,1843.8333333333333,z11,z21,toy-0003819,,,False,46.81419264196267,0.0,46.01919264196267,0.35,2.3,0
23,trip,1835,1853.3098544941652,z32,z11,toy-0003822,,,False,41.517254605534205,0.0,39.86936770105935,0.35,5.142956348249516,0
16,trip,1835,1847.0089706448605,z02,z11,toy-0003820,,,False,42.93722105644647,0.0,41.856413698409035,0.35,3.2526911934581184,0
51,trip,1835,1851.5,z12,z10,toy-0003821,,,False,43.57630573748777,0.0,42.09130573748777,0.35,4.6,0
52,trip,1835,1843.8333333333333,z32,z22,toy-0003823,,,False,47.09999999999993,0.0,46.30499999999993,0.35,2.3,0
54,trip,1840,1852.0089706448605,z11,z02,toy-0003827,,,False,45.04338528392526,0.0,43.96257792588783,0.35,3.2526911934581184,0
0,trip,1840,1848.8333333333333,z31,z30,toy-0003830,,,False,40.20211309552507,0.0,39.40711309552507,0.35,2.3,0
15,trip,1840,1848.8333333333333,z21,z31,toy-0003829,,,False,39.81130573748764,0.0,39.01630573748764,0.35,2.3,0
65,trip,1840,1858.3098544941652,z11,z32,toy-0003828,,,False,44.75757792588781,0.0,43.10969102141296,0.35,5.142956348249516,0
47,trip,1840,1864.1666666666667,z01,z31,toy-0003826,,,False,18.872302496388123,0.0,16.697302496388122,0.35,6.8999999999999995,0
12,trip,1840,1865.4107953946243,z00,z31,toy-0003824,,,False,44.507169619929854,0.0,42.22019803441367,0.35,7.273238618387272,0
26,trip,1840,1858.3098544941652,z12,z31,toy-0003832,,,False,35.05493643260551,0.0,33.407049528130656,0.35,5.142956348249516,0
5,trip,1840,1862.8512746230542,z20,z02,toy-0003825,,,False,45.2241926419627,0.0,43.167577925887834,0.35,6.505382386916237,0
39,trip,1840,1856.5,z31,z11,toy-0003831,,,False,47.894999999999975,0.0,46.409999999999975,0.35,4.6,0
8,visit,1840,1855.0,z32,z32,,hub_waterfront,,True,38.723526793933914,9.381473206066083,47.894999999999996,0.7,0,5.628883923639649
31,trip,1845,1863.3098544941652,z30,z22,toy-0003835,,,False,46.81419264196245,0.0,45.1663057374876,0.35,5.142956348249516,0
10,trip,1845,1857.0089706448605,z20,z31,toy-0003834,,,False,43.86211309552506,0.0,42.78130573748763,0.35,3.2526911934581184,0
18,trip,1845,1863.3098544941652,z22,z10,toy-0003836,,,False,45.45211309552518,0.0,43.804226191050326,0.35,5.142956348249516,0
24,trip,1845,1853.8333333333333,z20,z21,toy-0003833,,,False,47.10000000000016,0.0,46.305000000000156,0.35,2.3,0
7,trip,1845,1861.5,z32,z30,toy-0003838,,,False,44.248385283925046,0.0,42.76338528392505,0.35,4.6,0
21,trip,1845,1853.8333333333333,z32,z31,toy-0003839,,,False,41.22433923985961,0.0,40.42933923985961,0.35,2.3,0
34,trip,1845,1853.8333333333333,z22,z32,toy-0003837,,,False,44.01422619105015,0.0,43.21922619105015,0.35,2.3,0
1,visit,1845,1860.0,z31,z31,,hub_core,local,True,38.730498379450324,9.374501620549673,47.894999999999996,0.7,0,5.624700972329804
29,visit,1845,1860.0,z31,z31,,hub_core,local,True,39.04096320981288,9.064036790187117,47.894999999999996,0.7,0,5.43842207411227
19,visit,1845,1860.0,z21,z21,,hub_inner,local,True,39.75341883301298,8.35158116698702,47.894999999999996,0.7,0,5.010948700192211
35,visit,1845,1874.3333333333333,z00,z00,,depot_west,central,False,39.98514151000902,0.0,39.77514151000902,0.7,0,0
11,visit,1845,1865.3333333333333,z12,z12,,hub_center,local,False,40.1442261910501,0.0,38.7642261910501,4.6,0,0
4,visit,1845,1860.0,z00,z00,,depot_west,local,True,40.847611474975174,7.257388525024823,47.894999999999996,0.7,0,4.354433115014894
15,trip,1850,1858.8333333333333,z31,z32,toy-0003844,,,False,39.016305737487635,0.0,38.22130573748763,0.35,2.3,0
57,trip,1850,1858.8333333333333,z31,z21,toy-0003842,,,False,47.89500000000017,0.0,47.100000000000165,0.35,2.3,0
53,trip,1850,1874.1666666666667,z32,z02,toy-0003848,,,False,39.08389815925846,0.0,36.90889815925846,0.35,6.8999999999999995,0
3,trip,1850,1866.5,z10,z12,toy-0003840,,,False,43.67677056785016,0.0,42.19177056785016,0.35,4.6,0
60,trip,1850,1872.8512746230542,z32,z10,toy-0003847,,,False,44.130000000000045,0.0,42.07338528392518,0.35,6.505382386916237,0
20,trip,1850,1858.8333333333333,z21,z22,toy-0003841,,,False,42.31922619105037,0.0,41.52422619105037,0.35,2.3,0
36,trip,1850,1872.8512746230542,z22,z00,toy-0003845,,,False,38.19641369840871,0.0,36.13979898233384,0.35,6.505382386916237,0
67,trip,1850,1868.3098544941652,z31,z12,toy-0003843,,,False,44.76211309552507,0.0,43.11422619105022,0.35,5.142956348249516,0
37,trip,1850,1866.5,z22,z20,toy-0003846,,,False,44.938385283924994,0.0,43.453385283924995,0.35,4.6,0
14,trip,1855,1871.5,z11,z31,toy-0003851,,,False,47.89500000000011,0.0,46.41000000000011,0.35,4.6,0
21,trip,1855,1867.0089706448605,z31,z20,toy-0003854,,,False,40.4293392398596,0.0,39.34853188182217,0.35,3.2526911934581184,0
28,trip,1855,1871.5,z20,z22,toy-0003850,,,False,41.51725460553403,0.0,40.03225460553403,0.35,4.6,0
43,trip,1855,1867.0089706448605,z22,z31,toy-0003856,,,False,44.53419264196254,0.0,43.45338528392511,0.35,3.2526911934581184,0
8,trip,1855,1873.3098544941652,z32,z20,toy-0003857,,,False,47.89500000000008,0.0,46.24711309552523,0.35,5.142956348249516,0
68,trip,1855,1867.0089706448605,z31,z22,toy-0003855,,,False,46.69149789468742,0.0,45.61069053664999,0.35,3.2526911934581184,0
22,trip,1855,1867.0089706448605,z21,z32,toy-0003853,,,False,43.739192641962575,0.0,42.65838528392514,0.35,3.2526911934581184,0
32,trip,1855,1871.5,z20,z00,toy-0003849,,,False,39.36261147497534,0.0,37.87761147497534,0.35,4.6,0
16,trip,1855,1867.0089706448605,z11,z22,toy-0003852,,,False,41.85641369840903,0.0,40.775606340371596,0.35,3.2526911934581184,0
23,trip,1860,1872.0089706448605,z11,z20,toy-0003864,,,False,39.86936770105934,0.0,38.788560343021906,0.35,3.2526911934581184,0
19,trip,1860,1868.8333333333333,z21,z11,toy-0003865,,,False,47.89499999999981,0.0,47.09999999999981,0.35,2.3,0
20,trip,1860,1872.0089706448605,z22,z11,toy-0003871,,,False,41.52422619105036,0.0,40.44341883301293,0.35,3.2526911934581184,0
50,trip,1860,1868.8333333333333,z22,z21,toy-0003872,,,False,44.65257792588756,0.0,43.85757792588756,0.35,2.3,0
34,trip,1860,1872.0089706448605,z32,z21,toy-0003873,,,False,43.21922619105014,0.0,42.13841883301271,0.35,3.2526911934581184,0
59,trip,1860,1876.5,z12,z32,toy-0003870,,,False,42.7526114749754,0.0,41.2676114749754,0.35,4.6,0
0,trip,1860,1868.8333333333333,z30,z31,toy-0003861,,,False,39.40711309552506,0.0,38.61211309552506,0.35,2.3,0
13,trip,1860,1878.3098544941652,z10,z31,toy-0003859,,,False,46.247113095525314,0.0,44.59922619105046,0.35,5.142956348249516,0
33,trip,1860,1878.3098544941652,z20,z32,toy-0003860,,,False,46.40999999999983,0.0,44.76211309552498,0.35,5.142956348249516,0
2,trip,1860,1878.3098544941652,z01,z22,toy-0003862,,,False,41.36999999999996,0.0,39.72211309552511,0.35,5.142956348249516,0
70,trip,1860,1868.8333333333333,z12,z11,toy-0003868,,,False,44.92499999999992,0.0,44.12999999999992,0.35,2.3,0
9,trip,1860,1885.4107953946243,z01,z32,toy-0003863,,,False,42.65141369840898,0.0,40.364442112892796,0.35,7.273238618387272,0
24,trip,1860,1868.8333333333333,z21,z31,toy-0003866,,,False,46.30500000000015,0.0,45.51000000000015,0.35,2.3,0
48,trip,1860,1868.8333333333333,z32,z22,toy-0003875,,,False,41.90495953066626,0.0,41.10995953066626,0.35,2.3,0
62,trip,1860,1868.8333333333333,z32,z31,toy-0003874,,,False,45.30216961992974,0.0,44.50716961992974,0.35,2.3,0
1,trip,1860,1884.1666666666667,z31,z01,toy-0003867,,,False,47.894999999999854,0.0,45.71999999999986,0.35,6.8999999999999995,0
4,trip,1860,1888.8092264452239,z00,z32,toy-0003858,,,False,47.895,0.0,45.30216961992985,0.35,8.292767933567175,0
80,trip,1860,1872.0089706448605,z12,z21,toy-0003869,,,False,44.568588014895646,0.0,43.48778065685821,0.35,3.2526911934581184,0
15,visit,1860,1875.0,z32,z32,,hub_waterfront,local,True,38.221305737487626,9.883694262512371,47.894999999999996,0.7,0,5.930216557507423
6,visit,1860,1875.0,z31,z31,,hub_core,,True,33.293452382100625,14.81154761789937,47.894999999999996,0.7,0,8.886928570739622
26,visit,1860,1875.0,z31,z31,,hub_core,,True,33.40704952813064,14.697950471869357,47.894999999999996,0.7,0,8.818770283121614
39,trip,1865,1883.3098544941652,z11,z32,toy-0003881,,,False,46.409999999999975,0.0,44.76211309552512,0.35,5.142956348249516,0
40,trip,1865,1877.0089706448605,z20,z11,toy-0003878,,,False,42.17141369840889,0.0,41.09060634037146,0.35,3.2526911934581184,0
10,trip,1865,1873.8333333333333,z31,z21,toy-0003884,,,False,42.78130573748762,0.0,41.98630573748762,0.35,2.3,0
31,trip,1865,1873.8333333333333,z22,z12,toy-0003890,,,False,45.16630573748758,0.0,44.37130573748758,0.35,2.3,0
18,trip,1865,1877.0089706448605,z10,z21,toy-0003876,,,False,43.80422619105031,0.0,42.72341883301288,0.35,3.2526911934581184,0
25,trip,1865,1873.8333333333333,z21,z20,toy-0003882,,,False,40.48338528392488,0.0,39.68838528392488,0.35,2.3,0
5,trip,1865,1890.4107953946243,z02,z31,toy-0003887,,,False,43.16757792588782,0.0,40.880606340371635,0.35,7.273238618387272,0
29,trip,1865,1873.8333333333333,z31,z32,toy-0003885,,,False,47.89499999999982,0.0,47.09999999999982,0.35,2.3,0
52,trip,1865,1873.8333333333333,z22,z32,toy-0003891,,,False,46.30499999999992,0.0,45.50999999999992,0.35,2.3,0
47,trip,1865,1881.5,z31,z11,toy-0003883,,,False,16.69730249638812,0.0,15.21230249638812,0.35,4.6,0
55,trip,1865,1873.8333333333333,z20,z30,toy-0003877,,,False,47.309999999999874,0.0,46.51499999999987,0.35,2.3,0
58,trip,1865,1877.0089706448605,z20,z31,toy-0003879,,,False,44.37130573748774,0.0,43.290498379450305,0.35,3.2526911934581184,0
56,trip,1865,1877.0089706448605,z22,z31,toy-0003889,,,False,43.2904983794501,0.0,42.20969102141267,0.35,3.2526911934581184,0
42,trip,1865,1881.5,z01,z21,toy-0003880,,,False,42.00211309552522,0.0,40.51711309552522,0.35,4.6,0
49,trip,1865,1889.8098544941652,z02,z31,toy-0003888,,,False,44.81302841448381,0.0,42.58014151000896,2.3,5.142956348249516,0
54,trip,1865,1883.3098544941652,z02,z10,toy-0003886,,,False,43.96257792588782,0.0,42.31469102141297,0.35,5.142956348249516,0
21,trip,1870,1878.8333333333333,z20,z10,toy-0003898,,,False,39.34853188182216,0.0,38.55353188182216,0.35,2.3,0
22,trip,1870,1878.8333333333333,z32,z31,toy-0003912,,,False,42.658385283925135,0.0,41.86338528392513,0.35,2.3,0
81,trip,1870,1895.4107953946243,z00,z31,toy-0003893,,,False,47.89499999999985,0.0,45.60802841448366,0.35,7.273238618387272,0
51,trip,1870,1878.8333333333333,z10,z11,toy-0003895,,,False,42.09130573748777,0.0,41.29630573748777,0.35,2.3,0
76,trip,1870,1886.5,z10,z30,toy-0003894,,,False,38.583418833012736,0.0,37.09841883301274,0.35,4.6,0
19,trip,1870,1894.8098544941652,z11,z22,toy-0003896,,,False,47.0999999999998,0.0,44.86711309552495,2.3,5.142956348249516,0
64,trip,1870,1888.3098544941652,z32,z11,toy-0003911,,,False,39.02019409741978,0.0,37.37230719294493,0.35,5.142956348249516,0
70,trip,1870,1886.5,z11,z31,toy-0003905,,,False,44.12999999999991,0.0,42.64499999999991,0.35,4.6,0
37,trip,1870,1899.3512746230542,z20,z32,toy-0003897,,,False,43.453385283924995,0.0,40.811770567850125,2.3,6.505382386916237,0
72,trip,1870,1878.8333333333333,z11,z21,toy-0003904,,,False,47.89500000000004,0.0,47.10000000000004,0.35,2.3,0
38,trip,1870,1878.8333333333333,z21,z31,toy-0003906,,,False,46.01919264196266,0.0,45.22419264196266,0.35,2.3,0
44,trip,1870,1894.1666666666667,z01,z31,toy-0003903,,,False,37.78043377855325,0.0,35.605433778553255,0.35,6.8999999999999995,0
7,trip,1870,1882.0089706448605,z30,z21,toy-0003901,,,False,42.76338528392505,0.0,41.682577925887614,0.35,3.2526911934581184,0
46,trip,1870,1882.0089706448605,z21,z32,toy-0003907,,,False,47.89500000000012,0.0,46.814192641962684,0.35,3.2526911934581184,0
84,trip,1870,1888.3098544941652,z00,z21,toy-0003892,,,False,47.89500000000017,0.0,46.247113095525314,0.35,5.142956348249516,0
71,trip,1870,1886.5,z02,z22,toy-0003909,,,False,38.45352679393407,0.0,36.96852679393407,0.35,4.6,0
3,trip,1870,1900.6666666666667,z12,z32,toy-0003910,,,False,42.19177056785016,0.0,39.431770567850165,2.3,6.8999999999999995,0
66,trip,1870,1888.3098544941652,z20,z01,toy-0003899,,,False,38.80697329882069,0.0,37.159086394345834,0.35,5.142956348249516,0
74,trip,1870,1888.3098544941652,z20,z12,toy-0003900,,,False,41.24853265626667,0.0,39.60064575179182,0.35,5.142956348249516,0
11,trip,1870,1894.8098544941652,z12,z21,toy-0003908,,,False,38.76422619105008,0.0,36.531339286575225,2.3,5.142956348249516,0
27,trip,1870,1886.5,z30,z32,toy-0003902,,,False,40.13969102141293,0.0,38.65469102141293,0.35,4.6,0
0,visit,1870,1885.0,z31,z31,,hub_core,local,True,38.61211309552505,9.492886904474943,47.894999999999996,0.7,0,5.695732142684966
23,trip,1875,1883.8333333333333,z20,z21,toy-0003914,,,False,38.7885603430219,0.0,37.9935603430219,0.35,2.3,0
41,trip,1875,1897.8512746230542,z30,z12,toy-0003917,,,False,47.894999999999975,0.0,45.838385283925106,0.35,6.505382386916237,0
15,trip,1875,1891.5,z32,z12,toy-0003928,,,False,47.89500000000011,0.0,46.41000000000011,0.35,4.6,0
45,trip,1875,1883.8333333333333,z30,z31,toy-0003916,,,False,41.235160548332075,0.0,40.440160548332074,0.35,2.3,0
6,trip,1875,1887.0089706448605,z31,z22,toy-0003922,,,False,47.895000000000046,0.0,46.81419264196261,0.35,3.2526911934581184,0
31,trip,1875,1883.8333333333333,z12,z22,toy-0003924,,,False,44.371305737487575,0.0,43.57630573748757,0.35,2.3,0
10,trip,1875,1883.8333333333333,z21,z22,toy-0003921,,,False,41.98630573748761,0.0,41.19130573748761,0.35,2.3,0
16,trip,1875,1887.0089706448605,z22,z31,toy-0003925,,,False,40.77560634037159,0.0,39.694798982334156,0.35,3.2526911934581184,0
60,trip,1875,1893.3098544941652,z10,z31,toy-0003913,,,False,42.07338528392516,0.0,40.42549837945031,0.35,5.142956348249516,0
29,trip,1875,1883.8333333333333,z32,z31,toy-0003927,,,False,47.09999999999981,0.0,46.30499999999981,0.35,2.3,0
52,trip,1875,1887.0089706448605,z32,z21,toy-0003926,,,False,45.50999999999991,0.0,44.42919264196248,0.35,3.2526911934581184,0
25,trip,1875,1887.0089706448605,z20,z31,toy-0003915,,,False,39.68838528392487,0.0,38.60757792588744,0.35,3.2526911934581184,0
12,trip,1875,1883.8333333333333,z31,z32,toy-0003923,,,False,42.22019803441366,0.0,41.42519803441366,0.35,2.3,0
34,trip,1875,1883.8333333333333,z21,z31,toy-0003919,,,False,42.1384188330127,0.0,41.3434188330127,0.35,2.3,0
50,trip,1875,1887.0089706448605,z21,z12,toy-0003920,,,False,43.857577925887554,0.0,42.77677056785012,0.35,3.2526911934581184,0
57,trip,1875,1887.0089706448605,z21,z10,toy-0003918,,,False,47.10000000000016,0.0,46.019192641962725,0.35,3.2526911934581184,0
32,visit,1875,1890.0,z00,z00,,depot_west,local,True,37.87761147497534,10.227388525024658,47.894999999999996,0.7,0,6.136433115014795
80,visit,1875,1890.0,z21,z21,,hub_inner,local,True,43.487780656858206,4.617219343141792,47.894999999999996,0.7,0,2.7703316058850747
24,visit,1875,1890.0,z31,z31,,hub_core,local,True,45.51000000000014,2.5949999999998568,47.894999999999996,0.7,0,1.556999999999914
8,visit,1875,1895.3333333333333,z20,z20,,depot_south,local,False,46.247113095525215,0.0,44.86711309552521,4.6,0,0
36,visit,1875,1890.0,z00,z00,,depot_west,,True,36.13979898233383,11.965201017666168,47.894999999999996,0.7,0,7.1791206105997
2,trip,1880,1898.3098544941652,z22,z30,toy-0003943,,,False,39.722113095525096,0.0,38.07422619105024,0.35,5.142956348249516,0
61,trip,1880,1905.4107953946243,z01,z32,toy-0003934,,,False,31.874323231486088,0.0,29.587351645969907,0.35,7.273238618387272,0
35,trip,1880,1902.8512746230542,z00,z22,toy-0003929,,,False,39.775141510009014,0.0,37.718526793934146,0.35,6.505382386916237,0
20,trip,1880,1892.0089706448605,z11,z22,toy-0003936,,,False,40.44341883301292,0.0,39.36261147497549,0.35,3.2526911934581184,0
87,trip,1880,1898.3098544941652,z20,z32,toy-0003931,,,False,43.55141369840882,0.0,41.90352679393397,0.35,5.142956348249516,0
67,trip,1880,1898.3098544941652,z12,z31,toy-0003941,,,False,43.11422619105021,0.0,41.466339286575355,0.35,5.142956348249516,0
63,trip,1880,1904.1666666666667,z01,z31,toy-0003933,,,False,35.433142237737464,0.0,33.25814223773747,0.35,6.8999999999999995,0
53,trip,1880,1905.4107953946243,z02,z31,toy-0003940,,,False,36.90889815925845,0.0,34.621926573742265,0.35,7.273238618387272,0
69,trip,1880,1888.8333333333333,z01,z11,toy-0003932,,,False,22.036246229830734,0.0,21.241246229830736,0.35,2.3,0
28,trip,1880,1903.0,z22,z32,toy-0003942,,,False,40.03225460553403,0.0,37.96225460553403,2.3,4.6,0
48,trip,1880,1888.8333333333333,z22,z21,toy-0003944,,,False,41.10995953066625,0.0,40.31495953066625,0.35,2.3,0
40,trip,1880,1896.5,z11,z31,toy-0003935,,,False,41.09060634037145,0.0,39.60560634037145,0.35,4.6,0
13,trip,1880,1898.3098544941652,z31,z10,toy-0003937,,,False,44.59922619105045,0.0,42.951339286575596,0.35,5.142956348249516,0
14,trip,1880,1888.8333333333333,z31,z21,toy-0003938,,,False,46.41000000000011,0.0,45.61500000000011,0.35,2.3,0
18,trip,1880,1903.0,z21,z22,toy-0003930,,,False,42.72341883301287,0.0,40.65341883301287,2.3,4.6,0
22,trip,1880,1905.4107953946243,z31,z02,toy-0003939,,,False,41.863385283925126,0.0,39.57641369840894,0.35,7.273238618387272,0
33,trip,1880,1888.8333333333333,z32,z22,toy-0003946,,,False,44.76211309552497,0.0,43.967113095524965,0.35,2.3,0
68,trip,1880,1888.8333333333333,z22,z32,toy-0003945,,,False,45.61069053664998,0.0,44.81569053664998,0.35,2.3,0
21,visit,1880,1900.3333333333333,z10,z10,,depot_west,local,False,38.55353188182215,0.0,37.17353188182215,4.6,0,0
0,trip,1885,1897.0089706448605,z31,z20,toy-0003955,,,False,47.895000000000174,0.0,46.81419264196274,0.35,3.2526911934581184,0
10,trip,1885,1903.5089706448605,z22,z21,toy-0003958,,,False,41.1913057374876,0.0,39.52549837945017,2.3,3.2526911934581184,0
12,trip,1885,1903.3098544941652,z32,z20,toy-0003960,,,False,41.425198034413654,0.0,39.7773111299388,0.35,5.142956348249516,0
47,trip,1885,1893.8333333333333,z11,z12,toy-0003950,,,False,15.212302496388121,0.0,14.417302496388121,0.35,2.3,0
39,trip,1885,1893.8333333333333,z32,z31,toy-0003962,,,False,44.76211309552511,0.0,43.96711309552511,0.35,2.3,0
1,trip,1885,1920.3092264452239,z01,z32,toy-0003947,,,False,45.71999999999984,0.0,42.54216961992969,2.3,8.292767933567175,0
7,trip,1885,1897.0089706448605,z21,z32,toy-0003954,,,False,41.68257792588761,0.0,40.601770567850174,0.35,3.2526911934581184,0
46,trip,1885,1910.4107953946243,z32,z01,toy-0003961,,,False,46.81419264196268,0.0,44.52722105644649,0.35,7.273238618387272,0
23,trip,1885,1893.8333333333333,z21,z31,toy-0003953,,,False,37.99356034302189,0.0,37.19856034302189,0.35,2.3,0
31,trip,1885,1897.0089706448605,z22,z31,toy-0003959,,,False,43.576305737487566,0.0,42.49549837945013,0.35,3.2526911934581184,0
79,trip,1885,1900.3333333333333,z01,z12,toy-0003957,,,False,47.10000000000016,0.0,45.720000000000155,2.3,2.3,0
26,trip,1885,1893.8333333333333,z31,z32,toy-0003956,,,False,47.895000000000124,0.0,47.10000000000012,0.35,2.3,0
42,trip,1885,1901.5,z21,z01,toy-0003952,,,False,40.51711309552522,0.0,39.03211309552522,0.35,4.6,0
51,trip,1885,1903.3098544941652,z11,z32,toy-0003951,,,False,41.296305737487764,0.0,39.64841883301291,0.35,5.142956348249516,0
55,trip,1885,1901.5,z30,z10,toy-0003949,,,False,46.514999999999866,0.0,45.029999999999866,0.35,4.6,0
54,trip,1885,1903.3098544941652,z10,z31,toy-0003948,,,False,42.314691021412955,0.0,40.6668041169381,0.35,5.142956348249516,0
32,trip,1890,1915.4107953946243,z00,z31,toy-0003963,,,False,47.89500000000004,0.0,45.608028414483854,0.35,7.273238618387272,0
57,trip,1890,1912.8512746230542,z10,z32,toy-0003965,,,False,46.01919264196272,0.0,43.96257792588785,0.35,6.505382386916237,0
76,trip,1890,1898.8333333333333,z30,z31,toy-0003968,,,False,37.09841883301274,0.0,36.303418833012735,0.35,2.3,0
82,trip,1890,1908.3098544941652,z30,z11,toy-0003967,,,False,47.894999999999925,0.0,46.24711309552507,0.35,5.142956348249516,0
24,trip,1890,1908.3098544941652,z31,z12,toy-0003973,,,False,47.89500000000016,0.0,46.24711309552531,0.35,5.142956348249516,0
14,trip,1890,1908.5089706448605,z21,z31,toy-0003966,,,False,45.6150000000001,0.0,43.94919264196267,2.3,3.2526911934581184,0
25,trip,1890,1914.8098544941652,z31,z22,toy-0003969,,,False,38.60757792588743,0.0,36.37469102141258,2.3,5.142956348249516,0
6,trip,1890,1906.5,z22,z20,toy-0003977,,,False,46.814192641962606,0.0,45.32919264196261,0.35,4.6,0
48,trip,1890,1902.0089706448605,z21,z30,toy-0003972,,,False,40.31495953066624,0.0,39.23415217262881,0.35,3.2526911934581184,0
29,trip,1890,1902.0089706448605,z31,z22,toy-0003974,,,False,46.3049999999998,0.0,45.22419264196237,0.35,3.2526911934581184,0
64,trip,1890,1906.5,z11,z31,toy-0003971,,,False,37.372307192944916,0.0,35.88730719294492,0.35,4.6,0
4,trip,1890,1902.0089706448605,z32,z21,toy-0003978,,,False,45.30216961992985,0.0,44.221362261892416,0.35,3.2526911934581184,0
36,trip,1890,1908.5089706448605,z00,z21,toy-0003964,,,False,47.89500000000005,0.0,46.22919264196262,2.3,3.2526911934581184,0
69,trip,1890,1898.8333333333333,z11,z21,toy-0003970,,,False,21.241246229830722,0.0,20.44624622983072,0.35,2.3,0
74,trip,1890,1908.3098544941652,z12,z20,toy-0003975,,,False,39.6006457517918,0.0,37.95275884731695,0.35,5.142956348249516,0
17,trip,1890,1914.8098544941652,z02,z31,toy-0003976,,,False,42.85500000000013,0.0,40.62211309552528,2.3,5.142956348249516,0
16,visit,1890,1905.0,z31,z31,,hub_core,local,True,39.69479898233415,8.410201017665848,47.894999999999996,0.7,0,5.046120610599509
9,visit,1890,1905.0,z32,z32,,hub_waterfront,local,True,40.36444211289279,7.740557887107209,47.894999999999996,0.7,0,4.644334732264325
49,visit,1890,1905.0,z31,z31,,hub_core,local,True,42.580141510008936,5.524858489991061,47.894999999999996,0.7,0,3.3149150939946366
50,visit,1890,1910.3333333333333,z12,z12,,hub_center,local,False,42.776770567850114,0.0,41.39677056785011,4.6,0,0
27,visit,1890,1905.0,z32,z32,,hub_waterfront,,True,38.65469102141293,9.450308978587067,47.894999999999996,0.7,0,5.670185387152241
11,trip,1895,1919.8098544941652,z21,z32,toy-0003981,,,False,36.531339286575204,0.0,34.29845238210035,2.3,5.142956348249516,0
66,trip,1895,1913.3098544941652,z01,z22,toy-0003986,,,False,37.15908639434582,0.0,35.51119948987097,0.35,5.142956348249516,0
85,trip,1895,1925.6666666666667,z11,z31,toy-0003985,,,False,46.40999999999995,0.0,43.64999999999995,2.3,6.8999999999999995,0
19,trip,1895,1907.0089706448605,z22,z31,toy-0003994,,,False,44.86711309552493,0.0,43.786305737487496,0.35,3.2526911934581184,0
20,trip,1895,1903.8333333333333,z22,z32,toy-0003995,,,False,39.36261147497548,0.0,38.56761147497548,0.35,2.3,0
5,trip,1895,1918.0,z31,z32,toy-0003982,,,False,40.88060634037163,0.0,38.81060634037163,2.3,4.6,0
34,trip,1895,1903.8333333333333,z31,z21,toy-0003991,,,False,41.34341883301269,0.0,40.54841883301269,0.35,2.3,0
86,trip,1895,1910.3333333333333,z11,z20,toy-0003979,,,False,44.65711309552521,0.0,43.27711309552521,2.3,2.3,0
26,trip,1895,1903.8333333333333,z32,z31,toy-0003996,,,False,47.100000000000115,0.0,46.30500000000011,0.35,2.3,0
15,trip,1895,1907.0089706448605,z12,z01,toy-0003992,,,False,46.41000000000011,0.0,45.32919264196268,0.35,3.2526911934581184,0
47,trip,1895,1921.175637311527,z12,z21,toy-0003984,,,False,14.417302496388107,0.0,12.061495138350672,3.2526911934581184,4.6,0
52,trip,1895,1903.8333333333333,z21,z11,toy-0003987,,,False,44.42919264196247,0.0,43.63419264196247,0.35,2.3,0
72,trip,1895,1910.3333333333333,z21,z21,toy-0003980,,,False,47.10000000000003,0.0,45.72000000000003,2.3,2.3,0
78,trip,1895,1903.8333333333333,z21,z31,toy-0003988,,,False,42.540854083115775,0.0,41.74585408311577,0.35,2.3,0
38,trip,1895,1911.5,z31,z11,toy-0003990,,,False,45.22419264196265,0.0,43.73919264196265,0.35,4.6,0
33,trip,1895,1907.0089706448605,z22,z11,toy-0003993,,,False,43.96711309552496,0.0,42.886305737487525,0.35,3.2526911934581184,0
80,trip,1895,1903.8333333333333,z21,z22,toy-0003989,,,False,47.89499999999998,0.0,47.09999999999998,0.35,2.3,0
84,trip,1895,1934.5774620612908,z21,z30,toy-0003983,,,False,46.2471130955253,0.0,42.68514151000912,4.6,7.273238618387272,0
23,visit,1895,1910.0,z31,z31,,hub_core,local,True,37.19856034302188,10.906439656978115,47.894999999999996,0.7,0,6.543863794186869
0,trip,1900,1912.0089706448605,z20,z31,toy-0004000,,,False,46.814192641962734,0.0,45.7333852839253,0.35,3.2526911934581184,0
13,trip,1900,1918.3098544941652,z10,z31,toy-0003998,,,False,42.95133928657558,0.0,41.30345238210073,0.35,5.142956348249516,0
31,trip,1900,1925.4107953946243,z31,z00,toy-0004009,,,False,42.495498379450126,0.0,40.20852679393394,0.35,7.273238618387272,0
41,trip,1900,1918.5089706448605,z12,z20,toy-0004004,,,False,45.83838528392509,0.0,44.17257792588766,2.3,3.2526911934581184,0
69,trip,1900,1908.8333333333333,z21,z20,toy-0004007,,,False,20.44624622983071,0.0,19.65124622983071,0.35,2.3,0
8,trip,1900,1918.5089706448605,z20,z10,toy-0004003,,,False,44.86711309552519,0.0,43.20130573748776,3.2526911934581184,2.3,0
71,trip,1900,1934.2863756549968,z22,z20,toy-0004002,,,False,36.96852679393407,0.0,33.88275298498436,5.142956348249516,5.142956348249516,0
39,trip,1900,1908.8333333333333,z31,z32,toy-0004010,,,False,43.9671130955251,0.0,43.1721130955251,0.35,2.3,0
7,trip,1900,1908.8333333333333,z32,z31,toy-0004018,,,False,40.60177056785017,0.0,39.806770567850165,0.35,2.3,0
59,trip,1900,1946.0,z32,z32,toy-0004012,,,False,41.2676114749754,0.0,37.1276114749754,6.8999999999999995,6.8999999999999995,0
65,trip,1900,1928.8092264452239,z32,z00,toy-0004016,,,False,43.10969102141294,0.0,40.51686064134279,0.35,8.292767933567175,0
2,trip,1900,1912.0089706448605,z30,z21,toy-0004001,,,False,38.07422619105023,0.0,36.9934188330128,0.35,3.2526911934581184,0
40,trip,1900,1930.6666666666667,z31,z31,toy-0004005,,,False,39.60560634037145,0.0,36.845606340371454,4.6,4.6,0
68,trip,1900,1930.6666666666667,z32,z32,toy-0004013,,,False,44.815690536649974,0.0,42.055690536649976,4.6,4.6,0
75,trip,1900,1918.3098544941652,z32,z11,toy-0004017,,,False,47.894999999999925,0.0,46.24711309552507,0.35,5.142956348249516,0
43,trip,1900,1932.4765211608317,z31,z32,toy-0004006,,,False,43.4533852839251,0.0,40.53049837945024,4.6,5.142956348249516,0
77,trip,1900,1915.3333333333333,z32,z21,toy-0004015,,,False,47.895000000000095,0.0,46.51500000000009,2.3,2.3,0
44,trip,1900,1918.5089706448605,z31,z32,toy-0004008,,,False,35.60543377855324,0.0,33.93962642051581,2.3,3.2526911934581184,0
83,trip,1900,1924.8098544941652,z32,z01,toy-0004014,,,False,47.894999999999904,0.0,45.66211309552505,2.3,5.142956348249516,0
45,trip,1900,1915.3333333333333,z31,z22,toy-0004019,,,False,40.44016054833207,0.0,39.060160548332064,2.3,2.3,0
56,trip,1900,1934.2863756549968,z31,z22,toy-0003999,,,False,42.20969102141266,0.0,39.12391721246295,5.142956348249516,5.142956348249516,0
58,trip,1900,1935.0864327061513,z31,z11,toy-0003997,,,False,43.2904983794503,0.0,40.13271943589668,7.273238618387272,3.2526911934581184,0
60,trip,1900,1948.4882574559151,z31,z31,toy-0004011,,,False,40.425498379450296,0.0,36.061555208417936,7.273238618387272,7.273238618387272,0
37,visit,1900,1915.0,z32,z32,,hub_waterfront,local,True,40.8117705678501,7.293229432149901,47.894999999999996,0.7,0,4.37593765928994
52,trip,1905,1917.0089706448605,z11,z22,toy-0004027,,,False,43.634192641962464,0.0,42.55338528392503,0.35,3.2526911934581184,0
18,trip,1905,1917.0089706448605,z22,z31,toy-0004035,,,False,40.65341883301286,0.0,39.572611474975425,0.35,3.2526911934581184,0
16,trip,1905,1917.0089706448605,z31,z22,toy-0004030,,,False,47.89499999999993,0.0,46.8141926419625,0.35,3.2526911934581184,0
21,trip,1905,1929.8098544941652,z10,z21,toy-0004020,,,False,37.17353188182213,0.0,34.940644977347276,2.3,5.142956348249516,0
4,trip,1905,1913.8333333333333,z21,z31,toy-0004029,,,False,44.22136226189241,0.0,43.42636226189241,0.35,2.3,0
79,trip,1905,1913.8333333333333,z12,z22,toy-0004034,,,False,45.720000000000134,0.0,44.92500000000013,0.35,2.3,0
42,trip,1905,1930.4107953946243,z01,z32,toy-0004026,,,False,39.03211309552522,0.0,36.745141510009034,0.35,7.273238618387272,0
29,trip,1905,1937.4765211608317,z22,z21,toy-0004031,,,False,45.22419264196236,0.0,42.3013057374875,4.6,5.142956348249516,0
55,trip,1905,1936.9107953946243,z10,z31,toy-0004021,,,False,45.029999999999866,0.0,42.15802841448368,2.3,7.273238618387272,0
3,trip,1905,1917.0089706448605,z32,z21,toy-0004036,,,False,39.43177056785014,0.0,38.350963209812704,0.35,3.2526911934581184,0
48,trip,1905,1913.8333333333333,z30,z20,toy-0004023,,,False,39.234152172628804,0.0,38.4391521726288,0.35,2.3,0
12,trip,1905,1917.0089706448605,z20,z11,toy-0004022,,,False,39.77731112993879,0.0,38.696503771901355,0.35,3.2526911934581184,0
35,trip,1905,1920.3333333333333,z22,z11,toy-0004032,,,False,37.71852679393413,0.0,36.33852679393413,2.3,2.3,0
34,trip,1905,1931.175637311527,z21,z12,toy-0004025,,,False,40.54841883301268,0.0,38.192611474975244,4.6,3.2526911934581184,0
80,trip,1905,1929.8098544941652,z22,z31,toy-0004033,,,False,47.09999999999997,0.0,44.86711309552512,2.3,5.142956348249516,0
26,trip,1905,1936.9107953946243,z31,z01,toy-0004024,,,False,46.305000000000106,0.0,43.43302841448393,2.3,7.273238618387272,0
49,trip,1905,1929.8098544941652,z31,z00,toy-0004028,,,False,47.89499999999995,0.0,45.6621130955251,2.3,5.142956348249516,0
28,visit,1905,1920.0,z32,z32,,hub_waterfront,local,True,37.962254605534014,10.142745394465983,47.894999999999996,0.7,0,6.08564723667959
20,visit,1905,1962.6666666666667,z32,z32,,depot_south,central,False,38.56761147497547,0.0,35.807611474975474,9.2,0,0
10,visit,1905,1920.0,z21,z21,,hub_inner,local,True,39.52549837945015,8.579501620549848,47.894999999999996,0.7,0,5.147700972329909
87,visit,1905,1920.0,z32,z32,,hub_waterfront,local,True,41.903526793933956,6.201473206066041,47.894999999999996,0.7,0,3.7208839236396245
63,visit,1905,1920.0,z31,z31,,hub_core,,True,33.25814223773745,14.846857762262543,47.894999999999996,0.7,0,8.908114657357526
76,visit,1905,1920.0,z31,z31,,hub_core,,True,36.30341883301273,11.801581166987269,47.894999999999996,0.7,0,7.080948700192362
22,trip,1910,1932.8512746230542,z02,z20,toy-0004049,,,False,39.576413698408935,0.0,37.519798982334066,0.35,6.505382386916237,0
15,trip,1910,1934.1666666666667,z01,z31,toy-0004043,,,False,45.32919264196267,0.0,43.15419264196267,0.35,6.8999999999999995,0
6,trip,1910,1922.0089706448605,z20,z31,toy-0004040,,,False,45.32919264196261,0.0,44.248385283925174,0.35,3.2526911934581184,0
24,trip,1910,1928.5089706448605,z12,z11,toy-0004050,,,False,46.24711309552529,0.0,44.58130573748786,2.3,3.2526911934581184,0
33,trip,1910,1936.175637311527,z11,z22,toy-0004051,,,False,42.88630573748752,0.0,40.53049837945008,3.2526911934581184,4.6,0
7,trip,1910,1918.8333333333333,z31,z32,toy-0004048,,,False,39.80677056785016,0.0,39.01177056785016,0.35,2.3,0
9,trip,1910,1925.3333333333333,z32,z32,toy-0004054,,,False,47.8949999999999,0.0,46.514999999999894,2.3,2.3,0
14,trip,1910,1918.8333333333333,z31,z21,toy-0004047,,,False,43.94919264196265,0.0,43.154192641962645,0.35,2.3,0
82,trip,1910,1936.175637311527,z11,z20,toy-0004037,,,False,46.24711309552506,0.0,43.89130573748762,3.2526911934581184,4.6,0
69,trip,1910,1939.3512746230542,z20,z32,toy-0004039,,,False,19.651246229830697,0.0,17.009631513755828,2.3,6.505382386916237,0
27,trip,1910,1932.8512746230542,z32,z10,toy-0004055,,,False,47.89500000000007,0.0,45.8383852839252,0.35,6.505382386916237,0
36,trip,1910,1934.8098544941652,z21,z10,toy-0004053,,,False,46.2291926419626,0.0,43.996305737487745,2.3,5.142956348249516,0
19,trip,1910,1961.886688506515,z31,z32,toy-0004038,,,False,43.78630573748749,0.0,39.11650377190115,7.273238618387272,8.292767933567175,0
23,trip,1910,1933.0,z31,z21,toy-0004044,,,False,47.89499999999986,0.0,45.82499999999986,4.6,2.3,0
53,trip,1910,1925.3333333333333,z31,z31,toy-0004042,,,False,34.62192657374226,0.0,33.241926573742255,2.3,2.3,0
39,trip,1910,1918.8333333333333,z32,z31,toy-0004056,,,False,43.17211309552509,0.0,42.37711309552509,0.35,2.3,0
51,trip,1910,1936.175637311527,z32,z21,toy-0004052,,,False,39.6484188330129,0.0,37.29261147497546,4.6,3.2526911934581184,0
54,trip,1910,1940.6666666666667,z31,z31,toy-0004045,,,False,40.66680411693809,0.0,37.90680411693809,4.6,4.6,0
62,trip,1910,1918.8333333333333,z31,z30,toy-0004046,,,False,44.50716961992973,0.0,43.71216961992973,0.35,2.3,0
64,trip,1910,1936.175637311527,z31,z22,toy-0004041,,,False,35.88730719294492,0.0,33.53149983490748,3.2526911934581184,4.6,0
74,visit,1910,1930.3333333333333,z20,z20,,depot_south,local,False,37.952758847316936,0.0,36.57275884731693,4.6,0,0
50,trip,1915,1933.3098544941652,z12,z31,toy-0004067,,,False,41.39677056785009,0.0,39.74888366337524,0.35,5.142956348249516,0
38,trip,1915,1923.8333333333333,z11,z01,toy-0004061,,,False,43.73919264196265,0.0,42.94419264196265,0.35,2.3,0
48,trip,1915,1923.8333333333333,z20,z21,toy-0004059,,,False,38.439152172628795,0.0,37.64415217262879,0.35,2.3,0
2,trip,1915,1939.8098544941652,z21,z32,toy-0004060,,,False,36.99341883301279,0.0,34.76053192853794,2.3,5.142956348249516,0
25,trip,1915,1939.8098544941652,z22,z00,toy-0004066,,,False,36.37469102141256,0.0,34.141804116937706,2.3,5.142956348249516,0
72,trip,1915,1923.8333333333333,z21,z22,toy-0004063,,,False,45.720000000000006,0.0,44.925000000000004,0.35,2.3,0
46,trip,1915,1933.5089706448605,z01,z11,toy-0004057,,,False,44.527221056446486,0.0,42.86141369840905,3.2526911934581184,2.3,0
0,trip,1915,1933.5089706448605,z31,z32,toy-0004064,,,False,45.733385283925294,0.0,44.06757792588786,2.3,3.2526911934581184,0
66,trip,1915,1927.0089706448605,z22,z31,toy-0004068,,,False,35.511199489870954,0.0,34.43039213183352,0.35,3.2526911934581184,0
4,trip,1915,1930.3333333333333,z31,z31,toy-0004062,,,False,43.4263622618924,0.0,42.0463622618924,2.3,2.3,0
17,trip,1915,1949.2863756549968,z31,z31,toy-0004058,,,False,40.62211309552526,0.0,37.53633928657555,5.142956348249516,5.142956348249516,0
67,trip,1915,1927.0089706448605,z31,z20,toy-0004065,,,False,41.46633928657534,0.0,40.38553192853791,0.35,3.2526911934581184,0
61,visit,1915,1930.0,z32,z32,,hub_waterfront,local,True,29.587351645969903,12.777777777777779,42.15512942374768,0.7,0,7.666666666666668
86,visit,1915,1935.3333333333333,z20,z20,,depot_south,local,False,43.27711309552519,0.0,41.897113095525185,4.6,0,0
16,trip,1920,1928.8333333333333,z22,z21,toy-0004084,,,False,46.81419264196249,0.0,46.01919264196249,0.35,2.3,0
12,trip,1920,1943.0,z11,z32,toy-0004083,,,False,38.69650377190135,0.0,36.62650377190135,2.3,4.6,0
75,trip,1920,1936.5,z11,z31,toy-0004076,,,False,46.24711309552506,0.0,44.76211309552506,0.35,4.6,0
8,trip,1920,1932.0089706448605,z10,z21,toy-0004071,,,False,43.201305737487736,0.0,42.120498379450304,0.35,3.2526911934581184,0
3,trip,1920,1928.8333333333333,z21,z31,toy-0004078,,,False,38.3509632098127,0.0,37.555963209812695,0.35,2.3,0
41,trip,1920,1959.5774620612908,z20,z31,toy-0004069,,,False,44.17257792588764,0.0,40.610606340371454,4.6,7.273238618387272,0
5,trip,1920,1928.8333333333333,z32,z22,toy-0004088,,,False,38.81060634037161,0.0,38.01560634037161,0.35,2.3,0
10,trip,1920,1938.5089706448605,z21,z31,toy-0004072,,,False,47.894999999999904,0.0,46.22919264196247,2.3,3.2526911934581184,0
11,trip,1920,1938.3098544941652,z32,z20,toy-0004086,,,False,34.29845238210033,0.0,32.65056547762548,0.35,5.142956348249516,0
62,trip,1920,1938.3098544941652,z30,z22,toy-0004073,,,False,43.712169619929725,0.0,42.06428271545487,0.35,5.142956348249516,0
28,trip,1920,1928.8333333333333,z32,z31,toy-0004087,,,False,47.894999999999854,0.0,47.09999999999985,0.35,2.3,0
13,trip,1920,1936.5,z31,z11,toy-0004080,,,False,41.303452382100716,0.0,39.818452382100716,0.35,4.6,0
18,trip,1920,1944.1666666666667,z31,z01,toy-0004079,,,False,39.57261147497542,0.0,37.39761147497542,0.35,6.8999999999999995,0
45,trip,1920,1959.5774620612908,z22,z31,toy-0004082,,,False,39.06016054833204,0.0,35.49818896281586,4.6,7.273238618387272,0
52,trip,1920,1928.8333333333333,z22,z12,toy-0004085,,,False,42.553385283925024,0.0,41.75838528392502,0.35,2.3,0
77,trip,1920,1944.8098544941652,z21,z32,toy-0004077,,,False,46.51500000000007,0.0,44.28211309552522,2.3,5.142956348249516,0
32,trip,1920,1943.0,z31,z32,toy-0004074,,,False,45.60802841448385,0.0,43.53802841448385,2.3,4.6,0
39,trip,1920,1928.8333333333333,z31,z32,toy-0004081,,,False,42.37711309552508,0.0,41.58211309552508,0.35,2.3,0
79,trip,1920,1952.4765211608317,z22,z21,toy-0004075,,,False,44.925000000000125,0.0,42.00211309552527,5.142956348249516,4.6,0
63,trip,1920,1965.928736684345,z31,z22,toy-0004070,,,False,47.89500000000012,0.0,43.761413698409065,7.273238618387272,6.505382386916237,0
7,visit,1920,1935.0,z32,z32,,hub_waterfront,local,True,39.01177056785015,9.093229432149847,47.894999999999996,0.7,0,5.4559376592899085
14,visit,1920,1935.0,z21,z21,,hub_inner,local,True,43.15419264196264,4.950807358037358,47.894999999999996,0.7,0,2.970484414822415
57,visit,1920,1935.0,z32,z32,,hub_waterfront,local,True,43.962577925887835,4.142422074112161,47.894999999999996,0.7,0,2.4854532444672968
1,trip,1925,1941.5,z32,z12,toy-0004111,,,False,42.54216961992967,0.0,41.057169619929674,0.35,4.6,0
38,trip,1925,1955.6666666666667,z01,z32,toy-0004103,,,False,42.944192641962644,0.0,40.184192641962646,2.3,6.8999999999999995,0
72,trip,1925,1941.5,z22,z20,toy-0004104,,,False,44.925,0.0,43.44,0.35,4.6,0
35,trip,1925,1949.8098544941652,z11,z31,toy-0004090,,,False,36.33852679393411,0.0,34.105639889459255,2.3,5.142956348249516,0
37,trip,1925,1933.8333333333333,z32,z31,toy-0004110,,,False,47.895000000000095,0.0,47.100000000000094,0.35,2.3,0
6,trip,1925,1937.0089706448605,z31,z22,toy-0004102,,,False,44.24838528392517,0.0,43.167577925887734,0.35,3.2526911934581184,0
70,trip,1925,1943.5089706448605,z31,z21,toy-0004091,,,False,42.64499999999991,0.0,40.97919264196248,2.3,3.2526911934581184,0
73,trip,1925,1940.3333333333333,z31,z31,toy-0004092,,,False,45.452113095525235,0.0,44.07211309552523,2.3,2.3,0
44,trip,1925,1937.0089706448605,z32,z21,toy-0004109,,,False,33.939626420515786,0.0,32.858819062478354,0.35,3.2526911934581184,0
47,trip,1925,1943.3098544941652,z21,z02,toy-0004097,,,False,12.06149513835068,0.0,10.413608233875824,0.35,5.142956348249516,0
87,trip,1925,1940.3333333333333,z32,z32,toy-0004107,,,False,47.894999999999904,0.0,46.5149999999999,2.3,2.3,0
76,trip,1925,1943.5089706448605,z31,z32,toy-0004099,,,False,47.89499999999983,0.0,46.2291926419624,2.3,3.2526911934581184,0
78,trip,1925,1949.8098544941652,z31,z11,toy-0004108,,,False,41.745854083115766,0.0,39.51296717864091,2.3,5.142956348249516,0
83,trip,1925,1943.3098544941652,z01,z22,toy-0004094,,,False,45.66211309552503,0.0,44.01422619105018,0.35,5.142956348249516,0
81,trip,1925,1943.3098544941652,z31,z10,toy-0004100,,,False,45.608028414483655,0.0,43.9601415100088,0.35,5.142956348249516,0
88,trip,1925,1966.387316555456,z31,z12,toy-0004089,,,False,47.89499999999991,0.0,44.170141510008875,7.273238618387272,5.142956348249516,0
89,trip,1925,1933.8333333333333,z31,z21,toy-0004101,,,False,42.86699235202518,0.0,42.07199235202518,0.35,2.3,0
48,visit,1925,1940.0,z21,z21,,hub_inner,local,True,37.644152172628786,10.460847827371213,47.894999999999996,0.7,0,6.276508696422727
16,trip,1930,1938.8333333333333,z21,z22,toy-0004128,,,False,46.01919264196248,0.0,45.22419264196248,0.35,2.3,0
52,trip,1930,1946.5,z12,z10,toy-0004131,,,False,41.758385283925016,0.0,40.273385283925016,0.35,4.6,0
24,trip,1930,1938.8333333333333,z11,z21,toy-0004122,,,False,44.58130573748784,0.0,43.78630573748784,0.35,2.3,0
3,trip,1930,1948.3098544941652,z31,z12,toy-0004129,,,False,37.55596320981269,0.0,35.908076305337836,0.35,5.142956348249516,0
67,trip,1930,1948.3098544941652,z20,z32,toy-0004120,,,False,40.3855319285379,0.0,38.73764502406305,0.35,5.142956348249516,0
21,trip,1930,1948.5089706448605,z21,z31,toy-0004118,,,False,34.940644977347254,0.0,33.27483761930982,2.3,3.2526911934581184,0
5,trip,1930,1951.6846079563875,z22,z22,toy-0004124,,,False,38.015606340371605,0.0,36.06399162429673,3.2526911934581184,3.2526911934581184,0
31,trip,1930,1954.8098544941652,z00,z22,toy-0004116,,,False,40.208526793933935,0.0,37.97563988945908,2.3,5.142956348249516,0
49,trip,1930,1956.175637311527,z00,z31,toy-0004123,,,False,45.66211309552508,0.0,43.30630573748764,3.2526911934581184,4.6,0
9,trip,1930,1946.5,z32,z30,toy-0004135,,,False,46.51499999999987,0.0,45.02999999999987,0.35,4.6,0
65,trip,1930,1959.3512746230542,z00,z32,toy-0004117,,,False,40.51686064134279,0.0,37.87524592526792,2.3,6.505382386916237,0
28,trip,1930,1962.4765211608317,z31,z12,toy-0004115,,,False,47.099999999999845,0.0,44.17711309552499,5.142956348249516,4.6,0
66,trip,1930,1962.4765211608317,z31,z32,toy-0004125,,,False,34.430392131833514,0.0,31.50750522735866,4.6,5.142956348249516,0
80,trip,1930,1971.387316555456,z31,z21,toy-0004112,,,False,44.8671130955251,0.0,41.14225460553406,7.273238618387272,5.142956348249516,0
39,trip,1930,1962.4765211608317,z32,z31,toy-0004132,,,False,41.582113095525074,0.0,38.659226191050216,4.6,5.142956348249516,0
61,trip,1930,1959.3512746230542,z32,z00,toy-0004114,,,False,42.15512942374781,0.0,39.51351470767294,6.505382386916237,2.3,0
53,visit,1930,1945.0,z31,z31,,hub_core,local,True,33.241926573742234,12.777777777777779,45.80970435152001,0.7,0,7.666666666666668
85,visit,1930,1945.0,z31,z31,,hub_core,local,True,43.64999999999992,4.455000000000077,47.894999999999996,0.7,0,2.6730000000000462
0,trip,1935,1943.8333333333333,z32,z31,toy-0004160,,,False,44.06757792588784,0.0,43.27257792588784,0.35,2.3,0
46,trip,1935,1953.5089706448605,z11,z10,toy-0004143,,,False,42.86141369840903,0.0,41.1956063403716,2.3,3.2526911934581184,0
8,trip,1935,1943.8333333333333,z21,z31,toy-0004148,,,False,42.1204983794503,0.0,41.325498379450295,0.35,2.3,0
27,trip,1935,1947.0089706448605,z10,z01,toy-0004138,,,False,45.838385283925184,0.0,44.75757792588775,0.35,3.2526911934581184,0
14,trip,1935,1947.0089706448605,z21,z10,toy-0004147,,,False,47.89500000000017,0.0,46.814192641962734,0.35,3.2526911934581184,0
34,trip,1935,1953.3098544941652,z12,z20,toy-0004154,,,False,38.19261147497524,0.0,36.544724570500385,0.35,5.142956348249516,0
4,trip,1935,1947.0089706448605,z31,z22,toy-0004151,,,False,42.04636226189238,0.0,40.965554903854944,0.35,3.2526911934581184,0
56,trip,1935,1953.5089706448605,z22,z21,toy-0004155,,,False,39.12391721246293,0.0,37.458109854425494,2.3,3.2526911934581184,0
23,trip,1935,1959.8098544941652,z21,z30,toy-0004146,,,False,45.82499999999985,0.0,43.592113095524994,2.3,5.142956348249516,0
7,trip,1935,1947.0089706448605,z32,z21,toy-0004159,,,False,47.895000000000024,0.0,46.81419264196259,0.35,3.2526911934581184,0
89,trip,1935,1947.0089706448605,z21,z32,toy-0004149,,,False,42.07199235202517,0.0,40.99118499398774,0.35,3.2526911934581184,0
36,trip,1935,1969.2863756549968,z10,z21,toy-0004152,,,False,43.996305737487724,0.0,40.91053192853801,5.142956348249516,5.142956348249516,0
42,trip,1935,1943.8333333333333,z32,z22,toy-0004161,,,False,36.74514151000903,0.0,35.950141510009026,0.35,2.3,0
71,trip,1935,1958.0,z20,z10,toy-0004136,,,False,33.882752984984336,0.0,31.812752984984336,4.6,2.3,0
43,trip,1935,1950.3333333333333,z32,z32,toy-0004158,,,False,40.530498379450236,0.0,39.150498379450234,2.3,2.3,0
57,trip,1935,1965.6666666666667,z32,z32,toy-0004156,,,False,47.895000000000174,0.0,45.135000000000176,4.6,4.6,0
74,trip,1935,1974.5774620612908,z20,z31,toy-0004137,,,False,36.57275884731691,0.0,33.01078726180073,4.6,7.273238618387272,0
15,trip,1935,1943.8333333333333,z31,z21,toy-0004150,,,False,43.15419264196266,0.0,42.35919264196266,0.35,2.3,0
37,trip,1935,1950.3333333333333,z31,z31,toy-0004142,,,False,47.10000000000009,0.0,45.720000000000084,2.3,2.3,0
40,trip,1935,1981.0,z31,z31,toy-0004144,,,False,36.84560634037145,0.0,32.705606340371446,6.8999999999999995,6.8999999999999995,0
68,trip,1935,1950.3333333333333,z32,z21,toy-0004157,,,False,42.05569053664997,0.0,40.67569053664997,2.3,2.3,0
50,trip,1935,1969.2863756549968,z31,z31,toy-0004139,,,False,39.748883663375224,0.0,36.663109854425514,5.142956348249516,5.142956348249516,0
22,visit,1935,1977.3333333333333,z20,z20,,depot_south,central,False,37.51979898233405,0.0,36.13979898233405,4.6,0,0
84,visit,1935,1950.0,z30,z30,,depot_south,local,True,42.68514151000911,5.419858489990887,47.894999999999996,0.7,0,3.251915093994532
11,trip,1940,1952.0089706448605,z20,z31,toy-0004166,,,False,32.65056547762546,0.0,31.569758119588027,0.35,3.2526911934581184,0
10,trip,1940,1948.8333333333333,z31,z32,toy-0004173,,,False,46.22919264196245,0.0,45.43419264196245,0.35,2.3,0
6,trip,1940,1964.8098544941652,z22,z31,toy-0004175,,,False,43.16757792588773,0.0,40.934691021412874,2.3,5.142956348249516,0
82,trip,1940,1952.0089706448605,z20,z11,toy-0004165,,,False,43.89130573748761,0.0,42.81049837945018,0.35,3.2526911934581184,0
75,trip,1940,1964.8098544941652,z31,z11,toy-0004167,,,False,44.76211309552506,0.0,42.529226191050206,2.3,5.142956348249516,0
25,trip,1940,1948.8333333333333,z00,z01,toy-0004162,,,False,34.141804116937685,0.0,33.34680411693768,0.35,2.3,0
13,trip,1940,1955.3333333333333,z11,z11,toy-0004174,,,False,39.818452382100716,0.0,38.438452382100714,2.3,2.3,0
26,trip,1940,1948.8333333333333,z01,z00,toy-0004169,,,False,43.4330284144839,0.0,42.6380284144839,0.35,2.3,0
16,trip,1940,1952.0089706448605,z22,z31,toy-0004176,,,False,45.224192641962475,0.0,44.14338528392504,0.35,3.2526911934581184,0
86,trip,1940,1963.0,z20,z32,toy-0004168,,,False,41.897113095525164,0.0,39.82711309552516,2.3,4.6,0
2,trip,1940,1963.0,z32,z11,toy-0004172,,,False,34.760531928537915,0.0,32.690531928537915,2.3,4.6,0
58,trip,1940,1955.3333333333333,z11,z20,toy-0004163,,,False,40.13271943589666,0.0,38.75271943589666,2.3,2.3,0
24,trip,1940,1961.6846079563875,z21,z21,toy-0004164,,,False,43.78630573748783,0.0,41.83469102141296,3.2526911934581184,3.2526911934581184,0
69,trip,1940,1948.8333333333333,z32,z31,toy-0004177,,,False,17.00963151375582,0.0,16.21463151375582,0.35,2.3,0
29,trip,1940,1963.0,z21,z31,toy-0004170,,,False,42.301305737487496,0.0,40.231305737487496,2.3,4.6,0
44,trip,1940,1958.5089706448605,z21,z20,toy-0004171,,,False,32.85881906247835,0.0,31.19301170444091,2.3,3.2526911934581184,0
51,visit,1940,1955.0,z21,z21,,hub_inner,local,True,37.29261147497545,10.812388525024545,47.894999999999996,0.7,0,6.487433115014727
55,visit,1940,1982.3333333333333,z31,z31,,depot_south,central,False,42.15802841448366,0.0,40.77802841448366,4.6,0,0
12,trip,1945,1963.3098544941652,z32,z20,toy-0004191,,,False,36.62650377190133,0.0,34.97861686742648,0.35,5.142956348249516,0
47,trip,1945,1976.9107953946243,z02,z32,toy-0004183,,,False,10.413608233875815,0.0,7.541636648359633,2.3,7.273238618387272,0
1,trip,1945,1960.3333333333333,z12,z21,toy-0004184,,,False,41.057169619929674,0.0,39.67716961992967,2.3,2.3,0
33,trip,1945,1957.0089706448605,z22,z31,toy-0004190,,,False,40.53049837945007,0.0,39.44969102141264,0.35,3.2526911934581184,0
0,trip,1945,1953.8333333333333,z31,z21,toy-0004188,,,False,43.27257792588783,0.0,42.47757792588783,0.35,2.3,0
72,trip,1945,1953.8333333333333,z20,z10,toy-0004180,,,False,43.44,0.0,42.644999999999996,0.35,2.3,0
81,trip,1945,1971.175637311527,z10,z21,toy-0004182,,,False,43.96014151000879,0.0,41.60433415197135,3.2526911934581184,4.6,0
15,trip,1945,1969.8098544941652,z21,z32,toy-0004181,,,False,42.35919264196265,0.0,40.1263057374878,2.3,5.142956348249516,0
48,trip,1945,1969.8098544941652,z21,z32,toy-0004186,,,False,47.89500000000003,0.0,45.66211309552518,2.3,5.142956348249516,0
70,trip,1945,1977.5269119345812,z21,z32,toy-0004179,,,False,40.979192641962456,0.0,38.05177056785015,3.2526911934581184,6.505382386916237,0
32,trip,1945,1953.8333333333333,z32,z31,toy-0004192,,,False,43.53802841448383,0.0,42.74302841448383,0.35,2.3,0
42,trip,1945,1963.5089706448605,z22,z12,toy-0004185,,,False,35.95014151000902,0.0,34.284334151971585,3.2526911934581184,2.3,0
62,trip,1945,1975.6666666666667,z22,z22,toy-0004189,,,False,42.06428271545486,0.0,39.30428271545486,4.6,4.6,0
64,trip,1945,1989.6846079563875,z22,z30,toy-0004178,,,False,33.53149983490747,0.0,29.5098851188326,6.505382386916237,6.8999999999999995,0
8,trip,1945,1960.3333333333333,z31,z31,toy-0004187,,,False,41.32549837945029,0.0,39.945498379450285,2.3,2.3,0
18,visit,1945,1965.3333333333333,z01,z01,,depot_west,local,False,37.397611474975406,0.0,36.0176114749754,4.6,0,0
76,visit,1945,1960.0,z32,z32,,hub_waterfront,local,True,46.22919264196238,1.8758073580376193,47.894999999999996,0.7,0,1.1254844148225716
54,visit,1945,1960.0,z31,z31,,hub_core,,True,37.90680411693808,10.198195883061913,47.894999999999996,0.7,0,6.118917529837148
4,trip,1950,1973.0,z22,z32,toy-0004219,,,False,40.96555490385494,0.0,38.895554903854936,2.3,4.6,0
26,trip,1950,1980.6666666666667,z00,z31,toy-0004205,,,False,42.63802841448389,0.0,39.87802841448389,2.3,6.8999999999999995,0
17,trip,1950,1958.8333333333333,z31,z32,toy-0004215,,,False,37.536339286575526,0.0,36.741339286575524,0.35,2.3,0
10,trip,1950,1968.3098544941652,z32,z11,toy-0004223,,,False,45.43419264196244,0.0,43.78630573748759,0.35,5.142956348249516,0
14,trip,1950,1968.3098544941652,z10,z31,toy-0004196,,,False,46.81419264196273,0.0,45.166305737487875,0.35,5.142956348249516,0
9,trip,1950,1974.1666666666667,z30,z00,toy-0004200,,,False,45.02999999999987,0.0,42.854999999999876,0.35,6.8999999999999995,0
78,trip,1950,1971.6846079563875,z11,z11,toy-0004193,,,False,39.51296717864089,0.0,37.56135246256602,3.2526911934581184,3.2526911934581184,0
7,trip,1950,1962.0089706448605,z21,z32,toy-0004213,,,False,46.814192641962585,0.0,45.73338528392515,0.35,3.2526911934581184,0
59,trip,1950,1962.0089706448605,z32,z21,toy-0004224,,,False,37.127611474975375,0.0,36.04680411693794,0.35,3.2526911934581184,0
84,trip,1950,1962.0089706448605,z30,z21,toy-0004201,,,False,47.89499999999995,0.0,46.81419264196252,0.35,3.2526911934581184,0
83,trip,1950,1995.928736684345,z22,z31,toy-0004194,,,False,44.01422619105016,0.0,39.88063988945911,6.505382386916237,7.273238618387272,0
21,trip,1950,1968.5089706448605,z31,z21,toy-0004197,,,False,33.2748376193098,0.0,31.609030261272363,3.2526911934581184,2.3,0
67,trip,1950,1958.8333333333333,z32,z22,toy-0004225,,,False,38.737645024063035,0.0,37.94264502406303,0.35,2.3,0
35,trip,1950,1965.3333333333333,z31,z22,toy-0004212,,,False,34.10563988945923,0.0,32.72563988945923,2.3,2.3,0
53,trip,1950,1971.6846079563875,z31,z31,toy-0004198,,,False,45.809704351520146,0.0,43.858089635445275,3.2526911934581184,3.2526911934581184,0
77,trip,1950,1975.4107953946243,z32,z01,toy-0004222,,,False,44.2821130955252,0.0,41.99514151000901,0.35,7.273238618387272,0
60,trip,1950,1980.6666666666667,z31,z31,toy-0004207,,,False,36.06155520841791,0.0,33.30155520841791,4.6,4.6,0
87,trip,1950,1965.3333333333333,z32,z32,toy-0004221,,,False,46.51499999999988,0.0,45.13499999999988,2.3,2.3,0
69,trip,1950,1965.3333333333333,z31,z11,toy-0004210,,,False,16.21463151375581,0.0,14.83463151375581,2.3,2.3,0
73,trip,1950,1990.1431878274984,z31,z20,toy-0004204,,,False,44.07211309552521,0.0,40.459226191050355,6.8999999999999995,5.142956348249516,0
85,trip,1950,1965.3333333333333,z31,z31,toy-0004211,,,False,47.89499999999992,0.0,46.514999999999915,2.3,2.3,0
89,trip,1950,1973.0,z32,z31,toy-0004202,,,False,40.99118499398773,0.0,38.92118499398773,4.6,2.3,0
25,visit,1950,1970.3333333333333,z01,z01,,depot_west,local,False,33.346804116937676,0.0,31.966804116937677,4.6,0,0
3,visit,1950,2011.2863756549968,z12,z12,,depot_west,central,False,35.90807630533782,0.0,32.82230249638811,10.285912696499032,0,0
52,visit,1950,1970.3333333333333,z10,z10,,depot_west,local,False,40.273385283925016,0.0,38.893385283925014,4.6,0,0
27,visit,1950,1970.3333333333333,z01,z01,,depot_west,local,False,44.757577925887745,0.0,43.37757792588774,4.6,0,0
46,trip,1955,1973.3098544941652,z10,z22,toy-0004229,,,False,41.195606340371576,0.0,39.547719435896724,0.35,5.142956348249516,0
82,trip,1955,1981.175637311527,z11,z00,toy-0004235,,,False,42.81049837945017,0.0,40.454691021412735,3.2526911934581184,4.6,0
0,trip,1955,1976.6846079563875,z21,z21,toy-0004236,,,False,42.47757792588782,0.0,40.52596320981295,3.2526911934581184,3.2526911934581184,0
43,trip,1955,1978.0,z32,z20,toy-0004238,,,False,39.15049837945021,0.0,37.08049837945021,2.3,4.6,0
11,trip,1955,1970.3333333333333,z31,z31,toy-0004241,,,False,31.569758119588023,0.0,30.189758119588024,2.3,2.3,0
34,trip,1955,1985.6666666666667,z20,z02,toy-0004226,,,False,36.54472457050037,0.0,33.78472457050037,4.6,4.6,0
16,trip,1955,1970.3333333333333,z31,z20,toy-0004232,,,False,44.143385283925035,0.0,42.76338528392503,2.3,2.3,0
51,trip,1955,1979.8098544941652,z21,z32,toy-0004231,,,False,47.89499999999996,0.0,45.66211309552511,2.3,5.142956348249516,0
56,trip,1955,1973.5089706448605,z21,z22,toy-0004237,,,False,37.45810985442547,0.0,35.79230249638804,3.2526911934581184,2.3,0
68,trip,1955,1979.8098544941652,z21,z01,toy-0004230,,,False,40.675690536649945,0.0,38.44280363217509,2.3,5.142956348249516,0
79,trip,1955,1973.5089706448605,z21,z11,toy-0004228,,,False,42.00211309552526,0.0,40.33630573748783,3.2526911934581184,2.3,0
32,trip,1955,2006.886688506515,z31,z32,toy-0004227,,,False,42.743028414483824,0.0,38.073226448897486,7.273238618387272,8.292767933567175,0
37,trip,1955,1976.6846079563875,z31,z31,toy-0004240,,,False,45.72000000000006,0.0,43.76838528392519,3.2526911934581184,3.2526911934581184,0
5,visit,1955,1975.3333333333333,z22,z22,,hub_inner,local,False,36.06399162429672,0.0,34.683991624296716,4.6,0,0
31,visit,1955,1975.3333333333333,z22,z22,,hub_inner,local,False,37.97563988945906,0.0,36.59563988945906,4.6,0,0
72,visit,1955,1975.3333333333333,z10,z10,,depot_west,local,False,42.64499999999999,0.0,41.264999999999986,4.6,0,0
67,trip,1960,1968.8333333333333,z22,z32,toy-0004264,,,False,37.942645024063026,0.0,37.147645024063024,0.35,2.3,0
13,trip,1960,1976.5,z11,z31,toy-0004251,,,False,38.43845238210069,0.0,36.95345238210069,0.35,4.6,0
33,trip,1960,1975.3333333333333,z31,z20,toy-0004253,,,False,39.44969102141263,0.0,38.06969102141263,2.3,2.3,0
17,trip,1960,1997.0179412897207,z32,z30,toy-0004260,,,False,36.74133928657552,0.0,33.40972457050064,4.6,6.505382386916237,0
44,trip,1960,1978.5089706448605,z20,z21,toy-0004245,,,False,31.1930117044409,0.0,29.52720434640346,2.3,3.2526911934581184,0
61,trip,1960,1976.5,z00,z20,toy-0004242,,,False,39.51351470767291,0.0,38.02851470767291,0.35,4.6,0
58,trip,1960,1984.8098544941652,z20,z31,toy-0004246,,,False,38.75271943589664,0.0,36.519832531421784,2.3,5.142956348249516,0
41,trip,1960,1968.8333333333333,z31,z32,toy-0004259,,,False,40.61060634037145,0.0,39.815606340371446,0.35,2.3,0
38,trip,1960,1968.8333333333333,z32,z31,toy-0004266,,,False,40.18419264196262,0.0,39.389192641962616,0.35,2.3,0
76,trip,1960,1982.8512746230542,z32,z10,toy-0004265,,,False,47.89499999999986,0.0,45.83838528392499,0.35,6.505382386916237,0
45,trip,1960,1978.5089706448605,z31,z32,toy-0004255,,,False,35.49818896281585,0.0,33.83238160477842,2.3,3.2526911934581184,0
49,trip,1960,1986.175637311527,z31,z02,toy-0004263,,,False,43.306305737487634,0.0,40.950498379450195,3.2526911934581184,4.6,0
54,trip,1960,2007.2441287279576,z31,z32,toy-0004250,,,False,47.89499999999984,0.0,43.64302841448366,6.8999999999999995,7.273238618387272,0
23,trip,1960,1978.5089706448605,z30,z31,toy-0004254,,,False,43.59211309552497,0.0,41.92630573748754,3.2526911934581184,2.3,0
71,visit,1960,1980.3333333333333,z10,z10,,hub_center,local,False,31.812752984984325,0.0,30.432752984984326,4.6,0,0
65,visit,1960,2017.6666666666667,z32,z32,,depot_south,central,False,37.87524592526789,0.0,35.11524592526789,9.2,0,0
6,trip,1965,1977.0089706448605,z31,z22,toy-0004277,,,False,40.93469102141285,0.0,39.85388366337542,0.35,3.2526911934581184,0
1,trip,1965,1983.5089706448605,z21,z31,toy-0004268,,,False,39.67716961992965,0.0,38.01136226189222,2.3,3.2526911934581184,0
8,trip,1965,1983.3098544941652,z31,z12,toy-0004276,,,False,39.945498379450264,0.0,38.29761147497541,0.35,5.142956348249516,0
7,trip,1965,1989.8098544941652,z32,z10,toy-0004283,,,False,45.733385283925145,0.0,43.50049837945029,2.3,5.142956348249516,0
28,trip,1965,1981.5,z12,z32,toy-0004281,,,False,44.17711309552498,0.0,42.69211309552498,0.35,4.6,0
19,trip,1965,1980.3333333333333,z32,z12,toy-0004285,,,False,39.11650377190114,0.0,37.736503771901134,2.3,2.3,0
20,trip,1965,1973.8333333333333,z32,z22,toy-0004288,,,False,35.80761147497547,0.0,35.012611474975465,0.35,2.3,0
66,trip,1965,1977.0089706448605,z32,z21,toy-0004286,,,False,31.50750522735865,0.0,30.426697869321213,0.35,3.2526911934581184,0
24,trip,1965,1973.8333333333333,z21,z31,toy-0004274,,,False,41.834691021412944,0.0,41.03969102141294,0.35,2.3,0
2,trip,1965,1973.8333333333333,z11,z10,toy-0004271,,,False,32.6905319285379,0.0,31.8955319285379,0.35,2.3,0
42,trip,1965,1980.3333333333333,z12,z21,toy-0004284,,,False,34.284334151971564,0.0,32.90433415197156,2.3,2.3,0
86,trip,1965,1981.5,z32,z12,toy-0004287,,,False,39.82711309552515,0.0,38.34211309552515,0.35,4.6,0
75,trip,1965,1988.0,z11,z21,toy-0004269,,,False,42.529226191050185,0.0,40.459226191050185,2.3,4.6,0
59,trip,1965,1983.5089706448605,z21,z00,toy-0004270,,,False,36.046804116937935,0.0,34.3809967589005,2.3,3.2526911934581184,0
84,trip,1965,1994.3512746230542,z21,z00,toy-0004282,,,False,46.814192641962514,0.0,44.172577925887644,2.3,6.505382386916237,0
29,trip,1965,1988.0,z31,z21,toy-0004272,,,False,40.23130573748748,0.0,38.16130573748748,4.6,2.3,0
39,trip,1965,2003.827795783886,z31,z32,toy-0004267,,,False,38.65922619105021,0.0,35.16472457050048,5.142956348249516,6.505382386916237,0
12,visit,1965,1985.3333333333333,z20,z20,,depot_south,local,False,34.97861686742647,0.0,33.598616867426465,4.6,0,0
14,trip,1970,1978.8333333333333,z31,z21,toy-0004305,,,False,45.16630573748786,0.0,44.37130573748786,0.35,2.3,0
15,trip,1970,1978.8333333333333,z32,z31,toy-0004316,,,False,40.126305737487776,0.0,39.331305737487774,0.35,2.3,0
21,trip,1970,1994.8098544941652,z21,z32,toy-0004294,,,False,31.609030261272352,0.0,29.3761433567975,2.3,5.142956348249516,0
36,trip,1970,1982.0089706448605,z21,z12,toy-0004301,,,False,40.91053192853799,0.0,39.82972457050056,0.35,3.2526911934581184,0
18,trip,1970,2000.6666666666667,z01,z32,toy-0004309,,,False,36.01761147497538,0.0,33.257611474975384,2.3,6.8999999999999995,0
10,trip,1970,1982.0089706448605,z11,z22,toy-0004298,,,False,43.786305737487574,0.0,42.70549837945014,0.35,3.2526911934581184,0
35,trip,1970,2012.9758931118906,z22,z30,toy-0004308,,,False,32.72563988945921,0.0,28.857809509389057,4.6,8.292767933567175,0
38,trip,1970,1991.6846079563875,z31,z11,toy-0004291,,,False,39.38919264196261,0.0,37.43757792588774,3.2526911934581184,3.2526911934581184,0
63,trip,1970,2010.1431878274984,z22,z31,toy-0004296,,,False,43.76141369840904,0.0,40.14852679393418,5.142956348249516,6.8999999999999995,0
50,trip,1970,2002.4765211608317,z31,z32,toy-0004299,,,False,36.66310985442549,0.0,33.740222949950635,4.6,5.142956348249516,0
41,trip,1970,1994.8098544941652,z32,z01,toy-0004312,,,False,39.81560634037144,0.0,37.582719435896585,2.3,5.142956348249516,0
48,trip,1970,1988.3098544941652,z32,z11,toy-0004315,,,False,45.66211309552516,0.0,44.014226191050305,0.35,5.142956348249516,0
57,trip,1970,2014.6846079563875,z32,z20,toy-0004307,,,False,45.13500000000017,0.0,41.1133852839253,6.8999999999999995,6.505382386916237,0
85,trip,1970,1988.5089706448605,z31,z21,toy-0004292,,,False,46.514999999999894,0.0,44.84919264196246,3.2526911934581184,2.3,0
87,trip,1970,2002.4765211608317,z32,z22,toy-0004293,,,False,45.134999999999856,0.0,42.212113095525,5.142956348249516,4.6,0
69,visit,1970,1997.29555442508,z11,z11,,hub_center,local,False,14.834631513755795,33.27036848624421,47.895,0.7,0,19.962221091746525
67,visit,1970,2027.6666666666667,z32,z32,,depot_south,central,False,37.14764502406302,0.0,34.38764502406302,9.2,0,0
88,visit,1970,1990.3333333333333,z12,z12,,hub_center,local,False,44.17014151000885,0.0,42.790141510008844,4.6,0,0
25,trip,1975,1990.3333333333333,z01,z01,toy-0004329,,,False,31.966804116937656,0.0,30.586804116937657,2.3,2.3,0
4,trip,1975,1983.8333333333333,z32,z31,toy-0004335,,,False,38.89555490385492,0.0,38.10055490385492,0.35,2.3,0
11,trip,1975,1990.3333333333333,z31,z31,toy-0004321,,,False,30.18975811958801,0.0,28.80975811958801,2.3,2.3,0
20,trip,1975,1983.8333333333333,z22,z32,toy-0004333,,,False,35.01261147497546,0.0,34.217611474975456,0.35,2.3,0
78,trip,1975,1991.5,z11,z31,toy-0004324,,,False,37.561352462566006,0.0,36.07635246256601,0.35,4.6,0
80,trip,1975,1983.8333333333333,z21,z11,toy-0004325,,,False,41.142254605534035,0.0,40.34725460553403,0.35,2.3,0
46,trip,1975,1999.8098544941652,z22,z20,toy-0004330,,,False,39.54771943589671,0.0,37.31483253142186,2.3,5.142956348249516,0
9,trip,1975,2003.8092264452239,z00,z32,toy-0004318,,,False,42.85499999999986,0.0,40.26216961992971,0.35,8.292767933567175,0
24,trip,1975,1993.5089706448605,z31,z21,toy-0004334,,,False,41.039691021412935,0.0,39.3738836633755,2.3,3.2526911934581184,0
2,trip,1975,2006.9107953946243,z10,z31,toy-0004317,,,False,31.895531928537892,0.0,29.02356034302171,2.3,7.273238618387272,0
53,trip,1975,1983.8333333333333,z31,z30,toy-0004327,,,False,43.85808963544526,0.0,43.06308963544526,0.35,2.3,0
16,trip,1975,1993.5089706448605,z20,z21,toy-0004320,,,False,42.76338528392501,0.0,41.09757792588758,2.3,3.2526911934581184,0
79,trip,1975,1990.3333333333333,z11,z22,toy-0004332,,,False,40.336305737487805,0.0,38.9563057374878,2.3,2.3,0
27,trip,1975,1996.6846079563875,z01,z21,toy-0004331,,,False,43.37757792588772,0.0,41.42596320981285,3.2526911934581184,3.2526911934581184,0
74,trip,1975,1998.0,z31,z32,toy-0004322,,,False,33.01078726180072,0.0,30.940787261800722,2.3,4.6,0
89,trip,1975,1990.3333333333333,z31,z31,toy-0004326,,,False,38.921184993987715,0.0,37.54118499398771,2.3,2.3,0
52,trip,1975,1996.6846079563875,z10,z12,toy-0004323,,,False,38.89338528392499,0.0,36.94177056785012,3.2526911934581184,3.2526911934581184,0
56,visit,1975,1995.3333333333333,z22,z22,,hub_inner,local,False,35.79230249638802,0.0,34.412302496388016,4.6,0,0
13,trip,1980,1996.5,z31,z11,toy-0004346,,,False,36.95345238210069,0.0,35.46845238210069,0.35,4.6,0
68,trip,1980,1998.3098544941652,z01,z22,toy-0004343,,,False,38.44280363217507,0.0,36.79491672770022,0.35,5.142956348249516,0
5,trip,1980,1992.0089706448605,z22,z11,toy-0004355,,,False,34.683991624296695,0.0,33.60318426625926,0.35,3.2526911934581184,0
6,trip,1980,1988.8333333333333,z22,z21,toy-0004356,,,False,39.85388366337541,0.0,39.05888366337541,0.35,2.3,0
0,trip,1980,1995.3333333333333,z21,z21,toy-0004345,,,False,40.525963209812936,0.0,39.14596320981293,2.3,2.3,0
31,trip,1980,1995.3333333333333,z22,z11,toy-0004353,,,False,36.59563988945904,0.0,35.215639889459034,2.3,2.3,0
77,trip,1980,2005.4107953946243,z01,z32,toy-0004344,,,False,41.995141510009006,0.0,39.70816992449282,0.35,7.273238618387272,0
14,trip,1980,2007.9854918056922,z21,z31,toy-0004354,,,False,44.37130573748785,0.0,41.85261147497556,3.2526911934581184,5.142956348249516,0
72,trip,1980,1998.3098544941652,z10,z22,toy-0004338,,,False,41.264999999999965,0.0,39.61711309552511,0.35,5.142956348249516,0
15,trip,1980,2003.0,z31,z10,toy-0004340,,,False,39.33130573748777,0.0,37.26130573748777,2.3,4.6,0
22,trip,1980,2017.0179412897207,z20,z22,toy-0004336,,,False,36.13979898233403,0.0,32.808184266259154,4.6,6.505382386916237,0
23,trip,1980,1988.8333333333333,z31,z21,toy-0004347,,,False,41.92630573748752,0.0,41.131305737487516,0.35,2.3,0
37,trip,1980,1992.0089706448605,z31,z22,toy-0004348,,,False,43.76838528392518,0.0,42.687577925887744,0.35,3.2526911934581184,0
44,trip,1980,1998.5089706448605,z21,z31,toy-0004357,,,False,29.527204346403458,0.0,27.86139698836602,2.3,3.2526911934581184,0
33,trip,1980,1998.5089706448605,z20,z21,toy-0004337,,,False,38.06969102141261,0.0,36.403883663375176,2.3,3.2526911934581184,0
43,trip,1980,2004.8098544941652,z20,z11,toy-0004341,,,False,37.0804983794502,0.0,34.847611474975345,2.3,5.142956348249516,0
66,trip,1980,2012.4765211608317,z21,z22,toy-0004352,,,False,30.426697869321206,0.0,27.503810964846352,5.142956348249516,4.6,0
61,trip,1980,2004.8098544941652,z20,z22,toy-0004342,,,False,38.02851470767291,0.0,35.79562780319806,2.3,5.142956348249516,0
45,trip,1980,2027.2441287279576,z32,z31,toy-0004350,,,False,33.8323816047784,0.0,29.580410019262217,6.8999999999999995,7.273238618387272,0
51,trip,1980,2023.369215912775,z32,z32,toy-0004339,,,False,45.662113095525086,0.0,41.75888366337534,6.505382386916237,6.505382386916237,0
70,trip,1980,2020.1431878274984,z32,z10,toy-0004349,,,False,38.05177056785013,0.0,34.43888366337527,6.8999999999999995,5.142956348249516,0
47,visit,1980,2011.6713513443176,z32,z32,,hub_waterfront,local,False,7.5416366483596295,40.56336335164037,47.894999999999996,0.7,0,24.338018010984218
62,visit,1980,2041.2863756549968,z22,z22,,depot_south,central,False,39.30428271545485,0.0,36.21850890650514,10.285912696499032,0,0
81,visit,1980,1995.0,z21,z21,,hub_inner,local,True,41.604334151971344,6.500665848028652,47.894999999999996,0.7,0,3.9003995088171917
59,trip,1985,2003.3098544941652,z00,z21,toy-0004358,,,False,34.38099675890048,0.0,32.73310985442563,0.35,5.142956348249516,0
42,trip,1985,1993.8333333333333,z21,z22,toy-0004365,,,False,32.90433415197154,0.0,32.10933415197154,0.35,2.3,0
71,trip,1985,1993.8333333333333,z10,z20,toy-0004359,,,False,30.43275298498431,0.0,29.63775298498431,0.35,2.3,0
1,trip,1985,2003.5089706448605,z31,z32,toy-0004366,,,False,38.011362261892195,0.0,36.34555490385476,2.3,3.2526911934581184,0
8,trip,1985,2001.5,z12,z32,toy-0004369,,,False,38.2976114749754,0.0,36.8126114749754,0.35,4.6,0
20,trip,1985,1993.8333333333333,z32,z22,toy-0004373,,,False,34.21761147497545,0.0,33.42261147497545,0.35,2.3,0
10,trip,1985,1993.8333333333333,z22,z32,toy-0004370,,,False,42.705498379450134,0.0,41.91049837945013,0.35,2.3,0
4,trip,1985,2000.3333333333333,z31,z31,toy-0004364,,,False,38.10055490385491,0.0,36.72055490385491,2.3,2.3,0
26,trip,1985,1997.0089706448605,z31,z20,toy-0004368,,,False,39.878028414483865,0.0,38.79722105644643,0.35,3.2526911934581184,0
28,trip,1985,2009.1666666666667,z32,z02,toy-0004372,,,False,42.69211309552498,0.0,40.517113095524984,0.35,6.8999999999999995,0
40,trip,1985,2010.4107953946243,z31,z00,toy-0004367,,,False,32.70560634037142,0.0,30.418634754855237,0.35,7.273238618387272,0
76,trip,1985,2003.3098544941652,z10,z31,toy-0004360,,,False,45.83838528392498,0.0,44.190498379450126,0.35,5.142956348249516,0
53,trip,1985,2013.8092264452239,z30,z02,toy-0004361,,,False,43.06308963544525,0.0,40.4702592553751,0.35,8.292767933567175,0
80,trip,1985,2015.6666666666667,z11,z31,toy-0004362,,,False,40.347254605534026,0.0,37.58725460553403,2.3,6.8999999999999995,0
55,trip,1985,2000.3333333333333,z31,z31,toy-0004371,,,False,40.778028414483636,0.0,39.39802841448363,2.3,2.3,0
19,trip,1985,2008.0,z12,z31,toy-0004363,,,False,37.73650377190111,0.0,35.66650377190111,2.3,4.6,0
60,visit,1985,2000.0,z31,z31,,hub_core,local,True,33.3015552084179,12.777777777777779,45.86933298619568,0.7,0,7.666666666666668
36,visit,1985,2046.2863756549968,z12,z12,,depot_west,central,False,39.82972457050055,0.0,36.74395076155084,10.285912696499032,0,0
58,visit,1985,2000.0,z31,z31,,hub_core,,True,36.51983253142176,11.585167468578236,47.894999999999996,0.7,0,6.951100481146941
6,trip,1990,2013.0,z21,z20,toy-0004387,,,False,39.058883663375404,0.0,36.988883663375404,2.3,4.6,0
12,trip,1990,2006.5,z20,z00,toy-0004375,,,False,33.59861686742644,0.0,32.113616867426444,0.35,4.6,0
82,trip,1990,2015.4107953946243,z00,z31,toy-0004374,,,False,40.45469102141273,0.0,38.167719435896544,0.35,7.273238618387272,0
23,trip,1990,2008.5089706448605,z21,z31,toy-0004388,,,False,41.13130573748751,0.0,39.465498379450075,2.3,3.2526911934581184,0
29,trip,1990,1998.8333333333333,z21,z31,toy-0004384,,,False,38.16130573748747,0.0,37.366305737487465,0.35,2.3,0
7,trip,1990,2014.8098544941652,z10,z12,toy-0004378,,,False,43.50049837945027,0.0,41.26761147497542,2.3,5.142956348249516,0
48,trip,1990,2008.3098544941652,z11,z32,toy-0004381,,,False,44.01422619105029,0.0,42.36633928657544,0.35,5.142956348249516,0
64,trip,1990,2005.3333333333333,z30,z32,toy-0004385,,,False,29.50988511883259,0.0,28.12988511883259,2.3,2.3,0
75,trip,1990,1998.8333333333333,z21,z20,toy-0004383,,,False,40.45922619105017,0.0,39.66422619105017,0.35,2.3,0
85,trip,1990,2008.5089706448605,z21,z31,toy-0004377,,,False,44.84919264196244,0.0,43.183385283925006,2.3,3.2526911934581184,0
86,trip,1990,2002.0089706448605,z12,z01,toy-0004386,,,False,38.34211309552515,0.0,37.26130573748772,0.35,3.2526911934581184,0
34,trip,1990,2025.3092264452239,z02,z31,toy-0004380,,,False,33.784724570500366,0.0,30.606894190430214,8.292767933567175,2.3,0
49,trip,1990,2019.3512746230542,z02,z21,toy-0004376,,,False,40.95049837945019,0.0,38.30888366337532,6.505382386916237,2.3,0
11,trip,1995,2007.0089706448605,z31,z22,toy-0004397,,,False,28.809758119587997,0.0,27.72895076155056,0.35,3.2526911934581184,0
5,trip,1995,2019.8098544941652,z11,z31,toy-0004392,,,False,33.603184266259255,0.0,31.370297361784402,2.3,5.142956348249516,0
71,trip,1995,2010.3333333333333,z20,z11,toy-0004391,,,False,29.6377529849843,0.0,28.2577529849843,2.3,2.3,0
16,trip,1995,2013.5089706448605,z21,z22,toy-0004395,,,False,41.097577925887556,0.0,39.43177056785012,2.3,3.2526911934581184,0
24,trip,1995,2010.3333333333333,z21,z01,toy-0004394,,,False,39.37388366337548,0.0,37.99388366337548,2.3,2.3,0
78,trip,1995,2003.8333333333333,z31,z21,toy-0004396,,,False,36.07635246256601,0.0,35.281352462566005,0.35,2.3,0
73,trip,1995,2018.0,z20,z30,toy-0004390,,,False,40.45922619105033,0.0,38.38922619105033,2.3,4.6,0
25,trip,1995,2011.5,z01,z21,toy-0004393,,,False,30.586804116937643,0.0,29.101804116937643,0.35,4.6,0
10,trip,1995,2007.0089706448605,z32,z21,toy-0004399,,,False,41.910498379450125,0.0,40.82969102141269,0.35,3.2526911934581184,0
88,trip,1995,2013.3098544941652,z12,z31,toy-0004398,,,False,42.79014151000882,0.0,41.14225460553397,0.35,5.142956348249516,0
38,visit,1995,2010.0,z11,z11,,hub_center,local,True,37.43757792588772,10.667422074112274,47.894999999999996,0.7,0,6.400453244467364
21,visit,1995,2010.0,z32,z32,,hub_waterfront,,True,29.37614335679749,17.77777777777778,46.94392113457527,0.7,0,10.666666666666668
89,visit,1995,2010.0,z31,z31,,hub_core,,True,37.54118499398769,10.563815006012305,47.894999999999996,0.7,0,6.338289003607383
31,trip,2000,2008.8333333333333,z11,z21,toy-0004408,,,False,35.21563988945901,0.0,34.42063988945901,0.35,2.3,0
84,trip,2000,2028.8092264452239,z00,z32,toy-0004401,,,False,44.172577925887616,0.0,41.57974754581746,0.35,8.292767933567175,0
29,trip,2000,2008.8333333333333,z31,z32,toy-0004414,,,False,37.36630573748746,0.0,36.57130573748746,0.35,2.3,0
69,trip,2000,2008.8333333333333,z11,z12,toy-0004410,,,False,47.89499999999981,0.0,47.09999999999981,0.35,2.3,0
52,trip,2000,2012.0089706448605,z12,z21,toy-0004418,,,False,36.94177056785011,0.0,35.860963209812674,0.35,3.2526911934581184,0
0,trip,2000,2023.0,z21,z31,toy-0004409,,,False,39.14596320981291,0.0,37.07596320981291,2.3,4.6,0
27,trip,2000,2008.8333333333333,z21,z31,toy-0004411,,,False,41.425963209812835,0.0,40.63096320981283,0.35,2.3,0
26,trip,2000,2023.0,z20,z12,toy-0004402,,,False,38.797221056446425,0.0,36.727221056446425,2.3,4.6,0
46,trip,2000,2016.5,z20,z22,toy-0004404,,,False,37.314832531421835,0.0,35.829832531421836,0.35,4.6,0
74,trip,2000,2008.8333333333333,z32,z31,toy-0004424,,,False,30.94078726180072,0.0,30.14578726180072,0.35,2.3,0
17,trip,2000,2016.5,z30,z32,toy-0004405,,,False,33.40972457050063,0.0,31.92472457050063,0.35,4.6,0
81,trip,2000,2012.0089706448605,z21,z32,toy-0004412,,,False,47.89499999999991,0.0,46.81419264196248,0.35,3.2526911934581184,0
41,trip,2000,2024.8098544941652,z01,z21,toy-0004415,,,False,37.582719435896564,0.0,35.34983253142171,2.3,5.142956348249516,0
20,trip,2000,2035.3092264452239,z22,z00,toy-0004422,,,False,33.42261147497544,0.0,30.24478109490529,2.3,8.292767933567175,0
37,trip,2000,2040.1431878274984,z22,z31,toy-0004407,,,False,42.68757792588774,0.0,39.07469102141288,5.142956348249516,6.8999999999999995,0
42,trip,2000,2024.8098544941652,z22,z11,toy-0004423,,,False,32.10933415197153,0.0,29.876447247496678,2.3,5.142956348249516,0
56,trip,2000,2039.5774620612908,z22,z31,toy-0004416,,,False,34.412302496387994,0.0,30.85033091087181,4.6,7.273238618387272,0
75,trip,2000,2012.0089706448605,z20,z31,toy-0004403,,,False,39.66422619105016,0.0,38.58341883301273,0.35,3.2526911934581184,0
68,trip,2000,2038.3333333333333,z22,z32,toy-0004417,,,False,36.794916727700205,0.0,33.3449167277002,4.6,6.8999999999999995,0
72,trip,2000,2034.2863756549968,z22,z20,toy-0004406,,,False,39.6171130955251,0.0,36.53133928657539,5.142956348249516,5.142956348249516,0
79,trip,2000,2008.8333333333333,z22,z32,toy-0004421,,,False,38.95630573748778,0.0,38.16130573748778,0.35,2.3,0
44,trip,2000,2025.4107953946243,z31,z02,toy-0004413,,,False,27.861396988366018,0.0,25.574425402849837,0.35,7.273238618387272,0
58,trip,2000,2021.6846079563875,z31,z31,toy-0004420,,,False,47.89500000000013,0.0,45.94338528392526,3.2526911934581184,3.2526911934581184,0
60,trip,2000,2018.5089706448605,z31,z21,toy-0004419,,,False,45.869332986195815,0.0,44.20352562815838,3.2526911934581184,2.3,0
83,trip,2000,2035.0864327061513,z31,z11,toy-0004400,,,False,39.88063988945908,0.0,36.72286094590547,7.273238618387272,3.2526911934581184,0
13,visit,2000,2048.6846079563875,z11,z11,,depot_west,central,False,35.46845238210069,0.0,33.51683766602582,6.505382386916237,0,0
33,visit,2000,2015.0,z21,z21,,hub_inner,local,True,36.403883663375154,11.701116336624843,47.894999999999996,0.7,0,7.020669801974906
55,trip,2005,2021.5,z31,z11,toy-0004434,,,False,39.39802841448361,0.0,37.91302841448361,0.35,4.6,0
86,trip,2005,2030.4107953946243,z01,z32,toy-0004430,,,False,37.26130573748771,0.0,34.974334151971526,0.35,7.273238618387272,0
15,trip,2005,2027.8512746230542,z10,z32,toy-0004425,,,False,37.26130573748775,0.0,35.204691021412884,0.35,6.505382386916237,0
59,trip,2005,2013.8333333333333,z21,z22,toy-0004433,,,False,32.733109854425614,0.0,31.938109854425612,0.35,2.3,0
76,trip,2005,2026.6846079563875,z31,z11,toy-0004426,,,False,44.19049837945011,0.0,42.23888366337524,3.2526911934581184,3.2526911934581184,0
61,trip,2005,2032.9854918056922,z22,z32,toy-0004431,,,False,35.79562780319804,0.0,33.27693354068575,3.2526911934581184,5.142956348249516,0
1,trip,2005,2031.175637311527,z32,z21,toy-0004428,,,False,36.34555490385474,0.0,33.9897475458173,4.6,3.2526911934581184,0
8,trip,2005,2023.3098544941652,z32,z20,toy-0004436,,,False,36.8126114749754,0.0,35.164724570500546,0.35,5.142956348249516,0
87,trip,2005,2028.0,z22,z32,toy-0004435,,,False,42.21211309552499,0.0,40.14211309552499,2.3,4.6,0
9,trip,2005,2039.2863756549968,z32,z32,toy-0004427,,,False,40.26216961992971,0.0,37.17639581098,5.142956348249516,5.142956348249516,0
18,trip,2005,2028.0,z32,z31,toy-0004429,,,False,33.257611474975356,0.0,31.187611474975355,4.6,2.3,0
50,trip,2005,2013.8333333333333,z32,z22,toy-0004437,,,False,33.74022294995063,0.0,32.945222949950626,0.35,2.3,0
43,visit,2005,2020.0,z11,z11,,hub_center,local,True,34.847611474975324,12.777777777777779,47.4153892527531,0.7,0,7.666666666666668
39,visit,2005,2020.0,z32,z32,,hub_waterfront,local,True,35.16472457050046,12.777777777777779,47.73250234827824,0.7,0,7.666666666666668
78,visit,2005,2020.0,z21,z21,,hub_inner,local,True,35.281352462566,12.777777777777779,47.849130240343776,0.7,0,7.666666666666668
4,visit,2005,2020.0,z31,z31,,hub_core,local,True,36.72055490385489,11.384445096145107,47.894999999999996,0.7,0,6.830667057687065
69,trip,2010,2026.5,z12,z10,toy-0004450,,,False,47.0999999999998,0.0,45.6149999999998,0.35,4.6,0
38,trip,2010,2026.5,z11,z31,toy-0004445,,,False,47.895,0.0,46.410000000000004,0.35,4.6,0
12,trip,2010,2028.5089706448605,z00,z21,toy-0004439,,,False,32.113616867426444,0.0,30.447809509389007,2.3,3.2526911934581184,0
10,trip,2010,2037.9854918056922,z21,z31,toy-0004440,,,False,40.829691021412685,0.0,38.310996758900394,3.2526911934581184,5.142956348249516,0
31,trip,2010,2028.3098544941652,z21,z00,toy-0004446,,,False,34.420639889459004,0.0,32.77275298498415,0.35,5.142956348249516,0
2,trip,2010,2044.2863756549968,z31,z22,toy-0004441,,,False,29.02356034302171,0.0,25.937786534072,5.142956348249516,5.142956348249516,0
11,trip,2010,2022.0089706448605,z22,z31,toy-0004453,,,False,27.728950761550553,0.0,26.648143403513117,0.35,3.2526911934581184,0
28,trip,2010,2034.8098544941652,z02,z31,toy-0004451,,,False,40.51711309552497,0.0,38.28422619105012,2.3,5.142956348249516,0
14,trip,2010,2028.3098544941652,z31,z12,toy-0004449,,,False,41.85261147497554,0.0,40.20472457050069,0.35,5.142956348249516,0
21,trip,2010,2022.0089706448605,z32,z21,toy-0004455,,,False,46.9439211345754,0.0,45.863113776537965,0.35,3.2526911934581184,0
32,trip,2010,2026.5,z32,z30,toy-0004454,,,False,38.07322644889747,0.0,36.58822644889747,0.35,4.6,0
48,trip,2010,2018.8333333333333,z32,z31,toy-0004456,,,False,42.366339286575425,0.0,41.57133928657542,0.35,2.3,0
19,trip,2010,2018.8333333333333,z31,z21,toy-0004448,,,False,35.6665037719011,0.0,34.8715037719011,0.35,2.3,0
54,trip,2010,2033.0,z32,z22,toy-0004452,,,False,43.64302841448363,0.0,41.57302841448363,4.6,2.3,0
23,trip,2010,2025.3333333333333,z31,z31,toy-0004447,,,False,39.465498379450054,0.0,38.08549837945005,2.3,2.3,0
27,trip,2010,2031.6846079563875,z31,z31,toy-0004442,,,False,40.630963209812826,0.0,38.679348493737955,3.2526911934581184,3.2526911934581184,0
74,trip,2010,2058.488257455915,z31,z31,toy-0004438,,,False,30.145787261800706,0.0,25.78184409076834,7.273238618387272,7.273238618387272,0
85,trip,2010,2025.3333333333333,z31,z20,toy-0004443,,,False,43.183385283924984,0.0,41.80338528392498,2.3,2.3,0
89,trip,2010,2040.6666666666667,z31,z02,toy-0004444,,,False,47.89499999999987,0.0,45.13499999999987,6.8999999999999995,2.3,0
29,visit,2010,2025.0,z32,z32,,hub_waterfront,local,True,36.57130573748745,11.533694262512547,47.894999999999996,0.7,0,6.920216557507529
57,trip,2015,2023.8333333333333,z20,z10,toy-0004458,,,False,41.113385283925275,0.0,40.318385283925274,0.35,2.3,0
63,trip,2015,2023.8333333333333,z31,z32,toy-0004468,,,False,40.14852679393415,0.0,39.35352679393415,0.35,2.3,0
16,trip,2015,2027.0089706448605,z22,z11,toy-0004470,,,False,39.4317705678501,0.0,38.35096320981267,0.35,3.2526911934581184,0
35,trip,2015,2033.3098544941652,z30,z22,toy-0004460,,,False,28.857809509389075,0.0,27.20992260491422,0.35,5.142956348249516,0
24,trip,2015,2039.1666666666667,z01,z31,toy-0004462,,,False,37.993883663375456,0.0,35.81888366337546,0.35,6.8999999999999995,0
47,trip,2015,2037.8512746230542,z32,z10,toy-0004472,,,False,47.89499999999982,0.0,45.83838528392495,0.35,6.505382386916237,0
40,trip,2015,2039.8098544941652,z00,z22,toy-0004463,,,False,30.418634754855237,0.0,28.18574785038038,2.3,5.142956348249516,0
53,trip,2015,2030.3333333333333,z02,z11,toy-0004461,,,False,40.4702592553751,0.0,39.090259255375095,2.3,2.3,0
64,trip,2015,2040.4107953946243,z32,z01,toy-0004473,,,False,28.129885118832576,0.0,25.842913533316395,0.35,7.273238618387272,0
71,trip,2015,2042.9854918056922,z11,z12,toy-0004457,,,False,28.257752984984286,0.0,25.739058722471995,3.2526911934581184,5.142956348249516,0
50,trip,2015,2023.8333333333333,z22,z21,toy-0004471,,,False,32.94522294995062,0.0,32.15022294995062,0.35,2.3,0
25,trip,2015,2030.3333333333333,z21,z21,toy-0004459,,,False,29.101804116937643,0.0,27.721804116937644,2.3,2.3,0
75,trip,2015,2027.0089706448605,z31,z20,toy-0004466,,,False,38.58341883301272,0.0,37.50261147497529,0.35,3.2526911934581184,0
33,trip,2015,2027.0089706448605,z21,z32,toy-0004465,,,False,47.89500000000001,0.0,46.81419264196258,0.35,3.2526911934581184,0
3,trip,2015,2033.5089706448605,z12,z20,toy-0004464,,,False,32.82230249638808,0.0,31.156495138350646,2.3,3.2526911934581184,0
77,trip,2015,2031.5,z32,z12,toy-0004474,,,False,39.708169924492815,0.0,38.223169924492815,0.35,4.6,0
88,trip,2015,2027.0089706448605,z31,z22,toy-0004467,,,False,41.14225460553396,0.0,40.061447247496524,0.35,3.2526911934581184,0
7,trip,2015,2046.9107953946243,z12,z31,toy-0004469,,,False,41.267611474975396,0.0,38.39563988945922,2.3,7.273238618387272,0
6,visit,2015,2035.3333333333333,z20,z20,,depot_south,local,False,36.98888366337539,0.0,35.60888366337539,4.6,0,0
52,visit,2015,2030.0,z21,z21,,hub_inner,,True,35.86096320981267,12.24403679018733,47.894999999999996,0.7,0,7.3464220741123984
79,visit,2015,2030.0,z32,z32,,hub_waterfront,,True,38.16130573748777,9.943694262512224,47.894999999999996,0.7,0,5.966216557507335
22,trip,2020,2028.8333333333333,z22,z32,toy-0004489,,,False,32.80818426625914,0.0,32.01318426625914,0.35,2.3,0
59,trip,2020,2032.0089706448605,z22,z31,toy-0004487,,,False,31.938109854425605,0.0,30.85730249638817,0.35,3.2526911934581184,0
73,trip,2020,2045.4107953946243,z30,z01,toy-0004477,,,False,38.38922619105031,0.0,36.10225460553413,0.35,7.273238618387272,0
43,trip,2020,2043.0,z11,z21,toy-0004479,,,False,47.415389252753236,0.0,45.345389252753236,2.3,4.6,0
19,trip,2020,2038.5089706448605,z21,z02,toy-0004481,,,False,34.87150377190109,0.0,33.205696413863656,2.3,3.2526911934581184,0
17,trip,2020,2028.8333333333333,z32,z31,toy-0004490,,,False,31.924724570500626,0.0,31.129724570500628,0.35,2.3,0
4,trip,2020,2038.3098544941652,z31,z10,toy-0004485,,,False,47.89500000000014,0.0,46.247113095525286,0.35,5.142956348249516,0
5,trip,2020,2035.3333333333333,z31,z31,toy-0004478,,,False,31.37029736178438,0.0,29.990297361784382,2.3,2.3,0
49,trip,2020,2043.0,z21,z31,toy-0004480,,,False,38.30888366337529,0.0,36.23888366337529,2.3,4.6,0
60,trip,2020,2038.5089706448605,z21,z22,toy-0004482,,,False,44.20352562815836,0.0,42.537718270120926,2.3,3.2526911934581184,0
78,trip,2020,2032.0089706448605,z21,z12,toy-0004484,,,False,47.84913024034391,0.0,46.76832288230648,0.35,3.2526911934581184,0
66,trip,2020,2058.827795783886,z22,z21,toy-0004475,,,False,27.50381096484636,0.0,24.009309344296632,6.505382386916237,5.142956348249516,0
39,trip,2020,2052.476521160832,z32,z31,toy-0004486,,,False,47.73250234827837,0.0,44.809615443803516,4.6,5.142956348249516,0
48,trip,2020,2065.928736684345,z31,z22,toy-0004476,,,False,41.571339286575416,0.0,37.437752984984364,7.273238618387272,6.505382386916237,0
65,trip,2020,2035.3333333333333,z32,z12,toy-0004488,,,False,35.115245925267885,0.0,33.73524592526788,2.3,2.3,0
80,trip,2020,2035.3333333333333,z31,z31,toy-0004483,,,False,37.587254605534,0.0,36.207254605534,2.3,2.3,0
46,visit,2020,2040.3333333333333,z22,z22,,hub_inner,local,False,35.829832531421836,0.0,34.44983253142183,4.6,0,0
82,visit,2020,2035.0,z31,z31,,hub_core,,True,38.16771943589654,9.937280564103462,47.894999999999996,0.7,0,5.962368338462077
8,trip,2025,2037.0089706448605,z20,z31,toy-0004497,,,False,35.16472457050053,0.0,34.0839172124631,0.35,3.2526911934581184,0
55,trip,2025,2043.3098544941652,z11,z32,toy-0004503,,,False,37.91302841448361,0.0,36.26514151000876,0.35,5.142956348249516,0
21,trip,2025,2033.8333333333333,z21,z20,toy-0004504,,,False,45.86311377653796,0.0,45.068113776537956,0.35,2.3,0
29,trip,2025,2040.3333333333333,z32,z21,toy-0004506,,,False,47.894999999999946,0.0,46.514999999999944,2.3,2.3,0
41,trip,2025,2051.175637311527,z21,z32,toy-0004513,,,False,35.34983253142169,0.0,32.99402517338425,3.2526911934581184,4.6,0
51,trip,2025,2033.8333333333333,z32,z22,toy-0004516,,,False,41.758883663375315,0.0,40.96388366337531,0.35,2.3,0
50,trip,2025,2052.985491805692,z21,z20,toy-0004510,,,False,32.15022294995061,0.0,29.63152868743832,3.2526911934581184,5.142956348249516,0
57,trip,2025,2060.0864327061513,z10,z32,toy-0004501,,,False,40.31838528392527,0.0,37.16060634037165,3.2526911934581184,7.273238618387272,0
63,trip,2025,2048.0,z32,z11,toy-0004511,,,False,39.353526793934144,0.0,37.28352679393414,4.6,2.3,0
70,trip,2025,2055.6666666666665,z10,z32,toy-0004500,,,False,34.43888366337524,0.0,31.678883663375245,4.6,4.6,0
81,trip,2025,2063.3333333333335,z32,z22,toy-0004509,,,False,46.81419264196247,0.0,43.36419264196247,6.8999999999999995,4.6,0
11,visit,2025,2040.0,z31,z31,,hub_core,local,True,26.64814340351311,12.777777777777779,39.21592118129089,0.7,0,7.666666666666668
42,visit,2025,2040.0,z11,z11,,hub_center,local,True,29.876447247496667,12.777777777777779,42.44422502527444,0.7,0,7.666666666666668
26,visit,2025,2045.3333333333333,z12,z12,,hub_center,local,False,36.72722105644641,0.0,35.34722105644641,4.6,0,0
0,visit,2025,2040.0,z31,z31,,hub_core,local,True,37.0759632098129,11.0290367901871,47.894999999999996,0.7,0,6.61742207411226
88,trip,2030,2042.0089706448605,z22,z31,toy-0004526,,,False,40.06144724749652,0.0,38.980639889459084,0.35,3.2526911934581184,0
12,trip,2030,2038.8333333333333,z21,z31,toy-0004521,,,False,30.447809509389003,0.0,29.652809509389,0.35,2.3,0
75,trip,2030,2052.851274623054,z20,z02,toy-0004517,,,False,37.50261147497528,0.0,35.445996758900414,0.35,6.505382386916237,0
76,trip,2030,2046.5,z11,z31,toy-0004520,,,False,42.238883663375226,0.0,40.75388366337523,0.35,4.6,0
17,trip,2030,2042.0089706448605,z31,z22,toy-0004524,,,False,31.129724570500613,0.0,30.048917212463177,0.35,3.2526911934581184,0
22,trip,2030,2038.8333333333333,z32,z31,toy-0004528,,,False,32.01318426625913,0.0,31.21818426625913,0.35,2.3,0
44,trip,2030,2054.1666666666665,z02,z32,toy-0004525,,,False,25.574425402849833,0.0,23.399425402849833,0.35,6.8999999999999995,0
31,trip,2030,2060.6666666666665,z00,z31,toy-0004519,,,False,32.77275298498414,0.0,30.01275298498414,2.3,6.8999999999999995,0
14,trip,2030,2051.6846079563875,z12,z10,toy-0004518,,,False,40.20472457050067,0.0,38.2531098544258,3.2526911934581184,3.2526911934581184,0
52,trip,2030,2038.8333333333333,z21,z22,toy-0004522,,,False,47.894999999999825,0.0,47.099999999999824,0.35,2.3,0
33,trip,2030,2048.309854494165,z32,z11,toy-0004527,,,False,46.81419264196257,0.0,45.16630573748772,0.35,5.142956348249516,0
18,trip,2030,2048.5089706448603,z31,z32,toy-0004523,,,False,31.187611474975352,0.0,29.521804116937915,2.3,3.2526911934581184,0
15,visit,2030,2045.0,z32,z32,,hub_waterfront,local,True,35.20469102141287,12.777777777777779,47.77246879919065,0.7,0,7.666666666666668
16,visit,2030,2045.0,z11,z11,,hub_center,local,True,38.35096320981266,9.754036790187335,47.894999999999996,0.7,0,5.8524220741124005
67,visit,2030,2045.0,z32,z32,,hub_waterfront,,True,34.38764502406301,13.717354975936985,47.894999999999996,0.7,0,8.230412985562191
32,visit,2030,2045.0,z30,z30,,depot_south,,True,36.58822644889747,11.516773551102524,47.894999999999996,0.7,0,6.910064130661515
77,trip,2035,2053.309854494165,z12,z31,toy-0004541,,,False,38.223169924492815,0.0,36.57528302001796,0.35,5.142956348249516,0
69,trip,2035,2047.0089706448605,z10,z21,toy-0004529,,,False,45.6149999999998,0.0,44.53419264196237,0.35,3.2526911934581184,0
3,trip,2035,2043.8333333333333,z20,z21,toy-0004530,,,False,31.156495138350635,0.0,30.361495138350634,0.35,2.3,0
23,trip,2035,2051.5,z31,z11,toy-0004537,,,False,38.08549837945003,0.0,36.60049837945003,0.35,4.6,0
61,trip,2035,2043.8333333333333,z32,z31,toy-0004546,,,False,33.276933540685725,0.0,32.48193354068572,0.35,2.3,0
1,trip,2035,2043.8333333333333,z21,z11,toy-0004535,,,False,33.989747545817295,0.0,33.19474754581729,0.35,2.3,0
35,trip,2035,2053.309854494165,z22,z10,toy-0004543,,,False,27.20992260491421,0.0,25.562035700439356,0.35,5.142956348249516,0
51,trip,2035,2043.8333333333333,z22,z32,toy-0004545,,,False,40.963883663375306,0.0,40.168883663375304,0.35,2.3,0
78,trip,2035,2066.910795394624,z12,z31,toy-0004540,,,False,46.76832288230647,0.0,43.896351296790286,2.3,7.273238618387272,0
27,trip,2035,2043.8333333333333,z31,z32,toy-0004538,,,False,38.67934849373794,0.0,37.88434849373794,0.35,2.3,0
28,trip,2035,2059.1666666666665,z31,z01,toy-0004536,,,False,38.284226191050095,0.0,36.1092261910501,0.35,6.8999999999999995,0
53,trip,2035,2062.985491805692,z11,z21,toy-0004539,,,False,39.090259255375074,0.0,36.57156499286278,3.2526911934581184,5.142956348249516,0
25,trip,2035,2074.577462061291,z21,z30,toy-0004534,,,False,27.72180411693763,0.0,24.159832531421447,4.6,7.273238618387272,0
21,trip,2035,2047.0089706448605,z20,z31,toy-0004531,,,False,45.06811377653795,0.0,43.987306418500516,0.35,3.2526911934581184,0
38,trip,2035,2050.3333333333335,z31,z31,toy-0004533,,,False,46.410000000000004,0.0,45.03,2.3,2.3,0
45,trip,2035,2053.5089706448603,z31,z21,toy-0004532,,,False,29.58041001926221,0.0,27.914602661224773,2.3,3.2526911934581184,0
79,trip,2035,2058.0,z32,z02,toy-0004542,,,False,47.89499999999997,0.0,45.82499999999997,4.6,2.3,0
84,trip,2035,2050.3333333333335,z32,z21,toy-0004544,,,False,41.57974754581746,0.0,40.19974754581746,2.3,2.3,0
34,visit,2035,2050.0,z31,z31,,hub_core,local,True,30.60689419043021,12.777777777777779,43.17467196820799,0.7,0,7.666666666666668
54,visit,2035,2055.3333333333335,z22,z22,,hub_inner,local,False,41.573028414483616,0.0,40.193028414483614,4.6,0,0
86,visit,2035,2050.0,z32,z32,,hub_waterfront,,True,34.97433415197152,13.130665848028478,47.894999999999996,0.7,0,7.878399508817086
0,trip,2040,2064.809854494165,z31,z11,toy-0004549,,,False,47.89499999999998,0.0,45.66211309552513,2.3,5.142956348249516,0
42,trip,2040,2048.8333333333335,z11,z10,toy-0004550,,,False,42.44422502527458,0.0,41.649225025274575,0.35,2.3,0
4,trip,2040,2048.8333333333335,z10,z20,toy-0004547,,,False,46.24711309552527,0.0,45.45211309552527,0.35,2.3,0
5,trip,2040,2055.3333333333335,z31,z31,toy-0004552,,,False,29.990297361784368,0.0,28.61029736178437,2.3,2.3,0
40,trip,2040,2052.0089706448603,z22,z31,toy-0004556,,,False,28.185747850380373,0.0,27.104940492342937,0.35,3.2526911934581184,0
9,trip,2040,2058.309854494165,z32,z20,toy-0004557,,,False,37.176395810979976,0.0,35.528508906505124,0.35,5.142956348249516,0
83,trip,2040,2058.309854494165,z11,z30,toy-0004551,,,False,36.722860945905445,0.0,35.07497404143059,0.35,5.142956348249516,0
47,trip,2040,2052.0089706448603,z10,z01,toy-0004548,,,False,45.838385283924936,0.0,44.7575779258875,0.35,3.2526911934581184,0
10,trip,2040,2048.8333333333335,z31,z21,toy-0004553,,,False,38.31099675890037,0.0,37.51599675890037,0.35,2.3,0
65,trip,2040,2048.8333333333335,z12,z22,toy-0004555,,,False,33.73524592526786,0.0,32.94024592526786,0.35,2.3,0
20,trip,2040,2077.017941289721,z00,z20,toy-0004554,,,False,30.244781094905285,0.0,26.913166378830415,4.6,6.505382386916237,0
19,visit,2040,2066.6846079563875,z02,z02,,hub_center,local,False,33.205696413863635,0.0,31.254081697788763,6.505382386916237,0,0
8,visit,2040,2082.3333333333335,z31,z31,,depot_south,central,False,34.08391721246309,0.0,32.70391721246309,4.6,0,0
24,visit,2040,2055.0,z31,z31,,hub_core,local,True,35.818883663375445,12.286116336624552,47.894999999999996,0.7,0,7.371669801974731
58,visit,2040,2055.0,z31,z31,,hub_core,local,True,45.943385283925245,2.1616147160747516,47.894999999999996,0.7,0,1.296968829644851
11,trip,2045,2053.8333333333335,z31,z30,toy-0004566,,,False,39.215921181291016,0.0,38.420921181291014,0.35,2.3,0
16,trip,2045,2063.309854494165,z11,z32,toy-0004563,,,False,47.89499999999996,0.0,46.24711309552511,0.35,5.142956348249516,0
32,trip,2045,2067.851274623054,z30,z12,toy-0004562,,,False,47.89500000000008,0.0,45.83838528392521,0.35,6.505382386916237,0
6,trip,2045,2068.0,z20,z10,toy-0004558,,,False,35.608883663375366,0.0,33.538883663375366,4.6,2.3,0
72,trip,2045,2063.309854494165,z20,z01,toy-0004560,,,False,36.53133928657537,0.0,34.883452382100515,0.35,5.142956348249516,0
15,trip,2045,2057.0089706448603,z32,z21,toy-0004568,,,False,47.77246879919078,0.0,46.69166144115335,0.35,3.2526911934581184,0
27,trip,2045,2053.8333333333335,z32,z22,toy-0004569,,,False,37.88434849373793,0.0,37.08934849373793,0.35,2.3,0
85,trip,2045,2063.309854494165,z20,z32,toy-0004561,,,False,41.80338528392496,0.0,40.15549837945011,0.35,5.142956348249516,0
3,trip,2045,2072.985491805692,z21,z31,toy-0004559,,,False,30.361495138350623,0.0,27.842800875838332,3.2526911934581184,5.142956348249516,0
17,trip,2045,2063.309854494165,z22,z01,toy-0004567,,,False,30.04891721246317,0.0,28.401030307988314,0.35,5.142956348249516,0
29,trip,2045,2057.0089706448603,z21,z32,toy-0004564,,,False,46.51499999999992,0.0,45.43419264196249,0.35,3.2526911934581184,0
12,trip,2045,2057.0089706448603,z31,z20,toy-0004565,,,False,29.65280950938899,0.0,28.572002151351555,0.35,3.2526911934581184,0
64,visit,2045,2087.3333333333335,z01,z01,,depot_west,central,False,25.84291353331639,0.0,24.462913533316392,4.6,0,0
2,visit,2045,2106.286375654997,z22,z22,,depot_south,central,False,25.937786534072,0.0,22.85201272512229,10.285912696499032,0,0
1,visit,2045,2060.0,z11,z11,,hub_center,local,True,33.194747545817286,12.777777777777779,45.762525323595064,0.7,0,7.666666666666668
89,visit,2045,2102.6666666666665,z02,z02,,depot_west,central,False,45.13499999999984,0.0,42.374999999999844,9.2,0,0
68,visit,2045,2060.0,z32,z32,,hub_waterfront,,True,33.344916727700195,14.760083272299802,47.894999999999996,0.7,0,8.856049963379881
55,visit,2045,2060.0,z32,z32,,hub_waterfront,,True,36.265141510008746,11.83985848999125,47.894999999999996,0.7,0,7.10391509399475
7,trip,2050,2058.8333333333335,z31,z32,toy-0004580,,,False,38.39563988945919,0.0,37.60063988945919,0.35,2.3,0
21,trip,2050,2062.0089706448603,z31,z22,toy-0004579,,,False,43.98730641850051,0.0,42.90649906046308,0.35,3.2526911934581184,0
42,trip,2050,2068.309854494165,z10,z22,toy-0004571,,,False,41.64922502527457,0.0,40.001338120799716,0.35,5.142956348249516,0
13,trip,2050,2062.0089706448603,z11,z22,toy-0004575,,,False,33.51683766602581,0.0,32.436030307988375,0.35,3.2526911934581184,0
43,trip,2050,2062.0089706448603,z21,z10,toy-0004576,,,False,45.34538925275322,0.0,44.26458189471579,0.35,3.2526911934581184,0
33,trip,2050,2066.5,z11,z31,toy-0004574,,,False,45.166305737487725,0.0,43.681305737487726,0.35,4.6,0
4,trip,2050,2065.3333333333335,z20,z11,toy-0004570,,,False,45.45211309552526,0.0,44.07211309552526,2.3,2.3,0
69,trip,2050,2058.8333333333335,z21,z22,toy-0004577,,,False,44.53419264196236,0.0,43.73919264196236,0.35,2.3,0
46,trip,2050,2062.0089706448603,z22,z11,toy-0004581,,,False,34.44983253142181,0.0,33.36902517338438,0.35,3.2526911934581184,0
63,trip,2050,2058.8333333333335,z11,z21,toy-0004573,,,False,37.28352679393413,0.0,36.48852679393413,0.35,2.3,0
18,trip,2050,2058.8333333333335,z32,z31,toy-0004582,,,False,29.521804116937933,0.0,28.726804116937934,0.35,2.3,0
22,trip,2050,2068.309854494165,z31,z12,toy-0004578,,,False,31.21818426625912,0.0,29.570297361784263,0.35,5.142956348249516,0
34,trip,2050,2071.6846079563875,z31,z11,toy-0004572,,,False,43.174671968208116,0.0,41.223057252133245,3.2526911934581184,3.2526911934581184,0
10,visit,2050,2065.0,z21,z21,,hub_inner,local,True,37.515996758900364,10.58900324109963,47.894999999999996,0.7,0,6.353401944659779
56,visit,2050,2065.0,z31,z31,,hub_core,,True,30.850330910871808,17.254669089128193,47.895,0.7,0,10.352801453476916
27,trip,2055,2063.8333333333335,z22,z32,toy-0004588,,,False,37.08934849373792,0.0,36.29434849373792,0.35,2.3,0
52,trip,2055,2067.0089706448603,z22,z31,toy-0004587,,,False,47.09999999999982,0.0,46.019192641962384,0.35,3.2526911934581184,0
26,trip,2055,2071.5,z12,z32,toy-0004586,,,False,35.34722105644639,0.0,33.86222105644639,0.35,4.6,0
24,trip,2055,2071.5,z31,z11,toy-0004585,,,False,47.89499999999975,0.0,46.40999999999975,0.35,4.6,0
84,trip,2055,2063.8333333333335,z21,z31,toy-0004584,,,False,40.19974754581744,0.0,39.404747545817436,0.35,2.3,0
47,trip,2055,2073.309854494165,z01,z22,toy-0004583,,,False,44.75757792588752,0.0,43.109691021412665,0.35,5.142956348249516,0
44,visit,2055,2070.0,z32,z32,,hub_waterfront,local,True,23.39942540284985,12.777777777777779,35.96720318062763,0.7,0,7.666666666666668
45,visit,2055,2070.0,z21,z21,,hub_inner,local,True,27.91460266122479,12.777777777777779,40.48238043900257,0.7,0,7.666666666666668
75,visit,2055,2081.6846079563875,z02,z02,,hub_center,local,False,35.44599675890042,0.0,33.49438204282555,6.505382386916237,0,0
77,visit,2055,2070.0,z31,z31,,hub_core,local,True,36.57528302001797,11.529716979982027,47.894999999999996,0.7,0,6.917830187989216
40,visit,2055,2070.0,z31,z31,,hub_core,,True,27.10494049234295,17.77777777777778,44.67271827012073,0.7,0,10.666666666666668
11,visit,2055,2070.0,z30,z30,,depot_south,,True,38.42092118129101,9.68407881870899,47.894999999999996,0.7,0,5.810447291225394
7,trip,2060,2078.309854494165,z32,z11,toy-0004604,,,False,37.60063988945922,0.0,35.952752984984365,0.35,5.142956348249516,0
15,trip,2060,2078.309854494165,z21,z02,toy-0004597,,,False,46.691661441153364,0.0,45.04377453667851,0.35,5.142956348249516,0
1,trip,2060,2072.0089706448603,z11,z20,toy-0004595,,,False,45.762525323594815,0.0,44.68171796555738,0.35,3.2526911934581184,0
9,trip,2060,2072.0089706448603,z20,z31,toy-0004591,,,False,35.52850890650513,0.0,34.4477015484677,0.35,3.2526911934581184,0
28,trip,2060,2084.1666666666665,z01,z31,toy-0004594,,,False,36.109226191050105,0.0,33.93422619105011,0.35,6.8999999999999995,0
12,trip,2060,2076.5,z20,z22,toy-0004593,,,False,28.57200215135157,0.0,27.08700215135157,0.35,4.6,0
5,trip,2060,2078.309854494165,z31,z10,toy-0004599,,,False,28.610297361784355,0.0,26.9624104573095,0.35,5.142956348249516,0
54,trip,2060,2068.8333333333335,z22,z21,toy-0004603,,,False,40.19302841448359,0.0,39.39802841448359,0.35,2.3,0
63,trip,2060,2072.0089706448603,z21,z30,toy-0004596,,,False,36.488526793934156,0.0,35.40771943589672,0.35,3.2526911934581184,0
60,trip,2060,2078.309854494165,z22,z30,toy-0004602,,,False,42.537718270120905,0.0,40.88983136564605,0.35,5.142956348249516,0
18,trip,2060,2085.410795394624,z31,z00,toy-0004598,,,False,28.72680411693796,0.0,26.43983253142178,0.35,7.273238618387272,0
14,trip,2060,2082.851274623054,z10,z32,toy-0004590,,,False,38.25310985442579,0.0,36.19649513835092,0.35,6.505382386916237,0
29,trip,2060,2076.5,z32,z12,toy-0004605,,,False,45.434192641962504,0.0,43.949192641962505,0.35,4.6,0
50,trip,2060,2078.309854494165,z20,z12,toy-0004592,,,False,29.63152868743832,0.0,27.983641782963463,0.35,5.142956348249516,0
37,trip,2060,2068.8333333333335,z31,z21,toy-0004600,,,False,39.07469102141285,0.0,38.27969102141285,0.35,2.3,0
35,trip,2060,2091.910795394624,z10,z31,toy-0004589,,,False,25.56203570043937,0.0,22.69006411492319,2.3,7.273238618387272,0
36,trip,2060,2072.0089706448603,z12,z21,toy-0004601,,,False,36.74395076155081,0.0,35.66314340351338,0.35,3.2526911934581184,0
66,visit,2060,2075.0,z21,z21,,hub_inner,local,True,24.00930934429663,12.777777777777779,36.57708712207441,0.7,0,7.666666666666668
79,visit,2060,2086.6846079563875,z02,z02,,hub_center,local,False,45.82499999999995,0.0,43.87338528392508,6.505382386916237,0,0
70,visit,2060,2075.0,z32,z32,,hub_waterfront,,True,31.67888366337524,16.42611633662476,47.895,0.7,0,9.855669801974855
41,visit,2060,2075.0,z32,z32,,hub_waterfront,,True,32.99402517338422,15.110974826615774,47.894999999999996,0.7,0,9.066584895969465
83,visit,2060,2075.0,z30,z30,,depot_south,,True,35.0749740414306,13.030025958569395,47.894999999999996,0.7,0,7.818015575141637
72,trip,2065,2090.410795394624,z01,z32,toy-0004608,,,False,34.88345238210052,0.0,32.59648079658434,0.35,7.273238618387272,0
16,trip,2065,2077.0089706448603,z32,z21,toy-0004617,,,False,46.247113095525116,0.0,45.16630573748768,0.35,3.2526911934581184,0
13,trip,2065,2081.5,z22,z20,toy-0004615,,,False,32.43603030798838,0.0,30.951030307988383,0.35,4.6,0
31,trip,2065,2077.0089706448603,z31,z22,toy-0004612,,,False,30.012752984984147,0.0,28.93194562694671,0.35,3.2526911934581184,0
10,trip,2065,2077.0089706448603,z21,z32,toy-0004611,,,False,47.8949999999999,0.0,46.814192641962464,0.35,3.2526911934581184,0
73,trip,2065,2083.309854494165,z01,z20,toy-0004606,,,False,36.10225460553412,0.0,34.45436770105927,0.35,5.142956348249516,0
53,trip,2065,2073.8333333333335,z21,z20,toy-0004610,,,False,36.57156499286276,0.0,35.77656499286276,0.35,2.3,0
27,trip,2065,2087.851274623054,z32,z10,toy-0004616,,,False,36.29434849373795,0.0,34.23773377766308,0.35,6.505382386916237,0
51,trip,2065,2073.8333333333335,z32,z31,toy-0004618,,,False,40.1688836633753,0.0,39.373883663375295,0.35,2.3,0
0,trip,2065,2088.0,z11,z21,toy-0004607,,,False,45.66211309552513,0.0,43.59211309552513,2.3,4.6,0
23,trip,2065,2073.8333333333335,z11,z12,toy-0004609,,,False,36.60049837945003,0.0,35.80549837945003,0.35,2.3,0
71,trip,2065,2083.309854494165,z12,z31,toy-0004614,,,False,25.739058722471995,0.0,24.09117181799714,0.35,5.142956348249516,0
38,trip,2065,2073.8333333333335,z31,z32,toy-0004613,,,False,45.02999999999998,0.0,44.23499999999998,0.35,2.3,0
17,visit,2065,2085.3333333333335,z01,z01,,depot_west,local,False,28.40103030798833,0.0,27.02103030798833,4.6,0,0
21,visit,2065,2085.3333333333335,z22,z22,,hub_inner,local,False,42.906499060463084,0.0,41.52649906046308,4.6,0,0
74,visit,2065,2080.0,z31,z31,,hub_core,,True,25.781844090768352,17.77777777777778,43.34962186854613,0.7,0,10.666666666666668
11,trip,2070,2088.309854494165,z30,z22,toy-0004621,,,False,47.895000000000195,0.0,46.24711309552534,0.35,5.142956348249516,0
33,trip,2070,2082.0089706448603,z31,z20,toy-0004627,,,False,43.68130573748772,0.0,42.600498379450286,0.35,3.2526911934581184,0
37,trip,2070,2082.0089706448603,z21,z12,toy-0004626,,,False,38.27969102141288,0.0,37.19888366337545,0.35,3.2526911934581184,0
45,trip,2070,2078.8333333333335,z21,z11,toy-0004625,,,False,40.482380439002334,0.0,39.68738043900233,0.35,2.3,0
44,trip,2070,2078.8333333333335,z32,z22,toy-0004631,,,False,35.9672031806274,0.0,35.1722031806274,0.35,2.3,0
55,trip,2070,2088.309854494165,z32,z20,toy-0004629,,,False,47.89499999999976,0.0,46.24711309552491,0.35,5.142956348249516,0
4,trip,2070,2088.309854494165,z11,z32,toy-0004624,,,False,44.07211309552528,0.0,42.42422619105043,0.35,5.142956348249516,0
46,trip,2070,2086.5,z11,z31,toy-0004623,,,False,33.36902517338439,0.0,31.884025173384387,0.35,4.6,0
6,trip,2070,2085.3333333333335,z10,z21,toy-0004620,,,False,33.53888366337535,0.0,32.15888366337535,2.3,2.3,0
43,trip,2070,2094.809854494165,z10,z21,toy-0004619,,,False,44.264581894715796,0.0,42.03169499024094,2.3,5.142956348249516,0
22,trip,2070,2088.309854494165,z12,z00,toy-0004628,,,False,29.570297361784277,0.0,27.92241045730942,0.35,5.142956348249516,0
39,trip,2070,2093.0,z31,z32,toy-0004622,,,False,44.80961544380352,0.0,42.73961544380352,2.3,4.6,0
57,trip,2070,2095.410795394624,z32,z01,toy-0004630,,,False,37.16060634037163,0.0,34.873634754855445,0.35,7.273238618387272,0
59,visit,2070,2085.0,z31,z31,,hub_core,,True,30.85730249638816,17.24769750361184,47.895,0.7,0,10.348618502167103
61,visit,2070,2085.0,z31,z31,,hub_core,,True,32.481933540685716,15.623066459314279,47.894999999999996,0.7,0,9.373839875588567
42,trip,2075,2083.8333333333335,z22,z12,toy-0004639,,,False,40.001338120799716,0.0,39.206338120799714,0.35,2.3,0
26,trip,2075,2091.5,z32,z30,toy-0004641,,,False,33.86222105644638,0.0,32.37722105644638,0.35,4.6,0
3,trip,2075,2083.8333333333335,z31,z21,toy-0004635,,,False,27.842800875838332,0.0,27.047800875838334,0.35,2.3,0
47,trip,2075,2083.8333333333335,z22,z32,toy-0004640,,,False,43.109691021412665,0.0,42.31469102141266,0.35,2.3,0
38,trip,2075,2083.8333333333335,z32,z31,toy-0004642,,,False,44.23500000000001,0.0,43.440000000000005,0.35,2.3,0
36,trip,2075,2083.8333333333335,z21,z31,toy-0004633,,,False,35.66314340351339,0.0,34.868143403513386,0.35,2.3,0
9,trip,2075,2099.1666666666665,z31,z01,toy-0004634,,,False,34.447701548467705,0.0,32.27270154846771,0.35,6.8999999999999995,0
19,trip,2075,2093.5089706448603,z02,z12,toy-0004632,,,False,31.254081697788756,0.0,29.58827433975132,2.3,3.2526911934581184,0
40,trip,2075,2083.8333333333335,z31,z32,toy-0004636,,,False,44.6727182701205,0.0,43.877718270120496,0.35,2.3,0
48,trip,2075,2097.851274623054,z22,z00,toy-0004637,,,False,37.437752984984336,0.0,35.38113826890947,0.35,6.505382386916237,0
62,trip,2075,2087.0089706448603,z22,z31,toy-0004638,,,False,36.218508906505114,0.0,35.13770154846768,0.35,3.2526911934581184,0
63,visit,2075,2090.0,z30,z30,,depot_south,local,True,35.40771943589673,12.697280564103266,47.894999999999996,0.7,0,7.61836833846196
23,visit,2075,2095.3333333333335,z12,z12,,hub_center,local,False,35.80549837945006,0.0,34.425498379450055,4.6,0,0
25,visit,2075,2090.0,z30,z30,,depot_south,,True,24.159832531421436,17.77777777777778,41.727610309199214,0.7,0,10.666666666666668
66,visit,2075,2090.0,z21,z21,,hub_inner,,True,36.577087122074175,11.527912877925822,47.894999999999996,0.7,0,6.916747726755493
5,trip,2080,2098.5089706448603,z10,z11,toy-0004643,,,False,26.962410457309513,0.0,25.296603099272076,2.3,3.2526911934581184,0
49,trip,2080,2098.309854494165,z31,z12,toy-0004653,,,False,36.238883663375276,0.0,34.590996758900424,0.35,5.142956348249516,0
1,trip,2080,2088.8333333333335,z20,z30,toy-0004646,,,False,44.68171796555739,0.0,43.88671796555739,0.35,2.3,0
7,trip,2080,2104.809854494165,z11,z31,toy-0004645,,,False,35.952752984984365,0.0,33.71986608050951,2.3,5.142956348249516,0
16,trip,2080,2088.8333333333335,z21,z22,toy-0004651,,,False,45.16630573748769,0.0,44.37130573748769,0.35,2.3,0
60,trip,2080,2088.8333333333335,z30,z31,toy-0004649,,,False,40.88983136564605,0.0,40.09483136564605,0.35,2.3,0
24,trip,2080,2118.484863756751,z11,z32,toy-0004644,,,False,46.40999999999974,0.0,42.946362261892155,3.2526911934581184,8.292767933567175,0
20,trip,2080,2092.0089706448603,z20,z31,toy-0004647,,,False,26.9131663788304,0.0,25.832359020792964,0.35,3.2526911934581184,0
34,trip,2080,2088.8333333333335,z11,z01,toy-0004650,,,False,41.22305725213323,0.0,40.42805725213323,0.35,2.3,0
51,trip,2080,2096.5,z31,z11,toy-0004652,,,False,39.373883663375324,0.0,37.888883663375324,0.35,4.6,0
53,trip,2080,2098.309854494165,z20,z32,toy-0004648,,,False,35.77656499286279,0.0,34.128678088387936,0.35,5.142956348249516,0
80,visit,2080,2095.0,z31,z31,,hub_core,,True,36.207254605533976,11.897745394466021,47.894999999999996,0.7,0,7.1386472366796125
45,trip,2085,2117.526911934581,z11,z22,toy-0004655,,,False,39.68738043900236,0.0,36.75995836489005,3.2526911934581184,6.505382386916237,0
3,trip,2085,2097.0089706448603,z21,z32,toy-0004660,,,False,27.04780087583836,0.0,25.966993517800923,0.35,3.2526911934581184,0
54,trip,2085,2101.5,z21,z01,toy-0004659,,,False,39.39802841448362,0.0,37.91302841448362,0.35,4.6,0
8,trip,2085,2097.0089706448603,z31,z22,toy-0004662,,,False,32.70391721246309,0.0,31.623109854425653,0.35,3.2526911934581184,0
29,trip,2085,2100.3333333333335,z12,z21,toy-0004657,,,False,43.9491926419625,0.0,42.569192641962495,2.3,2.3,0
10,trip,2085,2097.0089706448603,z32,z21,toy-0004666,,,False,46.81419264196247,0.0,45.73338528392504,0.35,3.2526911934581184,0
28,trip,2085,2110.410795394624,z31,z02,toy-0004661,,,False,33.93422619105011,0.0,31.647254605533927,0.35,7.273238618387272,0
14,trip,2085,2113.809226445224,z32,z00,toy-0004665,,,False,36.19649513835092,0.0,33.603664758280765,0.35,8.292767933567175,0
15,trip,2085,2100.3333333333335,z02,z11,toy-0004656,,,False,45.04377453667851,0.0,43.66377453667851,2.3,2.3,0
12,trip,2085,2097.0089706448603,z22,z11,toy-0004664,,,False,27.08700215135157,0.0,26.006194793314133,0.35,3.2526911934581184,0
32,trip,2085,2103.5089706448603,z12,z22,toy-0004658,,,False,45.83838528392522,0.0,44.172577925887786,2.3,3.2526911934581184,0
13,trip,2085,2108.0,z20,z01,toy-0004654,,,False,30.95103030798838,0.0,28.88103030798838,4.6,2.3,0
37,trip,2085,2093.8333333333335,z12,z11,toy-0004663,,,False,37.198883663375454,0.0,36.40388366337545,0.35,2.3,0
73,visit,2085,2105.3333333333335,z20,z20,,depot_south,local,False,34.45436770105927,0.0,33.074367701059266,4.6,0,0
40,visit,2085,2100.0,z32,z32,,hub_waterfront,local,True,43.877718270120525,4.227281729879472,47.894999999999996,0.7,0,2.5363690379276833
71,visit,2085,2100.0,z31,z31,,hub_core,,True,24.091171817997154,17.77777777777778,41.658949595774935,0.7,0,10.666666666666668
36,visit,2085,2100.0,z31,z31,,hub_core,,True,34.868143403513415,13.236856596486582,47.894999999999996,0.7,0,7.94211395789195
0,trip,2090,2098.8333333333335,z21,z31,toy-0004669,,,False,43.592113095525114,0.0,42.79711309552511,0.35,2.3,0
4,trip,2090,2098.8333333333335,z32,z22,toy-0004681,,,False,42.42422619105043,0.0,41.62922619105043,0.35,2.3,0
41,trip,2090,2114.1666666666665,z32,z02,toy-0004680,,,False,47.89499999999974,0.0,45.71999999999974,0.35,6.8999999999999995,0
38,trip,2090,2098.8333333333335,z31,z32,toy-0004673,,,False,43.44000000000003,0.0,42.64500000000003,0.35,2.3,0
42,trip,2090,2098.8333333333335,z12,z22,toy-0004674,,,False,39.20633812079974,0.0,38.41133812079974,0.35,2.3,0
46,trip,2090,2098.8333333333335,z31,z21,toy-0004672,,,False,31.884025173384376,0.0,31.08902517338438,0.35,2.3,0
52,trip,2090,2098.8333333333335,z31,z30,toy-0004671,,,False,46.01919264196239,0.0,45.22419264196239,0.35,2.3,0
11,trip,2090,2102.0089706448603,z22,z31,toy-0004677,,,False,46.24711309552534,0.0,45.16630573748791,0.35,3.2526911934581184,0
6,trip,2090,2108.5089706448603,z21,z00,toy-0004668,,,False,32.15888366337537,0.0,30.493076305337933,2.3,3.2526911934581184,0
16,trip,2090,2108.309854494165,z22,z10,toy-0004675,,,False,44.37130573748772,0.0,42.723418833012865,0.35,5.142956348249516,0
47,trip,2090,2098.8333333333335,z32,z31,toy-0004679,,,False,42.31469102141269,0.0,41.51969102141269,0.35,2.3,0
56,trip,2090,2102.0089706448603,z31,z20,toy-0004670,,,False,47.89499999999981,0.0,46.81419264196238,0.35,3.2526911934581184,0
27,trip,2090,2102.0089706448603,z10,z21,toy-0004667,,,False,34.23773377766308,0.0,33.15692641962565,0.35,3.2526911934581184,0
21,trip,2090,2098.8333333333335,z22,z21,toy-0004676,,,False,41.5264990604631,0.0,40.7314990604631,0.35,2.3,0
67,trip,2090,2108.309854494165,z32,z11,toy-0004678,,,False,47.895000000000046,0.0,46.247113095525194,0.35,5.142956348249516,0
18,visit,2090,2105.0,z00,z00,,depot_west,,True,26.439832531421796,17.77777777777778,44.00761030919957,0.7,0,10.666666666666668
22,visit,2090,2105.0,z00,z00,,depot_west,,True,27.922410457309436,17.77777777777778,45.49018823508721,0.7,0,10.666666666666668
19,trip,2095,2111.5,z12,z32,toy-0004694,,,False,29.588274339751333,0.0,28.103274339751334,0.35,4.6,0
50,trip,2095,2117.851274623054,z12,z30,toy-0004692,,,False,27.983641782963478,0.0,25.927027066888606,0.35,6.505382386916237,0
33,trip,2095,2103.8333333333335,z20,z10,toy-0004684,,,False,42.60049837945029,0.0,41.80549837945029,0.35,2.3,0
55,trip,2095,2118.0,z20,z12,toy-0004683,,,False,46.24711309552491,0.0,44.17711309552491,2.3,4.6,0
31,trip,2095,2119.809854494165,z22,z20,toy-0004691,,,False,28.931945626946725,0.0,26.699058722471868,2.3,5.142956348249516,0
1,trip,2095,2103.8333333333335,z30,z20,toy-0004685,,,False,43.886717965557416,0.0,43.091717965557415,0.35,2.3,0
17,trip,2095,2118.0,z01,z31,toy-0004687,,,False,27.021030307988354,0.0,24.951030307988354,2.3,4.6,0
44,trip,2095,2111.5,z22,z02,toy-0004695,,,False,35.17220318062743,0.0,33.68720318062743,0.35,4.6,0
20,trip,2095,2113.309854494165,z31,z10,toy-0004688,,,False,25.83235902079298,0.0,24.184472116318123,0.35,5.142956348249516,0
34,trip,2095,2119.1666666666665,z01,z31,toy-0004686,,,False,40.42805725213326,0.0,38.25305725213326,0.35,6.8999999999999995,0
75,trip,2095,2119.1666666666665,z02,z32,toy-0004690,,,False,33.494382042825535,0.0,31.319382042825534,0.35,6.8999999999999995,0
79,trip,2095,2120.410795394624,z02,z31,toy-0004689,,,False,43.87338528392507,0.0,41.58641369840888,0.35,7.273238618387272,0
43,trip,2095,2113.5089706448603,z21,z00,toy-0004682,,,False,42.03169499024094,0.0,40.36588763220351,3.2526911934581184,2.3,0
65,trip,2095,2119.809854494165,z22,z31,toy-0004693,,,False,32.94024592526785,0.0,30.707359020793,2.3,5.142956348249516,0
35,visit,2095,2110.0,z31,z31,,hub_core,local,True,22.690064114923203,12.777777777777779,35.25784189270098,0.7,0,7.666666666666668
37,visit,2095,2110.0,z11,z11,,hub_center,local,True,36.40388366337548,11.701116336624516,47.894999999999996,0.7,0,7.020669801974709
26,visit,2095,2110.0,z30,z30,,depot_south,,True,32.37722105644637,15.727778943553623,47.894999999999996,0.7,0,9.436667366132173
72,visit,2095,2110.0,z32,z32,,hub_waterfront,,True,32.59648079658434,15.50851920341566,47.894999999999996,0.7,0,9.305111522049396
10,trip,2100,2123.0,z21,z22,toy-0004697,,,False,45.733385283925045,0.0,43.663385283925045,2.3,4.6,0
5,trip,2100,2118.309854494165,z11,z32,toy-0004699,,,False,25.29660309927209,0.0,23.648716194797235,0.35,5.142956348249516,0
21,trip,2100,2108.8333333333335,z21,z20,toy-0004701,,,False,40.73149906046313,0.0,39.93649906046313,0.35,2.3,0
0,trip,2100,2112.0089706448603,z31,z22,toy-0004704,,,False,42.79711309552514,0.0,41.71630573748771,0.35,3.2526911934581184,0
3,trip,2100,2116.5,z32,z12,toy-0004707,,,False,25.966993517800937,0.0,24.481993517800937,0.35,4.6,0
36,trip,2100,2116.5,z31,z11,toy-0004703,,,False,47.89500000000037,0.0,46.41000000000037,0.35,4.6,0
4,trip,2100,2108.8333333333335,z22,z32,toy-0004705,,,False,41.629226191050456,0.0,40.834226191050455,0.35,2.3,0
25,trip,2100,2118.5089706448603,z30,z11,toy-0004696,,,False,41.72761030919899,0.0,40.06180295116155,2.3,3.2526911934581184,0
38,trip,2100,2118.309854494165,z32,z20,toy-0004706,,,False,42.64500000000006,0.0,40.99711309552521,0.35,5.142956348249516,0
46,trip,2100,2108.8333333333335,z21,z11,toy-0004702,,,False,31.089025173384403,0.0,30.294025173384405,0.35,2.3,0
66,trip,2100,2118.309854494165,z21,z00,toy-0004700,,,False,47.8950000000002,0.0,46.24711309552535,0.35,5.142956348249516,0
52,trip,2100,2112.0089706448603,z30,z21,toy-0004698,,,False,45.22419264196242,0.0,44.143385283924985,0.35,3.2526911934581184,0
9,visit,2100,2120.3333333333335,z01,z01,,depot_west,local,False,32.27270154846771,0.0,30.89270154846771,4.6,0,0
12,visit,2100,2115.0,z11,z11,,hub_center,,True,26.006194793314148,17.77777777777778,43.57397257109192,0.7,0,10.666666666666668
53,visit,2100,2115.0,z32,z32,,hub_waterfront,,True,34.128678088387936,13.976321911612064,47.895,0.7,0,8.385793146967238
62,visit,2100,2115.0,z31,z31,,hub_core,,True,35.13770154846769,12.967298451532308,47.894999999999996,0.7,0,7.780379070919384
48,visit,2100,2115.0,z00,z00,,depot_west,,True,35.38113826890947,12.72386173109053,47.894999999999996,0.7,0,7.634317038654318
51,visit,2100,2115.0,z11,z11,,hub_center,,True,37.88888366337532,10.21611633662468,47.894999999999996,0.7,0,6.129669801974808
88,visit,2100,2115.0,z31,z31,,hub_core,,True,38.98063988945908,9.12436011054092,47.894999999999996,0.7,0,5.474616066324552
89,trip,2105,2121.5,z02,z22,toy-0004719,,,False,42.374999999999794,0.0,40.889999999999795,0.35,4.6,0
23,trip,2105,2117.0089706448603,z12,z01,toy-0004720,,,False,34.425498379450076,0.0,33.34469102141264,0.35,3.2526911934581184,0
63,trip,2105,2121.5,z30,z10,toy-0004712,,,False,47.895000000000095,0.0,46.410000000000096,0.35,4.6,0
39,trip,2105,2113.8333333333335,z32,z31,toy-0004725,,,False,42.73961544380351,0.0,41.94461544380351,0.35,2.3,0
8,trip,2105,2117.0089706448603,z22,z31,toy-0004723,,,False,31.623109854425664,0.0,30.542302496388228,0.35,3.2526911934581184,0
1,trip,2105,2117.0089706448603,z20,z31,toy-0004711,,,False,43.09171796555744,0.0,42.01091060752001,0.35,3.2526911934581184,0
29,trip,2105,2117.0089706448603,z21,z10,toy-0004713,,,False,42.569192641962516,0.0,41.48838528392508,0.35,3.2526911934581184,0
49,trip,2105,2117.0089706448603,z12,z21,toy-0004721,,,False,34.590996758900424,0.0,33.51018940086299,0.35,3.2526911934581184,0
33,trip,2105,2123.309854494165,z10,z22,toy-0004708,,,False,41.80549837945032,0.0,40.15761147497547,0.35,5.142956348249516,0
11,trip,2105,2113.8333333333335,z31,z21,toy-0004717,,,False,45.16630573748792,0.0,44.371305737487916,0.35,2.3,0
40,trip,2105,2117.0089706448603,z32,z21,toy-0004724,,,False,47.894999999999996,0.0,46.81419264196256,0.35,3.2526911934581184,0
15,trip,2105,2134.351274623054,z11,z32,toy-0004709,,,False,43.66377453667853,0.0,41.02215982060366,2.3,6.505382386916237,0
56,trip,2105,2113.8333333333335,z20,z21,toy-0004710,,,False,46.814192641962386,0.0,46.019192641962384,0.35,2.3,0
32,trip,2105,2120.3333333333335,z22,z31,toy-0004714,,,False,44.172577925887786,0.0,42.792577925887784,2.3,2.3,0
42,trip,2105,2121.5,z22,z20,toy-0004722,,,False,38.41133812079977,0.0,36.92633812079977,0.35,4.6,0
47,trip,2105,2120.3333333333335,z31,z22,toy-0004715,,,False,41.51969102141272,0.0,40.139691021412716,2.3,2.3,0
58,trip,2105,2113.8333333333335,z31,z32,toy-0004718,,,False,47.894999999999925,0.0,47.09999999999992,0.35,2.3,0
59,trip,2105,2123.5089706448603,z31,z32,toy-0004716,,,False,47.8949999999999,0.0,46.22919264196246,2.3,3.2526911934581184,0
27,visit,2105,2153.6846079563875,z21,z21,,depot_south,central,False,33.156926419625655,0.0,31.205311703550784,6.505382386916237,0,0
16,trip,2110,2128.309854494165,z10,z31,toy-0004727,,,False,42.723418833012865,0.0,41.07553192853801,0.35,5.142956348249516,0
2,trip,2110,2133.0,z22,z10,toy-0004735,,,False,22.85201272512229,0.0,20.78201272512229,2.3,4.6,0
69,trip,2110,2128.309854494165,z22,z01,toy-0004736,,,False,43.73919264196239,0.0,42.09130573748754,0.35,5.142956348249516,0
4,trip,2110,2132.851274623054,z32,z10,toy-0004737,,,False,40.83422619105048,0.0,38.777611474975615,0.35,6.505382386916237,0
13,trip,2110,2135.410795394624,z01,z32,toy-0004729,,,False,28.88103030798838,0.0,26.594058722472198,0.35,7.273238618387272,0
35,trip,2110,2135.410795394624,z31,z00,toy-0004732,,,False,35.25784189270075,0.0,32.97087030718457,0.35,7.273238618387272,0
6,trip,2110,2135.410795394624,z00,z31,toy-0004726,,,False,30.493076305337947,0.0,28.206104719821766,0.35,7.273238618387272,0
21,trip,2110,2128.309854494165,z20,z32,toy-0004728,,,False,39.936499060463156,0.0,38.288612155988304,0.35,5.142956348249516,0
37,trip,2110,2118.8333333333335,z11,z10,toy-0004730,,,False,47.89499999999999,0.0,47.09999999999999,0.35,2.3,0
68,trip,2110,2118.8333333333335,z32,z22,toy-0004738,,,False,47.89500000000016,0.0,47.10000000000016,0.35,2.3,0
46,trip,2110,2122.0089706448603,z11,z20,toy-0004731,,,False,30.29402517338443,0.0,29.213217815346994,0.35,3.2526911934581184,0
60,trip,2110,2128.309854494165,z31,z12,toy-0004734,,,False,40.09483136564608,0.0,38.44694446117123,0.35,5.142956348249516,0
61,trip,2110,2134.1666666666665,z31,z01,toy-0004733,,,False,47.895000000000074,0.0,45.72000000000008,0.35,6.8999999999999995,0
7,visit,2110,2125.0,z31,z31,,hub_core,local,True,33.71986608050951,12.777777777777779,46.28764385828729,0.7,0,7.666666666666668
39,trip,2115,2123.8333333333335,z31,z32,toy-0004744,,,False,41.944615443803535,0.0,41.14961544380353,0.35,2.3,0
62,trip,2115,2127.0089706448603,z31,z22,toy-0004743,,,False,47.895000000000174,0.0,46.81419264196274,0.35,3.2526911934581184,0
12,trip,2115,2131.5,z11,z31,toy-0004740,,,False,43.573972571091694,0.0,42.088972571091695,0.35,4.6,0
0,trip,2115,2123.8333333333335,z22,z21,toy-0004745,,,False,41.716305737487716,0.0,40.921305737487714,0.35,2.3,0
19,trip,2115,2123.8333333333335,z32,z31,toy-0004747,,,False,28.103274339751334,0.0,27.308274339751335,0.35,2.3,0
53,trip,2115,2133.309854494165,z32,z11,toy-0004746,,,False,47.895000000000366,0.0,46.24711309552551,0.35,5.142956348249516,0
71,trip,2115,2127.0089706448603,z31,z20,toy-0004742,,,False,41.6589495957747,0.0,40.57814223773727,0.35,3.2526911934581184,0
11,trip,2115,2127.0089706448603,z21,z12,toy-0004741,,,False,44.371305737487944,0.0,43.29049837945051,0.35,3.2526911934581184,0
51,trip,2115,2123.8333333333335,z11,z21,toy-0004739,,,False,47.89499999999969,0.0,47.09999999999969,0.35,2.3,0
28,visit,2115,2141.6846079563875,z02,z02,,hub_center,local,False,31.64725460553393,0.0,29.69563988945906,6.505382386916237,0,0
14,visit,2115,2144.3333333333335,z00,z00,,depot_west,central,False,33.60366475828076,0.0,33.39366475828076,0.7,0,0
41,visit,2115,2141.6846079563875,z02,z02,,hub_center,local,False,45.71999999999974,0.0,43.76838528392487,6.505382386916237,0,0
1,trip,2120,2128.8333333333335,z31,z21,toy-0004757,,,False,42.01091060752002,0.0,41.215910607520016,0.35,2.3,0
5,trip,2120,2145.410795394624,z32,z01,toy-0004760,,,False,23.64871619479725,0.0,21.361744609281068,0.35,7.273238618387272,0
45,trip,2120,2132.0089706448603,z22,z11,toy-0004758,,,False,36.75995836489003,0.0,35.6791510068526,0.35,3.2526911934581184,0
23,trip,2120,2136.5,z01,z21,toy-0004752,,,False,33.34469102141265,0.0,31.85969102141265,0.35,4.6,0
31,trip,2120,2136.5,z20,z00,toy-0004750,,,False,26.69905872247188,0.0,25.21405872247188,0.35,4.6,0
20,trip,2120,2128.8333333333335,z10,z11,toy-0004749,,,False,24.184472116318137,0.0,23.38947211631814,0.35,2.3,0
40,trip,2120,2128.8333333333335,z21,z31,toy-0004755,,,False,46.81419264196257,0.0,46.01919264196257,0.35,2.3,0
8,trip,2120,2136.5,z31,z11,toy-0004756,,,False,30.542302496388242,0.0,29.057302496388242,0.35,4.6,0
81,trip,2120,2128.8333333333335,z22,z32,toy-0004759,,,False,43.36419264196244,0.0,42.56919264196244,0.35,2.3,0
54,trip,2120,2138.309854494165,z01,z22,toy-0004753,,,False,37.91302841448361,0.0,36.26514151000876,0.35,5.142956348249516,0
29,trip,2120,2128.8333333333335,z10,z20,toy-0004748,,,False,41.48838528392509,0.0,40.69338528392509,0.35,2.3,0
25,trip,2120,2132.0089706448603,z11,z22,toy-0004754,,,False,40.06180295116155,0.0,38.98099559312412,0.35,3.2526911934581184,0
26,trip,2120,2128.8333333333335,z30,z31,toy-0004751,,,False,47.8949999999998,0.0,47.099999999999795,0.35,2.3,0
50,visit,2120,2135.0,z30,z30,,depot_south,local,True,25.92702706688862,12.777777777777779,38.4948048446664,0.7,0,7.666666666666668
68,visit,2120,2140.3333333333335,z22,z22,,hub_inner,local,False,47.100000000000186,0.0,45.720000000000184,4.6,0,0
17,visit,2120,2135.0,z31,z31,,hub_core,,True,24.951030307988354,17.77777777777778,42.51880808576613,0.7,0,10.666666666666668
65,visit,2120,2135.0,z31,z31,,hub_core,,True,30.707359020793003,17.397640979206997,47.895,0.7,0,10.438584587524199
75,visit,2120,2135.0,z32,z32,,hub_waterfront,,True,31.31938204282554,16.78561795717446,47.895,0.7,0,10.071370774304675
49,visit,2120,2135.0,z21,z21,,hub_inner,,True,33.510189400863,14.594810599137,47.894999999999996,0.7,0,8.7568863594822
44,trip,2125,2143.309854494165,z02,z21,toy-0004766,,,False,33.68720318062742,0.0,32.03931627615257,0.35,5.142956348249516,0
10,trip,2125,2133.8333333333335,z22,z12,toy-0004770,,,False,43.66338528392503,0.0,42.86838528392503,0.35,2.3,0
83,trip,2125,2141.5,z30,z32,toy-0004761,,,False,47.89499999999986,0.0,46.40999999999986,0.35,4.6,0
0,trip,2125,2137.0089706448603,z21,z30,toy-0004763,,,False,40.92130573748774,0.0,39.84049837945031,0.35,3.2526911934581184,0
33,trip,2125,2137.0089706448603,z22,z31,toy-0004769,,,False,40.15761147497547,0.0,39.076804116938035,0.35,3.2526911934581184,0
3,trip,2125,2140.3333333333335,z12,z12,toy-0004767,,,False,24.481993517800937,0.0,23.10199351780094,2.3,2.3,0
9,trip,2125,2133.8333333333335,z01,z00,toy-0004762,,,False,30.892701548467734,0.0,30.097701548467732,0.35,2.3,0
51,trip,2125,2133.8333333333335,z21,z22,toy-0004764,,,False,47.09999999999972,0.0,46.304999999999715,0.35,2.3,0
55,trip,2125,2143.309854494165,z12,z31,toy-0004768,,,False,44.177113095524895,0.0,42.52922619105004,0.35,5.142956348249516,0
52,trip,2125,2137.0089706448603,z21,z32,toy-0004765,,,False,44.14338528392499,0.0,43.06257792588756,0.35,3.2526911934581184,0
24,trip,2125,2137.0089706448603,z32,z21,toy-0004771,,,False,42.94636226189212,0.0,41.86555490385469,0.35,3.2526911934581184,0
32,visit,2125,2167.3333333333335,z31,z31,,depot_south,central,False,42.792577925887805,0.0,41.4125779258878,4.6,0,0
59,visit,2125,2140.0,z32,z32,,hub_waterfront,local,True,46.22919264196246,1.8758073580375338,47.894999999999996,0.7,0,1.1254844148225203
19,visit,2125,2140.0,z31,z31,,hub_core,,True,27.30827433975136,17.77777777777778,44.876052117529134,0.7,0,10.666666666666668
7,trip,2130,2148.309854494165,z31,z10,toy-0004781,,,False,46.287643858287055,0.0,44.6397569538122,0.35,5.142956348249516,0
1,trip,2130,2138.8333333333335,z21,z31,toy-0004780,,,False,41.215910607520044,0.0,40.42091060752004,0.35,2.3,0
36,trip,2130,2138.8333333333335,z11,z12,toy-0004777,,,False,46.410000000000366,0.0,45.615000000000364,0.35,2.3,0
18,trip,2130,2146.5,z00,z20,toy-0004772,,,False,44.00761030919934,0.0,42.522610309199344,0.35,4.6,0
16,trip,2130,2154.809854494165,z31,z11,toy-0004776,,,False,41.07553192853801,0.0,38.84264502406316,2.3,5.142956348249516,0
29,trip,2130,2142.0089706448603,z20,z31,toy-0004774,,,False,40.69338528392512,0.0,39.612577925887685,0.35,3.2526911934581184,0
21,trip,2130,2148.309854494165,z32,z20,toy-0004784,,,False,38.288612155988304,0.0,36.64072525151345,0.35,5.142956348249516,0
56,trip,2130,2138.8333333333335,z21,z20,toy-0004779,,,False,46.01919264196241,0.0,45.22419264196241,0.35,2.3,0
39,trip,2130,2138.8333333333335,z32,z31,toy-0004785,,,False,41.14961544380356,0.0,40.35461544380356,0.35,2.3,0
47,trip,2130,2148.309854494165,z22,z30,toy-0004783,,,False,40.13969102141274,0.0,38.491804116937885,0.35,5.142956348249516,0
38,trip,2130,2148.309854494165,z20,z01,toy-0004773,,,False,40.99711309552521,0.0,39.349226191050356,0.35,5.142956348249516,0
26,trip,2130,2138.8333333333335,z31,z32,toy-0004782,,,False,47.099999999999824,0.0,46.30499999999982,0.35,2.3,0
42,trip,2130,2148.309854494165,z20,z12,toy-0004775,,,False,36.92633812079976,0.0,35.27845121632491,0.35,5.142956348249516,0
67,trip,2130,2148.309854494165,z11,z32,toy-0004778,,,False,46.247113095525194,0.0,44.59922619105034,0.35,5.142956348249516,0
20,visit,2130,2145.0,z11,z11,,hub_center,local,True,23.389472116318164,12.777777777777779,35.957249894095945,0.7,0,7.666666666666668
12,trip,2135,2147.0089706448603,z31,z20,toy-0004793,,,False,42.08897257109169,0.0,41.008165213054255,0.35,3.2526911934581184,0
15,trip,2135,2151.5,z32,z12,toy-0004800,,,False,41.022159820603655,0.0,39.537159820603655,0.35,4.6,0
25,trip,2135,2143.8333333333335,z22,z21,toy-0004798,,,False,38.98099559312413,0.0,38.185995593124126,0.35,2.3,0
46,trip,2135,2153.309854494165,z20,z32,toy-0004788,,,False,29.213217815347008,0.0,27.565330910872152,0.35,5.142956348249516,0
58,trip,2135,2143.8333333333335,z32,z22,toy-0004801,,,False,47.09999999999995,0.0,46.30499999999995,0.35,2.3,0
57,trip,2135,2159.1666666666665,z01,z31,toy-0004789,,,False,34.873634754855445,0.0,32.69863475485545,0.35,6.8999999999999995,0
70,trip,2135,2151.5,z32,z30,toy-0004799,,,False,47.89499999999981,0.0,46.40999999999981,0.35,4.6,0
9,trip,2135,2159.1666666666665,z00,z30,toy-0004786,,,False,30.09770154846776,0.0,27.92270154846776,0.35,6.8999999999999995,0
49,trip,2135,2143.8333333333335,z21,z11,toy-0004792,,,False,47.894999999999676,0.0,47.099999999999675,0.35,2.3,0
17,trip,2135,2143.8333333333335,z31,z21,toy-0004795,,,False,42.518808085765905,0.0,41.7238080857659,0.35,2.3,0
45,trip,2135,2151.5,z11,z31,toy-0004791,,,False,35.67915100685261,0.0,34.19415100685261,0.35,4.6,0
10,trip,2135,2151.5,z12,z32,toy-0004797,,,False,42.86838528392506,0.0,41.38338528392506,0.35,4.6,0
34,trip,2135,2143.8333333333335,z31,z30,toy-0004794,,,False,38.25305725213326,0.0,37.45805725213326,0.35,2.3,0
71,trip,2135,2151.5,z20,z22,toy-0004787,,,False,40.578142237737275,0.0,39.093142237737275,0.35,4.6,0
2,trip,2135,2159.809854494165,z10,z30,toy-0004790,,,False,20.78201272512229,0.0,18.549125820647433,2.3,5.142956348249516,0
40,trip,2135,2147.0089706448603,z31,z22,toy-0004796,,,False,46.0191926419626,0.0,44.938385283925165,0.35,3.2526911934581184,0
51,visit,2135,2155.3333333333335,z22,z22,,hub_inner,local,False,46.304999999999744,0.0,44.92499999999974,4.6,0,0
50,visit,2135,2150.0,z30,z30,,depot_south,,True,38.49480484466617,9.610195155333827,47.894999999999996,0.7,0,5.766117093200296
23,trip,2140,2156.5,z21,z01,toy-0004807,,,False,31.859691021412644,0.0,30.374691021412644,0.35,4.6,0
13,trip,2140,2148.8333333333335,z32,z31,toy-0004817,,,False,26.594058722472216,0.0,25.799058722472218,0.35,2.3,0
56,trip,2140,2148.8333333333335,z20,z21,toy-0004805,,,False,45.22419264196244,0.0,44.42919264196244,0.35,2.3,0
24,trip,2140,2152.0089706448603,z21,z32,toy-0004808,,,False,41.865554903854694,0.0,40.78474754581726,0.35,3.2526911934581184,0
1,trip,2140,2158.309854494165,z31,z12,toy-0004811,,,False,40.42091060752007,0.0,38.77302370304522,0.35,5.142956348249516,0
0,trip,2140,2158.309854494165,z30,z22,toy-0004806,,,False,39.84049837945032,0.0,38.192611474975465,0.35,5.142956348249516,0
4,trip,2140,2156.5,z10,z30,toy-0004803,,,False,38.777611474975615,0.0,37.292611474975615,0.35,4.6,0
11,trip,2140,2158.5089706448603,z12,z11,toy-0004813,,,False,43.29049837945052,0.0,41.624691021413085,2.3,3.2526911934581184,0
36,trip,2140,2148.8333333333335,z12,z22,toy-0004814,,,False,45.61500000000039,0.0,44.82000000000039,0.35,2.3,0
6,trip,2140,2156.5,z31,z11,toy-0004809,,,False,28.206104719821784,0.0,26.721104719821785,0.35,4.6,0
54,trip,2140,2152.0089706448603,z22,z31,toy-0004815,,,False,36.26514151000876,0.0,35.18433415197133,0.35,3.2526911934581184,0
22,trip,2140,2168.809226445224,z00,z32,toy-0004802,,,False,45.49018823508698,0.0,42.89735785501683,0.35,8.292767933567175,0
19,trip,2140,2148.8333333333335,z31,z32,toy-0004812,,,False,44.87605211752891,0.0,44.081052117528905,0.35,2.3,0
37,trip,2140,2152.0089706448603,z10,z21,toy-0004804,,,False,47.100000000000016,0.0,46.01919264196258,0.35,3.2526911934581184,0
33,trip,2140,2165.410795394624,z31,z02,toy-0004810,,,False,39.07680411693804,0.0,36.78983253142186,0.35,7.273238618387272,0
62,trip,2140,2148.8333333333335,z22,z32,toy-0004816,,,False,46.81419264196275,0.0,46.019192641962746,0.35,2.3,0
31,visit,2140,2155.0,z00,z00,,depot_west,,True,25.21405872247188,17.77777777777778,42.78183650024966,0.7,0,10.666666666666668
35,visit,2140,2155.0,z00,z00,,depot_west,,True,32.97087030718457,15.134129692815428,47.894999999999996,0.7,0,9.080477815689257
3,trip,2145,2153.8333333333335,z12,z11,toy-0004824,,,False,23.101993517800963,0.0,22.30699351780096,0.35,2.3,0
8,trip,2145,2153.8333333333335,z11,z21,toy-0004821,,,False,29.057302496388242,0.0,28.262302496388244,0.35,2.3,0
26,trip,2145,2157.0089706448603,z32,z21,toy-0004828,,,False,46.30499999999985,0.0,45.22419264196242,0.35,3.2526911934581184,0
58,trip,2145,2163.309854494165,z22,z10,toy-0004825,,,False,46.30499999999998,0.0,44.657113095525126,0.35,5.142956348249516,0
17,trip,2145,2153.8333333333335,z21,z31,toy-0004822,,,False,41.72380808576593,0.0,40.92880808576593,0.35,2.3,0
63,trip,2145,2167.851274623054,z10,z32,toy-0004820,,,False,46.41000000000009,0.0,44.35338528392522,0.35,6.505382386916237,0
14,trip,2145,2169.809854494165,z00,z31,toy-0004819,,,False,33.39366475828078,0.0,31.160777853805925,2.3,5.142956348249516,0
68,trip,2145,2161.5,z22,z20,toy-0004826,,,False,45.720000000000205,0.0,44.235000000000205,0.35,4.6,0
43,trip,2145,2163.309854494165,z00,z21,toy-0004818,,,False,40.36588763220351,0.0,38.71800072772866,0.35,5.142956348249516,0
29,trip,2145,2153.8333333333335,z31,z21,toy-0004823,,,False,39.61257792588769,0.0,38.81757792588769,0.35,2.3,0
52,trip,2145,2163.309854494165,z32,z11,toy-0004827,,,False,43.06257792588757,0.0,41.414691021412715,0.35,5.142956348249516,0
53,visit,2145,2160.0,z11,z11,,hub_center,local,True,46.24711309552551,1.8578869044744835,47.894999999999996,0.7,0,1.1147321426846901
49,visit,2145,2160.0,z11,z11,,hub_center,local,True,47.0999999999997,1.0050000000002937,47.894999999999996,0.7,0,0.6030000000001763
44,visit,2145,2160.0,z21,z21,,hub_inner,,True,32.03931627615257,16.06568372384743,47.895,0.7,0,9.639410234308459
20,visit,2145,2160.0,z11,z11,,hub_center,,True,35.95724989409571,12.147750105904286,47.894999999999996,0.7,0,7.288650063542572
34,visit,2145,2160.0,z30,z30,,depot_south,,True,37.45805725213329,10.64694274786671,47.894999999999996,0.7,0,6.388165648720026
25,visit,2145,2160.0,z21,z21,,hub_inner,,True,38.185995593124154,9.919004406875843,47.894999999999996,0.7,0,5.951402644125506
56,trip,2150,2158.8333333333335,z21,z22,toy-0004835,,,False,44.429192641962466,0.0,43.634192641962464,0.35,2.3,0
18,trip,2150,2162.0089706448603,z20,z11,toy-0004829,,,False,42.52261030919934,0.0,41.441802951161904,0.35,3.2526911934581184,0
19,trip,2150,2178.809226445224,z32,z00,toy-0004840,,,False,44.081052117528934,0.0,41.48822173745878,0.35,8.292767933567175,0
38,trip,2150,2162.0089706448603,z01,z10,toy-0004831,,,False,39.349226191050356,0.0,38.26841883301292,0.35,3.2526911934581184,0
61,trip,2150,2168.309854494165,z01,z20,toy-0004832,,,False,45.72000000000008,0.0,44.072113095525225,0.35,5.142956348249516,0
13,trip,2150,2168.5089706448603,z31,z10,toy-0004833,,,False,25.799058722472243,0.0,24.133251364434805,2.3,3.2526911934581184,0
59,trip,2150,2172.851274623054,z32,z10,toy-0004841,,,False,47.894999999999975,0.0,45.838385283925106,0.35,6.505382386916237,0
28,trip,2150,2168.309854494165,z02,z10,toy-0004838,,,False,29.69563988945906,0.0,28.047752984984204,0.35,5.142956348249516,0
21,trip,2150,2162.0089706448603,z20,z31,toy-0004830,,,False,36.64072525151345,0.0,35.55991789347602,0.35,3.2526911934581184,0
39,trip,2150,2162.0089706448603,z31,z22,toy-0004837,,,False,40.35461544380359,0.0,39.273808085766156,0.35,3.2526911934581184,0
42,trip,2150,2162.0089706448603,z12,z21,toy-0004839,,,False,35.27845121632491,0.0,34.19764385828748,0.35,3.2526911934581184,0
55,trip,2150,2174.1666666666665,z31,z01,toy-0004836,,,False,42.52922619105004,0.0,40.354226191050046,0.35,6.8999999999999995,0
36,trip,2150,2174.809854494165,z22,z02,toy-0004834,,,False,44.82000000000042,0.0,42.58711309552557,2.3,5.142956348249516,0
5,visit,2150,2192.3333333333335,z01,z01,,depot_west,central,False,21.361744609281086,0.0,19.981744609281087,4.6,0,0
12,visit,2150,2170.3333333333335,z20,z20,,depot_south,local,False,41.00816521305426,0.0,39.62816521305426,4.6,0,0
47,visit,2150,2165.0,z30,z30,,depot_south,,True,38.491804116937885,9.613195883062112,47.894999999999996,0.7,0,5.767917529837267
31,trip,2155,2180.410795394624,z00,z31,toy-0004842,,,False,42.781836500249426,0.0,40.49486491473324,0.35,7.273238618387272,0
10,trip,2155,2163.8333333333335,z32,z31,toy-0004854,,,False,41.38338528392505,0.0,40.58838528392505,0.35,2.3,0
15,trip,2155,2173.309854494165,z12,z31,toy-0004851,,,False,39.53715982060365,0.0,37.889272916128796,0.35,5.142956348249516,0
24,trip,2155,2163.8333333333335,z32,z22,toy-0004855,,,False,40.78474754581727,0.0,39.989747545817266,0.35,2.3,0
41,trip,2155,2180.410795394624,z02,z31,toy-0004850,,,False,43.76838528392486,0.0,41.48141369840867,0.35,7.273238618387272,0
50,trip,2155,2179.1666666666665,z30,z00,toy-0004844,,,False,47.89499999999975,0.0,45.71999999999975,0.35,6.8999999999999995,0
16,trip,2155,2173.309854494165,z11,z32,toy-0004848,,,False,38.84264502406316,0.0,37.19475811958831,0.35,5.142956348249516,0
40,trip,2155,2167.0089706448603,z22,z31,toy-0004853,,,False,44.93838528392517,0.0,43.85757792588774,0.35,3.2526911934581184,0
7,trip,2155,2178.0,z10,z31,toy-0004845,,,False,44.6397569538122,0.0,42.5697569538122,2.3,4.6,0
35,trip,2155,2173.309854494165,z00,z12,toy-0004843,,,False,47.895000000000245,0.0,46.24711309552539,0.35,5.142956348249516,0
8,trip,2155,2173.5089706448603,z21,z22,toy-0004847,,,False,28.26230249638827,0.0,26.596495138350832,2.3,3.2526911934581184,0
71,trip,2155,2167.0089706448603,z22,z11,toy-0004852,,,False,39.09314223773727,0.0,38.012334879699836,0.35,3.2526911934581184,0
27,trip,2155,2173.5089706448603,z21,z02,toy-0004846,,,False,31.205311703550777,0.0,29.53950434551334,2.3,3.2526911934581184,0
17,trip,2155,2163.8333333333335,z31,z32,toy-0004849,,,False,40.92880808576596,0.0,40.133808085765956,0.35,2.3,0
70,visit,2155,2184.3333333333335,z30,z30,,depot_south,central,False,46.409999999999805,0.0,46.199999999999804,0.7,0,0
46,visit,2155,2170.0,z32,z32,,hub_waterfront,,True,27.565330910872166,17.77777777777778,45.13310868864995,0.7,0,10.666666666666668
45,visit,2155,2170.0,z31,z31,,hub_core,,True,34.1941510068526,13.910848993147397,47.894999999999996,0.7,0,8.346509395888438
54,visit,2155,2170.0,z31,z31,,hub_core,,True,35.184334151971335,12.920665848028664,47.894999999999996,0.7,0,7.752399508817198
0,trip,2160,2182.851274623054,z22,z00,toy-0004871,,,False,38.192611474975465,0.0,36.135996758900596,0.35,6.505382386916237,0
2,trip,2160,2172.0089706448603,z30,z21,toy-0004857,,,False,18.549125820647443,0.0,17.468318462610007,0.35,3.2526911934581184,0
57,trip,2160,2185.410795394624,z31,z00,toy-0004865,,,False,32.69863475485545,0.0,30.411663169339267,0.35,7.273238618387272,0
65,trip,2160,2172.0089706448603,z31,z20,toy-0004867,,,False,47.894999999999726,0.0,46.81419264196229,0.35,3.2526911934581184,0
74,trip,2160,2168.8333333333335,z31,z21,toy-0004869,,,False,43.3496218685459,0.0,42.5546218685459,0.35,2.3,0
62,trip,2160,2172.0089706448603,z32,z21,toy-0004875,,,False,46.019192641962775,0.0,44.93838528392534,0.35,3.2526911934581184,0
51,trip,2160,2168.8333333333335,z22,z21,toy-0004872,,,False,44.92499999999976,0.0,44.12999999999976,0.35,2.3,0
1,trip,2160,2178.309854494165,z12,z20,toy-0004870,,,False,38.77302370304522,0.0,37.12513679857037,0.35,5.142956348249516,0
23,trip,2160,2185.410795394624,z01,z32,toy-0004859,,,False,30.374691021412644,0.0,28.087719435896464,0.35,7.273238618387272,0
76,trip,2160,2176.5,z31,z11,toy-0004868,,,False,40.75388366337523,0.0,39.26888366337523,0.35,4.6,0
77,trip,2160,2178.309854494165,z31,z10,toy-0004866,,,False,47.89500000000005,0.0,46.2471130955252,0.35,5.142956348249516,0
25,trip,2160,2168.8333333333335,z21,z31,toy-0004862,,,False,47.89500000000029,0.0,47.100000000000286,0.35,2.3,0
56,trip,2160,2168.8333333333335,z22,z32,toy-0004873,,,False,43.63419264196249,0.0,42.83919264196249,0.35,2.3,0
6,trip,2160,2168.8333333333335,z11,z01,toy-0004861,,,False,26.721104719821785,0.0,25.926104719821787,0.35,2.3,0
9,trip,2160,2168.8333333333335,z30,z31,toy-0004858,,,False,27.922701548467778,0.0,27.127701548467776,0.35,2.3,0
11,trip,2160,2172.0089706448603,z11,z20,toy-0004860,,,False,41.624691021413085,0.0,40.54388366337565,0.35,3.2526911934581184,0
67,trip,2160,2178.309854494165,z32,z20,toy-0004874,,,False,44.59922619105034,0.0,42.95133928657549,0.35,5.142956348249516,0
26,trip,2160,2172.0089706448603,z21,z12,toy-0004863,,,False,45.224192641962425,0.0,44.14338528392499,0.35,3.2526911934581184,0
37,trip,2160,2172.0089706448603,z21,z32,toy-0004864,,,False,46.01919264196259,0.0,44.93838528392516,0.35,3.2526911934581184,0
20,trip,2160,2184.809854494165,z11,z22,toy-0004856,,,False,47.89500000000026,0.0,45.662113095525406,2.3,5.142956348249516,0
3,visit,2160,2175.0,z11,z11,,hub_center,local,True,22.30699351780099,12.777777777777779,34.87477129557877,0.7,0,7.666666666666668
4,visit,2160,2175.0,z30,z30,,depot_south,local,True,37.29261147497561,10.812388525024387,47.894999999999996,0.7,0,6.487433115014633
29,visit,2160,2175.0,z21,z21,,hub_inner,local,True,38.81757792588772,9.287422074112278,47.894999999999996,0.7,0,5.572453244467368
17,trip,2165,2173.8333333333335,z32,z31,toy-0004887,,,False,40.133808085765985,0.0,39.33880808576598,0.35,2.3,0
10,trip,2165,2177.0089706448603,z31,z22,toy-0004884,,,False,40.58838528392508,0.0,39.507577925887645,0.35,3.2526911934581184,0
72,trip,2165,2190.410795394624,z32,z01,toy-0004886,,,False,47.89499999999965,0.0,45.608028414483464,0.35,7.273238618387272,0
42,trip,2165,2173.8333333333335,z21,z20,toy-0004881,,,False,34.197643858287485,0.0,33.40264385828748,0.35,2.3,0
68,trip,2165,2183.309854494165,z20,z32,toy-0004879,,,False,44.2350000000002,0.0,42.587113095525346,0.35,5.142956348249516,0
58,trip,2165,2177.0089706448603,z10,z01,toy-0004877,,,False,44.657113095525126,0.0,43.576305737487694,0.35,3.2526911934581184,0
64,trip,2165,2173.8333333333335,z01,z11,toy-0004880,,,False,24.462913533316417,0.0,23.667913533316415,0.35,2.3,0
21,trip,2165,2173.8333333333335,z31,z32,toy-0004885,,,False,35.559917893476026,0.0,34.764917893476024,0.35,2.3,0
43,trip,2165,2173.8333333333335,z21,z11,toy-0004882,,,False,38.71800072772866,0.0,37.923000727728656,0.35,2.3,0
48,trip,2165,2187.851274623054,z00,z22,toy-0004876,,,False,47.89500000000023,0.0,45.83838528392536,0.35,6.505382386916237,0
73,trip,2165,2173.8333333333335,z20,z10,toy-0004878,,,False,33.07436770105929,0.0,32.279367701059286,0.35,2.3,0
75,trip,2165,2189.1666666666665,z32,z02,toy-0004888,,,False,47.89500000000022,0.0,45.720000000000226,0.35,6.8999999999999995,0
78,trip,2165,2183.309854494165,z31,z12,toy-0004883,,,False,43.89635129679024,0.0,42.24846439231539,0.35,5.142956348249516,0
38,visit,2165,2207.3333333333335,z10,z10,,depot_west,central,False,38.26841883301293,0.0,36.88841883301293,4.6,0,0
52,visit,2165,2180.0,z11,z11,,hub_center,local,True,41.414691021412715,6.690308978587282,47.894999999999996,0.7,0,4.014185387152369
6,trip,2170,2200.6666666666665,z01,z32,toy-0004897,,,False,25.92610471982181,0.0,23.16610471982181,2.3,6.8999999999999995,0
24,trip,2170,2182.0089706448603,z22,z31,toy-0004900,,,False,39.989747545817295,0.0,38.90894018777986,0.35,3.2526911934581184,0
60,trip,2170,2186.5,z12,z32,toy-0004898,,,False,38.44694446117123,0.0,36.96194446117123,0.35,4.6,0
61,trip,2170,2192.851274623054,z20,z02,toy-0004891,,,False,44.072113095525225,0.0,42.01549837945036,0.35,6.505382386916237,0
39,trip,2170,2178.8333333333335,z22,z12,toy-0004901,,,False,39.27380808576616,0.0,38.47880808576616,0.35,2.3,0
22,trip,2170,2188.309854494165,z32,z11,toy-0004902,,,False,42.89735785501682,0.0,41.24947095054197,0.35,5.142956348249516,0
69,trip,2170,2194.1666666666665,z01,z31,toy-0004894,,,False,42.09130573748754,0.0,39.91630573748754,0.35,6.8999999999999995,0
13,trip,2170,2185.3333333333335,z10,z21,toy-0004889,,,False,24.13325136443482,0.0,22.75325136443482,2.3,2.3,0
9,trip,2170,2178.8333333333335,z31,z30,toy-0004896,,,False,27.127701548467805,0.0,26.332701548467803,0.35,2.3,0
44,trip,2170,2188.309854494165,z21,z00,toy-0004895,,,False,47.89499999999983,0.0,46.24711309552498,0.35,5.142956348249516,0
89,trip,2170,2188.309854494165,z22,z01,toy-0004899,,,False,40.88999999999979,0.0,39.242113095524935,0.35,5.142956348249516,0
34,trip,2170,2192.851274623054,z30,z12,toy-0004893,,,False,47.895000000000195,0.0,45.83838528392533,0.35,6.505382386916237,0
28,trip,2170,2193.0,z10,z22,toy-0004892,,,False,28.047752984984218,0.0,25.977752984984217,2.3,4.6,0
47,trip,2170,2188.5089706448603,z30,z31,toy-0004890,,,False,47.89499999999987,0.0,46.229192641962435,2.3,3.2526911934581184,0
33,visit,2170,2196.6846079563875,z02,z02,,hub_center,local,False,36.78983253142186,0.0,34.83821781534699,6.505382386916237,0,0
25,visit,2170,2185.0,z31,z31,,hub_core,local,True,47.100000000000314,1.0049999999996828,47.894999999999996,0.7,0,0.6029999999998097
14,visit,2170,2185.0,z31,z31,,hub_core,,True,31.160777853805925,16.944222146194075,47.895,0.7,0,10.166533287716446
15,trip,2175,2183.8333333333335,z31,z32,toy-0004915,,,False,37.889272916128796,0.0,37.094272916128794,0.35,2.3,0
27,trip,2175,2197.851274623054,z02,z20,toy-0004916,,,False,29.539504345513354,0.0,27.482889629438482,0.35,6.505382386916237,0
3,trip,2175,2191.5,z11,z31,toy-0004910,,,False,34.87477129557854,0.0,33.38977129557854,0.35,4.6,0
4,trip,2175,2191.5,z30,z32,toy-0004906,,,False,47.89499999999977,0.0,46.40999999999977,0.35,4.6,0
16,trip,2175,2183.8333333333335,z32,z31,toy-0004919,,,False,37.19475811958831,0.0,36.399758119588306,0.35,2.3,0
2,trip,2175,2187.0089706448603,z21,z32,toy-0004913,,,False,17.46831846261002,0.0,16.387511104572585,0.35,3.2526911934581184,0
36,trip,2175,2183.8333333333335,z02,z01,toy-0004917,,,False,42.58711309552557,0.0,41.792113095525565,0.35,2.3,0
29,trip,2175,2183.8333333333335,z21,z31,toy-0004911,,,False,47.89500000000007,0.0,47.100000000000065,0.35,2.3,0
51,trip,2175,2183.8333333333335,z21,z22,toy-0004912,,,False,44.12999999999979,0.0,43.33499999999979,0.35,2.3,0
55,trip,2175,2191.5,z01,z21,toy-0004907,,,False,40.354226191050046,0.0,38.869226191050046,0.35,4.6,0
11,trip,2175,2206.910795394624,z20,z01,toy-0004905,,,False,40.54388366337566,0.0,37.671912077859474,2.3,7.273238618387272,0
59,trip,2175,2193.309854494165,z10,z31,toy-0004903,,,False,45.838385283925106,0.0,44.190498379450254,0.35,5.142956348249516,0
8,trip,2175,2191.5,z22,z20,toy-0004918,,,False,26.596495138350846,0.0,25.111495138350847,0.35,4.6,0
18,trip,2175,2183.8333333333335,z11,z21,toy-0004909,,,False,41.44180295116191,0.0,40.64680295116191,0.35,2.3,0
12,trip,2175,2183.8333333333335,z20,z30,toy-0004904,,,False,39.62816521305428,0.0,38.83316521305428,0.35,2.3,0
43,trip,2175,2183.8333333333335,z11,z10,toy-0004908,,,False,37.923000727728684,0.0,37.12800072772868,0.35,2.3,0
21,trip,2175,2191.5,z32,z12,toy-0004920,,,False,34.76491789347605,0.0,33.27991789347605,0.35,4.6,0
37,trip,2175,2183.8333333333335,z32,z22,toy-0004921,,,False,44.938385283925165,0.0,44.14338528392516,0.35,2.3,0
17,trip,2175,2183.8333333333335,z31,z21,toy-0004914,,,False,39.33880808576601,0.0,38.54380808576601,0.35,2.3,0
42,visit,2175,2195.3333333333335,z20,z20,,depot_south,local,False,33.40264385828751,0.0,32.02264385828751,4.6,0,0
64,visit,2175,2190.0,z11,z11,,hub_center,,True,23.667913533316444,17.77777777777778,41.23569131109422,0.7,0,10.666666666666668
10,trip,2180,2188.8333333333335,z22,z21,toy-0004932,,,False,39.50757792588765,0.0,38.71257792588765,0.35,2.3,0
26,trip,2180,2198.309854494165,z12,z31,toy-0004931,,,False,44.143385283925,0.0,42.49549837945015,0.35,5.142956348249516,0
7,trip,2180,2192.0089706448603,z31,z20,toy-0004927,,,False,42.56975695381219,0.0,41.488949595774756,0.35,3.2526911934581184,0
58,trip,2180,2192.0089706448603,z01,z12,toy-0004923,,,False,43.5763057374877,0.0,42.49549837945027,0.35,3.2526911934581184,0
32,trip,2180,2196.5,z31,z11,toy-0004929,,,False,41.412577925887824,0.0,39.927577925887825,0.35,4.6,0
49,trip,2180,2198.309854494165,z11,z32,toy-0004925,,,False,47.89499999999983,0.0,46.24711309552498,0.35,5.142956348249516,0
62,trip,2180,2192.0089706448603,z21,z30,toy-0004926,,,False,44.93838528392535,0.0,43.85757792588792,0.35,3.2526911934581184,0
46,trip,2180,2192.0089706448603,z32,z21,toy-0004934,,,False,45.13310868864971,0.0,44.05230133061228,0.35,3.2526911934581184,0
40,trip,2180,2204.1666666666665,z31,z01,toy-0004928,,,False,43.857577925887746,0.0,41.68257792588775,0.35,6.8999999999999995,0
45,trip,2180,2192.0089706448603,z31,z22,toy-0004930,,,False,47.89500000000005,0.0,46.81419264196262,0.35,3.2526911934581184,0
73,trip,2180,2192.0089706448603,z10,z21,toy-0004922,,,False,32.279367701059314,0.0,31.198560343021878,0.35,3.2526911934581184,0
35,trip,2180,2195.3333333333335,z12,z32,toy-0004933,,,False,46.24711309552539,0.0,44.86711309552539,2.3,2.3,0
19,trip,2180,2204.809854494165,z00,z22,toy-0004924,,,False,41.48822173745877,0.0,39.25533483298392,2.3,5.142956348249516,0
1,visit,2180,2200.3333333333335,z20,z20,,depot_south,local,False,37.12513679857037,0.0,35.745136798570364,4.6,0,0
9,visit,2180,2195.0,z30,z30,,depot_south,,True,26.33270154846783,17.77777777777778,43.90047932624561,0.7,0,10.666666666666668
71,visit,2180,2195.0,z11,z11,,hub_center,,True,38.01233487969984,10.092665120300154,47.894999999999996,0.7,0,6.055599072180092
20,trip,2185,2201.5,z22,z02,toy-0004947,,,False,45.662113095525406,0.0,44.17711309552541,0.35,4.6,0
14,trip,2185,2193.8333333333335,z31,z21,toy-0004942,,,False,47.89500000000003,0.0,47.10000000000003,0.35,2.3,0
17,trip,2185,2193.8333333333335,z21,z31,toy-0004941,,,False,38.54380808576604,0.0,37.748808085766036,0.35,2.3,0
43,trip,2185,2207.851274623054,z10,z32,toy-0004938,,,False,37.12800072772871,0.0,35.07138601165384,0.35,6.505382386916237,0
15,trip,2185,2201.5,z32,z30,toy-0004949,,,False,37.09427291612882,0.0,35.60927291612882,0.35,4.6,0
24,trip,2185,2193.8333333333335,z31,z32,toy-0004943,,,False,38.90894018777987,0.0,38.11394018777987,0.35,2.3,0
37,trip,2185,2197.0089706448603,z22,z31,toy-0004946,,,False,44.14338528392519,0.0,43.06257792588776,0.35,3.2526911934581184,0
52,trip,2185,2197.0089706448603,z11,z22,toy-0004940,,,False,47.89499999999997,0.0,46.814192641962535,0.35,3.2526911934581184,0
56,trip,2185,2193.8333333333335,z32,z31,toy-0004950,,,False,42.83919264196252,0.0,42.04419264196252,0.35,2.3,0
77,trip,2185,2193.8333333333335,z10,z11,toy-0004936,,,False,46.2471130955252,0.0,45.4521130955252,0.35,2.3,0
50,trip,2185,2197.0089706448603,z00,z11,toy-0004935,,,False,45.71999999999975,0.0,44.63919264196232,0.35,3.2526911934581184,0
51,trip,2185,2197.0089706448603,z22,z11,toy-0004945,,,False,43.334999999999816,0.0,42.25419264196238,0.35,3.2526911934581184,0
63,trip,2185,2203.309854494165,z32,z20,toy-0004948,,,False,44.35338528392522,0.0,42.70549837945037,0.35,5.142956348249516,0
12,trip,2185,2193.8333333333335,z30,z20,toy-0004939,,,False,38.83316521305431,0.0,38.038165213054306,0.35,2.3,0
39,trip,2185,2193.8333333333335,z12,z22,toy-0004944,,,False,38.47880808576619,0.0,37.68380808576619,0.35,2.3,0
53,trip,2185,2208.0,z11,z12,toy-0004937,,,False,47.89500000000006,0.0,45.82500000000006,2.3,4.6,0
0,visit,2185,2214.3333333333335,z00,z00,,depot_west,central,False,36.135996758900596,0.0,35.925996758900595,0.7,0,0
16,visit,2185,2227.3333333333335,z31,z31,,depot_south,central,False,36.399758119588334,0.0,35.01975811958833,4.6,0,0
31,visit,2185,2200.0,z31,z31,,hub_core,local,True,40.49486491473324,7.610135085266754,47.894999999999996,0.7,0,4.566081051160053
18,visit,2185,2200.0,z21,z21,,hub_inner,local,True,40.64680295116194,7.458197048838058,47.894999999999996,0.7,0,4.474918229302835
25,trip,2190,2202.0089706448603,z31,z22,toy-0004964,,,False,47.89499999999968,0.0,46.81419264196225,0.35,3.2526911934581184,0
2,trip,2190,2198.8333333333335,z32,z22,toy-0004968,,,False,16.3875111045726,0.0,15.5925111045726,0.35,2.3,0
29,trip,2190,2208.309854494165,z31,z10,toy-0004962,,,False,47.100000000000094,0.0,45.45211309552524,0.35,5.142956348249516,0
36,trip,2190,2215.410795394624,z01,z30,toy-0004956,,,False,41.79211309552559,0.0,39.50514151000941,0.35,7.273238618387272,0
65,trip,2190,2202.0089706448603,z20,z31,toy-0004953,,,False,46.8141926419623,0.0,45.73338528392487,0.35,3.2526911934581184,0
22,trip,2190,2198.8333333333335,z11,z12,toy-0004959,,,False,41.24947095054197,0.0,40.45447095054197,0.35,2.3,0
78,trip,2190,2202.0089706448603,z12,z21,toy-0004965,,,False,42.24846439231539,0.0,41.16765703427796,0.35,3.2526911934581184,0
67,trip,2190,2208.309854494165,z20,z12,toy-0004954,,,False,42.95133928657549,0.0,41.30345238210064,0.35,5.142956348249516,0
64,trip,2190,2202.0089706448603,z11,z00,toy-0004957,,,False,41.235691311093994,0.0,40.15488395305656,0.35,3.2526911934581184,0
13,trip,2190,2214.809854494165,z21,z32,toy-0004955,,,False,22.753251364434846,0.0,20.520364459959993,2.3,5.142956348249516,0
74,trip,2190,2198.8333333333335,z21,z11,toy-0004961,,,False,42.55462186854593,0.0,41.75962186854593,0.35,2.3,0
23,trip,2190,2208.309854494165,z32,z11,toy-0004967,,,False,28.08771943589648,0.0,26.439832531421626,0.35,5.142956348249516,0
41,trip,2190,2213.0,z31,z01,toy-0004960,,,False,41.48141369840867,0.0,39.41141369840867,2.3,4.6,0
44,trip,2190,2205.3333333333335,z00,z20,toy-0004951,,,False,46.24711309552498,0.0,44.86711309552498,2.3,2.3,0
76,trip,2190,2206.5,z11,z31,toy-0004958,,,False,39.26888366337522,0.0,37.78388366337522,0.35,4.6,0
54,trip,2190,2208.309854494165,z31,z12,toy-0004963,,,False,47.89500000000008,0.0,46.24711309552523,0.35,5.142956348249516,0
60,trip,2190,2212.851274623054,z32,z10,toy-0004966,,,False,36.96194446117122,0.0,34.90532974509635,0.35,6.505382386916237,0
70,trip,2190,2208.5089706448603,z30,z11,toy-0004952,,,False,46.199999999999825,0.0,44.53419264196239,2.3,3.2526911934581184,0
10,visit,2190,2205.0,z21,z21,,hub_inner,local,True,38.71257792588768,9.392422074112318,47.894999999999996,0.7,0,5.63545324446739
47,visit,2190,2232.3333333333335,z31,z31,,depot_south,central,False,46.229192641962435,0.0,44.84919264196243,4.6,0,0
57,visit,2190,2205.0,z00,z00,,depot_west,,True,30.41166316933928,17.69333683066072,47.895,0.7,0,10.616002098396432
14,trip,2195,2203.8333333333335,z21,z20,toy-0004970,,,False,47.10000000000006,0.0,46.30500000000006,0.35,2.3,0
75,trip,2195,2223.809226445224,z02,z30,toy-0004975,,,False,45.720000000000226,0.0,43.12716961993007,0.35,8.292767933567175,0
4,trip,2195,2207.0089706448603,z32,z21,toy-0004979,,,False,46.40999999999976,0.0,45.32919264196233,0.35,3.2526911934581184,0
28,trip,2195,2213.309854494165,z22,z10,toy-0004976,,,False,25.977752984984217,0.0,24.329866080509362,0.35,5.142956348249516,0
46,trip,2195,2207.0089706448603,z21,z10,toy-0004969,,,False,44.05230133061229,0.0,42.971493972574855,0.35,3.2526911934581184,0
73,trip,2195,2207.0089706448603,z21,z32,toy-0004973,,,False,31.19856034302189,0.0,30.117752984984453,0.35,3.2526911934581184,0
45,trip,2195,2213.309854494165,z22,z30,toy-0004977,,,False,46.81419264196263,0.0,45.166305737487775,0.35,5.142956348249516,0
3,trip,2195,2213.5089706448603,z31,z12,toy-0004971,,,False,33.389771295578534,0.0,31.723963937541097,2.3,3.2526911934581184,0
7,trip,2195,2210.3333333333335,z20,z22,toy-0004972,,,False,41.48894959577476,0.0,40.10894959577476,2.3,2.3,0
17,trip,2195,2220.410795394624,z31,z02,toy-0004974,,,False,37.748808085766065,0.0,35.46183650024988,0.35,7.273238618387272,0
48,trip,2195,2203.8333333333335,z22,z32,toy-0004978,,,False,45.83838528392536,0.0,45.04338528392536,0.35,2.3,0
39,visit,2195,2215.3333333333335,z22,z22,,hub_inner,local,False,37.683808085766216,0.0,36.303808085766214,4.6,0,0
61,visit,2195,2221.6846079563875,z02,z02,,hub_center,local,False,42.01549837945036,0.0,40.063883663375485,6.505382386916237,0,0
56,visit,2195,2210.0,z31,z31,,hub_core,local,True,42.044192641962546,6.060807358037451,47.894999999999996,0.7,0,3.6364844148224704
24,visit,2195,2210.0,z32,z32,,hub_waterfront,,True,38.113940187779896,9.9910598122201,47.894999999999996,0.7,0,5.994635887332061
26,trip,2200,2225.410795394624,z31,z00,toy-0004992,,,False,42.49549837945015,0.0,40.20852679393396,0.35,7.273238618387272,0
18,trip,2200,2208.8333333333335,z21,z31,toy-0004991,,,False,47.89500000000039,0.0,47.100000000000385,0.35,2.3,0
31,trip,2200,2208.8333333333335,z31,z21,toy-0004995,,,False,47.894999999999804,0.0,47.0999999999998,0.35,2.3,0
66,trip,2200,2208.8333333333335,z00,z10,toy-0004980,,,False,46.24711309552535,0.0,45.45211309552535,0.35,2.3,0
8,trip,2200,2208.8333333333335,z20,z21,toy-0004984,,,False,25.111495138350847,0.0,24.316495138350845,0.35,2.3,0
37,trip,2200,2212.0089706448603,z31,z20,toy-0004993,,,False,43.062577925887766,0.0,41.98177056785033,0.35,3.2526911934581184,0
12,trip,2200,2224.809854494165,z20,z31,toy-0004983,,,False,38.038165213054334,0.0,35.80527830857948,2.3,5.142956348249516,0
21,trip,2200,2216.5,z12,z10,toy-0004998,,,False,33.279917893476046,0.0,31.794917893476047,0.35,4.6,0
5,trip,2200,2231.910795394624,z01,z31,toy-0004981,,,False,19.98174460928111,0.0,17.10977302376493,2.3,7.273238618387272,0
33,trip,2200,2216.5,z02,z22,toy-0004997,,,False,34.83821781534697,0.0,33.35321781534697,0.35,4.6,0
72,trip,2200,2225.410795394624,z01,z32,toy-0004988,,,False,45.608028414483464,0.0,43.32105682896728,0.35,7.273238618387272,0
59,trip,2200,2208.8333333333335,z31,z32,toy-0004996,,,False,44.190498379450254,0.0,43.39549837945025,0.35,2.3,0
89,trip,2200,2224.1666666666665,z01,z31,toy-0004987,,,False,39.242113095524935,0.0,37.06711309552494,0.35,6.8999999999999995,0
32,trip,2200,2212.0089706448603,z11,z20,toy-0004989,,,False,39.92757792588782,0.0,38.846770567850385,0.35,3.2526911934581184,0
35,trip,2200,2208.8333333333335,z32,z31,toy-0005001,,,False,44.86711309552541,0.0,44.07211309552541,0.35,2.3,0
9,trip,2200,2208.8333333333335,z30,z31,toy-0004985,,,False,43.90047932624538,0.0,43.10547932624538,0.35,2.3,0
34,trip,2200,2216.5,z12,z32,toy-0004999,,,False,45.83838528392533,0.0,44.35338528392533,0.35,4.6,0
2,trip,2200,2212.0089706448603,z22,z31,toy-0005000,,,False,15.592511104572628,0.0,14.511703746535192,0.35,3.2526911934581184,0
62,trip,2200,2218.309854494165,z30,z22,toy-0004986,,,False,43.857577925887924,0.0,42.20969102141307,0.35,5.142956348249516,0
50,trip,2200,2238.484863756751,z11,z32,toy-0004982,,,False,44.639192641962325,0.0,41.17555490385474,3.2526911934581184,8.292767933567175,0
51,trip,2200,2208.8333333333335,z11,z21,toy-0004990,,,False,42.25419264196239,0.0,41.45919264196239,0.35,2.3,0
69,trip,2200,2216.5,z31,z11,toy-0004994,,,False,39.91630573748754,0.0,38.43130573748754,0.35,4.6,0
55,visit,2200,2215.0,z21,z21,,hub_inner,local,True,38.86922619105004,9.23577380894996,47.894999999999996,0.7,0,5.541464285369975
22,visit,2200,2220.3333333333335,z12,z12,,hub_center,local,False,40.454470950541996,0.0,39.07447095054199,4.6,0,0
58,trip,2205,2223.309854494165,z12,z31,toy-0005010,,,False,42.495498379450275,0.0,40.84761147497542,0.35,5.142956348249516,0
6,trip,2205,2230.410795394624,z32,z01,toy-0005014,,,False,23.166104719821824,0.0,20.879133134305643,0.35,7.273238618387272,0
20,trip,2205,2223.309854494165,z02,z21,toy-0005006,,,False,44.1771130955254,0.0,42.52922619105055,0.35,5.142956348249516,0
19,trip,2205,2220.3333333333335,z22,z02,toy-0005011,,,False,39.25533483298392,0.0,37.87533483298392,2.3,2.3,0
49,trip,2205,2233.809226445224,z32,z00,toy-0005013,,,False,46.24711309552498,0.0,43.654282715454826,0.35,8.292767933567175,0
25,trip,2205,2213.8333333333335,z22,z21,toy-0005012,,,False,46.81419264196226,0.0,46.019192641962256,0.35,2.3,0
40,trip,2205,2236.910795394624,z01,z31,toy-0005007,,,False,41.68257792588775,0.0,38.810606340371564,2.3,7.273238618387272,0
52,trip,2205,2223.5089706448603,z22,z01,toy-0005008,,,False,46.81419264196254,0.0,45.14838528392511,2.3,3.2526911934581184,0
71,trip,2205,2223.309854494165,z11,z32,toy-0005004,,,False,47.89499999999992,0.0,46.247113095525066,0.35,5.142956348249516,0
1,trip,2205,2229.809854494165,z20,z22,toy-0005002,,,False,35.745136798570385,0.0,33.51224989409553,2.3,5.142956348249516,0
68,trip,2205,2221.5,z32,z12,toy-0005015,,,False,42.587113095525346,0.0,41.10211309552535,0.35,4.6,0
74,trip,2205,2220.3333333333335,z11,z11,toy-0005009,,,False,41.759621868545956,0.0,40.379621868545954,2.3,2.3,0
14,trip,2205,2221.5,z20,z22,toy-0005003,,,False,46.305000000000085,0.0,44.820000000000086,0.35,4.6,0
65,trip,2205,2217.0089706448603,z31,z22,toy-0005005,,,False,45.733385283924875,0.0,44.65257792588744,0.35,3.2526911934581184,0
15,visit,2205,2234.3333333333335,z30,z30,,depot_south,central,False,35.609272916128816,0.0,35.399272916128815,0.7,0,0
48,visit,2205,2220.0,z32,z32,,hub_waterfront,local,True,45.04338528392539,3.061614716074608,47.894999999999996,0.7,0,1.8369688296447648
24,trip,2210,2218.8333333333335,z32,z22,toy-0005034,,,False,47.895000000000174,0.0,47.10000000000017,0.35,2.3,0
57,trip,2210,2228.309854494165,z00,z21,toy-0005016,,,False,47.89500000000034,0.0,46.247113095525485,0.35,5.142956348249516,0
4,trip,2210,2218.8333333333335,z21,z31,toy-0005021,,,False,45.32919264196234,0.0,44.534192641962335,0.35,2.3,0
53,trip,2210,2232.851274623054,z12,z30,toy-0005027,,,False,45.825000000000045,0.0,43.76838528392518,0.35,6.505382386916237,0
8,trip,2210,2222.0089706448603,z21,z32,toy-0005022,,,False,24.316495138350874,0.0,23.235687780313437,0.35,3.2526911934581184,0
23,trip,2210,2226.5,z11,z31,toy-0005020,,,False,26.43983253142164,0.0,24.95483253142164,0.35,4.6,0
9,trip,2210,2218.8333333333335,z31,z32,toy-0005025,,,False,43.10547932624541,0.0,42.31047932624541,0.35,2.3,0
27,trip,2210,2222.0089706448603,z20,z31,toy-0005018,,,False,27.482889629438496,0.0,26.40208227140106,0.35,3.2526911934581184,0
59,trip,2210,2228.309854494165,z32,z20,toy-0005031,,,False,43.39549837945028,0.0,41.74761147497543,0.35,5.142956348249516,0
54,trip,2210,2228.309854494165,z12,z00,toy-0005026,,,False,46.24711309552523,0.0,44.59922619105038,0.35,5.142956348249516,0
18,trip,2210,2218.8333333333335,z31,z21,toy-0005024,,,False,47.10000000000041,0.0,46.30500000000041,0.35,2.3,0
35,trip,2210,2218.8333333333335,z31,z30,toy-0005023,,,False,44.07211309552544,0.0,43.277113095525436,0.35,2.3,0
10,trip,2210,2225.3333333333335,z21,z12,toy-0005030,,,False,47.895000000000195,0.0,46.51500000000019,2.3,2.3,0
73,trip,2210,2222.0089706448603,z32,z21,toy-0005032,,,False,30.117752984984467,0.0,29.03694562694703,0.35,3.2526911934581184,0
31,trip,2210,2228.5089706448603,z21,z31,toy-0005029,,,False,47.09999999999983,0.0,45.4341926419624,2.3,3.2526911934581184,0
42,trip,2210,2234.809854494165,z20,z11,toy-0005019,,,False,32.02264385828753,0.0,29.789756953812677,2.3,5.142956348249516,0
81,trip,2210,2218.8333333333335,z32,z31,toy-0005033,,,False,42.569192641962466,0.0,41.774192641962465,0.35,2.3,0
51,trip,2210,2233.0,z21,z20,toy-0005028,,,False,41.45919264196242,0.0,39.38919264196242,2.3,4.6,0
44,trip,2210,2228.309854494165,z20,z01,toy-0005017,,,False,44.867113095525,0.0,43.21922619105015,0.35,5.142956348249516,0
43,visit,2210,2267.6666666666665,z32,z32,,depot_south,central,False,35.07138601165384,0.0,32.311386011653845,9.2,0,0
11,visit,2210,2230.3333333333335,z01,z01,,depot_west,local,False,37.671912077859474,0.0,36.29191207785947,4.6,0,0
46,visit,2210,2230.3333333333335,z10,z10,,depot_west,local,False,42.97149397257486,0.0,41.59149397257486,4.6,0,0
76,visit,2210,2225.0,z31,z31,,hub_core,,True,37.783883663375214,10.321116336624783,47.894999999999996,0.7,0,6.19266980197487
3,trip,2215,2238.0,z12,z00,toy-0005046,,,False,31.723963937541104,0.0,29.653963937541103,2.3,4.6,0
70,trip,2215,2227.0089706448603,z11,z22,toy-0005039,,,False,44.53419264196239,0.0,43.45338528392496,0.35,3.2526911934581184,0
2,trip,2215,2231.5,z31,z11,toy-0005044,,,False,14.511703746535206,0.0,13.026703746535206,0.35,4.6,0
56,trip,2215,2227.0089706448603,z31,z20,toy-0005042,,,False,47.89500000000001,0.0,46.81419264196258,0.35,3.2526911934581184,0
83,trip,2215,2233.309854494165,z32,z11,toy-0005049,,,False,46.409999999999854,0.0,44.762113095525,0.35,5.142956348249516,0
25,trip,2215,2223.8333333333335,z21,z22,toy-0005040,,,False,46.019192641962285,0.0,45.22419264196228,0.35,2.3,0
77,trip,2215,2233.309854494165,z11,z30,toy-0005038,,,False,45.45211309552523,0.0,43.804226191050375,0.35,5.142956348249516,0
79,trip,2215,2233.309854494165,z31,z10,toy-0005041,,,False,41.58641369840888,0.0,39.93852679393403,0.35,5.142956348249516,0
32,trip,2215,2233.309854494165,z20,z32,toy-0005036,,,False,38.84677056785039,0.0,37.19888366337554,0.35,5.142956348249516,0
7,trip,2215,2227.0089706448603,z22,z11,toy-0005047,,,False,40.10894959577478,0.0,39.02814223773735,0.35,3.2526911934581184,0
28,trip,2215,2233.309854494165,z10,z02,toy-0005035,,,False,24.329866080509376,0.0,22.68197917603452,0.35,5.142956348249516,0
80,trip,2215,2233.309854494165,z31,z12,toy-0005045,,,False,47.89499999999965,0.0,46.247113095524796,0.35,5.142956348249516,0
82,trip,2215,2239.1666666666665,z31,z01,toy-0005043,,,False,47.894999999999946,0.0,45.71999999999995,0.35,6.8999999999999995,0
55,trip,2215,2230.3333333333335,z21,z32,toy-0005048,,,False,47.8949999999997,0.0,46.514999999999695,2.3,2.3,0
45,trip,2215,2227.0089706448603,z30,z21,toy-0005037,,,False,45.166305737487775,0.0,44.08549837945034,0.35,3.2526911934581184,0
13,visit,2215,2230.0,z32,z32,,hub_waterfront,local,True,20.52036445996,12.777777777777779,33.08814223773778,0.7,0,7.666666666666668
0,visit,2215,2230.0,z00,z00,,depot_west,,True,35.92599675890062,12.179003241099378,47.894999999999996,0.7,0,7.3074019446596274
4,trip,2220,2228.8333333333335,z31,z32,toy-0005054,,,False,44.53419264196236,0.0,43.73919264196236,0.35,2.3,0
33,trip,2220,2238.309854494165,z22,z01,toy-0005056,,,False,33.353217815346966,0.0,31.70533091087211,0.35,5.142956348249516,0
81,trip,2220,2232.0089706448603,z31,z22,toy-0005053,,,False,41.77419264196249,0.0,40.69338528392506,0.35,3.2526911934581184,0
18,trip,2220,2228.8333333333335,z21,z11,toy-0005052,,,False,46.30500000000044,0.0,45.51000000000044,0.35,2.3,0
67,trip,2220,2238.309854494165,z12,z20,toy-0005055,,,False,41.30345238210064,0.0,39.655565477625785,0.35,5.142956348249516,0
41,trip,2220,2236.5,z01,z21,toy-0005051,,,False,39.41141369840866,0.0,37.92641369840866,0.35,4.6,0
9,trip,2220,2228.8333333333335,z32,z31,toy-0005057,,,False,42.310479326245435,0.0,41.51547932624543,0.35,2.3,0
29,trip,2220,2242.851274623054,z10,z32,toy-0005050,,,False,45.45211309552524,0.0,43.39549837945037,0.35,6.505382386916237,0
21,visit,2220,2240.3333333333335,z10,z10,,depot_west,local,False,31.79491789347604,0.0,30.41491789347604,4.6,0,0
36,visit,2220,2235.0,z30,z30,,depot_south,local,True,39.50514151000941,8.599858489990588,47.894999999999996,0.7,0,5.1599150939943526
24,visit,2220,2240.3333333333335,z22,z22,,hub_inner,local,False,47.1000000000002,0.0,45.7200000000002,4.6,0,0
69,visit,2220,2235.0,z11,z11,,hub_center,,True,38.431305737487534,9.673694262512463,47.894999999999996,0.7,0,5.804216557507477
34,trip,2225,2247.851274623054,z32,z10,toy-0005072,,,False,44.35338528392532,0.0,42.29677056785045,0.35,6.505382386916237,0
37,trip,2225,2241.5,z20,z00,toy-0005059,,,False,41.98177056785034,0.0,40.49677056785034,0.35,4.6,0
22,trip,2225,2233.8333333333335,z12,z22,toy-0005069,,,False,39.074470950542015,0.0,38.27947095054201,0.35,2.3,0
20,trip,2225,2237.0089706448603,z21,z32,toy-0005067,,,False,42.52922619105055,0.0,41.448418833013115,0.35,3.2526911934581184,0
52,trip,2225,2243.309854494165,z01,z20,toy-0005061,,,False,45.14838528392511,0.0,43.500498379450256,0.35,5.142956348249516,0
38,trip,2225,2237.0089706448603,z10,z21,toy-0005058,,,False,36.88841883301295,0.0,35.807611474975516,0.35,3.2526911934581184,0
12,trip,2225,2233.8333333333335,z31,z21,toy-0005068,,,False,35.80527830857948,0.0,35.01027830857948,0.35,2.3,0
73,trip,2225,2233.8333333333335,z21,z20,toy-0005064,,,False,29.036945626947045,0.0,28.241945626947043,0.35,2.3,0
78,trip,2225,2233.8333333333335,z21,z31,toy-0005065,,,False,41.167657034277966,0.0,40.372657034277964,0.35,2.3,0
14,trip,2225,2237.0089706448603,z22,z31,toy-0005071,,,False,44.82000000000008,0.0,43.739192641962646,0.35,3.2526911934581184,0
25,trip,2225,2233.8333333333335,z22,z21,toy-0005070,,,False,45.22419264196231,0.0,44.42919264196231,0.35,2.3,0
74,trip,2225,2243.309854494165,z11,z32,toy-0005063,,,False,40.379621868545975,0.0,38.73173496407112,0.35,5.142956348249516,0
27,trip,2225,2249.809854494165,z31,z02,toy-0005066,,,False,26.402082271401074,0.0,24.169195366926218,2.3,5.142956348249516,0
35,trip,2225,2241.5,z30,z32,toy-0005060,,,False,43.277113095525465,0.0,41.792113095525465,0.35,4.6,0
19,trip,2225,2240.3333333333335,z02,z02,toy-0005062,,,False,37.87533483298394,0.0,36.495334832983936,2.3,2.3,0
8,visit,2225,2240.0,z32,z32,,hub_waterfront,local,True,23.23568778031345,12.777777777777779,35.803465558091226,0.7,0,7.666666666666668
17,visit,2225,2251.6846079563875,z02,z02,,hub_center,local,False,35.46183650024988,0.0,33.51022178417501,6.505382386916237,0,0
71,visit,2225,2282.6666666666665,z32,z32,,depot_south,central,False,46.247113095525066,0.0,43.48711309552507,9.2,0,0
89,visit,2225,2240.0,z31,z31,,hub_core,,True,37.06711309552494,11.03788690447506,47.894999999999996,0.7,0,6.622732142685035
7,trip,2230,2238.8333333333335,z11,z21,toy-0005080,,,False,39.028142237737356,0.0,38.233142237737354,0.35,2.3,0
10,trip,2230,2242.0089706448603,z12,z21,toy-0005082,,,False,46.515000000000214,0.0,45.43419264196278,0.35,3.2526911934581184,0
56,trip,2230,2238.8333333333335,z20,z21,toy-0005075,,,False,46.814192641962585,0.0,46.01919264196258,0.35,2.3,0
4,trip,2230,2238.8333333333335,z32,z22,toy-0005088,,,False,43.73919264196239,0.0,42.94419264196239,0.35,2.3,0
44,trip,2230,2238.8333333333335,z01,z11,toy-0005077,,,False,43.21922619105015,0.0,42.424226191050145,0.35,2.3,0
60,trip,2230,2248.309854494165,z10,z31,toy-0005074,,,False,34.90532974509635,0.0,33.2574428406215,0.35,5.142956348249516,0
0,trip,2230,2254.809854494165,z00,z22,toy-0005078,,,False,47.89499999999969,0.0,45.66211309552484,2.3,5.142956348249516,0
1,trip,2230,2252.851274623054,z22,z00,toy-0005084,,,False,33.51224989409553,0.0,31.45563517802066,0.35,6.505382386916237,0
59,trip,2230,2242.0089706448603,z20,z31,toy-0005076,,,False,41.74761147497543,0.0,40.666804116937996,0.35,3.2526911934581184,0
18,trip,2230,2238.8333333333335,z11,z01,toy-0005079,,,False,45.51000000000047,0.0,44.715000000000465,0.35,2.3,0
45,trip,2230,2253.0,z21,z31,toy-0005081,,,False,44.08549837945035,0.0,42.01549837945035,2.3,4.6,0
54,trip,2230,2246.5,z00,z20,toy-0005073,,,False,44.59922619105038,0.0,43.11422619105038,0.35,4.6,0
13,trip,2230,2238.8333333333335,z32,z31,toy-0005087,,,False,33.08814223773755,0.0,32.29314223773755,0.35,2.3,0
68,trip,2230,2248.309854494165,z12,z31,toy-0005083,,,False,41.10211309552534,0.0,39.45422619105049,0.35,5.142956348249516,0
48,trip,2230,2246.5,z32,z30,toy-0005085,,,False,47.89500000000003,0.0,46.41000000000003,0.35,4.6,0
72,trip,2230,2242.0089706448603,z32,z21,toy-0005086,,,False,43.32105682896728,0.0,42.24024947092985,0.35,3.2526911934581184,0
26,visit,2230,2259.3333333333335,z00,z00,,depot_west,central,False,40.20852679393396,0.0,39.99852679393396,0.7,0,0
57,visit,2230,2245.0,z21,z21,,hub_inner,local,True,46.247113095525485,1.857886904474512,47.894999999999996,0.7,0,1.1147321426847072
23,visit,2230,2245.0,z31,z31,,hub_core,,True,24.95483253142164,17.77777777777778,42.522610309199415,0.7,0,10.666666666666668
16,visit,2230,2245.0,z31,z31,,hub_core,,True,35.01975811958835,13.085241880411644,47.894999999999996,0.7,0,7.851145128246986
5,trip,2235,2243.8333333333335,z31,z32,toy-0005101,,,False,17.109773023764944,0.0,16.314773023764943,0.35,2.3,0
22,trip,2235,2243.8333333333335,z22,z32,toy-0005104,,,False,38.27947095054204,0.0,37.48447095054204,0.35,2.3,0
15,trip,2235,2251.5,z30,z10,toy-0005093,,,False,35.39927291612884,0.0,33.91427291612884,0.35,4.6,0
11,trip,2235,2259.1666666666665,z01,z31,toy-0005096,,,False,36.29191207785949,0.0,34.116912077859496,0.35,6.8999999999999995,0
51,trip,2235,2247.0089706448603,z20,z11,toy-0005091,,,False,39.3891926419624,0.0,38.30838528392497,0.35,3.2526911934581184,0
9,trip,2235,2251.5,z31,z11,toy-0005099,,,False,41.51547932624546,0.0,40.03047932624546,0.35,4.6,0
32,trip,2235,2259.1666666666665,z32,z02,toy-0005106,,,False,37.19888366337554,0.0,35.02388366337554,0.35,6.8999999999999995,0
28,trip,2235,2259.1666666666665,z02,z32,toy-0005102,,,False,22.681979176034535,0.0,20.506979176034534,0.35,6.8999999999999995,0
49,trip,2235,2257.851274623054,z00,z22,toy-0005089,,,False,43.65428271545482,0.0,41.59766799937995,0.35,6.505382386916237,0
63,trip,2235,2243.8333333333335,z20,z10,toy-0005090,,,False,42.70549837945037,0.0,41.91049837945037,0.35,2.3,0
36,trip,2235,2243.8333333333335,z30,z31,toy-0005094,,,False,47.89499999999974,0.0,47.09999999999974,0.35,2.3,0
55,trip,2235,2253.309854494165,z32,z20,toy-0005105,,,False,46.514999999999716,0.0,44.867113095524864,0.35,5.142956348249516,0
12,trip,2235,2247.0089706448603,z21,z12,toy-0005098,,,False,35.01027830857951,0.0,33.929470950542076,0.35,3.2526911934581184,0
25,trip,2235,2253.309854494165,z21,z00,toy-0005097,,,False,44.42919264196234,0.0,42.781305737487486,0.35,5.142956348249516,0
53,trip,2235,2263.809226445224,z30,z02,toy-0005095,,,False,43.76838528392518,0.0,41.17555490385502,0.35,8.292767933567175,0
31,trip,2235,2247.0089706448603,z31,z22,toy-0005100,,,False,45.4341926419624,0.0,44.353385283924965,0.35,3.2526911934581184,0
80,trip,2235,2251.5,z12,z32,toy-0005103,,,False,46.247113095524796,0.0,44.762113095524796,0.35,4.6,0
73,trip,2235,2251.5,z20,z22,toy-0005092,,,False,28.24194562694707,0.0,26.756945626947072,0.35,4.6,0
6,visit,2235,2255.3333333333335,z01,z01,,depot_west,local,False,20.87913313430566,0.0,19.499133134305662,4.6,0,0
2,visit,2235,2260.3803110854124,z11,z11,,hub_center,,False,13.026703746535208,35.07829625346479,47.895,0.7,0,21.046977752078874
42,visit,2235,2250.0,z11,z11,,hub_center,,True,29.789756953812685,17.77777777777778,47.35753473159046,0.7,0,10.666666666666668
44,trip,2240,2248.8333333333335,z11,z10,toy-0005108,,,False,42.424226191050174,0.0,41.62922619105017,0.35,2.3,0
8,trip,2240,2258.309854494165,z32,z11,toy-0005117,,,False,35.803465558091,0.0,34.155578653616146,0.35,5.142956348249516,0
7,trip,2240,2248.8333333333335,z21,z22,toy-0005113,,,False,38.23314223773738,0.0,37.43814223773738,0.35,2.3,0
38,trip,2240,2248.8333333333335,z21,z31,toy-0005112,,,False,35.80761147497552,0.0,35.01261147497552,0.35,2.3,0
4,trip,2240,2252.0089706448603,z22,z31,toy-0005116,,,False,42.94419264196242,0.0,41.863385283924984,0.35,3.2526911934581184,0
41,trip,2240,2252.0089706448603,z21,z10,toy-0005109,,,False,37.92641369840865,0.0,36.84560634037122,0.35,3.2526911934581184,0
56,trip,2240,2252.0089706448603,z21,z30,toy-0005110,,,False,46.01919264196261,0.0,44.93838528392518,0.35,3.2526911934581184,0
3,trip,2240,2256.5,z00,z02,toy-0005107,,,False,29.653963937541103,0.0,28.168963937541104,0.35,4.6,0
20,trip,2240,2256.5,z32,z12,toy-0005118,,,False,41.44841883301312,0.0,39.96341883301312,0.35,4.6,0
13,trip,2240,2263.0,z31,z01,toy-0005111,,,False,32.29314223773758,0.0,30.223142237737576,2.3,4.6,0
14,trip,2240,2252.0089706448603,z31,z20,toy-0005114,,,False,43.73919264196265,0.0,42.65838528392522,0.35,3.2526911934581184,0
40,trip,2240,2248.8333333333335,z31,z21,toy-0005115,,,False,38.810606340371564,0.0,38.01560634037156,0.35,2.3,0
37,trip,2245,2270.410795394624,z00,z31,toy-0005119,,,False,40.496770567850334,0.0,38.20979898233415,0.35,7.273238618387272,0
18,trip,2245,2270.410795394624,z01,z32,toy-0005121,,,False,44.715000000000494,0.0,42.42802841448431,0.35,7.273238618387272,0
16,trip,2245,2270.410795394624,z31,z00,toy-0005125,,,False,47.89500000000008,0.0,45.6080284144839,0.35,7.273238618387272,0
69,trip,2245,2257.0089706448603,z11,z20,toy-0005122,,,False,47.89500000000009,0.0,46.814192641962656,0.35,3.2526911934581184,0
23,trip,2245,2263.309854494165,z31,z12,toy-0005130,,,False,42.52261030919919,0.0,40.874723404724335,0.35,5.142956348249516,0
24,trip,2245,2263.309854494165,z22,z10,toy-0005132,,,False,45.72000000000022,0.0,44.07211309552537,0.35,5.142956348249516,0
5,trip,2245,2257.0089706448603,z32,z21,toy-0005135,,,False,16.31477302376497,0.0,15.233965665727535,0.35,3.2526911934581184,0
39,trip,2245,2253.8333333333335,z22,z21,toy-0005134,,,False,36.303808085766235,0.0,35.50880808576623,0.35,2.3,0
36,trip,2245,2253.8333333333335,z31,z30,toy-0005127,,,False,47.09999999999977,0.0,46.304999999999765,0.35,2.3,0
83,trip,2245,2253.8333333333335,z11,z12,toy-0005123,,,False,44.762113095525,0.0,43.967113095525,0.35,2.3,0
62,trip,2245,2261.5,z22,z20,toy-0005133,,,False,42.20969102141307,0.0,40.72469102141307,0.35,4.6,0
47,trip,2245,2269.1666666666665,z31,z01,toy-0005128,,,False,44.84919264196245,0.0,42.674192641962456,0.35,6.8999999999999995,0
58,trip,2245,2263.309854494165,z31,z10,toy-0005126,,,False,40.84761147497542,0.0,39.19972457050057,0.35,5.142956348249516,0
52,trip,2245,2263.309854494165,z20,z32,toy-0005120,,,False,43.500498379450256,0.0,41.852611474975404,0.35,5.142956348249516,0
59,trip,2245,2253.8333333333335,z31,z32,toy-0005131,,,False,40.666804116938,0.0,39.871804116938,0.35,2.3,0
22,trip,2245,2253.8333333333335,z32,z31,toy-0005136,,,False,37.48447095054207,0.0,36.689470950542066,0.35,2.3,0
76,trip,2245,2270.410795394624,z31,z02,toy-0005129,,,False,47.89499999999976,0.0,45.60802841448358,0.35,7.273238618387272,0
10,trip,2245,2257.0089706448603,z21,z32,toy-0005124,,,False,45.43419264196279,0.0,44.353385283925356,0.35,3.2526911934581184,0
19,visit,2245,2280.6666666666665,z02,z02,,depot_west,local,False,36.49533483298396,0.0,33.73533483298396,9.2,0,0
74,visit,2245,2260.0,z32,z32,,hub_waterfront,local,True,38.73173496407112,9.373265035928874,47.894999999999996,0.7,0,5.623959021557324
21,trip,2250,2258.8333333333335,z10,z00,toy-0005137,,,False,30.414917893476066,0.0,29.619917893476064,0.35,2.3,0
42,trip,2250,2266.5,z11,z31,toy-0005141,,,False,47.357534731590235,0.0,45.872534731590235,0.35,4.6,0
40,trip,2250,2258.8333333333335,z21,z31,toy-0005144,,,False,38.01560634037159,0.0,37.22060634037159,0.35,2.3,0
29,trip,2250,2275.410795394624,z32,z01,toy-0005147,,,False,43.39549837945037,0.0,41.10852679393419,0.35,7.273238618387272,0
51,trip,2250,2262.0089706448603,z11,z22,toy-0005142,,,False,38.30838528392498,0.0,37.227577925887545,0.35,3.2526911934581184,0
54,trip,2250,2262.0089706448603,z20,z31,toy-0005139,,,False,43.11422619105037,0.0,42.03341883301294,0.35,3.2526911934581184,0
35,trip,2250,2258.8333333333335,z32,z22,toy-0005148,,,False,41.79211309552546,0.0,40.99711309552546,0.35,2.3,0
34,trip,2250,2258.8333333333335,z10,z11,toy-0005138,,,False,42.29677056785045,0.0,41.50177056785045,0.35,2.3,0
7,trip,2250,2262.0089706448603,z22,z11,toy-0005146,,,False,37.43814223773741,0.0,36.35733487969998,0.35,3.2526911934581184,0
67,trip,2250,2268.309854494165,z20,z12,toy-0005140,,,False,39.655565477625785,0.0,38.00767857315093,0.35,5.142956348249516,0
38,trip,2250,2262.0089706448603,z31,z22,toy-0005145,,,False,35.01261147497555,0.0,33.93180411693812,0.35,3.2526911934581184,0
57,trip,2250,2258.8333333333335,z21,z11,toy-0005143,,,False,47.89500000000003,0.0,47.10000000000003,0.35,2.3,0
60,visit,2250,2265.0,z31,z31,,hub_core,local,True,33.2574428406215,12.777777777777779,45.82522061839928,0.7,0,7.666666666666668
44,visit,2250,2292.3333333333335,z10,z10,,depot_west,central,False,41.6292261910502,0.0,40.2492261910502,4.6,0,0
4,trip,2255,2271.5,z31,z11,toy-0005153,,,False,41.86338528392499,0.0,40.37838528392499,0.35,4.6,0
50,trip,2255,2263.8333333333335,z32,z31,toy-0005158,,,False,41.1755549038547,0.0,40.3805549038547,0.35,2.3,0
12,trip,2255,2279.809854494165,z12,z32,toy-0005151,,,False,33.92947095054208,0.0,31.69658404606723,2.3,5.142956348249516,0
1,trip,2255,2283.809226445224,z00,z32,toy-0005149,,,False,31.455635178020664,0.0,28.86280479795051,0.35,8.292767933567175,0
17,trip,2255,2267.0089706448603,z02,z11,toy-0005156,,,False,33.510221784174995,0.0,32.42941442613756,0.35,3.2526911934581184,0
15,trip,2255,2273.309854494165,z10,z22,toy-0005150,,,False,33.91427291612883,0.0,32.26638601165398,0.35,5.142956348249516,0
0,trip,2255,2263.8333333333335,z22,z32,toy-0005157,,,False,45.66211309552484,0.0,44.867113095524836,0.35,2.3,0
22,trip,2255,2263.8333333333335,z31,z21,toy-0005154,,,False,36.689470950542095,0.0,35.89447095054209,0.35,2.3,0
39,trip,2255,2263.8333333333335,z21,z20,toy-0005152,,,False,35.50880808576626,0.0,34.71380808576626,0.35,2.3,0
68,trip,2255,2263.8333333333335,z31,z32,toy-0005155,,,False,39.45422619105049,0.0,38.659226191050486,0.35,2.3,0
9,visit,2255,2270.0,z11,z11,,hub_center,local,True,40.030479326245455,8.074520673754542,47.894999999999996,0.7,0,4.844712404252725
45,visit,2255,2270.0,z31,z31,,hub_core,local,True,42.015498379450335,6.089501620549661,47.894999999999996,0.7,0,3.653700972329797
83,visit,2255,2275.3333333333335,z12,z12,,hub_center,local,False,43.96711309552503,0.0,42.58711309552503,4.6,0,0
80,visit,2255,2270.0,z32,z32,,hub_waterfront,local,True,44.76211309552479,3.3428869044752076,47.894999999999996,0.7,0,2.0057321426851247
41,trip,2260,2282.851274623054,z10,z32,toy-0005162,,,False,36.845606340371226,0.0,34.78899162429636,0.35,6.505382386916237,0
3,trip,2260,2285.410795394624,z02,z31,toy-0005168,,,False,28.168963937541104,0.0,25.881992352024923,0.35,7.273238618387272,0
8,trip,2260,2268.8333333333335,z11,z21,toy-0005165,,,False,34.155578653616146,0.0,33.360578653616145,0.35,2.3,0
21,trip,2260,2268.8333333333335,z00,z01,toy-0005159,,,False,29.619917893476092,0.0,28.82491789347609,0.35,2.3,0
6,trip,2260,2272.0089706448603,z01,z10,toy-0005164,,,False,19.499133134305687,0.0,18.41832577626825,0.35,3.2526911934581184,0
46,trip,2260,2278.309854494165,z10,z31,toy-0005161,,,False,41.59149397257488,0.0,39.94360706810003,0.35,5.142956348249516,0
10,trip,2260,2288.809226445224,z32,z00,toy-0005174,,,False,44.35338528392536,0.0,41.76055490385521,0.35,8.292767933567175,0
31,trip,2260,2278.309854494165,z22,z30,toy-0005171,,,False,44.35338528392497,0.0,42.70549837945012,0.35,5.142956348249516,0
63,trip,2260,2268.8333333333335,z10,z20,toy-0005160,,,False,41.910498379450395,0.0,41.11549837945039,0.35,2.3,0
5,trip,2260,2268.8333333333335,z21,z22,toy-0005166,,,False,15.233965665727549,0.0,14.43896566572755,0.35,2.3,0
35,trip,2260,2272.0089706448603,z22,z31,toy-0005172,,,False,40.997113095525485,0.0,39.91630573748805,0.35,3.2526911934581184,0
49,trip,2260,2268.8333333333335,z22,z12,toy-0005173,,,False,41.59766799937995,0.0,40.80266799937995,0.35,2.3,0
14,trip,2260,2268.8333333333335,z20,z30,toy-0005163,,,False,42.65838528392523,0.0,41.863385283925226,0.35,2.3,0
20,trip,2260,2278.309854494165,z12,z31,toy-0005170,,,False,39.963418833013115,0.0,38.31553192853826,0.35,5.142956348249516,0
11,trip,2260,2272.0089706448603,z31,z20,toy-0005167,,,False,34.116912077859496,0.0,33.03610471982206,0.35,3.2526911934581184,0
27,trip,2260,2275.3333333333335,z02,z11,toy-0005169,,,False,24.16919536692623,0.0,22.78919536692623,2.3,2.3,0
40,visit,2260,2302.3333333333335,z31,z31,,depot_south,central,False,37.22060634037162,0.0,35.840606340371615,4.6,0,0
69,visit,2260,2280.3333333333335,z20,z20,,depot_south,local,False,46.81419264196266,0.0,45.43419264196266,4.6,0,0
28,visit,2260,2275.0,z32,z32,,hub_waterfront,,True,20.50697917603455,17.77777777777778,38.07475695381233,0.7,0,10.666666666666668
0,trip,2265,2277.0089706448603,z32,z21,toy-0005186,,,False,44.867113095524864,0.0,43.78630573748743,0.35,3.2526911934581184,0
36,trip,2265,2283.309854494165,z30,z22,toy-0005177,,,False,46.304999999999794,0.0,44.65711309552494,0.35,5.142956348249516,0
39,trip,2265,2273.8333333333335,z20,z21,toy-0005176,,,False,34.71380808576629,0.0,33.91880808576629,0.35,2.3,0
52,trip,2265,2283.309854494165,z32,z11,toy-0005185,,,False,41.852611474975404,0.0,40.20472457050055,0.35,5.142956348249516,0
59,trip,2265,2287.851274623054,z32,z10,toy-0005183,,,False,39.87180411693803,0.0,37.81518940086316,0.35,6.505382386916237,0
13,trip,2265,2289.1666666666665,z01,z31,toy-0005178,,,False,30.223142237737576,0.0,28.048142237737576,0.35,6.8999999999999995,0
22,trip,2265,2277.0089706448603,z21,z32,toy-0005180,,,False,35.89447095054212,0.0,34.81366359250469,0.35,3.2526911934581184,0
68,trip,2265,2283.309854494165,z32,z20,toy-0005184,,,False,38.659226191050514,0.0,37.01133928657566,0.35,5.142956348249516,0
24,trip,2265,2281.5,z10,z30,toy-0005175,,,False,44.07211309552537,0.0,42.58711309552537,0.35,4.6,0
72,trip,2265,2273.8333333333335,z21,z31,toy-0005179,,,False,42.240249470929854,0.0,41.44524947092985,0.35,2.3,0
50,trip,2265,2273.8333333333335,z31,z21,toy-0005181,,,False,40.38055490385473,0.0,39.58555490385473,0.35,2.3,0
60,trip,2265,2277.0089706448603,z31,z22,toy-0005182,,,False,45.825220618399044,0.0,44.74441326036161,0.35,3.2526911934581184,0
7,visit,2265,2280.0,z11,z11,,hub_center,local,True,36.357334879699984,11.747665120300013,47.894999999999996,0.7,0,7.048599072180008
54,visit,2265,2280.0,z31,z31,,hub_core,local,True,42.033418833012945,6.071581166987053,47.894999999999996,0.7,0,3.6429487001922314
23,trip,2270,2282.0089706448603,z12,z21,toy-0005194,,,False,40.874723404724335,0.0,39.7939160466869,0.35,3.2526911934581184,0
43,trip,2270,2278.8333333333335,z32,z22,toy-0005197,,,False,32.311386011653795,0.0,31.516386011653793,0.35,2.3,0
2,trip,2270,2286.5,z11,z31,toy-0005191,,,False,47.89500000000003,0.0,46.41000000000003,0.35,4.6,0
58,trip,2270,2282.0089706448603,z10,z21,toy-0005187,,,False,39.19972457050057,0.0,38.11891721246314,0.35,3.2526911934581184,0
55,trip,2270,2282.0089706448603,z20,z31,toy-0005188,,,False,44.867113095524864,0.0,43.78630573748743,0.35,3.2526911934581184,0
74,trip,2270,2278.8333333333335,z32,z31,toy-0005196,,,False,47.894999999999996,0.0,47.099999999999994,0.35,2.3,0
42,trip,2270,2278.8333333333335,z31,z32,toy-0005193,,,False,45.87253473159023,0.0,45.07753473159023,0.35,2.3,0
62,trip,2270,2288.309854494165,z20,z32,toy-0005190,,,False,40.724691021413065,0.0,39.07680411693821,0.35,5.142956348249516,0
63,trip,2270,2286.5,z20,z22,toy-0005189,,,False,41.11549837945042,0.0,39.63049837945042,0.35,4.6,0
9,trip,2270,2282.0089706448603,z11,z02,toy-0005192,,,False,47.89500000000003,0.0,46.8141926419626,0.35,3.2526911934581184,0
5,trip,2270,2278.8333333333335,z22,z21,toy-0005195,,,False,14.438965665727578,0.0,13.643965665727578,0.35,2.3,0
34,visit,2270,2285.0,z11,z11,,hub_center,local,True,41.50177056785048,6.603229432149519,47.894999999999996,0.7,0,3.961937659289711
8,visit,2270,2285.0,z21,z21,,hub_inner,,True,33.36057865361617,14.744421346383824,47.894999999999996,0.7,0,8.846652807830294
45,trip,2275,2293.309854494165,z31,z10,toy-0005206,,,False,47.89499999999988,0.0,46.24711309552503,0.35,5.142956348249516,0
14,trip,2275,2287.0089706448603,z30,z21,toy-0005201,,,False,41.863385283925254,0.0,40.78257792588782,0.35,3.2526911934581184,0
48,trip,2275,2283.8333333333335,z30,z20,toy-0005200,,,False,46.410000000000025,0.0,45.61500000000002,0.35,2.3,0
15,trip,2275,2287.0089706448603,z22,z31,toy-0005211,,,False,32.26638601165398,0.0,31.185578653616542,0.35,3.2526911934581184,0
39,trip,2275,2283.8333333333335,z21,z11,toy-0005205,,,False,33.918808085766315,0.0,33.12380808576631,0.35,2.3,0
78,trip,2275,2293.309854494165,z31,z12,toy-0005208,,,False,40.37265703427799,0.0,38.72477012980314,0.35,5.142956348249516,0
6,trip,2275,2291.5,z10,z12,toy-0005199,,,False,18.418325776268265,0.0,16.933325776268266,0.35,4.6,0
49,trip,2275,2283.8333333333335,z12,z22,toy-0005209,,,False,40.80266799937998,0.0,40.007667999379976,0.35,2.3,0
67,trip,2275,2291.5,z12,z32,toy-0005210,,,False,38.00767857315093,0.0,36.522678573150934,0.35,4.6,0
38,trip,2275,2283.8333333333335,z22,z32,toy-0005213,,,False,33.931804116938125,0.0,33.13680411693812,0.35,2.3,0
51,trip,2275,2291.5,z22,z02,toy-0005212,,,False,37.22757792588755,0.0,35.74257792588755,0.35,4.6,0
84,trip,2275,2291.5,z31,z11,toy-0005207,,,False,39.404747545817465,0.0,37.919747545817465,0.35,4.6,0
18,trip,2275,2291.5,z32,z12,toy-0005214,,,False,42.42802841448431,0.0,40.94302841448431,0.35,4.6,0
56,trip,2275,2291.5,z30,z32,toy-0005203,,,False,44.938385283925186,0.0,43.453385283925186,0.35,4.6,0
66,trip,2275,2287.0089706448603,z10,z01,toy-0005198,,,False,45.45211309552538,0.0,44.371305737487944,0.35,3.2526911934581184,0
21,trip,2275,2291.5,z01,z21,toy-0005204,,,False,28.82491789347612,0.0,27.33991789347612,0.35,4.6,0
75,trip,2275,2283.8333333333335,z30,z31,toy-0005202,,,False,43.127169619930065,0.0,42.33216961993006,0.35,2.3,0
37,visit,2275,2290.0,z31,z31,,hub_core,local,True,38.20979898233415,9.895201017665848,47.894999999999996,0.7,0,5.937120610599509
35,visit,2275,2290.0,z31,z31,,hub_core,local,True,39.91630573748806,8.188694262511937,47.894999999999996,0.7,0,4.9132165575071625
28,visit,2275,2290.0,z32,z32,,hub_waterfront,,True,38.0747569538121,10.030243046187898,47.894999999999996,0.7,0,6.018145827712739
20,trip,2280,2292.0089706448603,z31,z22,toy-0005227,,,False,38.31553192853826,0.0,37.23472457050083,0.35,3.2526911934581184,0
43,trip,2280,2292.0089706448603,z22,z11,toy-0005231,,,False,31.516386011653818,0.0,30.435578653616382,0.35,3.2526911934581184,0
46,trip,2280,2292.0089706448603,z31,z20,toy-0005224,,,False,39.94360706810003,0.0,38.862799710062596,0.35,3.2526911934581184,0
11,trip,2280,2292.0089706448603,z20,z11,toy-0005217,,,False,33.03610471982207,0.0,31.955297361784634,0.35,3.2526911934581184,0
29,trip,2280,2292.0089706448603,z01,z12,toy-0005218,,,False,41.10852679393419,0.0,40.027719435896756,0.35,3.2526911934581184,0
54,trip,2280,2288.8333333333335,z31,z21,toy-0005226,,,False,47.89500000000029,0.0,47.100000000000286,0.35,2.3,0
0,trip,2280,2292.0089706448603,z21,z32,toy-0005223,,,False,43.78630573748744,0.0,42.705498379450006,0.35,3.2526911934581184,0
5,trip,2280,2288.8333333333335,z21,z31,toy-0005221,,,False,13.643965665727606,0.0,12.848965665727606,0.35,2.3,0
60,trip,2280,2298.309854494165,z22,z01,toy-0005230,,,False,44.74441326036162,0.0,43.096526355886766,0.35,5.142956348249516,0
16,trip,2280,2292.0089706448603,z00,z11,toy-0005215,,,False,45.6080284144839,0.0,44.527221056446464,0.35,3.2526911934581184,0
4,trip,2280,2298.309854494165,z11,z32,toy-0005220,,,False,40.378385283924985,0.0,38.73049837945013,0.35,5.142956348249516,0
74,trip,2280,2304.1666666666665,z31,z01,toy-0005225,,,False,47.10000000000002,0.0,44.925000000000026,0.35,6.8999999999999995,0
12,trip,2280,2288.8333333333335,z32,z31,toy-0005233,,,False,31.696584046067226,0.0,30.901584046067228,0.35,2.3,0
88,trip,2280,2288.8333333333335,z31,z32,toy-0005228,,,False,47.89499999999979,0.0,47.09999999999979,0.35,2.3,0
7,trip,2280,2292.0089706448603,z11,z22,toy-0005219,,,False,47.89499999999995,0.0,46.81419264196252,0.35,3.2526911934581184,0
65,trip,2280,2296.5,z22,z20,toy-0005229,,,False,44.65257792588745,0.0,43.16757792588745,0.35,4.6,0
22,trip,2280,2292.0089706448603,z32,z21,toy-0005232,,,False,34.813663592504696,0.0,33.73285623446726,0.35,3.2526911934581184,0
25,trip,2280,2298.309854494165,z00,z21,toy-0005216,,,False,42.781305737487486,0.0,41.133418833012634,0.35,5.142956348249516,0
50,trip,2280,2292.0089706448603,z21,z12,toy-0005222,,,False,39.58555490385476,0.0,38.504747545817324,0.35,3.2526911934581184,0
72,visit,2280,2295.0,z31,z31,,hub_core,local,True,41.44524947092988,6.6597505290701156,47.894999999999996,0.7,0,3.9958503174420694
27,visit,2280,2295.0,z11,z11,,hub_center,,True,22.789195366926254,17.77777777777778,40.356973144704035,0.7,0,10.666666666666668
17,visit,2280,2295.0,z11,z11,,hub_center,,True,32.42941442613757,15.675585573862428,47.894999999999996,0.7,0,9.405351344317456
55,trip,2285,2293.8333333333335,z31,z30,toy-0005238,,,False,43.78630573748744,0.0,42.99130573748744,0.35,2.3,0
24,trip,2285,2307.851274623054,z30,z12,toy-0005235,,,False,42.58711309552536,0.0,40.53049837945049,0.35,6.505382386916237,0
83,trip,2285,2303.309854494165,z12,z31,toy-0005242,,,False,42.58711309552505,0.0,40.939226191050196,0.35,5.142956348249516,0
9,trip,2285,2303.309854494165,z02,z21,toy-0005239,,,False,46.814192641962606,0.0,45.166305737487754,0.35,5.142956348249516,0
8,trip,2285,2293.8333333333335,z21,z22,toy-0005237,,,False,47.894999999999854,0.0,47.09999999999985,0.35,2.3,0
19,trip,2285,2309.809854494165,z02,z20,toy-0005241,,,False,33.73533483298391,0.0,31.502447928509056,2.3,5.142956348249516,0
32,trip,2285,2293.8333333333335,z02,z12,toy-0005240,,,False,35.02388366337554,0.0,34.22888366337554,0.35,2.3,0
1,trip,2285,2301.5,z32,z30,toy-0005243,,,False,28.862804797950517,0.0,27.377804797950517,0.35,4.6,0
26,trip,2285,2303.309854494165,z00,z12,toy-0005234,,,False,39.99852679393398,0.0,38.35063988945913,0.35,5.142956348249516,0
34,trip,2285,2303.5089706448603,z11,z10,toy-0005236,,,False,47.89499999999977,0.0,46.229192641962335,2.3,3.2526911934581184,0
58,visit,2285,2300.0,z21,z21,,hub_inner,local,True,38.118917212463145,9.986082787536851,47.894999999999996,0.7,0,5.991649672522112
23,visit,2285,2300.0,z21,z21,,hub_inner,local,True,39.79391604668691,8.311083953313087,47.894999999999996,0.7,0,4.986650371987852
39,visit,2285,2300.0,z11,z11,,hub_center,,True,33.12380808576634,14.981191914233653,47.894999999999996,0.7,0,8.988715148540193
38,visit,2285,2300.0,z32,z32,,hub_waterfront,,True,33.13680411693815,14.968195883061846,47.894999999999996,0.7,0,8.980917529837107
41,visit,2285,2300.0,z32,z32,,hub_waterfront,,True,34.78899162429636,13.316008375703639,47.894999999999996,0.7,0,7.9896050254221835
36,trip,2290,2302.0089706448603,z22,z31,toy-0005256,,,False,44.65711309552494,0.0,43.57630573748751,0.35,3.2526911934581184,0
52,trip,2290,2302.0089706448603,z11,z20,toy-0005249,,,False,40.20472457050055,0.0,39.12391721246312,0.35,3.2526911934581184,0
33,trip,2290,2315.410795394624,z01,z32,toy-0005247,,,False,31.705330910872114,0.0,29.418359325355933,0.35,7.273238618387272,0
10,trip,2290,2315.410795394624,z00,z31,toy-0005244,,,False,41.7605549038552,0.0,39.47358331833902,0.35,7.273238618387272,0
57,trip,2290,2306.5,z11,z31,toy-0005251,,,False,47.10000000000006,0.0,45.61500000000006,0.35,4.6,0
47,trip,2290,2305.3333333333335,z01,z21,toy-0005250,,,False,42.674192641962456,0.0,41.294192641962454,2.3,2.3,0
28,trip,2290,2298.8333333333335,z32,z22,toy-0005257,,,False,47.89500000000036,0.0,47.10000000000036,0.35,2.3,0
48,trip,2290,2308.309854494165,z20,z01,toy-0005245,,,False,45.61500000000005,0.0,43.9671130955252,0.35,5.142956348249516,0
66,trip,2290,2308.309854494165,z01,z22,toy-0005246,,,False,44.37130573748795,0.0,42.7234188330131,0.35,5.142956348249516,0
54,trip,2290,2298.8333333333335,z21,z20,toy-0005252,,,False,47.100000000000314,0.0,46.30500000000031,0.35,2.3,0
49,trip,2290,2313.0,z22,z10,toy-0005255,,,False,40.007667999380004,0.0,37.937667999380004,2.3,4.6,0
3,trip,2290,2313.0,z31,z01,toy-0005253,,,False,25.88199235202494,0.0,23.81199235202494,2.3,4.6,0
59,trip,2290,2308.5089706448603,z10,z00,toy-0005248,,,False,37.81518940086316,0.0,36.14938204282573,2.3,3.2526911934581184,0
53,trip,2290,2306.5,z02,z22,toy-0005254,,,False,41.175554903855016,0.0,39.690554903855016,0.35,4.6,0
62,visit,2290,2305.0,z32,z32,,hub_waterfront,local,True,39.07680411693821,9.028195883061784,47.894999999999996,0.7,0,5.41691752983707
14,visit,2290,2305.0,z21,z21,,hub_inner,local,True,40.78257792588783,7.3224220741121675,47.894999999999996,0.7,0,4.393453244467301
2,visit,2290,2305.0,z31,z31,,hub_core,local,True,46.410000000000025,1.6949999999999716,47.894999999999996,0.7,0,1.016999999999983
5,visit,2290,2315.4869539338965,z31,z31,,hub_core,,False,12.848965665727635,35.256034334272364,47.894999999999996,0.7,0,21.153620600563418
21,trip,2295,2303.8333333333335,z21,z31,toy-0005264,,,False,27.33991789347612,0.0,26.544917893476118,0.35,2.3,0
12,trip,2295,2311.5,z31,z11,toy-0005266,,,False,30.901584046067253,0.0,29.416584046067253,0.35,4.6,0
31,trip,2295,2313.309854494165,z30,z11,toy-0005262,,,False,42.70549837945012,0.0,41.05761147497527,0.35,5.142956348249516,0
44,trip,2295,2313.309854494165,z10,z31,toy-0005258,,,False,40.24922619105022,0.0,38.60133928657537,0.35,5.142956348249516,0
13,trip,2295,2303.8333333333335,z31,z21,toy-0005267,,,False,28.048142237737594,0.0,27.253142237737592,0.35,2.3,0
46,trip,2295,2307.0089706448603,z20,z31,toy-0005260,,,False,38.8627997100626,0.0,37.78199235202517,0.35,3.2526911934581184,0
0,trip,2295,2303.8333333333335,z32,z31,toy-0005274,,,False,42.70549837945001,0.0,41.91049837945001,0.35,2.3,0
15,trip,2295,2303.8333333333335,z31,z32,toy-0005268,,,False,31.185578653616552,0.0,30.39057865361655,0.35,2.3,0
42,trip,2295,2313.309854494165,z32,z20,toy-0005272,,,False,45.077534731590255,0.0,43.4296478271154,0.35,5.142956348249516,0
68,trip,2295,2317.851274623054,z20,z02,toy-0005261,,,False,37.01133928657566,0.0,34.954724570500794,0.35,6.505382386916237,0
7,trip,2295,2303.8333333333335,z22,z21,toy-0005270,,,False,46.81419264196253,0.0,46.019192641962526,0.35,2.3,0
8,trip,2295,2303.8333333333335,z22,z32,toy-0005271,,,False,47.09999999999988,0.0,46.30499999999988,0.35,2.3,0
82,trip,2295,2303.8333333333335,z01,z00,toy-0005263,,,False,45.71999999999995,0.0,44.92499999999995,0.35,2.3,0
35,trip,2295,2320.410795394624,z31,z00,toy-0005265,,,False,47.89499999999972,0.0,45.608028414483535,0.35,7.273238618387272,0
20,trip,2295,2313.309854494165,z22,z10,toy-0005269,,,False,37.23472457050084,0.0,35.586837666025986,0.35,5.142956348249516,0
56,trip,2295,2313.309854494165,z32,z11,toy-0005273,,,False,43.45338528392518,0.0,41.80549837945033,0.35,5.142956348249516,0
69,trip,2295,2303.8333333333335,z20,z21,toy-0005259,,,False,45.43419264196268,0.0,44.63919264196268,0.35,2.3,0
51,visit,2295,2321.6846079563875,z02,z02,,hub_center,local,False,35.742577925887545,0.0,33.79096320981267,6.505382386916237,0,0
43,visit,2295,2310.0,z11,z11,,hub_center,,True,30.435578653616396,17.669421346383604,47.895,0.7,0,10.601652807830162
54,trip,2300,2318.309854494165,z20,z32,toy-0005276,,,False,46.30500000000034,0.0,44.65711309552549,0.35,5.142956348249516,0
61,trip,2300,2322.851274623054,z02,z20,toy-0005282,,,False,40.06388366337547,0.0,38.0072689473006,0.35,6.505382386916237,0
45,trip,2300,2322.851274623054,z10,z32,toy-0005275,,,False,46.24711309552503,0.0,44.19049837945016,0.35,6.505382386916237,0
37,trip,2300,2318.309854494165,z31,z12,toy-0005280,,,False,47.894999999999705,0.0,46.24711309552485,0.35,5.142956348249516,0
22,trip,2300,2312.0089706448603,z21,z32,toy-0005279,,,False,33.73285623446727,0.0,32.65204887642984,0.35,3.2526911934581184,0
38,trip,2300,2325.410795394624,z32,z01,toy-0005283,,,False,47.8949999999997,0.0,45.60802841448351,0.35,7.273238618387272,0
41,trip,2300,2312.0089706448603,z32,z21,toy-0005284,,,False,47.89500000000039,0.0,46.814192641962954,0.35,3.2526911934581184,0
23,trip,2300,2312.0089706448603,z21,z30,toy-0005278,,,False,47.894999999999776,0.0,46.81419264196234,0.35,3.2526911934581184,0
72,trip,2300,2312.0089706448603,z31,z22,toy-0005281,,,False,47.89500000000005,0.0,46.81419264196262,0.35,3.2526911934581184,0
11,trip,2300,2318.309854494165,z11,z30,toy-0005277,,,False,31.95529736178464,0.0,30.307410457309786,0.35,5.142956348249516,0
4,visit,2300,2315.0,z32,z32,,hub_waterfront,local,True,38.73049837945013,9.374501620549864,47.894999999999996,0.7,0,5.624700972329919
67,visit,2300,2315.0,z32,z32,,hub_waterfront,,True,36.52267857315093,11.58232142684907,47.894999999999996,0.7,0,6.9493928561094425
84,visit,2300,2315.0,z11,z11,,hub_center,,True,37.91974754581746,10.185252454182539,47.894999999999996,0.7,0,6.111151472509523
16,trip,2305,2313.8333333333335,z11,z10,toy-0005288,,,False,44.52722105644647,0.0,43.73222105644647,0.35,2.3,0
8,trip,2305,2313.8333333333335,z32,z31,toy-0005299,,,False,46.30499999999991,0.0,45.509999999999906,0.35,2.3,0
0,trip,2305,2313.8333333333335,z31,z32,toy-0005295,,,False,41.91049837945004,0.0,41.11549837945004,0.35,2.3,0
28,trip,2305,2313.8333333333335,z22,z12,toy-0005298,,,False,47.100000000000385,0.0,46.30500000000038,0.35,2.3,0
17,trip,2305,2313.8333333333335,z11,z01,toy-0005289,,,False,47.89499999999975,0.0,47.099999999999746,0.35,2.3,0
60,trip,2305,2323.309854494165,z01,z20,toy-0005286,,,False,43.096526355886766,0.0,41.448639451411914,0.35,5.142956348249516,0
2,trip,2305,2330.410795394624,z31,z02,toy-0005294,,,False,47.894999999999754,0.0,45.60802841448357,0.35,7.273238618387272,0
21,trip,2305,2317.0089706448603,z31,z20,toy-0005293,,,False,26.544917893476146,0.0,25.46411053543871,0.35,3.2526911934581184,0
63,trip,2305,2317.0089706448603,z22,z31,toy-0005297,,,False,39.630498379450415,0.0,38.54969102141298,0.35,3.2526911934581184,0
27,trip,2305,2323.309854494165,z11,z32,toy-0005291,,,False,40.3569731447038,0.0,38.70908624022895,0.35,5.142956348249516,0
15,trip,2305,2329.1666666666665,z32,z02,toy-0005300,,,False,30.39057865361658,0.0,28.21557865361658,0.35,6.8999999999999995,0
74,trip,2305,2329.1666666666665,z01,z31,toy-0005287,,,False,44.925000000000026,0.0,42.75000000000003,0.35,6.8999999999999995,0
52,trip,2305,2313.8333333333335,z20,z10,toy-0005285,,,False,39.12391721246313,0.0,38.328917212463125,0.35,2.3,0
39,trip,2305,2313.8333333333335,z11,z12,toy-0005290,,,False,47.89499999999969,0.0,47.09999999999969,0.35,2.3,0
70,trip,2305,2327.851274623054,z22,z00,toy-0005296,,,False,43.453385283924966,0.0,41.3967705678501,0.35,6.505382386916237,0
7,trip,2305,2323.309854494165,z21,z00,toy-0005292,,,False,46.019192641962555,0.0,44.3713057374877,0.35,5.142956348249516,0
13,visit,2305,2320.0,z21,z21,,hub_inner,,True,27.25314223773762,17.77777777777778,44.8209200155154,0.7,0,10.666666666666668
1,visit,2305,2320.0,z30,z30,,depot_south,,True,27.377804797950517,17.77777777777778,44.945582575728295,0.7,0,10.666666666666668
40,visit,2305,2320.0,z31,z31,,hub_core,,True,35.840606340371636,12.264393659628361,47.894999999999996,0.7,0,7.3586361957770166
76,trip,2310,2334.1666666666665,z02,z32,toy-0005311,,,False,45.60802841448358,0.0,43.43302841448358,0.35,6.8999999999999995,0
9,trip,2310,2318.8333333333335,z21,z22,toy-0005308,,,False,45.166305737487754,0.0,44.37130573748775,0.35,2.3,0
62,trip,2310,2332.851274623054,z32,z10,toy-0005315,,,False,47.89500000000001,0.0,45.83838528392514,0.35,6.505382386916237,0
19,trip,2310,2326.5,z20,z22,toy-0005302,,,False,31.502447928509056,0.0,30.017447928509057,0.35,4.6,0
48,trip,2310,2318.8333333333335,z01,z11,toy-0005303,,,False,43.9671130955252,0.0,43.1721130955252,0.35,2.3,0
14,trip,2310,2318.8333333333335,z21,z11,toy-0005305,,,False,47.89500000000003,0.0,47.10000000000003,0.35,2.3,0
6,trip,2310,2326.5,z12,z32,toy-0005314,,,False,16.933325776268266,0.0,15.448325776268266,0.35,4.6,0
34,trip,2310,2328.309854494165,z10,z22,toy-0005301,,,False,46.229192641962335,0.0,44.58130573748748,0.35,5.142956348249516,0
71,trip,2310,2318.8333333333335,z32,z22,toy-0005316,,,False,43.48711309552502,0.0,42.692113095525016,0.35,2.3,0
18,trip,2310,2322.0089706448603,z12,z01,toy-0005312,,,False,40.9430284144843,0.0,39.86222105644687,0.35,3.2526911934581184,0
36,trip,2310,2328.309854494165,z31,z10,toy-0005309,,,False,43.576305737487516,0.0,41.928418833012664,0.35,5.142956348249516,0
24,trip,2310,2322.0089706448603,z12,z21,toy-0005313,,,False,40.53049837945049,0.0,39.44969102141306,0.35,3.2526911934581184,0
43,trip,2310,2326.5,z11,z31,toy-0005304,,,False,47.895000000000266,0.0,46.41000000000027,0.35,4.6,0
25,trip,2310,2318.8333333333335,z21,z31,toy-0005306,,,False,41.133418833012634,0.0,40.33841883301263,0.35,2.3,0
47,trip,2310,2328.309854494165,z21,z02,toy-0005307,,,False,41.294192641962475,0.0,39.64630573748762,0.35,5.142956348249516,0
46,trip,2310,2318.8333333333335,z31,z21,toy-0005310,,,False,37.78199235202518,0.0,36.986992352025176,0.35,2.3,0
59,visit,2310,2325.0,z00,z00,,depot_west,local,True,36.14938204282573,11.955617957174269,47.894999999999996,0.7,0,7.173370774304561
8,trip,2315,2327.0089706448603,z31,z22,toy-0005323,,,False,45.509999999999934,0.0,44.4291926419625,0.35,3.2526911934581184,0
31,trip,2315,2327.0089706448603,z11,z22,toy-0005321,,,False,41.05761147497527,0.0,39.976804116937835,0.35,3.2526911934581184,0
26,trip,2315,2333.309854494165,z12,z31,toy-0005325,,,False,38.35063988945913,0.0,36.70275298498428,0.35,5.142956348249516,0
53,trip,2315,2331.5,z22,z20,toy-0005326,,,False,39.69055490385501,0.0,38.20555490385501,0.35,4.6,0
66,trip,2315,2327.0089706448603,z22,z11,toy-0005327,,,False,42.7234188330131,0.0,41.642611474975666,0.35,3.2526911934581184,0
3,trip,2315,2346.910795394624,z01,z31,toy-0005324,,,False,23.81199235202494,0.0,20.94002076650876,2.3,7.273238618387272,0
64,trip,2315,2337.851274623054,z00,z22,toy-0005317,,,False,40.15488395305657,0.0,38.0982692369817,0.35,6.505382386916237,0
16,trip,2315,2323.8333333333335,z10,z11,toy-0005318,,,False,43.7322210564465,0.0,42.9372210564465,0.35,2.3,0
42,trip,2315,2327.0089706448603,z20,z31,toy-0005319,,,False,43.4296478271154,0.0,42.34884046907797,0.35,3.2526911934581184,0
0,trip,2315,2331.5,z32,z12,toy-0005328,,,False,41.11549837945007,0.0,39.63049837945007,0.35,4.6,0
44,trip,2315,2331.5,z31,z11,toy-0005322,,,False,38.60133928657537,0.0,37.11633928657537,0.35,4.6,0
23,trip,2315,2323.8333333333335,z30,z31,toy-0005320,,,False,46.81419264196235,0.0,46.01919264196235,0.35,2.3,0
12,visit,2315,2330.0,z11,z11,,hub_center,local,True,29.416584046067253,12.777777777777779,41.98436182384503,0.7,0,7.666666666666668
20,visit,2315,2335.3333333333335,z10,z10,,depot_west,local,False,35.586837666025986,0.0,34.20683766602598,4.6,0,0
22,visit,2315,2330.0,z32,z32,,hub_waterfront,,True,32.652048876429845,15.452951123570154,47.894999999999996,0.7,0,9.271770674142092
1,trip,2320,2345.410795394624,z30,z01,toy-0005332,,,False,44.94558257572807,0.0,42.65861099021188,0.35,7.273238618387272,0
4,trip,2320,2338.309854494165,z32,z11,toy-0005345,,,False,47.89499999999968,0.0,46.24711309552483,0.35,5.142956348249516,0
13,trip,2320,2332.0089706448603,z21,z12,toy-0005335,,,False,44.82092001551517,0.0,43.74011265747774,0.35,3.2526911934581184,0
41,trip,2320,2328.8333333333335,z21,z20,toy-0005334,,,False,46.81419264196296,0.0,46.01919264196296,0.35,2.3,0
33,trip,2320,2338.309854494165,z32,z20,toy-0005344,,,False,29.41835932535595,0.0,27.770472420881095,0.35,5.142956348249516,0
9,trip,2320,2332.0089706448603,z22,z31,toy-0005342,,,False,44.37130573748778,0.0,43.29049837945035,0.35,3.2526911934581184,0
5,trip,2320,2344.1666666666665,z31,z01,toy-0005337,,,False,47.89500000000017,0.0,45.72000000000017,0.35,6.8999999999999995,0
54,trip,2320,2328.8333333333335,z32,z31,toy-0005347,,,False,44.65711309552549,0.0,43.86211309552549,0.35,2.3,0
28,trip,2320,2328.8333333333335,z12,z11,toy-0005339,,,False,46.30500000000041,0.0,45.51000000000041,0.35,2.3,0
14,trip,2320,2328.8333333333335,z11,z21,toy-0005333,,,False,47.10000000000006,0.0,46.30500000000006,0.35,2.3,0
29,trip,2320,2328.8333333333335,z12,z22,toy-0005340,,,False,40.02771943589676,0.0,39.23271943589676,0.35,2.3,0
67,trip,2320,2332.0089706448603,z32,z21,toy-0005346,,,False,47.89500000000032,0.0,46.81419264196289,0.35,3.2526911934581184,0
46,trip,2320,2332.0089706448603,z21,z32,toy-0005336,,,False,36.986992352025204,0.0,35.90618499398777,0.35,3.2526911934581184,0
71,trip,2320,2328.8333333333335,z22,z32,toy-0005343,,,False,42.692113095525045,0.0,41.89711309552504,0.35,2.3,0
49,trip,2320,2332.0089706448603,z10,z21,toy-0005330,,,False,37.93766799937999,0.0,36.85686064134256,0.35,3.2526911934581184,0
21,trip,2320,2338.309854494165,z20,z12,toy-0005331,,,False,25.464110535438724,0.0,23.81622363096387,0.35,5.142956348249516,0
10,trip,2320,2328.8333333333335,z31,z32,toy-0005338,,,False,39.47358331833902,0.0,38.678583318339015,0.35,2.3,0
82,trip,2320,2348.809226445224,z00,z32,toy-0005329,,,False,44.924999999999976,0.0,42.33216961992982,0.35,8.292767933567175,0
72,trip,2320,2328.8333333333335,z22,z21,toy-0005341,,,False,46.81419264196263,0.0,46.019192641962626,0.35,2.3,0
11,visit,2320,2335.0,z30,z30,,depot_south,,True,30.3074104573098,17.77777777777778,47.87518823508758,0.7,0,10.666666666666668
63,visit,2320,2335.0,z31,z31,,hub_core,,True,38.54969102141299,9.555308978587009,47.894999999999996,0.7,0,5.733185387152205
23,trip,2325,2333.8333333333335,z31,z21,toy-0005352,,,False,46.01919264196238,0.0,45.224192641962375,0.35,2.3,0
73,trip,2325,2343.309854494165,z22,z30,toy-0005353,,,False,26.756945626947072,0.0,25.109058722472216,0.35,5.142956348249516,0
24,trip,2325,2333.8333333333335,z21,z31,toy-0005350,,,False,39.44969102141307,0.0,38.654691021413065,0.35,2.3,0
25,trip,2325,2337.0089706448603,z31,z20,toy-0005351,,,False,40.33841883301266,0.0,39.25761147497523,0.35,3.2526911934581184,0
27,trip,2325,2353.809226445224,z32,z00,toy-0005354,,,False,38.70908624022895,0.0,36.116255860158795,0.35,8.292767933567175,0
17,trip,2325,2341.5,z01,z21,toy-0005349,,,False,47.099999999999774,0.0,45.614999999999775,0.35,4.6,0
52,trip,2325,2343.309854494165,z10,z31,toy-0005348,,,False,38.32891721246315,0.0,36.6810303079883,0.35,5.142956348249516,0
41,trip,2330,2338.8333333333335,z20,z21,toy-0005359,,,False,46.01919264196299,0.0,45.224192641962986,0.35,2.3,0
40,trip,2330,2342.0089706448603,z31,z22,toy-0005365,,,False,47.89499999999975,0.0,46.814192641962315,0.35,3.2526911934581184,0
6,trip,2330,2338.8333333333335,z32,z22,toy-0005370,,,False,15.448325776268268,0.0,14.653325776268268,0.35,2.3,0
15,trip,2330,2348.309854494165,z02,z10,toy-0005367,,,False,28.215578653616596,0.0,26.56769174914174,0.35,5.142956348249516,0
7,trip,2330,2354.1666666666665,z00,z30,toy-0005355,,,False,44.3713057374877,0.0,42.196305737487705,0.35,6.8999999999999995,0
60,trip,2330,2342.0089706448603,z20,z11,toy-0005358,,,False,41.448639451411914,0.0,40.36783209337448,0.35,3.2526911934581184,0
32,trip,2330,2352.851274623054,z12,z30,toy-0005368,,,False,34.22888366337557,0.0,32.1722689473007,0.35,6.505382386916237,0
42,trip,2330,2338.8333333333335,z31,z32,toy-0005366,,,False,42.34884046907798,0.0,41.553840469077976,0.35,2.3,0
10,trip,2330,2338.8333333333335,z32,z31,toy-0005369,,,False,38.678583318339044,0.0,37.88358331833904,0.35,2.3,0
36,trip,2330,2338.8333333333335,z10,z20,toy-0005356,,,False,41.928418833012664,0.0,41.13341883301266,0.35,2.3,0
55,trip,2330,2346.5,z30,z32,toy-0005361,,,False,42.991305737487465,0.0,41.506305737487466,0.35,4.6,0
43,trip,2330,2338.8333333333335,z31,z30,toy-0005363,,,False,46.41000000000026,0.0,45.61500000000026,0.35,2.3,0
12,trip,2330,2346.5,z11,z31,toy-0005362,,,False,41.9843618238448,0.0,40.4993618238448,0.35,4.6,0
61,trip,2330,2348.309854494165,z20,z32,toy-0005360,,,False,38.0072689473006,0.0,36.35938204282575,0.35,5.142956348249516,0
65,trip,2330,2346.5,z20,z00,toy-0005357,,,False,43.16757792588744,0.0,41.68257792588744,0.35,4.6,0
54,trip,2330,2348.309854494165,z31,z12,toy-0005364,,,False,43.862113095525515,0.0,42.21422619105066,0.35,5.142956348249516,0
28,visit,2330,2345.0,z11,z11,,hub_center,local,True,45.51000000000044,2.5949999999995583,47.894999999999996,0.7,0,1.556999999999735
14,trip,2335,2343.8333333333335,z21,z22,toy-0005376,,,False,46.305000000000085,0.0,45.51000000000008,0.35,2.3,0
11,trip,2335,2353.309854494165,z30,z22,toy-0005371,,,False,47.87518823508735,0.0,46.2273013306125,0.35,5.142956348249516,0
16,trip,2335,2353.309854494165,z11,z32,toy-0005374,,,False,42.937221056446525,0.0,41.28933415197167,0.35,5.142956348249516,0
18,trip,2335,2360.410795394624,z01,z32,toy-0005373,,,False,39.86222105644688,0.0,37.57524947093069,0.35,7.273238618387272,0
38,trip,2335,2360.410795394624,z01,z30,toy-0005372,,,False,45.60802841448351,0.0,43.32105682896733,0.35,7.273238618387272,0
22,trip,2335,2351.5,z32,z30,toy-0005378,,,False,47.895000000000394,0.0,46.410000000000394,0.35,4.6,0
9,trip,2335,2351.5,z31,z11,toy-0005377,,,False,43.290498379450355,0.0,41.805498379450356,0.35,4.6,0
23,trip,2335,2347.0089706448603,z21,z10,toy-0005375,,,False,45.224192641962404,0.0,44.14338528392497,0.35,3.2526911934581184,0
76,visit,2335,2392.6666666666665,z32,z32,,depot_south,central,False,43.43302841448358,0.0,40.67302841448358,9.2,0,0
67,visit,2335,2350.0,z21,z21,,hub_inner,local,True,46.8141926419629,1.2908073580370996,47.894999999999996,0.7,0,0.7744844148222597
46,visit,2335,2350.0,z32,z32,,hub_waterfront,,True,35.90618499398778,12.198815006012218,47.894999999999996,0.7,0,7.319289003607331
26,visit,2335,2350.0,z31,z31,,hub_core,,True,36.70275298498428,11.402247015015718,47.894999999999996,0.7,0,6.84134820900943
49,visit,2335,2350.0,z21,z21,,hub_inner,,True,36.856860641342564,11.248139358657433,47.894999999999996,0.7,0,6.74888361519446
44,visit,2335,2350.0,z11,z11,,hub_center,,True,37.11633928657536,10.988660713424638,47.894999999999996,0.7,0,6.593196428054783
24,visit,2335,2350.0,z31,z31,,hub_core,,True,38.65469102141309,9.450308978586902,47.894999999999996,0.7,0,5.6701853871521415
35,trip,2340,2365.410795394624,z00,z31,toy-0005380,,,False,45.608028414483535,0.0,43.32105682896735,0.35,7.273238618387272,0
58,trip,2340,2348.8333333333335,z21,z31,toy-0005386,,,False,47.89500000000029,0.0,47.100000000000286,0.35,2.3,0
59,trip,2340,2356.5,z00,z20,toy-0005379,,,False,47.89500000000018,0.0,46.41000000000018,0.35,4.6,0
10,trip,2340,2348.8333333333335,z31,z21,toy-0005390,,,False,37.88358331833907,0.0,37.08858331833907,0.35,2.3,0
6,trip,2340,2352.0089706448603,z22,z31,toy-0005393,,,False,14.653325776268296,0.0,13.57251841823086,0.35,3.2526911934581184,0
8,trip,2340,2348.8333333333335,z22,z21,toy-0005392,,,False,44.42919264196251,0.0,43.63419264196251,0.35,2.3,0
2,trip,2340,2370.6666666666665,z02,z31,toy-0005383,,,False,45.60802841448357,0.0,42.84802841448357,2.3,6.8999999999999995,0
4,trip,2340,2352.0089706448603,z11,z20,toy-0005384,,,False,46.24711309552483,0.0,45.1663057374874,0.35,3.2526911934581184,0
42,trip,2340,2352.0089706448603,z32,z21,toy-0005395,,,False,41.553840469078004,0.0,40.47303311104057,0.35,3.2526911934581184,0
69,trip,2340,2348.8333333333335,z21,z11,toy-0005385,,,False,44.63919264196271,0.0,43.84419264196271,0.35,2.3,0
33,trip,2340,2352.0089706448603,z20,z31,toy-0005381,,,False,27.77047242088111,0.0,26.689665062843673,0.35,3.2526911934581184,0
19,trip,2340,2348.8333333333335,z22,z32,toy-0005394,,,False,30.017447928509057,0.0,29.222447928509055,0.35,2.3,0
57,trip,2340,2358.309854494165,z31,z10,toy-0005389,,,False,45.61500000000005,0.0,43.9671130955252,0.35,5.142956348249516,0
63,trip,2340,2365.410795394624,z31,z00,toy-0005388,,,False,47.89500000000032,0.0,45.60802841448414,0.35,7.273238618387272,0
43,trip,2340,2352.0089706448603,z30,z21,toy-0005382,,,False,45.615000000000286,0.0,44.53419264196285,0.35,3.2526911934581184,0
72,trip,2340,2352.0089706448603,z21,z32,toy-0005387,,,False,46.019192641962654,0.0,44.93838528392522,0.35,3.2526911934581184,0
29,trip,2340,2358.309854494165,z22,z01,toy-0005391,,,False,39.23271943589679,0.0,37.58483253142194,0.35,5.142956348249516,0
25,visit,2340,2360.3333333333335,z20,z20,,depot_south,local,False,39.257611474975235,0.0,37.87761147497523,4.6,0,0
41,visit,2340,2355.0,z21,z21,,hub_inner,local,True,45.224192641963015,2.880807358036982,47.894999999999996,0.7,0,1.7284844148221894
20,trip,2345,2367.851274623054,z10,z32,toy-0005396,,,False,34.206837666026004,0.0,32.150222949951136,0.35,6.505382386916237,0
74,trip,2345,2353.8333333333335,z31,z32,toy-0005402,,,False,42.75000000000003,0.0,41.95500000000003,0.35,2.3,0
75,trip,2345,2357.0089706448603,z31,z22,toy-0005401,,,False,42.33216961993009,0.0,41.25136226189266,0.35,3.2526911934581184,0
0,trip,2345,2363.309854494165,z12,z31,toy-0005403,,,False,39.63049837945006,0.0,37.98261147497521,0.35,5.142956348249516,0
45,trip,2345,2363.309854494165,z32,z11,toy-0005406,,,False,44.19049837945016,0.0,42.54261147497531,0.35,5.142956348249516,0
36,trip,2345,2361.5,z20,z22,toy-0005397,,,False,41.13341883301269,0.0,39.64841883301269,0.35,4.6,0
13,trip,2345,2361.5,z12,z32,toy-0005404,,,False,43.740112657477745,0.0,42.255112657477746,0.35,4.6,0
17,trip,2345,2361.5,z21,z01,toy-0005399,,,False,45.61499999999977,0.0,44.12999999999977,0.35,4.6,0
71,trip,2345,2370.410795394624,z32,z01,toy-0005405,,,False,41.89711309552507,0.0,39.61014151000889,0.35,7.273238618387272,0
73,trip,2345,2369.1666666666665,z30,z00,toy-0005398,,,False,25.10905872247223,0.0,22.93405872247223,0.35,6.8999999999999995,0
80,trip,2345,2353.8333333333335,z32,z31,toy-0005407,,,False,47.89500000000022,0.0,47.10000000000022,0.35,2.3,0
83,trip,2345,2357.0089706448603,z31,z20,toy-0005400,,,False,40.939226191050196,0.0,39.85841883301276,0.35,3.2526911934581184,0
52,visit,2345,2387.3333333333335,z31,z31,,depot_south,central,False,36.6810303079883,0.0,35.3010303079883,4.6,0,0
14,trip,2350,2358.8333333333335,z22,z12,toy-0005422,,,False,45.51000000000011,0.0,44.71500000000011,0.35,2.3,0
28,trip,2350,2358.8333333333335,z11,z21,toy-0005410,,,False,47.89500000000011,0.0,47.10000000000011,0.35,2.3,0
3,trip,2350,2374.1666666666665,z31,z01,toy-0005414,,,False,20.940020766508773,0.0,18.765020766508773,0.35,6.8999999999999995,0
44,trip,2350,2366.5,z11,z31,toy-0005411,,,False,47.89500000000014,0.0,46.41000000000014,0.35,4.6,0
8,trip,2350,2358.8333333333335,z21,z31,toy-0005413,,,False,43.634192641962535,0.0,42.83919264196253,0.35,2.3,0
31,trip,2350,2368.309854494165,z22,z10,toy-0005418,,,False,39.97680411693784,0.0,38.32891721246299,0.35,5.142956348249516,0
19,trip,2350,2372.851274623054,z32,z10,toy-0005423,,,False,29.222447928509084,0.0,27.16583321243421,0.35,6.505382386916237,0
46,trip,2350,2368.309854494165,z32,z20,toy-0005424,,,False,47.89500000000036,0.0,46.247113095525506,0.35,5.142956348249516,0
70,trip,2350,2368.309854494165,z00,z21,toy-0005408,,,False,41.3967705678501,0.0,39.748883663375246,0.35,5.142956348249516,0
21,trip,2350,2368.309854494165,z12,z20,toy-0005417,,,False,23.816223630963883,0.0,22.168336726489027,0.35,5.142956348249516,0
12,trip,2350,2358.8333333333335,z31,z21,toy-0005415,,,False,40.499361823844794,0.0,39.70436182384479,0.35,2.3,0
34,trip,2350,2366.5,z22,z20,toy-0005419,,,False,44.58130573748748,0.0,43.096305737487484,0.35,4.6,0
40,trip,2350,2362.0089706448603,z22,z31,toy-0005421,,,False,46.81419264196232,0.0,45.73338528392489,0.35,3.2526911934581184,0
1,trip,2350,2368.309854494165,z01,z22,toy-0005409,,,False,42.65861099021188,0.0,41.01072408573703,0.35,5.142956348249516,0
55,trip,2350,2358.8333333333335,z32,z22,toy-0005426,,,False,41.50630573748746,0.0,40.71130573748746,0.35,2.3,0
37,trip,2350,2368.309854494165,z12,z00,toy-0005416,,,False,46.24711309552485,0.0,44.59922619105,0.35,5.142956348249516,0
61,trip,2350,2366.5,z32,z12,toy-0005425,,,False,36.35938204282575,0.0,34.87438204282575,0.35,4.6,0
48,trip,2350,2362.0089706448603,z11,z22,toy-0005412,,,False,43.172113095525226,0.0,42.091305737487794,0.35,3.2526911934581184,0
64,trip,2350,2362.0089706448603,z22,z11,toy-0005420,,,False,38.0982692369817,0.0,37.01746187894427,0.35,3.2526911934581184,0
10,visit,2350,2398.6846079563875,z21,z21,,depot_south,central,False,37.0885833183391,0.0,35.136968602264226,6.505382386916237,0,0
65,visit,2350,2365.0,z00,z00,,depot_west,local,True,41.682577925887436,6.422422074112561,47.894999999999996,0.7,0,3.8534532444675365
82,visit,2350,2365.0,z32,z32,,hub_waterfront,local,True,42.332169619929815,5.7728303800701815,47.894999999999996,0.7,0,3.463698228042109
4,trip,2355,2363.8333333333335,z20,z30,toy-0005429,,,False,45.166305737487406,0.0,44.371305737487404,0.35,2.3,0
53,trip,2355,2373.309854494165,z20,z32,toy-0005430,,,False,38.205554903855,0.0,36.55766799938015,0.35,5.142956348249516,0
39,trip,2355,2367.0089706448603,z12,z21,toy-0005439,,,False,47.09999999999972,0.0,46.019192641962285,0.35,3.2526911934581184,0
27,trip,2355,2363.8333333333335,z00,z10,toy-0005427,,,False,36.11625586015879,0.0,35.321255860158786,0.35,2.3,0
41,trip,2355,2367.0089706448603,z21,z32,toy-0005435,,,False,47.894999999999875,0.0,46.81419264196244,0.35,3.2526911934581184,0
6,trip,2355,2363.8333333333335,z31,z32,toy-0005438,,,False,13.572518418230874,0.0,12.777518418230875,0.35,2.3,0
24,trip,2355,2373.309854494165,z31,z12,toy-0005437,,,False,47.89500000000026,0.0,46.24711309552541,0.35,5.142956348249516,0
16,trip,2355,2367.0089706448603,z32,z21,toy-0005441,,,False,41.28933415197167,0.0,40.20852679393424,0.35,3.2526911934581184,0
9,trip,2355,2373.309854494165,z11,z32,toy-0005432,,,False,41.80549837945035,0.0,40.157611474975496,0.35,5.142956348249516,0
42,trip,2355,2363.8333333333335,z21,z20,toy-0005433,,,False,40.47303311104058,0.0,39.67803311104058,0.35,2.3,0
72,trip,2355,2363.8333333333335,z32,z31,toy-0005442,,,False,44.93838528392523,0.0,44.14338528392523,0.35,2.3,0
26,trip,2355,2371.5,z31,z11,toy-0005436,,,False,47.895000000000195,0.0,46.410000000000196,0.35,4.6,0
11,trip,2355,2363.8333333333335,z22,z32,toy-0005440,,,False,46.2273013306125,0.0,45.432301330612496,0.35,2.3,0
43,trip,2355,2363.8333333333335,z21,z22,toy-0005434,,,False,44.53419264196286,0.0,43.73919264196286,0.35,2.3,0
7,trip,2355,2363.8333333333335,z30,z31,toy-0005431,,,False,42.196305737487705,0.0,41.401305737487704,0.35,2.3,0
15,trip,2355,2373.309854494165,z10,z31,toy-0005428,,,False,26.567691749141755,0.0,24.9198048446669,0.35,5.142956348249516,0
22,visit,2355,2370.0,z30,z30,,depot_south,local,True,46.41000000000039,1.6949999999996095,47.894999999999996,0.7,0,1.0169999999997656
33,visit,2355,2370.0,z31,z31,,hub_core,,True,26.689665062843687,17.77777777777778,44.257442840621465,0.7,0,10.666666666666668
32,visit,2355,2370.0,z30,z30,,depot_south,,True,32.1722689473007,15.932731052699296,47.894999999999996,0.7,0,9.559638631619578
58,trip,2360,2372.0089706448603,z31,z22,toy-0005449,,,False,47.100000000000314,0.0,46.01919264196288,0.35,3.2526911934581184,0
23,trip,2360,2378.309854494165,z10,z22,toy-0005443,,,False,44.14338528392498,0.0,42.495498379450126,0.35,5.142956348249516,0
12,trip,2360,2372.0089706448603,z21,z12,toy-0005447,,,False,39.70436182384482,0.0,38.62355446580739,0.35,3.2526911934581184,0
59,trip,2360,2372.0089706448603,z20,z31,toy-0005445,,,False,46.410000000000174,0.0,45.32919264196274,0.35,3.2526911934581184,0
80,trip,2360,2385.410795394624,z31,z02,toy-0005448,,,False,47.10000000000025,0.0,44.813028414484066,0.35,7.273238618387272,0
83,trip,2360,2368.8333333333335,z20,z21,toy-0005444,,,False,39.85841883301277,0.0,39.06341883301277,0.35,2.3,0
28,trip,2360,2372.0089706448603,z21,z30,toy-0005446,,,False,47.100000000000136,0.0,46.019192641962704,0.35,3.2526911934581184,0
8,visit,2360,2375.0,z31,z31,,hub_core,local,True,42.83919264196256,5.265807358037435,47.894999999999996,0.7,0,3.159484414822461
14,trip,2365,2373.8333333333335,z12,z22,toy-0005460,,,False,44.71500000000014,0.0,43.92000000000014,0.35,2.3,0
4,trip,2365,2373.8333333333335,z30,z20,toy-0005452,,,False,44.37130573748743,0.0,43.57630573748743,0.35,2.3,0
45,trip,2365,2373.8333333333335,z11,z12,toy-0005453,,,False,42.54261147497531,0.0,41.74761147497531,0.35,2.3,0
25,trip,2365,2383.309854494165,z20,z01,toy-0005451,,,False,37.877611474975254,0.0,36.2297245705004,0.35,5.142956348249516,0
7,trip,2365,2373.8333333333335,z31,z30,toy-0005457,,,False,41.40130573748773,0.0,40.60630573748773,0.35,2.3,0
36,trip,2365,2377.0089706448603,z22,z31,toy-0005462,,,False,39.648418833012684,0.0,38.56761147497525,0.35,3.2526911934581184,0
40,trip,2365,2373.8333333333335,z31,z32,toy-0005459,,,False,45.733385283924896,0.0,44.938385283924895,0.35,2.3,0
6,trip,2365,2373.8333333333335,z32,z31,toy-0005463,,,False,12.777518418230903,0.0,11.982518418230903,0.35,2.3,0
72,trip,2365,2377.0089706448603,z31,z20,toy-0005456,,,False,44.143385283925255,0.0,43.06257792588782,0.35,3.2526911934581184,0
49,trip,2365,2373.8333333333335,z21,z31,toy-0005455,,,False,47.894999999999655,0.0,47.09999999999965,0.35,2.3,0
43,trip,2365,2373.8333333333335,z22,z21,toy-0005461,,,False,43.73919264196289,0.0,42.944192641962886,0.35,2.3,0
57,trip,2365,2377.0089706448603,z10,z21,toy-0005450,,,False,43.9671130955252,0.0,42.88630573748777,0.35,3.2526911934581184,0
67,trip,2365,2373.8333333333335,z21,z11,toy-0005454,,,False,47.89500000000022,0.0,47.10000000000022,0.35,2.3,0
89,trip,2365,2373.8333333333335,z31,z21,toy-0005458,,,False,47.89499999999993,0.0,47.09999999999993,0.35,2.3,0
27,visit,2365,2385.3333333333335,z10,z10,,depot_west,local,False,35.321255860158814,0.0,33.94125586015881,4.6,0,0
18,visit,2365,2422.6666666666665,z32,z32,,depot_south,central,False,37.57524947093069,0.0,34.815249470930695,9.2,0,0
0,visit,2365,2380.0,z31,z31,,hub_core,local,True,37.98261147497521,10.122388525024787,47.894999999999996,0.7,0,6.073433115014873
42,visit,2365,2385.3333333333335,z20,z20,,hub_inner,local,False,39.678033111040605,0.0,38.2980331110406,4.6,0,0
64,visit,2365,2380.0,z11,z11,,hub_center,,True,37.017461878944275,11.087538121055722,47.894999999999996,0.7,0,6.652522872633433
31,trip,2370,2386.5,z10,z12,toy-0005464,,,False,38.32891721246299,0.0,36.84391721246299,0.35,4.6,0
56,trip,2370,2386.5,z11,z31,toy-0005469,,,False,41.80549837945033,0.0,40.32049837945033,0.35,4.6,0
22,trip,2370,2386.5,z30,z10,toy-0005466,,,False,47.89500000000012,0.0,46.41000000000012,0.35,4.6,0
11,trip,2370,2388.309854494165,z32,z11,toy-0005478,,,False,45.432301330612525,0.0,43.78441442613767,0.35,5.142956348249516,0
5,trip,2370,2394.1666666666665,z01,z31,toy-0005467,,,False,45.72000000000017,0.0,43.54500000000017,0.35,6.8999999999999995,0
50,trip,2370,2378.8333333333335,z12,z02,toy-0005476,,,False,38.50474754581733,0.0,37.70974754581733,0.35,2.3,0
16,trip,2370,2382.0089706448603,z21,z32,toy-0005471,,,False,40.20852679393425,0.0,39.127719435896815,0.35,3.2526911934581184,0
13,trip,2370,2382.0089706448603,z32,z21,toy-0005479,,,False,42.25511265747774,0.0,41.174305299440306,0.35,3.2526911934581184,0
39,trip,2370,2388.309854494165,z21,z00,toy-0005470,,,False,46.01919264196229,0.0,44.37130573748744,0.35,5.142956348249516,0
1,trip,2370,2386.5,z22,z02,toy-0005477,,,False,41.01072408573703,0.0,39.52572408573703,0.35,4.6,0
47,trip,2370,2395.410795394624,z02,z31,toy-0005474,,,False,39.64630573748762,0.0,37.35933415197144,0.35,7.273238618387272,0
21,trip,2370,2382.0089706448603,z20,z11,toy-0005465,,,False,22.16833672648904,0.0,21.087529368451605,0.35,3.2526911934581184,0
54,trip,2370,2388.309854494165,z12,z31,toy-0005475,,,False,42.21422619105066,0.0,40.56633928657581,0.35,5.142956348249516,0
20,trip,2370,2378.8333333333335,z32,z22,toy-0005480,,,False,32.150222949951136,0.0,31.355222949951134,0.35,2.3,0
51,trip,2370,2388.309854494165,z02,z21,toy-0005473,,,False,33.79096320981266,0.0,32.14307630533781,0.35,5.142956348249516,0
60,trip,2370,2378.8333333333335,z11,z10,toy-0005468,,,False,40.36783209337449,0.0,39.57283209337449,0.35,2.3,0
33,trip,2370,2388.309854494165,z31,z10,toy-0005472,,,False,44.25744284062124,0.0,42.609555936146386,0.35,5.142956348249516,0
73,visit,2370,2385.0,z00,z00,,depot_west,local,True,22.934058722472248,12.777777777777779,35.50183650025003,0.7,0,7.666666666666668
63,visit,2370,2385.0,z00,z00,,depot_west,local,True,45.60802841448414,2.4969715855158583,47.894999999999996,0.7,0,1.498182951309515
43,trip,2375,2383.8333333333335,z21,z22,toy-0005490,,,False,42.944192641962914,0.0,42.14919264196291,0.35,2.3,0
2,trip,2375,2383.8333333333335,z31,z21,toy-0005492,,,False,42.848028414483565,0.0,42.05302841448356,0.35,2.3,0
9,trip,2375,2393.309854494165,z32,z20,toy-0005498,,,False,40.157611474975496,0.0,38.509724570500644,0.35,5.142956348249516,0
40,trip,2375,2399.1666666666665,z32,z02,toy-0005500,,,False,44.93838528392492,0.0,42.763385283924926,0.35,6.8999999999999995,0
68,trip,2375,2383.8333333333335,z02,z01,toy-0005495,,,False,34.954724570500794,0.0,34.15972457050079,0.35,2.3,0
14,trip,2375,2383.8333333333335,z22,z32,toy-0005497,,,False,43.920000000000165,0.0,43.12500000000016,0.35,2.3,0
70,trip,2375,2383.8333333333335,z21,z31,toy-0005489,,,False,39.748883663375246,0.0,38.953883663375244,0.35,2.3,0
83,trip,2375,2387.0089706448603,z21,z10,toy-0005488,,,False,39.0634188330128,0.0,37.982611474975364,0.35,3.2526911934581184,0
41,trip,2375,2383.8333333333335,z32,z31,toy-0005499,,,False,46.81419264196245,0.0,46.01919264196245,0.35,2.3,0
17,trip,2375,2387.0089706448603,z01,z10,toy-0005485,,,False,44.12999999999976,0.0,43.04919264196233,0.35,3.2526911934581184,0
6,trip,2375,2383.8333333333335,z31,z32,toy-0005494,,,False,11.982518418230931,0.0,11.187518418230932,0.35,2.3,0
26,trip,2375,2383.8333333333335,z11,z01,toy-0005487,,,False,46.41000000000019,0.0,45.61500000000019,0.35,2.3,0
37,trip,2375,2403.809226445224,z00,z32,toy-0005482,,,False,44.59922619105,0.0,42.006395810979846,0.35,8.292767933567175,0
7,trip,2375,2391.5,z30,z32,toy-0005484,,,False,40.60630573748776,0.0,39.12130573748776,0.35,4.6,0
8,trip,2375,2387.0089706448603,z31,z22,toy-0005493,,,False,47.89500000000025,0.0,46.81419264196282,0.35,3.2526911934581184,0
65,trip,2375,2387.0089706448603,z00,z11,toy-0005481,,,False,47.8949999999997,0.0,46.814192641962265,0.35,3.2526911934581184,0
12,trip,2375,2393.5089706448603,z12,z11,toy-0005496,,,False,38.623554465807395,0.0,36.95774710776996,2.3,3.2526911934581184,0
15,trip,2375,2391.5,z31,z11,toy-0005491,,,False,24.919804844666913,0.0,23.434804844666914,0.35,4.6,0
29,trip,2375,2391.5,z01,z21,toy-0005486,,,False,37.58483253142194,0.0,36.09983253142194,0.35,4.6,0
4,trip,2375,2383.8333333333335,z20,z10,toy-0005483,,,False,43.57630573748746,0.0,42.78130573748746,0.35,2.3,0
3,visit,2375,2395.3333333333335,z01,z01,,depot_west,local,False,18.76502076650879,0.0,17.38502076650879,4.6,0,0
49,visit,2375,2390.0,z31,z31,,hub_core,local,True,47.09999999999968,1.0050000000003154,47.894999999999996,0.7,0,0.6030000000001892
53,visit,2375,2390.0,z32,z32,,hub_waterfront,,True,36.55766799938015,11.547332000619845,47.894999999999996,0.7,0,6.928399200371907
57,trip,2380,2388.8333333333335,z21,z20,toy-0005516,,,False,42.886305737487774,0.0,42.09130573748777,0.35,2.3,0
34,trip,2380,2396.5,z20,z22,toy-0005506,,,False,43.09630573748748,0.0,41.61130573748748,0.35,4.6,0
71,trip,2380,2405.410795394624,z01,z32,toy-0005510,,,False,39.61014151000889,0.0,37.3231699244927,0.35,7.273238618387272,0
20,trip,2380,2392.0089706448603,z22,z11,toy-0005524,,,False,31.35522294995116,0.0,30.274415591913723,0.35,3.2526911934581184,0
74,trip,2380,2408.809226445224,z32,z00,toy-0005526,,,False,41.955000000000055,0.0,39.3621696199299,0.35,8.292767933567175,0
50,trip,2380,2396.5,z02,z22,toy-0005518,,,False,37.70974754581736,0.0,36.22474754581736,0.35,4.6,0
19,trip,2380,2411.910795394624,z10,z31,toy-0005501,,,False,27.165833212434226,0.0,24.293861626918044,2.3,7.273238618387272,0
0,trip,2380,2398.309854494165,z31,z12,toy-0005517,,,False,47.89499999999977,0.0,46.24711309552492,0.35,5.142956348249516,0
24,trip,2380,2388.8333333333335,z12,z11,toy-0005521,,,False,46.24711309552541,0.0,45.452113095525405,0.35,2.3,0
23,trip,2380,2392.0089706448603,z22,z31,toy-0005525,,,False,42.495498379450126,0.0,41.41469102141269,0.35,3.2526911934581184,0
45,trip,2380,2396.5,z12,z10,toy-0005520,,,False,41.747611474975336,0.0,40.26261147497534,0.35,4.6,0
64,trip,2380,2392.0089706448603,z11,z22,toy-0005514,,,False,47.89500000000038,0.0,46.81419264196295,0.35,3.2526911934581184,0
46,trip,2380,2392.0089706448603,z20,z31,toy-0005504,,,False,46.247113095525506,0.0,45.166305737488074,0.35,3.2526911934581184,0
60,trip,2380,2388.8333333333335,z10,z11,toy-0005502,,,False,39.572832093374515,0.0,38.77783209337451,0.35,2.3,0
48,trip,2380,2402.851274623054,z22,z00,toy-0005523,,,False,42.0913057374878,0.0,40.03469102141293,0.35,6.505382386916237,0
28,trip,2380,2398.309854494165,z30,z11,toy-0005508,,,False,46.01919264196271,0.0,44.37130573748786,0.35,5.142956348249516,0
66,trip,2380,2395.3333333333335,z11,z11,toy-0005509,,,False,41.64261147497567,0.0,40.26261147497567,2.3,2.3,0
67,trip,2380,2392.0089706448603,z11,z20,toy-0005511,,,False,47.10000000000025,0.0,46.01919264196282,0.35,3.2526911934581184,0
69,trip,2380,2398.309854494165,z11,z32,toy-0005515,,,False,43.844192641962735,0.0,42.19630573748788,0.35,5.142956348249516,0
84,trip,2380,2388.8333333333335,z11,z21,toy-0005513,,,False,47.894999999999804,0.0,47.0999999999998,0.35,2.3,0
72,trip,2380,2398.309854494165,z20,z12,toy-0005505,,,False,43.06257792588783,0.0,41.41469102141298,0.35,5.142956348249516,0
61,trip,2380,2396.5,z12,z32,toy-0005522,,,False,34.874382042825744,0.0,33.389382042825744,0.35,4.6,0
78,trip,2380,2410.6666666666665,z12,z32,toy-0005519,,,False,38.72477012980314,0.0,35.96477012980314,2.3,6.8999999999999995,0
62,trip,2380,2402.851274623054,z10,z32,toy-0005503,,,False,45.83838528392514,0.0,43.78177056785027,0.35,6.505382386916237,0
79,trip,2380,2404.809854494165,z10,z30,toy-0005512,,,False,39.93852679393403,0.0,37.70563988945918,2.3,5.142956348249516,0
32,trip,2380,2404.809854494165,z30,z32,toy-0005507,,,False,47.89500000000021,0.0,45.662113095525356,2.3,5.142956348249516,0
36,visit,2380,2395.0,z31,z31,,hub_core,local,True,38.56761147497526,9.537388525024738,47.894999999999996,0.7,0,5.722433115014843
4,trip,2385,2403.309854494165,z10,z31,toy-0005527,,,False,42.781305737487486,0.0,41.133418833012634,0.35,5.142956348249516,0
35,trip,2385,2397.0089706448603,z31,z22,toy-0005536,,,False,43.32105682896735,0.0,42.24024947092992,0.35,3.2526911934581184,0
41,trip,2385,2397.0089706448603,z31,z20,toy-0005534,,,False,46.019192641962476,0.0,44.938385283925044,0.35,3.2526911934581184,0
2,trip,2385,2408.0,z21,z31,toy-0005531,,,False,42.05302841448359,0.0,39.98302841448359,2.3,4.6,0
55,trip,2385,2393.8333333333335,z22,z21,toy-0005539,,,False,40.711305737487486,0.0,39.916305737487484,0.35,2.3,0
14,trip,2385,2410.410795394624,z32,z01,toy-0005542,,,False,43.12500000000019,0.0,40.83802841448401,0.35,7.273238618387272,0
25,trip,2385,2397.0089706448603,z01,z12,toy-0005529,,,False,36.2297245705004,0.0,35.14891721246297,0.35,3.2526911934581184,0
44,trip,2385,2393.8333333333335,z31,z32,toy-0005537,,,False,46.41000000000013,0.0,45.61500000000013,0.35,2.3,0
16,trip,2385,2401.5,z32,z12,toy-0005544,,,False,39.12771943589682,0.0,37.64271943589682,0.35,4.6,0
82,trip,2385,2393.8333333333335,z32,z31,toy-0005543,,,False,47.89500000000014,0.0,47.100000000000136,0.35,2.3,0
59,trip,2385,2409.1666666666665,z31,z01,toy-0005535,,,False,45.32919264196275,0.0,43.15419264196275,0.35,6.8999999999999995,0
13,trip,2385,2403.5089706448603,z21,z02,toy-0005532,,,False,41.17430529944031,0.0,39.50849794140288,2.3,3.2526911934581184,0
26,trip,2385,2403.309854494165,z01,z20,toy-0005528,,,False,45.615000000000215,0.0,43.96711309552536,0.35,5.142956348249516,0
70,trip,2385,2410.410795394624,z31,z00,toy-0005533,,,False,38.95388366337527,0.0,36.66691207785909,0.35,7.273238618387272,0
85,trip,2385,2407.851274623054,z32,z10,toy-0005540,,,False,40.155498379450115,0.0,38.09888366337525,0.35,6.505382386916237,0
58,trip,2385,2401.5,z22,z20,toy-0005538,,,False,46.01919264196289,0.0,44.53419264196289,0.35,4.6,0
89,trip,2385,2403.5089706448603,z21,z00,toy-0005530,,,False,47.09999999999996,0.0,45.434192641962525,2.3,3.2526911934581184,0
86,trip,2385,2393.8333333333335,z32,z22,toy-0005545,,,False,47.89499999999982,0.0,47.09999999999982,0.35,2.3,0
87,trip,2385,2401.5,z32,z30,toy-0005541,,,False,40.14211309552498,0.0,38.65711309552498,0.35,4.6,0
6,visit,2385,2414.4838222823946,z32,z32,,hub_waterfront,local,False,11.18751841823096,36.91748158176904,47.894999999999996,0.7,0,22.150488949061423
21,visit,2385,2400.0,z11,z11,,hub_center,local,True,21.08752936845162,12.777777777777779,33.6553071462294,0.7,0,7.666666666666668
68,visit,2385,2405.3333333333335,z01,z01,,depot_west,local,False,34.15972457050082,0.0,32.77972457050082,4.6,0,0
43,visit,2385,2405.3333333333335,z22,z22,,hub_inner,local,False,42.14919264196294,0.0,40.76919264196294,4.6,0,0
73,visit,2385,2400.0,z00,z00,,depot_west,,True,35.501836500249794,12.603163499750202,47.894999999999996,0.7,0,7.561898099850122
49,trip,2390,2406.5,z31,z11,toy-0005555,,,False,47.89499999999981,0.0,46.40999999999981,0.35,4.6,0
51,trip,2390,2406.5,z21,z01,toy-0005551,,,False,32.14307630533781,0.0,30.658076305337808,0.35,4.6,0
84,trip,2390,2408.309854494165,z21,z02,toy-0005553,,,False,47.09999999999983,0.0,45.45211309552498,0.35,5.142956348249516,0
52,trip,2390,2398.8333333333335,z31,z21,toy-0005556,,,False,35.30103030798832,0.0,34.50603030798832,0.35,2.3,0
17,trip,2390,2402.0089706448603,z10,z01,toy-0005547,,,False,43.049192641962335,0.0,41.9683852839249,0.35,3.2526911934581184,0
42,trip,2390,2398.8333333333335,z20,z21,toy-0005548,,,False,38.298033111040624,0.0,37.50303311104062,0.35,2.3,0
8,trip,2390,2408.5089706448603,z22,z32,toy-0005554,,,False,46.814192641962826,0.0,45.14838528392539,2.3,3.2526911934581184,0
38,trip,2390,2398.8333333333335,z30,z31,toy-0005550,,,False,43.32105682896733,0.0,42.52605682896733,0.35,2.3,0
53,trip,2390,2402.0089706448603,z32,z21,toy-0005559,,,False,47.89500000000024,0.0,46.814192641962805,0.35,3.2526911934581184,0
1,trip,2390,2408.5089706448603,z02,z21,toy-0005557,,,False,39.525724085737025,0.0,37.85991672769959,2.3,3.2526911934581184,0
11,trip,2390,2405.3333333333335,z11,z31,toy-0005552,,,False,43.78441442613767,0.0,42.40441442613767,2.3,2.3,0
39,trip,2390,2412.851274623054,z00,z22,toy-0005546,,,False,44.37130573748744,0.0,42.31469102141257,0.35,6.505382386916237,0
75,trip,2390,2408.309854494165,z22,z30,toy-0005558,,,False,41.251362261892666,0.0,39.603475357417814,0.35,5.142956348249516,0
77,trip,2390,2402.0089706448603,z30,z21,toy-0005549,,,False,43.804226191050375,0.0,42.72341883301294,0.35,3.2526911934581184,0
31,visit,2390,2410.3333333333335,z12,z12,,hub_center,local,False,36.84391721246298,0.0,35.46391721246298,4.6,0,0
60,visit,2390,2405.0,z11,z11,,hub_center,,True,38.77783209337454,9.327167906625455,47.894999999999996,0.7,0,5.596300743975274
22,trip,2395,2403.8333333333335,z10,z20,toy-0005560,,,False,46.41000000000011,0.0,45.61500000000011,0.35,2.3,0
12,trip,2395,2419.809854494165,z11,z31,toy-0005568,,,False,36.95774710776996,0.0,34.72486020329511,2.3,5.142956348249516,0
27,trip,2395,2411.5,z10,z30,toy-0005561,,,False,33.94125586015883,0.0,32.456255860158834,0.35,4.6,0
64,trip,2395,2403.8333333333335,z22,z12,toy-0005572,,,False,46.814192641962954,0.0,46.01919264196295,0.35,2.3,0
81,trip,2395,2407.0089706448603,z22,z31,toy-0005571,,,False,40.69338528392507,0.0,39.612577925887635,0.35,3.2526911934581184,0
9,trip,2395,2419.809854494165,z20,z22,toy-0005564,,,False,38.509724570500644,0.0,36.27683766602579,2.3,5.142956348249516,0
33,trip,2395,2413.309854494165,z10,z02,toy-0005562,,,False,42.609555936146386,0.0,40.96166903167153,0.35,5.142956348249516,0
86,trip,2395,2403.8333333333335,z22,z32,toy-0005573,,,False,47.099999999999845,0.0,46.30499999999984,0.35,2.3,0
57,trip,2395,2407.0089706448603,z20,z31,toy-0005563,,,False,42.0913057374878,0.0,41.01049837945037,0.35,3.2526911934581184,0
55,trip,2395,2403.8333333333335,z21,z11,toy-0005565,,,False,39.91630573748751,0.0,39.12130573748751,0.35,2.3,0
7,trip,2395,2419.809854494165,z32,z10,toy-0005569,,,False,39.12130573748775,0.0,36.8884188330129,2.3,5.142956348249516,0
44,trip,2395,2413.309854494165,z32,z11,toy-0005574,,,False,45.61500000000016,0.0,43.967113095525306,0.35,5.142956348249516,0
20,trip,2395,2410.3333333333335,z11,z22,toy-0005566,,,False,30.274415591913737,0.0,28.894415591913738,2.3,2.3,0
23,trip,2395,2413.309854494165,z31,z10,toy-0005567,,,False,41.4146910214127,0.0,39.76680411693785,0.35,5.142956348249516,0
76,trip,2395,2419.809854494165,z32,z01,toy-0005570,,,False,40.67302841448353,0.0,38.44014151000868,2.3,5.142956348249516,0
29,visit,2395,2410.0,z21,z21,,hub_inner,local,True,36.09983253142193,12.005167468578065,47.894999999999996,0.7,0,7.203100481146839
5,visit,2395,2410.0,z31,z31,,hub_core,local,True,43.54500000000017,4.559999999999824,47.894999999999996,0.7,0,2.7359999999998945
36,trip,2400,2412.0089706448603,z31,z20,toy-0005580,,,False,47.89500000000039,0.0,46.814192641962954,0.35,3.2526911934581184,0
61,trip,2400,2418.309854494165,z32,z20,toy-0005587,,,False,33.38938204282574,0.0,31.74149513835088,0.35,5.142956348249516,0
38,trip,2400,2408.8333333333335,z31,z32,toy-0005586,,,False,42.526056828967356,0.0,41.731056828967354,0.35,2.3,0
45,trip,2400,2408.8333333333335,z10,z00,toy-0005575,,,False,40.26261147497533,0.0,39.46761147497533,0.35,2.3,0
46,trip,2400,2408.8333333333335,z31,z21,toy-0005582,,,False,45.16630573748808,0.0,44.37130573748808,0.35,2.3,0
3,trip,2400,2418.309854494165,z01,z22,toy-0005577,,,False,17.385020766508816,0.0,15.73713386203396,0.35,5.142956348249516,0
69,trip,2400,2408.8333333333335,z32,z31,toy-0005588,,,False,42.19630573748788,0.0,41.40130573748788,0.35,2.3,0
47,trip,2400,2425.410795394624,z31,z02,toy-0005583,,,False,37.35933415197144,0.0,35.072362566455254,0.35,7.273238618387272,0
10,trip,2400,2412.0089706448603,z21,z12,toy-0005579,,,False,35.13696860226421,0.0,34.05616124422678,0.35,3.2526911934581184,0
54,trip,2400,2412.0089706448603,z31,z22,toy-0005585,,,False,40.56633928657581,0.0,39.48553192853838,0.35,3.2526911934581184,0
56,trip,2400,2418.309854494165,z31,z12,toy-0005584,,,False,40.32049837945032,0.0,38.67261147497547,0.35,5.142956348249516,0
41,trip,2400,2429.351274623054,z20,z12,toy-0005576,,,False,44.93838528392505,0.0,42.29677056785018,2.3,6.505382386916237,0
42,trip,2400,2408.8333333333335,z21,z31,toy-0005578,,,False,37.50303311104065,0.0,36.70803311104065,0.35,2.3,0
82,trip,2400,2408.8333333333335,z31,z30,toy-0005581,,,False,47.100000000000165,0.0,46.30500000000016,0.35,2.3,0
15,visit,2400,2415.0,z11,z11,,hub_center,local,True,23.434804844666914,12.777777777777779,36.00258262244469,0.7,0,7.666666666666668
50,visit,2400,2420.3333333333335,z22,z22,,hub_inner,local,False,36.22474754581735,0.0,34.84474754581735,4.6,0,0
34,trip,2405,2413.8333333333335,z22,z21,toy-0005606,,,False,41.61130573748747,0.0,40.81630573748747,0.35,2.3,0
83,trip,2405,2423.309854494165,z10,z22,toy-0005589,,,False,37.98261147497537,0.0,36.33472457050052,0.35,5.142956348249516,0
4,trip,2405,2430.410795394624,z31,z00,toy-0005599,,,False,41.133418833012634,0.0,38.84644724749645,0.35,7.273238618387272,0
32,trip,2405,2420.3333333333335,z32,z32,toy-0005602,,,False,45.662113095525356,0.0,44.282113095525354,2.3,2.3,0
52,trip,2405,2417.0089706448603,z21,z30,toy-0005597,,,False,34.50603030798835,0.0,33.425222949950914,0.35,3.2526911934581184,0
53,trip,2405,2413.8333333333335,z21,z20,toy-0005596,,,False,46.81419264196281,0.0,46.01919264196281,0.35,2.3,0
37,trip,2405,2435.6666666666665,z32,z01,toy-0005600,,,False,42.00639581097984,0.0,39.24639581097984,2.3,6.8999999999999995,0
62,trip,2405,2417.0089706448603,z32,z21,toy-0005607,,,False,43.78177056785027,0.0,42.70096320981284,0.35,3.2526911934581184,0
86,trip,2405,2421.5,z32,z12,toy-0005608,,,False,46.30499999999987,0.0,44.81999999999987,0.35,4.6,0
22,trip,2405,2427.851274623054,z20,z02,toy-0005590,,,False,45.61500000000014,0.0,43.55838528392527,0.35,6.505382386916237,0
0,trip,2405,2417.0089706448603,z12,z01,toy-0005604,,,False,46.24711309552492,0.0,45.166305737487484,0.35,3.2526911934581184,0
17,trip,2405,2429.1666666666665,z01,z31,toy-0005592,,,False,41.96838528392491,0.0,39.79338528392491,0.35,6.8999999999999995,0
35,trip,2405,2417.0089706448603,z22,z11,toy-0005605,,,False,42.240249470929925,0.0,41.15944211289249,0.35,3.2526911934581184,0
26,trip,2405,2423.309854494165,z20,z32,toy-0005591,,,False,43.96711309552536,0.0,42.31922619105051,0.35,5.142956348249516,0
21,trip,2405,2421.5,z11,z31,toy-0005594,,,False,33.65530714622917,0.0,32.17030714622917,0.35,4.6,0
24,trip,2405,2413.8333333333335,z11,z21,toy-0005593,,,False,45.45211309552543,0.0,44.65711309552543,0.35,2.3,0
77,trip,2405,2417.0089706448603,z21,z32,toy-0005598,,,False,42.72341883301295,0.0,41.64261147497552,0.35,3.2526911934581184,0
79,trip,2405,2428.0,z30,z11,toy-0005601,,,False,37.70563988945918,0.0,35.63563988945918,2.3,4.6,0
88,trip,2405,2413.8333333333335,z32,z22,toy-0005609,,,False,47.09999999999982,0.0,46.304999999999815,0.35,2.3,0
25,trip,2405,2423.309854494165,z12,z20,toy-0005603,,,False,35.148917212462976,0.0,33.501030307988124,0.35,5.142956348249516,0
28,trip,2405,2423.309854494165,z11,z32,toy-0005595,,,False,44.37130573748786,0.0,42.72341883301301,0.35,5.142956348249516,0
16,visit,2405,2425.3333333333335,z12,z12,,hub_center,local,False,37.642719435896815,0.0,36.26271943589681,4.6,0,0
13,visit,2405,2440.6666666666665,z02,z02,,depot_west,local,False,39.50849794140288,0.0,36.74849794140288,9.2,0,0
87,visit,2405,2420.0,z30,z30,,depot_south,,True,38.65711309552497,9.447886904475029,47.894999999999996,0.7,0,5.668732142685017
58,trip,2410,2422.0089706448603,z20,z11,toy-0005611,,,False,44.53419264196288,0.0,43.45338528392545,0.35,3.2526911934581184,0
67,trip,2410,2426.5,z20,z22,toy-0005612,,,False,46.019192641962825,0.0,44.534192641962825,0.35,4.6,0
8,trip,2410,2428.309854494165,z32,z11,toy-0005627,,,False,45.14838528392539,0.0,43.50049837945054,0.35,5.142956348249516,0
43,trip,2410,2422.0089706448603,z22,z31,toy-0005622,,,False,40.76919264196296,0.0,39.68838528392553,0.35,3.2526911934581184,0
2,trip,2410,2418.8333333333335,z31,z21,toy-0005618,,,False,39.98302841448358,0.0,39.188028414483576,0.35,2.3,0
49,trip,2410,2422.0089706448603,z11,z22,toy-0005614,,,False,46.409999999999805,0.0,45.32919264196237,0.35,3.2526911934581184,0
29,trip,2410,2422.0089706448603,z21,z10,toy-0005615,,,False,47.895000000000245,0.0,46.81419264196281,0.35,3.2526911934581184,0
64,trip,2410,2433.0,z12,z20,toy-0005621,,,False,46.01919264196298,0.0,43.94919264196298,2.3,4.6,0
71,trip,2410,2418.8333333333335,z32,z31,toy-0005628,,,False,37.3231699244927,0.0,36.5281699244927,0.35,2.3,0
5,trip,2410,2433.0,z31,z30,toy-0005625,,,False,47.89499999999999,0.0,45.82499999999999,2.3,4.6,0
72,trip,2410,2418.8333333333335,z12,z22,toy-0005620,,,False,41.41469102141298,0.0,40.619691021412976,0.35,2.3,0
60,trip,2410,2418.8333333333335,z11,z12,toy-0005613,,,False,47.89500000000033,0.0,47.10000000000033,0.35,2.3,0
85,trip,2410,2422.0089706448603,z10,z21,toy-0005610,,,False,38.09888366337525,0.0,37.018076305337814,0.35,3.2526911934581184,0
42,trip,2410,2441.910795394624,z31,z01,toy-0005626,,,False,36.70803311104068,0.0,33.8360615255245,2.3,7.273238618387272,0
57,trip,2410,2422.0089706448603,z31,z22,toy-0005619,,,False,41.010498379450375,0.0,39.92969102141294,0.35,3.2526911934581184,0
69,trip,2410,2422.0089706448603,z31,z20,toy-0005617,,,False,41.40130573748791,0.0,40.32049837945048,0.35,3.2526911934581184,0
81,trip,2410,2428.309854494165,z31,z10,toy-0005616,,,False,39.61257792588764,0.0,37.96469102141279,0.35,5.142956348249516,0
65,trip,2410,2428.5089706448603,z11,z32,toy-0005623,,,False,46.81419264196227,0.0,45.14838528392484,3.2526911934581184,2.3,0
75,trip,2410,2447.017941289721,z30,z10,toy-0005624,,,False,39.603475357417814,0.0,36.27186064134294,4.6,6.505382386916237,0
1,visit,2410,2458.6846079563875,z21,z21,,depot_south,central,False,37.85991672769959,0.0,35.90830201162472,6.505382386916237,0,0
38,visit,2410,2425.0,z32,z32,,hub_waterfront,local,True,41.73105682896738,6.373943171032615,47.894999999999996,0.7,0,3.824365902619569
11,visit,2410,2452.3333333333335,z31,z31,,depot_south,central,False,42.40441442613769,0.0,41.02441442613769,4.6,0,0
46,visit,2410,2425.0,z21,z21,,hub_inner,local,True,44.37130573748811,3.7336942625118894,47.894999999999996,0.7,0,2.2402165575071336
84,visit,2410,2445.6666666666665,z02,z02,,depot_west,local,False,45.45211309552498,0.0,42.69211309552498,9.2,0,0
19,trip,2415,2427.0089706448603,z31,z22,toy-0005641,,,False,24.29386162691806,0.0,23.213054268880622,0.35,3.2526911934581184,0
6,trip,2415,2446.910795394624,z32,z02,toy-0005639,,,False,47.895000000000294,0.0,45.023028414484116,2.3,7.273238618387272,0
78,trip,2415,2423.8333333333335,z32,z22,toy-0005647,,,False,35.964770129803135,0.0,35.16977012980313,0.35,2.3,0
34,trip,2415,2423.8333333333335,z21,z22,toy-0005634,,,False,40.8163057374875,0.0,40.021305737487495,0.35,2.3,0
27,trip,2415,2445.6666666666665,z30,z01,toy-0005636,,,False,32.45625586015883,0.0,29.69625586015883,2.3,6.8999999999999995,0
82,trip,2415,2439.809854494165,z30,z12,toy-0005640,,,False,46.30500000000019,0.0,44.07211309552534,2.3,5.142956348249516,0
15,trip,2415,2430.3333333333335,z11,z11,toy-0005632,,,False,36.002582622444464,0.0,34.62258262244446,2.3,2.3,0
20,trip,2415,2433.5089706448603,z22,z30,toy-0005635,,,False,28.894415591913763,0.0,27.228608233876326,3.2526911934581184,2.3,0
54,trip,2415,2433.5089706448603,z22,z21,toy-0005645,,,False,39.485531928538386,0.0,37.81972457050095,2.3,3.2526911934581184,0
88,trip,2415,2445.6666666666665,z22,z02,toy-0005646,,,False,46.30499999999984,0.0,43.544999999999845,2.3,6.8999999999999995,0
10,trip,2415,2457.9758931118904,z12,z00,toy-0005643,,,False,34.056161244226786,0.0,30.188330864156633,4.6,8.292767933567175,0
36,trip,2415,2439.809854494165,z20,z00,toy-0005631,,,False,46.81419264196296,0.0,44.58130573748811,2.3,5.142956348249516,0
31,trip,2415,2447.476521160832,z12,z20,toy-0005644,,,False,35.463917212463,0.0,32.541030307988144,4.6,5.142956348249516,0
44,trip,2415,2430.3333333333335,z11,z31,toy-0005633,,,False,43.967113095525306,0.0,42.587113095525304,2.3,2.3,0
23,trip,2415,2438.0,z10,z00,toy-0005629,,,False,39.76680411693785,0.0,37.69680411693785,2.3,4.6,0
66,trip,2415,2427.0089706448603,z11,z20,toy-0005630,,,False,40.26261147497569,0.0,39.18180411693826,0.35,3.2526911934581184,0
14,trip,2415,2445.6666666666665,z01,z21,toy-0005638,,,False,40.83802841448401,0.0,38.07802841448401,6.8999999999999995,2.3,0
51,trip,2415,2445.6666666666665,z01,z32,toy-0005642,,,False,30.658076305337804,0.0,27.898076305337803,6.8999999999999995,2.3,0
59,trip,2415,2453.3333333333335,z01,z11,toy-0005637,,,False,43.15419264196275,0.0,39.70419264196275,6.8999999999999995,4.6,0
55,visit,2415,2430.0,z11,z11,,hub_center,local,True,39.12130573748754,8.983694262512456,47.894999999999996,0.7,0,5.3902165575074745
39,visit,2415,2435.3333333333335,z22,z22,,hub_inner,local,False,42.31469102141257,0.0,40.93469102141257,4.6,0,0
24,visit,2415,2463.6846079563875,z21,z21,,depot_south,central,False,44.65711309552546,0.0,42.70549837945059,6.505382386916237,0,0
53,visit,2415,2457.3333333333335,z20,z20,,depot_south,central,False,46.01919264196284,0.0,44.639192641962836,4.6,0,0
70,visit,2415,2430.0,z00,z00,,depot_west,,True,36.66691207785909,11.438087922140909,47.894999999999996,0.7,0,6.862852753284545
12,trip,2420,2445.410795394624,z31,z00,toy-0005657,,,False,34.72486020329511,0.0,32.437888617778924,0.35,7.273238618387272,0
2,trip,2420,2436.5,z21,z01,toy-0005654,,,False,39.188028414483604,0.0,37.703028414483605,0.35,4.6,0
3,trip,2420,2436.5,z22,z02,toy-0005664,,,False,15.737133862033975,0.0,14.252133862033975,0.35,4.6,0
61,trip,2420,2428.8333333333335,z20,z21,toy-0005650,,,False,31.741495138350885,0.0,30.946495138350883,0.35,2.3,0
62,trip,2420,2432.0089706448603,z21,z12,toy-0005655,,,False,42.70096320981285,0.0,41.620155851775415,0.35,3.2526911934581184,0
71,trip,2420,2432.0089706448603,z31,z20,toy-0005659,,,False,36.52816992449273,0.0,35.4473625664553,0.35,3.2526911934581184,0
52,trip,2420,2444.809854494165,z30,z10,toy-0005658,,,False,33.42522294995092,0.0,31.19233604547607,2.3,5.142956348249516,0
87,trip,2420,2438.5089706448603,z30,z31,toy-0005651,,,False,47.89499999999966,0.0,46.22919264196223,2.3,3.2526911934581184,0
35,trip,2420,2438.5089706448603,z11,z32,toy-0005656,,,False,41.1594421128925,0.0,39.493634754855066,2.3,3.2526911934581184,0
0,trip,2420,2435.3333333333335,z01,z10,toy-0005653,,,False,45.16630573748749,0.0,43.78630573748749,2.3,2.3,0
72,trip,2420,2428.8333333333335,z22,z21,toy-0005663,,,False,40.619691021413004,0.0,39.824691021413,0.35,2.3,0
77,trip,2420,2435.3333333333335,z32,z32,toy-0005660,,,False,41.642611474975524,0.0,40.26261147497552,2.3,2.3,0
56,trip,2420,2435.3333333333335,z12,z12,toy-0005665,,,False,38.67261147497547,0.0,37.292611474975466,2.3,2.3,0
45,trip,2420,2444.809854494165,z00,z31,toy-0005648,,,False,39.46761147497536,0.0,37.234724570500504,2.3,5.142956348249516,0
68,trip,2420,2428.8333333333335,z01,z02,toy-0005652,,,False,32.77972457050084,0.0,31.984724570500838,0.35,2.3,0
60,trip,2420,2443.0,z12,z31,toy-0005666,,,False,47.10000000000036,0.0,45.030000000000356,4.6,2.3,0
33,trip,2420,2452.476521160832,z02,z10,toy-0005662,,,False,40.96166903167153,0.0,38.038782127196676,4.6,5.142956348249516,0
40,trip,2420,2443.0,z02,z32,toy-0005661,,,False,42.763385283924926,0.0,40.693385283924925,2.3,4.6,0
48,trip,2420,2443.0,z00,z30,toy-0005649,,,False,40.03469102141293,0.0,37.96469102141293,4.6,2.3,0
9,visit,2420,2440.3333333333335,z22,z22,,hub_waterfront,local,False,36.27683766602579,0.0,34.89683766602579,4.6,0,0
7,visit,2420,2440.3333333333335,z10,z10,,depot_west,local,False,36.8884188330129,0.0,35.5084188330129,4.6,0,0
58,trip,2425,2433.8333333333335,z11,z01,toy-0005674,,,False,43.453385283925456,0.0,42.658385283925455,0.35,2.3,0
34,trip,2425,2447.851274623054,z22,z00,toy-0005684,,,False,40.02130573748752,0.0,37.964691021412655,0.35,6.505382386916237,0
29,trip,2425,2447.851274623054,z10,z32,toy-0005670,,,False,46.81419264196282,0.0,44.75757792588795,0.35,6.505382386916237,0
49,trip,2425,2443.309854494165,z22,z01,toy-0005686,,,False,45.32919264196238,0.0,43.68130573748753,0.35,5.142956348249516,0
46,trip,2425,2433.8333333333335,z21,z31,toy-0005677,,,False,47.895000000000145,0.0,47.10000000000014,0.35,2.3,0
50,trip,2425,2433.8333333333335,z22,z32,toy-0005688,,,False,34.84474754581737,0.0,34.04974754581737,0.35,2.3,0
85,trip,2425,2443.309854494165,z21,z02,toy-0005678,,,False,37.01807630533782,0.0,35.37018940086297,0.35,5.142956348249516,0
18,trip,2425,2443.309854494165,z32,z11,toy-0005689,,,False,34.815249470930645,0.0,33.16736256645579,0.35,5.142956348249516,0
26,trip,2425,2433.8333333333335,z32,z31,toy-0005691,,,False,42.31922619105051,0.0,41.52422619105051,0.35,2.3,0
21,trip,2425,2433.8333333333335,z31,z30,toy-0005679,,,False,32.17030714622916,0.0,31.37530714622916,0.35,2.3,0
25,trip,2425,2433.8333333333335,z20,z10,toy-0005671,,,False,33.501030307988124,0.0,32.70603030798812,0.35,2.3,0
57,trip,2425,2443.309854494165,z22,z30,toy-0005685,,,False,39.92969102141295,0.0,38.2818041169381,0.35,5.142956348249516,0
63,trip,2425,2433.8333333333335,z00,z01,toy-0005667,,,False,47.894999999999904,0.0,47.0999999999999,0.35,2.3,0
73,trip,2425,2443.309854494165,z00,z12,toy-0005669,,,False,47.895000000000095,0.0,46.24711309552524,0.35,5.142956348249516,0
83,trip,2425,2437.0089706448603,z22,z31,toy-0005687,,,False,36.33472457050052,0.0,35.25391721246309,0.35,3.2526911934581184,0
74,trip,2425,2443.309854494165,z00,z21,toy-0005668,,,False,39.362169619929894,0.0,37.71428271545504,0.35,5.142956348249516,0
43,trip,2425,2440.3333333333335,z31,z20,toy-0005676,,,False,39.688385283925534,0.0,38.30838528392553,2.3,2.3,0
28,trip,2425,2449.809854494165,z32,z12,toy-0005682,,,False,42.72341883301301,0.0,40.490531928538154,2.3,5.142956348249516,0
38,trip,2425,2437.0089706448603,z32,z21,toy-0005690,,,False,47.895000000000366,0.0,46.81419264196293,0.35,3.2526911934581184,0
69,trip,2425,2451.175637311527,z20,z11,toy-0005680,,,False,40.320498379450484,0.0,37.964691021413046,3.2526911934581184,4.6,0
89,trip,2425,2457.476521160832,z00,z01,toy-0005672,,,False,45.434192641962525,0.0,42.51130573748767,4.6,5.142956348249516,0
76,trip,2425,2459.286375654997,z01,z12,toy-0005673,,,False,38.44014151000868,0.0,35.35436770105897,5.142956348249516,5.142956348249516,0
86,trip,2425,2455.6666666666665,z12,z12,toy-0005692,,,False,44.819999999999865,0.0,42.05999999999987,4.6,4.6,0
80,trip,2425,2451.175637311527,z02,z31,toy-0005675,,,False,44.813028414484066,0.0,42.45722105644663,3.2526911934581184,4.6,0
78,visit,2425,2445.3333333333335,z22,z22,,hub_inner,local,False,35.16977012980316,0.0,33.78977012980316,4.6,0,0
32,visit,2425,2440.0,z32,z32,,hub_waterfront,local,True,44.282113095525375,3.822886904474622,47.894999999999996,0.7,0,2.293732142684773
8,trip,2430,2438.8333333333335,z11,z21,toy-0005694,,,False,43.50049837945054,0.0,42.70549837945054,0.35,2.3,0
61,trip,2430,2438.8333333333335,z21,z22,toy-0005699,,,False,30.94649513835091,0.0,30.15149513835091,0.35,2.3,0
17,trip,2430,2446.5,z31,z11,toy-0005703,,,False,39.79338528392491,0.0,38.30838528392491,0.35,4.6,0
65,trip,2430,2438.8333333333335,z32,z22,toy-0005714,,,False,45.14838528392484,0.0,44.35338528392484,0.35,2.3,0
22,trip,2430,2458.809226445224,z02,z30,toy-0005707,,,False,43.55838528392527,0.0,40.965554903855114,0.35,8.292767933567175,0
19,trip,2430,2463.8423039781937,z22,z01,toy-0005702,,,False,23.213054268880636,0.0,20.1672469108432,3.2526911934581184,6.8999999999999995,0
55,trip,2430,2448.5089706448603,z11,z32,toy-0005700,,,False,47.894999999999726,0.0,46.22919264196229,2.3,3.2526911934581184,0
67,trip,2430,2459.351274623054,z22,z10,toy-0005711,,,False,44.53419264196282,0.0,41.89257792588795,2.3,6.505382386916237,0
66,trip,2430,2448.5089706448603,z20,z32,toy-0005705,,,False,39.18180411693827,0.0,37.51599675890083,3.2526911934581184,2.3,0
16,trip,2430,2469.577462061291,z12,z01,toy-0005713,,,False,36.262719435896834,0.0,32.70074785038065,4.6,7.273238618387272,0
79,trip,2430,2448.5089706448603,z11,z30,toy-0005697,,,False,35.63563988945916,0.0,33.96983253142173,2.3,3.2526911934581184,0
41,trip,2430,2462.476521160832,z12,z20,toy-0005712,,,False,42.296770567850174,0.0,39.37388366337532,4.6,5.142956348249516,0
47,trip,2430,2456.175637311527,z02,z11,toy-0005710,,,False,35.072362566455254,0.0,32.716555208417816,4.6,3.2526911934581184,0
81,trip,2430,2451.6846079563875,z10,z10,toy-0005696,,,False,37.96469102141279,0.0,36.01307630533792,3.2526911934581184,3.2526911934581184,0
68,trip,2430,2459.351274623054,z02,z30,toy-0005708,,,False,31.984724570500862,0.0,29.343109854425993,2.3,6.505382386916237,0
70,trip,2430,2461.910795394624,z00,z32,toy-0005693,,,False,47.89500000000018,0.0,45.023028414484,2.3,7.273238618387272,0
72,visit,2430,2445.0,z21,z21,,hub_inner,local,True,39.82469102141303,8.280308978586966,47.894999999999996,0.7,0,4.96818538715218
26,trip,2435,2453.309854494165,z31,z10,toy-0005720,,,False,41.52422619105054,0.0,39.876339286575686,0.35,5.142956348249516,0
15,trip,2435,2453.309854494165,z11,z30,toy-0005717,,,False,34.62258262244448,0.0,32.97469571796963,0.35,5.142956348249516,0
44,trip,2435,2447.0089706448603,z31,z22,toy-0005723,,,False,42.587113095525325,0.0,41.50630573748789,0.35,3.2526911934581184,0
50,trip,2435,2463.809226445224,z32,z00,toy-0005728,,,False,34.0497475458174,0.0,31.456917165747242,0.35,8.292767933567175,0
46,trip,2435,2458.0,z31,z30,toy-0005729,,,False,47.10000000000017,0.0,45.03000000000017,2.3,4.6,0
5,trip,2435,2466.910795394624,z30,z02,toy-0005721,,,False,45.824999999999974,0.0,42.953028414483796,2.3,7.273238618387272,0
20,trip,2435,2458.0,z30,z31,toy-0005730,,,False,27.228608233876344,0.0,25.158608233876343,4.6,2.3,0
21,trip,2435,2450.3333333333335,z30,z32,toy-0005724,,,False,31.375307146229186,0.0,29.995307146229187,2.3,2.3,0
25,trip,2435,2453.5089706448603,z10,z22,toy-0005718,,,False,32.70603030798815,0.0,31.040222949950714,2.3,3.2526911934581184,0
58,trip,2435,2451.5,z01,z21,toy-0005716,,,False,42.65838528392548,0.0,41.173385283925484,0.35,4.6,0
62,trip,2435,2458.0,z12,z20,toy-0005727,,,False,41.62015585177542,0.0,39.55015585177542,2.3,4.6,0
64,trip,2435,2462.985491805692,z20,z12,toy-0005722,,,False,43.949192641962966,0.0,41.430498379450675,3.2526911934581184,5.142956348249516,0
71,trip,2435,2470.0864327061513,z20,z00,toy-0005719,,,False,35.447362566455304,0.0,32.28958362290169,3.2526911934581184,7.273238618387272,0
63,trip,2435,2453.5089706448603,z01,z11,toy-0005725,,,False,47.09999999999993,0.0,45.4341926419625,3.2526911934581184,2.3,0
4,trip,2435,2462.985491805692,z00,z21,toy-0005726,,,False,38.84644724749645,0.0,36.32775298498416,5.142956348249516,3.2526911934581184,0
83,trip,2440,2452.0089706448603,z31,z22,toy-0005742,,,False,35.253917212463094,0.0,34.17310985442566,0.35,3.2526911934581184,0
32,trip,2440,2452.0089706448603,z32,z21,toy-0005747,,,False,47.89500000000007,0.0,46.814192641962634,0.35,3.2526911934581184,0
39,trip,2440,2452.0089706448603,z22,z31,toy-0005745,,,False,40.93469102141259,0.0,39.85388366337516,0.35,3.2526911934581184,0
87,trip,2440,2456.5,z31,z11,toy-0005740,,,False,46.22919264196223,0.0,44.74419264196223,0.35,4.6,0
0,trip,2440,2463.0,z10,z22,toy-0005731,,,False,43.78630573748751,0.0,41.71630573748751,2.3,4.6,0
8,trip,2440,2455.3333333333335,z21,z32,toy-0005743,,,False,42.70549837945057,0.0,41.325498379450565,2.3,2.3,0
35,trip,2440,2455.3333333333335,z32,z21,toy-0005741,,,False,39.493634754855066,0.0,38.11363475485506,2.3,2.3,0
38,trip,2440,2466.175637311527,z21,z32,toy-0005732,,,False,46.81419264196294,0.0,44.4583852839255,3.2526911934581184,4.6,0
61,trip,2440,2464.809854494165,z22,z00,toy-0005734,,,False,30.15149513835094,0.0,27.918608233876085,2.3,5.142956348249516,0
77,trip,2440,2456.5,z32,z12,toy-0005749,,,False,40.26261147497554,0.0,38.777611474975544,0.35,4.6,0
2,trip,2440,2458.5089706448603,z01,z00,toy-0005733,,,False,37.7030284144836,0.0,36.037221056446164,2.3,3.2526911934581184,0
65,trip,2440,2455.3333333333335,z22,z31,toy-0005735,,,False,44.353385283924865,0.0,42.97338528392486,2.3,2.3,0
82,trip,2440,2455.3333333333335,z12,z21,toy-0005744,,,False,44.07211309552534,0.0,42.692113095525336,2.3,2.3,0
3,trip,2440,2470.6666666666665,z02,z22,toy-0005750,,,False,14.252133862033977,0.0,11.492133862033977,6.8999999999999995,2.3,0
37,trip,2440,2470.6666666666665,z01,z30,toy-0005738,,,False,39.246395810979834,0.0,36.486395810979836,6.8999999999999995,2.3,0
36,trip,2440,2490.6425597785574,z00,z02,toy-0005748,,,False,44.58130573748811,0.0,40.02347535741796,8.292767933567175,6.8999999999999995,0
56,visit,2440,2501.286375654997,z12,z12,,depot_west,central,False,37.29261147497549,0.0,34.20683766602578,10.285912696499032,0,0
23,visit,2440,2455.0,z00,z00,,depot_west,local,True,37.696804116937834,10.408195883062165,47.894999999999996,0.7,0,6.2449175298372985
54,visit,2440,2455.0,z21,z21,,hub_inner,local,True,37.81972457050095,10.285275429499045,47.894999999999996,0.7,0,6.1711652576994265
43,trip,2445,2457.0089706448603,z20,z31,toy-0005753,,,False,38.30838528392555,0.0,37.22757792588812,0.35,3.2526911934581184,0
45,trip,2445,2463.309854494165,z31,z10,toy-0005761,,,False,37.234724570500504,0.0,35.58683766602565,0.35,5.142956348249516,0
9,trip,2445,2453.8333333333335,z22,z12,toy-0005764,,,False,34.89683766602581,0.0,34.10183766602581,0.35,2.3,0
72,trip,2445,2457.0089706448603,z21,z32,toy-0005760,,,False,47.89499999999982,0.0,46.814192641962386,0.35,3.2526911934581184,0
40,trip,2445,2453.8333333333335,z32,z31,toy-0005768,,,False,40.69338528392491,0.0,39.89838528392491,0.35,2.3,0
13,trip,2445,2470.410795394624,z02,z31,toy-0005763,,,False,36.74849794140283,0.0,34.46152635588665,0.35,7.273238618387272,0
74,trip,2445,2453.8333333333335,z21,z22,toy-0005759,,,False,37.71428271545504,0.0,36.91928271545504,0.35,2.3,0
7,trip,2445,2463.5089706448603,z10,z11,toy-0005752,,,False,35.50841883301292,0.0,33.842611474975484,2.3,3.2526911934581184,0
18,trip,2445,2457.0089706448603,z11,z02,toy-0005756,,,False,33.16736256645579,0.0,32.08655520841836,0.35,3.2526911934581184,0
42,trip,2445,2453.8333333333335,z01,z00,toy-0005755,,,False,33.83606152552449,0.0,33.04106152552449,0.35,2.3,0
48,trip,2445,2473.809226445224,z30,z02,toy-0005754,,,False,37.96469102141292,0.0,35.371860641342764,0.35,8.292767933567175,0
73,trip,2445,2482.017941289721,z12,z10,toy-0005766,,,False,46.24711309552524,0.0,42.91549837945037,4.6,6.505382386916237,0
52,trip,2445,2479.286375654997,z10,z12,toy-0005762,,,False,31.19233604547607,0.0,28.106562236526358,5.142956348249516,5.142956348249516,0
49,trip,2445,2486.387316555456,z01,z20,toy-0005767,,,False,43.68130573748753,0.0,39.95644724749649,7.273238618387272,5.142956348249516,0
85,visit,2445,2471.6846079563875,z02,z02,,hub_center,local,False,35.37018940086297,0.0,33.4185746847881,6.505382386916237,0,0
57,visit,2445,2460.0,z30,z30,,depot_south,local,True,38.2818041169381,9.823195883061901,47.894999999999996,0.7,0,5.8939175298371405
60,visit,2445,2460.0,z31,z31,,hub_core,local,True,45.03000000000034,3.0749999999996547,47.894999999999996,0.7,0,1.8449999999997928
29,trip,2450,2475.410795394624,z32,z01,toy-0005790,,,False,44.75757792588795,0.0,42.470606340371766,0.35,7.273238618387272,0
27,trip,2450,2473.0,z01,z31,toy-0005774,,,False,29.696255860158836,0.0,27.626255860158835,2.3,4.6,0
51,trip,2450,2468.5089706448603,z32,z20,toy-0005779,,,False,27.89807630533782,0.0,26.232268947300383,2.3,3.2526911934581184,0
75,trip,2450,2466.5,z10,z12,toy-0005771,,,False,36.271860641342904,0.0,34.786860641342905,0.35,4.6,0
55,trip,2450,2468.5089706448603,z32,z22,toy-0005783,,,False,46.22919264196229,0.0,44.56338528392486,2.3,3.2526911934581184,0
28,trip,2450,2468.5089706448603,z12,z20,toy-0005773,,,False,40.490531928538154,0.0,38.82472457050072,2.3,3.2526911934581184,0
79,trip,2450,2465.3333333333335,z30,z21,toy-0005781,,,False,33.96983253142173,0.0,32.58983253142173,2.3,2.3,0
31,trip,2450,2468.5089706448603,z20,z32,toy-0005784,,,False,32.541030307988116,0.0,30.87522294995068,3.2526911934581184,2.3,0
44,trip,2450,2468.309854494165,z22,z10,toy-0005786,,,False,41.5063057374879,0.0,39.85841883301305,0.35,5.142956348249516,0
78,trip,2450,2465.3333333333335,z22,z31,toy-0005777,,,False,33.78977012980318,0.0,32.40977012980318,2.3,2.3,0
6,trip,2450,2498.488257455915,z02,z00,toy-0005778,,,False,45.02302841448411,0.0,40.65908524345175,7.273238618387272,7.273238618387272,0
84,trip,2450,2474.809854494165,z02,z00,toy-0005785,,,False,42.69211309552493,0.0,40.45922619105008,2.3,5.142956348249516,0
88,trip,2450,2476.175637311527,z02,z11,toy-0005788,,,False,43.54499999999984,0.0,41.1891926419624,4.6,3.2526911934581184,0
12,trip,2450,2474.809854494165,z00,z11,toy-0005776,,,False,32.437888617778924,0.0,30.20500171330407,5.142956348249516,2.3,0
34,trip,2450,2468.5089706448603,z00,z12,toy-0005775,,,False,37.964691021412655,0.0,36.29888366337522,3.2526911934581184,2.3,0
66,visit,2450,2465.0,z32,z32,,hub_waterfront,local,True,37.51599675890083,10.589003241099164,47.894999999999996,0.7,0,6.353401944659498
14,visit,2450,2465.0,z21,z21,,hub_inner,local,True,38.078028414484,10.026971585515996,47.894999999999996,0.7,0,6.016182951309597
17,visit,2450,2465.0,z11,z11,,hub_center,local,True,38.308385283924906,9.79661471607509,47.894999999999996,0.7,0,5.877968829645055
21,trip,2455,2473.309854494165,z32,z11,toy-0005810,,,False,29.995307146229212,0.0,28.347420241754357,0.35,5.142956348249516,0
25,trip,2455,2471.5,z22,z20,toy-0005806,,,False,31.040222949950724,0.0,29.555222949950725,0.35,4.6,0
32,trip,2455,2473.309854494165,z21,z02,toy-0005798,,,False,46.81419264196264,0.0,45.16630573748779,0.35,5.142956348249516,0
23,trip,2455,2470.3333333333335,z00,z11,toy-0005794,,,False,47.895000000000344,0.0,46.51500000000034,2.3,2.3,0
11,trip,2455,2473.309854494165,z31,z10,toy-0005799,,,False,41.02441442613771,0.0,39.37652752166286,0.35,5.142956348249516,0
39,trip,2455,2463.8333333333335,z31,z21,toy-0005802,,,False,39.853883663375164,0.0,39.05888366337516,0.35,2.3,0
59,trip,2455,2473.309854494165,z11,z32,toy-0005795,,,False,39.70419264196272,0.0,38.05630573748787,0.35,5.142956348249516,0
9,trip,2455,2471.5,z12,z10,toy-0005804,,,False,34.10183766602584,0.0,32.61683766602584,0.35,4.6,0
74,trip,2455,2471.5,z22,z02,toy-0005808,,,False,36.91928271545507,0.0,35.43428271545507,0.35,4.6,0
40,trip,2455,2470.3333333333335,z31,z31,toy-0005811,,,False,39.89838528392494,0.0,38.518385283924935,2.3,2.3,0
15,trip,2455,2463.8333333333335,z30,z31,toy-0005793,,,False,32.97469571796963,0.0,32.17969571796963,0.35,2.3,0
80,trip,2455,2478.0,z31,z30,toy-0005809,,,False,42.4572210564466,0.0,40.3872210564466,2.3,4.6,0
54,trip,2455,2470.3333333333335,z21,z32,toy-0005803,,,False,47.89500000000033,0.0,46.51500000000033,2.3,2.3,0
83,trip,2455,2473.309854494165,z22,z30,toy-0005807,,,False,34.17310985442567,0.0,32.525222949950816,0.35,5.142956348249516,0
58,trip,2455,2470.3333333333335,z21,z30,toy-0005800,,,False,41.17338528392548,0.0,39.793385283925474,2.3,2.3,0
63,trip,2455,2496.387316555456,z11,z01,toy-0005792,,,False,45.4341926419625,0.0,41.70933415197146,5.142956348249516,7.273238618387272,0
69,trip,2455,2493.3333333333335,z11,z01,toy-0005801,,,False,37.96469102141302,0.0,34.514691021413014,4.6,6.8999999999999995,0
42,trip,2455,2482.985491805692,z00,z10,toy-0005796,,,False,33.04106152552452,0.0,30.522367263012228,5.142956348249516,3.2526911934581184,0
81,visit,2455,2475.3333333333335,z10,z10,,depot_west,local,False,36.013076305337904,0.0,34.6330763053379,4.6,0,0
33,visit,2455,2475.3333333333335,z10,z10,,depot_west,local,False,38.03878212719665,0.0,36.658782127196645,4.6,0,0
26,visit,2455,2475.3333333333335,z10,z10,,depot_west,local,False,39.876339286575686,0.0,38.49633928657568,4.6,0,0
20,trip,2460,2472.0089706448603,z31,z20,toy-0005824,,,False,25.158608233876343,0.0,24.077800875838907,0.35,3.2526911934581184,0
1,trip,2460,2475.3333333333335,z21,z21,toy-0005831,,,False,35.908302011624706,0.0,34.5283020116247,2.3,2.3,0
8,trip,2460,2478.309854494165,z32,z20,toy-0005834,,,False,41.325498379450586,0.0,39.677611474975734,0.35,5.142956348249516,0
18,trip,2460,2468.8333333333335,z02,z12,toy-0005828,,,False,32.08655520841837,0.0,31.291555208418366,0.35,2.3,0
72,trip,2460,2476.5,z32,z12,toy-0005836,,,False,46.81419264196239,0.0,45.32919264196239,0.35,4.6,0
47,trip,2460,2468.8333333333335,z11,z21,toy-0005819,,,False,32.71655520841779,0.0,31.921555208417786,0.35,2.3,0
43,trip,2460,2472.0089706448603,z31,z22,toy-0005827,,,False,37.22757792588813,0.0,36.146770567850695,0.35,3.2526911934581184,0
89,trip,2460,2485.410795394624,z01,z30,toy-0005816,,,False,42.51130573748764,0.0,40.224334151971455,0.35,7.273238618387272,0
2,trip,2460,2490.6666666666665,z00,z31,toy-0005817,,,False,36.037221056446164,0.0,33.277221056446166,2.3,6.8999999999999995,0
35,trip,2460,2472.0089706448603,z21,z12,toy-0005821,,,False,38.113634754855084,0.0,37.03282739681765,0.35,3.2526911934581184,0
76,trip,2460,2468.8333333333335,z12,z22,toy-0005829,,,False,35.35436770105895,0.0,34.559367701058946,0.35,2.3,0
60,trip,2460,2495.309226445224,z31,z00,toy-0005833,,,False,47.89500000000003,0.0,44.71716961992988,2.3,8.292767933567175,0
87,trip,2460,2468.8333333333335,z11,z10,toy-0005818,,,False,44.74419264196222,0.0,43.94919264196222,0.35,2.3,0
10,trip,2460,2488.809226445224,z00,z32,toy-0005813,,,False,30.1883308641566,0.0,27.59550048408645,0.35,8.292767933567175,0
77,trip,2460,2475.3333333333335,z12,z32,toy-0005832,,,False,38.77761147497554,0.0,37.397611474975534,2.3,2.3,0
22,trip,2460,2468.8333333333335,z30,z20,toy-0005815,,,False,40.96555490385511,0.0,40.170554903855106,0.35,2.3,0
65,trip,2460,2478.309854494165,z31,z12,toy-0005826,,,False,42.973385283924884,0.0,41.32549837945003,0.35,5.142956348249516,0
46,trip,2460,2483.0,z30,z11,toy-0005825,,,False,45.03000000000016,0.0,42.96000000000016,2.3,4.6,0
82,trip,2460,2468.8333333333335,z21,z20,toy-0005820,,,False,42.69211309552536,0.0,41.897113095525356,0.35,2.3,0
67,trip,2460,2472.0089706448603,z10,z21,toy-0005814,,,False,41.89257792588794,0.0,40.81177056785051,0.35,3.2526911934581184,0
53,trip,2460,2492.476521160832,z20,z32,toy-0005830,,,False,44.63919264196286,0.0,41.716305737488,5.142956348249516,4.6,0
62,trip,2460,2478.5089706448603,z20,z32,toy-0005823,,,False,39.55015585177541,0.0,37.884348493737974,2.3,3.2526911934581184,0
57,trip,2460,2478.5089706448603,z30,z22,toy-0005822,,,False,47.89499999999966,0.0,46.22919264196223,3.2526911934581184,2.3,0
68,trip,2460,2498.3333333333335,z30,z02,toy-0005835,,,False,29.343109854426004,0.0,25.893109854426005,4.6,6.8999999999999995,0
86,visit,2460,2480.3333333333335,z12,z12,,hub_center,local,False,42.05999999999982,0.0,40.679999999999815,4.6,0,0
66,trip,2465,2487.851274623054,z32,z10,toy-0005858,,,False,47.895000000000366,0.0,45.8383852839255,0.35,6.505382386916237,0
41,trip,2465,2483.309854494165,z20,z32,toy-0005841,,,False,39.37388366337529,0.0,37.725996758900436,0.35,5.142956348249516,0
70,trip,2465,2490.410795394624,z32,z01,toy-0005859,,,False,45.023028414483996,0.0,42.73605682896781,0.35,7.273238618387272,0
14,trip,2465,2481.5,z21,z01,toy-0005844,,,False,47.89499999999981,0.0,46.40999999999981,0.35,4.6,0
0,trip,2465,2480.3333333333335,z22,z22,toy-0005863,,,False,41.716305737487495,0.0,40.33630573748749,2.3,2.3,0
15,trip,2465,2477.0089706448603,z31,z22,toy-0005853,,,False,32.17969571796966,0.0,31.09888835993222,0.35,3.2526911934581184,0
24,trip,2465,2480.3333333333335,z21,z32,toy-0005854,,,False,42.705498379450574,0.0,41.32549837945057,2.3,2.3,0
39,trip,2465,2473.8333333333335,z21,z11,toy-0005845,,,False,39.05888366337519,0.0,38.26388366337519,0.35,2.3,0
7,trip,2465,2477.0089706448603,z11,z22,toy-0005843,,,False,33.842611474975484,0.0,32.76180411693805,0.35,3.2526911934581184,0
17,trip,2465,2488.0,z11,z21,toy-0005851,,,False,47.89499999999983,0.0,45.82499999999983,4.6,2.3,0
19,trip,2465,2495.6666666666665,z01,z30,toy-0005849,,,False,20.167246910843204,0.0,17.407246910843206,6.8999999999999995,2.3,0
50,trip,2465,2489.809854494165,z00,z31,toy-0005846,,,False,31.456917165747235,0.0,29.224030261272382,5.142956348249516,2.3,0
61,visit,2465,2480.0,z00,z00,,depot_west,local,True,27.918608233876093,12.777777777777779,40.48638601165387,0.7,0,7.666666666666668
45,visit,2465,2507.3333333333335,z10,z10,,depot_west,central,False,35.58683766602565,0.0,34.20683766602565,4.6,0,0
4,visit,2465,2480.0,z21,z21,,hub_inner,local,True,36.32775298498414,11.77724701501586,47.894999999999996,0.7,0,7.066348209009516
64,visit,2465,2485.3333333333335,z12,z12,,hub_center,local,False,41.430498379450654,0.0,40.05049837945065,4.6,0,0
22,trip,2470,2486.5,z20,z00,toy-0005865,,,False,40.170554903855134,0.0,38.685554903855135,0.35,4.6,0
16,trip,2470,2488.309854494165,z01,z22,toy-0005874,,,False,32.70074785038062,0.0,31.052860945905767,0.35,5.142956348249516,0
78,trip,2470,2482.0089706448603,z31,z20,toy-0005879,,,False,32.4097701298032,0.0,31.328962771765763,0.35,3.2526911934581184,0
31,trip,2470,2486.5,z32,z30,toy-0005888,,,False,30.875222949950693,0.0,29.390222949950694,0.35,4.6,0
28,trip,2470,2478.8333333333335,z20,z10,toy-0005866,,,False,38.82472457050072,0.0,38.02972457050072,0.35,2.3,0
51,trip,2470,2482.0089706448603,z20,z31,toy-0005869,,,False,26.232268947300398,0.0,25.15146158926296,0.35,3.2526911934581184,0
82,trip,2470,2494.809854494165,z20,z11,toy-0005872,,,False,41.897113095525384,0.0,39.66422619105053,2.3,5.142956348249516,0
47,trip,2470,2502.526911934581,z21,z32,toy-0005864,,,False,31.92155520841781,0.0,28.994133134305503,3.2526911934581184,6.505382386916237,0
79,trip,2470,2485.3333333333335,z21,z30,toy-0005867,,,False,32.58983253142175,0.0,31.20983253142175,2.3,2.3,0
55,trip,2470,2494.809854494165,z22,z00,toy-0005877,,,False,44.56338528392486,0.0,42.330498379450006,2.3,5.142956348249516,0
76,trip,2470,2482.0089706448603,z22,z11,toy-0005885,,,False,34.559367701058974,0.0,33.47856034302154,0.35,3.2526911934581184,0
18,trip,2470,2491.6846079563875,z12,z32,toy-0005878,,,False,31.291555208418394,0.0,29.339940492343523,3.2526911934581184,3.2526911934581184,0
38,trip,2470,2485.3333333333335,z32,z12,toy-0005886,,,False,44.45838528392547,0.0,43.07838528392547,2.3,2.3,0
5,trip,2470,2485.3333333333335,z02,z02,toy-0005884,,,False,42.95302841448379,0.0,41.57302841448379,2.3,2.3,0
75,visit,2470,2496.6846079563875,z12,z12,,hub_inner,local,False,34.7868606413429,0.0,32.835245925268026,6.505382386916237,0,0
34,visit,2470,2496.6846079563875,z12,z12,,hub_inner,local,False,36.29888366337522,0.0,34.34726894730035,6.505382386916237,0,0
44,visit,2470,2505.6666666666665,z10,z10,,depot_south,local,False,39.85841883301305,0.0,37.09841883301305,9.2,0,0
87,visit,2470,2505.6666666666665,z10,z10,,depot_south,local,False,43.94919264196225,0.0,41.18919264196225,9.2,0,0
54,trip,2475,2491.5,z32,z12,toy-0005913,,,False,46.51500000000035,0.0,45.03000000000035,0.35,4.6,0
20,trip,2475,2483.8333333333335,z20,z21,toy-0005890,,,False,24.07780087583892,0.0,23.282800875838923,0.35,2.3,0
13,trip,2475,2487.0089706448603,z31,z22,toy-0005903,,,False,34.46152635588665,0.0,33.380718997849215,0.35,3.2526911934581184,0
35,trip,2475,2487.0089706448603,z12,z01,toy-0005905,,,False,37.03282739681766,0.0,35.952020038780226,0.35,3.2526911934581184,0
67,trip,2475,2487.0089706448603,z21,z10,toy-0005895,,,False,40.811770567850516,0.0,39.73096320981308,0.35,3.2526911934581184,0
3,trip,2475,2483.8333333333335,z22,z21,toy-0005908,,,False,11.492133862033995,0.0,10.697133862033995,0.35,2.3,0
27,trip,2475,2483.8333333333335,z31,z32,toy-0005904,,,False,27.626255860158835,0.0,26.831255860158834,0.35,2.3,0
59,trip,2475,2503.809226445224,z32,z00,toy-0005910,,,False,38.05630573748787,0.0,35.463475357417714,0.35,8.292767933567175,0
43,trip,2475,2483.8333333333335,z22,z32,toy-0005909,,,False,36.1467705678507,0.0,35.3517705678507,0.35,2.3,0
40,trip,2475,2483.8333333333335,z31,z21,toy-0005902,,,False,38.51838528392496,0.0,37.723385283924955,0.35,2.3,0
12,trip,2475,2501.175637311527,z11,z20,toy-0005907,,,False,30.205001713304082,0.0,27.849194355266647,3.2526911934581184,4.6,0
37,trip,2475,2501.175637311527,z30,z21,toy-0005911,,,False,36.48639581097983,0.0,34.13058845294239,4.6,3.2526911934581184,0
58,trip,2475,2498.0,z30,z11,toy-0005901,,,False,39.793385283925495,0.0,37.723385283925495,2.3,4.6,0
21,trip,2475,2493.5089706448603,z11,z10,toy-0005891,,,False,28.34742024175437,0.0,26.681612883716934,2.3,3.2526911934581184,0
9,trip,2475,2487.0089706448603,z10,z01,toy-0005889,,,False,32.61683766602583,0.0,31.536030307988394,0.35,3.2526911934581184,0
23,trip,2475,2493.5089706448603,z11,z12,toy-0005892,,,False,46.51500000000036,0.0,44.84919264196293,2.3,3.2526911934581184,0
25,trip,2475,2499.809854494165,z20,z22,toy-0005914,,,False,29.555222949950725,0.0,27.322336045475872,5.142956348249516,2.3,0
39,trip,2475,2499.809854494165,z11,z31,toy-0005912,,,False,38.26388366337522,0.0,36.030996758900365,5.142956348249516,2.3,0
11,trip,2475,2493.5089706448603,z10,z22,toy-0005897,,,False,39.37652752166286,0.0,37.710720163625425,3.2526911934581184,2.3,0
32,trip,2475,2522.2441287279576,z02,z01,toy-0005900,,,False,45.16630573748779,0.0,40.91433415197161,7.273238618387272,6.8999999999999995,0
71,trip,2475,2499.809854494165,z00,z31,toy-0005896,,,False,32.28958362290167,0.0,30.056696718426814,5.142956348249516,2.3,0
84,trip,2475,2523.488257455915,z00,z00,toy-0005898,,,False,40.45922619105008,0.0,36.09528302001772,7.273238618387272,7.273238618387272,0
85,trip,2475,2506.910795394624,z02,z30,toy-0005899,,,False,33.418574684788084,0.0,30.546603099271902,7.273238618387272,2.3,0
83,visit,2475,2490.0,z30,z30,,depot_south,local,True,32.525222949950816,12.777777777777779,45.093000727728594,0.7,0,7.666666666666668
48,visit,2475,2501.6846079563875,z02,z02,,hub_center,local,False,35.37186064134276,0.0,33.420245925267885,6.505382386916237,0,0
74,visit,2475,2526.0,z02,z02,,hub_waterfront,local,False,35.43428271545506,0.0,31.29428271545506,13.799999999999999,0,0
1,trip,2480,2504.809854494165,z21,z10,toy-0005924,,,False,34.528302011624724,0.0,32.29541510714987,2.3,5.142956348249516,0
4,trip,2480,2504.809854494165,z21,z12,toy-0005927,,,False,47.894999999999904,0.0,45.66211309552505,2.3,5.142956348249516,0
88,trip,2480,2488.8333333333335,z11,z21,toy-0005919,,,False,41.18919264196237,0.0,40.39419264196237,0.35,2.3,0
7,trip,2480,2492.0089706448603,z22,z31,toy-0005934,,,False,32.76180411693806,0.0,31.680996758900623,0.35,3.2526911934581184,0
62,trip,2480,2498.309854494165,z32,z11,toy-0005936,,,False,37.884348493737974,0.0,36.23646158926312,0.35,5.142956348249516,0
8,trip,2480,2495.3333333333335,z20,z20,toy-0005920,,,False,39.677611474975734,0.0,38.29761147497573,2.3,2.3,0
15,trip,2480,2498.5089706448603,z22,z12,toy-0005923,,,False,31.098888359932232,0.0,29.433081001894795,2.3,3.2526911934581184,0
80,trip,2480,2498.309854494165,z30,z22,toy-0005917,,,False,40.387221056446585,0.0,38.73933415197173,0.35,5.142956348249516,0
29,trip,2480,2503.0,z01,z00,toy-0005929,,,False,42.470606340371766,0.0,40.400606340371766,2.3,4.6,0
52,trip,2480,2492.0089706448603,z12,z21,toy-0005931,,,False,28.106562236526358,0.0,27.02575487848892,0.35,3.2526911934581184,0
57,trip,2480,2501.6846079563875,z22,z22,toy-0005928,,,False,46.22919264196223,0.0,44.27757792588736,3.2526911934581184,3.2526911934581184,0
65,trip,2480,2517.017941289721,z12,z10,toy-0005935,,,False,41.32549837945003,0.0,37.99388366337516,4.6,6.505382386916237,0
26,trip,2480,2498.5089706448603,z10,z11,toy-0005916,,,False,38.496339286575704,0.0,36.83053192853827,2.3,3.2526911934581184,0
72,trip,2480,2504.809854494165,z12,z01,toy-0005933,,,False,45.329192641962386,0.0,43.09630573748753,2.3,5.142956348249516,0
28,trip,2480,2501.6846079563875,z10,z30,toy-0005921,,,False,38.02972457050075,0.0,36.078109854425875,3.2526911934581184,3.2526911934581184,0
33,trip,2480,2498.5089706448603,z10,z11,toy-0005922,,,False,36.658782127196666,0.0,34.99297476915923,3.2526911934581184,2.3,0
61,trip,2480,2496.5,z00,z02,toy-0005915,,,False,40.48638601165364,0.0,39.00138601165364,0.35,4.6,0
81,trip,2480,2498.5089706448603,z10,z20,toy-0005918,,,False,34.63307630533792,0.0,32.96726894730049,2.3,3.2526911934581184,0
77,visit,2480,2537.6666666666665,z32,z32,,depot_south,central,False,37.397611474975555,0.0,34.63761147497556,9.2,0,0
14,trip,2485,2515.6666666666665,z01,z32,toy-0005950,,,False,46.409999999999805,0.0,43.64999999999981,2.3,6.8999999999999995,0
24,trip,2485,2509.1666666666665,z32,z02,toy-0005957,,,False,41.32549837945059,0.0,39.150498379450596,0.35,6.8999999999999995,0
3,trip,2485,2501.5,z21,z01,toy-0005942,,,False,10.697133862034024,0.0,9.212133862034024,0.35,4.6,0
51,trip,2485,2497.0089706448603,z31,z20,toy-0005946,,,False,25.151461589262976,0.0,24.07065423122554,0.35,3.2526911934581184,0
78,trip,2485,2508.0,z20,z10,toy-0005938,,,False,31.328962771765774,0.0,29.258962771765773,2.3,4.6,0
27,trip,2485,2510.410795394624,z32,z01,toy-0005954,,,False,26.831255860158862,0.0,24.54428427464268,0.35,7.273238618387272,0
0,trip,2485,2503.5089706448603,z22,z32,toy-0005945,,,False,40.336305737487514,0.0,38.67049837945008,2.3,3.2526911934581184,0
41,trip,2485,2500.3333333333335,z32,z21,toy-0005948,,,False,37.725996758900436,0.0,36.345996758900434,2.3,2.3,0
46,trip,2485,2500.3333333333335,z11,z31,toy-0005943,,,False,42.96000000000014,0.0,41.58000000000014,2.3,2.3,0
43,trip,2485,2497.0089706448603,z32,z21,toy-0005955,,,False,35.35177056785073,0.0,34.270963209813296,0.35,3.2526911934581184,0
76,trip,2485,2515.6666666666665,z11,z11,toy-0005947,,,False,33.47856034302155,0.0,30.71856034302155,4.6,4.6,0
42,trip,2485,2512.985491805692,z10,z02,toy-0005944,,,False,30.52236726301222,0.0,28.00367300049993,3.2526911934581184,5.142956348249516,0
73,trip,2485,2509.809854494165,z10,z32,toy-0005949,,,False,42.915498379450334,0.0,40.68261147497548,5.142956348249516,2.3,0
86,trip,2485,2500.3333333333335,z12,z12,toy-0005941,,,False,40.679999999999836,0.0,39.299999999999834,2.3,2.3,0
20,visit,2485,2500.0,z21,z21,,hub_inner,local,True,23.282800875838948,12.777777777777779,35.85057865361673,0.7,0,7.666666666666668
50,trip,2490,2508.309854494165,z31,z10,toy-0005966,,,False,29.224030261272393,0.0,27.576143356797537,0.35,5.142956348249516,0
10,trip,2490,2498.8333333333335,z32,z31,toy-0005982,,,False,27.595500484086454,0.0,26.800500484086456,0.35,2.3,0
17,trip,2490,2520.6666666666665,z21,z01,toy-0005968,,,False,45.82499999999982,0.0,43.06499999999982,2.3,6.8999999999999995,0
13,trip,2490,2498.8333333333335,z22,z32,toy-0005979,,,False,33.38071899784922,0.0,32.58571899784922,0.35,2.3,0
22,trip,2490,2502.0089706448603,z00,z11,toy-0005958,,,False,38.68555490385513,0.0,37.604747545817695,0.35,3.2526911934581184,0
31,trip,2490,2521.910795394624,z30,z00,toy-0005965,,,False,29.390222949950694,0.0,26.518251364434512,2.3,7.273238618387272,0
9,trip,2490,2513.0,z01,z31,toy-0005962,,,False,31.536030307988405,0.0,29.466030307988405,2.3,4.6,0
16,trip,2490,2498.8333333333335,z22,z21,toy-0005975,,,False,31.052860945905778,0.0,30.257860945905776,0.35,2.3,0
38,trip,2490,2513.0,z12,z02,toy-0005977,,,False,43.07838528392549,0.0,41.00838528392549,2.3,4.6,0
79,trip,2490,2521.910795394624,z30,z02,toy-0005970,,,False,31.20983253142177,0.0,28.33786094590559,2.3,7.273238618387272,0
66,trip,2490,2519.351274623054,z10,z22,toy-0005959,,,False,45.8383852839255,0.0,43.19677056785063,2.3,6.505382386916237,0
83,trip,2490,2505.3333333333335,z30,z30,toy-0005967,,,False,45.09300072772836,0.0,43.71300072772836,2.3,2.3,0
89,trip,2490,2508.5089706448603,z30,z22,toy-0005972,,,False,40.224334151971455,0.0,38.55852679393402,2.3,3.2526911934581184,0
49,trip,2490,2508.309854494165,z20,z32,toy-0005961,,,False,39.95644724749646,0.0,38.30856034302161,0.35,5.142956348249516,0
64,trip,2490,2514.809854494165,z12,z32,toy-0005973,,,False,40.05049837945067,0.0,37.81761147497582,5.142956348249516,2.3,0
67,trip,2490,2528.827795783886,z10,z11,toy-0005981,,,False,39.73096320981309,0.0,36.236461589263364,6.505382386916237,5.142956348249516,0
5,trip,2490,2522.526911934581,z02,z31,toy-0005960,,,False,41.57302841448381,0.0,38.6456063403715,6.505382386916237,3.2526911934581184,0
35,visit,2490,2510.3333333333335,z01,z01,,depot_west,local,False,35.95202003878023,0.0,34.57202003878023,4.6,0,0
82,trip,2495,2503.8333333333335,z11,z10,toy-0005987,,,False,39.66422619105053,0.0,38.86922619105053,0.35,2.3,0
52,trip,2495,2507.0089706448603,z21,z10,toy-0005990,,,False,27.025754878488936,0.0,25.9449475204515,0.35,3.2526911934581184,0
7,trip,2495,2507.0089706448603,z31,z20,toy-0005994,,,False,31.680996758900633,0.0,30.600189400863197,0.35,3.2526911934581184,0
11,trip,2495,2510.3333333333335,z22,z20,toy-0005991,,,False,37.710720163625425,0.0,36.33072016362542,2.3,2.3,0
21,trip,2495,2513.5089706448603,z10,z02,toy-0005988,,,False,26.681612883716948,0.0,25.01580552567951,2.3,3.2526911934581184,0
18,trip,2495,2507.0089706448603,z32,z21,toy-0006001,,,False,29.339940492343523,0.0,28.259133134306087,0.35,3.2526911934581184,0
23,trip,2495,2516.6846079563875,z12,z32,toy-0005993,,,False,44.84919264196293,0.0,42.89757792588806,3.2526911934581184,3.2526911934581184,0
53,trip,2495,2513.5089706448603,z32,z31,toy-0005992,,,False,41.71630573748797,0.0,40.05049837945054,3.2526911934581184,2.3,0
54,trip,2495,2519.809854494165,z12,z32,toy-0005997,,,False,45.03000000000034,0.0,42.79711309552549,5.142956348249516,2.3,0
55,trip,2495,2510.3333333333335,z00,z00,toy-0005985,,,False,42.330498379450006,0.0,40.95049837945,2.3,2.3,0
69,trip,2495,2511.5,z01,z21,toy-0005986,,,False,34.514691021412986,0.0,33.02969102141299,0.35,4.6,0
36,trip,2495,2545.6425597785574,z02,z00,toy-0005999,,,False,40.023475357417915,0.0,35.465644977347765,6.8999999999999995,8.292767933567175,0
2,visit,2495,2510.0,z31,z31,,hub_core,local,True,33.27722105644616,12.777777777777779,45.84499883422394,0.7,0,7.666666666666668
70,visit,2495,2515.3333333333335,z01,z01,,depot_west,local,False,42.73605682896781,0.0,41.35605682896781,4.6,0,0
13,trip,2500,2508.8333333333335,z32,z31,toy-0006026,,,False,32.58571899784925,0.0,31.790718997849247,0.35,2.3,0
8,trip,2500,2516.5,z20,z22,toy-0006007,,,False,38.29761147497575,0.0,36.81261147497575,0.35,4.6,0
10,trip,2500,2524.809854494165,z31,z20,toy-0006024,,,False,26.80050048408648,0.0,24.567613579611624,2.3,5.142956348249516,0
39,trip,2500,2508.8333333333335,z31,z21,toy-0006017,,,False,36.030996758900365,0.0,35.23599675890036,0.35,2.3,0
15,trip,2500,2518.309854494165,z12,z31,toy-0006020,,,False,29.43308100189481,0.0,27.785194097419954,0.35,5.142956348249516,0
6,trip,2500,2508.8333333333335,z00,z10,toy-0006002,,,False,40.65908524345172,0.0,39.86408524345172,0.35,2.3,0
16,trip,2500,2530.6666666666665,z21,z01,toy-0006015,,,False,30.257860945905804,0.0,27.497860945905806,2.3,6.8999999999999995,0
60,trip,2500,2524.1666666666665,z00,z30,toy-0006003,,,False,44.71716961992986,0.0,42.542169619929865,0.35,6.8999999999999995,0
20,trip,2500,2512.0089706448603,z21,z30,toy-0006010,,,False,35.850578653616495,0.0,34.76977129557906,0.35,3.2526911934581184,0
25,trip,2500,2515.3333333333335,z22,z22,toy-0006027,,,False,27.322336045475883,0.0,25.942336045475884,2.3,2.3,0
43,trip,2500,2515.3333333333335,z21,z30,toy-0006014,,,False,34.2709632098133,0.0,32.8909632098133,2.3,2.3,0
34,trip,2500,2522.851274623054,z12,z30,toy-0006019,,,False,34.347268947300336,0.0,32.29065423122547,0.35,6.505382386916237,0
26,trip,2500,2515.3333333333335,z11,z11,toy-0006011,,,False,36.83053192853827,0.0,35.45053192853827,2.3,2.3,0
33,trip,2500,2515.3333333333335,z11,z11,toy-0006004,,,False,34.99297476915923,0.0,33.61297476915923,2.3,2.3,0
51,trip,2500,2530.6666666666665,z20,z00,toy-0006008,,,False,24.070654231225554,0.0,21.310654231225556,2.3,6.8999999999999995,0
75,trip,2500,2508.8333333333335,z12,z22,toy-0006021,,,False,32.83524592526801,0.0,32.04024592526801,0.35,2.3,0
80,trip,2500,2527.985491805692,z22,z12,toy-0006018,,,False,38.73933415197173,0.0,36.22063988945944,3.2526911934581184,5.142956348249516,0
62,trip,2500,2527.985491805692,z11,z10,toy-0006023,,,False,36.23646158926312,0.0,33.71776732675083,3.2526911934581184,5.142956348249516,0
81,trip,2500,2524.809854494165,z20,z02,toy-0006006,,,False,32.96726894730049,0.0,30.734382042825636,2.3,5.142956348249516,0
63,trip,2500,2527.985491805692,z01,z31,toy-0006005,,,False,41.70933415197143,0.0,39.19063988945914,3.2526911934581184,5.142956348249516,0
61,trip,2500,2539.577462061291,z02,z11,toy-0006016,,,False,39.001386011653636,0.0,35.43941442613745,7.273238618387272,4.6,0
68,trip,2500,2547.2441287279576,z02,z01,toy-0006025,,,False,25.89310985442599,0.0,21.64113826890981,6.8999999999999995,7.273238618387272,0
19,visit,2500,2515.0,z30,z30,,depot_south,local,True,17.40724691084322,12.777777777777779,29.975024688620998,0.7,0,7.666666666666668
71,visit,2500,2515.0,z31,z31,,hub_core,local,True,30.056696718426824,12.777777777777779,42.624474496204606,0.7,0,7.666666666666668
40,visit,2500,2515.0,z21,z21,,hub_inner,local,True,37.72338528392498,10.381614716075013,47.894999999999996,0.7,0,6.228968829645009
58,visit,2500,2515.0,z11,z11,,hub_center,local,True,37.72338528392548,10.381614716074516,47.894999999999996,0.7,0,6.228968829644709
88,visit,2500,2515.0,z21,z21,,hub_inner,local,True,40.3941926419624,7.710807358037599,47.894999999999996,0.7,0,4.626484414822559
1,trip,2505,2520.3333333333335,z10,z21,toy-0006028,,,False,32.29541510714987,0.0,30.915415107149872,2.3,2.3,0
0,trip,2505,2517.0089706448603,z32,z21,toy-0006048,,,False,38.67049837945008,0.0,37.58969102141265,0.35,3.2526911934581184,0
46,trip,2505,2530.410795394624,z31,z00,toy-0006035,,,False,41.58000000000016,0.0,39.29302841448398,0.35,7.273238618387272,0
37,trip,2505,2520.3333333333335,z21,z32,toy-0006040,,,False,34.13058845294236,0.0,32.75058845294236,2.3,2.3,0
57,trip,2505,2513.8333333333335,z22,z32,toy-0006046,,,False,44.27757792588734,0.0,43.48257792588734,0.35,2.3,0
41,trip,2505,2536.910795394624,z21,z02,toy-0006038,,,False,36.345996758900455,0.0,33.47402517338428,2.3,7.273238618387272,0
82,trip,2505,2529.809854494165,z10,z12,toy-0006029,,,False,38.86922619105056,0.0,36.636339286575705,2.3,5.142956348249516,0
3,trip,2505,2529.1666666666665,z01,z31,toy-0006030,,,False,9.212133862034026,0.0,7.037133862034026,0.35,6.8999999999999995,0
22,trip,2505,2513.8333333333335,z11,z01,toy-0006031,,,False,37.6047475458177,0.0,36.8097475458177,0.35,2.3,0
4,trip,2505,2520.3333333333335,z12,z21,toy-0006032,,,False,45.66211309552505,0.0,44.28211309552505,2.3,2.3,0
56,trip,2505,2523.5089706448603,z12,z31,toy-0006033,,,False,34.20683766602575,0.0,32.541030307988315,3.2526911934581184,2.3,0
86,trip,2505,2529.809854494165,z12,z01,toy-0006042,,,False,39.299999999999855,0.0,37.067113095525,2.3,5.142956348249516,0
48,trip,2505,2528.0,z02,z21,toy-0006044,,,False,33.42024592526787,0.0,31.35024592526787,4.6,2.3,0
72,trip,2505,2532.985491805692,z01,z11,toy-0006043,,,False,43.09630573748753,0.0,40.57761147497524,5.142956348249516,3.2526911934581184,0
29,trip,2505,2535.6666666666665,z00,z22,toy-0006041,,,False,40.40060634037175,0.0,37.640606340371754,4.6,4.6,0
59,trip,2505,2547.9758931118904,z00,z12,toy-0006050,,,False,35.46347535741771,0.0,31.595644977347554,8.292767933567175,4.6,0
12,visit,2505,2525.3333333333335,z20,z20,,depot_south,local,False,27.849194355266636,0.0,26.469194355266637,4.6,0,0
47,visit,2505,2520.0,z32,z32,,hub_waterfront,local,True,28.994133134305503,12.777777777777779,41.561910912083285,0.7,0,7.666666666666668
28,visit,2505,2520.0,z30,z30,,depot_south,local,True,36.07810985442586,12.026890145574136,47.894999999999996,0.7,0,7.216134087344482
2,trip,2510,2522.0089706448603,z31,z20,toy-0006063,,,False,45.8449988342237,0.0,44.76419147618627,0.35,3.2526911934581184,0
13,trip,2510,2528.309854494165,z31,z12,toy-0006067,,,False,31.79071899784927,0.0,30.142832093374416,0.35,5.142956348249516,0
49,trip,2510,2526.5,z32,z30,toy-0006073,,,False,38.30856034302161,0.0,36.82356034302161,0.35,4.6,0
18,trip,2510,2528.5089706448603,z21,z22,toy-0006068,,,False,28.2591331343061,0.0,26.593325776268664,2.3,3.2526911934581184,0
39,trip,2510,2518.8333333333335,z21,z20,toy-0006058,,,False,35.23599675890039,0.0,34.44099675890039,0.35,2.3,0
6,trip,2510,2533.0,z10,z31,toy-0006057,,,False,39.86408524345175,0.0,37.79408524345175,2.3,4.6,0
7,trip,2510,2533.0,z20,z01,toy-0006059,,,False,30.60018940086321,0.0,28.53018940086321,2.3,4.6,0
83,trip,2510,2526.5,z30,z32,toy-0006055,,,False,43.71300072772838,0.0,42.22800072772838,0.35,4.6,0
73,trip,2510,2525.3333333333335,z32,z32,toy-0006069,,,False,40.68261147497548,0.0,39.30261147497548,2.3,2.3,0
75,trip,2510,2528.309854494165,z22,z30,toy-0006070,,,False,32.04024592526804,0.0,30.392359020793183,0.35,5.142956348249516,0
85,trip,2510,2533.0,z30,z11,toy-0006065,,,False,30.54660309927191,0.0,28.47660309927191,2.3,4.6,0
44,trip,2510,2534.809854494165,z10,z21,toy-0006066,,,False,37.098418833013,0.0,34.86553192853815,5.142956348249516,2.3,0
45,trip,2510,2539.351274623054,z10,z31,toy-0006074,,,False,34.20683766602567,0.0,31.5652229499508,6.505382386916237,2.3,0
50,trip,2510,2528.5089706448603,z10,z20,toy-0006056,,,False,27.57614335679755,0.0,25.910335998760115,2.3,3.2526911934581184,0
52,trip,2510,2544.286375654997,z10,z10,toy-0006062,,,False,25.944947520451514,0.0,22.859173711501803,5.142956348249516,5.142956348249516,0
78,trip,2510,2528.5089706448603,z10,z11,toy-0006053,,,False,29.258962771765773,0.0,27.593155413728336,2.3,3.2526911934581184,0
87,trip,2510,2522.0089706448603,z10,z21,toy-0006051,,,False,41.1891926419622,0.0,40.10838528392477,0.35,3.2526911934581184,0
24,trip,2510,2554.6846079563875,z02,z10,toy-0006071,,,False,39.150498379450596,0.0,35.128883663375724,6.8999999999999995,6.505382386916237,0
89,visit,2510,2530.3333333333335,z22,z22,,hub_inner,local,False,38.55852679393402,0.0,37.17852679393402,4.6,0,0
11,trip,2515,2523.8333333333335,z20,z30,toy-0006078,,,False,36.33072016362544,0.0,35.53572016362544,0.35,2.3,0
58,trip,2515,2533.309854494165,z11,z30,toy-0006083,,,False,47.89499999999983,0.0,46.24711309552498,0.35,5.142956348249516,0
21,trip,2515,2538.0,z02,z10,toy-0006096,,,False,25.015805525679525,0.0,22.945805525679525,2.3,4.6,0
55,trip,2515,2544.351274623054,z00,z32,toy-0006077,,,False,40.950498379450025,0.0,38.308883663375155,2.3,6.505382386916237,0
40,trip,2515,2523.8333333333335,z21,z11,toy-0006088,,,False,47.895000000000095,0.0,47.100000000000094,0.35,2.3,0
38,trip,2515,2539.809854494165,z02,z20,toy-0006097,,,False,41.00838528392548,0.0,38.775498379450624,2.3,5.142956348249516,0
9,trip,2515,2523.8333333333335,z31,z32,toy-0006094,,,False,29.466030307988405,0.0,28.671030307988403,0.35,2.3,0
57,trip,2515,2530.3333333333335,z32,z12,toy-0006100,,,False,43.48257792588737,0.0,42.10257792588737,2.3,2.3,0
19,trip,2515,2523.8333333333335,z30,z31,toy-0006082,,,False,29.975024688620774,0.0,29.180024688620776,0.35,2.3,0
53,trip,2515,2527.0089706448603,z31,z22,toy-0006093,,,False,40.05049837945054,0.0,38.969691021413105,0.35,3.2526911934581184,0
64,trip,2515,2527.0089706448603,z32,z21,toy-0006102,,,False,37.81761147497582,0.0,36.73680411693839,0.35,3.2526911934581184,0
88,trip,2515,2533.309854494165,z21,z00,toy-0006086,,,False,47.89500000000025,0.0,46.2471130955254,0.35,5.142956348249516,0
27,trip,2515,2542.985491805692,z01,z22,toy-0006076,,,False,24.5442842746427,0.0,22.025590012130408,3.2526911934581184,5.142956348249516,0
71,trip,2515,2530.3333333333335,z31,z22,toy-0006090,,,False,42.62447449620437,0.0,41.24447449620437,2.3,2.3,0
20,trip,2515,2533.5089706448603,z30,z31,toy-0006089,,,False,34.76977129557907,0.0,33.103963937541636,3.2526911934581184,2.3,0
35,trip,2515,2545.6666666666665,z01,z30,toy-0006092,,,False,34.57202003878025,0.0,31.812020038780254,6.8999999999999995,2.3,0
42,trip,2515,2533.309854494165,z02,z10,toy-0006095,,,False,28.00367300049993,0.0,26.355786096025074,0.35,5.142956348249516,0
69,visit,2515,2563.6846079563875,z21,z21,,depot_south,central,False,33.02969102141298,0.0,31.078076305338108,6.505382386916237,0,0
22,visit,2515,2535.3333333333335,z01,z01,,depot_west,local,False,36.80974754581773,0.0,35.429747545817726,4.6,0,0
15,trip,2520,2538.309854494165,z31,z12,toy-0006115,,,False,27.785194097419968,0.0,26.137307192945112,0.35,5.142956348249516,0
66,trip,2520,2528.8333333333335,z22,z32,toy-0006122,,,False,43.19677056785062,0.0,42.40177056785062,0.35,2.3,0
26,trip,2520,2538.5089706448603,z11,z21,toy-0006117,,,False,35.45053192853829,0.0,33.784724570500856,2.3,3.2526911934581184,0
0,trip,2520,2551.910795394624,z21,z02,toy-0006114,,,False,37.589691021412655,0.0,34.71771943589647,2.3,7.273238618387272,0
33,trip,2520,2538.5089706448603,z11,z12,toy-0006108,,,False,33.61297476915925,0.0,31.947167411121814,2.3,3.2526911934581184,0
14,trip,2520,2543.0,z32,z11,toy-0006112,,,False,43.6499999999998,0.0,41.5799999999998,2.3,4.6,0
39,trip,2520,2542.851274623054,z20,z02,toy-0006106,,,False,34.44099675890042,0.0,32.38438204282555,0.35,6.505382386916237,0
65,trip,2520,2544.809854494165,z10,z21,toy-0006103,,,False,37.99388366337512,0.0,35.76099675890027,2.3,5.142956348249516,0
76,trip,2520,2543.0,z11,z12,toy-0006104,,,False,30.71856034302151,0.0,28.64856034302151,2.3,4.6,0
70,trip,2520,2544.809854494165,z01,z32,toy-0006107,,,False,41.35605682896783,0.0,39.12316992449298,2.3,5.142956348249516,0
23,trip,2520,2538.309854494165,z32,z11,toy-0006124,,,False,42.897577925888044,0.0,41.24969102141319,0.35,5.142956348249516,0
28,trip,2520,2550.6666666666665,z30,z01,toy-0006111,,,False,47.895,0.0,45.135000000000005,2.3,6.8999999999999995,0
47,trip,2520,2553.8423039781937,z32,z11,toy-0006116,,,False,41.56191091208305,0.0,38.516103554045614,6.8999999999999995,3.2526911934581184,0
54,trip,2520,2536.5,z32,z12,toy-0006126,,,False,42.79711309552549,0.0,41.31211309552549,0.35,4.6,0
43,trip,2520,2538.5089706448603,z30,z20,toy-0006110,,,False,32.89096320981332,0.0,31.225155851775884,2.3,3.2526911934581184,0
25,visit,2520,2540.3333333333335,z22,z22,,hub_inner,local,False,25.94233604547591,0.0,24.56233604547591,4.6,0,0
8,visit,2520,2540.3333333333335,z22,z22,,hub_inner,local,False,36.812611474975746,0.0,35.432611474975744,4.6,0,0
5,trip,2525,2537.0089706448603,z31,z22,toy-0006134,,,False,38.64560634037148,0.0,37.56479898233405,0.35,3.2526911934581184,0
17,trip,2525,2533.8333333333335,z01,z11,toy-0006129,,,False,43.06499999999981,0.0,42.26999999999981,0.35,2.3,0
19,trip,2525,2533.8333333333335,z31,z30,toy-0006132,,,False,29.1800246886208,0.0,28.385024688620803,0.35,2.3,0
40,trip,2525,2549.809854494165,z11,z00,toy-0006136,,,False,47.10000000000012,0.0,44.86711309552527,2.3,5.142956348249516,0
1,trip,2525,2537.0089706448603,z21,z32,toy-0006131,,,False,30.915415107149897,0.0,29.83460774911246,0.35,3.2526911934581184,0
9,trip,2525,2549.1666666666665,z32,z02,toy-0006140,,,False,28.67103030798843,0.0,26.49603030798843,0.35,6.8999999999999995,0
2,trip,2525,2540.3333333333335,z20,z20,toy-0006128,,,False,44.76419147618628,0.0,43.384191476186274,2.3,2.3,0
4,trip,2525,2537.0089706448603,z21,z30,toy-0006130,,,False,44.28211309552507,0.0,43.20130573748764,0.35,3.2526911934581184,0
37,trip,2525,2533.8333333333335,z32,z22,toy-0006141,,,False,32.75058845294238,0.0,31.95558845294238,0.35,2.3,0
56,trip,2525,2548.0,z31,z30,toy-0006139,,,False,32.541030307988315,0.0,30.471030307988315,2.3,4.6,0
87,trip,2525,2552.985491805692,z21,z20,toy-0006138,,,False,40.108385283924775,0.0,37.589691021412484,3.2526911934581184,5.142956348249516,0
10,trip,2525,2551.175637311527,z20,z11,toy-0006137,,,False,24.567613579611635,0.0,22.2118062215742,4.6,3.2526911934581184,0
31,trip,2525,2550.410795394624,z00,z31,toy-0006127,,,False,26.518251364434526,0.0,24.231279778918346,0.35,7.273238618387272,0
11,trip,2525,2540.3333333333335,z30,z32,toy-0006135,,,False,35.53572016362547,0.0,34.15572016362547,2.3,2.3,0
34,trip,2525,2540.3333333333335,z30,z21,toy-0006133,,,False,32.29065423122547,0.0,30.910654231225468,2.3,2.3,0
79,visit,2525,2551.6846079563875,z02,z02,,hub_center,local,False,28.337860945905604,0.0,26.386246229830732,6.505382386916237,0,0
84,visit,2525,2540.0,z00,z00,,depot_west,,True,36.09528302001769,12.009716979982308,47.894999999999996,0.7,0,7.205830187989385
67,trip,2530,2542.0089706448603,z11,z00,toy-0006144,,,False,36.23646158926334,0.0,35.15565423122591,0.35,3.2526911934581184,0
66,trip,2530,2542.0089706448603,z32,z21,toy-0006162,,,False,42.40177056785065,0.0,41.320963209813215,0.35,3.2526911934581184,0
63,trip,2530,2548.309854494165,z31,z10,toy-0006153,,,False,39.19063988945912,0.0,37.54275298498427,0.35,5.142956348249516,0
48,trip,2530,2553.0,z21,z11,toy-0006155,,,False,31.35024592526786,0.0,29.28024592526786,2.3,4.6,0
49,trip,2530,2561.910795394624,z30,z00,toy-0006152,,,False,36.823560343021605,0.0,33.95158875750542,2.3,7.273238618387272,0
78,trip,2530,2538.8333333333335,z11,z10,toy-0006145,,,False,27.59315541372835,0.0,26.798155413728352,0.35,2.3,0
73,trip,2530,2552.851274623054,z32,z10,toy-0006160,,,False,39.3026114749755,0.0,37.24599675890063,0.35,6.505382386916237,0
60,trip,2530,2548.5089706448603,z30,z20,toy-0006154,,,False,42.542169619929865,0.0,40.87636226189243,2.3,3.2526911934581184,0
18,trip,2530,2542.0089706448603,z22,z31,toy-0006159,,,False,26.593325776268678,0.0,25.51251841823124,0.35,3.2526911934581184,0
3,trip,2530,2538.8333333333335,z31,z32,toy-0006157,,,False,7.0371338620340405,0.0,6.2421338620340405,0.35,2.3,0
64,trip,2530,2538.8333333333335,z21,z11,toy-0006150,,,False,36.736804116938394,0.0,35.94180411693839,0.35,2.3,0
53,trip,2530,2548.309854494165,z22,z01,toy-0006158,,,False,38.96969102141311,0.0,37.32180411693826,0.35,5.142956348249516,0
12,trip,2530,2545.3333333333335,z20,z31,toy-0006151,,,False,26.469194355266662,0.0,25.089194355266663,2.3,2.3,0
50,trip,2530,2545.3333333333335,z20,z20,toy-0006148,,,False,25.91033599876013,0.0,24.53033599876013,2.3,2.3,0
75,trip,2530,2553.0,z30,z22,toy-0006143,,,False,30.392359020793197,0.0,28.322359020793197,2.3,4.6,0
83,trip,2530,2548.309854494165,z32,z11,toy-0006161,,,False,42.22800072772837,0.0,40.58011382325352,0.35,5.142956348249516,0
13,trip,2530,2554.809854494165,z12,z21,toy-0006142,,,False,30.14283209337443,0.0,27.909945188899577,5.142956348249516,2.3,0
80,trip,2530,2564.286375654997,z12,z12,toy-0006156,,,False,36.22063988945942,0.0,33.13486608050971,5.142956348249516,5.142956348249516,0
74,trip,2530,2560.6666666666665,z02,z31,toy-0006163,,,False,31.294282715455044,0.0,28.534282715455042,6.8999999999999995,2.3,0
32,trip,2530,2545.3333333333335,z01,z21,toy-0006146,,,False,40.91433415197158,0.0,39.53433415197158,2.3,2.3,0
86,trip,2530,2553.0,z01,z31,toy-0006147,,,False,37.067113095525,0.0,34.997113095525,2.3,4.6,0
81,trip,2530,2562.476521160832,z02,z01,toy-0006149,,,False,30.73438204282564,0.0,27.811495138350786,5.142956348249516,4.6,0
62,visit,2530,2550.3333333333335,z10,z10,,depot_west,local,False,33.71776732675081,0.0,32.33776732675081,4.6,0,0
82,visit,2530,2591.286375654997,z12,z12,,depot_west,central,False,36.636339286575705,0.0,33.550565477625995,10.285912696499032,0,0
71,trip,2535,2543.8333333333335,z22,z32,toy-0006179,,,False,41.24447449620439,0.0,40.44947449620439,0.35,2.3,0
6,trip,2535,2543.8333333333335,z31,z32,toy-0006174,,,False,37.79408524345173,0.0,36.99908524345173,0.35,2.3,0
89,trip,2535,2553.309854494165,z22,z30,toy-0006178,,,False,37.17852679393404,0.0,35.53063988945919,0.35,5.142956348249516,0
7,trip,2535,2553.309854494165,z01,z22,toy-0006166,,,False,28.53018940086321,0.0,26.882302496388355,0.35,5.142956348249516,0
20,trip,2535,2558.0,z31,z12,toy-0006181,,,False,33.103963937541636,0.0,31.033963937541635,2.3,4.6,0
19,trip,2535,2550.3333333333335,z30,z21,toy-0006171,,,False,28.385024688620828,0.0,27.00502468862083,2.3,2.3,0
42,trip,2535,2553.5089706448603,z10,z31,toy-0006164,,,False,26.35578609602509,0.0,24.68997873798765,2.3,3.2526911934581184,0
44,trip,2535,2547.0089706448603,z21,z32,toy-0006169,,,False,34.86553192853815,0.0,33.784724570500714,0.35,3.2526911934581184,0
58,trip,2535,2566.910795394624,z30,z02,toy-0006172,,,False,46.24711309552498,0.0,43.3751415100088,2.3,7.273238618387272,0
17,trip,2535,2561.175637311527,z11,z22,toy-0006173,,,False,42.26999999999984,0.0,39.9141926419624,4.6,3.2526911934581184,0
57,trip,2535,2558.0,z12,z22,toy-0006182,,,False,42.10257792588739,0.0,40.03257792588739,4.6,2.3,0
72,trip,2535,2559.809854494165,z11,z31,toy-0006176,,,False,40.57761147497522,0.0,38.34472457050037,2.3,5.142956348249516,0
85,trip,2535,2550.3333333333335,z11,z22,toy-0006168,,,False,28.47660309927191,0.0,27.09660309927191,2.3,2.3,0
16,trip,2535,2581.0,z01,z01,toy-0006170,,,False,27.497860945905817,0.0,23.357860945905816,6.8999999999999995,6.8999999999999995,0
46,trip,2535,2559.809854494165,z00,z20,toy-0006165,,,False,39.29302841448398,0.0,37.060141510009124,2.3,5.142956348249516,0
51,trip,2535,2562.985491805692,z00,z10,toy-0006167,,,False,21.310654231225566,0.0,18.791959968713275,5.142956348249516,3.2526911934581184,0
88,trip,2535,2572.017941289721,z00,z20,toy-0006177,,,False,46.2471130955254,0.0,42.915498379450526,6.505382386916237,4.6,0
37,visit,2535,2596.286375654997,z22,z22,,depot_south,central,False,31.955588452942404,0.0,28.869814643992694,10.285912696499032,0,0
1,trip,2540,2568.809226445224,z32,z00,toy-0006199,,,False,29.834607749112475,0.0,27.241777369042325,0.35,8.292767933567175,0
26,trip,2540,2552.0089706448603,z21,z12,toy-0006189,,,False,33.784724570500856,0.0,32.70391721246342,0.35,3.2526911934581184,0
5,trip,2540,2564.809854494165,z22,z02,toy-0006188,,,False,37.564798982334054,0.0,35.3319120778592,2.3,5.142956348249516,0
45,trip,2540,2552.0089706448603,z31,z20,toy-0006190,,,False,31.565222949950797,0.0,30.48441559191336,0.35,3.2526911934581184,0
23,trip,2540,2552.0089706448603,z11,z20,toy-0006185,,,False,41.24969102141319,0.0,40.16888366337576,0.35,3.2526911934581184,0
77,trip,2540,2548.8333333333335,z32,z31,toy-0006202,,,False,34.63761147497551,0.0,33.842611474975506,0.35,2.3,0
4,trip,2540,2555.3333333333335,z30,z30,toy-0006191,,,False,43.201305737487644,0.0,41.82130573748764,2.3,2.3,0
29,trip,2540,2566.175637311527,z22,z11,toy-0006192,,,False,37.640606340371704,0.0,35.284798982334266,3.2526911934581184,4.6,0
38,trip,2540,2555.3333333333335,z20,z31,toy-0006187,,,False,38.775498379450624,0.0,37.39549837945062,2.3,2.3,0
15,trip,2540,2555.3333333333335,z12,z12,toy-0006198,,,False,26.137307192945126,0.0,24.757307192945127,2.3,2.3,0
33,trip,2540,2556.5,z12,z32,toy-0006196,,,False,31.94716741112182,0.0,30.462167411121822,0.35,4.6,0
54,trip,2540,2566.175637311527,z12,z21,toy-0006201,,,False,41.31211309552548,0.0,38.956305737488044,4.6,3.2526911934581184,0
61,trip,2540,2563.0,z11,z21,toy-0006193,,,False,35.439414426137425,0.0,33.369414426137425,4.6,2.3,0
22,trip,2540,2548.8333333333335,z01,z02,toy-0006184,,,False,35.42974754581775,0.0,34.634747545817746,0.35,2.3,0
64,trip,2540,2572.476521160832,z11,z12,toy-0006194,,,False,35.94180411693842,0.0,33.01891721246356,4.6,5.142956348249516,0
21,trip,2540,2564.809854494165,z10,z21,toy-0006197,,,False,22.945805525679525,0.0,20.712918621204672,5.142956348249516,2.3,0
78,trip,2540,2567.985491805692,z10,z22,toy-0006195,,,False,26.798155413728377,0.0,24.279461151216086,5.142956348249516,3.2526911934581184,0
84,trip,2540,2561.6846079563875,z00,z22,toy-0006186,,,False,47.89499999999979,0.0,45.94338528392492,3.2526911934581184,3.2526911934581184,0
43,visit,2540,2560.3333333333335,z20,z20,,depot_south,local,False,31.225155851775895,0.0,29.845155851775896,4.6,0,0
41,visit,2540,2566.6846079563875,z02,z02,,hub_center,local,False,33.47402517338427,0.0,31.522410457309398,6.505382386916237,0,0
3,visit,2540,2569.451053016113,z32,z32,,hub_waterfront,,False,6.242133862034068,41.86286613796593,47.894999999999996,0.7,0,25.11771968277956
2,trip,2545,2563.5089706448603,z20,z21,toy-0006207,,,False,43.384191476186295,0.0,41.71838411814886,2.3,3.2526911934581184,0
18,trip,2545,2569.1666666666665,z31,z01,toy-0006215,,,False,25.512518418231256,0.0,23.337518418231255,0.35,6.8999999999999995,0
52,trip,2545,2580.309226445224,z10,z32,toy-0006203,,,False,22.859173711501803,0.0,19.681343331431652,2.3,8.292767933567175,0
34,trip,2545,2563.5089706448603,z21,z11,toy-0006205,,,False,30.910654231225493,0.0,29.244846873188056,2.3,3.2526911934581184,0
14,trip,2545,2563.309854494165,z11,z32,toy-0006211,,,False,41.579999999999785,0.0,39.93211309552493,0.35,5.142956348249516,0
6,trip,2545,2569.809854494165,z32,z10,toy-0006214,,,False,36.99908524345176,0.0,34.766198338976906,2.3,5.142956348249516,0
65,trip,2545,2563.5089706448603,z21,z02,toy-0006210,,,False,35.76099675890027,0.0,34.095189400862836,2.3,3.2526911934581184,0
8,trip,2545,2557.0089706448603,z22,z31,toy-0006221,,,False,35.432611474975765,0.0,34.35180411693833,0.35,3.2526911934581184,0
76,trip,2545,2557.0089706448603,z12,z01,toy-0006218,,,False,28.64856034302151,0.0,27.567752984984075,0.35,3.2526911934581184,0
66,trip,2545,2563.309854494165,z21,z00,toy-0006212,,,False,41.32096320981322,0.0,39.67307630533837,0.35,5.142956348249516,0
11,trip,2545,2568.0,z32,z11,toy-0006216,,,False,34.15572016362549,0.0,32.08572016362549,2.3,4.6,0
39,trip,2545,2576.910795394624,z02,z32,toy-0006208,,,False,32.38438204282555,0.0,29.512410457309368,2.3,7.273238618387272,0
55,trip,2545,2567.851274623054,z32,z10,toy-0006222,,,False,38.30888366337515,0.0,36.25226894730028,0.35,6.505382386916237,0
70,trip,2545,2561.5,z32,z30,toy-0006223,,,False,39.12316992449298,0.0,37.63816992449298,0.35,4.6,0
25,trip,2545,2560.3333333333335,z22,z22,toy-0006219,,,False,24.562336045475934,0.0,23.182336045475935,2.3,2.3,0
71,trip,2545,2576.910795394624,z32,z00,toy-0006213,,,False,40.44947449620442,0.0,37.57750291068824,2.3,7.273238618387272,0
27,trip,2545,2579.286375654997,z22,z31,toy-0006204,,,False,22.025590012130408,0.0,18.939816203180698,5.142956348249516,5.142956348249516,0
67,visit,2545,2560.0,z00,z00,,depot_west,local,True,35.15565423122592,12.777777777777779,47.723432009003695,0.7,0,7.666666666666668
12,trip,2550,2558.8333333333335,z31,z30,toy-0006234,,,False,25.089194355266688,0.0,24.29419435526669,0.35,2.3,0
32,trip,2550,2568.5089706448603,z21,z11,toy-0006242,,,False,39.5343341519716,0.0,37.868526793934166,2.3,3.2526911934581184,0
35,trip,2550,2558.8333333333335,z30,z20,toy-0006226,,,False,31.81202003878025,0.0,31.017020038780252,0.35,2.3,0
44,trip,2550,2562.0089706448603,z32,z21,toy-0006243,,,False,33.78472457050072,0.0,32.70391721246329,0.35,3.2526911934581184,0
77,trip,2550,2580.6666666666665,z31,z02,toy-0006244,,,False,33.842611474975534,0.0,31.082611474975536,2.3,6.8999999999999995,0
9,trip,2550,2575.410795394624,z02,z31,toy-0006240,,,False,26.49603030798845,0.0,24.209058722472268,0.35,7.273238618387272,0
56,trip,2550,2568.5089706448603,z30,z20,toy-0006233,,,False,30.47103030798831,0.0,28.805222949950874,2.3,3.2526911934581184,0
83,trip,2550,2566.5,z11,z31,toy-0006227,,,False,40.58011382325352,0.0,39.09511382325352,0.35,4.6,0
50,trip,2550,2568.5089706448603,z20,z21,toy-0006235,,,False,24.530335998760155,0.0,22.864528640722718,3.2526911934581184,2.3,0
60,trip,2550,2577.985491805692,z20,z12,toy-0006237,,,False,40.87636226189243,0.0,38.35766799938014,3.2526911934581184,5.142956348249516,0
59,trip,2550,2568.5089706448603,z12,z20,toy-0006228,,,False,31.59564497734751,0.0,29.929837619310074,3.2526911934581184,2.3,0
63,trip,2550,2568.5089706448603,z10,z11,toy-0006230,,,False,37.54275298498427,0.0,35.876945626946835,3.2526911934581184,2.3,0
53,trip,2550,2573.0,z01,z22,toy-0006231,,,False,37.32180411693826,0.0,35.25180411693826,4.6,2.3,0
68,trip,2550,2583.8423039781937,z01,z22,toy-0006238,,,False,21.641138268909817,0.0,18.59533091087238,6.8999999999999995,3.2526911934581184,0
22,trip,2550,2581.910795394624,z02,z32,toy-0006239,,,False,34.634747545817774,0.0,31.762775960301592,7.273238618387272,2.3,0
36,trip,2550,2585.309226445224,z00,z22,toy-0006245,,,False,35.46564497734772,0.0,32.28781459727757,8.292767933567175,2.3,0
40,trip,2550,2577.985491805692,z00,z32,toy-0006232,,,False,44.86711309552527,0.0,42.34841883301298,5.142956348249516,3.2526911934581184,0
31,trip,2555,2573.309854494165,z31,z10,toy-0006255,,,False,24.231279778918363,0.0,22.583392874443508,0.35,5.142956348249516,0
7,trip,2555,2573.309854494165,z22,z01,toy-0006258,,,False,26.88230249638837,0.0,25.234415591913514,0.35,5.142956348249516,0
75,trip,2555,2563.8333333333335,z22,z32,toy-0006261,,,False,28.322359020793197,0.0,27.5273590207932,0.35,2.3,0
24,trip,2555,2567.0089706448603,z10,z01,toy-0006246,,,False,35.1288836633757,0.0,34.04807630533827,0.35,3.2526911934581184,0
10,trip,2555,2563.8333333333335,z11,z21,toy-0006251,,,False,22.211806221574186,0.0,21.416806221574184,0.35,2.3,0
85,trip,2555,2579.809854494165,z22,z20,toy-0006262,,,False,27.096603099271935,0.0,24.863716194797078,2.3,5.142956348249516,0
23,trip,2555,2563.8333333333335,z20,z10,toy-0006247,,,False,40.168883663375766,0.0,39.373883663375764,0.35,2.3,0
47,trip,2555,2563.8333333333335,z11,z12,toy-0006252,,,False,38.5161035540456,0.0,37.7211035540456,0.35,2.3,0
28,trip,2555,2563.8333333333335,z01,z00,toy-0006249,,,False,45.135,0.0,44.339999999999996,0.35,2.3,0
13,trip,2555,2570.3333333333335,z21,z21,toy-0006259,,,False,27.909945188899588,0.0,26.52994518889959,2.3,2.3,0
86,trip,2555,2578.0,z31,z12,toy-0006265,,,False,34.99711309552499,0.0,32.92711309552499,2.3,4.6,0
26,trip,2555,2563.8333333333335,z12,z02,toy-0006257,,,False,32.70391721246343,0.0,31.90891721246343,0.35,2.3,0
48,trip,2555,2578.0,z11,z21,toy-0006250,,,False,29.28024592526786,0.0,27.21024592526786,2.3,4.6,0
89,trip,2555,2573.309854494165,z30,z22,toy-0006248,,,False,35.53063988945919,0.0,33.882752984984336,0.35,5.142956348249516,0
19,trip,2555,2573.5089706448603,z21,z31,toy-0006264,,,False,27.005024688620853,0.0,25.339217330583416,3.2526911934581184,2.3,0
45,trip,2555,2570.3333333333335,z20,z31,toy-0006254,,,False,30.484415591913375,0.0,29.104415591913376,2.3,2.3,0
87,trip,2555,2581.175637311527,z20,z11,toy-0006256,,,False,37.58969102141246,0.0,35.233883663375025,3.2526911934581184,4.6,0
79,trip,2555,2585.6666666666665,z02,z02,toy-0006260,,,False,26.386246229830732,0.0,23.626246229830734,4.6,4.6,0
62,trip,2555,2600.928736684345,z10,z01,toy-0006263,,,False,32.33776732675083,0.0,28.204181025159777,6.505382386916237,7.273238618387272,0
73,trip,2555,2581.175637311527,z10,z01,toy-0006253,,,False,37.24599675890063,0.0,34.89018940086319,3.2526911934581184,4.6,0
42,visit,2555,2570.0,z31,z31,,hub_core,local,True,24.689978737987666,12.777777777777779,37.25775651576544,0.7,0,7.666666666666668
0,visit,2555,2581.6846079563875,z02,z02,,hub_center,local,False,34.71771943589647,0.0,32.7661047198216,6.505382386916237,0,0
8,trip,2560,2568.8333333333335,z31,z21,toy-0006282,,,False,34.35180411693834,0.0,33.55680411693834,0.35,2.3,0
57,trip,2560,2576.5,z22,z20,toy-0006286,,,False,40.032577925887374,0.0,38.547577925887374,0.35,4.6,0
38,trip,2560,2568.8333333333335,z31,z32,toy-0006285,,,False,37.39549837945064,0.0,36.60049837945064,0.35,2.3,0
35,trip,2560,2578.5089706448603,z20,z21,toy-0006267,,,False,31.017020038780277,0.0,29.35121268074284,2.3,3.2526911934581184,0
76,trip,2560,2584.1666666666665,z01,z31,toy-0006274,,,False,27.56775298498409,0.0,25.39275298498409,0.35,6.8999999999999995,0
72,trip,2560,2578.309854494165,z31,z12,toy-0006283,,,False,38.34472457050037,0.0,36.696837666025516,0.35,5.142956348249516,0
4,trip,2560,2590.6666666666665,z30,z01,toy-0006281,,,False,41.82130573748766,0.0,39.061305737487665,2.3,6.8999999999999995,0
12,trip,2560,2591.910795394624,z30,z00,toy-0006279,,,False,24.294194355266715,0.0,21.422222769750533,2.3,7.273238618387272,0
67,trip,2560,2578.309854494165,z00,z12,toy-0006266,,,False,47.72343200900346,0.0,46.07554510452861,0.35,5.142956348249516,0
20,trip,2560,2578.5089706448603,z12,z31,toy-0006287,,,False,31.033963937541632,0.0,29.368156579504195,2.3,3.2526911934581184,0
46,trip,2560,2568.8333333333335,z20,z21,toy-0006269,,,False,37.060141510009124,0.0,36.26514151000912,0.35,2.3,0
33,trip,2560,2578.5089706448603,z32,z20,toy-0006280,,,False,30.462167411121822,0.0,28.796360053084385,2.3,3.2526911934581184,0
15,visit,2560,2580.3333333333335,z12,z12,,hub_center,local,False,24.757307192945152,0.0,23.377307192945153,4.6,0,0
2,trip,2565,2573.8333333333335,z21,z20,toy-0006296,,,False,41.71838411814886,0.0,40.92338411814886,0.35,2.3,0
17,trip,2565,2573.8333333333335,z22,z12,toy-0006310,,,False,39.91419264196237,0.0,39.11919264196237,0.35,2.3,0
14,trip,2565,2577.0089706448603,z32,z21,toy-0006313,,,False,39.93211309552493,0.0,38.8513057374875,0.35,3.2526911934581184,0
10,trip,2565,2573.8333333333335,z21,z11,toy-0006297,,,False,21.416806221574213,0.0,20.62180622157421,0.35,2.3,0
74,trip,2565,2573.8333333333335,z31,z21,toy-0006304,,,False,28.53428271545506,0.0,27.73928271545506,0.35,2.3,0
75,trip,2565,2587.851274623054,z32,z10,toy-0006311,,,False,27.527359020793224,0.0,25.47074430471835,0.35,6.505382386916237,0
47,trip,2565,2577.0089706448603,z12,z21,toy-0006308,,,False,37.72110355404563,0.0,36.640296196008194,0.35,3.2526911934581184,0
23,trip,2565,2587.851274623054,z10,z32,toy-0006292,,,False,39.37388366337579,0.0,37.317268947300924,0.35,6.505382386916237,0
25,trip,2565,2583.309854494165,z22,z30,toy-0006309,,,False,23.18233604547596,0.0,21.534449141001105,0.35,5.142956348249516,0
44,trip,2565,2589.809854494165,z21,z10,toy-0006301,,,False,32.703917212463296,0.0,30.471030307988443,2.3,5.142956348249516,0
61,trip,2565,2596.910795394624,z21,z02,toy-0006305,,,False,33.36941442613741,0.0,30.49744284062123,2.3,7.273238618387272,0
84,trip,2565,2580.3333333333335,z22,z31,toy-0006314,,,False,45.943385283924904,0.0,44.5633852839249,2.3,2.3,0
81,trip,2565,2577.0089706448603,z01,z10,toy-0006295,,,False,27.81149513835077,0.0,26.730687780313335,0.35,3.2526911934581184,0
69,trip,2565,2580.3333333333335,z21,z30,toy-0006302,,,False,31.0780763053381,0.0,29.698076305338102,2.3,2.3,0
70,trip,2565,2580.3333333333335,z30,z32,toy-0006307,,,False,37.63816992449297,0.0,36.25816992449297,2.3,2.3,0
34,trip,2565,2580.3333333333335,z11,z31,toy-0006298,,,False,29.24484687318807,0.0,27.86484687318807,2.3,2.3,0
43,trip,2565,2580.3333333333335,z20,z22,toy-0006299,,,False,29.84515585177592,0.0,28.465155851775922,2.3,2.3,0
28,trip,2565,2597.476521160832,z00,z32,toy-0006294,,,False,44.340000000000025,0.0,41.41711309552517,4.6,5.142956348249516,0
80,trip,2565,2592.985491805692,z12,z22,toy-0006306,,,False,33.13486608050969,0.0,30.616171817997397,5.142956348249516,3.2526911934581184,0
5,trip,2565,2604.577462061291,z02,z11,toy-0006303,,,False,35.3319120778592,0.0,31.769940492343018,7.273238618387272,4.6,0
26,trip,2565,2603.3333333333335,z02,z30,toy-0006312,,,False,31.908917212463454,0.0,28.458917212463454,6.8999999999999995,4.6,0
49,trip,2565,2592.985491805692,z00,z32,toy-0006300,,,False,33.95158875750542,0.0,31.43289449499313,5.142956348249516,3.2526911934581184,0
66,trip,2565,2588.0,z00,z30,toy-0006293,,,False,39.67307630533837,0.0,37.60307630533837,4.6,2.3,0
51,visit,2565,2585.3333333333335,z10,z10,,depot_west,local,False,18.791959968713275,0.0,17.411959968713276,4.6,0,0
21,visit,2565,2580.0,z21,z21,,hub_inner,local,True,20.712918621204683,12.777777777777779,33.280696398982464,0.7,0,7.666666666666668
65,visit,2565,2600.6666666666665,z02,z02,,depot_west,local,False,34.095189400862836,0.0,31.335189400862838,9.2,0,0
42,trip,2570,2588.309854494165,z31,z12,toy-0006328,,,False,37.257756515765216,0.0,35.609869611290364,0.35,5.142956348249516,0
56,trip,2570,2586.5,z20,z00,toy-0006318,,,False,28.80522294995089,0.0,27.32022294995089,0.35,4.6,0
78,trip,2570,2582.0089706448603,z22,z11,toy-0006331,,,False,24.279461151216086,0.0,23.19865379317865,0.35,3.2526911934581184,0
8,trip,2570,2588.309854494165,z21,z00,toy-0006323,,,False,33.556804116938366,0.0,31.90891721246351,0.35,5.142956348249516,0
11,trip,2570,2578.8333333333335,z11,z10,toy-0006319,,,False,32.085720163625474,0.0,31.290720163625473,0.35,2.3,0
3,trip,2570,2586.5,z32,z12,toy-0006334,,,False,47.89499999999969,0.0,46.40999999999969,0.35,4.6,0
29,trip,2570,2594.809854494165,z11,z20,toy-0006329,,,False,35.28479898233424,0.0,33.051912077859384,2.3,5.142956348249516,0
83,trip,2570,2582.0089706448603,z31,z20,toy-0006326,,,False,39.09511382325351,0.0,38.01430646521608,0.35,3.2526911934581184,0
6,trip,2570,2586.5,z10,z30,toy-0006316,,,False,34.766198338976906,0.0,33.28119833897691,0.35,4.6,0
32,trip,2570,2582.0089706448603,z11,z22,toy-0006321,,,False,37.868526793934166,0.0,36.78771943589673,0.35,3.2526911934581184,0
38,trip,2570,2585.3333333333335,z32,z32,toy-0006332,,,False,36.60049837945067,0.0,35.22049837945067,2.3,2.3,0
63,trip,2570,2586.5,z11,z31,toy-0006320,,,False,35.876945626946835,0.0,34.391945626946836,0.35,4.6,0
46,trip,2570,2588.309854494165,z21,z02,toy-0006324,,,False,36.26514151000915,0.0,34.6172546055343,0.35,5.142956348249516,0
50,trip,2570,2601.910795394624,z21,z00,toy-0006325,,,False,22.864528640722735,0.0,19.992557055206554,2.3,7.273238618387272,0
54,trip,2570,2597.985491805692,z21,z20,toy-0006333,,,False,38.956305737488016,0.0,36.437611474975725,3.2526911934581184,5.142956348249516,0
41,trip,2570,2594.809854494165,z02,z31,toy-0006330,,,False,31.522410457309388,0.0,29.28952355283453,2.3,5.142956348249516,0
1,trip,2570,2586.5,z00,z20,toy-0006315,,,False,27.241777369042328,0.0,25.75677736904233,0.35,4.6,0
55,trip,2570,2588.309854494165,z10,z22,toy-0006317,,,False,36.25226894730028,0.0,34.60438204282543,0.35,5.142956348249516,0
24,trip,2570,2616.0,z01,z01,toy-0006327,,,False,34.04807630533828,0.0,29.908076305338277,6.8999999999999995,6.8999999999999995,0
58,trip,2570,2597.985491805692,z02,z32,toy-0006322,,,False,43.375141510008795,0.0,40.856447247496504,3.2526911934581184,5.142956348249516,0
18,visit,2570,2590.3333333333335,z01,z01,,depot_west,local,False,23.337518418231273,0.0,21.957518418231274,4.6,0,0
59,visit,2570,2590.3333333333335,z20,z20,,depot_south,local,False,29.929837619310092,0.0,28.549837619310093,4.6,0,0
19,trip,2575,2590.3333333333335,z31,z31,toy-0006356,,,False,25.339217330583434,0.0,23.959217330583435,2.3,2.3,0
45,trip,2575,2583.8333333333335,z31,z21,toy-0006345,,,False,29.1044155919134,0.0,28.3094155919134,0.35,2.3,0
53,trip,2575,2583.8333333333335,z22,z21,toy-0006351,,,False,35.251804116938246,0.0,34.456804116938244,0.35,2.3,0
2,trip,2575,2606.910795394624,z20,z01,toy-0006335,,,False,40.92338411814889,0.0,38.05141253263271,2.3,7.273238618387272,0
7,trip,2575,2593.5089706448603,z01,z20,toy-0006338,,,False,25.23441559191353,0.0,23.56860823387609,2.3,3.2526911934581184,0
13,trip,2575,2587.0089706448603,z21,z30,toy-0006339,,,False,26.529945188899614,0.0,25.449137830862178,0.35,3.2526911934581184,0
74,trip,2575,2591.5,z21,z01,toy-0006340,,,False,27.739282715455087,0.0,26.254282715455087,0.35,4.6,0
88,trip,2575,2596.6846079563875,z20,z22,toy-0006346,,,False,42.91549837945049,0.0,40.96388366337562,3.2526911934581184,3.2526911934581184,0
17,trip,2575,2593.5089706448603,z12,z00,toy-0006337,,,False,39.1191926419624,0.0,37.453385283924966,2.3,3.2526911934581184,0
89,trip,2575,2593.5089706448603,z22,z30,toy-0006343,,,False,33.882752984984336,0.0,32.2169456269469,3.2526911934581184,2.3,0
64,trip,2575,2597.851274623054,z12,z30,toy-0006348,,,False,33.018917212463535,0.0,30.962302496388663,0.35,6.505382386916237,0
31,trip,2575,2593.5089706448603,z10,z31,toy-0006341,,,False,22.583392874443522,0.0,20.917585516406085,3.2526911934581184,2.3,0
10,visit,2575,2590.0,z11,z11,,hub_center,local,True,20.62180622157424,12.777777777777779,33.18958399935202,0.7,0,7.666666666666668
9,trip,2580,2592.0089706448603,z31,z20,toy-0006365,,,False,24.209058722472285,0.0,23.12825136443485,0.35,3.2526911934581184,0
40,trip,2580,2602.851274623054,z32,z10,toy-0006372,,,False,42.34841883301296,0.0,40.29180411693809,0.35,6.505382386916237,0
14,trip,2580,2592.0089706448603,z21,z10,toy-0006362,,,False,38.85130573748751,0.0,37.770498379450075,0.35,3.2526911934581184,0
21,trip,2580,2592.0089706448603,z21,z32,toy-0006364,,,False,33.28069639898223,0.0,32.1998890409448,0.35,3.2526911934581184,0
60,trip,2580,2596.5,z12,z32,toy-0006369,,,False,38.35766799938012,0.0,36.87266799938012,0.35,4.6,0
67,trip,2580,2596.5,z12,z10,toy-0006368,,,False,46.07554510452861,0.0,44.59054510452861,0.35,4.6,0
33,trip,2580,2592.0089706448603,z20,z11,toy-0006360,,,False,28.7963600530844,0.0,27.715552695046963,0.35,3.2526911934581184,0
20,trip,2580,2588.8333333333335,z31,z21,toy-0006366,,,False,29.36815657950421,0.0,28.573156579504207,0.35,2.3,0
35,trip,2580,2588.8333333333335,z21,z22,toy-0006363,,,False,29.351212680742854,0.0,28.556212680742853,0.35,2.3,0
57,trip,2580,2602.851274623054,z20,z02,toy-0006361,,,False,38.54757792588737,0.0,36.4909632098125,0.35,6.505382386916237,0
47,trip,2580,2603.0,z21,z20,toy-0006370,,,False,36.6402961960082,0.0,34.5702961960082,2.3,4.6,0
27,trip,2580,2615.309226445224,z31,z00,toy-0006371,,,False,18.939816203180698,0.0,15.761985823110546,2.3,8.292767933567175,0
71,trip,2580,2588.8333333333335,z00,z01,toy-0006359,,,False,37.57750291068823,0.0,36.78250291068823,0.35,2.3,0
48,trip,2580,2595.3333333333335,z21,z32,toy-0006367,,,False,27.21024592526786,0.0,25.83024592526786,2.3,2.3,0
39,visit,2580,2595.0,z32,z32,,hub_waterfront,local,True,29.512410457309382,12.777777777777779,42.08018823508716,0.7,0,7.666666666666668
22,trip,2585,2593.8333333333335,z32,z22,toy-0006389,,,False,31.762775960301592,0.0,30.967775960301594,0.35,2.3,0
34,trip,2585,2597.0089706448603,z31,z22,toy-0006384,,,False,27.864846873188096,0.0,26.78403951515066,0.35,3.2526911934581184,0
70,trip,2585,2603.309854494165,z32,z20,toy-0006388,,,False,36.25816992449299,0.0,34.61028302001814,0.35,5.142956348249516,0
45,trip,2585,2593.8333333333335,z21,z11,toy-0006377,,,False,28.309415591913428,0.0,27.514415591913426,0.35,2.3,0
84,trip,2585,2609.1666666666665,z31,z01,toy-0006380,,,False,44.56338528392492,0.0,42.388385283924926,0.35,6.8999999999999995,0
53,trip,2585,2597.0089706448603,z21,z12,toy-0006378,,,False,34.45680411693827,0.0,33.37599675890084,0.35,3.2526911934581184,0
32,trip,2585,2600.3333333333335,z22,z20,toy-0006376,,,False,36.78771943589674,0.0,35.40771943589674,2.3,2.3,0
25,trip,2585,2616.910795394624,z30,z02,toy-0006382,,,False,21.53444914100112,0.0,18.662477555484937,2.3,7.273238618387272,0
43,trip,2585,2593.8333333333335,z22,z32,toy-0006387,,,False,28.465155851775947,0.0,27.670155851775945,0.35,2.3,0
69,trip,2585,2608.0,z30,z11,toy-0006381,,,False,29.698076305338127,0.0,27.628076305338126,2.3,4.6,0
68,trip,2585,2620.0864327061513,z22,z00,toy-0006379,,,False,18.595330910872384,0.0,15.437551967318768,3.2526911934581184,7.273238618387272,0
0,trip,2585,2593.8333333333335,z02,z01,toy-0006385,,,False,32.766104719821584,0.0,31.971104719821582,0.35,2.3,0
15,trip,2585,2609.809854494165,z12,z01,toy-0006386,,,False,23.377307192945178,0.0,21.14442028847032,2.3,5.142956348249516,0
83,trip,2585,2597.0089706448603,z20,z31,toy-0006373,,,False,38.01430646521609,0.0,36.933499107178655,0.35,3.2526911934581184,0
85,trip,2585,2612.985491805692,z20,z12,toy-0006383,,,False,24.86371619479709,0.0,22.345021932284798,3.2526911934581184,5.142956348249516,0
11,trip,2585,2615.6666666666665,z10,z32,toy-0006374,,,False,31.2907201636255,0.0,28.530720163625503,4.6,4.6,0
78,trip,2585,2593.8333333333335,z11,z21,toy-0006375,,,False,23.198653793178664,0.0,22.403653793178663,0.35,2.3,0
52,visit,2585,2600.0,z32,z32,,hub_waterfront,local,True,19.681343331431655,12.777777777777779,32.24912110920943,0.7,0,7.666666666666668
76,visit,2585,2600.0,z31,z31,,hub_core,local,True,25.392752984984106,12.777777777777779,37.960530762761884,0.7,0,7.666666666666668
87,visit,2585,2600.0,z11,z11,,hub_center,,True,35.233883663374996,12.871116336625,47.894999999999996,0.7,0,7.722669801975001
63,trip,2590,2598.8333333333335,z31,z32,toy-0006400,,,False,34.39194562694683,0.0,33.59694562694683,0.35,2.3,0
6,trip,2590,2614.809854494165,z30,z10,toy-0006397,,,False,33.2811983389769,0.0,31.048311434502047,2.3,5.142956348249516,0
10,trip,2590,2598.8333333333335,z11,z01,toy-0006395,,,False,33.18958399935179,0.0,32.39458399935179,0.35,2.3,0
20,trip,2590,2605.3333333333335,z21,z21,toy-0006399,,,False,28.573156579504236,0.0,27.193156579504237,2.3,2.3,0
23,trip,2590,2598.8333333333335,z32,z31,toy-0006408,,,False,37.317268947300924,0.0,36.52226894730092,0.35,2.3,0
44,trip,2590,2598.8333333333335,z10,z00,toy-0006390,,,False,30.471030307988446,0.0,29.676030307988448,0.35,2.3,0
66,trip,2590,2608.5089706448603,z30,z20,toy-0006398,,,False,37.603076305338355,0.0,35.93726894730092,2.3,3.2526911934581184,0
1,trip,2590,2608.309854494165,z20,z12,toy-0006394,,,False,25.75677736904233,0.0,24.108890464567473,0.35,5.142956348249516,0
35,trip,2590,2605.3333333333335,z22,z31,toy-0006396,,,False,28.55621268074288,0.0,27.176212680742882,2.3,2.3,0
51,trip,2590,2598.8333333333335,z10,z20,toy-0006391,,,False,17.4119599687133,0.0,16.616959968713303,0.35,2.3,0
36,trip,2590,2602.0089706448603,z22,z31,toy-0006403,,,False,32.28781459727755,0.0,31.207007239240117,0.35,3.2526911934581184,0
42,trip,2590,2598.8333333333335,z12,z11,toy-0006401,,,False,35.609869611290364,0.0,34.81486961129036,0.35,2.3,0
55,trip,2590,2608.5089706448603,z22,z21,toy-0006407,,,False,34.60438204282543,0.0,32.938574684787994,2.3,3.2526911934581184,0
72,trip,2590,2622.476521160832,z12,z11,toy-0006406,,,False,36.696837666025516,0.0,33.77395076155066,4.6,5.142956348249516,0
86,trip,2590,2605.3333333333335,z12,z12,toy-0006404,,,False,32.92711309552497,0.0,31.547113095524974,2.3,2.3,0
75,trip,2590,2608.309854494165,z10,z31,toy-0006392,,,False,25.470744304718366,0.0,23.82285740024351,0.35,5.142956348249516,0
81,trip,2590,2605.3333333333335,z10,z21,toy-0006393,,,False,26.73068778031335,0.0,25.35068778031335,2.3,2.3,0
77,trip,2590,2616.175637311527,z02,z11,toy-0006402,,,False,31.082611474975536,0.0,28.7268041169381,4.6,3.2526911934581184,0
79,trip,2590,2628.3333333333335,z02,z30,toy-0006405,,,False,23.626246229830706,0.0,20.176246229830706,6.8999999999999995,4.6,0
16,trip,2590,2629.577462061291,z01,z12,toy-0006409,,,False,23.357860945905824,0.0,19.79588936038964,7.273238618387272,4.6,0
13,visit,2590,2605.0,z30,z30,,depot_south,local,True,25.449137830862192,12.777777777777779,38.01691560863997,0.7,0,7.666666666666668
46,visit,2590,2647.6666666666665,z02,z02,,depot_west,central,False,34.6172546055343,0.0,31.8572546055343,9.2,0,0
38,visit,2590,2605.0,z32,z32,,hub_waterfront,local,True,35.22049837945069,12.777777777777779,47.788276157228466,0.7,0,7.666666666666668
3,visit,2590,2610.3333333333335,z12,z12,,hub_center,local,False,46.409999999999684,0.0,45.02999999999968,4.6,0,0
56,visit,2590,2605.0,z00,z00,,depot_west,,True,27.32022294995089,17.77777777777778,44.88800072772867,0.7,0,10.666666666666668
8,visit,2590,2605.0,z00,z00,,depot_west,,True,31.908917212463514,16.196082787536486,47.895,0.7,0,9.717649672521892
19,trip,2595,2607.0089706448603,z31,z22,toy-0006419,,,False,23.95921733058346,0.0,22.878409972546024,0.35,3.2526911934581184,0
22,trip,2595,2613.5089706448603,z22,z32,toy-0006415,,,False,30.96777596030162,0.0,29.301968602264182,2.3,3.2526911934581184,0
29,trip,2595,2611.5,z20,z22,toy-0006412,,,False,33.051912077859384,0.0,31.566912077859385,0.35,4.6,0
33,trip,2595,2603.8333333333335,z11,z12,toy-0006414,,,False,27.715552695046977,0.0,26.92055269504698,0.35,2.3,0
21,trip,2595,2610.3333333333335,z32,z21,toy-0006421,,,False,32.199889040944804,0.0,30.819889040944805,2.3,2.3,0
45,trip,2595,2611.5,z11,z31,toy-0006413,,,False,27.514415591913455,0.0,26.029415591913455,0.35,4.6,0
31,trip,2595,2611.5,z31,z11,toy-0006417,,,False,20.917585516406103,0.0,19.432585516406103,0.35,4.6,0
41,trip,2595,2613.309854494165,z31,z12,toy-0006418,,,False,29.28952355283454,0.0,27.641636648359686,0.35,5.142956348249516,0
39,trip,2595,2620.410795394624,z32,z01,toy-0006423,,,False,42.08018823508693,0.0,39.793216649570745,0.35,7.273238618387272,0
82,trip,2595,2603.8333333333335,z12,z22,toy-0006420,,,False,33.550565477625966,0.0,32.755565477625964,0.35,2.3,0
12,trip,2595,2617.851274623054,z00,z22,toy-0006410,,,False,21.422222769750547,0.0,19.365608053675675,0.35,6.505382386916237,0
43,trip,2595,2610.3333333333335,z32,z30,toy-0006416,,,False,27.670155851775974,0.0,26.290155851775975,2.3,2.3,0
59,trip,2595,2625.6666666666665,z20,z02,toy-0006422,,,False,28.549837619310118,0.0,25.78983761931012,4.6,4.6,0
14,trip,2595,2611.5,z10,z12,toy-0006411,,,False,37.77049837945008,0.0,36.28549837945008,0.35,4.6,0
78,visit,2595,2610.0,z21,z21,,hub_inner,local,True,22.40365379317869,12.777777777777779,34.97143157095647,0.7,0,7.666666666666668
9,visit,2595,2615.3333333333335,z20,z20,,depot_south,local,False,23.128251364434863,0.0,21.748251364434864,4.6,0,0
7,visit,2595,2615.3333333333335,z20,z20,,depot_south,local,False,23.568608233876105,0.0,22.188608233876106,4.6,0,0
80,visit,2595,2656.286375654997,z22,z22,,depot_south,central,False,30.61617181799739,0.0,27.53039800904768,10.285912696499032,0,0
49,visit,2595,2610.0,z32,z32,,hub_waterfront,local,True,31.432894494993114,12.777777777777779,44.00067227277089,0.7,0,7.666666666666668
89,visit,2595,2610.0,z30,z30,,depot_south,,True,32.2169456269469,15.888054373053098,47.895,0.7,0,9.532832623831858
17,visit,2595,2610.0,z00,z00,,depot_west,,True,37.453385283924966,10.651614716075033,47.894999999999996,0.7,0,6.390968829645019
51,trip,2600,2618.309854494165,z20,z32,toy-0006425,,,False,16.616959968713328,0.0,14.969073064238472,0.35,5.142956348249516,0
34,trip,2600,2624.809854494165,z22,z00,toy-0006429,,,False,26.784039515150674,0.0,24.55115261067582,2.3,5.142956348249516,0
76,trip,2600,2608.8333333333335,z31,z32,toy-0006436,,,False,37.96053076276166,0.0,37.165530762761655,0.35,2.3,0
61,trip,2600,2622.851274623054,z02,z20,toy-0006437,,,False,30.497442840621236,0.0,28.440828124546364,0.35,6.505382386916237,0
37,trip,2600,2618.309854494165,z22,z30,toy-0006438,,,False,28.869814643992694,0.0,27.221927739517838,0.35,5.142956348249516,0
28,trip,2600,2608.8333333333335,z32,z31,toy-0006440,,,False,41.41711309552514,0.0,40.62211309552514,0.35,2.3,0
42,trip,2600,2624.809854494165,z11,z02,toy-0006430,,,False,34.81486961129039,0.0,32.58198270681554,2.3,5.142956348249516,0
48,trip,2600,2624.1666666666665,z32,z02,toy-0006441,,,False,25.830245925267885,0.0,23.655245925267884,0.35,6.8999999999999995,0
83,trip,2600,2625.410795394624,z31,z02,toy-0006435,,,False,36.93349910717866,0.0,34.64652752166248,0.35,7.273238618387272,0
52,trip,2600,2630.6666666666665,z32,z01,toy-0006433,,,False,32.249121109209206,0.0,29.489121109209208,2.3,6.8999999999999995,0
58,trip,2600,2608.8333333333335,z32,z22,toy-0006442,,,False,40.85644724749648,0.0,40.06144724749648,0.35,2.3,0
60,trip,2600,2618.5089706448603,z32,z20,toy-0006432,,,False,36.87266799938011,0.0,35.20686064134268,2.3,3.2526911934581184,0
64,trip,2600,2615.3333333333335,z30,z21,toy-0006434,,,False,30.96230249638867,0.0,29.58230249638867,2.3,2.3,0
87,trip,2600,2618.309854494165,z11,z32,toy-0006428,,,False,47.894999999999875,0.0,46.24711309552502,0.35,5.142956348249516,0
54,trip,2600,2608.8333333333335,z20,z10,toy-0006424,,,False,36.437611474975704,0.0,35.6426114749757,0.35,2.3,0
88,trip,2600,2615.3333333333335,z22,z22,toy-0006431,,,False,40.963883663375604,0.0,39.5838836633756,2.3,2.3,0
0,trip,2600,2618.5089706448603,z01,z22,toy-0006427,,,False,31.971104719821607,0.0,30.30529736178417,2.3,3.2526911934581184,0
4,trip,2600,2618.5089706448603,z01,z02,toy-0006426,,,False,39.06130573748766,0.0,37.395498379450224,2.3,3.2526911934581184,0
53,trip,2600,2637.017941289721,z12,z10,toy-0006439,,,False,33.37599675890085,0.0,30.044382042825976,4.6,6.505382386916237,0
63,visit,2600,2615.0,z32,z32,,hub_waterfront,local,True,33.596945626946855,12.777777777777779,46.16472340472463,0.7,0,7.666666666666668
23,visit,2600,2615.0,z31,z31,,hub_core,local,True,36.52226894730095,11.582731052699046,47.894999999999996,0.7,0,6.949638631619427
44,visit,2600,2615.0,z00,z00,,depot_west,,True,29.676030307988473,17.77777777777778,47.243808085766254,0.7,0,10.666666666666668
82,trip,2605,2621.5,z22,z20,toy-0006458,,,False,32.75556547762599,0.0,31.270565477625993,0.35,4.6,0
38,trip,2605,2623.309854494165,z32,z11,toy-0006462,,,False,47.78827615722823,0.0,46.14038925275338,0.35,5.142956348249516,0
5,trip,2605,2623.5089706448603,z11,z30,toy-0006448,,,False,31.769940492342986,0.0,30.10413313430555,2.3,3.2526911934581184,0
10,trip,2605,2613.8333333333335,z01,z11,toy-0006445,,,False,32.394583999351816,0.0,31.599583999351815,0.35,2.3,0
36,trip,2605,2621.5,z31,z11,toy-0006454,,,False,31.207007239240127,0.0,29.722007239240128,0.35,4.6,0
13,trip,2605,2623.5089706448603,z30,z22,toy-0006455,,,False,38.01691560863974,0.0,36.35110825060231,2.3,3.2526911934581184,0
26,trip,2605,2621.5,z30,z10,toy-0006443,,,False,28.458917212463444,0.0,26.973917212463444,0.35,4.6,0
33,trip,2605,2629.809854494165,z12,z10,toy-0006457,,,False,26.920552695047004,0.0,24.687665790572147,2.3,5.142956348249516,0
32,trip,2605,2623.5089706448603,z20,z10,toy-0006447,,,False,35.40771943589676,0.0,33.741912077859325,2.3,3.2526911934581184,0
47,trip,2605,2620.3333333333335,z20,z31,toy-0006451,,,False,34.57029619600819,0.0,33.190296196008184,2.3,2.3,0
70,trip,2605,2632.985491805692,z20,z10,toy-0006453,,,False,34.61028302001814,0.0,32.091588757505846,3.2526911934581184,5.142956348249516,0
40,trip,2605,2629.809854494165,z10,z32,toy-0006456,,,False,40.29180411693809,0.0,38.058917212463236,5.142956348249516,2.3,0
67,trip,2605,2637.526911934581,z10,z21,toy-0006463,,,False,44.5905451045286,0.0,41.663123030416294,6.505382386916237,3.2526911934581184,0
57,trip,2605,2628.0,z02,z32,toy-0006459,,,False,36.4909632098125,0.0,34.4209632098125,4.6,2.3,0
65,trip,2605,2645.1431878274984,z02,z20,toy-0006461,,,False,31.3351894008628,0.0,27.722302496387943,6.8999999999999995,5.142956348249516,0
18,trip,2605,2628.0,z01,z11,toy-0006450,,,False,21.9575184182313,0.0,19.8875184182313,4.6,2.3,0
8,trip,2605,2655.6425597785574,z00,z02,toy-0006444,,,False,47.89500000000009,0.0,43.33716961992994,6.8999999999999995,8.292767933567175,0
62,trip,2605,2635.6666666666665,z01,z01,toy-0006449,,,False,28.204181025159777,0.0,25.44418102515978,4.6,4.6,0
71,trip,2605,2656.886688506515,z01,z00,toy-0006460,,,False,36.78250291068826,0.0,32.11270094510192,7.273238618387272,8.292767933567175,0
73,trip,2605,2652.2441287279576,z01,z00,toy-0006452,,,False,34.890189400863164,0.0,30.638217815346984,6.8999999999999995,7.273238618387272,0
74,trip,2605,2623.309854494165,z01,z22,toy-0006446,,,False,26.254282715455087,0.0,24.60639581098023,0.35,5.142956348249516,0
50,visit,2605,2634.3333333333335,z00,z00,,depot_west,central,False,19.992557055206568,0.0,19.782557055206567,0.7,0,0
28,trip,2610,2618.8333333333335,z31,z30,toy-0006473,,,False,40.622113095525165,0.0,39.82711309552516,0.35,2.3,0
69,trip,2610,2628.309854494165,z11,z30,toy-0006469,,,False,27.628076305338126,0.0,25.98018940086327,0.35,5.142956348249516,0
49,trip,2610,2618.8333333333335,z32,z31,toy-0006477,,,False,44.000672272770665,0.0,43.20567227277066,0.35,2.3,0
66,trip,2610,2628.309854494165,z20,z01,toy-0006466,,,False,35.93726894730092,0.0,34.28938204282607,0.35,5.142956348249516,0
76,trip,2610,2626.5,z32,z12,toy-0006478,,,False,37.16553076276168,0.0,35.680530762761684,0.35,4.6,0
35,trip,2610,2628.309854494165,z31,z12,toy-0006475,,,False,27.176212680742907,0.0,25.52832577626805,0.35,5.142956348249516,0
20,trip,2610,2622.0089706448603,z21,z12,toy-0006471,,,False,27.19315657950426,0.0,26.112349221466825,0.35,3.2526911934581184,0
19,trip,2610,2622.0089706448603,z22,z31,toy-0006476,,,False,22.878409972546038,0.0,21.7976026145086,0.35,3.2526911934581184,0
78,trip,2610,2618.8333333333335,z21,z20,toy-0006470,,,False,34.97143157095624,0.0,34.17643157095624,0.35,2.3,0
54,trip,2610,2628.309854494165,z10,z02,toy-0006465,,,False,35.64261147497573,0.0,33.99472457050088,0.35,5.142956348249516,0
2,trip,2610,2635.410795394624,z01,z32,toy-0006467,,,False,38.0514125326327,0.0,35.76444094711652,0.35,7.273238618387272,0
1,trip,2610,2628.5089706448603,z12,z20,toy-0006468,,,False,24.108890464567487,0.0,22.44308310653005,2.3,3.2526911934581184,0
81,trip,2610,2622.0089706448603,z21,z32,toy-0006472,,,False,25.350687780313375,0.0,24.26988042227594,0.35,3.2526911934581184,0
75,trip,2610,2618.8333333333335,z31,z21,toy-0006474,,,False,23.822857400243524,0.0,23.027857400243526,0.35,2.3,0
17,trip,2610,2622.0089706448603,z00,z11,toy-0006464,,,False,47.894999999999754,0.0,46.81419264196232,0.35,3.2526911934581184,0
55,visit,2610,2625.0,z21,z21,,hub_inner,local,True,32.938574684787994,12.777777777777779,45.50635246256577,0.7,0,7.666666666666668
3,trip,2615,2633.309854494165,z12,z00,toy-0006490,,,False,45.0299999999997,0.0,43.38211309552485,0.35,5.142956348249516,0
21,trip,2615,2623.8333333333335,z21,z22,toy-0006484,,,False,30.81988904094483,0.0,30.024889040944828,0.35,2.3,0
58,trip,2615,2627.0089706448603,z22,z11,toy-0006494,,,False,40.06144724749651,0.0,38.98063988945908,0.35,3.2526911934581184,0
14,trip,2615,2633.309854494165,z12,z31,toy-0006492,,,False,36.285498379450075,0.0,34.63761147497522,0.35,5.142956348249516,0
22,trip,2615,2623.8333333333335,z32,z22,toy-0006498,,,False,29.301968602264196,0.0,28.506968602264195,0.35,2.3,0
43,trip,2615,2633.5089706448603,z30,z31,toy-0006480,,,False,26.290155851776,0.0,24.624348493738562,2.3,3.2526911934581184,0
63,trip,2615,2627.0089706448603,z32,z21,toy-0006497,,,False,46.1647234047244,0.0,45.083916046686966,0.35,3.2526911934581184,0
10,trip,2615,2623.8333333333335,z11,z10,toy-0006482,,,False,31.59958399935184,0.0,30.80458399935184,0.35,2.3,0
15,trip,2615,2645.6666666666665,z01,z32,toy-0006489,,,False,21.144420288470332,0.0,18.38442028847033,2.3,6.8999999999999995,0
41,trip,2615,2627.0089706448603,z12,z21,toy-0006491,,,False,27.6416366483597,0.0,26.560829290322264,0.35,3.2526911934581184,0
84,trip,2615,2630.3333333333335,z01,z21,toy-0006483,,,False,42.388385283924926,0.0,41.00838528392492,2.3,2.3,0
44,trip,2615,2640.410795394624,z00,z31,toy-0006479,,,False,47.24380808576602,0.0,44.956836500249835,0.35,7.273238618387272,0
23,trip,2615,2638.0,z31,z30,toy-0006496,,,False,47.895000000000245,0.0,45.825000000000244,2.3,4.6,0
45,trip,2615,2627.0089706448603,z31,z20,toy-0006485,,,False,26.029415591913455,0.0,24.94860823387602,0.35,3.2526911934581184,0
89,trip,2615,2645.6666666666665,z30,z01,toy-0006486,,,False,47.89499999999998,0.0,45.134999999999984,2.3,6.8999999999999995,0
85,trip,2615,2644.351274623054,z12,z00,toy-0006493,,,False,22.345021932284798,0.0,19.70340721620993,2.3,6.505382386916237,0
56,trip,2615,2645.6666666666665,z00,z31,toy-0006481,,,False,44.88800072772844,0.0,42.12800072772844,2.3,6.8999999999999995,0
86,trip,2615,2630.3333333333335,z12,z21,toy-0006495,,,False,31.547113095524995,0.0,30.167113095524996,2.3,2.3,0
31,visit,2615,2663.6846079563875,z11,z11,,depot_west,central,False,19.432585516406103,0.0,17.48097080033123,6.505382386916237,0,0
6,visit,2615,2635.3333333333335,z10,z10,,depot_west,local,False,31.04831143450205,0.0,29.66831143450205,4.6,0,0
29,visit,2615,2635.3333333333335,z22,z22,,hub_inner,local,False,31.566912077859378,0.0,30.18691207785938,4.6,0,0
49,trip,2620,2636.5,z31,z11,toy-0006503,,,False,43.20567227277069,0.0,41.72067227277069,0.35,4.6,0
51,trip,2620,2628.8333333333335,z32,z31,toy-0006513,,,False,14.969073064238486,0.0,14.174073064238486,0.35,2.3,0
28,trip,2620,2638.5089706448603,z30,z22,toy-0006506,,,False,39.82711309552519,0.0,38.16130573748776,2.3,3.2526911934581184,0
0,trip,2620,2628.8333333333335,z22,z12,toy-0006510,,,False,30.305297361784184,0.0,29.510297361784183,0.35,2.3,0
87,trip,2620,2638.309854494165,z32,z20,toy-0006511,,,False,46.24711309552502,0.0,44.59922619105017,0.35,5.142956348249516,0
37,trip,2620,2651.910795394624,z30,z02,toy-0006505,,,False,27.221927739517852,0.0,24.34995615400167,2.3,7.273238618387272,0
77,trip,2620,2636.5,z11,z31,toy-0006499,,,False,28.726804116938087,0.0,27.241804116938088,0.35,4.6,0
64,trip,2620,2651.910795394624,z21,z00,toy-0006501,,,False,29.582302496388696,0.0,26.710330910872514,2.3,7.273238618387272,0
75,trip,2620,2635.3333333333335,z21,z21,toy-0006504,,,False,23.02785740024355,0.0,21.647857400243552,2.3,2.3,0
7,trip,2620,2635.3333333333335,z20,z31,toy-0006500,,,False,22.18860823387613,0.0,20.808608233876132,2.3,2.3,0
12,trip,2620,2651.910795394624,z22,z01,toy-0006512,,,False,19.36560805367569,0.0,16.493636468159508,2.3,7.273238618387272,0
4,trip,2620,2638.309854494165,z02,z21,toy-0006507,,,False,37.395498379450224,0.0,35.74761147497537,0.35,5.142956348249516,0
88,trip,2620,2638.309854494165,z22,z01,toy-0006509,,,False,39.58388366337562,0.0,37.93599675890077,0.35,5.142956348249516,0
25,trip,2620,2638.5089706448603,z02,z01,toy-0006508,,,False,18.66247755548495,0.0,16.996670197447514,2.3,3.2526911934581184,0
9,trip,2620,2647.985491805692,z20,z10,toy-0006502,,,False,21.74825136443489,0.0,19.229557101922598,3.2526911934581184,5.142956348249516,0
27,visit,2620,2635.0,z00,z00,,depot_west,local,True,15.76198582311055,12.777777777777779,28.329763600888327,0.7,0,7.666666666666668
11,visit,2620,2635.0,z32,z32,,hub_waterfront,local,True,28.530720163625475,12.777777777777779,41.09849794140325,0.7,0,7.666666666666668
55,trip,2625,2637.0089706448603,z21,z32,toy-0006521,,,False,45.50635246256554,0.0,44.425545104528105,0.35,3.2526911934581184,0
81,trip,2625,2647.851274623054,z32,z10,toy-0006528,,,False,24.269880422275953,0.0,22.21326570620108,0.35,6.505382386916237,0
19,trip,2625,2633.8333333333335,z31,z32,toy-0006525,,,False,21.797602614508616,0.0,21.002602614508618,0.35,2.3,0
13,trip,2625,2649.809854494165,z22,z11,toy-0006529,,,False,36.35110825060231,0.0,34.118221346127456,2.3,5.142956348249516,0
21,trip,2625,2637.0089706448603,z22,z31,toy-0006526,,,False,30.024889040944856,0.0,28.94408168290742,0.35,3.2526911934581184,0
60,trip,2625,2633.8333333333335,z20,z30,toy-0006516,,,False,35.20686064134268,0.0,34.41186064134268,0.35,2.3,0
24,trip,2625,2643.309854494165,z01,z20,toy-0006519,,,False,29.90807630533827,0.0,28.260189400863414,0.35,5.142956348249516,0
47,trip,2625,2637.0089706448603,z31,z20,toy-0006522,,,False,33.190296196008205,0.0,32.10948883797077,0.35,3.2526911934581184,0
22,trip,2625,2652.985491805692,z22,z12,toy-0006524,,,False,28.506968602264223,0.0,25.988274339751932,3.2526911934581184,5.142956348249516,0
17,trip,2625,2643.309854494165,z11,z32,toy-0006520,,,False,46.81419264196233,0.0,45.16630573748748,0.35,5.142956348249516,0
10,trip,2625,2637.0089706448603,z10,z21,toy-0006514,,,False,30.804583999351866,0.0,29.72377664131443,0.35,3.2526911934581184,0
61,trip,2625,2637.0089706448603,z20,z11,toy-0006517,,,False,28.44082812454638,0.0,27.360020766508942,0.35,3.2526911934581184,0
74,trip,2625,2633.8333333333335,z22,z32,toy-0006527,,,False,24.606395810980246,0.0,23.811395810980244,0.35,2.3,0
78,trip,2625,2633.8333333333335,z20,z21,toy-0006518,,,False,34.17643157095627,0.0,33.381431570956266,0.35,2.3,0
26,trip,2625,2647.851274623054,z10,z32,toy-0006515,,,False,26.973917212463444,0.0,24.917302496388572,0.35,6.505382386916237,0
82,trip,2625,2643.5089706448603,z20,z30,toy-0006523,,,False,31.27056547762599,0.0,29.604758119588553,3.2526911934581184,2.3,0
5,visit,2625,2640.0,z30,z30,,depot_south,local,True,30.104133134305563,12.777777777777779,42.67191091208334,0.7,0,7.666666666666668
32,visit,2625,2645.3333333333335,z10,z10,,depot_west,local,False,33.741912077859325,0.0,32.36191207785932,4.6,0,0
36,visit,2625,2640.0,z11,z11,,hub_center,,True,29.722007239240128,17.77777777777778,47.289785017017905,0.7,0,10.666666666666668
72,visit,2625,2640.0,z11,z11,,hub_center,,True,33.77395076155063,14.331049238449367,47.894999999999996,0.7,0,8.59862954306962
41,trip,2630,2638.8333333333335,z21,z20,toy-0006536,,,False,26.56082929032228,0.0,25.76582929032228,0.35,2.3,0
51,trip,2630,2638.8333333333335,z31,z21,toy-0006541,,,False,14.174073064238515,0.0,13.379073064238515,0.35,2.3,0
69,trip,2630,2652.851274623054,z30,z12,toy-0006534,,,False,25.980189400863285,0.0,23.923574684788413,0.35,6.505382386916237,0
40,trip,2630,2654.809854494165,z32,z10,toy-0006538,,,False,38.058917212463236,0.0,35.82603030798838,2.3,5.142956348249516,0
0,trip,2630,2653.0,z12,z20,toy-0006545,,,False,29.51029736178421,0.0,27.44029736178421,2.3,4.6,0
16,trip,2630,2648.309854494165,z12,z20,toy-0006543,,,False,19.795889360389634,0.0,18.148002455914778,0.35,5.142956348249516,0
63,trip,2630,2663.8423039781937,z21,z02,toy-0006547,,,False,45.08391604668697,0.0,42.03810868864954,3.2526911934581184,6.8999999999999995,0
79,trip,2630,2660.6666666666665,z30,z01,toy-0006539,,,False,20.176246229830696,0.0,17.416246229830698,2.3,6.8999999999999995,0
20,trip,2630,2660.6666666666665,z12,z12,toy-0006548,,,False,26.11234922146684,0.0,23.352349221466838,4.6,4.6,0
35,trip,2630,2646.5,z12,z32,toy-0006544,,,False,25.528325776268066,0.0,24.043325776268066,0.35,4.6,0
76,trip,2630,2656.175637311527,z12,z21,toy-0006546,,,False,35.68053076276168,0.0,33.32472340472424,4.6,3.2526911934581184,0
18,trip,2630,2645.3333333333335,z11,z11,toy-0006537,,,False,19.8875184182313,0.0,18.5075184182313,2.3,2.3,0
34,trip,2630,2648.309854494165,z00,z21,toy-0006530,,,False,24.551152610675828,0.0,22.903265706200973,0.35,5.142956348249516,0
45,trip,2630,2651.6846079563875,z20,z22,toy-0006542,,,False,24.948608233876033,0.0,22.99699351780116,3.2526911934581184,3.2526911934581184,0
38,trip,2630,2657.985491805692,z11,z21,toy-0006533,,,False,46.14038925275338,0.0,43.62169499024109,5.142956348249516,3.2526911934581184,0
58,trip,2630,2660.6666666666665,z11,z11,toy-0006540,,,False,38.980639889459084,0.0,36.220639889459086,4.6,4.6,0
68,trip,2630,2660.6666666666665,z00,z22,toy-0006531,,,False,15.437551967318772,0.0,12.677551967318772,4.6,4.6,0
39,trip,2630,2646.5,z01,z21,toy-0006535,,,False,39.793216649570745,0.0,38.308216649570745,0.35,4.6,0
42,trip,2630,2660.6666666666665,z02,z22,toy-0006549,,,False,32.58198270681554,0.0,29.82198270681554,6.8999999999999995,2.3,0
48,trip,2630,2668.827795783886,z02,z32,toy-0006532,,,False,23.655245925267902,0.0,20.160744304718175,6.505382386916237,5.142956348249516,0
1,visit,2630,2650.3333333333335,z20,z20,,depot_south,local,False,22.443083106530064,0.0,21.063083106530065,4.6,0,0
33,visit,2630,2687.6666666666665,z10,z10,,depot_south,central,False,24.687665790572158,0.0,21.927665790572156,9.2,0,0
54,visit,2630,2712.2851195571143,z02,z02,,depot_south,central,False,33.99472457050088,0.0,29.019063810360574,16.58553586713435,0,0
66,visit,2630,2650.3333333333335,z01,z01,,hub_center,local,False,34.28938204282607,0.0,32.90938204282607,4.6,0,0
57,visit,2630,2645.0,z32,z32,,hub_waterfront,local,True,34.420963209812484,12.777777777777779,46.98874098759026,0.7,0,7.666666666666668
43,trip,2635,2643.8333333333335,z31,z32,toy-0006566,,,False,24.624348493738577,0.0,23.82934849373858,0.35,2.3,0
52,trip,2635,2653.5089706448603,z01,z00,toy-0006553,,,False,29.48912110920922,0.0,27.82331375117178,2.3,3.2526911934581184,0
78,trip,2635,2647.0089706448603,z21,z12,toy-0006561,,,False,33.381431570956295,0.0,32.30062421291886,0.35,3.2526911934581184,0
11,trip,2635,2650.3333333333335,z32,z21,toy-0006564,,,False,41.09849794140302,0.0,39.718497941403015,2.3,2.3,0
74,trip,2635,2659.809854494165,z32,z10,toy-0006567,,,False,23.811395810980272,0.0,21.57850890650542,2.3,5.142956348249516,0
70,trip,2635,2643.8333333333335,z10,z11,toy-0006550,,,False,32.091588757505825,0.0,31.296588757505823,0.35,2.3,0
84,trip,2635,2653.5089706448603,z21,z31,toy-0006573,,,False,41.008385283924945,0.0,39.34257792588751,3.2526911934581184,2.3,0
86,trip,2635,2647.0089706448603,z21,z10,toy-0006556,,,False,30.16711309552502,0.0,29.086305737487585,0.35,3.2526911934581184,0
60,trip,2635,2653.5089706448603,z30,z20,toy-0006563,,,False,34.411860641342706,0.0,32.74605328330527,2.3,3.2526911934581184,0
3,trip,2635,2669.286375654997,z00,z00,toy-0006555,,,False,43.38211309552485,0.0,40.29633928657514,5.142956348249516,5.142956348249516,0
27,trip,2635,2665.6666666666665,z00,z00,toy-0006552,,,False,28.329763600888104,0.0,25.569763600888102,4.6,4.6,0
50,trip,2635,2659.809854494165,z00,z31,toy-0006559,,,False,19.782557055206595,0.0,17.549670150731743,5.142956348249516,2.3,0
59,trip,2635,2658.0,z02,z21,toy-0006569,,,False,25.78983761931009,0.0,23.71983761931009,4.6,2.3,0
83,trip,2635,2667.476521160832,z02,z30,toy-0006568,,,False,34.64652752166248,0.0,31.723640617187623,4.6,5.142956348249516,0
19,visit,2635,2650.0,z32,z32,,hub_waterfront,local,True,21.002602614508643,12.777777777777779,33.57038039228642,0.7,0,7.666666666666668
14,visit,2635,2650.0,z31,z31,,hub_core,local,True,34.63761147497522,12.777777777777779,47.205389252753,0.7,0,7.666666666666668
41,trip,2640,2658.309854494165,z20,z12,toy-0006576,,,False,25.765829290322305,0.0,24.11794238584745,0.35,5.142956348249516,0
7,trip,2640,2648.8333333333335,z31,z30,toy-0006580,,,False,20.808608233876157,0.0,20.013608233876155,0.35,2.3,0
28,trip,2640,2652.0089706448603,z22,z11,toy-0006584,,,False,38.16130573748776,0.0,37.080498379450326,0.35,3.2526911934581184,0
21,trip,2640,2648.8333333333335,z31,z32,toy-0006583,,,False,28.944081682907434,0.0,28.149081682907436,0.35,2.3,0
36,trip,2640,2648.8333333333335,z11,z01,toy-0006577,,,False,47.28978501701768,0.0,46.494785017017676,0.35,2.3,0
49,trip,2640,2648.8333333333335,z11,z12,toy-0006578,,,False,41.720672272770685,0.0,40.92567227277068,0.35,2.3,0
29,trip,2640,2652.0089706448603,z22,z31,toy-0006585,,,False,30.186912077859404,0.0,29.106104719821968,0.35,3.2526911934581184,0
47,trip,2640,2652.0089706448603,z20,z31,toy-0006575,,,False,32.10948883797078,0.0,31.028681479933343,0.35,3.2526911934581184,0
77,trip,2640,2665.410795394624,z31,z02,toy-0006582,,,False,27.241804116938088,0.0,24.954832531421907,0.35,7.273238618387272,0
2,trip,2640,2658.309854494165,z32,z20,toy-0006586,,,False,35.76444094711652,0.0,34.11655404264167,0.35,5.142956348249516,0
4,trip,2640,2663.0,z21,z11,toy-0006581,,,False,35.74761147497537,0.0,33.67761147497537,2.3,4.6,0
6,trip,2640,2658.309854494165,z10,z31,toy-0006574,,,False,29.668311434502076,0.0,28.02042453002722,0.35,5.142956348249516,0
5,trip,2640,2671.910795394624,z30,z00,toy-0006579,,,False,42.67191091208311,0.0,39.79993932656693,2.3,7.273238618387272,0
75,visit,2640,2655.0,z21,z21,,hub_inner,local,True,21.647857400243577,12.777777777777779,34.21563517802135,0.7,0,7.666666666666668
53,visit,2640,2660.3333333333335,z10,z10,,depot_west,local,False,30.04438204282595,0.0,28.664382042825952,4.6,0,0
51,visit,2640,2665.16888949479,z21,z21,,hub_inner,,False,13.379073064238543,34.72592693576146,47.895,0.7,0,20.835556161456875
61,visit,2640,2655.0,z11,z11,,hub_center,,True,27.360020766508956,17.77777777777778,44.92779854428674,0.7,0,10.666666666666668
10,visit,2640,2655.0,z21,z21,,hub_inner,,True,29.723776641314444,17.77777777777778,47.29155441909222,0.7,0,10.666666666666668
43,trip,2645,2657.0089706448603,z32,z21,toy-0006597,,,False,23.829348493738603,0.0,22.748541135701167,0.35,3.2526911934581184,0
23,trip,2645,2663.309854494165,z30,z22,toy-0006589,,,False,45.82500000000023,0.0,44.17711309552538,0.35,5.142956348249516,0
55,trip,2645,2670.410795394624,z32,z01,toy-0006595,,,False,44.42554510452811,0.0,42.13857351901193,0.35,7.273238618387272,0
70,trip,2645,2661.5,z11,z31,toy-0006591,,,False,31.29658875750585,0.0,29.811588757505852,0.35,4.6,0
57,trip,2645,2663.309854494165,z32,z11,toy-0006596,,,False,46.98874098759003,0.0,45.340854083115175,0.35,5.142956348249516,0
44,trip,2645,2657.0089706448603,z31,z22,toy-0006593,,,False,44.956836500249835,0.0,43.8760291422124,0.35,3.2526911934581184,0
67,trip,2645,2657.0089706448603,z21,z32,toy-0006592,,,False,41.66312303041627,0.0,40.58231567237884,0.35,3.2526911934581184,0
72,trip,2645,2663.5089706448603,z11,z32,toy-0006594,,,False,47.89500000000035,0.0,46.22919264196292,3.2526911934581184,2.3,0
25,trip,2645,2660.3333333333335,z01,z21,toy-0006590,,,False,16.99667019744753,0.0,15.61667019744753,2.3,2.3,0
82,trip,2645,2653.8333333333335,z30,z31,toy-0006588,,,False,29.60475811958857,0.0,28.809758119588572,0.35,2.3,0
85,trip,2645,2673.809226445224,z00,z32,toy-0006587,,,False,19.70340721620994,0.0,17.110576836139785,0.35,8.292767933567175,0
24,trip,2645,2669.809854494165,z20,z31,toy-0006598,,,False,28.26018940086343,0.0,26.02730249638857,5.142956348249516,2.3,0
17,visit,2645,2660.0,z32,z32,,hub_waterfront,local,True,45.16630573748748,2.93869426251252,47.894999999999996,0.7,0,1.763216557507512
34,trip,2650,2658.8333333333335,z21,z11,toy-0006601,,,False,22.903265706200987,0.0,22.10826570620099,0.35,2.3,0
49,trip,2650,2658.8333333333335,z12,z11,toy-0006607,,,False,40.92567227277071,0.0,40.13067227277071,0.35,2.3,0
15,trip,2650,2658.8333333333335,z32,z22,toy-0006611,,,False,18.384420288470345,0.0,17.589420288470343,0.35,2.3,0
14,trip,2650,2674.1666666666665,z31,z01,toy-0006603,,,False,47.20538925275277,0.0,45.03038925275277,0.35,6.8999999999999995,0
39,trip,2650,2658.8333333333335,z21,z31,toy-0006602,,,False,38.30821664957074,0.0,37.51321664957074,0.35,2.3,0
13,trip,2650,2662.0089706448603,z11,z20,toy-0006600,,,False,34.118221346127456,0.0,33.03741398809002,0.35,3.2526911934581184,0
78,trip,2650,2658.8333333333335,z12,z22,toy-0006609,,,False,32.30062421291887,0.0,31.505624212918867,0.35,2.3,0
46,trip,2650,2666.5,z02,z22,toy-0006606,,,False,31.857254605534255,0.0,30.372254605534255,0.35,4.6,0
62,trip,2650,2665.3333333333335,z01,z12,toy-0006605,,,False,25.44418102515975,0.0,24.06418102515975,2.3,2.3,0
9,trip,2650,2662.0089706448603,z10,z01,toy-0006599,,,False,19.229557101922598,0.0,18.148749743885162,0.35,3.2526911934581184,0
19,trip,2650,2672.851274623054,z32,z10,toy-0006610,,,False,33.57038039228619,0.0,31.513765676211317,0.35,6.505382386916237,0
18,trip,2650,2674.809854494165,z11,z31,toy-0006608,,,False,18.507518418231324,0.0,16.274631513756468,2.3,5.142956348249516,0
56,trip,2650,2658.8333333333335,z31,z21,toy-0006604,,,False,42.128000727728434,0.0,41.33300072772843,0.35,2.3,0
26,visit,2650,2665.0,z32,z32,,hub_waterfront,local,True,24.917302496388587,12.777777777777779,37.485080274166364,0.7,0,7.666666666666668
36,visit,2650,2670.3333333333335,z01,z01,,depot_west,local,False,46.494785017017705,0.0,45.1147850170177,4.6,0,0
7,visit,2650,2665.0,z30,z30,,depot_south,,True,20.013608233876184,17.77777777777778,37.58138601165396,0.7,0,10.666666666666668
35,visit,2650,2665.0,z32,z32,,hub_waterfront,,True,24.043325776268066,17.77777777777778,41.61110355404585,0.7,0,10.666666666666668
10,trip,2655,2663.8333333333335,z21,z22,toy-0006621,,,False,47.291554419091995,0.0,46.49655441909199,0.35,2.3,0
21,trip,2655,2671.5,z32,z12,toy-0006630,,,False,28.14908168290746,0.0,26.66408168290746,0.35,4.6,0
0,trip,2655,2685.6666666666665,z20,z00,toy-0006616,,,False,27.44029736178421,0.0,24.680297361784213,2.3,6.8999999999999995,0
28,trip,2655,2673.309854494165,z11,z32,toy-0006619,,,False,37.08049837945033,0.0,35.43261147497548,0.35,5.142956348249516,0
29,trip,2655,2673.309854494165,z31,z10,toy-0006622,,,False,29.10610471982198,0.0,27.458217815347126,0.35,5.142956348249516,0
1,trip,2655,2663.8333333333335,z20,z10,toy-0006613,,,False,21.06308310653009,0.0,20.268083106530092,0.35,2.3,0
11,trip,2655,2663.8333333333335,z21,z20,toy-0006620,,,False,39.71849794140304,0.0,38.923497941403035,0.35,2.3,0
22,trip,2655,2673.5089706448603,z12,z31,toy-0006627,,,False,25.988274339751932,0.0,24.322466981714495,2.3,3.2526911934581184,0
52,trip,2655,2663.8333333333335,z00,z10,toy-0006612,,,False,27.823313751171796,0.0,27.028313751171794,0.35,2.3,0
37,trip,2655,2680.410795394624,z02,z31,toy-0006625,,,False,24.349956154001685,0.0,22.062984568485504,0.35,7.273238618387272,0
16,trip,2655,2678.0,z20,z32,toy-0006618,,,False,18.148002455914792,0.0,16.078002455914792,2.3,4.6,0
69,trip,2655,2670.3333333333335,z12,z21,toy-0006626,,,False,23.923574684788427,0.0,22.543574684788428,2.3,2.3,0
65,trip,2655,2677.851274623054,z20,z02,toy-0006614,,,False,27.722302496387947,0.0,25.665687780313075,0.35,6.505382386916237,0
47,trip,2655,2663.8333333333335,z31,z32,toy-0006624,,,False,31.028681479933354,0.0,30.233681479933352,0.35,2.3,0
82,trip,2655,2670.3333333333335,z31,z20,toy-0006617,,,False,28.809758119588597,0.0,27.429758119588598,2.3,2.3,0
84,trip,2655,2667.0089706448603,z31,z20,toy-0006623,,,False,39.34257792588751,0.0,38.26177056785008,0.35,3.2526911934581184,0
75,trip,2655,2673.5089706448603,z21,z31,toy-0006629,,,False,34.215635178021124,0.0,32.54982781998369,3.2526911934581184,2.3,0
87,trip,2655,2673.309854494165,z20,z32,toy-0006615,,,False,44.59922619105017,0.0,42.95133928657532,0.35,5.142956348249516,0
61,trip,2655,2673.5089706448603,z11,z12,toy-0006628,,,False,44.9277985442865,0.0,43.26199118624907,3.2526911934581184,2.3,0
45,visit,2655,2675.3333333333335,z22,z22,,hub_inner,local,False,22.99699351780116,0.0,21.616993517801163,4.6,0,0
60,visit,2655,2675.3333333333335,z20,z20,,depot_south,local,False,32.74605328330527,0.0,31.366053283305273,4.6,0,0
64,visit,2655,2670.0,z00,z00,,depot_west,,True,26.71033091087253,17.77777777777778,44.278108688650306,0.7,0,10.666666666666668
73,visit,2655,2670.0,z00,z00,,depot_west,,True,30.63821781534697,17.46678218465303,47.895,0.7,0,10.48006931079182
6,trip,2660,2672.0089706448603,z31,z22,toy-0006643,,,False,28.020424530027235,0.0,26.9396171719898,0.35,3.2526911934581184,0
12,trip,2660,2684.1666666666665,z01,z31,toy-0006634,,,False,16.493636468159522,0.0,14.318636468159522,0.35,6.8999999999999995,0
2,trip,2660,2684.809854494165,z20,z11,toy-0006633,,,False,34.11655404264167,0.0,31.883667138166814,2.3,5.142956348249516,0
38,trip,2660,2672.0089706448603,z21,z32,toy-0006639,,,False,43.62169499024107,0.0,42.540887632203635,0.35,3.2526911934581184,0
8,trip,2660,2688.809226445224,z02,z30,toy-0006644,,,False,43.337169619929895,0.0,40.74433923985974,0.35,8.292767933567175,0
49,trip,2660,2676.5,z11,z31,toy-0006637,,,False,40.13067227277074,0.0,38.64567227277074,0.35,4.6,0
66,trip,2660,2685.410795394624,z01,z32,toy-0006636,,,False,32.90938204282609,0.0,30.622410457309908,0.35,7.273238618387272,0
15,trip,2660,2678.309854494165,z22,z01,toy-0006648,,,False,17.58942028847037,0.0,15.941533383995516,0.35,5.142956348249516,0
41,trip,2660,2672.0089706448603,z12,z21,toy-0006646,,,False,24.117942385847464,0.0,23.037135027810027,0.35,3.2526911934581184,0
39,trip,2660,2668.8333333333335,z31,z21,toy-0006641,,,False,37.513216649570765,0.0,36.71821664957076,0.35,2.3,0
44,trip,2660,2683.0,z22,z10,toy-0006645,,,False,43.87602914221241,0.0,41.80602914221241,2.3,4.6,0
32,trip,2660,2675.3333333333335,z10,z21,toy-0006631,,,False,32.361912077859344,0.0,30.981912077859345,2.3,2.3,0
50,trip,2660,2676.5,z31,z11,toy-0006640,,,False,17.549670150731753,0.0,16.064670150731754,0.35,4.6,0
40,trip,2660,2678.5089706448603,z10,z31,toy-0006632,,,False,35.82603030798838,0.0,34.16022294995095,2.3,3.2526911934581184,0
78,trip,2660,2676.5,z22,z20,toy-0006647,,,False,31.505624212918892,0.0,30.020624212918893,0.35,4.6,0
88,trip,2660,2672.0089706448603,z01,z12,toy-0006635,,,False,37.93599675890077,0.0,36.85518940086334,0.35,3.2526911934581184,0
17,trip,2660,2684.809854494165,z32,z12,toy-0006642,,,False,47.89499999999975,0.0,45.662113095524894,2.3,5.142956348249516,0
43,trip,2660,2668.8333333333335,z21,z31,toy-0006638,,,False,22.74854113570118,0.0,21.95354113570118,0.35,2.3,0
34,visit,2660,2675.0,z11,z11,,hub_center,local,True,22.108265706201014,12.777777777777779,34.676043483978795,0.7,0,7.666666666666668
59,visit,2660,2675.0,z21,z21,,hub_inner,,True,23.71983761931009,17.77777777777778,41.28761539708787,0.7,0,10.666666666666668
71,visit,2660,2675.0,z00,z00,,depot_west,,True,32.112700945101885,15.99229905489811,47.894999999999996,0.7,0,9.595379432938866
26,trip,2665,2683.309854494165,z32,z11,toy-0006661,,,False,37.48508027416614,0.0,35.837193369691285,0.35,5.142956348249516,0
10,trip,2665,2687.851274623054,z22,z00,toy-0006658,,,False,46.49655441909202,0.0,44.43993970301715,0.35,6.505382386916237,0
23,trip,2665,2673.8333333333335,z22,z32,toy-0006659,,,False,44.17711309552538,0.0,43.382113095525376,0.35,2.3,0
11,trip,2665,2677.0089706448603,z20,z11,toy-0006652,,,False,38.92349794140306,0.0,37.84269058336563,0.35,3.2526911934581184,0
31,trip,2665,2680.3333333333335,z11,z02,toy-0006656,,,False,17.48097080033123,0.0,16.100970800331233,2.3,2.3,0
70,trip,2665,2673.8333333333335,z31,z32,toy-0006655,,,False,29.811588757505852,0.0,29.01658875750585,0.35,2.3,0
57,trip,2665,2677.0089706448603,z11,z22,toy-0006654,,,False,45.340854083115175,0.0,44.26004672507774,0.35,3.2526911934581184,0
35,trip,2665,2673.8333333333335,z32,z31,toy-0006663,,,False,41.61110355404561,0.0,40.81610355404561,0.35,2.3,0
42,trip,2665,2688.0,z22,z32,toy-0006657,,,False,29.82198270681555,0.0,27.75198270681555,2.3,4.6,0
1,trip,2665,2687.851274623054,z10,z32,toy-0006651,,,False,20.268083106530117,0.0,18.211468390455245,0.35,6.505382386916237,0
67,trip,2665,2683.309854494165,z32,z20,toy-0006660,,,False,40.58231567237885,0.0,38.934428767903995,0.35,5.142956348249516,0
52,trip,2665,2673.8333333333335,z10,z20,toy-0006649,,,False,27.028313751171822,0.0,26.23331375117182,0.35,2.3,0
13,trip,2665,2681.5,z20,z22,toy-0006653,,,False,33.03741398809003,0.0,31.55241398809003,0.35,4.6,0
68,trip,2665,2683.5089706448603,z22,z21,toy-0006662,,,False,12.677551967318749,0.0,11.011744609281314,2.3,3.2526911934581184,0
53,trip,2665,2683.309854494165,z10,z31,toy-0006650,,,False,28.664382042825977,0.0,27.01649513835112,0.35,5.142956348249516,0
80,trip,2665,2680.3333333333335,z22,z22,toy-0006664,,,False,27.53039800904768,0.0,26.15039800904768,2.3,2.3,0
20,visit,2665,2685.3333333333335,z12,z12,,hub_center,local,False,23.352349221466813,0.0,21.972349221466814,4.6,0,0
47,visit,2665,2680.0,z32,z32,,hub_waterfront,local,True,30.23368147993338,12.777777777777779,42.80145925771116,0.7,0,7.666666666666668
4,visit,2665,2680.0,z11,z11,,hub_center,local,True,33.67761147497536,12.777777777777779,46.245389252753135,0.7,0,7.666666666666668
72,visit,2665,2722.6666666666665,z32,z32,,depot_south,central,False,46.22919264196292,0.0,43.46919264196292,9.2,0,0
7,visit,2665,2680.0,z30,z30,,depot_south,,True,37.581386011653734,10.523613988346263,47.894999999999996,0.7,0,6.314168393007758
46,trip,2670,2682.0089706448603,z22,z11,toy-0006676,,,False,30.372254605534255,0.0,29.29144724749682,0.35,3.2526911934581184,0
63,trip,2670,2682.0089706448603,z02,z11,toy-0006674,,,False,42.03810868864952,0.0,40.95730133061209,0.35,3.2526911934581184,0
62,trip,2670,2692.851274623054,z12,z30,toy-0006675,,,False,24.064181025159776,0.0,22.007566309084904,0.35,6.505382386916237,0
9,trip,2670,2682.0089706448603,z01,z10,toy-0006667,,,False,18.148749743885176,0.0,17.06794238584774,0.35,3.2526911934581184,0
25,trip,2670,2682.0089706448603,z21,z10,toy-0006671,,,False,15.616670197447554,0.0,14.535862839410118,0.35,3.2526911934581184,0
39,trip,2670,2682.0089706448603,z21,z12,toy-0006672,,,False,36.71821664957079,0.0,35.63740929153336,0.35,3.2526911934581184,0
74,trip,2670,2682.0089706448603,z10,z21,toy-0006666,,,False,21.578508906505427,0.0,20.49770154846799,0.35,3.2526911934581184,0
79,trip,2670,2688.309854494165,z01,z22,toy-0006668,,,False,17.41624622983071,0.0,15.768359325355853,0.35,5.142956348249516,0
3,trip,2670,2695.410795394624,z00,z31,toy-0006665,,,False,40.29633928657512,0.0,38.009367701058935,0.35,7.273238618387272,0
48,trip,2670,2688.5089706448603,z32,z31,toy-0006677,,,False,20.160744304718172,0.0,18.494936946680735,2.3,3.2526911934581184,0
58,trip,2670,2678.8333333333335,z11,z10,toy-0006669,,,False,36.22063988945904,0.0,35.425639889459035,0.35,2.3,0
51,trip,2670,2685.3333333333335,z21,z21,toy-0006670,,,False,47.89499999999971,0.0,46.51499999999971,2.3,2.3,0
24,trip,2670,2682.0089706448603,z31,z22,toy-0006673,,,False,26.027302496388586,0.0,24.94649513835115,0.35,3.2526911934581184,0
83,visit,2670,2685.0,z30,z30,,depot_south,local,True,31.72364061718759,12.777777777777779,44.29141839496537,0.7,0,7.666666666666668
84,visit,2670,2727.6666666666665,z20,z20,,depot_west,central,False,38.261770567850085,0.0,35.50177056785009,9.2,0,0
43,visit,2670,2685.0,z31,z31,,hub_core,,True,21.953541135701208,17.77777777777778,39.521318913478986,0.7,0,10.666666666666668
27,visit,2670,2685.0,z00,z00,,depot_west,,True,25.569763600888077,17.77777777777778,43.13754137866585,0.7,0,10.666666666666668
76,visit,2670,2685.0,z21,z21,,hub_inner,,True,33.32472340472421,14.780276595275785,47.894999999999996,0.7,0,8.868165957165472
34,trip,2675,2693.309854494165,z11,z32,toy-0006680,,,False,34.67604348397856,0.0,33.02815657950371,0.35,5.142956348249516,0
41,trip,2675,2687.0089706448603,z21,z32,toy-0006684,,,False,23.03713502781004,0.0,21.956327669772605,0.35,3.2526911934581184,0
18,trip,2675,2683.8333333333335,z31,z32,toy-0006687,,,False,16.27463151375648,0.0,15.479631513756479,0.35,2.3,0
56,trip,2675,2683.8333333333335,z21,z22,toy-0006683,,,False,41.33300072772846,0.0,40.53800072772846,0.35,2.3,0
59,trip,2675,2683.8333333333335,z21,z31,toy-0006682,,,False,41.28761539708764,0.0,40.49261539708764,0.35,2.3,0
22,trip,2675,2687.0089706448603,z31,z20,toy-0006685,,,False,24.32246698171451,0.0,23.241659623677073,0.35,3.2526911934581184,0
21,trip,2675,2693.309854494165,z12,z31,toy-0006688,,,False,26.66408168290746,0.0,25.016194778432606,0.35,5.142956348249516,0
69,trip,2675,2691.5,z21,z01,toy-0006681,,,False,22.543574684788453,0.0,21.058574684788454,0.35,4.6,0
75,trip,2675,2683.8333333333335,z31,z21,toy-0006686,,,False,32.54982781998369,0.0,31.75482781998369,0.35,2.3,0
52,trip,2675,2693.309854494165,z20,z01,toy-0006678,,,False,26.23331375117185,0.0,24.585426846696993,0.35,5.142956348249516,0
14,trip,2675,2699.809854494165,z01,z30,toy-0006679,,,False,45.03038925275277,0.0,42.797502348277916,2.3,5.142956348249516,0
70,visit,2675,2690.0,z32,z32,,hub_waterfront,local,True,29.01658875750588,12.777777777777779,41.58436653528366,0.7,0,7.666666666666668
28,visit,2675,2757.2851195571143,z32,z32,,depot_west,central,False,35.43261147497548,0.0,30.456950714835177,16.58553586713435,0,0
35,visit,2675,2690.0,z31,z31,,hub_core,local,True,40.81610355404564,7.288896445954358,47.894999999999996,0.7,0,4.373337867572615
85,visit,2675,2690.0,z32,z32,,hub_waterfront,,True,17.110576836139792,17.77777777777778,34.67835461391757,0.7,0,10.666666666666668
23,trip,2680,2692.0089706448603,z32,z21,toy-0006707,,,False,43.382113095525405,0.0,42.30130573748797,0.35,3.2526911934581184,0
7,trip,2680,2688.8333333333335,z30,z31,toy-0006693,,,False,47.894999999999676,0.0,47.099999999999675,0.35,2.3,0
38,trip,2680,2688.8333333333335,z32,z31,toy-0006708,,,False,42.54088763220364,0.0,41.74588763220364,0.35,2.3,0
40,trip,2680,2698.309854494165,z31,z10,toy-0006700,,,False,34.16022294995095,0.0,32.5123360454761,0.35,5.142956348249516,0
49,trip,2680,2704.1666666666665,z31,z01,toy-0006702,,,False,38.64567227277073,0.0,36.470672272770734,0.35,6.8999999999999995,0
4,trip,2680,2696.5,z11,z31,toy-0006696,,,False,46.2453892527529,0.0,44.7603892527529,0.35,4.6,0
32,trip,2680,2688.8333333333335,z21,z11,toy-0006698,,,False,30.98191207785937,0.0,30.18691207785937,0.35,2.3,0
60,trip,2680,2692.0089706448603,z20,z31,toy-0006692,,,False,31.366053283305295,0.0,30.28524592526786,0.35,3.2526911934581184,0
15,trip,2680,2696.5,z01,z21,toy-0006695,,,False,15.94153338399553,0.0,14.45653338399553,0.35,4.6,0
36,trip,2680,2688.8333333333335,z01,z11,toy-0006694,,,False,45.114785017017724,0.0,44.31978501701772,0.35,2.3,0
47,trip,2680,2711.910795394624,z32,z00,toy-0006699,,,False,42.801459257710924,0.0,39.92948767219474,2.3,7.273238618387272,0
6,trip,2680,2688.8333333333335,z22,z32,toy-0006706,,,False,26.939617171989813,0.0,26.144617171989815,0.35,2.3,0
45,trip,2680,2688.8333333333335,z22,z21,toy-0006705,,,False,21.616993517801188,0.0,20.82199351780119,0.35,2.3,0
19,trip,2680,2698.309854494165,z10,z22,toy-0006691,,,False,31.51376567621132,0.0,29.865878771736465,0.35,5.142956348249516,0
57,trip,2680,2698.309854494165,z22,z10,toy-0006704,,,False,44.26004672507775,0.0,42.6121598206029,0.35,5.142956348249516,0
29,trip,2680,2696.5,z10,z12,toy-0006690,,,False,27.45821781534714,0.0,25.97321781534714,0.35,4.6,0
87,trip,2680,2695.3333333333335,z32,z30,toy-0006701,,,False,42.95133928657532,0.0,41.571339286575316,2.3,2.3,0
11,trip,2680,2692.0089706448603,z11,z02,toy-0006697,,,False,37.84269058336564,0.0,36.761883225328205,0.35,3.2526911934581184,0
58,trip,2680,2696.5,z10,z30,toy-0006689,,,False,35.42563988945906,0.0,33.940639889459064,0.35,4.6,0
78,trip,2680,2706.175637311527,z20,z11,toy-0006703,,,False,30.020624212918893,0.0,27.664816854881458,3.2526911934581184,4.6,0
16,visit,2680,2695.0,z32,z32,,hub_waterfront,local,True,16.078002455914792,12.777777777777779,28.64578023369257,0.7,0,7.666666666666668
50,visit,2680,2695.0,z11,z11,,hub_center,,True,16.064670150731754,17.77777777777778,33.63244792850953,0.7,0,10.666666666666668
67,trip,2685,2693.8333333333335,z20,z21,toy-0006711,,,False,38.934428767903995,0.0,38.13942876790399,0.35,2.3,0
74,trip,2685,2693.8333333333335,z21,z31,toy-0006715,,,False,20.497701548468005,0.0,19.702701548468006,0.35,2.3,0
5,trip,2685,2707.851274623054,z00,z22,toy-0006710,,,False,39.79993932656693,0.0,37.74332461049206,0.35,6.505382386916237,0
75,trip,2685,2693.8333333333335,z21,z20,toy-0006713,,,False,31.754827819983714,0.0,30.959827819983715,0.35,2.3,0
76,trip,2685,2697.0089706448603,z21,z30,toy-0006714,,,False,47.89499999999969,0.0,46.81419264196226,0.35,3.2526911934581184,0
18,trip,2685,2701.5,z32,z30,toy-0006723,,,False,15.479631513756507,0.0,13.994631513756508,0.35,4.6,0
12,trip,2685,2693.8333333333335,z31,z21,toy-0006716,,,False,14.31863646815954,0.0,13.52363646815954,0.35,2.3,0
13,trip,2685,2720.309226445224,z22,z00,toy-0006721,,,False,31.552413988090024,0.0,28.374583608019872,2.3,8.292767933567175,0
37,trip,2685,2715.6666666666665,z31,z02,toy-0006725,,,False,22.062984568485522,0.0,19.30298456848552,2.3,6.8999999999999995,0
43,trip,2685,2714.351274623054,z31,z10,toy-0006722,,,False,39.52131891347876,0.0,36.87970419740389,2.3,6.505382386916237,0
27,trip,2685,2709.1666666666665,z00,z30,toy-0006709,,,False,43.137541378665624,0.0,40.96254137866563,0.35,6.8999999999999995,0
53,trip,2685,2708.0,z31,z12,toy-0006726,,,False,27.016495138351136,0.0,24.946495138351136,2.3,4.6,0
59,trip,2685,2697.0089706448603,z31,z22,toy-0006718,,,False,40.49261539708767,0.0,39.411808039050236,0.35,3.2526911934581184,0
56,trip,2685,2697.0089706448603,z22,z31,toy-0006720,,,False,40.53800072772849,0.0,39.457193369691055,0.35,3.2526911934581184,0
80,trip,2685,2716.910795394624,z22,z01,toy-0006724,,,False,26.150398009047706,0.0,23.278426423531524,2.3,7.273238618387272,0
83,trip,2685,2709.809854494165,z30,z12,toy-0006717,,,False,44.29141839496514,0.0,42.05853149049029,2.3,5.142956348249516,0
82,trip,2685,2703.5089706448603,z20,z32,toy-0006719,,,False,27.429758119588623,0.0,25.763950761551186,3.2526911934581184,2.3,0
9,trip,2685,2709.809854494165,z10,z32,toy-0006712,,,False,17.067942385847754,0.0,14.8350554813729,2.3,5.142956348249516,0
17,trip,2685,2708.0,z12,z22,toy-0006727,,,False,45.662113095524894,0.0,43.592113095524894,4.6,2.3,0
68,visit,2685,2714.5892865677647,z21,z21,,hub_inner,local,False,11.011744609281328,37.093255390718674,47.895,0.7,0,22.255953234431203
24,visit,2685,2705.3333333333335,z22,z22,,hub_inner,local,False,24.946495138351164,0.0,23.566495138351165,4.6,0,0
2,visit,2685,2700.0,z11,z11,,hub_center,local,True,31.88366713816681,12.777777777777779,44.451444915944585,0.7,0,7.666666666666668
44,visit,2685,2705.3333333333335,z10,z10,,depot_west,local,False,41.806029142212395,0.0,40.42602914221239,4.6,0,0
25,visit,2685,2722.8258156296874,z10,z10,,depot_west,,False,14.535862839410132,34.15413716058986,47.309999999999995,4.6,0,20.49248229635392
0,trip,2690,2706.5,z00,z20,toy-0006728,,,False,24.680297361784223,0.0,23.195297361784224,0.35,4.6,0
1,trip,2690,2698.8333333333335,z32,z31,toy-0006740,,,False,18.21146839045526,0.0,17.416468390455258,0.35,2.3,0
26,trip,2690,2702.0089706448603,z11,z20,toy-0006732,,,False,35.837193369691285,0.0,34.75638601165385,0.35,3.2526911934581184,0
79,trip,2690,2708.309854494165,z22,z30,toy-0006737,,,False,15.768359325355867,0.0,14.120472420881011,0.35,5.142956348249516,0
7,trip,2690,2715.410795394624,z31,z02,toy-0006734,,,False,47.0999999999997,0.0,44.81302841448352,0.35,7.273238618387272,0
20,trip,2690,2698.8333333333335,z12,z22,toy-0006736,,,False,21.97234922146684,0.0,21.17734922146684,0.35,2.3,0
8,trip,2690,2702.0089706448603,z30,z21,toy-0006729,,,False,40.744339239859734,0.0,39.6635318818223,0.35,3.2526911934581184,0
55,trip,2690,2714.1666666666665,z01,z31,toy-0006731,,,False,42.13857351901193,0.0,39.96357351901193,0.35,6.8999999999999995,0
6,trip,2690,2708.309854494165,z32,z20,toy-0006738,,,False,26.14461717198984,0.0,24.496730267514984,0.35,5.142956348249516,0
89,trip,2690,2715.410795394624,z01,z30,toy-0006730,,,False,45.13499999999998,0.0,42.84802841448379,0.35,7.273238618387272,0
32,trip,2690,2698.8333333333335,z11,z12,toy-0006733,,,False,30.186912077859397,0.0,29.391912077859395,0.35,2.3,0
39,trip,2690,2708.309854494165,z12,z20,toy-0006735,,,False,35.637409291533366,0.0,33.989522387058514,0.35,5.142956348249516,0
41,trip,2690,2708.309854494165,z32,z11,toy-0006739,,,False,21.95632766977262,0.0,20.308440765297764,0.35,5.142956348249516,0
22,visit,2690,2710.3333333333335,z20,z20,,depot_south,local,False,23.241659623677087,0.0,21.861659623677088,4.6,0,0
48,visit,2690,2705.0,z31,z31,,hub_core,,True,18.49493694668075,17.77777777777778,36.06271472445852,0.7,0,10.666666666666668
45,visit,2690,2705.0,z21,z21,,hub_inner,,True,20.821993517801214,17.77777777777778,38.38977129557899,0.7,0,10.666666666666668
42,visit,2690,2705.0,z32,z32,,hub_waterfront,,True,27.75198270681555,17.77777777777778,45.319760484593324,0.7,0,10.666666666666668
46,visit,2690,2705.0,z11,z11,,hub_center,,True,29.291447247496833,17.77777777777778,46.85922502527461,0.7,0,10.666666666666668
66,visit,2690,2705.0,z32,z32,,hub_waterfront,,True,30.62241045730992,17.482589542690082,47.895,0.7,0,10.489553725614048
75,trip,2695,2711.5,z20,z22,toy-0006745,,,False,30.95982781998374,0.0,29.47482781998374,0.35,4.6,0
10,trip,2695,2713.309854494165,z00,z21,toy-0006741,,,False,44.43993970301715,0.0,42.7920527985423,0.35,5.142956348249516,0
12,trip,2695,2719.809854494165,z21,z12,toy-0006744,,,False,13.523636468159568,0.0,11.290749563684713,2.3,5.142956348249516,0
16,trip,2695,2710.3333333333335,z32,z12,toy-0006756,,,False,28.645780233692346,0.0,27.265780233692347,2.3,2.3,0
21,trip,2695,2711.5,z31,z11,toy-0006751,,,False,25.01619477843262,0.0,23.53119477843262,0.35,4.6,0
23,trip,2695,2707.0089706448603,z21,z32,toy-0006749,,,False,42.30130573748798,0.0,41.22049837945055,0.35,3.2526911934581184,0
34,trip,2695,2707.0089706448603,z32,z21,toy-0006757,,,False,33.02815657950371,0.0,31.947349221466272,0.35,3.2526911934581184,0
52,trip,2695,2703.8333333333335,z01,z00,toy-0006746,,,False,24.585426846697008,0.0,23.79042684669701,0.35,2.3,0
51,trip,2695,2713.309854494165,z21,z00,toy-0006748,,,False,46.51499999999973,0.0,44.86711309552488,0.35,5.142956348249516,0
61,trip,2695,2713.5089706448603,z12,z31,toy-0006755,,,False,43.26199118624907,0.0,41.596183828211636,2.3,3.2526911934581184,0
11,trip,2695,2719.1666666666665,z02,z32,toy-0006753,,,False,36.76188322532821,0.0,34.586883225328215,0.35,6.8999999999999995,0
33,trip,2695,2713.309854494165,z10,z31,toy-0006743,,,False,21.92766579057213,0.0,20.279778886097276,0.35,5.142956348249516,0
36,trip,2695,2707.0089706448603,z11,z22,toy-0006747,,,False,44.31978501701775,0.0,43.23897765898032,0.35,3.2526911934581184,0
35,trip,2695,2703.8333333333335,z31,z32,toy-0006752,,,False,47.89499999999973,0.0,47.09999999999973,0.35,2.3,0
81,trip,2695,2703.8333333333335,z10,z11,toy-0006742,,,False,22.213265706201096,0.0,21.418265706201097,0.35,2.3,0
38,trip,2695,2707.0089706448603,z31,z20,toy-0006750,,,False,41.74588763220367,0.0,40.665080274166236,0.35,3.2526911934581184,0
67,trip,2695,2718.0,z21,z20,toy-0006754,,,False,38.13942876790402,0.0,36.06942876790402,2.3,4.6,0
74,visit,2695,2710.0,z31,z31,,hub_core,local,True,19.70270154846803,12.777777777777779,32.27047932624581,0.7,0,7.666666666666668
62,visit,2695,2710.0,z30,z30,,depot_south,,True,22.00756630908492,17.77777777777778,39.57534408686269,0.7,0,10.666666666666668
60,visit,2695,2710.0,z31,z31,,hub_core,,True,30.285245925267873,17.77777777777778,47.85302370304565,0.7,0,10.666666666666668
50,visit,2695,2710.0,z11,z11,,hub_center,,True,33.6324479285093,14.472552071490696,47.894999999999996,0.7,0,8.683531242894418
85,visit,2695,2710.0,z32,z32,,hub_waterfront,,True,34.67835461391734,13.426645386082653,47.894999999999996,0.7,0,8.055987231649592
29,trip,2700,2718.309854494165,z12,z31,toy-0006772,,,False,25.97321781534714,0.0,24.325330910872285,0.35,5.142956348249516,0
19,trip,2700,2708.8333333333335,z22,z21,toy-0006774,,,False,29.86587877173648,0.0,29.07087877173648,0.35,2.3,0
70,trip,2700,2708.8333333333335,z32,z31,toy-0006776,,,False,41.58436653528343,0.0,40.78936653528343,0.35,2.3,0
15,trip,2700,2708.8333333333335,z21,z22,toy-0006768,,,False,14.456533383995533,0.0,13.661533383995533,0.35,2.3,0
57,trip,2700,2722.851274623054,z10,z32,toy-0006759,,,False,42.6121598206029,0.0,40.55554510452803,0.35,6.505382386916237,0
1,trip,2700,2715.3333333333335,z31,z31,toy-0006767,,,False,17.416468390455286,0.0,16.036468390455287,2.3,2.3,0
14,trip,2700,2718.5089706448603,z30,z31,toy-0006761,,,False,42.797502348277916,0.0,41.13169499024048,2.3,3.2526911934581184,0
2,trip,2700,2718.309854494165,z11,z32,toy-0006766,,,False,44.45144491594436,0.0,42.803558011469505,0.35,5.142956348249516,0
69,trip,2700,2708.8333333333335,z01,z02,toy-0006763,,,False,21.058574684788454,0.0,20.263574684788452,0.35,2.3,0
64,trip,2700,2728.809226445224,z00,z32,toy-0006758,,,False,44.27810868865008,0.0,41.685278308579925,0.35,8.292767933567175,0
63,trip,2700,2708.8333333333335,z11,z21,toy-0006764,,,False,40.9573013306121,0.0,40.162301330612095,0.35,2.3,0
32,trip,2700,2712.0089706448603,z12,z21,toy-0006771,,,False,29.391912077859423,0.0,28.311104719821987,0.35,3.2526911934581184,0
88,trip,2700,2716.5,z12,z32,toy-0006773,,,False,36.855189400863345,0.0,35.370189400863346,0.35,4.6,0
3,trip,2700,2708.8333333333335,z31,z21,toy-0006769,,,False,38.009367701058935,0.0,37.21436770105893,0.35,2.3,0
4,trip,2700,2712.0089706448603,z31,z22,toy-0006770,,,False,44.760389252752894,0.0,43.67958189471546,0.35,3.2526911934581184,0
76,trip,2700,2715.3333333333335,z30,z30,toy-0006760,,,False,46.814192641962265,0.0,45.43419264196226,2.3,2.3,0
31,trip,2700,2724.809854494165,z02,z20,toy-0006762,,,False,16.100970800331257,0.0,13.868083895856403,2.3,5.142956348249516,0
20,trip,2700,2708.8333333333335,z22,z32,toy-0006775,,,False,21.177349221466866,0.0,20.382349221466868,0.35,2.3,0
86,trip,2700,2723.0,z10,z31,toy-0006765,,,False,29.0863057374876,0.0,27.0163057374876,2.3,4.6,0
40,visit,2700,2720.3333333333335,z10,z10,,depot_west,local,False,32.5123360454761,0.0,31.132336045476098,4.6,0,0
58,visit,2700,2729.3333333333335,z30,z30,,depot_south,central,False,33.94063988945906,0.0,33.730639889459056,0.7,0,0
65,trip,2705,2723.309854494165,z02,z21,toy-0006783,,,False,25.66568778031309,0.0,24.017800875838233,0.35,5.142956348249516,0
59,trip,2705,2717.0089706448603,z22,z11,toy-0006786,,,False,39.41180803905024,0.0,38.33100068101281,0.35,3.2526911934581184,0
52,trip,2705,2723.309854494165,z00,z12,toy-0006778,,,False,23.790426846697034,0.0,22.14253994222218,0.35,5.142956348249516,0
35,trip,2705,2713.8333333333335,z32,z22,toy-0006787,,,False,47.09999999999976,0.0,46.30499999999976,0.35,2.3,0
49,trip,2705,2730.410795394624,z01,z32,toy-0006780,,,False,36.470672272770734,0.0,34.18370068725455,0.35,7.273238618387272,0
18,trip,2705,2721.5,z30,z32,toy-0006779,,,False,13.99463151375651,0.0,12.50963151375651,0.35,4.6,0
8,trip,2705,2717.0089706448603,z21,z12,toy-0006782,,,False,39.66353188182231,0.0,38.582724523784876,0.35,3.2526911934581184,0
46,trip,2705,2713.8333333333335,z11,z01,toy-0006781,,,False,46.859225025274384,0.0,46.06422502527438,0.35,2.3,0
77,trip,2705,2720.3333333333335,z02,z11,toy-0006785,,,False,24.954832531421925,0.0,23.574832531421926,2.3,2.3,0
71,trip,2705,2721.5,z00,z02,toy-0006777,,,False,47.89500000000007,0.0,46.41000000000007,0.35,4.6,0
73,trip,2705,2744.577462061291,z00,z31,toy-0006784,,,False,47.895,0.0,44.33302841448382,4.6,7.273238618387272,0
81,visit,2705,2720.0,z11,z11,,hub_center,local,True,21.418265706201122,12.777777777777779,33.9860434839789,0.7,0,7.666666666666668
56,visit,2705,2720.0,z31,z31,,hub_core,local,True,39.45719336969106,8.647806630308935,47.894999999999996,0.7,0,5.188683978185361
82,visit,2705,2720.0,z32,z32,,hub_waterfront,,True,25.763950761551204,17.77777777777778,43.331728539328985,0.7,0,10.666666666666668
45,visit,2705,2720.0,z21,z21,,hub_inner,,True,38.38977129557876,9.715228704421236,47.894999999999996,0.7,0,5.829137222652742
0,trip,2710,2728.309854494165,z20,z32,toy-0006789,,,False,23.195297361784224,0.0,21.54741045730937,0.35,5.142956348249516,0
48,trip,2710,2728.309854494165,z31,z12,toy-0006794,,,False,36.062714724458296,0.0,34.414827819983444,0.35,5.142956348249516,0
60,trip,2710,2718.8333333333335,z31,z32,toy-0006795,,,False,47.85302370304542,0.0,47.05802370304542,0.35,2.3,0
70,trip,2710,2728.309854494165,z31,z10,toy-0006793,,,False,40.789366535283456,0.0,39.141479630808604,0.35,5.142956348249516,0
3,trip,2710,2722.0089706448603,z21,z32,toy-0006792,,,False,37.21436770105896,0.0,36.13356034302153,0.35,3.2526911934581184,0
6,trip,2710,2722.0089706448603,z20,z11,toy-0006788,,,False,24.496730267514998,0.0,23.415922909477562,0.35,3.2526911934581184,0
19,trip,2710,2718.8333333333335,z21,z11,toy-0006791,,,False,29.070878771736506,0.0,28.275878771736508,0.35,2.3,0
27,trip,2710,2728.309854494165,z30,z22,toy-0006790,,,False,40.96254137866563,0.0,39.314654474190775,0.35,5.142956348249516,0
41,visit,2710,2725.0,z11,z11,,hub_center,local,True,20.308440765297778,12.777777777777779,32.87621854307556,0.7,0,7.666666666666668
15,visit,2710,2748.350413302936,z22,z22,,hub_inner,,False,13.661533383995561,35.028466616004444,47.31,4.6,0,21.017079969602666
79,visit,2710,2734.7240498808046,z30,z30,,depot_south,,False,14.120472420881025,33.984527579118975,47.895,0.7,0,20.390716547471385
9,visit,2710,2734.2953000445095,z32,z32,,hub_waterfront,,False,14.835055481372908,33.26994451862709,47.895,0.7,0,19.961966711176256
20,visit,2710,2725.0,z32,z32,,hub_waterfront,,True,20.382349221466892,17.77777777777778,37.95012699924467,0.7,0,10.666666666666668
78,visit,2710,2725.0,z11,z11,,hub_center,,True,27.664816854881447,17.77777777777778,45.23259463265922,0.7,0,10.666666666666668
74,visit,2710,2725.0,z31,z31,,hub_core,,True,32.27047932624558,15.834520673754417,47.894999999999996,0.7,0,9.500712404252651
33,trip,2715,2723.8333333333335,z31,z30,toy-0006805,,,False,20.27977888609729,0.0,19.48477888609729,0.35,2.3,0
10,trip,2715,2723.8333333333335,z21,z20,toy-0006801,,,False,42.7920527985423,0.0,41.9970527985423,0.35,2.3,0
23,trip,2715,2723.8333333333335,z32,z31,toy-0006816,,,False,41.220498379450554,0.0,40.42549837945055,0.35,2.3,0
47,trip,2715,2727.0089706448603,z00,z11,toy-0006796,,,False,39.92948767219474,0.0,38.848680314157306,0.35,3.2526911934581184,0
51,trip,2715,2740.410795394624,z00,z31,toy-0006797,,,False,44.86711309552488,0.0,42.580141510008694,0.35,7.273238618387272,0
4,trip,2715,2733.309854494165,z22,z01,toy-0006812,,,False,43.67958189471547,0.0,42.03169499024062,0.35,5.142956348249516,0
44,trip,2715,2727.0089706448603,z10,z21,toy-0006798,,,False,40.426029142212414,0.0,39.34522178417498,0.35,3.2526911934581184,0
55,trip,2715,2731.5,z31,z11,toy-0006807,,,False,39.96357351901193,0.0,38.47857351901193,0.35,4.6,0
32,trip,2715,2733.5089706448603,z21,z22,toy-0006809,,,False,28.311104719822,0.0,26.645297361784564,2.3,3.2526911934581184,0
34,trip,2715,2730.3333333333335,z21,z21,toy-0006808,,,False,31.94734922146628,0.0,30.56734922146628,2.3,2.3,0
42,trip,2715,2727.0089706448603,z32,z21,toy-0006815,,,False,45.3197604845931,0.0,44.238953126555664,0.35,3.2526911934581184,0
54,trip,2715,2733.309854494165,z02,z10,toy-0006810,,,False,29.019063810360546,0.0,27.37117690588569,0.35,5.142956348249516,0
62,trip,2715,2745.6666666666665,z30,z01,toy-0006806,,,False,39.575344086862465,0.0,36.81534408686247,2.3,6.8999999999999995,0
63,trip,2715,2723.8333333333335,z21,z31,toy-0006802,,,False,40.162301330612124,0.0,39.36730133061212,0.35,2.3,0
66,trip,2715,2733.309854494165,z32,z11,toy-0006814,,,False,47.89499999999971,0.0,46.24711309552486,0.35,5.142956348249516,0
87,trip,2715,2740.410795394624,z30,z01,toy-0006799,,,False,41.57133928657534,0.0,39.28436770105915,0.35,7.273238618387272,0
68,trip,2715,2733.5089706448603,z21,z20,toy-0006804,,,False,47.89500000000005,0.0,46.22919264196262,2.3,3.2526911934581184,0
5,trip,2715,2733.5089706448603,z22,z10,toy-0006800,,,False,37.74332461049206,0.0,36.077517252454626,2.3,3.2526911934581184,0
16,trip,2715,2727.0089706448603,z12,z01,toy-0006811,,,False,27.26578023369237,0.0,26.184972875654935,0.35,3.2526911934581184,0
17,trip,2715,2739.809854494165,z22,z02,toy-0006803,,,False,43.59211309552488,0.0,41.35922619105003,2.3,5.142956348249516,0
24,trip,2715,2727.0089706448603,z22,z31,toy-0006813,,,False,23.56649513835119,0.0,22.485687780313754,0.35,3.2526911934581184,0
21,visit,2715,2763.6846079563875,z11,z11,,depot_west,central,False,23.53119477843262,0.0,21.57958006235775,6.505382386916237,0,0
43,visit,2715,2735.3333333333335,z10,z10,,depot_west,local,False,36.87970419740388,0.0,35.49970419740388,4.6,0,0
61,visit,2715,2730.0,z31,z31,,hub_core,local,True,41.596183828211636,6.50881617178836,47.894999999999996,0.7,0,3.905289703073016
22,trip,2720,2728.8333333333335,z20,z21,toy-0006817,,,False,21.861659623677113,0.0,21.06665962367711,0.35,2.3,0
2,trip,2720,2738.309854494165,z32,z20,toy-0006823,,,False,42.803558011469505,0.0,41.15567110699465,0.35,5.142956348249516,0
35,trip,2720,2728.8333333333335,z22,z32,toy-0006822,,,False,46.30499999999979,0.0,45.509999999999785,0.35,2.3,0
36,trip,2720,2736.5,z22,z02,toy-0006821,,,False,43.238977658980325,0.0,41.753977658980325,0.35,4.6,0
1,trip,2720,2728.8333333333335,z31,z32,toy-0006820,,,False,16.036468390455312,0.0,15.241468390455312,0.35,2.3,0
19,trip,2720,2736.5,z11,z31,toy-0006819,,,False,28.275878771736533,0.0,26.790878771736534,0.35,4.6,0
76,trip,2720,2728.8333333333335,z30,z31,toy-0006818,,,False,45.434192641962284,0.0,44.63919264196228,0.35,2.3,0
12,visit,2720,2813.565735004209,z12,z12,,depot_south,central,False,11.290749563684725,38.660865152390144,46.04838528392513,13.010764773832474,0,23.196519091434087
29,visit,2720,2735.0,z31,z31,,hub_core,,True,24.3253309108723,17.77777777777778,41.89310868865008,0.7,0,10.666666666666668
81,visit,2720,2735.0,z11,z11,,hub_center,,True,33.98604348397867,14.118956516021326,47.894999999999996,0.7,0,8.471373909612796
11,visit,2720,2735.0,z32,z32,,hub_waterfront,,True,34.586883225328215,13.51811677467178,47.894999999999996,0.7,0,8.110870064803068
6,trip,2725,2743.309854494165,z11,z32,toy-0006831,,,False,23.415922909477576,0.0,21.76803600500272,0.35,5.142956348249516,0
25,trip,2725,2733.8333333333335,z10,z00,toy-0006824,,,False,47.31000000000009,0.0,46.515000000000086,0.35,2.3,0
45,trip,2725,2733.8333333333335,z21,z22,toy-0006832,,,False,47.89499999999988,0.0,47.09999999999988,0.35,2.3,0
46,trip,2725,2743.309854494165,z01,z22,toy-0006829,,,False,46.06422502527441,0.0,44.41633812079956,0.35,5.142956348249516,0
3,trip,2725,2733.8333333333335,z32,z22,toy-0006838,,,False,36.133560343021536,0.0,35.338560343021534,0.35,2.3,0
18,trip,2725,2733.8333333333335,z32,z31,toy-0006836,,,False,12.509631513756512,0.0,11.714631513756512,0.35,2.3,0
41,trip,2725,2737.0089706448603,z11,z00,toy-0006830,,,False,32.876218543075325,0.0,31.79541118503789,0.35,3.2526911934581184,0
80,trip,2725,2749.1666666666665,z01,z31,toy-0006828,,,False,23.27842642353154,0.0,21.103426423531538,0.35,6.8999999999999995,0
20,trip,2725,2747.851274623054,z32,z10,toy-0006835,,,False,37.95012699924444,0.0,35.89351228316957,0.35,6.505382386916237,0
40,trip,2725,2743.309854494165,z10,z31,toy-0006825,,,False,31.13233604547612,0.0,29.484449141001264,0.35,5.142956348249516,0
26,trip,2725,2733.8333333333335,z20,z10,toy-0006826,,,False,34.75638601165386,0.0,33.96138601165386,0.35,2.3,0
75,trip,2725,2733.8333333333335,z22,z21,toy-0006834,,,False,29.47482781998374,0.0,28.679827819983743,0.35,2.3,0
57,trip,2725,2741.5,z32,z12,toy-0006837,,,False,40.55554510452803,0.0,39.07054510452803,0.35,4.6,0
14,trip,2725,2750.410795394624,z31,z00,toy-0006833,,,False,41.13169499024048,0.0,38.8447234047243,0.35,7.273238618387272,0
31,trip,2725,2737.0089706448603,z20,z31,toy-0006827,,,False,13.868083895856415,0.0,12.787276537818979,0.35,3.2526911934581184,0
86,visit,2725,2740.0,z31,z31,,hub_core,local,True,27.0163057374876,12.777777777777779,39.58408351526538,0.7,0,7.666666666666668
10,visit,2725,2745.3333333333335,z20,z20,,depot_south,local,False,41.99705279854233,0.0,40.617052798542325,4.6,0,0
33,visit,2725,2740.0,z30,z30,,depot_south,,True,19.484778886097317,17.77777777777778,37.052556663875095,0.7,0,10.666666666666668
77,visit,2725,2740.0,z11,z11,,hub_center,,True,23.57483253142195,17.77777777777778,41.14261030919973,0.7,0,10.666666666666668
65,visit,2725,2740.0,z21,z21,,hub_inner,,True,24.017800875838248,17.77777777777778,41.585578653616025,0.7,0,10.666666666666668
13,visit,2725,2740.0,z00,z00,,depot_west,,True,28.374583608019876,17.77777777777778,45.94236138579765,0.7,0,10.666666666666668
88,visit,2725,2740.0,z32,z32,,hub_waterfront,,True,35.37018940086334,12.734810599136658,47.894999999999996,0.7,0,7.6408863594819945
59,visit,2725,2740.0,z11,z11,,hub_center,,True,38.33100068101282,9.773999318987178,47.894999999999996,0.7,0,5.864399591392307
8,trip,2730,2748.309854494165,z12,z31,toy-0006847,,,False,38.58272452378488,0.0,36.93483761931003,0.35,5.142956348249516,0
27,trip,2730,2746.5,z22,z20,toy-0006849,,,False,39.314654474190775,0.0,37.829654474190775,0.35,4.6,0
16,trip,2730,2746.5,z01,z21,toy-0006839,,,False,26.18497287565495,0.0,24.69997287565495,0.35,4.6,0
0,trip,2730,2755.410795394624,z32,z01,toy-0006851,,,False,21.547410457309383,0.0,19.260438871793202,0.35,7.273238618387272,0
22,trip,2730,2738.8333333333335,z21,z31,toy-0006843,,,False,21.06665962367714,0.0,20.271659623677138,0.35,2.3,0
42,trip,2730,2746.5,z21,z01,toy-0006842,,,False,44.23895312655567,0.0,42.75395312655567,0.35,4.6,0
23,trip,2730,2742.0089706448603,z31,z22,toy-0006846,,,False,40.42549837945058,0.0,39.34469102141315,0.35,3.2526911934581184,0
24,trip,2730,2738.8333333333335,z31,z21,toy-0006845,,,False,22.485687780313768,0.0,21.690687780313766,0.35,2.3,0
47,trip,2730,2742.0089706448603,z11,z22,toy-0006841,,,False,38.84868031415731,0.0,37.76787295611988,0.35,3.2526911934581184,0
1,trip,2730,2754.809854494165,z32,z10,toy-0006848,,,False,15.24146839045534,0.0,13.008581485980486,2.3,5.142956348249516,0
50,trip,2730,2738.8333333333335,z11,z21,toy-0006840,,,False,47.894999999999875,0.0,47.09999999999987,0.35,2.3,0
44,trip,2730,2742.0089706448603,z21,z32,toy-0006844,,,False,39.34522178417499,0.0,38.264414426137556,0.35,3.2526911934581184,0
35,trip,2730,2748.5089706448603,z32,z31,toy-0006850,,,False,45.50999999999981,0.0,43.84419264196238,2.3,3.2526911934581184,0
48,visit,2730,2756.6846079563875,z12,z12,,hub_inner,local,False,34.414827819983444,0.0,32.46321310390857,6.505382386916237,0,0
58,visit,2730,2745.0,z30,z30,,depot_south,,True,33.73063988945908,14.374360110540922,47.894999999999996,0.7,0,8.624616066324553
18,trip,2735,2743.8333333333335,z31,z32,toy-0006859,,,False,11.71463151375654,0.0,10.91963151375654,0.35,2.3,0
29,trip,2735,2751.5,z31,z11,toy-0006858,,,False,41.893108688649846,0.0,40.40810868864985,0.35,4.6,0
5,trip,2735,2753.309854494165,z10,z22,toy-0006853,,,False,36.077517252454626,0.0,34.429630347979774,0.35,5.142956348249516,0
9,trip,2735,2751.5,z32,z30,toy-0006862,,,False,47.89499999999968,0.0,46.409999999999684,0.35,4.6,0
26,trip,2735,2743.8333333333335,z10,z20,toy-0006852,,,False,33.961386011653886,0.0,33.166386011653884,0.35,2.3,0
7,trip,2735,2757.851274623054,z02,z20,toy-0006860,,,False,44.81302841448352,0.0,42.75641369840865,0.35,6.505382386916237,0
79,trip,2735,2751.5,z30,z10,toy-0006856,,,False,47.89500000000036,0.0,46.41000000000036,0.35,4.6,0
55,trip,2735,2743.8333333333335,z11,z10,toy-0006857,,,False,38.478573519011924,0.0,37.68357351901192,0.35,2.3,0
52,trip,2735,2751.5,z12,z32,toy-0006861,,,False,22.142539942222193,0.0,20.657539942222193,0.35,4.6,0
11,trip,2735,2747.0089706448603,z32,z21,toy-0006863,,,False,47.895000000000394,0.0,46.81419264196296,0.35,3.2526911934581184,0
38,trip,2735,2751.5,z20,z00,toy-0006854,,,False,40.66508027416624,0.0,39.180080274166244,0.35,4.6,0
39,trip,2735,2751.5,z20,z22,toy-0006855,,,False,33.989522387058514,0.0,32.504522387058515,0.35,4.6,0
64,visit,2735,2750.0,z32,z32,,hub_waterfront,local,True,41.68527830857992,6.419721691420079,47.894999999999996,0.7,0,3.8518330148520477
49,visit,2735,2750.0,z32,z32,,hub_waterfront,,True,34.18370068725455,13.921299312745447,47.894999999999996,0.7,0,8.352779587647268
59,trip,2740,2756.5,z11,z31,toy-0006867,,,False,47.89499999999976,0.0,46.40999999999976,0.35,4.6,0
19,trip,2740,2758.309854494165,z31,z12,toy-0006871,,,False,26.790878771736534,0.0,25.142991867261678,0.35,5.142956348249516,0
22,trip,2740,2752.0089706448603,z31,z20,toy-0006870,,,False,20.271659623677166,0.0,19.19085226563973,0.35,3.2526911934581184,0
24,trip,2740,2748.8333333333335,z21,z31,toy-0006869,,,False,21.690687780313795,0.0,20.895687780313793,0.35,2.3,0
66,trip,2740,2752.0089706448603,z11,z20,toy-0006866,,,False,46.24711309552486,0.0,45.16630573748743,0.35,3.2526911934581184,0
33,trip,2740,2758.309854494165,z30,z11,toy-0006865,,,False,37.05255666387487,0.0,35.404669759400015,0.35,5.142956348249516,0
3,trip,2740,2752.0089706448603,z22,z11,toy-0006878,,,False,35.33856034302156,0.0,34.25775298498413,0.35,3.2526911934581184,0
17,trip,2740,2756.5,z02,z00,toy-0006872,,,False,41.35922619105003,0.0,39.87422619105003,0.35,4.6,0
34,trip,2740,2748.8333333333335,z21,z11,toy-0006868,,,False,30.567349221466305,0.0,29.772349221466307,0.35,2.3,0
53,trip,2740,2748.8333333333335,z12,z22,toy-0006876,,,False,24.946495138351136,0.0,24.151495138351137,0.35,2.3,0
32,trip,2740,2748.8333333333335,z22,z32,toy-0006879,,,False,26.64529736178458,0.0,25.850297361784577,0.35,2.3,0
2,trip,2740,2758.309854494165,z20,z32,toy-0006864,,,False,41.15567110699465,0.0,39.5077842025198,0.35,5.142956348249516,0
45,trip,2740,2762.851274623054,z22,z00,toy-0006877,,,False,47.09999999999991,0.0,45.04338528392504,0.35,6.505382386916237,0
83,trip,2740,2752.0089706448603,z12,z21,toy-0006875,,,False,42.05853149049029,0.0,40.977724132452856,0.35,3.2526911934581184,0
36,trip,2740,2756.5,z02,z22,toy-0006873,,,False,41.75397765898032,0.0,40.26897765898032,0.35,4.6,0
37,trip,2740,2764.809854494165,z02,z00,toy-0006874,,,False,19.302984568485535,0.0,17.07009766401068,2.3,5.142956348249516,0
60,trip,2740,2748.8333333333335,z32,z31,toy-0006880,,,False,47.05802370304545,0.0,46.26302370304545,0.35,2.3,0
31,visit,2740,2765.523967410642,z31,z31,,hub_core,,False,12.787276537818993,35.31772346218101,47.895,0.7,0,21.190634077308605
75,visit,2740,2755.0,z21,z21,,hub_inner,,True,28.679827819983768,17.77777777777778,46.24760559776154,0.7,0,10.666666666666668
41,visit,2740,2755.0,z00,z00,,depot_west,,True,31.7954111850379,16.309588814962105,47.895,0.7,0,9.785753288977261
23,trip,2745,2757.0089706448603,z22,z31,toy-0006890,,,False,39.344691021413155,0.0,38.26388366337572,0.35,3.2526911934581184,0
58,trip,2745,2753.8333333333335,z30,z20,toy-0006883,,,False,47.89499999999994,0.0,47.09999999999994,0.35,2.3,0
40,trip,2745,2763.309854494165,z31,z10,toy-0006887,,,False,29.484449141001278,0.0,27.836562236526422,0.35,5.142956348249516,0
43,trip,2745,2767.851274623054,z10,z32,toy-0006881,,,False,35.4997041974039,0.0,33.44308948132903,0.35,6.505382386916237,0
89,trip,2745,2767.851274623054,z30,z12,toy-0006884,,,False,42.84802841448379,0.0,40.791413698408924,0.35,6.505382386916237,0
50,trip,2745,2753.8333333333335,z21,z22,toy-0006886,,,False,47.0999999999999,0.0,46.3049999999999,0.35,2.3,0
46,trip,2745,2753.8333333333335,z22,z12,toy-0006891,,,False,44.41633812079956,0.0,43.62133812079956,0.35,2.3,0
6,trip,2745,2753.8333333333335,z32,z22,toy-0006895,,,False,21.768036005002735,0.0,20.973036005002733,0.35,2.3,0
26,trip,2745,2757.0089706448603,z20,z31,toy-0006882,,,False,33.16638601165391,0.0,32.08557865361648,0.35,3.2526911934581184,0
44,trip,2745,2773.809226445224,z32,z00,toy-0006892,,,False,38.26441442613756,0.0,35.67158404606741,0.35,8.292767933567175,0
51,trip,2745,2770.410795394624,z31,z02,toy-0006889,,,False,42.580141510008694,0.0,40.29316992449251,0.35,7.273238618387272,0
65,trip,2745,2757.0089706448603,z21,z30,toy-0006885,,,False,41.5855786536158,0.0,40.504771295578365,0.35,3.2526911934581184,0
56,trip,2745,2753.8333333333335,z31,z21,toy-0006888,,,False,47.895000000000266,0.0,47.100000000000264,0.35,2.3,0
72,trip,2745,2763.309854494165,z32,z20,toy-0006893,,,False,43.46919264196287,0.0,41.82130573748802,0.35,5.142956348249516,0
82,trip,2745,2763.309854494165,z32,z11,toy-0006894,,,False,43.33172853932875,0.0,41.6838416348539,0.35,5.142956348249516,0
18,visit,2745,2774.6445544250796,z32,z32,,hub_waterfront,local,False,10.919631513756569,37.18536848624343,47.895,0.7,0,22.31122109174606
87,visit,2745,2765.3333333333335,z01,z01,,depot_west,local,False,39.28436770105915,0.0,37.90436770105915,4.6,0,0
73,visit,2745,2760.0,z31,z31,,hub_core,local,True,44.33302841448379,3.771971585516205,47.894999999999996,0.7,0,2.263182951309723
24,trip,2750,2762.0089706448603,z31,z22,toy-0006902,,,False,20.89568778031382,0.0,19.814880422276385,0.35,3.2526911934581184,0
4,trip,2750,2775.410795394624,z01,z32,toy-0006897,,,False,42.03169499024062,0.0,39.74472340472443,0.35,7.273238618387272,0
35,trip,2750,2758.8333333333335,z31,z32,toy-0006903,,,False,43.84419264196238,0.0,43.04919264196238,0.35,2.3,0
11,trip,2750,2762.0089706448603,z21,z12,toy-0006899,,,False,46.81419264196297,0.0,45.733385283925536,0.35,3.2526911934581184,0
16,trip,2750,2758.8333333333335,z21,z20,toy-0006898,,,False,24.69997287565495,0.0,23.90497287565495,0.35,2.3,0
10,trip,2750,2768.5089706448603,z20,z21,toy-0006896,,,False,40.617052798542346,0.0,38.95124544050491,2.3,3.2526911934581184,0
15,trip,2750,2768.5089706448603,z22,z32,toy-0006900,,,False,47.309999999999754,0.0,45.64419264196232,2.3,3.2526911934581184,0
47,trip,2750,2758.8333333333335,z22,z21,toy-0006904,,,False,37.76787295611989,0.0,36.972872956119886,0.35,2.3,0
32,trip,2750,2758.8333333333335,z32,z31,toy-0006905,,,False,25.850297361784605,0.0,25.055297361784604,0.35,2.3,0
60,trip,2750,2774.1666666666665,z31,z01,toy-0006901,,,False,46.26302370304548,0.0,44.08802370304548,0.35,6.8999999999999995,0
8,visit,2750,2765.0,z31,z31,,hub_core,local,True,36.93483761931003,11.170162380689966,47.894999999999996,0.7,0,6.70209742841398
34,visit,2750,2765.0,z11,z11,,hub_center,,True,29.77234922146633,17.77777777777778,47.34012699924411,0.7,0,10.666666666666668
49,trip,2755,2767.0089706448603,z32,z21,toy-0006914,,,False,47.894999999999726,0.0,46.81419264196229,0.35,3.2526911934581184,0
46,trip,2755,2773.309854494165,z12,z31,toy-0006913,,,False,43.621338120799585,0.0,41.97345121632473,0.35,5.142956348249516,0
3,trip,2755,2773.309854494165,z11,z32,toy-0006910,,,False,34.25775298498414,0.0,32.609866080509285,0.35,5.142956348249516,0
22,trip,2755,2763.8333333333335,z20,z21,toy-0006908,,,False,19.190852265639744,0.0,18.395852265639746,0.35,2.3,0
27,trip,2755,2773.309854494165,z20,z01,toy-0006906,,,False,37.82965447419077,0.0,36.181767569715916,0.35,5.142956348249516,0
56,trip,2755,2763.8333333333335,z21,z31,toy-0006911,,,False,47.10000000000029,0.0,46.30500000000029,0.35,2.3,0
58,trip,2755,2767.0089706448603,z20,z11,toy-0006907,,,False,47.099999999999966,0.0,46.01919264196253,0.35,3.2526911934581184,0
57,trip,2755,2771.5,z12,z10,toy-0006912,,,False,39.07054510452802,0.0,37.58554510452802,0.35,4.6,0
29,trip,2755,2763.8333333333335,z11,z12,toy-0006909,,,False,40.40810868864984,0.0,39.61310868864984,0.35,2.3,0
52,visit,2755,2770.0,z32,z32,,hub_waterfront,local,True,20.657539942222193,12.777777777777779,33.22531771999997,0.7,0,7.666666666666668
1,visit,2755,2793.742184441745,z10,z10,,depot_west,,False,13.008581485980498,35.6814185140195,47.309999999999995,4.6,0,21.4088511084117
14,visit,2755,2770.0,z00,z00,,depot_west,,True,38.8447234047243,9.2602765952757,47.894999999999996,0.7,0,5.55616595716542
9,trip,2760,2776.5,z30,z32,toy-0006917,,,False,46.40999999999968,0.0,44.92499999999968,0.35,4.6,0
26,trip,2760,2768.8333333333335,z31,z30,toy-0006923,,,False,32.08557865361649,0.0,31.290578653616485,0.35,2.3,0
33,trip,2760,2776.5,z11,z31,toy-0006921,,,False,35.404669759400015,0.0,33.919669759400016,0.35,4.6,0
19,trip,2760,2778.309854494165,z12,z20,toy-0006927,,,False,25.142991867261692,0.0,23.495104962786836,0.35,5.142956348249516,0
42,trip,2760,2784.1666666666665,z01,z31,toy-0006919,,,False,42.753953126555665,0.0,40.57895312655567,0.35,6.8999999999999995,0
62,trip,2760,2768.8333333333335,z01,z11,toy-0006918,,,False,36.81534408686246,0.0,36.02034408686246,0.35,2.3,0
5,trip,2760,2778.309854494165,z22,z30,toy-0006928,,,False,34.429630347979774,0.0,32.78174344350492,0.35,5.142956348249516,0
32,trip,2760,2768.8333333333335,z31,z21,toy-0006925,,,False,25.055297361784632,0.0,24.26029736178463,0.35,2.3,0
20,trip,2760,2778.309854494165,z10,z31,toy-0006916,,,False,35.89351228316957,0.0,34.24562537869472,0.35,5.142956348249516,0
59,trip,2760,2768.8333333333335,z31,z32,toy-0006926,,,False,46.409999999999755,0.0,45.61499999999975,0.35,2.3,0
61,trip,2760,2772.0089706448603,z31,z20,toy-0006922,,,False,47.89499999999977,0.0,46.814192641962336,0.35,3.2526911934581184,0
63,trip,2760,2776.5,z31,z11,toy-0006924,,,False,39.36730133061215,0.0,37.88230133061215,0.35,4.6,0
2,trip,2760,2784.1666666666665,z32,z02,toy-0006929,,,False,39.5077842025198,0.0,37.332784202519804,0.35,6.8999999999999995,0
77,trip,2760,2778.309854494165,z11,z30,toy-0006920,,,False,41.1426103091995,0.0,39.494723404724645,0.35,5.142956348249516,0
13,trip,2760,2768.8333333333335,z00,z01,toy-0006915,,,False,45.942361385797426,0.0,45.147361385797424,0.35,2.3,0
0,visit,2760,2780.3333333333335,z01,z01,,depot_west,local,False,19.26043887179322,0.0,17.88043887179322,4.6,0,0
23,visit,2760,2802.3333333333335,z31,z31,,depot_south,central,False,38.26388366337573,0.0,36.88388366337573,4.6,0,0
80,visit,2760,2775.0,z31,z31,,hub_core,,True,21.103426423531555,17.77777777777778,38.67120420130933,0.7,0,10.666666666666668
28,visit,2760,2775.0,z32,z32,,hub_waterfront,,True,30.456950714835134,17.648049285164866,47.895,0.7,0,10.58882957109892
47,visit,2760,2775.0,z21,z21,,hub_inner,,True,36.972872956119915,11.132127043880082,47.894999999999996,0.7,0,6.679276226328049
17,trip,2765,2793.809226445224,z00,z32,toy-0006932,,,False,39.87422619105002,0.0,37.281395810979866,0.35,8.292767933567175,0
35,trip,2765,2781.5,z32,z12,toy-0006945,,,False,43.04919264196241,0.0,41.56419264196241,0.35,4.6,0
65,trip,2765,2773.8333333333335,z30,z31,toy-0006936,,,False,40.50477129557837,0.0,39.70977129557837,0.35,2.3,0
22,trip,2765,2777.0089706448603,z21,z10,toy-0006939,,,False,18.39585226563977,0.0,17.315044907602335,0.35,3.2526911934581184,0
64,trip,2765,2773.8333333333335,z32,z31,toy-0006944,,,False,47.8950000000003,0.0,47.1000000000003,0.35,2.3,0
21,trip,2765,2777.0089706448603,z11,z22,toy-0006938,,,False,21.57958006235775,0.0,20.498772704320313,0.35,3.2526911934581184,0
7,trip,2765,2783.309854494165,z20,z12,toy-0006935,,,False,42.75641369840865,0.0,41.1085267939338,0.35,5.142956348249516,0
25,trip,2765,2790.410795394624,z00,z31,toy-0006930,,,False,46.515000000000114,0.0,44.22802841448393,0.35,7.273238618387272,0
6,trip,2765,2773.8333333333335,z22,z32,toy-0006943,,,False,20.97303600500276,0.0,20.17803600500276,0.35,2.3,0
34,trip,2765,2773.8333333333335,z11,z21,toy-0006937,,,False,47.34012699924388,0.0,46.54512699924388,0.35,2.3,0
37,trip,2765,2787.851274623054,z00,z22,toy-0006931,,,False,17.07009766401069,0.0,15.013482947935819,0.35,6.505382386916237,0
40,trip,2765,2777.0089706448603,z10,z21,toy-0006934,,,False,27.836562236526436,0.0,26.755754878489,0.35,3.2526911934581184,0
54,trip,2765,2777.0089706448603,z10,z01,toy-0006933,,,False,27.371176905885704,0.0,26.290369547848268,0.35,3.2526911934581184,0
24,trip,2765,2777.0089706448603,z22,z31,toy-0006942,,,False,19.8148804222764,0.0,18.734073064238963,0.35,3.2526911934581184,0
69,trip,2765,2790.410795394624,z02,z31,toy-0006941,,,False,20.26357468478848,0.0,17.9766030992723,0.35,7.273238618387272,0
8,trip,2765,2777.0089706448603,z31,z22,toy-0006940,,,False,47.89500000000032,0.0,46.81419264196289,0.35,3.2526911934581184,0
10,trip,2770,2782.0089706448603,z21,z32,toy-0006952,,,False,38.95124544050491,0.0,37.87043808246748,0.35,3.2526911934581184,0
11,trip,2770,2778.8333333333335,z12,z11,toy-0006953,,,False,45.73338528392554,0.0,44.93838528392554,0.35,2.3,0
15,trip,2770,2778.8333333333335,z32,z22,toy-0006956,,,False,45.64419264196232,0.0,44.84919264196232,0.35,2.3,0
16,trip,2770,2788.309854494165,z20,z32,toy-0006949,,,False,23.904972875654977,0.0,22.25708597118012,0.35,5.142956348249516,0
75,trip,2770,2788.309854494165,z21,z00,toy-0006951,,,False,46.247605597761314,0.0,44.59971869328646,0.35,5.142956348249516,0
66,trip,2770,2782.0089706448603,z20,z31,toy-0006948,,,False,45.166305737487434,0.0,44.08549837945,0.35,3.2526911934581184,0
36,trip,2770,2786.5,z22,z20,toy-0006954,,,False,40.26897765898031,0.0,38.78397765898031,0.35,4.6,0
55,trip,2770,2778.8333333333335,z10,z11,toy-0006947,,,False,37.68357351901195,0.0,36.88857351901195,0.35,2.3,0
14,trip,2770,2788.309854494165,z00,z21,toy-0006946,,,False,47.894999999999946,0.0,46.247113095525094,0.35,5.142956348249516,0
43,trip,2770,2792.851274623054,z32,z10,toy-0006955,,,False,33.44308948132903,0.0,31.38647476525416,0.35,6.505382386916237,0
13,trip,2770,2782.0089706448603,z01,z12,toy-0006950,,,False,45.14736138579745,0.0,44.06655402776002,0.35,3.2526911934581184,0
32,visit,2770,2785.0,z21,z21,,hub_inner,local,True,24.26029736178466,12.777777777777779,36.828075139562436,0.7,0,7.666666666666668
49,visit,2770,2785.0,z21,z21,,hub_inner,local,True,46.8141926419623,1.2908073580376964,47.894999999999996,0.7,0,0.7744844148226179
26,visit,2770,2785.0,z30,z30,,depot_south,,True,31.290578653616514,16.814421346383487,47.895,0.7,0,10.088652807830092
52,visit,2770,2785.0,z32,z32,,hub_waterfront,,True,33.225317719999744,14.879682280000251,47.894999999999996,0.7,0,8.927809368000151
62,visit,2770,2785.0,z11,z11,,hub_center,,True,36.02034408686249,12.08465591313751,47.894999999999996,0.7,0,7.250793547882506
34,trip,2775,2783.8333333333335,z21,z31,toy-0006959,,,False,46.545126999243905,0.0,45.7501269992439,0.35,2.3,0
31,trip,2775,2793.309854494165,z31,z12,toy-0006962,,,False,47.89499999999979,0.0,46.24711309552494,0.35,5.142956348249516,0
47,trip,2775,2783.8333333333335,z21,z22,toy-0006960,,,False,47.895000000000024,0.0,47.10000000000002,0.35,2.3,0
71,trip,2775,2799.1666666666665,z02,z32,toy-0006964,,,False,46.41000000000006,0.0,44.23500000000006,0.35,6.8999999999999995,0
18,trip,2775,2787.0089706448603,z32,z21,toy-0006968,,,False,47.89500000000013,0.0,46.8141926419627,0.35,3.2526911934581184,0
39,trip,2775,2783.8333333333335,z22,z21,toy-0006966,,,False,32.50452238705851,0.0,31.709522387058506,0.35,2.3,0
83,trip,2775,2783.8333333333335,z21,z11,toy-0006958,,,False,40.97772413245286,0.0,40.18272413245286,0.35,2.3,0
50,trip,2775,2787.0089706448603,z22,z11,toy-0006965,,,False,46.30499999999993,0.0,45.224192641962496,0.35,3.2526911934581184,0
46,trip,2775,2783.8333333333335,z31,z21,toy-0006961,,,False,41.97345121632473,0.0,41.17845121632473,0.35,2.3,0
56,trip,2775,2783.8333333333335,z31,z32,toy-0006963,,,False,46.30500000000032,0.0,45.51000000000032,0.35,2.3,0
28,trip,2775,2793.309854494165,z32,z11,toy-0006967,,,False,47.89499999999985,0.0,46.247113095524995,0.35,5.142956348249516,0
61,trip,2775,2791.5,z20,z22,toy-0006957,,,False,46.81419264196234,0.0,45.329192641962344,0.35,4.6,0
6,visit,2775,2790.0,z32,z32,,hub_waterfront,local,True,20.178036005002788,12.777777777777779,32.745813782780566,0.7,0,7.666666666666668
3,visit,2775,2790.0,z32,z32,,hub_waterfront,local,True,32.609866080509285,12.777777777777779,45.17764385828706,0.7,0,7.666666666666668
51,visit,2775,2801.6846079563875,z02,z02,,hub_center,local,False,40.29316992449251,0.0,38.34155520841764,6.505382386916237,0,0
44,visit,2775,2790.0,z00,z00,,depot_west,,True,35.6715840460674,12.433415953932597,47.894999999999996,0.7,0,7.460049572359558
80,visit,2775,2790.0,z31,z31,,hub_core,,True,38.6712042013091,9.433795798690896,47.894999999999996,0.7,0,5.660277479214537
4,trip,2780,2788.8333333333335,z32,z31,toy-0006976,,,False,39.74472340472443,0.0,38.94972340472443,0.35,2.3,0
9,trip,2780,2805.410795394624,z32,z01,toy-0006975,,,False,44.92499999999967,0.0,42.638028414483486,0.35,7.273238618387272,0
29,trip,2780,2796.5,z12,z32,toy-0006972,,,False,39.61310868864987,0.0,38.12810868864987,0.35,4.6,0
59,trip,2780,2798.309854494165,z32,z20,toy-0006974,,,False,45.61499999999978,0.0,43.96711309552493,0.35,5.142956348249516,0
20,trip,2780,2805.410795394624,z31,z00,toy-0006970,,,False,34.24562537869472,0.0,31.958653793178538,0.35,7.273238618387272,0
8,trip,2780,2798.309854494165,z22,z01,toy-0006973,,,False,46.8141926419629,0.0,45.166305737488045,0.35,5.142956348249516,0
22,trip,2780,2796.5,z10,z12,toy-0006969,,,False,17.31504490760235,0.0,15.83004490760235,0.35,4.6,0
24,trip,2780,2798.309854494165,z31,z10,toy-0006971,,,False,18.734073064238977,0.0,17.08618615976412,0.35,5.142956348249516,0
15,visit,2780,2800.3333333333335,z22,z22,,hub_inner,local,False,44.84919264196235,0.0,43.469192641962344,4.6,0,0
11,visit,2780,2795.0,z11,z11,,hub_center,local,True,44.93838528392557,3.1666147160744273,47.894999999999996,0.7,0,1.8999688296446564
5,visit,2780,2795.0,z30,z30,,depot_south,,True,32.78174344350492,15.323256556495075,47.894999999999996,0.7,0,9.193953933897046
33,visit,2780,2795.0,z31,z31,,hub_core,,True,33.91966975940001,14.185330240599988,47.894999999999996,0.7,0,8.511198144359993
21,trip,2785,2797.0089706448603,z22,z31,toy-0006981,,,False,20.498772704320327,0.0,19.41796534628289,0.35,3.2526911934581184,0
34,trip,2785,2801.5,z31,z11,toy-0006979,,,False,45.75012699924393,0.0,44.26512699924393,0.35,4.6,0
64,trip,2785,2797.0089706448603,z31,z22,toy-0006980,,,False,47.10000000000033,0.0,46.019192641962896,0.35,3.2526911934581184,0
26,trip,2785,2803.309854494165,z30,z22,toy-0006978,,,False,47.89499999999976,0.0,46.24711309552491,0.35,5.142956348249516,0
57,trip,2785,2803.309854494165,z10,z02,toy-0006977,,,False,37.585545104528016,0.0,35.937658200053164,0.35,5.142956348249516,0
39,visit,2785,2833.6846079563875,z21,z21,,depot_south,central,False,31.70952238705853,0.0,29.75790767098366,6.505382386916237,0,0
42,visit,2785,2827.3333333333335,z31,z31,,depot_south,central,False,40.57895312655567,0.0,39.198953126555665,4.6,0,0
40,visit,2785,2800.0,z21,z21,,hub_inner,,True,26.755754878489014,17.77777777777778,44.32353265626679,0.7,0,10.666666666666668
32,visit,2785,2800.0,z21,z21,,hub_inner,,True,36.82807513956221,11.276924860437788,47.894999999999996,0.7,0,6.766154916262673
55,visit,2785,2800.0,z11,z11,,hub_center,,True,36.88857351901198,11.21642648098802,47.894999999999996,0.7,0,6.7298558885928115
10,visit,2785,2800.0,z32,z32,,hub_waterfront,,True,37.87043808246749,10.23456191753251,47.894999999999996,0.7,0,6.140737150519506
19,trip,2790,2812.851274623054,z20,z02,toy-0006982,,,False,23.49510496278685,0.0,21.43849024671198,0.35,6.505382386916237,0
0,trip,2790,2808.309854494165,z01,z20,toy-0006983,,,False,17.880438871793245,0.0,16.23255196731839,0.35,5.142956348249516,0
37,trip,2790,2798.8333333333335,z22,z32,toy-0006989,,,False,15.013482947935833,0.0,14.218482947935833,0.35,2.3,0
50,trip,2790,2806.5,z11,z31,toy-0006984,,,False,45.2241926419625,0.0,43.739192641962504,0.35,4.6,0
14,trip,2790,2798.8333333333335,z21,z20,toy-0006986,,,False,46.247113095525094,0.0,45.45211309552509,0.35,2.3,0
58,trip,2790,2808.309854494165,z11,z32,toy-0006985,,,False,46.01919264196254,0.0,44.37130573748769,0.35,5.142956348249516,0
18,trip,2790,2806.5,z21,z01,toy-0006987,,,False,46.814192641962705,0.0,45.329192641962706,0.35,4.6,0
4,trip,2790,2802.0089706448603,z31,z20,toy-0006988,,,False,38.94972340472446,0.0,37.868916046687026,0.35,3.2526911934581184,0
16,visit,2790,2805.0,z32,z32,,hub_waterfront,,True,22.257085971180135,17.77777777777778,39.82486374895792,0.7,0,10.666666666666668
6,visit,2790,2805.0,z32,z32,,hub_waterfront,,True,32.74581378278034,15.35918621721966,47.894999999999996,0.7,0,9.215511730331796
46,trip,2795,2803.8333333333335,z21,z31,toy-0006997,,,False,41.17845121632476,0.0,40.38345121632476,0.35,2.3,0
33,trip,2795,2803.8333333333335,z31,z32,toy-0007001,,,False,47.89500000000028,0.0,47.10000000000028,0.35,2.3,0
36,trip,2795,2803.8333333333335,z20,z21,toy-0006992,,,False,38.783977658980305,0.0,37.9889776589803,0.35,2.3,0
7,trip,2795,2803.8333333333335,z12,z22,toy-0007004,,,False,41.1085267939338,0.0,40.3135267939338,0.35,2.3,0
11,trip,2795,2803.8333333333335,z11,z01,toy-0006996,,,False,47.89500000000039,0.0,47.100000000000385,0.35,2.3,0
28,trip,2795,2807.0089706448603,z11,z20,toy-0006995,,,False,46.247113095524995,0.0,45.16630573748756,0.35,3.2526911934581184,0
3,trip,2795,2811.5,z32,z30,toy-0007006,,,False,45.17764385828683,0.0,43.69264385828683,0.35,4.6,0
17,trip,2795,2803.8333333333335,z32,z31,toy-0007007,,,False,37.28139581097986,0.0,36.48639581097986,0.35,2.3,0
65,trip,2795,2803.8333333333335,z31,z21,toy-0007000,,,False,39.7097712955784,0.0,38.9147712955784,0.35,2.3,0
13,trip,2795,2807.0089706448603,z12,z21,toy-0007002,,,False,44.06655402776003,0.0,42.985746669722595,0.35,3.2526911934581184,0
66,trip,2795,2819.1666666666665,z31,z01,toy-0006999,,,False,44.08549837945001,0.0,41.91049837945001,0.35,6.8999999999999995,0
31,trip,2795,2813.309854494165,z12,z31,toy-0007003,,,False,46.24711309552494,0.0,44.599226191050086,0.35,5.142956348249516,0
52,trip,2795,2803.8333333333335,z32,z22,toy-0007008,,,False,47.89499999999976,0.0,47.09999999999976,0.35,2.3,0
1,trip,2795,2813.309854494165,z10,z22,toy-0006990,,,False,47.31000000000038,0.0,45.66211309552553,0.35,5.142956348249516,0
49,trip,2795,2807.0089706448603,z21,z32,toy-0006998,,,False,47.89500000000038,0.0,46.81419264196295,0.35,3.2526911934581184,0
47,trip,2795,2813.309854494165,z22,z10,toy-0007005,,,False,47.10000000000005,0.0,45.4521130955252,0.35,5.142956348249516,0
27,trip,2795,2813.309854494165,z01,z22,toy-0006994,,,False,36.181767569715916,0.0,34.533880665241064,0.35,5.142956348249516,0
43,trip,2795,2817.851274623054,z10,z32,toy-0006991,,,False,31.386474765254164,0.0,29.329860049179292,0.35,6.505382386916237,0
54,trip,2795,2811.5,z01,z21,toy-0006993,,,False,26.290369547848282,0.0,24.805369547848283,0.35,4.6,0
69,visit,2795,2810.0,z31,z31,,hub_core,local,True,17.976603099272317,12.777777777777779,30.544380877050095,0.7,0,7.666666666666668
25,visit,2795,2810.0,z31,z31,,hub_core,local,True,44.22802841448393,3.876971585516067,47.894999999999996,0.7,0,2.32618295130964
63,visit,2795,2810.0,z11,z11,,hub_center,,True,37.882301330612144,10.222698669387853,47.894999999999996,0.7,0,6.133619201632712
14,trip,2800,2812.0089706448603,z20,z31,toy-0007010,,,False,45.45211309552512,0.0,44.37130573748769,0.35,3.2526911934581184,0
10,trip,2800,2812.0089706448603,z32,z21,toy-0007013,,,False,47.89500000000038,0.0,46.81419264196295,0.35,3.2526911934581184,0
22,trip,2800,2822.851274623054,z12,z30,toy-0007012,,,False,15.830044907602352,0.0,13.773430191527481,0.35,6.505382386916237,0
8,trip,2800,2812.0089706448603,z01,z10,toy-0007011,,,False,45.166305737488045,0.0,44.08549837945061,0.35,3.2526911934581184,0
24,trip,2800,2818.309854494165,z10,z31,toy-0007009,,,False,17.086186159764136,0.0,15.43829925528928,0.35,5.142956348249516,0
59,visit,2800,2820.3333333333335,z20,z20,,depot_south,local,False,43.96711309552493,0.0,42.58711309552493,4.6,0,0
37,visit,2800,2824.665243564572,z32,z32,,hub_waterfront,,False,14.218482947935861,33.886517052064136,47.894999999999996,0.7,0,20.33191023123848
21,visit,2800,2815.0,z31,z31,,hub_core,,True,19.417965346282905,17.77777777777778,36.98574312406068,0.7,0,10.666666666666668
2,trip,2805,2823.309854494165,z02,z21,toy-0007018,,,False,37.332784202519804,0.0,35.68489729804495,0.35,5.142956348249516,0
32,trip,2805,2813.8333333333335,z21,z22,toy-0007016,,,False,47.89499999999993,0.0,47.09999999999993,0.35,2.3,0
6,trip,2805,2823.309854494165,z32,z11,toy-0007022,,,False,47.89500000000012,0.0,46.247113095525265,0.35,5.142956348249516,0
7,trip,2805,2813.8333333333335,z22,z12,toy-0007021,,,False,40.313526793933825,0.0,39.51852679393382,0.35,2.3,0
15,trip,2805,2817.0089706448603,z22,z31,toy-0007020,,,False,43.469192641962366,0.0,42.38838528392493,0.35,3.2526911934581184,0
34,trip,2805,2813.8333333333335,z11,z21,toy-0007014,,,False,44.265126999243925,0.0,43.470126999243924,0.35,2.3,0
26,trip,2805,2813.8333333333335,z22,z21,toy-0007019,,,False,46.24711309552491,0.0,45.45211309552491,0.35,2.3,0
51,trip,2805,2817.0089706448603,z02,z11,toy-0007017,,,False,38.341555208417624,0.0,37.26074785038019,0.35,3.2526911934581184,0
36,trip,2805,2817.0089706448603,z21,z12,toy-0007015,,,False,37.98897765898033,0.0,36.9081703009429,0.35,3.2526911934581184,0
29,visit,2805,2820.0,z32,z32,,hub_waterfront,,True,38.12810868864986,9.976891311350137,47.894999999999996,0.7,0,5.986134786810083
65,visit,2805,2820.0,z21,z21,,hub_inner,,True,38.914771295578426,9.190228704421571,47.894999999999996,0.7,0,5.514137222652943
40,trip,2810,2828.309854494165,z21,z02,toy-0007030,,,False,44.323532656266565,0.0,42.67564575179171,0.35,5.142956348249516,0
17,trip,2810,2818.8333333333335,z31,z32,toy-0007035,,,False,36.486395810979886,0.0,35.691395810979884,0.35,2.3,0
23,trip,2810,2828.309854494165,z31,z12,toy-0007033,,,False,36.88388366337575,0.0,35.235996758900896,0.35,5.142956348249516,0
16,trip,2810,2826.5,z32,z12,toy-0007036,,,False,39.82486374895768,0.0,38.33986374895768,0.35,4.6,0
25,trip,2810,2818.8333333333335,z31,z30,toy-0007031,,,False,47.89499999999965,0.0,47.099999999999646,0.35,2.3,0
50,trip,2810,2826.5,z31,z11,toy-0007032,,,False,43.7391926419625,0.0,42.2541926419625,0.35,4.6,0
69,trip,2810,2822.0089706448603,z31,z22,toy-0007034,,,False,30.54438087704987,0.0,29.463573519012435,0.35,3.2526911934581184,0
0,trip,2810,2828.309854494165,z20,z32,toy-0007025,,,False,16.232551967318404,0.0,14.584665062843548,0.35,5.142956348249516,0
55,trip,2810,2822.0089706448603,z11,z22,toy-0007028,,,False,47.89499999999989,0.0,46.81419264196246,0.35,3.2526911934581184,0
9,trip,2810,2834.1666666666665,z01,z31,toy-0007026,,,False,42.638028414483486,0.0,40.46302841448349,0.35,6.8999999999999995,0
4,trip,2810,2818.8333333333335,z20,z10,toy-0007023,,,False,37.86891604668703,0.0,37.07391604668703,0.35,2.3,0
28,trip,2810,2825.3333333333335,z20,z31,toy-0007029,,,False,45.16630573748757,0.0,43.78630573748757,2.3,2.3,0
67,trip,2810,2818.8333333333335,z20,z30,toy-0007024,,,False,36.06942876790401,0.0,35.274428767904006,0.35,2.3,0
11,trip,2810,2835.410795394624,z01,z32,toy-0007027,,,False,47.10000000000041,0.0,44.81302841448423,0.35,7.273238618387272,0
46,visit,2810,2825.0,z31,z31,,hub_core,local,True,40.38345121632479,7.7215487836752095,47.894999999999996,0.7,0,4.632929270205126
13,visit,2810,2825.0,z21,z21,,hub_inner,local,True,42.9857466697226,5.119253330277396,47.894999999999996,0.7,0,3.0715519981664374
20,visit,2810,2825.0,z00,z00,,depot_west,,True,31.95865379317854,16.14634620682146,47.895,0.7,0,9.687807724092876
3,trip,2815,2823.8333333333335,z30,z31,toy-0007039,,,False,43.69264385828682,0.0,42.89764385828682,0.35,2.3,0
14,trip,2815,2823.8333333333335,z31,z21,toy-0007044,,,False,44.371305737487695,0.0,43.576305737487694,0.35,2.3,0
38,trip,2815,2831.5,z00,z20,toy-0007037,,,False,39.18008027416624,0.0,37.69508027416624,0.35,4.6,0
62,trip,2815,2831.5,z11,z31,toy-0007041,,,False,47.894999999999996,0.0,46.41,0.35,4.6,0
68,trip,2815,2827.0089706448603,z20,z11,toy-0007038,,,False,46.22919264196262,0.0,45.14838528392519,0.35,3.2526911934581184,0
57,trip,2815,2823.8333333333335,z02,z01,toy-0007045,,,False,35.937658200053164,0.0,35.14265820005316,0.35,2.3,0
63,trip,2815,2827.0089706448603,z11,z02,toy-0007042,,,False,47.89500000000031,0.0,46.814192641962876,0.35,3.2526911934581184,0
10,trip,2815,2823.8333333333335,z21,z11,toy-0007043,,,False,46.814192641962954,0.0,46.01919264196295,0.35,2.3,0
33,trip,2815,2823.8333333333335,z32,z31,toy-0007046,,,False,47.10000000000031,0.0,46.305000000000305,0.35,2.3,0
78,trip,2815,2823.8333333333335,z11,z10,toy-0007040,,,False,45.232594632658994,0.0,44.43759463265899,0.35,2.3,0
19,visit,2815,2872.6666666666665,z02,z02,,depot_west,central,False,21.438490246711993,0.0,18.678490246711995,9.2,0,0
7,visit,2815,2876.286375654997,z12,z12,,depot_west,central,False,39.51852679393385,0.0,36.43275298498414,10.285912696499032,0,0
34,visit,2815,2830.0,z21,z21,,hub_inner,local,True,43.47012699924395,4.634873000756045,47.894999999999996,0.7,0,2.780923800453627
21,visit,2815,2830.0,z31,z31,,hub_core,,True,36.985743124060456,11.119256875939543,47.894999999999996,0.7,0,6.671554125563725
54,trip,2820,2832.0089706448603,z21,z32,toy-0007048,,,False,24.805369547848283,0.0,23.724562189810847,0.35,3.2526911934581184,0
15,trip,2820,2832.0089706448603,z31,z20,toy-0007049,,,False,42.38838528392494,0.0,41.30757792588751,0.35,3.2526911934581184,0
17,trip,2820,2838.309854494165,z32,z20,toy-0007055,,,False,35.69139581097991,0.0,34.04350890650506,0.35,5.142956348249516,0
65,trip,2820,2832.0089706448603,z21,z30,toy-0007047,,,False,47.895000000000216,0.0,46.814192641962784,0.35,3.2526911934581184,0
1,trip,2820,2832.0089706448603,z22,z11,toy-0007052,,,False,45.66211309552553,0.0,44.581305737488094,0.35,3.2526911934581184,0
27,trip,2820,2828.8333333333335,z22,z32,toy-0007053,,,False,34.533880665241064,0.0,33.73888066524106,0.35,2.3,0
24,trip,2820,2845.410795394624,z31,z02,toy-0007050,,,False,15.438299255289294,0.0,13.151327669773114,0.35,7.273238618387272,0
29,trip,2820,2848.809226445224,z32,z00,toy-0007054,,,False,47.894999999999875,0.0,45.30216961992972,0.35,8.292767933567175,0
32,trip,2820,2836.5,z22,z20,toy-0007051,,,False,47.09999999999996,0.0,45.61499999999996,0.35,4.6,0
67,visit,2820,2835.0,z30,z30,,depot_south,local,True,35.274428767904034,12.777777777777779,47.84220654568181,0.7,0,7.666666666666668
26,visit,2820,2835.0,z21,z21,,hub_inner,local,True,45.452113095524936,2.6528869044750607,47.894999999999996,0.7,0,1.5917321426850364
43,visit,2820,2835.0,z32,z32,,hub_waterfront,,True,29.329860049179306,17.77777777777778,46.89763782695709,0.7,0,10.666666666666668
51,visit,2820,2835.0,z11,z11,,hub_center,,True,37.2607478503802,10.844252149619798,47.894999999999996,0.7,0,6.506551289771879
59,trip,2825,2841.5,z20,z22,toy-0007057,,,False,42.58711309552495,0.0,41.10211309552495,0.35,4.6,0
3,trip,2825,2843.309854494165,z31,z10,toy-0007059,,,False,42.89764385828685,0.0,41.249756953811996,0.35,5.142956348249516,0
37,trip,2825,2837.0089706448603,z32,z21,toy-0007060,,,False,47.89499999999998,0.0,46.81419264196255,0.35,3.2526911934581184,0
4,trip,2825,2833.8333333333335,z10,z20,toy-0007056,,,False,37.07391604668706,0.0,36.27891604668706,0.35,2.3,0
6,trip,2825,2843.309854494165,z11,z32,toy-0007058,,,False,46.247113095525265,0.0,44.59922619105041,0.35,5.142956348249516,0
49,trip,2825,2833.8333333333335,z32,z22,toy-0007061,,,False,46.814192641962954,0.0,46.01919264196295,0.35,2.3,0
57,visit,2825,2845.3333333333335,z01,z01,,depot_west,local,False,35.14265820005319,0.0,33.76265820005319,4.6,0,0
14,visit,2825,2840.0,z21,z21,,hub_inner,local,True,43.57630573748772,4.528694262512275,47.894999999999996,0.7,0,2.717216557507365
22,visit,2825,2849.9322752184166,z30,z30,,depot_south,,False,13.773430191527495,34.33156980847251,47.895,0.7,0,20.598941885083505
20,trip,2830,2838.8333333333335,z00,z10,toy-0007062,,,False,47.89500000000039,0.0,47.100000000000385,0.35,2.3,0
5,trip,2830,2842.0089706448603,z30,z21,toy-0007066,,,False,47.89499999999972,0.0,46.814192641962286,0.35,3.2526911934581184,0
12,trip,2830,2846.5,z12,z32,toy-0007069,,,False,46.0483852839255,0.0,44.5633852839255,0.35,4.6,0
52,trip,2830,2842.0089706448603,z22,z31,toy-0007070,,,False,47.09999999999979,0.0,46.019192641962356,0.35,3.2526911934581184,0
72,trip,2830,2842.0089706448603,z20,z31,toy-0007065,,,False,41.82130573748802,0.0,40.740498379450585,0.35,3.2526911934581184,0
25,trip,2830,2846.5,z30,z32,toy-0007067,,,False,47.099999999999675,0.0,45.614999999999675,0.35,4.6,0
21,trip,2830,2838.8333333333335,z31,z32,toy-0007068,,,False,47.89500000000038,0.0,47.10000000000038,0.35,2.3,0
0,trip,2830,2852.851274623054,z32,z10,toy-0007071,,,False,14.584665062843563,0.0,12.528050346768692,0.35,6.505382386916237,0
8,trip,2830,2842.0089706448603,z10,z21,toy-0007064,,,False,44.08549837945062,0.0,43.00469102141319,0.35,3.2526911934581184,0
41,trip,2830,2855.410795394624,z00,z31,toy-0007063,,,False,47.894999999999676,0.0,45.60802841448349,0.35,7.273238618387272,0
27,visit,2830,2845.0,z32,z32,,hub_waterfront,,True,33.73888066524109,14.366119334758908,47.894999999999996,0.7,0,8.619671600855344
2,visit,2830,2845.0,z21,z21,,hub_inner,,True,35.68489729804495,12.420102701955045,47.894999999999996,0.7,0,7.452061621173027
28,trip,2835,2847.0089706448603,z31,z22,toy-0007074,,,False,43.78630573748759,0.0,42.705498379450155,0.35,3.2526911934581184,0
13,trip,2835,2847.0089706448603,z21,z10,toy-0007072,,,False,47.89499999999987,0.0,46.814192641962435,0.35,3.2526911934581184,0
43,trip,2835,2843.8333333333335,z32,z31,toy-0007075,,,False,46.89763782695685,0.0,46.10263782695685,0.35,2.3,0
26,trip,2835,2843.8333333333335,z21,z31,toy-0007073,,,False,47.89500000000001,0.0,47.10000000000001,0.35,2.3,0
4,visit,2835,2877.3333333333335,z20,z20,,depot_south,central,False,36.27891604668709,0.0,34.898916046687084,4.6,0,0
9,visit,2835,2877.3333333333335,z31,z31,,depot_south,central,False,40.46302841448349,0.0,39.083028414483486,4.6,0,0
1,visit,2835,2850.0,z11,z11,,hub_center,local,True,44.5813057374881,3.523694262511895,47.894999999999996,0.7,0,2.114216557507137
54,visit,2835,2850.0,z32,z32,,hub_waterfront,,True,23.72456218981086,17.77777777777778,41.29233996758864,0.7,0,10.666666666666668
39,visit,2835,2850.0,z21,z21,,hub_inner,,True,29.75790767098366,17.77777777777778,47.32568544876144,0.7,0,10.666666666666668
31,trip,2840,2848.8333333333335,z31,z21,toy-0007078,,,False,44.599226191050086,0.0,43.804226191050084,0.35,2.3,0
10,trip,2840,2848.8333333333335,z11,z12,toy-0007077,,,False,46.01919264196298,0.0,45.22419264196298,0.35,2.3,0
20,trip,2840,2856.5,z10,z30,toy-0007076,,,False,47.10000000000041,0.0,45.615000000000414,0.35,4.6,0
49,trip,2840,2856.5,z22,z02,toy-0007081,,,False,46.01919264196298,0.0,44.53419264196298,0.35,4.6,0
16,trip,2840,2858.309854494165,z12,z31,toy-0007080,,,False,38.339863748957676,0.0,36.691976844482824,0.35,5.142956348249516,0
40,trip,2840,2848.8333333333335,z02,z12,toy-0007079,,,False,42.67564575179171,0.0,41.88064575179171,0.35,2.3,0
17,visit,2840,2860.3333333333335,z20,z20,,depot_south,local,False,34.04350890650506,0.0,32.66350890650506,4.6,0,0
37,visit,2840,2855.0,z21,z21,,hub_inner,local,True,46.814192641962556,1.2908073580374406,47.894999999999996,0.7,0,0.7744844148224643
2,trip,2845,2853.8333333333335,z21,z22,toy-0007085,,,False,47.894999999999996,0.0,47.099999999999994,0.35,2.3,0
44,trip,2845,2857.0089706448603,z00,z11,toy-0007082,,,False,47.8949999999997,0.0,46.814192641962265,0.35,3.2526911934581184,0
5,trip,2845,2853.8333333333335,z21,z20,toy-0007084,,,False,46.81419264196229,0.0,46.01919264196229,0.35,2.3,0
15,trip,2845,2853.8333333333335,z20,z21,toy-0007083,,,False,41.307577925887514,0.0,40.51257792588751,0.35,2.3,0
26,trip,2845,2861.5,z31,z11,toy-0007086,,,False,47.10000000000004,0.0,45.61500000000004,0.35,4.6,0
1,trip,2850,2866.5,z11,z31,toy-0007087,,,False,47.8949999999998,0.0,46.4099999999998,0.35,4.6,0
28,trip,2850,2858.8333333333335,z22,z21,toy-0007091,,,False,42.70549837945016,0.0,41.91049837945016,0.35,2.3,0
33,trip,2850,2874.1666666666665,z31,z01,toy-0007088,,,False,46.305000000000334,0.0,44.13000000000034,0.35,6.8999999999999995,0
53,trip,2850,2872.851274623054,z22,z00,toy-0007090,,,False,24.151495138351162,0.0,22.09488042227629,0.35,6.505382386916237,0
63,trip,2850,2875.410795394624,z02,z31,toy-0007089,,,False,46.81419264196288,0.0,44.5272210564467,0.35,7.273238618387272,0
24,visit,2850,2898.179295769346,z02,z02,,hub_center,local,False,13.151327669773131,35.824479688264304,47.024192641962564,6.505382386916237,0,21.49468781295858
29,visit,2850,2879.3333333333335,z00,z00,,depot_west,central,False,45.302169619929714,0.0,45.09216961992971,0.7,0,0
50,trip,2855,2863.8333333333335,z11,z21,toy-0007093,,,False,42.25419264196249,0.0,41.45919264196249,0.35,2.3,0
10,trip,2855,2873.309854494165,z12,z20,toy-0007097,,,False,45.22419264196301,0.0,43.576305737488156,0.35,5.142956348249516,0
42,trip,2855,2863.8333333333335,z31,z32,toy-0007096,,,False,39.198953126555686,0.0,38.403953126555685,0.35,2.3,0
23,trip,2855,2867.0089706448603,z12,z01,toy-0007098,,,False,35.235996758900896,0.0,34.15518940086346,0.35,3.2526911934581184,0
0,trip,2855,2873.309854494165,z10,z31,toy-0007092,,,False,12.528050346768707,0.0,10.880163442293853,0.35,5.142956348249516,0
6,trip,2855,2880.410795394624,z32,z01,toy-0007099,,,False,44.59922619105041,0.0,42.31225460553423,0.35,7.273238618387272,0
43,trip,2855,2880.410795394624,z31,z00,toy-0007095,,,False,46.10263782695688,0.0,43.815666241440695,0.35,7.273238618387272,0
8,trip,2855,2867.0089706448603,z21,z32,toy-0007094,,,False,43.004691021413194,0.0,41.92388366337576,0.35,3.2526911934581184,0
11,trip,2855,2873.309854494165,z32,z11,toy-0007100,,,False,44.81302841448423,0.0,43.16514151000938,0.35,5.142956348249516,0
5,trip,2860,2878.309854494165,z20,z32,toy-0007102,,,False,46.01919264196232,0.0,44.37130573748747,0.35,5.142956348249516,0
2,trip,2860,2872.0089706448603,z22,z31,toy-0007104,,,False,47.10000000000002,0.0,46.01919264196259,0.35,3.2526911934581184,0
55,trip,2860,2868.8333333333335,z22,z32,toy-0007105,,,False,46.814192641962464,0.0,46.01919264196246,0.35,2.3,0
12,trip,2860,2868.8333333333335,z32,z31,toy-0007106,,,False,44.56338528392549,0.0,43.76838528392549,0.35,2.3,0
16,trip,2860,2872.0089706448603,z31,z20,toy-0007103,,,False,36.691976844482824,0.0,35.61116948644539,0.35,3.2526911934581184,0
45,trip,2860,2888.809226445224,z00,z32,toy-0007101,,,False,45.04338528392504,0.0,42.450554903854886,0.35,8.292767933567175,0
41,trip,2865,2883.309854494165,z31,z12,toy-0007112,,,False,45.60802841448349,0.0,43.96014151000864,0.35,5.142956348249516,0
46,trip,2865,2877.0089706448603,z31,z22,toy-0007113,,,False,47.8950000000003,0.0,46.81419264196287,0.35,3.2526911934581184,0
26,trip,2865,2877.0089706448603,z11,z00,toy-0007109,,,False,45.61500000000003,0.0,44.5341926419626,0.35,3.2526911934581184,0
20,trip,2865,2883.309854494165,z30,z11,toy-0007108,,,False,45.61500000000041,0.0,43.967113095525555,0.35,5.142956348249516,0
35,trip,2865,2877.0089706448603,z12,z21,toy-0007114,,,False,41.5641926419624,0.0,40.48338528392497,0.35,3.2526911934581184,0
59,trip,2865,2883.309854494165,z22,z30,toy-0007115,,,False,41.10211309552494,0.0,39.45422619105009,0.35,5.142956348249516,0
21,trip,2865,2877.0089706448603,z32,z21,toy-0007116,,,False,47.100000000000406,0.0,46.019192641962974,0.35,3.2526911934581184,0
3,trip,2865,2887.851274623054,z10,z32,toy-0007107,,,False,41.249756953811996,0.0,39.19314223773713,0.35,6.505382386916237,0
52,trip,2865,2873.8333333333335,z31,z21,toy-0007111,,,False,46.01919264196236,0.0,45.22419264196236,0.35,2.3,0
14,trip,2865,2873.8333333333335,z21,z31,toy-0007110,,,False,47.895000000000294,0.0,47.10000000000029,0.35,2.3,0
25,trip,2865,2873.8333333333335,z32,z22,toy-0007117,,,False,45.61499999999967,0.0,44.819999999999666,0.35,2.3,0
50,visit,2865,2880.0,z21,z21,,hub_inner,local,True,41.45919264196252,6.645807358037481,47.894999999999996,0.7,0,3.987484414822488
42,visit,2865,2880.0,z32,z32,,hub_waterfront,,True,38.40395312655571,9.701046873444284,47.894999999999996,0.7,0,5.8206281240665705
36,trip,2870,2878.8333333333335,z12,z11,toy-0007122,,,False,36.908170300942906,0.0,36.113170300942905,0.35,2.3,0
15,trip,2870,2878.8333333333335,z21,z11,toy-0007121,,,False,40.51257792588754,0.0,39.71757792588754,0.35,2.3,0
17,trip,2870,2888.309854494165,z20,z12,toy-0007118,,,False,32.66350890650508,0.0,31.015622002030224,0.35,5.142956348249516,0
22,trip,2870,2898.809226445224,z30,z02,toy-0007119,,,False,47.8950000000002,0.0,45.30216961993005,0.35,8.292767933567175,0
44,trip,2870,2882.0089706448603,z11,z22,toy-0007120,,,False,46.81419264196227,0.0,45.73338528392484,0.35,3.2526911934581184,0
55,visit,2870,2885.0,z32,z32,,hub_waterfront,local,True,46.01919264196249,2.0858073580375063,47.894999999999996,0.7,0,1.2514844148225037
18,trip,2875,2899.1666666666665,z01,z31,toy-0007126,,,False,45.3291926419627,0.0,43.1541926419627,0.35,6.8999999999999995,0
13,trip,2875,2883.8333333333335,z10,z11,toy-0007123,,,False,46.81419264196244,0.0,46.01919264196244,0.35,2.3,0
11,trip,2875,2887.0089706448603,z11,z20,toy-0007127,,,False,43.16514151000938,0.0,42.084334151971944,0.35,3.2526911934581184,0
23,trip,2875,2883.8333333333335,z01,z11,toy-0007125,,,False,34.15518940086347,0.0,33.36018940086347,0.35,2.3,0
10,trip,2875,2887.0089706448603,z20,z31,toy-0007124,,,False,43.576305737488156,0.0,42.49549837945072,0.35,3.2526911934581184,0
51,trip,2875,2893.309854494165,z11,z32,toy-0007128,,,False,47.89499999999985,0.0,46.247113095524995,0.35,5.142956348249516,0
8,trip,2875,2893.309854494165,z32,z20,toy-0007132,,,False,41.92388366337577,0.0,40.27599675890092,0.35,5.142956348249516,0
25,trip,2875,2893.309854494165,z22,z01,toy-0007131,,,False,44.819999999999695,0.0,43.17211309552484,0.35,5.142956348249516,0
40,trip,2875,2883.8333333333335,z12,z22,toy-0007130,,,False,41.88064575179174,0.0,41.08564575179174,0.35,2.3,0
19,trip,2875,2891.5,z02,z22,toy-0007129,,,False,18.678490246711966,0.0,17.193490246711967,0.35,4.6,0
16,visit,2875,2895.3333333333335,z20,z20,,depot_south,local,False,35.6111694864454,0.0,34.231169486445395,4.6,0,0
0,visit,2875,2901.668235267957,z31,z31,,hub_core,,False,10.880163442293865,37.22483655770613,47.894999999999996,0.7,0,22.33490193462368
53,visit,2875,2890.0,z00,z00,,depot_west,,True,22.094880422276304,17.77777777777778,39.66265820005408,0.7,0,10.666666666666668
27,trip,2880,2896.5,z32,z12,toy-0007137,,,False,47.89499999999999,0.0,46.40999999999999,0.35,4.6,0
1,trip,2880,2888.8333333333335,z31,z32,toy-0007134,,,False,46.40999999999979,0.0,45.61499999999979,0.35,2.3,0
7,trip,2880,2888.8333333333335,z12,z02,toy-0007135,,,False,36.43275298498411,0.0,35.63775298498411,0.35,2.3,0
42,trip,2880,2904.1666666666665,z32,z02,toy-0007136,,,False,47.89499999999971,0.0,45.719999999999715,0.35,6.8999999999999995,0
21,trip,2880,2896.5,z21,z01,toy-0007133,,,False,46.01919264196298,0.0,44.53419264196298,0.35,4.6,0
36,visit,2880,2895.0,z11,z11,,hub_center,local,True,36.11317030094293,11.991829699057064,47.894999999999996,0.7,0,7.195097819434238
5,visit,2880,2895.0,z32,z32,,hub_waterfront,local,True,44.37130573748747,3.733694262512529,47.894999999999996,0.7,0,2.2402165575075172
63,visit,2880,2922.3333333333335,z31,z31,,depot_south,central,False,44.5272210564467,0.0,43.147221056446696,4.6,0,0
28,trip,2885,2903.309854494165,z21,z00,toy-0007138,,,False,41.91049837945019,0.0,40.26261147497534,0.35,5.142956348249516,0
31,trip,2885,2897.0089706448603,z21,z12,toy-0007139,,,False,43.80422619105011,0.0,42.72341883301268,0.35,3.2526911934581184,0
54,trip,2885,2893.8333333333335,z32,z31,toy-0007140,,,False,41.29233996758841,0.0,40.49733996758841,0.35,2.3,0
20,visit,2885,2900.0,z11,z11,,hub_center,local,True,43.967113095525555,4.137886904474443,47.894999999999996,0.7,0,2.4827321426846654
2,trip,2890,2906.5,z31,z11,toy-0007142,,,False,46.0191926419626,0.0,44.5341926419626,0.35,4.6,0
6,trip,2890,2906.5,z01,z21,toy-0007141,,,False,42.31225460553423,0.0,40.82725460553423,0.35,4.6,0
40,trip,2890,2908.309854494165,z22,z10,toy-0007143,,,False,41.085645751791766,0.0,39.437758847316914,0.35,5.142956348249516,0
4,trip,2895,2913.309854494165,z20,z01,toy-0007146,,,False,34.898916046687106,0.0,33.25102914221225,0.35,5.142956348249516,0
9,trip,2895,2903.8333333333335,z31,z30,toy-0007149,,,False,39.08302841448351,0.0,38.288028414483506,0.35,2.3,0
10,trip,2895,2913.309854494165,z31,z10,toy-0007148,,,False,42.49549837945073,0.0,40.84761147497588,0.35,5.142956348249516,0
26,trip,2895,2913.309854494165,z00,z21,toy-0007144,,,False,44.534192641962605,0.0,42.88630573748775,0.35,5.142956348249516,0
19,trip,2895,2903.8333333333335,z22,z12,toy-0007151,,,False,17.193490246711967,0.0,16.398490246711965,0.35,2.3,0
44,trip,2895,2907.0089706448603,z22,z11,toy-0007150,,,False,45.73338528392485,0.0,44.652577925887414,0.35,3.2526911934581184,0
47,trip,2895,2913.309854494165,z10,z22,toy-0007145,,,False,45.4521130955252,0.0,43.80422619105035,0.35,5.142956348249516,0
59,trip,2895,2903.8333333333335,z30,z20,toy-0007147,,,False,39.45422619105009,0.0,38.65922619105009,0.35,2.3,0
23,visit,2895,2910.0,z11,z11,,hub_center,,True,33.3601894008635,14.744810599136501,47.894999999999996,0.7,0,8.8468863594819
34,trip,2900,2912.0089706448603,z21,z32,toy-0007155,,,False,47.89500000000034,0.0,46.814192641962904,0.35,3.2526911934581184,0
1,trip,2900,2916.5,z32,z30,toy-0007158,,,False,45.61499999999982,0.0,44.12999999999982,0.35,4.6,0
46,trip,2900,2912.0089706448603,z22,z31,toy-0007157,,,False,46.814192641962876,0.0,45.73338528392544,0.35,3.2526911934581184,0
35,trip,2900,2908.8333333333335,z21,z22,toy-0007154,,,False,40.483385283924974,0.0,39.68838528392497,0.35,2.3,0
21,trip,2900,2925.410795394624,z01,z30,toy-0007152,,,False,44.534192641962974,0.0,42.24722105644679,0.35,7.273238618387272,0
61,trip,2900,2916.5,z22,z20,toy-0007156,,,False,45.32919264196234,0.0,43.84419264196234,0.35,4.6,0
13,trip,2900,2916.5,z11,z31,toy-0007153,,,False,46.01919264196247,0.0,44.53419264196247,0.35,4.6,0
22,visit,2900,2926.6846079563875,z02,z02,,hub_center,local,False,45.30216961993004,0.0,43.35055490385517,6.505382386916237,0,0
27,visit,2900,2920.3333333333335,z12,z12,,hub_center,local,False,46.40999999999998,0.0,45.02999999999998,4.6,0,0
9,trip,2905,2913.8333333333335,z30,z31,toy-0007161,,,False,38.288028414483534,0.0,37.49302841448353,0.35,2.3,0
64,trip,2905,2913.8333333333335,z22,z21,toy-0007167,,,False,46.0191926419629,0.0,45.2241926419629,0.35,2.3,0
28,trip,2905,2927.851274623054,z00,z22,toy-0007159,,,False,40.26261147497534,0.0,38.20599675890047,0.35,6.505382386916237,0
7,trip,2905,2929.1666666666665,z02,z32,toy-0007165,,,False,35.63775298498414,0.0,33.46275298498414,0.35,6.8999999999999995,0
8,trip,2905,2921.5,z20,z22,toy-0007160,,,False,40.27599675890092,0.0,38.79099675890092,0.35,4.6,0
37,trip,2905,2913.8333333333335,z21,z31,toy-0007162,,,False,47.89499999999988,0.0,47.09999999999988,0.35,2.3,0
0,trip,2905,2913.8333333333335,z31,z21,toy-0007163,,,False,47.89500000000016,0.0,47.10000000000016,0.35,2.3,0
12,trip,2905,2917.0089706448603,z31,z22,toy-0007164,,,False,43.76838528392552,0.0,42.687577925888085,0.35,3.2526911934581184,0
17,trip,2905,2923.309854494165,z12,z31,toy-0007166,,,False,31.015622002030234,0.0,29.36773509755538,0.35,5.142956348249516,0
65,trip,2910,2928.309854494165,z30,z22,toy-0007168,,,False,46.81419264196279,0.0,45.16630573748794,0.35,5.142956348249516,0
69,trip,2910,2918.8333333333335,z22,z32,toy-0007171,,,False,29.46357351901245,0.0,28.668573519012448,0.35,2.3,0
25,trip,2910,2928.309854494165,z01,z22,toy-0007169,,,False,43.17211309552484,0.0,41.52422619104999,0.35,5.142956348249516,0
33,trip,2910,2935.410795394624,z01,z32,toy-0007170,,,False,44.13000000000034,0.0,41.84302841448415,0.35,7.273238618387272,0
35,visit,2910,2930.3333333333335,z22,z22,,hub_inner,local,False,39.688385283925,0.0,38.308385283925,4.6,0,0
2,visit,2910,2925.0,z11,z11,,hub_center,local,True,44.53419264196259,3.570807358037406,47.894999999999996,0.7,0,2.1424844148224436
11,trip,2915,2931.5,z20,z00,toy-0007172,,,False,42.08433415197195,0.0,40.59933415197195,0.35,4.6,0
3,trip,2915,2927.0089706448603,z32,z21,toy-0007173,,,False,39.19314223773713,0.0,38.112334879699695,0.35,3.2526911934581184,0
10,visit,2915,2935.3333333333335,z10,z10,,depot_west,local,False,40.84761147497588,0.0,39.467611474975875,4.6,0,0
9,visit,2915,2930.0,z31,z31,,hub_core,,True,37.49302841448356,10.611971585516436,47.894999999999996,0.7,0,6.367182951309861
15,trip,2920,2938.309854494165,z11,z30,toy-0007174,,,False,39.71757792588757,0.0,38.069691021412716,0.35,5.142956348249516,0
13,trip,2920,2928.8333333333335,z31,z32,toy-0007176,,,False,44.53419264196246,0.0,43.73919264196246,0.35,2.3,0
19,trip,2920,2936.5,z12,z10,toy-0007177,,,False,16.398490246711994,0.0,14.913490246711994,0.35,4.6,0
14,trip,2920,2932.0089706448603,z31,z20,toy-0007175,,,False,47.10000000000032,0.0,46.01919264196289,0.35,3.2526911934581184,0
31,trip,2920,2936.5,z12,z32,toy-0007178,,,False,42.72341883301269,0.0,41.23841883301269,0.35,4.6,0
69,visit,2920,2935.0,z32,z32,,hub_waterfront,,True,28.668573519012476,17.77777777777778,46.236351296790254,0.7,0,10.666666666666668
0,trip,2925,2933.8333333333335,z21,z20,toy-0007180,,,False,47.100000000000186,0.0,46.305000000000184,0.35,2.3,0
5,trip,2925,2933.8333333333335,z32,z31,toy-0007182,,,False,47.895000000000266,0.0,47.100000000000264,0.35,2.3,0
34,trip,2925,2933.8333333333335,z32,z22,toy-0007183,,,False,46.81419264196291,0.0,46.01919264196291,0.35,2.3,0
45,trip,2925,2943.309854494165,z32,z11,toy-0007181,,,False,42.45055490385488,0.0,40.80266799938003,0.35,5.142956348249516,0
29,trip,2925,2943.309854494165,z00,z12,toy-0007179,,,False,45.092169619929734,0.0,43.44428271545488,0.35,5.142956348249516,0
17,visit,2925,2940.0,z31,z31,,hub_core,,True,29.367735097555393,17.77777777777778,46.93551287533317,0.7,0,10.666666666666668
16,trip,2930,2942.0089706448603,z20,z11,toy-0007184,,,False,34.23116948644542,0.0,33.150362128407984,0.35,3.2526911934581184,0
7,trip,2930,2952.851274623054,z32,z10,toy-0007186,,,False,33.46275298498414,0.0,31.40613826890927,0.35,6.505382386916237,0
32,trip,2930,2938.8333333333335,z20,z21,toy-0007185,,,False,45.61499999999995,0.0,44.81999999999995,0.35,2.3,0
65,visit,2930,2950.3333333333335,z22,z22,,hub_inner,local,False,45.16630573748794,0.0,43.786305737487936,4.6,0,0
3,visit,2930,2945.0,z21,z21,,hub_inner,,True,38.1123348796997,9.992665120300295,47.894999999999996,0.7,0,5.995599072180177
0,trip,2940,2958.309854494165,z20,z32,toy-0007187,,,False,46.30500000000021,0.0,44.65711309552536,0.35,5.142956348249516,0
1,trip,2940,2964.1666666666665,z30,z00,toy-0007188,,,False,44.12999999999981,0.0,41.954999999999814,0.35,6.8999999999999995,0
2,trip,2940,2948.8333333333335,z11,z21,toy-0007189,,,False,47.89499999999981,0.0,47.09999999999981,0.35,2.3,0
31,visit,2940,2955.0,z32,z32,,hub_waterfront,local,True,41.23841883301268,6.866581166987317,47.894999999999996,0.7,0,4.11994870019239
33,visit,2940,2955.0,z32,z32,,hub_waterfront,local,True,41.84302841448415,6.261971585515844,47.894999999999996,0.7,0,3.7571829513095065
19,visit,2940,2977.599239185306,z10,z10,,depot_west,,False,14.913490246711996,33.776509753288,47.309999999999995,4.6,0,20.265905851972803
15,visit,2940,2955.0,z30,z30,,depot_south,,True,38.069691021412716,10.03530897858728,47.894999999999996,0.7,0,6.021185387152368
14,trip,2945,2957.0089706448603,z20,z31,toy-0007191,,,False,46.019192641962896,0.0,44.93838528392546,0.35,3.2526911934581184,0
10,trip,2945,2963.309854494165,z10,z31,toy-0007190,,,False,39.4676114749759,0.0,37.819724570501045,0.35,5.142956348249516,0
16,visit,2945,2960.0,z11,z11,,hub_center,,True,33.15036212840799,14.954637871592007,47.894999999999996,0.7,0,8.972782722955204
5,trip,2950,2968.309854494165,z31,z12,toy-0007192,,,False,47.10000000000029,0.0,45.45211309552544,0.35,5.142956348249516,0
9,trip,2955,2979.1666666666665,z31,z01,toy-0007196,,,False,47.89500000000032,0.0,45.720000000000326,0.35,6.8999999999999995,0
8,trip,2955,2967.0089706448603,z22,z31,toy-0007197,,,False,38.79099675890091,0.0,37.71018940086348,0.35,3.2526911934581184,0
2,trip,2955,2963.8333333333335,z21,z31,toy-0007195,,,False,47.09999999999984,0.0,46.304999999999836,0.35,2.3,0
7,trip,2955,2967.0089706448603,z10,z21,toy-0007194,,,False,31.406138268909274,0.0,30.325330910871838,0.35,3.2526911934581184,0
11,trip,2955,2980.410795394624,z00,z31,toy-0007193,,,False,40.599334151971945,0.0,38.31236256645576,0.35,7.273238618387272,0
14,trip,2960,2968.8333333333335,z31,z21,toy-0007198,,,False,44.93838528392547,0.0,44.14338528392547,0.35,2.3,0
2,trip,2965,2981.5,z31,z11,toy-0007199,,,False,46.304999999999865,0.0,44.819999999999865,0.35,4.6,0
10,trip,2965,2977.0089706448603,z31,z22,toy-0007200,,,False,37.819724570501045,0.0,36.73891721246361,0.35,3.2526911934581184,0
17,trip,2965,2973.8333333333335,z31,z32,toy-0007201,,,False,46.93551287533294,0.0,46.14051287533294,0.35,2.3,0
3,trip,2970,2982.0089706448603,z21,z10,toy-0007204,,,False,47.89499999999987,0.0,46.814192641962435,0.35,3.2526911934581184,0
6,trip,2970,2982.0089706448603,z21,z32,toy-0007205,,,False,40.82725460553422,0.0,39.74644724749679,0.35,3.2526911934581184,0
18,trip,2970,2995.410795394624,z31,z02,toy-0007206,,,False,43.1541926419627,0.0,40.86722105644652,0.35,7.273238618387272,0
16,trip,2970,2978.8333333333335,z11,z01,toy-0007202,,,False,47.89500000000025,0.0,47.10000000000025,0.35,2.3,0
20,trip,2970,2988.309854494165,z11,z32,toy-0007203,,,False,47.894999999999996,0.0,46.247113095525144,0.35,5.142956348249516,0
8,visit,2970,2985.0,z31,z31,,hub_core,local,True,37.710189400863484,10.394810599136513,47.894999999999996,0.7,0,6.2368863594819075
7,visit,2970,2985.0,z21,z21,,hub_inner,,True,30.325330910871852,17.77777777777778,47.893108688649626,0.7,0,10.666666666666668
0,trip,2975,2993.309854494165,z32,z20,toy-0007209,,,False,44.65711309552536,0.0,43.00922619105051,0.35,5.142956348249516,0
23,trip,2975,2991.5,z11,z31,toy-0007207,,,False,47.89499999999966,0.0,46.40999999999966,0.35,4.6,0
14,trip,2975,2983.8333333333335,z21,z11,toy-0007208,,,False,44.1433852839255,0.0,43.348385283925495,0.35,2.3,0
13,trip,2980,2988.8333333333335,z32,z31,toy-0007210,,,False,43.73919264196249,0.0,42.94419264196249,0.35,2.3,0
15,trip,2985,3001.5,z30,z32,toy-0007211,,,False,47.89500000000007,0.0,46.41000000000007,0.35,4.6,0
2,trip,2985,2997.0089706448603,z11,z22,toy-0007212,,,False,44.81999999999986,0.0,43.739192641962426,0.35,3.2526911934581184,0
11,visit,2985,3000.0,z31,z31,,hub_core,,True,38.31236256645576,9.792637433544236,47.894999999999996,0.7,0,5.875582460126542
6,trip,2990,3002.0089706448603,z32,z21,toy-0007213,,,False,39.746447247496796,0.0,38.665639889459364,0.35,3.2526911934581184,0
7,trip,2995,3007.0089706448603,z21,z30,toy-0007216,,,False,47.8931086886494,0.0,46.812301330611966,0.35,3.2526911934581184,0
26,trip,2995,3003.8333333333335,z21,z22,toy-0007217,,,False,42.88630573748775,0.0,42.09130573748775,0.35,2.3,0
10,trip,2995,3003.8333333333335,z22,z32,toy-0007218,,,False,36.73891721246362,0.0,35.94391721246362,0.35,2.3,0
21,trip,2995,3017.851274623054,z30,z12,toy-0007214,,,False,42.24722105644679,0.0,40.19060634037192,0.35,6.505382386916237,0
4,trip,2995,3013.309854494165,z01,z20,toy-0007215,,,False,33.25102914221225,0.0,31.603142237737398,0.35,5.142956348249516,0
0,visit,2995,3015.3333333333335,z20,z20,,depot_south,local,False,43.00922619105051,0.0,41.629226191050506,4.6,0,0
2,trip,3000,3008.8333333333335,z22,z21,toy-0007219,,,False,43.73919264196243,0.0,42.94419264196243,0.35,2.3,0
9,trip,3005,3029.1666666666665,z01,z31,toy-0007220,,,False,45.720000000000326,0.0,43.54500000000033,0.35,6.8999999999999995,0
18,trip,3005,3027.851274623054,z02,z20,toy-0007221,,,False,40.86722105644652,0.0,38.81060634037165,0.35,6.505382386916237,0
10,trip,3005,3033.809226445224,z32,z00,toy-0007222,,,False,35.943917212463646,0.0,33.35108683239349,0.35,8.292767933567175,0
6,visit,3005,3020.0,z21,z21,,hub_inner,,True,38.66563988945937,9.439360110540626,47.894999999999996,0.7,0,5.6636160663243755
3,trip,3010,3032.851274623054,z10,z32,toy-0007223,,,False,46.81419264196244,0.0,44.757577925887574,0.35,6.505382386916237,0
8,trip,3015,3040.410795394624,z31,z00,toy-0007224,,,False,47.895000000000195,0.0,45.60802841448401,0.35,7.273238618387272,0
15,trip,3015,3040.410795394624,z32,z01,toy-0007226,,,False,46.41000000000006,0.0,44.123028414483876,0.35,7.273238618387272,0
17,trip,3015,3023.8333333333335,z32,z22,toy-0007227,,,False,46.140512875332966,0.0,45.345512875332965,0.35,2.3,0
11,trip,3015,3027.0089706448603,z31,z20,toy-0007225,,,False,47.89500000000025,0.0,46.81419264196282,0.35,3.2526911934581184,0
7,trip,3020,3036.5,z30,z10,toy-0007228,,,False,46.81230133061197,0.0,45.327301330611974,0.35,4.6,0
5,trip,3020,3032.0089706448603,z12,z21,toy-0007231,,,False,45.45211309552544,0.0,44.37130573748801,0.35,3.2526911934581184,0
14,trip,3020,3028.8333333333335,z11,z10,toy-0007230,,,False,43.34838528392552,0.0,42.55338528392552,0.35,2.3,0
67,trip,3020,3045.410795394624,z30,z01,toy-0007229,,,False,47.84220654568158,0.0,45.55523496016539,0.35,7.273238618387272,0
2,trip,3025,3033.8333333333335,z21,z31,toy-0007234,,,False,42.94419264196246,0.0,42.14919264196246,0.35,2.3,0
77,trip,3025,3037.0089706448603,z30,z21,toy-0007233,,,False,39.494723404724645,0.0,38.41391604668721,0.35,3.2526911934581184,0
19,trip,3025,3041.5,z10,z12,toy-0007232,,,False,47.310000000000365,0.0,45.825000000000365,0.35,4.6,0
13,trip,3025,3043.309854494165,z31,z10,toy-0007235,,,False,42.944192641962516,0.0,41.296305737487664,0.35,5.142956348249516,0
21,trip,3025,3043.309854494165,z12,z31,toy-0007236,,,False,40.19060634037192,0.0,38.54271943589707,0.35,5.142956348249516,0
9,trip,3030,3038.8333333333335,z31,z32,toy-0007240,,,False,43.54500000000033,0.0,42.75000000000033,0.35,2.3,0
0,trip,3030,3038.8333333333335,z20,z10,toy-0007237,,,False,41.62922619105053,0.0,40.834226191050526,0.35,2.3,0
16,trip,3030,3042.0089706448603,z01,z12,toy-0007238,,,False,47.10000000000028,0.0,46.019192641962846,0.35,3.2526911934581184,0
23,trip,3030,3038.8333333333335,z31,z21,toy-0007239,,,False,46.409999999999656,0.0,45.614999999999654,0.35,2.3,0
12,trip,3035,3047.0089706448603,z22,z31,toy-0007241,,,False,42.68757792588809,0.0,41.60677056785066,0.35,3.2526911934581184,0
10,visit,3035,3050.0,z00,z00,,depot_west,,True,33.351086832393484,14.753913167606509,47.89499999999999,0.7,0,8.852347900563906
3,trip,3040,3056.5,z32,z12,toy-0007243,,,False,44.757577925887574,0.0,43.272577925887575,0.35,4.6,0
17,trip,3040,3052.0089706448603,z22,z11,toy-0007242,,,False,45.34551287533299,0.0,44.26470551729556,0.35,3.2526911934581184,0
77,visit,3040,3055.0,z21,z21,,hub_inner,local,True,38.41391604668722,9.691083953312777,47.894999999999996,0.7,0,5.814650371987666
9,trip,3045,3053.8333333333335,z32,z31,toy-0007245,,,False,42.750000000000355,0.0,41.955000000000354,0.35,2.3,0
15,trip,3045,3053.8333333333335,z01,z00,toy-0007244,,,False,44.123028414483876,0.0,43.328028414483875,0.35,2.3,0
21,visit,3045,3060.0,z31,z31,,hub_core,local,True,38.54271943589707,9.562280564102927,47.894999999999996,0.7,0,5.737368338461756
2,trip,3050,3062.0089706448603,z31,z22,toy-0007246,,,False,42.149192641962486,0.0,41.06838528392505,0.35,3.2526911934581184,0
20,trip,3050,3068.309854494165,z32,z11,toy-0007247,,,False,46.247113095525144,0.0,44.59922619105029,0.35,5.142956348249516,0
17,trip,3055,3063.8333333333335,z11,z12,toy-0007248,,,False,44.26470551729557,0.0,43.469705517295566,0.35,2.3,0
15,visit,3055,3070.0,z00,z00,,depot_west,local,True,43.3280284144839,4.776971585516094,47.894999999999996,0.7,0,2.866182951309656
4,trip,3060,3072.0089706448603,z20,z31,toy-0007249,,,False,31.603142237737405,0.0,30.52233487969997,0.35,3.2526911934581184,0
22,trip,3060,3085.410795394624,z02,z31,toy-0007250,,,False,43.350554903855155,0.0,41.06358331833897,0.35,7.273238618387272,0
3,visit,3060,3080.3333333333335,z12,z12,,hub_center,local,False,43.27257792588757,0.0,41.892577925887565,4.6,0,0
2,trip,3070,3086.5,z22,z20,toy-0007251,,,False,41.06838528392506,0.0,39.58338528392506,0.35,4.6,0
24,trip,3075,3093.309854494165,z02,z21,toy-0007253,,,False,47.02419264196251,0.0,45.376305737487655,0.35,5.142956348249516,0
5,trip,3075,3087.0089706448603,z21,z12,toy-0007252,,,False,44.371305737488015,0.0,43.29049837945058,0.35,3.2526911934581184,0
4,visit,3075,3090.0,z31,z31,,hub_core,,True,30.522334879699983,17.582665120300017,47.895,0.7,0,10.54959907218001
6,trip,3080,3092.0089706448603,z21,z32,toy-0007254,,,False,47.89499999999983,0.0,46.8141926419624,0.35,3.2526911934581184,0
11,trip,3085,3101.5,z20,z22,toy-0007255,,,False,46.814192641962826,0.0,45.32919264196283,0.35,4.6,0
9,trip,3085,3101.5,z31,z11,toy-0007256,,,False,41.95500000000038,0.0,40.47000000000038,0.35,4.6,0
20,trip,3090,3102.0089706448603,z11,z20,toy-0007257,,,False,44.59922619105029,0.0,43.51841883301286,0.35,3.2526911934581184,0
3,trip,3090,3108.309854494165,z12,z00,toy-0007259,,,False,41.892577925887586,0.0,40.244691021412734,0.35,5.142956348249516,0
4,trip,3090,3098.8333333333335,z31,z30,toy-0007258,,,False,47.895000000000294,0.0,47.10000000000029,0.35,2.3,0
2,visit,3090,3110.3333333333335,z20,z20,,depot_south,local,False,39.583385283925054,0.0,38.20338528392505,4.6,0,0
5,trip,3095,3103.8333333333335,z12,z22,toy-0007261,,,False,43.29049837945059,0.0,42.49549837945059,0.35,2.3,0
0,trip,3095,3103.8333333333335,z10,z20,toy-0007260,,,False,40.834226191050554,0.0,40.03922619105055,0.35,2.3,0
7,trip,3100,3112.0089706448603,z10,z01,toy-0007263,,,False,45.32730133061197,0.0,44.246493972574534,0.35,3.2526911934581184,0
13,trip,3100,3108.8333333333335,z10,z00,toy-0007262,,,False,41.296305737487664,0.0,40.50130573748766,0.35,2.3,0
0,trip,3105,3123.309854494165,z20,z32,toy-0007264,,,False,40.03922619105058,0.0,38.39133928657573,0.35,5.142956348249516,0
9,trip,3105,3121.5,z11,z31,toy-0007265,,,False,40.470000000000375,0.0,38.985000000000376,0.35,4.6,0
23,trip,3105,3113.8333333333335,z21,z20,toy-0007266,,,False,45.61499999999968,0.0,44.81999999999968,0.35,2.3,0
11,visit,3105,3125.3333333333335,z22,z22,,hub_inner,local,False,45.32919264196282,0.0,43.94919264196282,4.6,0,0
6,trip,3110,3122.0089706448603,z32,z21,toy-0007267,,,False,46.81419264196241,0.0,45.733385283924974,0.35,3.2526911934581184,0
36,trip,3115,3123.8333333333335,z11,z21,toy-0007269,,,False,47.89499999999973,0.0,47.09999999999973,0.35,2.3,0
4,trip,3115,3123.8333333333335,z30,z31,toy-0007268,,,False,47.10000000000032,0.0,46.30500000000032,0.35,2.3,0
12,trip,3120,3128.8333333333335,z31,z32,toy-0007273,,,False,41.60677056785067,0.0,40.811770567850665,0.35,2.3,0
2,trip,3120,3128.8333333333335,z20,z21,toy-0007270,,,False,38.20338528392507,0.0,37.40838528392507,0.35,2.3,0
24,trip,3120,3138.309854494165,z21,z02,toy-0007271,,,False,45.376305737487655,0.0,43.7284188330128,0.35,5.142956348249516,0
21,trip,3120,3138.309854494165,z31,z12,toy-0007272,,,False,47.89499999999991,0.0,46.24711309552506,0.35,5.142956348249516,0
32,trip,3125,3133.8333333333335,z21,z31,toy-0007274,,,False,44.81999999999998,0.0,44.02499999999998,0.35,2.3,0
9,visit,3125,3140.0,z31,z31,,hub_core,local,True,38.98500000000037,9.119999999999628,47.894999999999996,0.7,0,5.471999999999777
6,visit,3125,3173.6846079563875,z21,z21,,depot_south,central,False,45.73338528392498,0.0,43.78177056785011,6.505382386916237,0,0
0,visit,3125,3140.0,z32,z32,,hub_waterfront,,True,38.39133928657573,9.713660713424268,47.894999999999996,0.7,0,5.828196428054561
16,trip,3130,3146.5,z12,z32,toy-0007275,,,False,46.01919264196285,0.0,44.53419264196285,0.35,4.6,0
2,visit,3130,3145.0,z21,z21,,hub_inner,,True,37.4083852839251,10.696614716074897,47.894999999999996,0.7,0,6.417968829644939
4,trip,3135,3143.8333333333335,z31,z21,toy-0007279,,,False,46.30500000000035,0.0,45.510000000000346,0.35,2.3,0
5,trip,3135,3143.8333333333335,z22,z32,toy-0007280,,,False,42.495498379450616,0.0,41.700498379450615,0.35,2.3,0
44,trip,3135,3153.309854494165,z11,z32,toy-0007278,,,False,44.65257792588742,0.0,43.00469102141257,0.35,5.142956348249516,0
14,trip,3135,3153.309854494165,z10,z31,toy-0007277,,,False,42.55338528392555,0.0,40.9054983794507,0.35,5.142956348249516,0
1,trip,3135,3159.1666666666665,z00,z30,toy-0007276,,,False,41.954999999999814,0.0,39.779999999999816,0.35,6.8999999999999995,0
3,trip,3140,3168.809226445224,z00,z32,toy-0007281,,,False,40.244691021412734,0.0,37.65186064134258,0.35,8.292767933567175,0
0,trip,3140,3148.8333333333335,z32,z31,toy-0007282,,,False,47.89499999999995,0.0,47.09999999999995,0.35,2.3,0
11,trip,3145,3153.8333333333335,z22,z12,toy-0007283,,,False,43.94919264196284,0.0,43.15419264196284,0.35,2.3,0
25,trip,3150,3162.0089706448603,z22,z31,toy-0007285,,,False,41.52422619104999,0.0,40.44341883301256,0.35,3.2526911934581184,0
17,trip,3150,3168.309854494165,z12,z20,toy-0007284,,,False,43.469705517295594,0.0,41.82181861282074,0.35,5.142956348249516,0
2,trip,3155,3171.5,z21,z01,toy-0007286,,,False,47.89499999999996,0.0,46.40999999999996,0.35,4.6,0
4,trip,3155,3163.8333333333335,z21,z22,toy-0007287,,,False,45.510000000000375,0.0,44.71500000000037,0.35,2.3,0
5,trip,3160,3178.309854494165,z32,z20,toy-0007289,,,False,41.70049837945064,0.0,40.05261147497579,0.35,5.142956348249516,0
18,trip,3160,3168.8333333333335,z20,z30,toy-0007288,,,False,38.81060634037165,0.0,38.01560634037165,0.35,2.3,0
12,trip,3160,3168.8333333333335,z32,z22,toy-0007290,,,False,40.811770567850694,0.0,40.01677056785069,0.35,2.3,0
4,trip,3165,3183.309854494165,z22,z10,toy-0007294,,,False,44.7150000000004,0.0,43.06711309552555,0.35,5.142956348249516,0
0,trip,3165,3177.0089706448603,z31,z22,toy-0007292,,,False,47.09999999999998,0.0,46.01919264196255,0.35,3.2526911934581184,0
7,trip,3165,3190.410795394624,z01,z32,toy-0007291,,,False,44.24649397257454,0.0,41.95952238705836,0.35,7.273238618387272,0
11,trip,3165,3173.8333333333335,z12,z11,toy-0007293,,,False,43.154192641962865,0.0,42.35919264196286,0.35,2.3,0
26,trip,3165,3173.8333333333335,z22,z21,toy-0007295,,,False,42.09130573748778,0.0,41.29630573748778,0.35,2.3,0
57,trip,3170,3186.5,z01,z21,toy-0007296,,,False,33.76265820005321,0.0,32.27765820005321,0.35,4.6,0
9,trip,3170,3182.0089706448603,z31,z20,toy-0007297,,,False,47.894999999999975,0.0,46.81419264196254,0.35,3.2526911934581184,0
3,visit,3170,3185.0,z32,z32,,hub_waterfront,,True,37.65186064134257,10.453139358657422,47.894999999999996,0.7,0,6.2718836151944535
18,visit,3170,3185.0,z30,z30,,depot_south,,True,38.015606340371676,10.089393659628321,47.894999999999996,0.7,0,6.053636195776993
16,trip,3175,3197.851274623054,z32,z10,toy-0007300,,,False,44.534192641962846,0.0,42.47757792588798,0.35,6.505382386916237,0
14,trip,3175,3199.1666666666665,z31,z01,toy-0007299,,,False,40.9054983794507,0.0,38.7304983794507,0.35,6.8999999999999995,0
6,trip,3175,3183.8333333333335,z21,z11,toy-0007298,,,False,43.781770567850096,0.0,42.986770567850094,0.35,2.3,0
40,trip,3180,3198.309854494165,z10,z22,toy-0007301,,,False,39.437758847316914,0.0,37.78987194284206,0.35,5.142956348249516,0
0,trip,3180,3198.309854494165,z22,z01,toy-0007302,,,False,46.019192641962555,0.0,44.3713057374877,0.35,5.142956348249516,0
3,trip,3185,3201.5,z32,z30,toy-0007303,,,False,47.894999999999904,0.0,46.409999999999904,0.35,4.6,0
4,visit,3185,3205.3333333333335,z10,z10,,depot_west,local,False,43.06711309552555,0.0,41.68711309552555,4.6,0,0
12,trip,3190,3208.309854494165,z22,z30,toy-0007306,,,False,40.01677056785072,0.0,38.36888366337587,0.35,5.142956348249516,0
5,trip,3190,3208.309854494165,z20,z12,toy-0007304,,,False,40.05261147497579,0.0,38.40472457050094,0.35,5.142956348249516,0
22,trip,3190,3198.8333333333335,z31,z32,toy-0007305,,,False,41.06358331833897,0.0,40.26858331833897,0.35,2.3,0
57,visit,3190,3205.0,z21,z21,,hub_inner,,True,32.2776582000532,15.827341799946794,47.894999999999996,0.7,0,9.496405079968076
9,trip,3195,3207.0089706448603,z20,z11,toy-0007307,,,False,46.81419264196255,0.0,45.73338528392512,0.35,3.2526911934581184,0
17,trip,3195,3207.0089706448603,z20,z31,toy-0007308,,,False,41.82181861282074,0.0,40.74101125478331,0.35,3.2526911934581184,0
6,trip,3195,3207.0089706448603,z11,z22,toy-0007309,,,False,42.98677056785012,0.0,41.90596320981269,0.35,3.2526911934581184,0
26,trip,3195,3207.0089706448603,z21,z32,toy-0007310,,,False,41.296305737487806,0.0,40.21549837945037,0.35,3.2526911934581184,0
7,visit,3195,3210.0,z32,z32,,hub_waterfront,local,True,41.95952238705836,6.145477612941639,47.894999999999996,0.7,0,3.6872865677649838
36,trip,3200,3208.8333333333335,z21,z31,toy-0007311,,,False,47.09999999999976,0.0,46.30499999999976,0.35,2.3,0
25,trip,3200,3216.5,z31,z11,toy-0007312,,,False,40.443418833012565,0.0,38.958418833012566,0.35,4.6,0
22,trip,3200,3208.8333333333335,z32,z31,toy-0007314,,,False,40.268583318339,0.0,39.473583318338996,0.35,2.3,0
19,trip,3200,3218.309854494165,z12,z31,toy-0007313,,,False,45.82500000000036,0.0,44.177113095525506,0.35,5.142956348249516,0
40,visit,3200,3220.3333333333335,z22,z22,,hub_inner,local,False,37.78987194284206,0.0,36.40987194284206,4.6,0,0
14,visit,3200,3220.3333333333335,z01,z01,,depot_west,local,False,38.7304983794507,0.0,37.3504983794507,4.6,0,0
24,trip,3205,3233.809226445224,z02,z30,toy-0007317,,,False,43.7284188330128,0.0,41.13558845294265,0.35,8.292767933567175,0
32,trip,3205,3213.8333333333335,z31,z21,toy-0007316,,,False,44.025000000000006,0.0,43.230000000000004,0.35,2.3,0
31,trip,3205,3217.0089706448603,z32,z21,toy-0007319,,,False,47.89499999999979,0.0,46.81419264196236,0.35,3.2526911934581184,0
28,trip,3205,3227.851274623054,z22,z00,toy-0007318,,,False,38.20599675890047,0.0,36.1493820428256,0.35,6.505382386916237,0
16,trip,3205,3213.8333333333335,z10,z11,toy-0007315,,,False,42.47757792588798,0.0,41.682577925887976,0.35,2.3,0
9,trip,3210,3226.5,z11,z31,toy-0007321,,,False,45.733385283925124,0.0,44.248385283925124,0.35,4.6,0
0,trip,3210,3228.309854494165,z01,z22,toy-0007320,,,False,44.3713057374877,0.0,42.72341883301285,0.35,5.142956348249516,0
7,trip,3210,3228.309854494165,z32,z11,toy-0007323,,,False,47.89500000000024,0.0,46.247113095525386,0.35,5.142956348249516,0
22,trip,3210,3228.309854494165,z31,z10,toy-0007322,,,False,39.473583318339024,0.0,37.82569641386417,0.35,5.142956348249516,0
5,visit,3210,3230.3333333333335,z12,z12,,hub_center,local,False,38.40472457050094,0.0,37.024724570500936,4.6,0,0
17,visit,3210,3225.0,z31,z31,,hub_core,local,True,40.74101125478332,7.3639887452166795,47.894999999999996,0.7,0,4.418393247130008
12,visit,3210,3225.0,z30,z30,,depot_south,,True,38.36888366337587,9.736116336624129,47.894999999999996,0.7,0,5.8416698019744775
6,trip,3215,3227.0089706448603,z22,z31,toy-0007327,,,False,41.9059632098127,0.0,40.825155851775264,0.35,3.2526911934581184,0
4,trip,3215,3227.0089706448603,z10,z21,toy-0007325,,,False,41.68711309552557,0.0,40.606305737488135,0.35,3.2526911934581184,0
8,trip,3215,3240.410795394624,z00,z31,toy-0007324,,,False,45.60802841448401,0.0,43.321056828967826,0.35,7.273238618387272,0
2,trip,3215,3239.1666666666665,z01,z31,toy-0007326,,,False,46.409999999999954,0.0,44.23499999999996,0.35,6.8999999999999995,0
25,visit,3220,3235.0,z11,z11,,hub_center,,True,38.95841883301256,9.146581166987438,47.894999999999996,0.7,0,5.487948700192463
34,trip,3225,3237.0089706448603,z22,z11,toy-0007332,,,False,46.01919264196294,0.0,44.938385283925506,0.35,3.2526911934581184,0
17,trip,3225,3237.0089706448603,z31,z22,toy-0007330,,,False,47.89500000000017,0.0,46.814192641962734,0.35,3.2526911934581184,0
31,trip,3225,3237.0089706448603,z21,z10,toy-0007329,,,False,46.814192641962364,0.0,45.73338528392493,0.35,3.2526911934581184,0
35,trip,3225,3233.8333333333335,z22,z32,toy-0007333,,,False,38.30838528392502,0.0,37.51338528392502,0.35,2.3,0
42,trip,3225,3243.309854494165,z02,z10,toy-0007331,,,False,45.719999999999715,0.0,44.07211309552486,0.35,5.142956348249516,0
14,trip,3225,3237.0089706448603,z01,z10,toy-0007328,,,False,37.35049837945072,0.0,36.26969102141329,0.35,3.2526911934581184,0
26,trip,3230,3254.1666666666665,z32,z02,toy-0007337,,,False,40.21549837945038,0.0,38.04049837945038,0.35,6.8999999999999995,0
4,trip,3230,3248.309854494165,z21,z00,toy-0007334,,,False,40.60630573748814,0.0,38.95841883301329,0.35,5.142956348249516,0
6,trip,3230,3238.8333333333335,z31,z32,toy-0007335,,,False,40.82515585177527,0.0,40.03015585177527,0.35,2.3,0
0,trip,3230,3246.5,z22,z02,toy-0007336,,,False,42.72341883301285,0.0,41.23841883301285,0.35,4.6,0
28,visit,3230,3245.0,z00,z00,,depot_west,local,True,36.1493820428256,11.955617957174395,47.894999999999996,0.7,0,7.1733707743046375
20,trip,3235,3253.309854494165,z20,z32,toy-0007340,,,False,43.518418833012866,0.0,41.870531928538014,0.35,5.142956348249516,0
22,trip,3235,3257.851274623054,z10,z32,toy-0007339,,,False,37.82569641386417,0.0,35.769081697789304,0.35,6.505382386916237,0
10,trip,3235,3251.5,z00,z20,toy-0007338,,,False,47.89500000000005,0.0,46.41000000000005,0.35,4.6,0
33,trip,3235,3251.5,z32,z12,toy-0007343,,,False,47.894999999999946,0.0,46.40999999999995,0.35,4.6,0
35,trip,3235,3243.8333333333335,z32,z22,toy-0007344,,,False,37.51338528392505,0.0,36.718385283925045,0.35,2.3,0
60,trip,3235,3243.8333333333335,z01,z11,toy-0007341,,,False,44.08802370304548,0.0,43.29302370304548,0.35,2.3,0
5,trip,3235,3257.851274623054,z12,z30,toy-0007342,,,False,37.02472457050096,0.0,34.96810985442609,0.35,6.505382386916237,0
13,trip,3240,3258.309854494165,z00,z21,toy-0007345,,,False,40.50130573748769,0.0,38.85341883301284,0.35,5.142956348249516,0
7,trip,3240,3258.309854494165,z11,z32,toy-0007349,,,False,46.247113095525386,0.0,44.59922619105053,0.35,5.142956348249516,0
11,trip,3240,3248.8333333333335,z11,z21,toy-0007348,,,False,42.35919264196289,0.0,41.56419264196289,0.35,2.3,0
2,trip,3240,3252.0089706448603,z31,z20,toy-0007352,,,False,44.23499999999996,0.0,43.154192641962524,0.35,3.2526911934581184,0
6,trip,3240,3248.8333333333335,z32,z31,toy-0007357,,,False,40.0301558517753,0.0,39.235155851775296,0.35,2.3,0
32,trip,3240,3248.8333333333335,z21,z22,toy-0007351,,,False,43.23000000000003,0.0,42.43500000000003,0.35,2.3,0
66,trip,3240,3248.8333333333335,z01,z02,toy-0007347,,,False,41.91049837945001,0.0,41.11549837945001,0.35,2.3,0
9,trip,3240,3258.309854494165,z31,z12,toy-0007353,,,False,44.24838528392512,0.0,42.600498379450265,0.35,5.142956348249516,0
39,trip,3240,3248.8333333333335,z21,z31,toy-0007350,,,False,47.325685448761206,0.0,46.530685448761204,0.35,2.3,0
1,trip,3240,3258.309854494165,z30,z22,toy-0007346,,,False,39.779999999999816,0.0,38.132113095524964,0.35,5.142956348249516,0
17,trip,3240,3248.8333333333335,z22,z21,toy-0007356,,,False,46.81419264196274,0.0,46.01919264196274,0.35,2.3,0
21,trip,3240,3252.0089706448603,z12,z21,toy-0007355,,,False,46.24711309552506,0.0,45.166305737487626,0.35,3.2526911934581184,0
49,trip,3240,3252.0089706448603,z02,z11,toy-0007354,,,False,44.534192641962974,0.0,43.45338528392554,0.35,3.2526911934581184,0
35,trip,3245,3261.5,z22,z20,toy-0007368,,,False,36.71838528392507,0.0,35.233385283925074,0.35,4.6,0
8,trip,3245,3270.410795394624,z31,z00,toy-0007365,,,False,43.321056828967826,0.0,41.03408524345164,0.35,7.273238618387272,0
23,trip,3245,3267.851274623054,z20,z02,toy-0007359,,,False,44.81999999999971,0.0,42.76338528392484,0.35,6.505382386916237,0
38,trip,3245,3261.5,z20,z22,toy-0007360,,,False,37.69508027416623,0.0,36.21008027416623,0.35,4.6,0
50,trip,3245,3257.0089706448603,z21,z32,toy-0007364,,,False,47.89500000000016,0.0,46.81419264196273,0.35,3.2526911934581184,0
27,trip,3245,3275.6666666666665,z12,z32,toy-0007367,,,False,45.03,0.0,42.27,2.3,6.8999999999999995,0
3,trip,3245,3261.5,z30,z32,toy-0007362,,,False,46.4099999999999,0.0,44.9249999999999,0.35,4.6,0
19,trip,3245,3253.8333333333335,z31,z21,toy-0007366,,,False,44.177113095525506,0.0,43.382113095525504,0.35,2.3,0
59,trip,3245,3253.8333333333335,z20,z21,toy-0007358,,,False,38.65922619105012,0.0,37.864226191050115,0.35,2.3,0
52,trip,3245,3253.8333333333335,z21,z20,toy-0007363,,,False,45.22419264196239,0.0,44.42919264196239,0.35,2.3,0
12,trip,3245,3263.309854494165,z30,z11,toy-0007361,,,False,47.89500000000023,0.0,46.24711309552538,0.35,5.142956348249516,0
44,trip,3245,3270.410795394624,z32,z01,toy-0007369,,,False,43.00469102141257,0.0,40.717719435896385,0.35,7.273238618387272,0
6,trip,3250,3266.5,z31,z11,toy-0007373,,,False,39.235155851775325,0.0,37.750155851775325,0.35,4.6,0
36,trip,3250,3275.410795394624,z31,z02,toy-0007374,,,False,46.30499999999979,0.0,44.0180284144836,0.35,7.273238618387272,0
4,trip,3250,3262.0089706448603,z00,z11,toy-0007370,,,False,38.95841883301329,0.0,37.87761147497586,0.35,3.2526911934581184,0
51,trip,3250,3268.309854494165,z32,z20,toy-0007376,,,False,46.247113095524995,0.0,44.59922619105014,0.35,5.142956348249516,0
55,trip,3250,3262.0089706448603,z32,z21,toy-0007377,,,False,47.895000000000344,0.0,46.81419264196291,0.35,3.2526911934581184,0
32,trip,3250,3262.0089706448603,z22,z31,toy-0007375,,,False,42.43500000000006,0.0,41.35419264196263,0.35,3.2526911934581184,0
14,trip,3250,3268.309854494165,z10,z31,toy-0007371,,,False,36.269691021413294,0.0,34.62180411693844,0.35,5.142956348249516,0
61,trip,3250,3262.0089706448603,z20,z31,toy-0007372,,,False,43.84419264196233,0.0,42.7633852839249,0.35,3.2526911934581184,0
0,visit,3250,3276.6846079563875,z02,z02,,hub_center,local,False,41.238418833012844,0.0,39.28680411693797,6.505382386916237,0,0
16,trip,3255,3271.5,z11,z31,toy-0007380,,,False,41.682577925888005,0.0,40.197577925888005,0.35,4.6,0
29,trip,3255,3271.5,z12,z32,toy-0007387,,,False,43.44428271545488,0.0,41.95928271545488,0.35,4.6,0
37,trip,3255,3267.0089706448603,z31,z22,toy-0007385,,,False,47.09999999999991,0.0,46.019192641962476,0.35,3.2526911934581184,0
39,trip,3255,3263.8333333333335,z31,z30,toy-0007384,,,False,46.53068544876123,0.0,45.73568544876123,0.35,2.3,0
20,trip,3255,3263.8333333333335,z32,z31,toy-0007388,,,False,41.870531928538014,0.0,41.07553192853801,0.35,2.3,0
46,trip,3255,3263.8333333333335,z31,z32,toy-0007386,,,False,45.73338528392545,0.0,44.93838528392545,0.35,2.3,0
2,trip,3255,3273.309854494165,z20,z01,toy-0007379,,,False,43.15419264196253,0.0,41.50630573748768,0.35,5.142956348249516,0
25,trip,3255,3267.0089706448603,z11,z02,toy-0007381,,,False,47.89500000000032,0.0,46.81419264196289,0.35,3.2526911934581184,0
11,trip,3255,3263.8333333333335,z21,z11,toy-0007382,,,False,41.56419264196292,0.0,40.76919264196292,0.35,2.3,0
17,trip,3255,3267.0089706448603,z21,z12,toy-0007383,,,False,46.01919264196277,0.0,44.938385283925335,0.35,3.2526911934581184,0
15,trip,3255,3277.851274623054,z00,z22,toy-0007378,,,False,47.89500000000033,0.0,45.83838528392546,0.35,6.505382386916237,0
26,visit,3255,3281.6846079563875,z02,z02,,hub_center,local,False,38.04049837945038,0.0,36.08888366337551,6.505382386916237,0,0
59,visit,3255,3270.0,z21,z21,,hub_inner,,True,37.86422619105014,10.240773808949854,47.894999999999996,0.7,0,6.144464285369912
5,trip,3260,3268.8333333333335,z30,z31,toy-0007389,,,False,34.96810985442609,0.0,34.17310985442609,0.35,2.3,0
19,trip,3260,3268.8333333333335,z21,z31,toy-0007392,,,False,43.38211309552553,0.0,42.58711309552553,0.35,2.3,0
34,trip,3260,3272.0089706448603,z11,z20,toy-0007390,,,False,44.93838528392551,0.0,43.85757792588808,0.35,3.2526911934581184,0
21,trip,3260,3272.0089706448603,z21,z30,toy-0007391,,,False,45.16630573748763,0.0,44.0854983794502,0.35,3.2526911934581184,0
13,visit,3260,3275.0,z21,z21,,hub_inner,local,True,38.85341883301284,9.251581166987158,47.894999999999996,0.7,0,5.550948700192294
22,visit,3260,3275.0,z32,z32,,hub_waterfront,,True,35.769081697789304,12.335918302210693,47.894999999999996,0.7,0,7.401550981326416
20,trip,3265,3289.1666666666665,z31,z01,toy-0007394,,,False,41.07553192853804,0.0,38.900531928538044,0.35,6.8999999999999995,0
66,trip,3265,3281.5,z02,z22,toy-0007396,,,False,41.11549837945004,0.0,39.63049837945004,0.35,4.6,0
9,trip,3265,3283.309854494165,z12,z31,toy-0007398,,,False,42.600498379450265,0.0,40.95261147497541,0.35,5.142956348249516,0
3,trip,3265,3283.309854494165,z32,z11,toy-0007402,,,False,44.92499999999989,0.0,43.27711309552504,0.35,5.142956348249516,0
4,trip,3265,3277.0089706448603,z11,z00,toy-0007393,,,False,37.877611474975865,0.0,36.79680411693843,0.35,3.2526911934581184,0
1,trip,3265,3273.8333333333335,z22,z32,toy-0007400,,,False,38.132113095524964,0.0,37.33711309552496,0.35,2.3,0
33,trip,3265,3273.8333333333335,z12,z22,toy-0007399,,,False,46.40999999999994,0.0,45.61499999999994,0.35,2.3,0
7,trip,3265,3293.809226445224,z32,z00,toy-0007401,,,False,44.59922619105053,0.0,42.00639581098038,0.35,8.292767933567175,0
41,trip,3265,3277.0089706448603,z12,z01,toy-0007397,,,False,43.96014151000864,0.0,42.87933415197121,0.35,3.2526911934581184,0
32,trip,3265,3273.8333333333335,z31,z21,toy-0007395,,,False,41.354192641962634,0.0,40.55919264196263,0.35,2.3,0
38,visit,3265,3285.3333333333335,z22,z22,,hub_inner,local,False,36.21008027416622,0.0,34.83008027416622,4.6,0,0
12,visit,3265,3280.0,z11,z11,,hub_center,local,True,46.24711309552538,1.8578869044746187,47.894999999999996,0.7,0,1.1147321426847712
18,trip,3270,3282.0089706448603,z30,z21,toy-0007403,,,False,47.89500000000006,0.0,46.81419264196263,0.35,3.2526911934581184,0
6,trip,3270,3282.0089706448603,z11,z22,toy-0007404,,,False,37.75015585177532,0.0,36.669348493737886,0.35,3.2526911934581184,0
23,trip,3270,3295.410795394624,z02,z31,toy-0007406,,,False,42.76338528392484,0.0,40.476413698408656,0.35,7.273238618387272,0
5,trip,3270,3278.8333333333335,z31,z32,toy-0007405,,,False,34.173109854426116,0.0,33.378109854426114,0.35,2.3,0
46,trip,3270,3278.8333333333335,z32,z22,toy-0007408,,,False,44.93838528392548,0.0,44.143385283925475,0.35,2.3,0
50,trip,3270,3292.851274623054,z32,z10,toy-0007407,,,False,46.814192641962734,0.0,44.757577925887865,0.35,6.505382386916237,0
25,visit,3270,3327.6666666666665,z02,z02,,depot_west,central,False,46.8141926419629,0.0,44.0541926419629,9.2,0,0
14,visit,3270,3285.0,z31,z31,,hub_core,,True,34.62180411693844,13.483195883061551,47.89499999999999,0.7,0,8.089917529836931
11,trip,3275,3293.309854494165,z11,z30,toy-0007412,,,False,40.769192641962945,0.0,39.12130573748809,0.35,5.142956348249516,0
8,trip,3275,3283.8333333333335,z00,z01,toy-0007409,,,False,41.03408524345164,0.0,40.23908524345164,0.35,2.3,0
2,trip,3275,3300.410795394624,z01,z32,toy-0007411,,,False,41.50630573748768,0.0,39.219334151971495,0.35,7.273238618387272,0
13,trip,3275,3283.8333333333335,z21,z22,toy-0007415,,,False,47.89500000000002,0.0,47.100000000000016,0.35,2.3,0
33,trip,3275,3283.8333333333335,z22,z12,toy-0007420,,,False,45.61499999999997,0.0,44.819999999999965,0.35,2.3,0
16,trip,3275,3293.309854494165,z31,z10,toy-0007417,,,False,40.197577925888,0.0,38.549691021413146,0.35,5.142956348249516,0
37,trip,3275,3287.0089706448603,z22,z31,toy-0007419,,,False,46.01919264196248,0.0,44.93838528392505,0.35,3.2526911934581184,0
55,trip,3275,3287.0089706448603,z21,z32,toy-0007416,,,False,46.81419264196292,0.0,45.733385283925486,0.35,3.2526911934581184,0
21,trip,3275,3283.8333333333335,z30,z20,toy-0007410,,,False,44.08549837945021,0.0,43.290498379450206,0.35,2.3,0
1,trip,3275,3283.8333333333335,z32,z31,toy-0007421,,,False,37.33711309552499,0.0,36.54211309552499,0.35,2.3,0
19,trip,3275,3287.0089706448603,z31,z20,toy-0007418,,,False,42.58711309552556,0.0,41.50630573748813,0.35,3.2526911934581184,0
45,trip,3275,3283.8333333333335,z11,z12,toy-0007414,,,False,40.80266799938003,0.0,40.007667999380025,0.35,2.3,0
49,trip,3275,3283.8333333333335,z11,z01,toy-0007413,,,False,43.45338528392555,0.0,42.65838528392555,0.35,2.3,0
32,visit,3275,3290.0,z21,z21,,hub_inner,local,True,40.55919264196266,7.545807358037336,47.894999999999996,0.7,0,4.527484414822402
44,visit,3275,3295.3333333333335,z01,z01,,depot_west,local,False,40.717719435896385,0.0,39.33771943589638,4.6,0,0
12,trip,3280,3288.8333333333335,z11,z10,toy-0007424,,,False,47.894999999999925,0.0,47.09999999999992,0.35,2.3,0
15,trip,3280,3288.8333333333335,z22,z21,toy-0007428,,,False,45.83838528392546,0.0,45.04338528392546,0.35,2.3,0
10,trip,3280,3298.309854494165,z20,z32,toy-0007422,,,False,46.410000000000046,0.0,44.762113095525194,0.35,5.142956348249516,0
54,trip,3280,3292.0089706448603,z31,z22,toy-0007427,,,False,40.49733996758844,0.0,39.416532609551005,0.35,3.2526911934581184,0
5,trip,3280,3292.0089706448603,z32,z21,toy-0007429,,,False,33.37810985442614,0.0,32.29730249638871,0.35,3.2526911934581184,0
41,trip,3280,3304.1666666666665,z01,z31,toy-0007423,,,False,42.879334151971214,0.0,40.70433415197122,0.35,6.8999999999999995,0
60,trip,3280,3298.309854494165,z11,z32,toy-0007425,,,False,43.293023703045506,0.0,41.645136798570654,0.35,5.142956348249516,0
61,trip,3280,3296.5,z31,z11,toy-0007426,,,False,42.763385283924904,0.0,41.278385283924905,0.35,4.6,0
4,visit,3280,3295.0,z00,z00,,depot_west,,True,36.79680411693844,11.308195883061558,47.894999999999996,0.7,0,6.784917529836934
3,trip,3285,3301.5,z11,z31,toy-0007432,,,False,43.27711309552504,0.0,41.79211309552504,0.35,4.6,0
9,trip,3285,3293.8333333333335,z31,z21,toy-0007435,,,False,40.95261147497541,0.0,40.15761147497541,0.35,2.3,0
6,trip,3285,3297.0089706448603,z22,z11,toy-0007439,,,False,36.66934849373789,0.0,35.58854113570046,0.35,3.2526911934581184,0
13,trip,3285,3303.309854494165,z22,z10,toy-0007438,,,False,47.100000000000044,0.0,45.45211309552519,0.35,5.142956348249516,0
21,trip,3285,3297.0089706448603,z20,z31,toy-0007431,,,False,43.290498379450234,0.0,42.2096910214128,0.35,3.2526911934581184,0
18,trip,3285,3301.5,z21,z01,toy-0007433,,,False,46.814192641962634,0.0,45.329192641962635,0.35,4.6,0
34,trip,3285,3297.0089706448603,z20,z11,toy-0007430,,,False,43.85757792588809,0.0,42.776770567850654,0.35,3.2526911934581184,0
14,trip,3285,3303.309854494165,z31,z12,toy-0007436,,,False,47.89499999999986,0.0,46.24711309552501,0.35,5.142956348249516,0
17,trip,3285,3301.5,z12,z10,toy-0007437,,,False,44.93838528392534,0.0,43.45338528392534,0.35,4.6,0
57,trip,3285,3293.8333333333335,z21,z31,toy-0007434,,,False,47.89500000000005,0.0,47.10000000000005,0.35,2.3,0
1,visit,3285,3300.0,z31,z31,,hub_core,local,True,36.54211309552502,11.562886904474981,47.894999999999996,0.7,0,6.937732142684988
37,trip,3290,3298.8333333333335,z31,z32,toy-0007444,,,False,44.93838528392506,0.0,44.143385283925056,0.35,2.3,0
22,trip,3290,3308.309854494165,z32,z20,toy-0007445,,,False,47.89500000000039,0.0,46.247113095525535,0.35,5.142956348249516,0
12,trip,3290,3308.309854494165,z10,z22,toy-0007440,,,False,47.09999999999995,0.0,45.4521130955251,0.35,5.142956348249516,0
27,trip,3290,3306.5,z32,z12,toy-0007447,,,False,42.269999999999996,0.0,40.785,0.35,4.6,0
29,trip,3290,3306.5,z32,z30,toy-0007446,,,False,41.959282715454876,0.0,40.474282715454876,0.35,4.6,0
8,trip,3290,3306.5,z01,z21,toy-0007442,,,False,40.23908524345167,0.0,38.75408524345167,0.35,4.6,0
35,trip,3290,3298.8333333333335,z20,z10,toy-0007441,,,False,35.23338528392507,0.0,34.438385283925065,0.35,2.3,0
68,trip,3290,3298.8333333333335,z11,z21,toy-0007443,,,False,45.148385283925194,0.0,44.35338528392519,0.35,2.3,0
19,visit,3290,3310.3333333333335,z20,z20,,depot_south,local,False,41.506305737488134,0.0,40.12630573748813,4.6,0,0
5,trip,3295,3303.8333333333335,z21,z20,toy-0007453,,,False,32.29730249638872,0.0,31.502302496388715,0.35,2.3,0
51,trip,3295,3303.8333333333335,z20,z21,toy-0007451,,,False,44.59922619105014,0.0,43.80422619105014,0.35,2.3,0
38,trip,3295,3303.8333333333335,z22,z32,toy-0007455,,,False,34.83008027416624,0.0,34.03508027416624,0.35,2.3,0
40,trip,3295,3311.5,z22,z20,toy-0007454,,,False,36.40987194284208,0.0,34.92487194284208,0.35,4.6,0
31,trip,3295,3313.309854494165,z10,z31,toy-0007449,,,False,45.73338528392494,0.0,44.08549837945009,0.35,5.142956348249516,0
42,trip,3295,3317.851274623054,z10,z32,toy-0007450,,,False,44.07211309552486,0.0,42.015498379449994,0.35,6.505382386916237,0
4,trip,3295,3323.809226445224,z00,z32,toy-0007448,,,False,47.89500000000013,0.0,45.30216961992998,0.35,8.292767933567175,0
55,trip,3295,3303.8333333333335,z32,z31,toy-0007456,,,False,45.73338528392549,0.0,44.93838528392549,0.35,2.3,0
20,trip,3295,3313.309854494165,z01,z20,toy-0007452,,,False,38.900531928538044,0.0,37.25264502406319,0.35,5.142956348249516,0
16,visit,3295,3315.3333333333335,z10,z10,,depot_west,local,False,38.549691021413146,0.0,37.16969102141314,4.6,0,0
46,trip,3300,3312.0089706448603,z22,z31,toy-0007472,,,False,44.143385283925504,0.0,43.06257792588807,0.35,3.2526911934581184,0
10,trip,3300,3308.8333333333335,z32,z22,toy-0007474,,,False,44.762113095525194,0.0,43.96711309552519,0.35,2.3,0
35,trip,3300,3308.8333333333335,z10,z20,toy-0007458,,,False,34.43838528392509,0.0,33.64338528392509,0.35,2.3,0
33,trip,3300,3318.309854494165,z12,z20,toy-0007466,,,False,44.81999999999999,0.0,43.17211309552514,0.35,5.142956348249516,0
52,trip,3300,3316.5,z20,z22,toy-0007461,,,False,44.429192641962416,0.0,42.94419264196242,0.35,4.6,0
45,trip,3300,3318.309854494165,z12,z31,toy-0007469,,,False,40.007667999380054,0.0,38.3597810949052,0.35,5.142956348249516,0
9,trip,3300,3308.8333333333335,z21,z31,toy-0007463,,,False,40.15761147497544,0.0,39.36261147497544,0.35,2.3,0
50,trip,3300,3312.0089706448603,z10,z21,toy-0007460,,,False,44.757577925887865,0.0,43.67677056785043,0.35,3.2526911934581184,0
47,trip,3300,3318.309854494165,z22,z01,toy-0007471,,,False,43.80422619105035,0.0,42.156339286575495,0.35,5.142956348249516,0
7,trip,3300,3325.410795394624,z00,z31,toy-0007457,,,False,42.00639581098037,0.0,39.71942422546419,0.35,7.273238618387272,0
48,trip,3300,3308.8333333333335,z12,z11,toy-0007467,,,False,32.46321310390856,0.0,31.668213103908556,0.35,2.3,0
37,trip,3300,3318.309854494165,z32,z11,toy-0007473,,,False,44.143385283925085,0.0,42.49549837945023,0.35,5.142956348249516,0
89,trip,3300,3312.0089706448603,z12,z21,toy-0007468,,,False,40.791413698408924,0.0,39.71060634037149,0.35,3.2526911934581184,0
70,trip,3300,3316.5,z10,z30,toy-0007459,,,False,39.141479630808604,0.0,37.656479630808604,0.35,4.6,0
0,trip,3300,3323.0,z02,z32,toy-0007470,,,False,39.28680411693796,0.0,37.21680411693796,2.3,4.6,0
15,trip,3300,3312.0089706448603,z21,z32,toy-0007464,,,False,45.04338528392549,0.0,43.962577925888056,0.35,3.2526911934581184,0
1,trip,3300,3312.0089706448603,z31,z22,toy-0007465,,,False,47.895000000000095,0.0,46.81419264196266,0.35,3.2526911934581184,0
32,trip,3300,3308.8333333333335,z21,z11,toy-0007462,,,False,47.895000000000245,0.0,47.10000000000024,0.35,2.3,0
6,visit,3300,3315.0,z11,z11,,hub_center,local,True,35.58854113570047,12.51645886429953,47.894999999999996,0.7,0,7.509875318579718
23,visit,3300,3315.0,z31,z31,,hub_core,local,True,40.476413698408656,7.628586301591341,47.894999999999996,0.7,0,4.577151780954805
34,trip,3305,3323.309854494165,z11,z32,toy-0007482,,,False,42.77677056785066,0.0,41.12888366337581,0.35,5.142956348249516,0
5,trip,3305,3317.0089706448603,z20,z31,toy-0007476,,,False,31.50230249638874,0.0,30.421495138351304,0.35,3.2526911934581184,0
11,trip,3305,3321.5,z30,z32,toy-0007478,,,False,39.12130573748809,0.0,37.636305737488094,0.35,4.6,0
54,trip,3305,3313.8333333333335,z22,z21,toy-0007489,,,False,39.41653260955101,0.0,38.62153260955101,0.35,2.3,0
2,trip,3305,3313.8333333333335,z32,z31,toy-0007491,,,False,39.219334151971495,0.0,38.42433415197149,0.35,2.3,0
44,trip,3305,3323.309854494165,z01,z22,toy-0007480,,,False,39.3377194358964,0.0,37.68983253142155,0.35,5.142956348249516,0
3,trip,3305,3317.0089706448603,z31,z20,toy-0007485,,,False,41.79211309552503,0.0,40.7113057374876,0.35,3.2526911934581184,0
26,trip,3305,3323.309854494165,z02,z21,toy-0007488,,,False,36.0888836633755,0.0,34.440996758900646,0.35,5.142956348249516,0
38,trip,3305,3317.0089706448603,z32,z21,toy-0007490,,,False,34.03508027416627,0.0,32.954272916128836,0.35,3.2526911934581184,0
21,trip,3305,3313.8333333333335,z31,z32,toy-0007487,,,False,42.20969102141281,0.0,41.41469102141281,0.35,2.3,0
41,trip,3305,3313.8333333333335,z31,z21,toy-0007486,,,False,40.70433415197122,0.0,39.909334151971215,0.35,2.3,0
61,trip,3305,3321.5,z11,z31,toy-0007481,,,False,41.2783852839249,0.0,39.7933852839249,0.35,4.6,0
51,trip,3305,3317.0089706448603,z21,z10,toy-0007483,,,False,43.80422619105017,0.0,42.72341883301274,0.35,3.2526911934581184,0
59,trip,3305,3313.8333333333335,z21,z22,toy-0007484,,,False,47.89499999999991,0.0,47.09999999999991,0.35,2.3,0
49,trip,3305,3329.1666666666665,z01,z31,toy-0007479,,,False,42.658385283925575,0.0,40.48338528392558,0.35,6.8999999999999995,0
84,trip,3305,3321.5,z20,z00,toy-0007475,,,False,35.50177056785004,0.0,34.01677056785004,0.35,4.6,0
24,trip,3305,3313.8333333333335,z30,z31,toy-0007477,,,False,41.13558845294264,0.0,40.34058845294264,0.35,2.3,0
18,visit,3305,3325.3333333333335,z01,z01,,depot_west,local,False,45.32919264196263,0.0,43.949192641962625,4.6,0,0
10,trip,3310,3322.0089706448603,z22,z31,toy-0007503,,,False,43.96711309552522,0.0,42.88630573748779,0.35,3.2526911934581184,0
32,trip,3310,3322.0089706448603,z11,z22,toy-0007499,,,False,47.10000000000027,0.0,46.01919264196284,0.35,3.2526911934581184,0
28,trip,3310,3328.309854494165,z00,z21,toy-0007493,,,False,47.89500000000005,0.0,46.2471130955252,0.35,5.142956348249516,0
22,trip,3310,3328.309854494165,z20,z12,toy-0007497,,,False,46.247113095525535,0.0,44.59922619105068,0.35,5.142956348249516,0
8,trip,3310,3318.8333333333335,z21,z31,toy-0007500,,,False,38.75408524345166,0.0,37.95908524345166,0.35,2.3,0
43,trip,3310,3318.8333333333335,z00,z10,toy-0007492,,,False,43.815666241440695,0.0,43.02066624144069,0.35,2.3,0
12,trip,3310,3318.8333333333335,z22,z32,toy-0007504,,,False,45.4521130955251,0.0,44.6571130955251,0.35,2.3,0
13,trip,3310,3326.5,z10,z12,toy-0007496,,,False,45.45211309552519,0.0,43.96711309552519,0.35,4.6,0
36,trip,3310,3335.410795394624,z02,z31,toy-0007502,,,False,44.0180284144836,0.0,41.73105682896742,0.35,7.273238618387272,0
17,trip,3310,3328.309854494165,z10,z31,toy-0007495,,,False,43.453385283925336,0.0,41.80549837945048,0.35,5.142956348249516,0
78,trip,3310,3318.8333333333335,z10,z11,toy-0007494,,,False,44.43759463265902,0.0,43.64259463265902,0.35,2.3,0
35,trip,3310,3328.309854494165,z20,z32,toy-0007498,,,False,33.64338528392512,0.0,31.995498379450265,0.35,5.142956348249516,0
9,trip,3310,3326.5,z31,z11,toy-0007501,,,False,39.362611474975466,0.0,37.87761147497547,0.35,4.6,0
48,visit,3310,3325.0,z11,z11,,hub_center,,True,31.66821310390858,16.43678689609142,47.895,0.7,0,9.862072137654852
1,trip,3315,3333.309854494165,z22,z30,toy-0007517,,,False,46.81419264196267,0.0,45.16630573748782,0.35,5.142956348249516,0
53,trip,3315,3340.410795394624,z00,z31,toy-0007505,,,False,39.662658200053855,0.0,37.37568661453767,0.35,7.273238618387272,0
2,trip,3315,3323.8333333333335,z31,z32,toy-0007513,,,False,38.42433415197152,0.0,37.62933415197152,0.35,2.3,0
41,trip,3315,3327.0089706448603,z21,z12,toy-0007511,,,False,39.909334151971244,0.0,38.82852679393381,0.35,3.2526911934581184,0
50,trip,3315,3327.0089706448603,z21,z32,toy-0007512,,,False,43.67677056785044,0.0,42.59596320981301,0.35,3.2526911934581184,0
14,trip,3315,3333.309854494165,z12,z31,toy-0007515,,,False,46.24711309552501,0.0,44.59922619105016,0.35,5.142956348249516,0
19,trip,3315,3327.0089706448603,z20,z31,toy-0007506,,,False,40.12630573748815,0.0,39.04549837945072,0.35,3.2526911934581184,0
29,trip,3315,3333.309854494165,z30,z22,toy-0007507,,,False,40.47428271545487,0.0,38.82639581098002,0.35,5.142956348249516,0
27,trip,3315,3345.6666666666665,z12,z32,toy-0007514,,,False,40.78499999999999,0.0,38.02499999999999,2.3,6.8999999999999995,0
6,trip,3315,3331.5,z11,z31,toy-0007510,,,False,47.89500000000018,0.0,46.41000000000018,0.35,4.6,0
81,trip,3315,3323.8333333333335,z11,z21,toy-0007509,,,False,47.89500000000001,0.0,47.10000000000001,0.35,2.3,0
59,trip,3315,3327.0089706448603,z22,z31,toy-0007518,,,False,47.09999999999994,0.0,46.019192641962505,0.35,3.2526911934581184,0
65,trip,3315,3330.3333333333335,z22,z22,toy-0007516,,,False,43.78630573748796,0.0,42.406305737487955,2.3,2.3,0
15,trip,3315,3323.8333333333335,z32,z31,toy-0007520,,,False,43.96257792588806,0.0,43.16757792588806,0.35,2.3,0
67,trip,3315,3340.410795394624,z01,z32,toy-0007508,,,False,45.55523496016539,0.0,43.26826337464921,0.35,7.273238618387272,0
21,trip,3315,3340.410795394624,z32,z01,toy-0007519,,,False,41.414691021412835,0.0,39.12771943589665,0.35,7.273238618387272,0
54,visit,3315,3330.0,z21,z21,,hub_inner,,True,38.62153260955104,9.483467390448958,47.894999999999996,0.7,0,5.690080434269374
12,trip,3320,3328.8333333333335,z32,z22,toy-0007544,,,False,44.657113095525126,0.0,43.862113095525125,0.35,2.3,0
42,trip,3320,3328.8333333333335,z32,z31,toy-0007543,,,False,42.015498379449994,0.0,41.22049837944999,0.35,2.3,0
16,trip,3320,3342.851274623054,z10,z32,toy-0007524,,,False,37.169691021413165,0.0,35.113076305338296,0.35,6.505382386916237,0
43,trip,3320,3338.309854494165,z10,z02,toy-0007523,,,False,43.02066624144072,0.0,41.37277933696587,0.35,5.142956348249516,0
5,trip,3320,3344.1666666666665,z31,z01,toy-0007536,,,False,30.421495138351318,0.0,28.246495138351317,0.35,6.8999999999999995,0
8,trip,3320,3328.8333333333335,z31,z21,toy-0007537,,,False,37.95908524345169,0.0,37.16408524345169,0.35,2.3,0
87,trip,3320,3328.8333333333335,z01,z11,toy-0007528,,,False,37.90436770105917,0.0,37.10936770105917,0.35,2.3,0
23,trip,3320,3332.0089706448603,z31,z22,toy-0007538,,,False,47.89500000000012,0.0,46.814192641962684,0.35,3.2526911934581184,0
24,trip,3320,3338.309854494165,z31,z10,toy-0007534,,,False,40.34058845294267,0.0,38.69270154846782,0.35,5.142956348249516,0
75,trip,3320,3348.809226445224,z00,z32,toy-0007522,,,False,44.59971869328646,0.0,42.00688831321631,0.35,8.292767933567175,0
39,trip,3320,3332.0089706448603,z30,z21,toy-0007526,,,False,45.73568544876126,0.0,44.65487809072383,0.35,3.2526911934581184,0
37,trip,3320,3338.5089706448603,z11,z12,toy-0007531,,,False,42.49549837945023,0.0,40.8296910214128,2.3,3.2526911934581184,0
82,trip,3320,3343.0,z11,z21,toy-0007529,,,False,41.6838416348539,0.0,39.6138416348539,2.3,4.6,0
38,trip,3320,3328.8333333333335,z21,z31,toy-0007533,,,False,32.95427291612884,0.0,32.15927291612884,0.35,2.3,0
83,trip,3320,3332.0089706448603,z11,z20,toy-0007532,,,False,40.18272413245289,0.0,39.10191677441546,0.35,3.2526911934581184,0
51,trip,3320,3349.351274623054,z10,z22,toy-0007521,,,False,42.723418833012744,0.0,40.081804116937874,2.3,6.505382386916237,0
70,trip,3320,3328.8333333333335,z30,z31,toy-0007527,,,False,37.6564796308086,0.0,36.861479630808596,0.35,2.3,0
56,trip,3320,3332.0089706448603,z32,z21,toy-0007542,,,False,45.510000000000346,0.0,44.42919264196291,0.35,3.2526911934581184,0
52,trip,3320,3343.0,z22,z12,toy-0007539,,,False,42.94419264196241,0.0,40.87419264196241,4.6,2.3,0
66,trip,3320,3343.0,z22,z32,toy-0007540,,,False,39.63049837945003,0.0,37.56049837945003,2.3,4.6,0
31,trip,3320,3328.8333333333335,z31,z30,toy-0007535,,,False,44.08549837945009,0.0,43.290498379450085,0.35,2.3,0
3,trip,3320,3328.8333333333335,z20,z21,toy-0007525,,,False,40.711305737487606,0.0,39.916305737487605,0.35,2.3,0
58,trip,3320,3338.5089706448603,z32,z11,toy-0007541,,,False,44.37130573748769,0.0,42.705498379450255,2.3,3.2526911934581184,0
79,trip,3320,3353.8423039781937,z10,z31,toy-0007530,,,False,46.41000000000035,0.0,43.364192641962916,3.2526911934581184,6.8999999999999995,0
47,visit,3320,3340.3333333333335,z01,z01,,depot_west,local,False,42.156339286575495,0.0,40.77633928657549,4.6,0,0
78,visit,3320,3335.0,z11,z11,,hub_center,local,True,43.64259463265905,4.462405367340949,47.894999999999996,0.7,0,2.6774432204045695
45,visit,3320,3335.0,z31,z31,,hub_core,,True,38.3597810949052,9.745218905094795,47.894999999999996,0.7,0,5.847131343056877
20,trip,3325,3337.0089706448603,z20,z31,toy-0007549,,,False,37.25264502406319,0.0,36.17183766602576,0.35,3.2526911934581184,0
32,trip,3325,3333.8333333333335,z22,z32,toy-0007564,,,False,46.019192641962846,0.0,45.224192641962844,0.35,2.3,0
48,trip,3325,3343.309854494165,z11,z32,toy-0007554,,,False,47.89499999999969,0.0,46.24711309552484,0.35,5.142956348249516,0
44,trip,3325,3333.8333333333335,z22,z21,toy-0007562,,,False,37.68983253142155,0.0,36.89483253142155,0.35,2.3,0
33,trip,3325,3349.809854494165,z20,z31,toy-0007547,,,False,43.17211309552514,0.0,40.93922619105029,2.3,5.142956348249516,0
84,trip,3325,3362.017941289721,z00,z20,toy-0007559,,,False,34.01677056785003,0.0,30.68515585177516,4.6,6.505382386916237,0
40,trip,3325,3341.5,z20,z22,toy-0007550,,,False,34.924871942842074,0.0,33.439871942842075,0.35,4.6,0
15,trip,3325,3350.410795394624,z31,z00,toy-0007556,,,False,43.16757792588809,0.0,40.880606340371905,0.35,7.273238618387272,0
26,trip,3325,3352.985491805692,z21,z22,toy-0007548,,,False,34.440996758900646,0.0,31.922302496388355,3.2526911934581184,5.142956348249516,0
64,trip,3325,3349.809854494165,z21,z32,toy-0007551,,,False,45.22419264196293,0.0,42.99130573748808,2.3,5.142956348249516,0
68,trip,3325,3346.6846079563875,z21,z21,toy-0007560,,,False,44.35338528392522,0.0,42.40177056785035,3.2526911934581184,3.2526911934581184,0
0,trip,3325,3343.309854494165,z32,z20,toy-0007565,,,False,37.21680411693794,0.0,35.56891721246309,0.35,5.142956348249516,0
46,trip,3325,3354.351274623054,z31,z12,toy-0007552,,,False,43.06257792588808,0.0,40.42096320981321,2.3,6.505382386916237,0
77,trip,3325,3348.0,z21,z31,toy-0007553,,,False,47.895000000000046,0.0,45.825000000000045,2.3,4.6,0
55,trip,3325,3333.8333333333335,z31,z32,toy-0007558,,,False,44.93838528392552,0.0,44.14338528392552,0.35,2.3,0
57,trip,3325,3343.309854494165,z31,z12,toy-0007557,,,False,47.10000000000008,0.0,45.45211309552523,0.35,5.142956348249516,0
81,trip,3325,3359.286375654997,z21,z12,toy-0007545,,,False,47.10000000000004,0.0,44.01422619105033,5.142956348249516,5.142956348249516,0
89,trip,3325,3333.8333333333335,z21,z22,toy-0007555,,,False,39.7106063403715,0.0,38.9156063403715,0.35,2.3,0
4,trip,3325,3343.5089706448603,z32,z31,toy-0007563,,,False,45.30216961992997,0.0,43.636362261892536,2.3,3.2526911934581184,0
11,trip,3325,3357.476521160832,z32,z31,toy-0007561,,,False,37.63630573748809,0.0,34.71341883301323,4.6,5.142956348249516,0
61,trip,3325,3352.985491805692,z31,z21,toy-0007546,,,False,39.79338528392489,0.0,37.2746910214126,5.142956348249516,3.2526911934581184,0
2,visit,3325,3382.6666666666665,z32,z32,,depot_south,central,False,37.62933415197155,0.0,34.86933415197155,9.2,0,0
10,visit,3325,3340.0,z31,z31,,hub_core,local,True,42.886305737487795,5.2186942625122015,47.894999999999996,0.7,0,3.131216557507321
31,trip,3330,3346.5,z30,z32,toy-0007569,,,False,43.29049837945011,0.0,41.805498379450114,0.35,4.6,0
8,trip,3330,3348.5089706448603,z21,z11,toy-0007567,,,False,37.164085243451716,0.0,35.49827788541428,2.3,3.2526911934581184,0
28,trip,3330,3338.8333333333335,z21,z31,toy-0007572,,,False,46.2471130955252,0.0,45.4521130955252,0.35,2.3,0
34,trip,3330,3338.8333333333335,z32,z31,toy-0007578,,,False,41.12888366337581,0.0,40.33388366337581,0.35,2.3,0
25,trip,3330,3355.410795394624,z02,z31,toy-0007574,,,False,44.05419264196285,0.0,41.767221056446665,0.35,7.273238618387272,0
18,trip,3330,3361.910795394624,z01,z31,toy-0007566,,,False,43.94919264196265,0.0,41.07722105644646,2.3,7.273238618387272,0
13,trip,3330,3353.0,z12,z22,toy-0007575,,,False,43.967113095525185,0.0,41.897113095525185,2.3,4.6,0
54,trip,3330,3342.0089706448603,z21,z32,toy-0007573,,,False,47.89500000000019,0.0,46.814192641962755,0.35,3.2526911934581184,0
7,trip,3330,3354.809854494165,z31,z11,toy-0007568,,,False,39.71942422546419,0.0,37.486537320989335,2.3,5.142956348249516,0
12,trip,3330,3345.3333333333335,z22,z20,toy-0007570,,,False,43.86211309552515,0.0,42.48211309552515,2.3,2.3,0
17,trip,3330,3345.3333333333335,z31,z11,toy-0007571,,,False,41.80549837945048,0.0,40.42549837945048,2.3,2.3,0
35,trip,3330,3348.309854494165,z32,z11,toy-0007577,,,False,31.995498379450268,0.0,30.347611474975412,0.35,5.142956348249516,0
50,trip,3330,3352.851274623054,z32,z10,toy-0007576,,,False,42.595963209813014,0.0,40.539348493738146,0.35,6.505382386916237,0
9,visit,3330,3345.0,z11,z11,,hub_center,local,True,37.87761147497546,10.227388525024537,47.894999999999996,0.7,0,6.136433115014722
3,visit,3330,3345.0,z21,z21,,hub_inner,local,True,39.91630573748763,8.188694262512364,47.894999999999996,0.7,0,4.913216557507418
38,visit,3330,3345.0,z31,z31,,hub_core,,True,32.15927291612887,15.945727083871127,47.894999999999996,0.7,0,9.567436250322675
87,visit,3330,3345.0,z11,z11,,hub_center,,True,37.1093677010592,10.995632298940798,47.894999999999996,0.7,0,6.5973793793644795
32,trip,3335,3347.0089706448603,z32,z21,toy-0007596,,,False,45.22419264196287,0.0,44.14338528392544,0.35,3.2526911934581184,0
6,trip,3335,3347.0089706448603,z31,z20,toy-0007589,,,False,46.410000000000174,0.0,45.32919264196274,0.35,3.2526911934581184,0
23,trip,3335,3343.8333333333335,z22,z12,toy-0007595,,,False,46.81419264196269,0.0,46.01919264196269,0.35,2.3,0
78,trip,3335,3347.0089706448603,z11,z22,toy-0007587,,,False,47.89500000000025,0.0,46.81419264196282,0.35,3.2526911934581184,0
14,trip,3335,3351.5,z31,z11,toy-0007590,,,False,44.59922619105016,0.0,43.11422619105016,0.35,4.6,0
29,trip,3335,3347.0089706448603,z22,z31,toy-0007594,,,False,38.82639581098002,0.0,37.745588452942584,0.35,3.2526911934581184,0
65,trip,3335,3351.5,z22,z20,toy-0007593,,,False,42.406305737487976,0.0,40.92130573748798,0.35,4.6,0
22,trip,3335,3358.0,z12,z31,toy-0007586,,,False,44.59922619105068,0.0,42.52922619105068,2.3,4.6,0
39,trip,3335,3353.309854494165,z21,z02,toy-0007588,,,False,44.654878090723834,0.0,43.00699118624898,0.35,5.142956348249516,0
19,trip,3335,3343.8333333333335,z31,z21,toy-0007591,,,False,39.04549837945073,0.0,38.250498379450725,0.35,2.3,0
83,trip,3335,3361.175637311527,z20,z11,toy-0007579,,,False,39.101916774415464,0.0,36.746109416378026,4.6,3.2526911934581184,0
41,trip,3335,3370.0864327061513,z12,z32,toy-0007584,,,False,38.82852679393382,0.0,35.6707478503802,3.2526911934581184,7.273238618387272,0
44,trip,3335,3373.3333333333335,z21,z31,toy-0007582,,,False,36.89483253142158,0.0,33.444832531421575,4.6,6.8999999999999995,0
42,trip,3335,3347.0089706448603,z31,z22,toy-0007592,,,False,41.22049837945002,0.0,40.13969102141259,0.35,3.2526911934581184,0
1,trip,3335,3343.8333333333335,z30,z31,toy-0007581,,,False,45.16630573748782,0.0,44.371305737487816,0.35,2.3,0
56,trip,3335,3350.3333333333335,z21,z21,toy-0007585,,,False,44.42919264196292,0.0,43.04919264196292,2.3,2.3,0
45,trip,3335,3375.1431878274984,z31,z22,toy-0007583,,,False,47.89499999999997,0.0,44.28211309552511,6.8999999999999995,5.142956348249516,0
49,trip,3335,3374.577462061291,z31,z02,toy-0007580,,,False,40.48338528392558,0.0,36.921413698409395,7.273238618387272,4.6,0
89,visit,3335,3355.3333333333335,z22,z22,,hub_inner,local,False,38.915606340371525,0.0,37.53560634037152,4.6,0,0
70,visit,3335,3350.0,z31,z31,,hub_core,,True,36.861479630808624,11.243520369191373,47.894999999999996,0.7,0,6.7461122215148235
37,trip,3340,3348.8333333333335,z12,z11,toy-0007612,,,False,40.8296910214128,0.0,40.0346910214128,0.35,2.3,0
24,trip,3340,3362.851274623054,z10,z32,toy-0007599,,,False,38.69270154846782,0.0,36.63608683239295,0.35,6.505382386916237,0
55,trip,3340,3348.8333333333335,z32,z31,toy-0007616,,,False,44.14338528392555,0.0,43.348385283925545,0.35,2.3,0
10,trip,3340,3355.3333333333335,z31,z31,toy-0007606,,,False,47.89499999999996,0.0,46.51499999999996,2.3,2.3,0
28,trip,3340,3358.5089706448603,z31,z21,toy-0007601,,,False,45.45211309552523,0.0,43.786305737487794,3.2526911934581184,2.3,0
34,trip,3340,3361.6846079563875,z31,z31,toy-0007602,,,False,40.333883663375836,0.0,38.382268947300965,3.2526911934581184,3.2526911934581184,0
43,trip,3340,3371.910795394624,z02,z30,toy-0007604,,,False,41.37277933696587,0.0,38.500807751449685,2.3,7.273238618387272,0
58,trip,3340,3358.309854494165,z11,z32,toy-0007605,,,False,42.705498379450255,0.0,41.0576114749754,0.35,5.142956348249516,0
60,trip,3340,3370.6666666666665,z32,z32,toy-0007614,,,False,41.645136798570654,0.0,38.885136798570656,4.6,4.6,0
36,trip,3340,3358.5089706448603,z31,z30,toy-0007600,,,False,41.73105682896742,0.0,40.065249470929984,3.2526911934581184,2.3,0
59,trip,3340,3348.8333333333335,z31,z32,toy-0007608,,,False,46.01919264196251,0.0,45.22419264196251,0.35,2.3,0
62,trip,3340,3374.286375654997,z31,z31,toy-0007598,,,False,46.40999999999999,0.0,43.32422619105028,5.142956348249516,5.142956348249516,0
69,trip,3340,3372.476521160832,z32,z31,toy-0007613,,,False,46.236351296790026,0.0,43.31346439231517,4.6,5.142956348249516,0
71,trip,3340,3380.1431878274984,z32,z21,toy-0007610,,,False,44.23500000000006,0.0,40.62211309552521,6.8999999999999995,5.142956348249516,0
85,trip,3340,3355.3333333333335,z32,z32,toy-0007615,,,False,47.89499999999969,0.0,46.51499999999969,2.3,2.3,0
63,trip,3340,3363.0,z31,z10,toy-0007603,,,False,43.14722105644672,0.0,41.07722105644672,2.3,4.6,0
72,trip,3340,3358.5089706448603,z31,z32,toy-0007607,,,False,40.74049837945059,0.0,39.07469102141316,2.3,3.2526911934581184,0
88,trip,3340,3348.8333333333335,z32,z22,toy-0007617,,,False,47.895000000000046,0.0,47.100000000000044,0.35,2.3,0
73,trip,3340,3379.577462061291,z31,z20,toy-0007597,,,False,47.8950000000001,0.0,44.33302841448392,7.273238618387272,4.6,0
74,trip,3340,3387.2441287279576,z31,z32,toy-0007611,,,False,47.89500000000007,0.0,43.64302841448389,7.273238618387272,6.8999999999999995,0
76,trip,3340,3375.0864327061513,z31,z11,toy-0007609,,,False,44.63919264196231,0.0,41.481413698408694,7.273238618387272,3.2526911934581184,0
20,visit,3340,3382.3333333333335,z31,z31,,depot_south,central,False,36.171837666025766,0.0,34.791837666025764,4.6,0,0
5,trip,3345,3376.910795394624,z01,z31,toy-0007627,,,False,28.246495138351335,0.0,25.374523552835154,2.3,7.273238618387272,0
40,trip,3345,3357.0089706448603,z22,z31,toy-0007631,,,False,33.43987194284207,0.0,32.359064584804635,0.35,3.2526911934581184,0
21,trip,3345,3369.809854494165,z01,z21,toy-0007618,,,False,39.12771943589665,0.0,36.8948325314218,2.3,5.142956348249516,0
23,trip,3345,3360.3333333333335,z12,z01,toy-0007626,,,False,46.01919264196272,0.0,44.639192641962715,2.3,2.3,0
0,trip,3345,3360.3333333333335,z20,z20,toy-0007621,,,False,35.56891721246309,0.0,34.18891721246309,2.3,2.3,0
52,trip,3345,3353.8333333333335,z12,z22,toy-0007628,,,False,40.874192641962395,0.0,40.07919264196239,0.35,2.3,0
3,trip,3345,3353.8333333333335,z21,z31,toy-0007624,,,False,47.89500000000005,0.0,47.10000000000005,0.35,2.3,0
16,trip,3345,3361.5,z32,z12,toy-0007632,,,False,35.113076305338296,0.0,33.6280763053383,0.35,4.6,0
19,trip,3345,3369.809854494165,z21,z32,toy-0007620,,,False,38.250498379450754,0.0,36.0176114749759,2.3,5.142956348249516,0
1,trip,3345,3353.8333333333335,z31,z21,toy-0007625,,,False,44.371305737487845,0.0,43.57630573748784,0.35,2.3,0
48,trip,3345,3360.3333333333335,z32,z21,toy-0007630,,,False,46.24711309552484,0.0,44.867113095524836,2.3,2.3,0
57,trip,3345,3374.351274623054,z12,z00,toy-0007629,,,False,45.45211309552523,0.0,42.81049837945036,2.3,6.505382386916237,0
4,trip,3345,3369.809854494165,z31,z00,toy-0007623,,,False,43.636362261892536,0.0,41.40347535741768,2.3,5.142956348249516,0
9,trip,3345,3353.8333333333335,z11,z12,toy-0007622,,,False,47.89500000000019,0.0,47.100000000000186,0.35,2.3,0
87,trip,3345,3363.5089706448603,z11,z01,toy-0007619,,,False,47.89500000000024,0.0,46.229192641962804,2.3,3.2526911934581184,0
66,visit,3345,3360.0,z32,z32,,hub_waterfront,local,True,37.56049837945002,10.544501620549982,47.894999999999996,0.7,0,6.326700972329989
82,visit,3345,3360.0,z21,z21,,hub_inner,local,True,39.613841634853884,8.491158365146113,47.894999999999996,0.7,0,5.094695019087668
54,visit,3345,3360.0,z32,z32,,hub_waterfront,local,True,46.81419264196276,1.2908073580372346,47.894999999999996,0.7,0,0.7744844148223408
53,visit,3345,3360.0,z31,z31,,hub_core,,True,37.37568661453767,10.729313385462326,47.894999999999996,0.7,0,6.4375880312773965
32,trip,3350,3358.8333333333335,z21,z22,toy-0007647,,,False,44.14338528392545,0.0,43.348385283925445,0.35,2.3,0
47,trip,3350,3366.5,z01,z21,toy-0007644,,,False,40.776339286575514,0.0,39.291339286575514,0.35,4.6,0
6,trip,3350,3368.5089706448603,z20,z21,toy-0007636,,,False,45.32919264196275,0.0,43.663385283925315,2.3,3.2526911934581184,0
12,trip,3350,3374.809854494165,z20,z31,toy-0007637,,,False,42.48211309552517,0.0,40.24922619105032,2.3,5.142956348249516,0
17,trip,3350,3388.484863756751,z11,z32,toy-0007634,,,False,40.4254983794505,0.0,36.961860641342916,3.2526911934581184,8.292767933567175,0
29,trip,3350,3374.809854494165,z31,z22,toy-0007642,,,False,37.74558845294259,0.0,35.51270154846774,2.3,5.142956348249516,0
35,trip,3350,3365.3333333333335,z11,z20,toy-0007635,,,False,30.347611474975427,0.0,28.967611474975428,2.3,2.3,0
37,trip,3350,3368.5089706448603,z11,z21,toy-0007651,,,False,40.034691021412826,0.0,38.36888366337539,2.3,3.2526911934581184,0
68,trip,3350,3388.3333333333335,z21,z31,toy-0007645,,,False,42.401770567850335,0.0,38.95177056785033,4.6,6.8999999999999995,0
42,trip,3350,3374.809854494165,z22,z31,toy-0007652,,,False,40.139691021412595,0.0,37.90680411693774,2.3,5.142956348249516,0
33,trip,3350,3376.175637311527,z31,z22,toy-0007639,,,False,40.93922619105029,0.0,38.58341883301285,3.2526911934581184,4.6,0
38,trip,3350,3368.5089706448603,z31,z21,toy-0007640,,,False,47.895000000000174,0.0,46.22919264196274,2.3,3.2526911934581184,0
51,trip,3350,3374.809854494165,z22,z20,toy-0007650,,,False,40.08180411693787,0.0,37.848917212463014,2.3,5.142956348249516,0
78,trip,3350,3376.175637311527,z22,z31,toy-0007646,,,False,46.814192641962826,0.0,44.45838528392539,3.2526911934581184,4.6,0
55,trip,3350,3398.488257455915,z31,z31,toy-0007633,,,False,43.34838528392557,0.0,38.98444211289321,7.273238618387272,7.273238618387272,0
70,trip,3350,3371.6846079563875,z31,z31,toy-0007638,,,False,47.89500000000027,0.0,45.9433852839254,3.2526911934581184,3.2526911934581184,0
77,trip,3350,3390.1431878274984,z31,z20,toy-0007643,,,False,45.82500000000003,0.0,42.212113095525176,6.8999999999999995,5.142956348249516,0
27,trip,3350,3358.8333333333335,z32,z31,toy-0007653,,,False,38.024999999999984,0.0,37.22999999999998,0.35,2.3,0
80,trip,3350,3365.3333333333335,z31,z31,toy-0007641,,,False,47.895,0.0,46.515,2.3,2.3,0
86,trip,3350,3358.8333333333335,z31,z32,toy-0007649,,,False,39.58408351526514,0.0,38.78908351526514,0.35,2.3,0
31,trip,3350,3368.5089706448603,z32,z22,toy-0007648,,,False,41.80549837945011,0.0,40.13969102141267,2.3,3.2526911934581184,0
8,visit,3350,3365.0,z11,z11,,hub_center,local,True,35.49827788541428,12.606722114585715,47.894999999999996,0.7,0,7.5640332687514285
88,visit,3350,3370.3333333333335,z22,z22,,hub_inner,local,False,47.10000000000007,0.0,45.72000000000007,4.6,0,0
1,trip,3355,3363.8333333333335,z21,z31,toy-0007659,,,False,43.57630573748787,0.0,42.78130573748787,0.35,2.3,0
59,trip,3355,3363.8333333333335,z32,z31,toy-0007667,,,False,45.22419264196254,0.0,44.42919264196254,0.35,2.3,0
56,trip,3355,3367.0089706448603,z21,z32,toy-0007660,,,False,43.04919264196294,0.0,41.96838528392551,0.35,3.2526911934581184,0
50,trip,3355,3373.309854494165,z10,z22,toy-0007655,,,False,40.539348493738146,0.0,38.891461589263294,0.35,5.142956348249516,0
7,trip,3355,3370.3333333333335,z11,z11,toy-0007654,,,False,37.486537320989335,0.0,36.10653732098933,2.3,2.3,0
64,trip,3355,3367.0089706448603,z32,z21,toy-0007666,,,False,42.99130573748808,0.0,41.910498379450644,0.35,3.2526911934581184,0
3,trip,3355,3380.410795394624,z31,z02,toy-0007661,,,False,47.10000000000008,0.0,44.813028414483895,0.35,7.273238618387272,0
14,trip,3355,3363.8333333333335,z11,z21,toy-0007657,,,False,43.11422619105015,0.0,42.31922619105015,0.35,2.3,0
61,trip,3355,3367.0089706448603,z21,z30,toy-0007658,,,False,37.27469102141258,0.0,36.193883663375146,0.35,3.2526911934581184,0
67,trip,3355,3363.8333333333335,z32,z22,toy-0007668,,,False,43.26826337464921,0.0,42.47326337464921,0.35,2.3,0
65,trip,3355,3378.0,z20,z32,toy-0007656,,,False,40.92130573748797,0.0,38.85130573748797,2.3,4.6,0
13,trip,3355,3367.0089706448603,z22,z11,toy-0007663,,,False,41.89711309552517,0.0,40.81630573748774,0.35,3.2526911934581184,0
26,trip,3355,3373.309854494165,z22,z10,toy-0007662,,,False,31.922302496388337,0.0,30.27441559191348,0.35,5.142956348249516,0
52,trip,3355,3367.0089706448603,z22,z31,toy-0007664,,,False,40.07919264196242,0.0,38.99838528392499,0.35,3.2526911934581184,0
9,trip,3355,3370.3333333333335,z12,z32,toy-0007665,,,False,47.100000000000215,0.0,45.72000000000021,2.3,2.3,0
28,trip,3360,3384.809854494165,z21,z32,toy-0007674,,,False,43.786305737487794,0.0,41.55341883301294,2.3,5.142956348249516,0
15,trip,3360,3389.351274623054,z00,z32,toy-0007670,,,False,40.880606340371905,0.0,38.238991624297036,2.3,6.505382386916237,0
32,trip,3360,3368.8333333333335,z22,z21,toy-0007691,,,False,43.348385283925474,0.0,42.55338528392547,0.35,2.3,0
82,trip,3360,3376.5,z21,z01,toy-0007683,,,False,47.89500000000023,0.0,46.41000000000023,0.35,4.6,0
54,trip,3360,3378.309854494165,z32,z11,toy-0007693,,,False,47.89500000000009,0.0,46.247113095525236,0.35,5.142956348249516,0
10,trip,3360,3368.8333333333335,z31,z21,toy-0007687,,,False,46.51499999999998,0.0,45.71999999999998,0.35,2.3,0
58,trip,3360,3378.309854494165,z32,z20,toy-0007692,,,False,41.0576114749754,0.0,39.40972457050055,0.35,5.142956348249516,0
39,trip,3360,3376.5,z02,z00,toy-0007689,,,False,43.00699118624898,0.0,41.52199118624898,0.35,4.6,0
46,trip,3360,3378.5089706448603,z12,z22,toy-0007681,,,False,40.4209632098132,0.0,38.75515585177577,2.3,3.2526911934581184,0
81,trip,3360,3376.5,z12,z32,toy-0007690,,,False,44.014226191050305,0.0,42.529226191050306,0.35,4.6,0
36,trip,3360,3378.5089706448603,z30,z31,toy-0007673,,,False,40.065249470929984,0.0,38.39944211289255,2.3,3.2526911934581184,0
89,trip,3360,3403.369215912775,z22,z22,toy-0007669,,,False,37.535606340371544,0.0,33.6323769082218,6.505382386916237,6.505382386916237,0
11,trip,3360,3368.8333333333335,z31,z32,toy-0007688,,,False,34.7134188330132,0.0,33.9184188330132,0.35,2.3,0
25,trip,3360,3391.910795394624,z31,z01,toy-0007675,,,False,41.767221056446665,0.0,38.89524947093048,2.3,7.273238618387272,0
27,trip,3360,3407.2441287279576,z31,z32,toy-0007677,,,False,37.23000000000001,0.0,32.97802841448383,6.8999999999999995,7.273238618387272,0
40,trip,3360,3372.0089706448603,z31,z20,toy-0007685,,,False,32.35906458480464,0.0,31.278257226767206,0.35,3.2526911934581184,0
53,trip,3360,3376.5,z31,z11,toy-0007686,,,False,47.894999999999854,0.0,46.409999999999854,0.35,4.6,0
79,trip,3360,3383.0,z31,z10,toy-0007678,,,False,43.3641926419629,0.0,41.2941926419629,4.6,2.3,0
66,trip,3360,3378.5089706448603,z32,z11,toy-0007684,,,False,47.894999999999946,0.0,46.22919264196251,3.2526911934581184,2.3,0
72,trip,3360,3394.286375654997,z32,z01,toy-0007671,,,False,39.07469102141316,0.0,35.98891721246345,5.142956348249516,5.142956348249516,0
75,trip,3360,3395.0864327061513,z32,z10,toy-0007676,,,False,42.0068883132163,0.0,38.849109369662685,7.273238618387272,3.2526911934581184,0
86,trip,3360,3392.476521160832,z32,z31,toy-0007680,,,False,38.78908351526517,0.0,35.86619661079031,5.142956348249516,4.6,0
22,visit,3360,3402.3333333333335,z31,z31,,depot_south,central,False,42.52922619105067,0.0,41.149226191050666,4.6,0,0
85,visit,3360,3375.0,z32,z32,,hub_waterfront,local,True,46.51499999999971,1.5900000000002876,47.894999999999996,0.7,0,0.9540000000001726
16,trip,3365,3383.309854494165,z12,z31,toy-0007709,,,False,33.62807630533829,0.0,31.980189400863434,0.35,5.142956348249516,0
23,trip,3365,3396.910795394624,z01,z31,toy-0007707,,,False,44.63919264196274,0.0,41.76722105644656,2.3,7.273238618387272,0
14,trip,3365,3377.0089706448603,z21,z12,toy-0007703,,,False,42.31922619105018,0.0,41.238418833012744,0.35,3.2526911934581184,0
63,trip,3365,3383.309854494165,z10,z31,toy-0007695,,,False,41.0772210564467,0.0,39.42933415197185,0.35,5.142956348249516,0
0,trip,3365,3380.3333333333335,z20,z31,toy-0007698,,,False,34.18891721246311,0.0,32.80891721246311,2.3,2.3,0
87,trip,3365,3396.910795394624,z01,z31,toy-0007694,,,False,46.229192641962804,0.0,43.35722105644662,2.3,7.273238618387272,0
24,trip,3365,3389.1666666666665,z32,z02,toy-0007713,,,False,36.63608683239295,0.0,34.46108683239295,0.35,6.8999999999999995,0
1,trip,3365,3377.0089706448603,z31,z22,toy-0007706,,,False,42.7813057374879,0.0,41.700498379450465,0.35,3.2526911934581184,0
84,trip,3365,3377.0089706448603,z20,z11,toy-0007697,,,False,30.685155851775136,0.0,29.6043484937377,0.35,3.2526911934581184,0
48,trip,3365,3373.8333333333335,z21,z20,toy-0007701,,,False,44.86711309552486,0.0,44.072113095524855,0.35,2.3,0
8,trip,3365,3383.5089706448603,z11,z10,toy-0007696,,,False,47.89499999999971,0.0,46.22919264196228,3.2526911934581184,2.3,0
18,trip,3365,3380.3333333333335,z31,z22,toy-0007704,,,False,41.07722105644646,0.0,39.69722105644646,2.3,2.3,0
67,trip,3365,3392.985491805692,z22,z12,toy-0007705,,,False,42.473263374649235,0.0,39.954569112136944,3.2526911934581184,5.142956348249516,0
83,trip,3365,3398.8423039781937,z11,z32,toy-0007708,,,False,36.746109416378,0.0,33.70030205834056,3.2526911934581184,6.8999999999999995,0
34,visit,3365,3380.0,z31,z31,,hub_core,local,True,38.38226894730095,9.722731052699048,47.894999999999996,0.7,0,5.833638631619428
59,visit,3365,3380.0,z31,z31,,hub_core,local,True,44.429192641962565,3.6758073580374315,47.894999999999996,0.7,0,2.205484414822459
6,trip,3370,3394.809854494165,z21,z12,toy-0007716,,,False,43.663385283925315,0.0,41.43049837945046,2.3,5.142956348249516,0
10,trip,3370,3378.8333333333335,z21,z31,toy-0007722,,,False,45.720000000000006,0.0,44.925000000000004,0.35,2.3,0
32,trip,3370,3388.5089706448603,z21,z31,toy-0007715,,,False,42.5533852839255,0.0,40.88757792588807,2.3,3.2526911934581184,0
4,trip,3370,3385.3333333333335,z00,z11,toy-0007717,,,False,41.40347535741768,0.0,40.02347535741768,2.3,2.3,0
13,trip,3370,3397.985491805692,z11,z21,toy-0007727,,,False,40.816305737487745,0.0,38.297611474975454,3.2526911934581184,5.142956348249516,0
38,trip,3370,3393.0,z21,z31,toy-0007720,,,False,46.22919264196274,0.0,44.15919264196274,2.3,4.6,0
19,trip,3370,3398.809226445224,z32,z00,toy-0007735,,,False,36.0176114749759,0.0,33.42478109490575,0.35,8.292767933567175,0
31,trip,3370,3378.8333333333335,z22,z32,toy-0007734,,,False,40.13969102141267,0.0,39.34469102141267,0.35,2.3,0
80,trip,3370,3378.8333333333335,z31,z21,toy-0007725,,,False,46.51500000000002,0.0,45.72000000000002,0.35,2.3,0
47,trip,3370,3382.0089706448603,z21,z32,toy-0007723,,,False,39.29133928657551,0.0,38.210531928538074,0.35,3.2526911934581184,0
64,trip,3370,3402.476521160832,z21,z22,toy-0007718,,,False,41.91049837945065,0.0,38.98761147497579,4.6,5.142956348249516,0
56,trip,3370,3404.286375654997,z32,z32,toy-0007721,,,False,41.968385283925514,0.0,38.8826114749758,5.142956348249516,5.142956348249516,0
35,visit,3370,3412.3333333333335,z20,z20,,depot_south,central,False,28.967611474975453,0.0,27.587611474975454,4.6,0,0
11,visit,3370,3385.0,z32,z32,,hub_waterfront,local,True,33.91841883301323,12.777777777777779,46.486196610791005,0.7,0,7.666666666666668
61,visit,3370,3385.0,z30,z30,,depot_south,local,True,36.19388366337515,11.911116336624843,47.894999999999996,0.7,0,7.146669801974906
21,visit,3370,3385.0,z21,z21,,hub_inner,local,True,36.8948325314218,11.210167468578199,47.894999999999996,0.7,0,6.726100481146919
37,visit,3370,3385.0,z21,z21,,hub_inner,local,True,38.36888366337539,9.736116336624605,47.894999999999996,0.7,0,5.841669801974763
52,visit,3370,3385.0,z31,z31,,hub_core,local,True,38.998385283924996,9.106614716075,47.894999999999996,0.7,0,5.463968829645
57,trip,3375,3393.309854494165,z00,z21,toy-0007737,,,False,42.81049837945035,0.0,41.1626114749755,0.35,5.142956348249516,0
12,trip,3375,3390.3333333333335,z31,z31,toy-0007746,,,False,40.24922619105032,0.0,38.869226191050316,2.3,2.3,0
7,trip,3375,3399.809854494165,z11,z31,toy-0007755,,,False,36.106537320989354,0.0,33.8736504165145,2.3,5.142956348249516,0
29,trip,3375,3398.0,z22,z10,toy-0007754,,,False,35.51270154846774,0.0,33.44270154846774,2.3,4.6,0
40,trip,3375,3393.309854494165,z20,z32,toy-0007743,,,False,31.278257226767217,0.0,29.63037032229236,0.35,5.142956348249516,0
26,trip,3375,3393.309854494165,z10,z31,toy-0007740,,,False,30.274415591913495,0.0,28.62652868743864,0.35,5.142956348249516,0
42,trip,3375,3393.5089706448603,z31,z21,toy-0007745,,,False,37.90680411693774,0.0,36.24099675890031,2.3,3.2526911934581184,0
49,trip,3375,3398.0,z02,z32,toy-0007756,,,False,36.92141369840937,0.0,34.85141369840937,2.3,4.6,0
48,trip,3375,3407.476521160832,z20,z21,toy-0007748,,,False,44.072113095524884,0.0,41.149226191050026,5.142956348249516,4.6,0
51,trip,3375,3414.577462061291,z20,z31,toy-0007738,,,False,37.848917212463014,0.0,34.28694562694683,4.6,7.273238618387272,0
44,trip,3375,3413.827795783886,z31,z32,toy-0007741,,,False,33.44483253142155,0.0,29.95033091087182,5.142956348249516,6.505382386916237,0
50,trip,3375,3415.1431878274984,z22,z31,toy-0007749,,,False,38.891461589263294,0.0,35.27857468478844,5.142956348249516,6.8999999999999995,0
69,trip,3375,3401.175637311527,z31,z22,toy-0007742,,,False,43.31346439231514,0.0,40.9576570342777,3.2526911934581184,4.6,0
70,trip,3375,3399.1666666666665,z31,z01,toy-0007753,,,False,45.94338528392539,0.0,43.76838528392539,0.35,6.8999999999999995,0
88,trip,3375,3416.387316555456,z22,z32,toy-0007750,,,False,45.72000000000009,0.0,41.995141510009056,5.142956348249516,7.273238618387272,0
9,trip,3375,3391.5,z32,z30,toy-0007759,,,False,45.72000000000023,0.0,44.235000000000234,0.35,4.6,0
60,trip,3375,3390.3333333333335,z32,z21,toy-0007758,,,False,38.885136798570606,0.0,37.505136798570604,2.3,2.3,0
85,trip,3375,3407.526911934581,z32,z21,toy-0007739,,,False,47.895000000000024,0.0,44.96757792588772,6.505382386916237,3.2526911934581184,0
41,visit,3375,3390.0,z32,z32,,hub_waterfront,local,True,35.67074785038018,12.434252149619816,47.894999999999996,0.7,0,7.460551289771889
43,visit,3375,3390.0,z30,z30,,depot_south,local,True,38.500807751449685,9.604192248550312,47.894999999999996,0.7,0,5.7625153491301875
10,trip,3380,3388.8333333333335,z31,z32,toy-0007771,,,False,44.92500000000003,0.0,44.13000000000003,0.35,2.3,0
80,trip,3380,3392.0089706448603,z21,z32,toy-0007768,,,False,45.72000000000005,0.0,44.639192641962616,0.35,3.2526911934581184,0
58,trip,3380,3388.8333333333335,z20,z21,toy-0007763,,,False,39.40972457050055,0.0,38.61472457050055,0.35,2.3,0
1,trip,3380,3395.3333333333335,z22,z31,toy-0007767,,,False,41.70049837945047,0.0,40.32049837945047,2.3,2.3,0
14,trip,3380,3411.910795394624,z12,z31,toy-0007772,,,False,41.23841883301275,0.0,38.366447247496566,2.3,7.273238618387272,0
31,trip,3380,3392.0089706448603,z32,z21,toy-0007781,,,False,39.3446910214127,0.0,38.26388366337527,0.35,3.2526911934581184,0
34,trip,3380,3404.809854494165,z31,z22,toy-0007765,,,False,47.895000000000266,0.0,45.66211309552541,2.3,5.142956348249516,0
33,trip,3380,3392.0089706448603,z22,z31,toy-0007778,,,False,38.58341883301282,0.0,37.50261147497539,0.35,3.2526911934581184,0
46,trip,3380,3388.8333333333335,z22,z32,toy-0007779,,,False,38.75515585177577,0.0,37.96015585177577,0.35,2.3,0
53,trip,3380,3398.5089706448603,z11,z01,toy-0007775,,,False,46.40999999999985,0.0,44.744192641962414,2.3,3.2526911934581184,0
73,trip,3380,3392.0089706448603,z20,z31,toy-0007764,,,False,44.33302841448389,0.0,43.25222105644646,0.35,3.2526911934581184,0
65,trip,3380,3405.410795394624,z32,z01,toy-0007780,,,False,38.851305737487955,0.0,36.56433415197177,0.35,7.273238618387272,0
54,trip,3380,3395.3333333333335,z11,z11,toy-0007776,,,False,46.247113095525236,0.0,44.867113095525234,2.3,2.3,0
36,trip,3380,3392.0089706448603,z31,z22,toy-0007770,,,False,38.39944211289255,0.0,37.31863475485512,0.35,3.2526911934581184,0
66,trip,3380,3404.809854494165,z11,z00,toy-0007773,,,False,46.22919264196251,0.0,43.99630573748766,2.3,5.142956348249516,0
76,trip,3380,3392.0089706448603,z11,z22,toy-0007766,,,False,41.48141369840867,0.0,40.40060634037124,0.35,3.2526911934581184,0
39,trip,3380,3404.809854494165,z00,z22,toy-0007762,,,False,41.521991186248975,0.0,39.28910428177412,2.3,5.142956348249516,0
84,trip,3380,3409.351274623054,z11,z30,toy-0007774,,,False,29.604348493737714,0.0,26.962733777662844,2.3,6.505382386916237,0
59,trip,3380,3396.5,z31,z11,toy-0007769,,,False,47.89499999999995,0.0,46.409999999999954,0.35,4.6,0
81,trip,3380,3398.5089706448603,z32,z11,toy-0007777,,,False,42.5292261910503,0.0,40.863418833012865,2.3,3.2526911934581184,0
5,visit,3380,3395.0,z31,z31,,hub_core,local,True,25.374523552835168,12.777777777777779,37.94230133061294,0.7,0,7.666666666666668
62,visit,3380,3395.0,z31,z31,,hub_core,local,True,43.32422619105026,4.78077380894974,47.894999999999996,0.7,0,2.8684642853698437
45,visit,3380,3400.3333333333335,z22,z22,,hub_inner,local,False,44.282113095525084,0.0,42.90211309552508,4.6,0,0
2,trip,3385,3403.309854494165,z32,z20,toy-0007799,,,False,34.8693341519715,0.0,33.22144724749665,0.35,5.142956348249516,0
8,trip,3385,3409.809854494165,z10,z30,toy-0007785,,,False,46.22919264196228,0.0,43.996305737487425,2.3,5.142956348249516,0
21,trip,3385,3409.809854494165,z21,z32,toy-0007787,,,False,47.895000000000344,0.0,45.66211309552549,2.3,5.142956348249516,0
37,trip,3385,3393.8333333333335,z21,z11,toy-0007788,,,False,47.894999999999754,0.0,47.09999999999975,0.35,2.3,0
18,trip,3385,3401.5,z22,z02,toy-0007796,,,False,39.69722105644648,0.0,38.21222105644648,0.35,4.6,0
82,trip,3385,3403.5089706448603,z01,z11,toy-0007782,,,False,46.410000000000224,0.0,44.74419264196279,2.3,3.2526911934581184,0
11,trip,3385,3401.5,z32,z12,toy-0007802,,,False,46.48619661079077,0.0,45.00119661079077,0.35,4.6,0
0,trip,3385,3400.3333333333335,z31,z22,toy-0007790,,,False,32.80891721246313,0.0,31.42891721246313,2.3,2.3,0
3,trip,3385,3403.309854494165,z02,z10,toy-0007793,,,False,44.813028414483895,0.0,43.16514151000904,0.35,5.142956348249516,0
28,trip,3385,3429.6846079563875,z32,z20,toy-0007794,,,False,41.55341883301294,0.0,37.53180411693807,6.8999999999999995,6.505382386916237,0
16,trip,3385,3415.6666666666665,z31,z31,toy-0007786,,,False,31.980189400863438,0.0,29.22018940086344,4.6,4.6,0
20,trip,3385,3400.3333333333335,z31,z31,toy-0007789,,,False,34.791837666025785,0.0,33.41183766602578,2.3,2.3,0
61,trip,3385,3417.476521160832,z30,z31,toy-0007783,,,False,47.894999999999996,0.0,44.97211309552514,4.6,5.142956348249516,0
47,trip,3385,3417.476521160832,z32,z31,toy-0007795,,,False,38.21053192853808,0.0,35.287645024063224,4.6,5.142956348249516,0
52,trip,3385,3393.8333333333335,z31,z21,toy-0007792,,,False,47.89500000000032,0.0,47.10000000000032,0.35,2.3,0
63,trip,3385,3417.476521160832,z31,z12,toy-0007784,,,False,39.42933415197185,0.0,36.50644724749699,5.142956348249516,4.6,0
78,trip,3385,3409.809854494165,z31,z11,toy-0007800,,,False,44.45838528392536,0.0,42.22549837945051,2.3,5.142956348249516,0
71,visit,3385,3400.0,z21,z21,,hub_inner,local,True,40.62211309552518,7.482886904474818,47.894999999999996,0.7,0,4.489732142684891
79,visit,3385,3405.3333333333335,z10,z10,,depot_west,local,False,41.29419264196289,0.0,39.914192641962885,4.6,0,0
24,trip,3390,3414.809854494165,z02,z20,toy-0007817,,,False,34.46108683239295,0.0,32.2281999279181,2.3,5.142956348249516,0
10,trip,3390,3398.8333333333335,z32,z31,toy-0007822,,,False,44.13000000000006,0.0,43.33500000000006,0.35,2.3,0
43,trip,3390,3398.8333333333335,z30,z31,toy-0007809,,,False,47.895000000000294,0.0,47.10000000000029,0.35,2.3,0
15,trip,3390,3408.5089706448603,z32,z31,toy-0007820,,,False,38.23899162429703,0.0,36.573184266259595,2.3,3.2526911934581184,0
58,trip,3390,3408.5089706448603,z21,z31,toy-0007807,,,False,38.61472457050058,0.0,36.948917212463144,2.3,3.2526911934581184,0
32,trip,3390,3417.985491805692,z31,z32,toy-0007808,,,False,40.88757792588807,0.0,38.368883663375776,3.2526911934581184,5.142956348249516,0
68,trip,3390,3398.8333333333335,z31,z30,toy-0007814,,,False,38.9517705678503,0.0,38.1567705678503,0.35,2.3,0
17,trip,3390,3439.327167734945,z32,z22,toy-0007804,,,False,36.96186064134288,0.0,32.52241554519786,8.292767933567175,6.505382386916237,0
41,trip,3390,3441.886688506515,z32,z31,toy-0007803,,,False,47.89500000000013,0.0,43.22519803441379,8.292767933567175,7.273238618387272,0
74,trip,3390,3405.3333333333335,z32,z32,toy-0007815,,,False,43.64302841448386,0.0,42.263028414483855,2.3,2.3,0
46,visit,3390,3405.0,z32,z32,,hub_waterfront,local,True,37.960155851775795,10.144844148224202,47.894999999999996,0.7,0,6.086906488934521
4,visit,3390,3405.0,z11,z11,,hub_center,local,True,40.0234753574177,8.081524642582297,47.894999999999996,0.7,0,4.848914785549377
5,trip,3395,3403.8333333333335,z31,z21,toy-0007844,,,False,37.942301330612715,0.0,37.14730133061271,0.35,2.3,0
52,trip,3395,3403.8333333333335,z21,z31,toy-0007843,,,False,47.10000000000035,0.0,46.30500000000035,0.35,2.3,0
9,trip,3395,3403.8333333333335,z30,z20,toy-0007833,,,False,44.23500000000023,0.0,43.440000000000225,0.35,2.3,0
25,trip,3395,3413.309854494165,z01,z22,toy-0007839,,,False,38.89524947093048,0.0,37.24736256645563,0.35,5.142956348249516,0
12,trip,3395,3407.0089706448603,z31,z22,toy-0007845,,,False,38.86922619105034,0.0,37.788418833012905,0.35,3.2526911934581184,0
37,trip,3395,3411.5,z11,z31,toy-0007842,,,False,47.09999999999978,0.0,45.61499999999978,0.35,4.6,0
72,trip,3395,3403.8333333333335,z01,z00,toy-0007835,,,False,35.98891721246343,0.0,35.193917212463425,0.35,2.3,0
77,trip,3395,3410.3333333333335,z20,z20,toy-0007825,,,False,42.21211309552515,0.0,40.832113095525145,2.3,2.3,0
6,trip,3395,3413.309854494165,z12,z31,toy-0007848,,,False,41.43049837945046,0.0,39.78261147497561,0.35,5.142956348249516,0
57,trip,3395,3427.476521160832,z21,z20,toy-0007824,,,False,41.1626114749755,0.0,38.23972457050064,5.142956348249516,4.6,0
67,trip,3395,3430.0864327061513,z12,z32,toy-0007840,,,False,39.95456911213692,0.0,36.79679016858331,3.2526911934581184,7.273238618387272,0
40,trip,3395,3407.0089706448603,z32,z21,toy-0007852,,,False,29.630370322292375,0.0,28.54956296425494,0.35,3.2526911934581184,0
36,trip,3395,3416.6846079563875,z22,z20,toy-0007841,,,False,37.318634754855125,0.0,35.367020038780254,3.2526911934581184,3.2526911934581184,0
26,trip,3395,3413.5089706448603,z31,z21,toy-0007830,,,False,28.626528687438654,0.0,26.960721329401217,3.2526911934581184,2.3,0
33,trip,3395,3429.286375654997,z31,z31,toy-0007828,,,False,37.502611474975396,0.0,34.416837666025685,5.142956348249516,5.142956348249516,0
38,trip,3395,3428.8423039781937,z31,z12,toy-0007838,,,False,44.159192641962726,0.0,41.11338528392529,6.8999999999999995,3.2526911934581184,0
62,trip,3395,3433.827795783886,z31,z32,toy-0007829,,,False,47.895000000000294,0.0,44.40049837945057,5.142956348249516,6.505382386916237,0
80,trip,3395,3425.6666666666665,z32,z32,toy-0007850,,,False,44.63919264196262,0.0,41.879192641962625,4.6,4.6,0
73,trip,3395,3422.985491805692,z31,z21,toy-0007827,,,False,43.252221056446466,0.0,40.733526793934175,5.142956348249516,3.2526911934581184,0
86,trip,3395,3443.488257455915,z31,z31,toy-0007847,,,False,35.86619661079028,0.0,31.50225343975792,7.273238618387272,7.273238618387272,0
42,visit,3395,3410.0,z21,z21,,hub_inner,local,True,36.24099675890031,11.864003241099688,47.894999999999996,0.7,0,7.118401944659813
60,visit,3395,3443.6846079563875,z21,z21,,depot_south,central,False,37.505136798570625,0.0,35.55352208249575,6.505382386916237,0,0
76,visit,3395,3415.3333333333335,z22,z22,,hub_waterfront,local,False,40.40060634037125,0.0,39.020606340371245,4.6,0,0
13,trip,3400,3408.8333333333335,z21,z31,toy-0007864,,,False,38.29761147497543,0.0,37.50261147497543,0.35,2.3,0
19,trip,3400,3418.309854494165,z00,z21,toy-0007853,,,False,33.42478109490574,0.0,31.776894190430884,0.35,5.142956348249516,0
54,trip,3400,3408.8333333333335,z11,z12,toy-0007861,,,False,44.867113095525255,0.0,44.07211309552525,0.35,2.3,0
29,trip,3400,3418.5089706448603,z10,z31,toy-0007855,,,False,33.442701548467724,0.0,31.776894190430287,2.3,3.2526911934581184,0
71,trip,3400,3412.0089706448603,z21,z32,toy-0007866,,,False,47.894999999999726,0.0,46.81419264196229,0.35,3.2526911934581184,0
1,trip,3400,3416.5,z31,z11,toy-0007867,,,False,40.32049837945049,0.0,38.83549837945049,0.35,4.6,0
68,trip,3400,3424.809854494165,z30,z32,toy-0007856,,,False,38.15677056785033,0.0,35.92388366337548,2.3,5.142956348249516,0
53,trip,3400,3424.1666666666665,z01,z31,toy-0007859,,,False,44.744192641962414,0.0,42.56919264196242,0.35,6.8999999999999995,0
70,trip,3400,3423.0,z01,z22,toy-0007870,,,False,43.76838528392539,0.0,41.69838528392539,2.3,4.6,0
7,trip,3400,3415.3333333333335,z31,z31,toy-0007858,,,False,33.8736504165145,0.0,32.4936504165145,2.3,2.3,0
83,trip,3400,3408.8333333333335,z32,z31,toy-0007872,,,False,33.70030205834055,0.0,32.905302058340546,0.35,2.3,0
10,trip,3400,3418.5089706448603,z31,z21,toy-0007857,,,False,43.335000000000086,0.0,41.66919264196265,2.3,3.2526911934581184,0
23,trip,3400,3408.8333333333335,z31,z32,toy-0007868,,,False,41.76722105644655,0.0,40.97222105644655,0.35,2.3,0
43,trip,3400,3421.6846079563875,z31,z11,toy-0007854,,,False,47.10000000000032,0.0,45.14838528392545,3.2526911934581184,3.2526911934581184,0
55,trip,3400,3426.175637311527,z31,z20,toy-0007871,,,False,38.984442112893184,0.0,36.628634754855746,3.2526911934581184,4.6,0
59,trip,3400,3418.309854494165,z11,z32,toy-0007863,,,False,46.40999999999995,0.0,44.762113095525095,0.35,5.142956348249516,0
81,trip,3400,3427.985491805692,z11,z21,toy-0007869,,,False,40.863418833012865,0.0,38.344724570500574,3.2526911934581184,5.142956348249516,0
87,trip,3400,3426.175637311527,z31,z22,toy-0007862,,,False,43.35722105644662,0.0,41.00141369840918,4.6,3.2526911934581184,0
49,visit,3400,3457.6666666666665,z32,z32,,depot_south,central,False,34.85141369840935,0.0,32.091413698409355,9.2,0,0
31,visit,3400,3415.0,z21,z21,,hub_inner,local,True,38.263883663375275,9.84111633662472,47.894999999999996,0.7,0,5.9046698019748325
75,visit,3400,3420.3333333333335,z10,z10,,depot_west,local,False,38.84910936966266,0.0,37.46910936966266,4.6,0,0
0,trip,3405,3413.8333333333335,z22,z21,toy-0007885,,,False,31.42891721246315,0.0,30.633917212463153,0.35,2.3,0
46,trip,3405,3417.0089706448603,z32,z21,toy-0007889,,,False,47.894999999999726,0.0,46.81419264196229,0.35,3.2526911934581184,0
2,trip,3405,3429.809854494165,z20,z22,toy-0007878,,,False,33.22144724749665,0.0,30.988560343021796,2.3,5.142956348249516,0
56,trip,3405,3413.8333333333335,z32,z31,toy-0007890,,,False,38.88261147497578,0.0,38.08761147497578,0.35,2.3,0
20,trip,3405,3423.309854494165,z31,z12,toy-0007882,,,False,33.411837666025804,0.0,31.763950761550948,0.35,5.142956348249516,0
22,trip,3405,3420.3333333333335,z31,z22,toy-0007891,,,False,41.14922619105069,0.0,39.769226191050684,2.3,2.3,0
4,trip,3405,3421.5,z11,z31,toy-0007880,,,False,47.895,0.0,46.410000000000004,0.35,4.6,0
3,trip,3405,3423.309854494165,z10,z22,toy-0007875,,,False,43.16514151000904,0.0,41.51725460553419,0.35,5.142956348249516,0
52,trip,3405,3413.8333333333335,z31,z21,toy-0007881,,,False,46.305000000000376,0.0,45.510000000000375,0.35,2.3,0
66,trip,3405,3430.410795394624,z00,z31,toy-0007874,,,False,43.99630573748766,0.0,41.709334151971476,0.35,7.273238618387272,0
34,trip,3405,3413.8333333333335,z22,z32,toy-0007887,,,False,45.66211309552541,0.0,44.86711309552541,0.35,2.3,0
39,trip,3405,3423.309854494165,z22,z30,toy-0007884,,,False,39.28910428177412,0.0,37.64121737729927,0.35,5.142956348249516,0
45,trip,3405,3417.0089706448603,z22,z31,toy-0007886,,,False,42.9021130955251,0.0,41.82130573748767,0.35,3.2526911934581184,0
9,trip,3405,3417.0089706448603,z20,z31,toy-0007876,,,False,43.44000000000025,0.0,42.35919264196282,0.35,3.2526911934581184,0
72,trip,3405,3429.1666666666665,z00,z30,toy-0007873,,,False,35.193917212463454,0.0,33.01891721246346,0.35,6.8999999999999995,0
5,trip,3405,3437.526911934581,z21,z12,toy-0007877,,,False,37.14730133061274,0.0,34.219879256500434,3.2526911934581184,6.505382386916237,0
11,trip,3405,3423.309854494165,z12,z31,toy-0007883,,,False,45.001196610790764,0.0,43.35330970631591,0.35,5.142956348249516,0
64,trip,3405,3429.809854494165,z22,z11,toy-0007888,,,False,38.987611474975765,0.0,36.75472457050091,2.3,5.142956348249516,0
18,trip,3405,3420.3333333333335,z02,z11,toy-0007879,,,False,38.212221056446474,0.0,36.83222105644647,2.3,2.3,0
13,trip,3410,3422.0089706448603,z31,z20,toy-0007906,,,False,37.50261147497546,0.0,36.42180411693803,0.35,3.2526911934581184,0
15,trip,3410,3422.0089706448603,z31,z22,toy-0007907,,,False,36.573184266259595,0.0,35.49237690822216,0.35,3.2526911934581184,0
78,trip,3410,3418.8333333333335,z11,z21,toy-0007900,,,False,42.22549837945051,0.0,41.430498379450505,0.35,2.3,0
54,trip,3410,3426.5,z12,z32,toy-0007911,,,False,44.07211309552528,0.0,42.58711309552528,0.35,4.6,0
40,trip,3410,3418.8333333333335,z21,z31,toy-0007903,,,False,28.549562964254953,0.0,27.75456296425495,0.35,2.3,0
65,trip,3410,3434.1666666666665,z01,z31,toy-0007898,,,False,36.56433415197177,0.0,34.389334151971774,0.35,6.8999999999999995,0
82,trip,3410,3441.910795394624,z11,z32,toy-0007899,,,False,44.74419264196279,0.0,41.872221056446605,2.3,7.273238618387272,0
8,trip,3410,3426.5,z30,z32,toy-0007897,,,False,43.996305737487425,0.0,42.511305737487426,0.35,4.6,0
42,trip,3410,3434.809854494165,z21,z32,toy-0007901,,,False,47.89500000000039,0.0,45.662113095525534,2.3,5.142956348249516,0
83,trip,3410,3418.8333333333335,z31,z32,toy-0007908,,,False,32.905302058340574,0.0,32.11030205834057,0.35,2.3,0
69,trip,3410,3422.0089706448603,z22,z11,toy-0007913,,,False,40.95765703427767,0.0,39.87684967624024,0.35,3.2526911934581184,0
89,trip,3410,3428.5089706448603,z22,z21,toy-0007910,,,False,33.63237690822177,0.0,31.966569550184335,2.3,3.2526911934581184,0
79,trip,3410,3434.809854494165,z10,z12,toy-0007893,,,False,39.914192641962906,0.0,37.68130573748805,2.3,5.142956348249516,0
21,trip,3410,3428.309854494165,z32,z20,toy-0007915,,,False,45.66211309552549,0.0,44.01422619105064,0.35,5.142956348249516,0
48,trip,3410,3454.785747606056,z21,z32,toy-0007894,,,False,41.14922619105,0.0,37.11850890650499,5.142956348249516,8.292767933567175,0
23,trip,3410,3428.5089706448603,z32,z31,toy-0007914,,,False,40.97222105644658,0.0,39.306413698409145,2.3,3.2526911934581184,0
85,trip,3410,3437.985491805692,z21,z31,toy-0007895,,,False,44.967577925887696,0.0,42.448883663375405,3.2526911934581184,5.142956348249516,0
27,trip,3410,3434.809854494165,z32,z10,toy-0007912,,,False,32.9780284144838,0.0,30.74514151000895,2.3,5.142956348249516,0
74,trip,3410,3457.2441287279576,z32,z31,toy-0007909,,,False,42.26302841448388,0.0,38.011056828967696,6.8999999999999995,7.273238618387272,0
84,trip,3410,3428.5089706448603,z30,z11,toy-0007902,,,False,26.962733777662855,0.0,25.296926419625418,3.2526911934581184,2.3,0
58,visit,3410,3425.0,z31,z31,,hub_core,local,True,36.948917212463144,11.156082787536853,47.894999999999996,0.7,0,6.6936496725221115
12,visit,3410,3430.3333333333335,z22,z22,,hub_inner,local,False,37.78841883301291,0.0,36.40841883301291,4.6,0,0
25,trip,3415,3423.8333333333335,z22,z32,toy-0007936,,,False,37.24736256645563,0.0,36.452362566455626,0.35,2.3,0
6,trip,3415,3433.309854494165,z31,z10,toy-0007929,,,False,39.78261147497561,0.0,38.13472457050076,0.35,5.142956348249516,0
37,trip,3415,3423.8333333333335,z31,z32,toy-0007930,,,False,45.614999999999775,0.0,44.81999999999977,0.35,2.3,0
35,trip,3415,3427.0089706448603,z20,z31,toy-0007920,,,False,27.58761147497548,0.0,26.506804116938042,0.35,3.2526911934581184,0
0,trip,3415,3427.0089706448603,z21,z32,toy-0007928,,,False,30.633917212463178,0.0,29.553109854425742,0.35,3.2526911934581184,0
26,trip,3415,3427.0089706448603,z21,z10,toy-0007925,,,False,26.960721329401235,0.0,25.8799139713638,0.35,3.2526911934581184,0
31,trip,3415,3423.8333333333335,z21,z22,toy-0007927,,,False,47.894999999999804,0.0,47.0999999999998,0.35,2.3,0
52,trip,3415,3455.1431878274984,z21,z32,toy-0007932,,,False,45.5100000000004,0.0,41.89711309552555,5.142956348249516,6.8999999999999995,0
77,trip,3415,3438.0,z20,z10,toy-0007917,,,False,40.832113095525166,0.0,38.762113095525166,4.6,2.3,0
34,trip,3415,3447.526911934581,z32,z21,toy-0007918,,,False,44.86711309552544,0.0,41.93969102141313,6.505382386916237,3.2526911934581184,0
44,trip,3415,3447.476521160832,z32,z22,toy-0007921,,,False,29.95033091087181,0.0,27.027444006396955,5.142956348249516,4.6,0
71,trip,3415,3445.6666666666665,z32,z12,toy-0007931,,,False,46.8141926419623,0.0,44.0541926419623,6.8999999999999995,2.3,0
24,visit,3415,3435.3333333333335,z20,z20,,depot_south,local,False,32.2281999279181,0.0,30.8481999279181,4.6,0,0
51,visit,3415,3457.3333333333335,z31,z31,,depot_south,central,False,34.2869456269468,0.0,32.9069456269468,4.6,0,0
56,visit,3415,3430.0,z31,z31,,hub_core,local,True,38.08761147497581,10.017388525024188,47.894999999999996,0.7,0,6.0104331150145125
14,visit,3415,3457.3333333333335,z31,z31,,depot_south,central,False,38.366447247496566,0.0,36.986447247496564,4.6,0,0
76,trip,3420,3432.0089706448603,z22,z31,toy-0007949,,,False,39.020606340371266,0.0,37.93979898233383,0.35,3.2526911934581184,0
59,trip,3420,3428.8333333333335,z32,z31,toy-0007951,,,False,44.762113095525095,0.0,43.96711309552509,0.35,2.3,0
10,trip,3420,3461.387316555456,z21,z31,toy-0007937,,,False,41.66919264196265,0.0,37.94433415197162,5.142956348249516,7.273238618387272,0
9,trip,3420,3455.309226445224,z31,z02,toy-0007941,,,False,42.35919264196283,0.0,39.18136226189267,2.3,8.292767933567175,0
63,trip,3420,3447.985491805692,z12,z22,toy-0007943,,,False,36.506447247496965,0.0,33.987752984984674,3.2526911934581184,5.142956348249516,0
88,trip,3420,3428.8333333333335,z32,z22,toy-0007952,,,False,41.99514151000903,0.0,41.200141510009026,0.35,2.3,0
19,trip,3420,3458.827795783886,z21,z22,toy-0007938,,,False,31.776894190430887,0.0,28.28239256988116,5.142956348249516,6.505382386916237,0
46,trip,3420,3435.3333333333335,z21,z10,toy-0007944,,,False,46.8141926419623,0.0,45.4341926419623,2.3,2.3,0
16,trip,3420,3444.809854494165,z31,z11,toy-0007940,,,False,29.22018940086341,0.0,26.98730249638856,2.3,5.142956348249516,0
78,trip,3420,3450.6666666666665,z21,z21,toy-0007942,,,False,41.43049837945053,0.0,38.670498379450535,4.6,4.6,0
40,trip,3420,3428.8333333333335,z31,z21,toy-0007947,,,False,27.75456296425498,0.0,26.959562964254978,0.35,2.3,0
45,trip,3420,3435.3333333333335,z31,z20,toy-0007946,,,False,41.82130573748768,0.0,40.441305737487674,2.3,2.3,0
47,trip,3420,3438.5089706448603,z31,z21,toy-0007950,,,False,35.287645024063195,0.0,33.62183766602576,2.3,3.2526911934581184,0
50,trip,3420,3438.5089706448603,z31,z21,toy-0007948,,,False,35.27857468478841,0.0,33.612767326750976,3.2526911934581184,2.3,0
61,trip,3420,3446.175637311527,z31,z22,toy-0007945,,,False,44.97211309552511,0.0,42.61630573748767,4.6,3.2526911934581184,0
29,visit,3420,3435.0,z31,z31,,hub_core,local,True,31.776894190430294,12.777777777777779,44.34467196820807,0.7,0,7.666666666666668
83,visit,3420,3477.6666666666665,z32,z32,,depot_south,central,False,32.1103020583406,0.0,29.350302058340603,9.2,0,0
36,visit,3420,3440.3333333333335,z20,z20,,hub_inner,local,False,35.36702003878024,0.0,33.98702003878024,4.6,0,0
32,visit,3420,3435.0,z32,z32,,hub_waterfront,local,True,38.368883663375755,9.736116336624242,47.894999999999996,0.7,0,5.841669801974546
1,visit,3420,3435.0,z11,z11,,hub_center,local,True,38.835498379450485,9.269501620549512,47.894999999999996,0.7,0,5.5617009723297075
73,trip,3425,3437.0089706448603,z21,z32,toy-0007962,,,False,40.73352679393415,0.0,39.65271943589672,0.35,3.2526911934581184,0
75,trip,3425,3441.5,z10,z30,toy-0007954,,,False,37.46910936966268,0.0,35.98410936966268,0.35,4.6,0
3,trip,3425,3448.0,z22,z01,toy-0007960,,,False,41.51725460553419,0.0,39.44725460553419,2.3,4.6,0
4,trip,3425,3440.3333333333335,z31,z31,toy-0007961,,,False,46.41,0.0,45.029999999999994,2.3,2.3,0
39,trip,3425,3449.809854494165,z30,z12,toy-0007955,,,False,37.64121737729927,0.0,35.40833047282442,2.3,5.142956348249516,0
18,trip,3425,3441.5,z11,z31,toy-0007959,,,False,36.83222105644649,0.0,35.34722105644649,0.35,4.6,0
43,trip,3425,3455.6666666666665,z11,z31,toy-0007957,,,False,45.148385283925435,0.0,42.38838528392544,2.3,6.8999999999999995,0
11,trip,3425,3443.5089706448603,z31,z21,toy-0007956,,,False,43.35330970631591,0.0,41.68750234827848,2.3,3.2526911934581184,0
69,trip,3425,3452.985491805692,z11,z21,toy-0007953,,,False,39.87684967624025,0.0,37.35815541372796,3.2526911934581184,5.142956348249516,0
20,trip,3425,3440.3333333333335,z12,z21,toy-0007958,,,False,31.76395076155095,0.0,30.383950761550953,2.3,2.3,0
58,trip,3425,3441.5,z31,z11,toy-0007963,,,False,47.894999999999904,0.0,46.409999999999904,0.35,4.6,0
25,trip,3425,3443.5089706448603,z32,z22,toy-0007964,,,False,36.452362566455655,0.0,34.78655520841822,2.3,3.2526911934581184,0
22,trip,3425,3464.577462061291,z22,z31,toy-0007965,,,False,39.769226191050706,0.0,36.20725460553452,4.6,7.273238618387272,0
7,visit,3425,3440.0,z31,z31,,hub_core,local,True,32.49365041651452,12.777777777777779,45.0614281942923,0.7,0,7.666666666666668
15,visit,3425,3445.3333333333335,z22,z22,,hub_inner,local,False,35.49237690822217,0.0,34.11237690822217,4.6,0,0
13,visit,3425,3482.6666666666665,z20,z20,,depot_west,central,False,36.421804116938034,0.0,33.661804116938036,9.2,0,0
68,visit,3425,3440.0,z32,z32,,hub_waterfront,,True,35.92388366337548,12.18111633662452,47.894999999999996,0.7,0,7.3086698019747125
64,trip,3430,3448.309854494165,z11,z32,toy-0007971,,,False,36.75472457050091,0.0,35.10683766602606,0.35,5.142956348249516,0
2,trip,3430,3442.0089706448603,z22,z31,toy-0007978,,,False,30.9885603430218,0.0,29.907752984984363,0.35,3.2526911934581184,0
23,trip,3430,3438.8333333333335,z31,z32,toy-0007973,,,False,39.306413698409145,0.0,38.51141369840914,0.35,2.3,0
84,trip,3430,3442.0089706448603,z11,z20,toy-0007970,,,False,25.296926419625436,0.0,24.216119061588,0.35,3.2526911934581184,0
31,trip,3430,3446.5,z22,z20,toy-0007977,,,False,47.09999999999983,0.0,45.61499999999983,0.35,4.6,0
0,trip,3430,3446.5,z32,z12,toy-0007981,,,False,29.553109854425756,0.0,28.068109854425757,0.35,4.6,0
70,trip,3430,3438.8333333333335,z22,z32,toy-0007979,,,False,41.698385283925376,0.0,40.903385283925374,0.35,2.3,0
38,trip,3430,3448.309854494165,z12,z31,toy-0007975,,,False,41.113385283925275,0.0,39.46549837945042,0.35,5.142956348249516,0
8,trip,3430,3438.8333333333335,z32,z31,toy-0007980,,,False,42.51130573748742,0.0,41.71630573748742,0.35,2.3,0
21,trip,3430,3452.851274623054,z20,z02,toy-0007968,,,False,44.01422619105064,0.0,41.95761147497577,0.35,6.505382386916237,0
26,trip,3430,3452.851274623054,z10,z32,toy-0007966,,,False,25.879913971363813,0.0,23.82329925528894,0.35,6.505382386916237,0
87,trip,3430,3462.476521160832,z22,z21,toy-0007974,,,False,41.00141369840915,0.0,38.078526793934294,4.6,5.142956348249516,0
72,trip,3430,3438.8333333333335,z30,z31,toy-0007969,,,False,33.01891721246346,0.0,32.223917212463455,0.35,2.3,0
35,trip,3430,3454.1666666666665,z31,z01,toy-0007972,,,False,26.506804116938056,0.0,24.331804116938056,0.35,6.8999999999999995,0
88,trip,3430,3453.0,z22,z32,toy-0007976,,,False,41.200141510009054,0.0,39.130141510009054,2.3,4.6,0
28,trip,3430,3442.0089706448603,z20,z31,toy-0007967,,,False,37.53180411693805,0.0,36.450996758900615,0.35,3.2526911934581184,0
33,visit,3430,3445.0,z31,z31,,hub_core,local,True,34.416837666025664,12.777777777777779,46.98461544380344,0.7,0,7.666666666666668
12,trip,3435,3443.8333333333335,z22,z12,toy-0008003,,,False,36.40841883301293,0.0,35.61341883301293,0.35,2.3,0
6,trip,3435,3453.309854494165,z10,z31,toy-0007985,,,False,38.13472457050076,0.0,36.486837666025906,0.35,5.142956348249516,0
55,trip,3435,3443.8333333333335,z20,z10,toy-0007987,,,False,36.62863475485572,0.0,35.833634754855716,0.35,2.3,0
1,trip,3435,3451.5,z11,z31,toy-0007994,,,False,47.89499999999987,0.0,46.40999999999987,0.35,4.6,0
81,trip,3435,3443.8333333333335,z21,z31,toy-0007997,,,False,38.34472457050055,0.0,37.54972457050055,0.35,2.3,0
57,trip,3435,3443.8333333333335,z20,z21,toy-0007989,,,False,38.23972457050061,0.0,37.44472457050061,0.35,2.3,0
27,trip,3435,3459.809854494165,z10,z32,toy-0007990,,,False,30.745141510008953,0.0,28.512254605534096,2.3,5.142956348249516,0
89,trip,3435,3462.985491805692,z21,z22,toy-0007986,,,False,31.966569550184342,0.0,29.44787528767205,3.2526911934581184,5.142956348249516,0
29,trip,3435,3453.5089706448603,z31,z30,toy-0007996,,,False,44.34467196820784,0.0,42.67886461017041,2.3,3.2526911934581184,0
79,trip,3435,3453.5089706448603,z12,z02,toy-0007995,,,False,37.68130573748805,0.0,36.01549837945062,2.3,3.2526911934581184,0
32,trip,3435,3443.8333333333335,z32,z31,toy-0008006,,,False,47.89500000000012,0.0,47.100000000000115,0.35,2.3,0
37,trip,3435,3457.851274623054,z32,z10,toy-0008004,,,False,44.8199999999998,0.0,42.76338528392493,0.35,6.505382386916237,0
42,trip,3435,3453.309854494165,z32,z11,toy-0008005,,,False,45.662113095525534,0.0,44.01422619105068,0.35,5.142956348249516,0
54,trip,3435,3467.476521160832,z32,z20,toy-0008001,,,False,42.587113095525275,0.0,39.66422619105042,4.6,5.142956348249516,0
56,trip,3435,3456.6846079563875,z31,z11,toy-0007988,,,False,47.895000000000195,0.0,45.94338528392532,3.2526911934581184,3.2526911934581184,0
59,trip,3435,3482.2441287279576,z31,z32,toy-0007993,,,False,43.96711309552512,0.0,39.71514151000894,6.8999999999999995,7.273238618387272,0
65,trip,3435,3443.8333333333335,z31,z21,toy-0007999,,,False,34.389334151971774,0.0,33.59433415197177,0.35,2.3,0
66,trip,3435,3458.0,z31,z32,toy-0007992,,,False,41.709334151971476,0.0,39.639334151971475,2.3,4.6,0
62,trip,3435,3485.6425597785574,z32,z30,toy-0008000,,,False,44.400498379450546,0.0,39.842667999380396,6.8999999999999995,8.292767933567175,0
76,trip,3435,3470.0864327061513,z31,z11,toy-0007982,,,False,37.93979898233384,0.0,34.782020038780225,7.273238618387272,3.2526911934581184,0
67,trip,3435,3461.175637311527,z32,z21,toy-0008002,,,False,36.796790168583286,0.0,34.44098281054585,4.6,3.2526911934581184,0
80,trip,3435,3486.886688506515,z32,z31,toy-0007983,,,False,41.879192641962575,0.0,37.209390676376245,8.292767933567175,7.273238618387272,0
40,visit,3435,3450.0,z21,z21,,hub_inner,local,True,26.959562964255007,12.777777777777779,39.527340742032784,0.7,0,7.666666666666668
53,visit,3435,3450.0,z31,z31,,hub_core,local,True,42.56919264196242,5.535807358037581,47.894999999999996,0.7,0,3.321484414822548
24,trip,3440,3456.5,z20,z22,toy-0008011,,,False,30.848199927918124,0.0,29.363199927918124,0.35,4.6,0
7,trip,3440,3464.809854494165,z31,z22,toy-0008012,,,False,45.06142819429206,0.0,42.82854128981721,2.3,5.142956348249516,0
46,trip,3440,3475.309226445224,z10,z32,toy-0008007,,,False,45.43419264196232,0.0,42.256362261892164,2.3,8.292767933567175,0
8,trip,3440,3452.0089706448603,z31,z22,toy-0008017,,,False,41.716305737487446,0.0,40.63549837945001,0.35,3.2526911934581184,0
47,trip,3440,3452.0089706448603,z21,z32,toy-0008016,,,False,33.62183766602576,0.0,32.54103030798833,0.35,3.2526911934581184,0
45,trip,3440,3458.309854494165,z20,z01,toy-0008009,,,False,40.441305737487696,0.0,38.79341883301284,0.35,5.142956348249516,0
72,trip,3440,3448.8333333333335,z31,z32,toy-0008018,,,False,32.22391721246348,0.0,31.42891721246348,0.35,2.3,0
85,trip,3440,3455.3333333333335,z31,z22,toy-0008015,,,False,42.44888366337538,0.0,41.06888366337538,2.3,2.3,0
5,trip,3440,3458.5089706448603,z12,z31,toy-0008023,,,False,34.21987925650041,0.0,32.55407189846298,2.3,3.2526911934581184,0
23,trip,3440,3458.5089706448603,z32,z11,toy-0008014,,,False,38.51141369840917,0.0,36.84560634037174,3.2526911934581184,2.3,0
77,trip,3440,3472.476521160832,z10,z22,toy-0008019,,,False,38.76211309552515,0.0,35.839226191050294,5.142956348249516,4.6,0
68,trip,3440,3458.5089706448603,z32,z11,toy-0008021,,,False,47.895,0.0,46.22919264196257,2.3,3.2526911934581184,0
73,trip,3440,3486.0,z32,z32,toy-0008020,,,False,39.65271943589673,0.0,35.51271943589673,6.8999999999999995,6.8999999999999995,0
17,visit,3440,3501.286375654997,z22,z22,,depot_south,central,False,32.522415545197816,0.0,29.436641736248106,10.285912696499032,0,0
70,visit,3440,3455.0,z32,z32,,hub_waterfront,local,True,40.9033852839254,7.201614716074594,47.894999999999996,0.7,0,4.320968829644756
82,trip,3445,3453.8333333333335,z32,z31,toy-0008041,,,False,41.872221056446605,0.0,41.077221056446604,0.35,2.3,0
75,trip,3445,3453.8333333333335,z30,z31,toy-0008030,,,False,35.984109369662676,0.0,35.189109369662674,0.35,2.3,0
16,trip,3445,3463.309854494165,z11,z32,toy-0008033,,,False,26.987302496388565,0.0,25.33941559191371,0.35,5.142956348249516,0
36,trip,3445,3460.3333333333335,z20,z20,toy-0008026,,,False,33.98702003878026,0.0,32.607020038780256,2.3,2.3,0
12,trip,3445,3463.309854494165,z12,z31,toy-0008037,,,False,35.61341883301296,0.0,33.965531928538105,0.35,5.142956348249516,0
58,trip,3445,3463.5089706448603,z11,z01,toy-0008027,,,False,46.4099999999999,0.0,44.744192641962464,2.3,3.2526911934581184,0
84,trip,3445,3453.8333333333335,z20,z30,toy-0008029,,,False,24.216119061588014,0.0,23.421119061588016,0.35,2.3,0
25,trip,3445,3484.577462061291,z22,z31,toy-0008036,,,False,34.78655520841822,0.0,31.22458362290204,4.6,7.273238618387272,0
2,trip,3445,3476.910795394624,z31,z01,toy-0008040,,,False,29.907752984984377,0.0,27.035781399468195,2.3,7.273238618387272,0
4,trip,3445,3463.309854494165,z31,z12,toy-0008035,,,False,45.030000000000015,0.0,43.38211309552516,0.35,5.142956348249516,0
11,trip,3445,3468.0,z21,z31,toy-0008031,,,False,41.68750234827848,0.0,39.61750234827848,2.3,4.6,0
20,trip,3445,3466.6846079563875,z21,z21,toy-0008028,,,False,30.383950761550977,0.0,28.432336045476106,3.2526911934581184,3.2526911934581184,0
57,trip,3445,3460.3333333333335,z21,z32,toy-0008038,,,False,37.44472457050064,0.0,36.06472457050064,2.3,2.3,0
60,trip,3445,3453.8333333333335,z21,z31,toy-0008034,,,False,35.55352208249574,0.0,34.75852208249574,0.35,2.3,0
18,trip,3445,3469.809854494165,z31,z20,toy-0008039,,,False,35.347221056446486,0.0,33.11433415197163,2.3,5.142956348249516,0
65,trip,3445,3463.5089706448603,z21,z22,toy-0008032,,,False,33.5943341519718,0.0,31.928526793934363,2.3,3.2526911934581184,0
50,visit,3445,3460.0,z21,z21,,hub_inner,local,True,33.612767326750976,12.777777777777779,46.180545104528754,0.7,0,7.666666666666668
55,visit,3445,3465.3333333333335,z10,z10,,depot_west,local,False,35.833634754855744,0.0,34.45363475485574,4.6,0,0
86,visit,3445,3460.0,z31,z31,,hub_core,,True,31.5022534397579,16.6027465602421,47.895,0.7,0,9.96164793614526
28,visit,3445,3460.0,z31,z31,,hub_core,,True,36.45099675890062,11.654003241099376,47.894999999999996,0.7,0,6.992401944659625
32,trip,3450,3466.5,z31,z11,toy-0008051,,,False,47.10000000000014,0.0,45.615000000000144,0.35,4.6,0
31,trip,3450,3465.3333333333335,z20,z20,toy-0008045,,,False,45.614999999999824,0.0,44.23499999999982,2.3,2.3,0
15,trip,3450,3462.0089706448603,z22,z31,toy-0008057,,,False,34.11237690822219,0.0,33.031569550184756,0.35,3.2526911934581184,0
3,trip,3450,3479.351274623054,z01,z20,toy-0008053,,,False,39.44725460553418,0.0,36.80563988945931,2.3,6.505382386916237,0
71,trip,3450,3477.985491805692,z12,z20,toy-0008047,,,False,44.054192641962295,0.0,41.535498379450004,3.2526911934581184,5.142956348249516,0
34,trip,3450,3480.6666666666665,z21,z21,toy-0008048,,,False,41.93969102141311,0.0,39.17969102141311,4.6,4.6,0
44,trip,3450,3465.3333333333335,z22,z22,toy-0008054,,,False,27.02744400639694,0.0,25.64744400639694,2.3,2.3,0
40,trip,3450,3476.175637311527,z21,z10,toy-0008046,,,False,39.52734074203256,0.0,37.17153338399512,4.6,3.2526911934581184,0
61,trip,3450,3468.5089706448603,z22,z21,toy-0008050,,,False,42.61630573748764,0.0,40.95049837945021,3.2526911934581184,2.3,0
33,trip,3450,3471.6846079563875,z31,z31,toy-0008043,,,False,46.98461544380321,0.0,45.033000727728336,3.2526911934581184,3.2526911934581184,0
38,trip,3450,3477.985491805692,z31,z32,toy-0008044,,,False,39.46549837945042,0.0,36.94680411693813,3.2526911934581184,5.142956348249516,0
63,trip,3450,3468.5089706448603,z22,z01,toy-0008049,,,False,33.98775298498465,0.0,32.32194562694722,3.2526911934581184,2.3,0
41,trip,3450,3458.8333333333335,z31,z21,toy-0008052,,,False,43.22519803441376,0.0,42.430198034413756,0.35,2.3,0
53,trip,3450,3477.985491805692,z31,z01,toy-0008056,,,False,47.89499999999978,0.0,45.37630573748749,3.2526911934581184,5.142956348249516,0
81,trip,3450,3484.286375654997,z31,z31,toy-0008042,,,False,37.54972457050058,0.0,34.46395076155087,5.142956348249516,5.142956348249516,0
0,visit,3450,3511.286375654997,z12,z12,,depot_west,central,False,28.068109854425757,0.0,24.982336045476046,10.285912696499032,0,0
72,visit,3450,3465.0,z32,z32,,hub_waterfront,local,True,31.428917212463507,12.777777777777779,43.99669499024129,0.7,0,7.666666666666668
64,visit,3450,3465.0,z32,z32,,hub_waterfront,local,True,35.10683766602606,12.777777777777779,47.67461544380384,0.7,0,7.666666666666668
39,visit,3450,3470.3333333333335,z12,z12,,hub_center,local,False,35.40833047282442,0.0,34.028330472824415,4.6,0,0
35,trip,3455,3478.0,z01,z20,toy-0008058,,,False,24.331804116938073,0.0,22.261804116938073,2.3,4.6,0
42,trip,3455,3478.0,z11,z12,toy-0008060,,,False,44.01422619105068,0.0,41.94422619105068,2.3,4.6,0
21,trip,3455,3479.809854494165,z02,z22,toy-0008065,,,False,41.95761147497577,0.0,39.72472457050092,2.3,5.142956348249516,0
26,trip,3455,3463.8333333333335,z32,z31,toy-0008078,,,False,23.823299255288955,0.0,23.028299255288957,0.35,2.3,0
47,trip,3455,3467.0089706448603,z32,z21,toy-0008077,,,False,32.541030307988336,0.0,31.4602229499509,0.35,3.2526911934581184,0
69,trip,3455,3478.0,z21,z31,toy-0008067,,,False,37.358155413727935,0.0,35.288155413727935,2.3,4.6,0
8,trip,3455,3479.809854494165,z22,z31,toy-0008075,,,False,40.63549837945002,0.0,38.40261147497517,2.3,5.142956348249516,0
78,trip,3455,3463.8333333333335,z21,z20,toy-0008069,,,False,38.670498379450486,0.0,37.875498379450484,0.35,2.3,0
79,trip,3455,3485.6666666666665,z02,z31,toy-0008064,,,False,36.01549837945062,0.0,33.25549837945062,2.3,6.8999999999999995,0
1,trip,3455,3502.2441287279576,z31,z32,toy-0008066,,,False,46.40999999999986,0.0,42.15802841448368,6.8999999999999995,7.273238618387272,0
6,trip,3455,3470.3333333333335,z31,z31,toy-0008070,,,False,36.486837666025906,0.0,35.1068376660259,2.3,2.3,0
60,trip,3455,3463.8333333333335,z31,z32,toy-0008072,,,False,34.758522082495766,0.0,33.963522082495764,0.35,2.3,0
29,trip,3455,3492.017941289721,z30,z32,toy-0008061,,,False,42.67886461017041,0.0,39.34724989409553,4.6,6.505382386916237,0
75,trip,3455,3485.6666666666665,z31,z11,toy-0008063,,,False,35.1891093696627,0.0,32.429109369662704,6.8999999999999995,2.3,0
84,trip,3455,3502.2441287279576,z30,z31,toy-0008059,,,False,23.42111906158804,0.0,19.16914747607186,6.8999999999999995,7.273238618387272,0
48,trip,3455,3471.5,z32,z30,toy-0008076,,,False,37.11850890650496,0.0,35.63350890650496,0.35,4.6,0
82,trip,3455,3473.5089706448603,z31,z21,toy-0008062,,,False,41.07722105644663,0.0,39.4114136984092,2.3,3.2526911934581184,0
70,trip,3455,3485.6666666666665,z32,z10,toy-0008074,,,False,47.89499999999992,0.0,45.13499999999992,4.6,4.6,0
88,trip,3455,3482.985491805692,z32,z00,toy-0008068,,,False,39.13014151000904,0.0,36.61144724749675,3.2526911934581184,5.142956348249516,0
19,trip,3460,3472.0089706448603,z22,z31,toy-0008093,,,False,28.28239256988116,0.0,27.201585211843724,0.35,3.2526911934581184,0
24,trip,3460,3468.8333333333335,z22,z32,toy-0008094,,,False,29.363199927918124,0.0,28.568199927918123,0.35,2.3,0
37,trip,3460,3484.809854494165,z10,z21,toy-0008079,,,False,42.76338528392493,0.0,40.53049837945008,2.3,5.142956348249516,0
41,trip,3460,3475.3333333333335,z21,z21,toy-0008081,,,False,42.430198034413785,0.0,41.05019803441378,2.3,2.3,0
5,trip,3460,3483.0,z31,z32,toy-0008083,,,False,32.55407189846298,0.0,30.48407189846298,2.3,4.6,0
85,trip,3460,3468.8333333333335,z22,z21,toy-0008092,,,False,41.0688836633754,0.0,40.2738836633754,0.35,2.3,0
9,trip,3460,3478.5089706448603,z02,z21,toy-0008090,,,False,39.18136226189266,0.0,37.515554903855225,2.3,3.2526911934581184,0
27,trip,3460,3468.8333333333335,z32,z22,toy-0008095,,,False,28.512254605534107,0.0,27.71725460553411,0.35,2.3,0
50,trip,3460,3468.8333333333335,z21,z22,toy-0008086,,,False,46.18054510452852,0.0,45.38554510452852,0.35,2.3,0
14,trip,3460,3478.5089706448603,z31,z12,toy-0008085,,,False,36.986447247496585,0.0,35.32063988945915,2.3,3.2526911934581184,0
28,trip,3460,3472.0089706448603,z31,z22,toy-0008088,,,False,47.895000000000366,0.0,46.81419264196293,0.35,3.2526911934581184,0
56,trip,3460,3468.8333333333335,z11,z12,toy-0008084,,,False,45.94338528392531,0.0,45.14838528392531,0.35,2.3,0
45,trip,3460,3478.5089706448603,z01,z11,toy-0008089,,,False,38.79341883301284,0.0,37.12761147497541,3.2526911934581184,2.3,0
43,trip,3460,3505.928736684345,z31,z22,toy-0008080,,,False,42.38838528392543,0.0,38.25479898233438,7.273238618387272,6.505382386916237,0
51,trip,3460,3468.8333333333335,z31,z30,toy-0008087,,,False,32.90694562694682,0.0,32.11194562694682,0.35,2.3,0
74,trip,3460,3475.3333333333335,z31,z31,toy-0008082,,,False,38.01105682896767,0.0,36.631056828967665,2.3,2.3,0
49,trip,3460,3489.351274623054,z32,z00,toy-0008091,,,False,32.091413698409305,0.0,29.449798982334435,2.3,6.505382386916237,0
23,visit,3460,3475.0,z11,z11,,hub_center,local,True,36.84560634037174,11.25939365962826,47.894999999999996,0.7,0,6.7556361957769555
68,visit,3460,3475.0,z11,z11,,hub_center,local,True,46.22919264196257,1.8758073580374273,47.894999999999996,0.7,0,1.1254844148224563
36,trip,3465,3489.809854494165,z20,z31,toy-0008097,,,False,32.60702003878028,0.0,30.374133134305424,2.3,5.142956348249516,0
16,trip,3465,3473.8333333333335,z32,z31,toy-0008108,,,False,25.339415591913724,0.0,24.544415591913726,0.35,2.3,0
10,trip,3465,3483.309854494165,z31,z10,toy-0008101,,,False,37.94433415197159,0.0,36.29644724749674,0.35,5.142956348249516,0
4,trip,3465,3496.910795394624,z12,z31,toy-0008106,,,False,43.38211309552516,0.0,40.51014151000898,2.3,7.273238618387272,0
12,trip,3465,3473.8333333333335,z31,z21,toy-0008103,,,False,33.965531928538105,0.0,33.170531928538104,0.35,2.3,0
15,trip,3465,3473.8333333333335,z31,z32,toy-0008104,,,False,33.03156955018476,0.0,32.23656955018476,0.35,2.3,0
58,trip,3465,3500.309226445224,z01,z32,toy-0008096,,,False,44.744192641962464,0.0,41.56636226189231,2.3,8.292767933567175,0
7,trip,3465,3497.476521160832,z22,z21,toy-0008105,,,False,42.82854128981721,0.0,39.90565438534235,4.6,5.142956348249516,0
67,trip,3465,3489.809854494165,z21,z32,toy-0008099,,,False,34.44098281054582,0.0,32.208095906070966,2.3,5.142956348249516,0
87,trip,3465,3473.8333333333335,z21,z31,toy-0008100,,,False,38.078526793934266,0.0,37.283526793934264,0.35,2.3,0
78,trip,3465,3477.0089706448603,z20,z31,toy-0008098,,,False,37.87549837945051,0.0,36.79469102141308,0.35,3.2526911934581184,0
22,trip,3465,3477.0089706448603,z31,z20,toy-0008102,,,False,36.207254605534494,0.0,35.12644724749706,0.35,3.2526911934581184,0
52,trip,3465,3483.309854494165,z32,z11,toy-0008107,,,False,41.89711309552552,0.0,40.24922619105067,0.35,5.142956348249516,0
26,visit,3465,3480.0,z31,z31,,hub_core,local,True,23.02829925528898,12.777777777777779,35.596077033066756,0.7,0,7.666666666666668
57,visit,3465,3522.6666666666665,z32,z32,,depot_south,central,False,36.06472457050066,0.0,33.30472457050066,9.2,0,0
60,visit,3465,3480.0,z32,z32,,hub_waterfront,,True,33.96352208249579,14.141477917504202,47.894999999999996,0.7,0,8.484886750502522
32,trip,3470,3482.0089706448603,z11,z22,toy-0008117,,,False,45.61500000000014,0.0,44.534192641962704,0.35,3.2526911934581184,0
20,trip,3470,3493.0,z21,z31,toy-0008116,,,False,28.432336045476106,0.0,26.362336045476106,2.3,4.6,0
47,trip,3470,3485.3333333333335,z21,z21,toy-0008115,,,False,31.46022294995091,0.0,30.08022294995091,2.3,2.3,0
55,trip,3470,3482.0089706448603,z10,z21,toy-0008110,,,False,34.45363475485576,0.0,33.37282739681833,0.35,3.2526911934581184,0
56,trip,3470,3488.309854494165,z12,z31,toy-0008120,,,False,45.148385283925336,0.0,43.500498379450484,0.35,5.142956348249516,0
63,trip,3470,3500.6666666666665,z01,z32,toy-0008119,,,False,32.32194562694722,0.0,29.56194562694722,2.3,6.8999999999999995,0
44,trip,3470,3482.0089706448603,z22,z31,toy-0008123,,,False,25.647444006396967,0.0,24.56663664835953,0.35,3.2526911934581184,0
50,trip,3470,3486.5,z22,z20,toy-0008122,,,False,45.385545104528546,0.0,43.90054510452855,0.35,4.6,0
18,trip,3470,3509.577462061291,z20,z31,toy-0008109,,,False,33.11433415197163,0.0,29.55236256645545,4.6,7.273238618387272,0
24,trip,3470,3482.0089706448603,z32,z21,toy-0008125,,,False,28.56819992791815,0.0,27.487392569880715,0.35,3.2526911934581184,0
31,trip,3470,3486.5,z20,z22,toy-0008112,,,False,44.23499999999984,0.0,42.749999999999844,0.35,4.6,0
54,trip,3470,3488.309854494165,z20,z32,toy-0008113,,,False,39.66422619105039,0.0,38.01633928657554,0.35,5.142956348249516,0
61,trip,3470,3508.3333333333335,z21,z31,toy-0008114,,,False,40.95049837945021,0.0,37.50049837945021,4.6,6.8999999999999995,0
85,trip,3470,3497.985491805692,z21,z22,toy-0008111,,,False,40.27388366337543,0.0,37.75518940086314,3.2526911934581184,5.142956348249516,0
11,trip,3470,3488.5089706448603,z31,z32,toy-0008118,,,False,39.617502348278464,0.0,37.95169499024103,2.3,3.2526911934581184,0
65,trip,3470,3493.0,z22,z32,toy-0008121,,,False,31.92852679393437,0.0,29.85852679393437,2.3,4.6,0
64,trip,3470,3498.809226445224,z32,z00,toy-0008124,,,False,47.6746154438036,0.0,45.08178506373345,0.35,8.292767933567175,0
27,visit,3470,3490.3333333333335,z22,z22,,hub_inner,local,False,27.717254605534134,0.0,26.337254605534135,4.6,0,0
51,visit,3470,3485.0,z30,z30,,depot_south,,True,32.11194562694685,15.993054373053148,47.894999999999996,0.7,0,9.595832623831889
16,trip,3475,3500.410795394624,z31,z02,toy-0008136,,,False,24.54441559191375,0.0,22.25744400639757,0.35,7.273238618387272,0
48,trip,3475,3500.410795394624,z30,z01,toy-0008129,,,False,35.63350890650495,0.0,33.346537320988766,0.35,7.273238618387272,0
12,trip,3475,3493.5089706448603,z21,z11,toy-0008127,,,False,33.17053192853813,0.0,31.504724570500695,2.3,3.2526911934581184,0
28,trip,3475,3483.8333333333335,z22,z32,toy-0008141,,,False,46.81419264196294,0.0,46.01919264196294,0.35,2.3,0
82,trip,3475,3483.8333333333335,z21,z11,toy-0008133,,,False,39.4114136984092,0.0,38.6164136984092,0.35,2.3,0
19,trip,3475,3490.3333333333335,z31,z31,toy-0008134,,,False,27.20158521184374,0.0,25.82158521184374,2.3,2.3,0
33,trip,3475,3499.809854494165,z31,z11,toy-0008130,,,False,45.03300072772832,0.0,42.80011382325347,2.3,5.142956348249516,0
77,trip,3475,3487.0089706448603,z22,z11,toy-0008140,,,False,35.839226191050265,0.0,34.75841883301283,0.35,3.2526911934581184,0
86,trip,3475,3491.5,z31,z11,toy-0008135,,,False,47.89500000000002,0.0,46.41000000000002,0.35,4.6,0
87,trip,3475,3487.0089706448603,z31,z22,toy-0008137,,,False,37.28352679393429,0.0,36.20271943589686,0.35,3.2526911934581184,0
23,trip,3475,3493.5089706448603,z11,z12,toy-0008131,,,False,47.89499999999974,0.0,46.22919264196231,2.3,3.2526911934581184,0
68,trip,3475,3496.6846079563875,z11,z31,toy-0008128,,,False,47.89500000000008,0.0,45.94338528392521,3.2526911934581184,3.2526911934581184,0
15,trip,3475,3490.3333333333335,z32,z32,toy-0008138,,,False,32.23656955018479,0.0,30.85656955018479,2.3,2.3,0
76,trip,3475,3487.0089706448603,z11,z20,toy-0008132,,,False,34.7820200387802,0.0,33.70121268074277,0.35,3.2526911934581184,0
89,trip,3475,3493.309854494165,z22,z10,toy-0008139,,,False,29.44787528767205,0.0,27.799988383197196,0.35,5.142956348249516,0
39,trip,3475,3512.017941289721,z12,z32,toy-0008126,,,False,34.028330472824436,0.0,30.696715756749565,4.6,6.505382386916237,0
66,trip,3475,3483.8333333333335,z32,z31,toy-0008142,,,False,39.63933415197146,0.0,38.84433415197146,0.35,2.3,0
6,visit,3475,3490.0,z31,z31,,hub_core,local,True,35.106837666025925,12.777777777777779,47.6746154438037,0.7,0,7.666666666666668
21,trip,3480,3488.8333333333335,z22,z21,toy-0008154,,,False,39.72472457050092,0.0,38.929724570500916,0.35,2.3,0
40,trip,3480,3498.309854494165,z10,z31,toy-0008143,,,False,37.17153338399509,0.0,35.52364647952024,0.35,5.142956348249516,0
3,trip,3480,3495.3333333333335,z20,z31,toy-0008144,,,False,36.8056398894593,0.0,35.4256398894593,2.3,2.3,0
9,trip,3480,3492.0089706448603,z21,z10,toy-0008149,,,False,37.515554903855225,0.0,36.43474754581779,0.35,3.2526911934581184,0
46,trip,3480,3488.8333333333335,z32,z22,toy-0008157,,,False,42.25636226189215,0.0,41.46136226189215,0.35,2.3,0
8,trip,3480,3504.809854494165,z31,z22,toy-0008145,,,False,38.40261147497517,0.0,36.169724570500314,2.3,5.142956348249516,0
14,trip,3480,3492.0089706448603,z12,z01,toy-0008152,,,False,35.32063988945915,0.0,34.23983253142172,0.35,3.2526911934581184,0
45,trip,3480,3496.5,z11,z31,toy-0008148,,,False,37.12761147497541,0.0,35.64261147497541,0.35,4.6,0
60,trip,3480,3496.5,z32,z12,toy-0008156,,,False,47.89499999999995,0.0,46.409999999999954,0.35,4.6,0
26,trip,3480,3488.8333333333335,z31,z21,toy-0008151,,,False,35.59607703306653,0.0,34.80107703306653,0.35,2.3,0
41,trip,3480,3498.309854494165,z21,z02,toy-0008150,,,False,41.0501980344138,0.0,39.40231112993895,0.35,5.142956348249516,0
2,trip,3480,3496.5,z01,z21,toy-0008147,,,False,27.03578139946821,0.0,25.55078139946821,0.35,4.6,0
53,trip,3480,3505.410795394624,z01,z30,toy-0008146,,,False,45.37630573748747,0.0,43.089334151971286,0.35,7.273238618387272,0
42,trip,3480,3488.8333333333335,z12,z22,toy-0008153,,,False,41.94422619105067,0.0,41.149226191050666,0.35,2.3,0
72,trip,3480,3498.309854494165,z32,z20,toy-0008155,,,False,43.99669499024105,0.0,42.3488080857662,0.35,5.142956348249516,0
38,visit,3480,3495.0,z32,z32,,hub_waterfront,local,True,36.94680411693811,11.158195883061886,47.894999999999996,0.7,0,6.694917529837131
83,visit,3480,3495.0,z32,z32,,hub_waterfront,,True,29.350302058340574,17.77777777777778,46.91807983611835,0.7,0,10.666666666666668
69,visit,3480,3495.0,z31,z31,,hub_core,,True,35.28815541372792,12.816844586272076,47.894999999999996,0.7,0,7.6901067517632455
74,visit,3480,3495.0,z31,z31,,hub_core,,True,36.63105682896769,11.47394317103231,47.894999999999996,0.7,0,6.884365902619386
52,trip,3485,3503.5089706448603,z11,z01,toy-0008164,,,False,40.24922619105067,0.0,38.58341883301323,3.2526911934581184,2.3,0
25,trip,3485,3503.309854494165,z31,z12,toy-0008163,,,False,31.22458362290201,0.0,29.576696718427154,0.35,5.142956348249516,0
32,trip,3485,3497.0089706448603,z22,z31,toy-0008165,,,False,44.53419264196271,0.0,43.45338528392528,0.35,3.2526911934581184,0
24,trip,3485,3493.8333333333335,z21,z31,toy-0008161,,,False,27.48739256988073,0.0,26.69239256988073,0.35,2.3,0
82,trip,3485,3503.309854494165,z11,z32,toy-0008160,,,False,38.616413698409225,0.0,36.96852679393437,0.35,5.142956348249516,0
5,trip,3485,3493.8333333333335,z32,z31,toy-0008166,,,False,30.484071898462975,0.0,29.689071898462977,0.35,2.3,0
13,trip,3485,3493.8333333333335,z20,z21,toy-0008158,,,False,33.66180411693799,0.0,32.866804116937985,0.35,2.3,0
34,trip,3485,3493.8333333333335,z21,z22,toy-0008162,,,False,39.17969102141306,0.0,38.38469102141306,0.35,2.3,0
88,trip,3485,3516.910795394624,z00,z32,toy-0008159,,,False,36.61144724749673,0.0,33.73947566198055,2.3,7.273238618387272,0
10,visit,3485,3505.3333333333335,z10,z10,,depot_west,local,False,36.29644724749674,0.0,34.916447247496734,4.6,0,0
28,visit,3485,3500.0,z32,z32,,hub_waterfront,local,True,46.01919264196297,2.08580735803703,47.894999999999996,0.7,0,1.2514844148222182
55,visit,3485,3500.0,z21,z21,,hub_inner,,True,33.37282739681834,14.732172603181661,47.894999999999996,0.7,0,8.839303561908997
11,trip,3490,3514.1666666666665,z32,z02,toy-0008177,,,False,37.95169499024103,0.0,35.77669499024103,0.35,6.8999999999999995,0
31,trip,3490,3514.809854494165,z22,z20,toy-0008173,,,False,42.74999999999984,0.0,40.517113095524984,2.3,5.142956348249516,0
21,trip,3490,3502.0089706448603,z21,z32,toy-0008169,,,False,38.929724570500944,0.0,37.84891721246351,0.35,3.2526911934581184,0
42,trip,3490,3498.8333333333335,z22,z12,toy-0008174,,,False,41.149226191050694,0.0,40.35422619105069,0.35,2.3,0
6,trip,3490,3514.1666666666665,z31,z01,toy-0008171,,,False,47.67461544380347,0.0,45.49961544380347,0.35,6.8999999999999995,0
36,trip,3490,3498.8333333333335,z31,z32,toy-0008172,,,False,30.374133134305428,0.0,29.57913313430543,0.35,2.3,0
54,trip,3490,3502.0089706448603,z32,z21,toy-0008176,,,False,38.01633928657554,0.0,36.935531928538104,0.35,3.2526911934581184,0
59,trip,3490,3512.851274623054,z32,z10,toy-0008175,,,False,39.71514151000891,0.0,37.658526793934044,0.35,6.505382386916237,0
75,trip,3490,3508.309854494165,z11,z30,toy-0008168,,,False,32.4291093696627,0.0,30.78122246518784,0.35,5.142956348249516,0
44,trip,3490,3502.0089706448603,z31,z20,toy-0008170,,,False,24.566636648359545,0.0,23.48582929032211,0.35,3.2526911934581184,0
70,trip,3490,3498.8333333333335,z10,z11,toy-0008167,,,False,45.13499999999987,0.0,44.33999999999987,0.35,2.3,0
80,visit,3490,3505.0,z31,z31,,hub_core,local,True,37.2093906763762,10.895609323623795,47.894999999999996,0.7,0,6.537365594174276
49,visit,3490,3505.0,z00,z00,,depot_west,,True,29.449798982334446,17.77777777777778,47.01757676011223,0.7,0,10.666666666666668
47,visit,3490,3505.0,z21,z21,,hub_inner,,True,30.080222949950937,17.77777777777778,47.648000727728714,0.7,0,10.666666666666668
77,visit,3490,3505.0,z11,z11,,hub_center,,True,34.75841883301284,13.346581166987157,47.894999999999996,0.7,0,8.007948700192294
15,trip,3495,3513.309854494165,z32,z11,toy-0008196,,,False,30.856569550184815,0.0,29.20868264570996,0.35,5.142956348249516,0
14,trip,3495,3519.1666666666665,z01,z31,toy-0008183,,,False,34.239832531421726,0.0,32.06483253142173,0.35,6.8999999999999995,0
27,trip,3495,3513.309854494165,z22,z30,toy-0008195,,,False,26.33725460553416,0.0,24.689367701059304,0.35,5.142956348249516,0
22,trip,3495,3513.309854494165,z20,z32,toy-0008180,,,False,35.12644724749707,0.0,33.47856034302222,0.35,5.142956348249516,0
12,trip,3495,3503.8333333333335,z11,z10,toy-0008185,,,False,31.504724570500706,0.0,30.709724570500704,0.35,2.3,0
5,trip,3495,3520.410795394624,z31,z00,toy-0008188,,,False,29.689071898463002,0.0,27.40210031294682,0.35,7.273238618387272,0
13,trip,3495,3511.5,z21,z01,toy-0008187,,,False,32.86680411693801,0.0,31.381804116938014,0.35,4.6,0
35,trip,3495,3513.309854494165,z20,z12,toy-0008179,,,False,22.261804116938073,0.0,20.613917212463218,0.35,5.142956348249516,0
20,trip,3495,3503.8333333333335,z31,z21,toy-0008189,,,False,26.362336045476106,0.0,25.567336045476104,0.35,2.3,0
23,trip,3495,3507.0089706448603,z12,z21,toy-0008193,,,False,46.22919264196231,0.0,45.148385283924874,0.35,3.2526911934581184,0
26,trip,3495,3503.8333333333335,z21,z20,toy-0008186,,,False,34.801077033066555,0.0,34.00607703306655,0.35,2.3,0
50,trip,3495,3507.0089706448603,z20,z31,toy-0008178,,,False,43.90054510452854,0.0,42.81973774649111,0.35,3.2526911934581184,0
51,trip,3495,3507.0089706448603,z30,z21,toy-0008181,,,False,47.8950000000001,0.0,46.81419264196267,0.35,3.2526911934581184,0
86,trip,3495,3510.3333333333335,z11,z02,toy-0008184,,,False,46.41000000000001,0.0,45.03000000000001,2.3,2.3,0
34,trip,3495,3534.577462061291,z22,z31,toy-0008191,,,False,38.38469102141309,0.0,34.82271943589691,4.6,7.273238618387272,0
46,trip,3495,3525.6666666666665,z22,z22,toy-0008192,,,False,41.46136226189218,0.0,38.70136226189218,4.6,4.6,0
24,trip,3495,3507.0089706448603,z31,z22,toy-0008190,,,False,26.692392569880756,0.0,25.61158521184332,0.35,3.2526911934581184,0
87,trip,3495,3519.809854494165,z22,z31,toy-0008194,,,False,36.20271943589687,0.0,33.969832531422014,2.3,5.142956348249516,0
62,trip,3495,3511.5,z30,z32,toy-0008182,,,False,39.84266799938035,0.0,38.357667999380354,0.35,4.6,0
19,visit,3495,3510.0,z31,z31,,hub_core,local,True,25.821585211843765,12.777777777777779,38.38936298962154,0.7,0,7.666666666666668
65,visit,3495,3510.0,z32,z32,,hub_waterfront,local,True,29.85852679393437,12.777777777777779,42.426304571712144,0.7,0,7.666666666666668
9,visit,3495,3515.3333333333335,z10,z10,,depot_west,local,False,36.4347475458178,0.0,35.0547475458178,4.6,0,0
67,visit,3495,3510.0,z32,z32,,hub_waterfront,,True,32.208095906070966,15.896904093929031,47.894999999999996,0.7,0,9.538142456357418
79,visit,3495,3510.0,z31,z31,,hub_core,,True,33.255498379450614,14.84950162054938,47.894999999999996,0.7,0,8.90970097232963
3,trip,3500,3516.5,z31,z11,toy-0008201,,,False,35.42563988945932,0.0,33.94063988945932,0.35,4.6,0
33,trip,3500,3524.809854494165,z11,z22,toy-0008198,,,False,42.80011382325347,0.0,40.567226918778616,2.3,5.142956348249516,0
70,trip,3500,3508.8333333333335,z11,z21,toy-0008199,,,False,44.3399999999999,0.0,43.544999999999895,0.35,2.3,0
28,trip,3500,3508.8333333333335,z32,z31,toy-0008204,,,False,47.89500000000006,0.0,47.10000000000006,0.35,2.3,0
2,trip,3500,3508.8333333333335,z21,z31,toy-0008200,,,False,25.55078139946821,0.0,24.755781399468212,0.35,2.3,0
85,trip,3500,3512.0089706448603,z22,z31,toy-0008202,,,False,37.75518940086312,0.0,36.674382042825684,0.35,3.2526911934581184,0
4,trip,3500,3529.351274623054,z31,z12,toy-0008197,,,False,40.51014151000898,0.0,37.86852679393411,2.3,6.505382386916237,0
7,trip,3500,3515.3333333333335,z21,z32,toy-0008203,,,False,39.905654385342324,0.0,38.52565438534232,2.3,2.3,0
36,visit,3500,3515.0,z32,z32,,hub_waterfront,,True,29.579133134305454,17.77777777777778,47.146910912083236,0.7,0,10.666666666666668
1,trip,3505,3513.8333333333335,z32,z22,toy-0008214,,,False,42.15802841448365,0.0,41.36302841448365,0.35,2.3,0
12,trip,3505,3513.8333333333335,z10,z20,toy-0008205,,,False,30.709724570500732,0.0,29.91472457050073,0.35,2.3,0
25,trip,3505,3521.5,z12,z32,toy-0008211,,,False,29.57669671842717,0.0,28.09169671842717,0.35,4.6,0
32,trip,3505,3523.309854494165,z31,z10,toy-0008209,,,False,43.453385283925286,0.0,41.805498379450434,0.35,5.142956348249516,0
21,trip,3505,3530.410795394624,z32,z01,toy-0008213,,,False,37.84891721246352,0.0,35.561945626947335,0.35,7.273238618387272,0
8,trip,3505,3513.8333333333335,z22,z21,toy-0008212,,,False,36.169724570500314,0.0,35.37472457050031,0.35,2.3,0
40,trip,3505,3513.8333333333335,z31,z32,toy-0008210,,,False,35.52364647952024,0.0,34.728646479520236,0.35,2.3,0
77,trip,3505,3521.5,z11,z31,toy-0008207,,,False,47.89499999999982,0.0,46.40999999999982,0.35,4.6,0
26,trip,3505,3521.5,z20,z22,toy-0008206,,,False,34.00607703306658,0.0,32.52107703306658,0.35,4.6,0
20,trip,3505,3523.5089706448603,z21,z22,toy-0008208,,,False,25.567336045476132,0.0,23.901528687438695,2.3,3.2526911934581184,0
84,visit,3505,3520.0,z31,z31,,hub_core,local,True,19.169147476071867,12.777777777777779,31.736925253849645,0.7,0,7.666666666666668
16,visit,3505,3531.6846079563875,z02,z02,,hub_center,local,False,22.257444006397588,0.0,20.305829290322716,6.505382386916237,0,0
44,visit,3505,3525.3333333333335,z20,z20,,depot_south,local,False,23.485829290322123,0.0,22.105829290322124,4.6,0,0
48,visit,3505,3525.3333333333335,z01,z01,,depot_west,local,False,33.346537320988766,0.0,31.966537320988767,4.6,0,0
54,visit,3505,3520.0,z21,z21,,hub_inner,,True,36.93553192853811,11.169468071461885,47.894999999999996,0.7,0,6.701680842877131
17,trip,3510,3522.0089706448603,z22,z11,toy-0008228,,,False,29.436641736248102,0.0,28.355834378210666,0.35,3.2526911934581184,0
29,trip,3510,3528.309854494165,z32,z20,toy-0008229,,,False,39.3472498940955,0.0,37.699362989620646,0.35,5.142956348249516,0
23,trip,3510,3518.8333333333335,z21,z11,toy-0008219,,,False,45.14838528392488,0.0,44.35338528392488,0.35,2.3,0
37,trip,3510,3522.0089706448603,z21,z12,toy-0008220,,,False,40.53049837945008,0.0,39.44969102141265,0.35,3.2526911934581184,0
10,trip,3510,3528.309854494165,z10,z31,toy-0008217,,,False,34.916447247496755,0.0,33.2685603430219,0.35,5.142956348249516,0
49,trip,3510,3522.0089706448603,z00,z11,toy-0008215,,,False,47.01757676011199,0.0,45.93676940207456,0.35,3.2526911934581184,0
2,trip,3510,3518.8333333333335,z31,z21,toy-0008224,,,False,24.755781399468237,0.0,23.96078139946824,0.35,2.3,0
18,trip,3510,3522.0089706448603,z31,z22,toy-0008225,,,False,29.552362566455432,0.0,28.471555208417996,0.35,3.2526911934581184,0
47,trip,3510,3518.8333333333335,z21,z22,toy-0008221,,,False,47.64800072772849,0.0,46.853000727728485,0.35,2.3,0
38,trip,3510,3522.0089706448603,z32,z21,toy-0008230,,,False,47.895000000000316,0.0,46.81419264196288,0.35,3.2526911934581184,0
42,trip,3510,3532.851274623054,z12,z30,toy-0008226,,,False,40.35422619105072,0.0,38.29761147497585,0.35,6.505382386916237,0
19,trip,3510,3518.8333333333335,z31,z30,toy-0008223,,,False,38.38936298962131,0.0,37.59436298962131,0.35,2.3,0
64,trip,3510,3535.410795394624,z00,z31,toy-0008216,,,False,45.08178506373344,0.0,42.79481347821726,0.35,7.273238618387272,0
51,trip,3510,3534.809854494165,z21,z32,toy-0008218,,,False,46.81419264196268,0.0,44.581305737487824,2.3,5.142956348249516,0
55,trip,3510,3522.0089706448603,z21,z32,toy-0008222,,,False,47.89500000000039,0.0,46.814192641962954,0.35,3.2526911934581184,0
24,trip,3510,3526.5,z22,z20,toy-0008227,,,False,25.611585211843334,0.0,24.126585211843334,0.35,4.6,0
58,trip,3510,3518.8333333333335,z32,z31,toy-0008231,,,False,41.566362261892294,0.0,40.77136226189229,0.35,2.3,0
63,visit,3510,3525.0,z32,z32,,hub_waterfront,,True,29.56194562694723,17.77777777777778,47.129723404725006,0.7,0,10.666666666666668
75,visit,3510,3525.0,z30,z30,,depot_south,,True,30.781222465187852,17.323777534812148,47.895,0.7,0,10.394266520887289
81,visit,3510,3525.0,z31,z31,,hub_core,,True,34.46395076155085,13.641049238449147,47.894999999999996,0.7,0,8.184629543069489
73,visit,3510,3525.0,z32,z32,,hub_waterfront,,True,35.5127194358967,12.592280564103298,47.894999999999996,0.7,0,7.555368338461978
45,visit,3510,3525.0,z31,z31,,hub_core,,True,35.6426114749754,12.462388525024592,47.894999999999996,0.7,0,7.4774331150147555
12,trip,3515,3523.8333333333335,z20,z10,toy-0008236,,,False,29.91472457050076,0.0,29.119724570500757,0.35,2.3,0
28,trip,3515,3527.0089706448603,z31,z20,toy-0008239,,,False,47.10000000000009,0.0,46.019192641962654,0.35,3.2526911934581184,0
6,trip,3515,3550.309226445224,z01,z32,toy-0008233,,,False,45.49961544380347,0.0,42.321785063733316,2.3,8.292767933567175,0
59,trip,3515,3537.851274623054,z10,z32,toy-0008235,,,False,37.658526793934044,0.0,35.601912077859176,0.35,6.505382386916237,0
50,trip,3515,3523.8333333333335,z31,z32,toy-0008241,,,False,42.819737746491114,0.0,42.02473774649111,0.35,2.3,0
1,trip,3515,3527.0089706448603,z22,z31,toy-0008242,,,False,41.36302841448368,0.0,40.28222105644625,0.35,3.2526911934581184,0
56,trip,3515,3533.309854494165,z31,z12,toy-0008240,,,False,43.500498379450484,0.0,41.85261147497563,0.35,5.142956348249516,0
13,trip,3515,3539.809854494165,z01,z21,toy-0008232,,,False,31.38180411693801,0.0,29.148917212463154,2.3,5.142956348249516,0
89,trip,3515,3527.0089706448603,z10,z21,toy-0008234,,,False,27.79998838319721,0.0,26.719181025159774,0.35,3.2526911934581184,0
70,trip,3515,3523.8333333333335,z21,z31,toy-0008238,,,False,43.54499999999992,0.0,42.74999999999992,0.35,2.3,0
15,trip,3515,3533.5089706448603,z11,z30,toy-0008237,,,False,29.208682645709974,0.0,27.542875287672537,2.3,3.2526911934581184,0
8,visit,3515,3563.6846079563875,z21,z21,,depot_south,central,False,35.37472457050034,0.0,33.42310985442547,6.505382386916237,0,0
27,visit,3515,3530.0,z30,z30,,depot_south,,True,24.689367701059318,17.77777777777778,42.257145478837096,0.7,0,10.666666666666668
39,visit,3515,3530.0,z32,z32,,hub_waterfront,,True,30.69671575674954,17.40828424325046,47.895,0.7,0,10.444970545950275
43,trip,3520,3538.309854494165,z22,z01,toy-0008248,,,False,38.25479898233435,0.0,36.6069120778595,0.35,5.142956348249516,0
31,trip,3520,3532.0089706448603,z20,z31,toy-0008245,,,False,40.517113095524984,0.0,39.43630573748755,0.35,3.2526911934581184,0
9,trip,3520,3538.309854494165,z10,z22,toy-0008243,,,False,35.05474754581782,0.0,33.406860641342966,0.35,5.142956348249516,0
7,trip,3520,3538.309854494165,z32,z11,toy-0008252,,,False,38.52565438534234,0.0,36.87776748086749,0.35,5.142956348249516,0
0,trip,3520,3535.3333333333335,z12,z32,toy-0008250,,,False,24.982336045476046,0.0,23.602336045476047,2.3,2.3,0
22,trip,3520,3536.5,z32,z12,toy-0008253,,,False,33.47856034302222,0.0,31.993560343022217,0.35,4.6,0
71,trip,3520,3528.8333333333335,z20,z21,toy-0008244,,,False,41.53549837944998,0.0,40.74049837944998,0.35,2.3,0
36,trip,3520,3536.5,z32,z30,toy-0008251,,,False,47.146910912083,0.0,45.661910912083,0.35,4.6,0
14,trip,3520,3536.5,z31,z11,toy-0008246,,,False,32.06483253142173,0.0,30.57983253142173,0.35,4.6,0
35,trip,3520,3528.8333333333335,z12,z11,toy-0008247,,,False,20.61391721246323,0.0,19.818917212463234,0.35,2.3,0
2,trip,3520,3543.0,z21,z02,toy-0008249,,,False,23.960781399468264,0.0,21.890781399468263,2.3,4.6,0
3,visit,3520,3568.6846079563875,z11,z11,,depot_west,central,False,33.94063988945931,0.0,31.98902517338444,6.505382386916237,0,0
87,visit,3520,3535.0,z31,z31,,hub_core,local,True,33.969832531422014,12.777777777777779,46.53761030919979,0.7,0,7.666666666666668
47,visit,3520,3540.3333333333335,z22,z22,,hub_inner,local,False,46.853000727728514,0.0,45.47300072772851,4.6,0,0
19,visit,3520,3535.0,z30,z30,,depot_south,,True,37.59436298962134,10.510637010378657,47.894999999999996,0.7,0,6.306382206227195
40,trip,3525,3533.8333333333335,z32,z22,toy-0008265,,,False,34.728646479520265,0.0,33.93364647952026,0.35,2.3,0
50,trip,3525,3533.8333333333335,z32,z31,toy-0008264,,,False,42.02473774649114,0.0,41.22973774649114,0.35,2.3,0
17,trip,3525,3541.5,z11,z31,toy-0008260,,,False,28.35583437821068,0.0,26.87083437821068,0.35,4.6,0
37,trip,3525,3543.309854494165,z12,z31,toy-0008263,,,False,39.449691021412654,0.0,37.8018041169378,0.35,5.142956348249516,0
23,trip,3525,3537.0089706448603,z11,z20,toy-0008259,,,False,44.35338528392491,0.0,43.272577925887475,0.35,3.2526911934581184,0
45,trip,3525,3549.1666666666665,z31,z01,toy-0008261,,,False,47.89499999999995,0.0,45.719999999999956,0.35,6.8999999999999995,0
53,trip,3525,3533.8333333333335,z30,z31,toy-0008256,,,False,43.089334151971286,0.0,42.294334151971285,0.35,2.3,0
52,trip,3525,3543.309854494165,z01,z20,toy-0008257,,,False,38.58341883301323,0.0,36.93553192853838,0.35,5.142956348249516,0
5,trip,3525,3540.3333333333335,z00,z11,toy-0008258,,,False,27.40210031294684,0.0,26.02210031294684,2.3,2.3,0
72,trip,3525,3537.0089706448603,z20,z11,toy-0008255,,,False,42.3488080857662,0.0,41.26800072772877,0.35,3.2526911934581184,0
58,trip,3525,3533.8333333333335,z31,z21,toy-0008262,,,False,40.77136226189232,0.0,39.97636226189232,0.35,2.3,0
12,trip,3525,3549.809854494165,z10,z12,toy-0008254,,,False,29.119724570500786,0.0,26.886837666025933,2.3,5.142956348249516,0
25,visit,3525,3540.0,z32,z32,,hub_waterfront,local,True,28.09169671842717,12.777777777777779,40.65947449620494,0.7,0,7.666666666666668
18,visit,3525,3545.3333333333335,z22,z22,,hub_inner,local,False,28.47155520841801,0.0,27.09155520841801,4.6,0,0
84,visit,3525,3540.0,z31,z31,,hub_core,,True,31.73692525384942,16.36807474615058,47.895,0.7,0,9.820844847690347
57,visit,3525,3540.0,z32,z32,,hub_waterfront,,True,33.30472457050061,14.800275429499386,47.894999999999996,0.7,0,8.880165257699632
85,visit,3525,3540.0,z31,z31,,hub_core,,True,36.67438204282569,11.430617957174304,47.894999999999996,0.7,0,6.858370774304583
11,trip,3530,3548.309854494165,z02,z10,toy-0008277,,,False,35.77669499024103,0.0,34.12880808576618,0.35,5.142956348249516,0
38,trip,3530,3542.0089706448603,z21,z10,toy-0008271,,,False,46.81419264196289,0.0,45.73338528392546,0.35,3.2526911934581184,0
20,trip,3530,3538.8333333333335,z22,z21,toy-0008279,,,False,23.90152868743871,0.0,23.10652868743871,0.35,2.3,0
54,trip,3530,3542.0089706448603,z21,z32,toy-0008274,,,False,47.89499999999992,0.0,46.814192641962485,0.35,3.2526911934581184,0
24,trip,3530,3548.309854494165,z20,z01,toy-0008267,,,False,24.126585211843334,0.0,22.47869830736848,0.35,5.142956348249516,0
1,trip,3530,3542.0089706448603,z31,z22,toy-0008275,,,False,40.282221056446254,0.0,39.20141369840882,0.35,3.2526911934581184,0
39,trip,3530,3542.0089706448603,z32,z21,toy-0008280,,,False,47.89499999999978,0.0,46.81419264196235,0.35,3.2526911934581184,0
35,trip,3530,3538.8333333333335,z11,z12,toy-0008270,,,False,19.81891721246326,0.0,19.02391721246326,0.35,2.3,0
32,trip,3530,3559.351274623054,z10,z22,toy-0008266,,,False,41.805498379450434,0.0,39.163883663375564,2.3,6.505382386916237,0
10,trip,3530,3538.8333333333335,z31,z32,toy-0008276,,,False,33.2685603430219,0.0,32.4735603430219,0.35,2.3,0
4,trip,3530,3538.8333333333335,z12,z22,toy-0008278,,,False,37.8685267939341,0.0,37.0735267939341,0.35,2.3,0
49,trip,3530,3542.0089706448603,z11,z00,toy-0008269,,,False,45.93676940207457,0.0,44.855962044037135,0.35,3.2526911934581184,0
71,trip,3530,3538.8333333333335,z21,z31,toy-0008273,,,False,40.74049837945001,0.0,39.94549837945001,0.35,2.3,0
28,trip,3530,3548.309854494165,z20,z32,toy-0008268,,,False,46.01919264196266,0.0,44.37130573748781,0.35,5.142956348249516,0
89,trip,3530,3538.8333333333335,z21,z20,toy-0008272,,,False,26.719181025159788,0.0,25.92418102515979,0.35,2.3,0
88,visit,3530,3545.0,z32,z32,,hub_waterfront,,True,33.73947566198054,14.365524338019457,47.894999999999996,0.7,0,8.619314602811674
21,trip,3535,3560.410795394624,z01,z32,toy-0008283,,,False,35.561945626947335,0.0,33.27497404143115,0.35,7.273238618387272,0
48,trip,3535,3550.3333333333335,z01,z21,toy-0008285,,,False,31.966537320988788,0.0,30.58653732098879,2.3,2.3,0
16,trip,3535,3565.6666666666665,z02,z31,toy-0008282,,,False,20.305829290322716,0.0,17.545829290322715,2.3,6.8999999999999995,0
58,trip,3535,3543.8333333333335,z21,z22,toy-0008286,,,False,39.97636226189235,0.0,39.181362261892346,0.35,2.3,0
51,trip,3535,3557.851274623054,z32,z10,toy-0008291,,,False,44.581305737487824,0.0,42.524691021412956,0.35,6.505382386916237,0
26,trip,3535,3553.309854494165,z22,z10,toy-0008289,,,False,32.521077033066575,0.0,30.87319012859172,0.35,5.142956348249516,0
56,trip,3535,3553.309854494165,z12,z00,toy-0008288,,,False,41.85261147497563,0.0,40.20472457050078,0.35,5.142956348249516,0
33,trip,3535,3547.0089706448603,z22,z31,toy-0008290,,,False,40.567226918778616,0.0,39.48641956074118,0.35,3.2526911934581184,0
41,trip,3535,3558.0,z02,z21,toy-0008281,,,False,39.40231112993895,0.0,37.33231112993895,2.3,4.6,0
31,trip,3535,3560.410795394624,z31,z02,toy-0008287,,,False,39.43630573748756,0.0,37.149334151971374,0.35,7.273238618387272,0
60,trip,3535,3550.3333333333335,z12,z01,toy-0008284,,,False,46.40999999999995,0.0,45.029999999999944,2.3,2.3,0
15,visit,3535,3550.0,z30,z30,,depot_south,,True,27.54287528767255,17.77777777777778,45.11065306545033,0.7,0,10.666666666666668
34,visit,3535,3550.0,z31,z31,,hub_core,,True,34.82271943589688,13.282280564103116,47.894999999999996,0.7,0,7.96936833846187
42,visit,3535,3550.0,z30,z30,,depot_south,,True,38.29761147497585,9.807388525024145,47.894999999999996,0.7,0,5.884433115014486
86,trip,3540,3564.1666666666665,z02,z32,toy-0008302,,,False,45.03000000000003,0.0,42.85500000000003,0.35,6.8999999999999995,0
50,trip,3540,3548.8333333333335,z31,z21,toy-0008301,,,False,41.22973774649117,0.0,40.434737746491166,0.35,2.3,0
19,trip,3540,3548.8333333333335,z30,z20,toy-0008293,,,False,47.89500000000007,0.0,47.100000000000065,0.35,2.3,0
22,trip,3540,3556.5,z12,z32,toy-0008303,,,False,31.993560343022207,0.0,30.508560343022207,0.35,4.6,0
53,trip,3540,3558.309854494165,z31,z10,toy-0008298,,,False,42.29433415197131,0.0,40.64644724749646,0.35,5.142956348249516,0
0,trip,3540,3548.8333333333335,z32,z31,toy-0008307,,,False,23.602336045476072,0.0,22.80733604547607,0.35,2.3,0
7,trip,3540,3552.0089706448603,z11,z22,toy-0008294,,,False,36.87776748086749,0.0,35.79696012283006,0.35,3.2526911934581184,0
61,trip,3540,3556.5,z31,z11,toy-0008300,,,False,37.50049837945018,0.0,36.01549837945018,0.35,4.6,0
64,trip,3540,3552.0089706448603,z31,z20,toy-0008299,,,False,42.79481347821726,0.0,41.714006120179825,0.35,3.2526911934581184,0
4,trip,3540,3548.8333333333335,z22,z12,toy-0008304,,,False,37.07352679393413,0.0,36.27852679393413,0.35,2.3,0
10,trip,3540,3558.309854494165,z32,z20,toy-0008306,,,False,32.47356034302193,0.0,30.825673438547074,0.35,5.142956348249516,0
25,trip,3540,3568.809226445224,z32,z00,toy-0008305,,,False,40.659474496204716,0.0,38.06664411613456,0.35,8.292767933567175,0
14,trip,3540,3558.309854494165,z11,z32,toy-0008295,,,False,30.57983253142173,0.0,28.931945626946874,0.35,5.142956348249516,0
13,trip,3540,3558.309854494165,z21,z00,toy-0008296,,,False,29.148917212463164,0.0,27.50103030798831,0.35,5.142956348249516,0
9,trip,3540,3555.3333333333335,z22,z11,toy-0008297,,,False,33.406860641342966,0.0,32.026860641342964,2.3,2.3,0
23,trip,3540,3564.809854494165,z20,z02,toy-0008292,,,False,43.27257792588748,0.0,41.03969102141263,2.3,5.142956348249516,0
20,visit,3540,3555.0,z21,z21,,hub_inner,local,True,23.106528687438736,12.777777777777779,35.67430646521651,0.7,0,7.666666666666668
59,visit,3540,3555.0,z32,z32,,hub_waterfront,,True,35.601912077859176,12.503087922140821,47.894999999999996,0.7,0,7.501852753284493
78,visit,3540,3555.0,z31,z31,,hub_core,,True,36.79469102141309,11.31030897858691,47.894999999999996,0.7,0,6.7861853871521465
82,visit,3540,3555.0,z32,z32,,hub_waterfront,,True,36.96852679393437,11.136473206065624,47.894999999999996,0.7,0,6.681883923639374
66,visit,3540,3555.0,z31,z31,,hub_core,,True,38.84433415197149,9.26066584802851,47.894999999999996,0.7,0,5.556399508817106
17,trip,3545,3570.410795394624,z31,z00,toy-0008312,,,False,26.87083437821068,0.0,24.5838627926945,0.35,7.273238618387272,0
1,trip,3545,3553.8333333333335,z22,z32,toy-0008319,,,False,39.20141369840883,0.0,38.40641369840883,0.35,2.3,0
29,trip,3545,3557.0089706448603,z20,z31,toy-0008309,,,False,37.699362989620646,0.0,36.61855563158321,0.35,3.2526911934581184,0
40,trip,3545,3557.0089706448603,z22,z11,toy-0008318,,,False,33.93364647952029,0.0,32.85283912148286,0.35,3.2526911934581184,0
39,trip,3545,3553.8333333333335,z21,z31,toy-0008311,,,False,46.81419264196236,0.0,46.019192641962356,0.35,2.3,0
44,trip,3545,3561.5,z20,z22,toy-0008310,,,False,22.10582929032215,0.0,20.62082929032215,0.35,4.6,0
38,trip,3545,3563.309854494165,z10,z31,toy-0008308,,,False,45.733385283925465,0.0,44.08549837945061,0.35,5.142956348249516,0
35,trip,3545,3557.0089706448603,z12,z21,toy-0008317,,,False,19.023917212463285,0.0,17.94310985442585,0.35,3.2526911934581184,0
37,trip,3545,3557.0089706448603,z31,z22,toy-0008314,,,False,37.8018041169378,0.0,36.72099675890037,0.35,3.2526911934581184,0
68,trip,3545,3553.8333333333335,z31,z32,toy-0008315,,,False,45.943385283925195,0.0,45.148385283925194,0.35,2.3,0
69,trip,3545,3563.309854494165,z31,z12,toy-0008313,,,False,47.895000000000145,0.0,46.24711309552529,0.35,5.142956348249516,0
43,trip,3545,3569.809854494165,z01,z21,toy-0008316,,,False,36.6069120778595,0.0,34.374025173384645,2.3,5.142956348249516,0
2,visit,3545,3571.6846079563875,z02,z02,,hub_center,local,False,21.890781399468263,0.0,19.939166683393392,6.505382386916237,0,0
54,visit,3545,3560.0,z32,z32,,hub_waterfront,local,True,46.81419264196249,1.2908073580375046,47.894999999999996,0.7,0,0.7744844148225027
5,visit,3545,3560.0,z11,z11,,hub_center,,True,26.022100312946865,17.77777777777778,43.589878090724646,0.7,0,10.666666666666668
72,trip,3550,3566.5,z11,z31,toy-0008324,,,False,41.268000727728776,0.0,39.783000727728776,0.35,4.6,0
15,trip,3550,3568.309854494165,z30,z22,toy-0008322,,,False,45.1106530654501,0.0,43.46276616097525,0.35,5.142956348249516,0
28,trip,3550,3568.309854494165,z32,z11,toy-0008329,,,False,44.37130573748781,0.0,42.72341883301296,0.35,5.142956348249516,0
18,trip,3550,3562.0089706448603,z22,z31,toy-0008328,,,False,27.091555208418036,0.0,26.0107478503806,0.35,3.2526911934581184,0
55,trip,3550,3558.8333333333335,z32,z22,toy-0008332,,,False,46.81419264196296,0.0,46.01919264196296,0.35,2.3,0
19,trip,3550,3558.8333333333335,z20,z30,toy-0008321,,,False,47.100000000000094,0.0,46.30500000000009,0.35,2.3,0
46,trip,3550,3566.5,z22,z20,toy-0008327,,,False,38.70136226189213,0.0,37.21636226189213,0.35,4.6,0
57,trip,3550,3562.0089706448603,z32,z21,toy-0008330,,,False,47.894999999999705,0.0,46.81419264196227,0.35,3.2526911934581184,0
49,trip,3550,3566.5,z00,z20,toy-0008320,,,False,44.85596204403714,0.0,43.37096204403714,0.35,4.6,0
27,trip,3550,3566.5,z30,z32,toy-0008323,,,False,42.25714547883687,0.0,40.77214547883687,0.35,4.6,0
47,trip,3550,3572.851274623054,z22,z00,toy-0008326,,,False,45.47300072772853,0.0,43.416386011653664,0.35,6.505382386916237,0
50,trip,3550,3562.0089706448603,z21,z32,toy-0008325,,,False,40.434737746491194,0.0,39.35393038845376,0.35,3.2526911934581184,0
62,trip,3550,3558.8333333333335,z32,z31,toy-0008331,,,False,38.35766799938035,0.0,37.562667999380345,0.35,2.3,0
12,visit,3550,3570.3333333333335,z12,z12,,hub_center,local,False,26.88683766602594,0.0,25.50683766602594,4.6,0,0
0,visit,3550,3565.0,z31,z31,,hub_core,,True,22.8073360454761,17.77777777777778,40.375113823253876,0.7,0,10.666666666666668
7,trip,3555,3563.8333333333335,z22,z21,toy-0008345,,,False,35.796960122830065,0.0,35.00196012283006,0.35,2.3,0
4,trip,3555,3570.3333333333335,z12,z12,toy-0008342,,,False,36.278526793934155,0.0,34.89852679393415,2.3,2.3,0
33,trip,3555,3563.8333333333335,z31,z32,toy-0008340,,,False,39.48641956074119,0.0,38.69141956074119,0.35,2.3,0
20,trip,3555,3571.5,z21,z01,toy-0008336,,,False,35.67430646521628,0.0,34.18930646521628,0.35,4.6,0
58,trip,3555,3578.0,z22,z10,toy-0008343,,,False,39.181362261892374,0.0,37.111362261892374,2.3,4.6,0
52,trip,3555,3563.8333333333335,z20,z21,toy-0008335,,,False,36.93553192853838,0.0,36.14053192853838,0.35,2.3,0
34,trip,3555,3563.8333333333335,z31,z21,toy-0008339,,,False,47.89499999999967,0.0,47.09999999999967,0.35,2.3,0
24,trip,3555,3582.985491805692,z01,z31,toy-0008344,,,False,22.478698307368493,0.0,19.960004044856202,3.2526911934581184,5.142956348249516,0
1,trip,3555,3580.410795394624,z32,z01,toy-0008346,,,False,38.406413698408855,0.0,36.11944211289267,0.35,7.273238618387272,0
45,trip,3555,3586.910795394624,z01,z31,toy-0008341,,,False,45.719999999999956,0.0,42.84802841448378,2.3,7.273238618387272,0
56,trip,3555,3563.8333333333335,z00,z10,toy-0008333,,,False,40.20472457050078,0.0,39.40972457050078,0.35,2.3,0
11,trip,3555,3571.5,z10,z12,toy-0008334,,,False,34.12880808576618,0.0,32.64380808576618,0.35,4.6,0
39,trip,3555,3563.8333333333335,z31,z30,toy-0008338,,,False,46.019192641962384,0.0,45.22419264196238,0.35,2.3,0
48,trip,3555,3567.0089706448603,z21,z12,toy-0008337,,,False,30.586537320988814,0.0,29.505729962951378,0.35,3.2526911934581184,0
5,trip,3560,3584.809854494165,z11,z20,toy-0008358,,,False,43.58987809072441,0.0,41.35699118624956,2.3,5.142956348249516,0
35,trip,3560,3568.8333333333335,z21,z22,toy-0008354,,,False,17.943109854425863,0.0,17.14810985442586,0.35,2.3,0
6,trip,3560,3576.5,z32,z12,toy-0008359,,,False,42.3217850637333,0.0,40.8367850637333,0.35,4.6,0
19,trip,3560,3572.0089706448603,z30,z21,toy-0008352,,,False,46.30500000000012,0.0,45.22419264196269,0.35,3.2526911934581184,0
60,trip,3560,3578.5089706448603,z01,z11,toy-0008357,,,False,45.029999999999966,0.0,43.36419264196253,2.3,3.2526911934581184,0
13,trip,3560,3585.410795394624,z00,z31,toy-0008347,,,False,27.501030307988323,0.0,25.214058722472142,0.35,7.273238618387272,0
41,trip,3560,3568.8333333333335,z21,z31,toy-0008353,,,False,37.33231112993894,0.0,36.537311129938935,0.35,2.3,0
26,trip,3560,3568.8333333333335,z10,z00,toy-0008348,,,False,30.87319012859173,0.0,30.07819012859173,0.35,2.3,0
29,trip,3560,3572.0089706448603,z31,z20,toy-0008355,,,False,36.61855563158322,0.0,35.53774827354579,0.35,3.2526911934581184,0
51,trip,3560,3582.851274623054,z10,z32,toy-0008350,,,False,42.524691021412956,0.0,40.46807630533809,0.35,6.505382386916237,0
10,trip,3560,3578.309854494165,z20,z32,toy-0008351,,,False,30.825673438547085,0.0,29.17778653407223,0.35,5.142956348249516,0
62,trip,3560,3572.0089706448603,z31,z22,toy-0008356,,,False,37.56266799938037,0.0,36.48186064134294,0.35,3.2526911934581184,0
53,trip,3560,3568.8333333333335,z10,z11,toy-0008349,,,False,40.64644724749646,0.0,39.85144724749646,0.35,2.3,0
37,visit,3560,3580.3333333333335,z22,z22,,hub_inner,local,False,36.72099675890038,0.0,35.340996758900374,4.6,0,0
14,visit,3560,3575.0,z32,z32,,hub_waterfront,,True,28.931945626946888,17.77777777777778,46.49972340472467,0.7,0,10.666666666666668
22,visit,3560,3575.0,z32,z32,,hub_waterfront,,True,30.508560343022207,17.596439656977793,47.895,0.7,0,10.557863794186677
9,visit,3560,3575.0,z11,z11,,hub_center,,True,32.026860641342985,16.078139358657015,47.895,0.7,0,9.64688361519421
7,trip,3565,3573.8333333333335,z21,z20,toy-0008369,,,False,35.00196012283009,0.0,34.20696012283009,0.35,2.3,0
64,trip,3565,3581.5,z20,z00,toy-0008361,,,False,41.71400612017983,0.0,40.22900612017983,0.35,4.6,0
0,trip,3565,3589.1666666666665,z31,z01,toy-0008371,,,False,40.37511382325365,0.0,38.20011382325365,0.35,6.8999999999999995,0
36,trip,3565,3573.8333333333335,z30,z31,toy-0008366,,,False,45.661910912082995,0.0,44.86691091208299,0.35,2.3,0
18,trip,3565,3581.5,z31,z11,toy-0008372,,,False,26.010747850380614,0.0,24.525747850380615,0.35,4.6,0
76,trip,3565,3577.0089706448603,z20,z31,toy-0008362,,,False,33.70121268074278,0.0,32.620405322705345,0.35,3.2526911934581184,0
23,trip,3565,3587.851274623054,z02,z20,toy-0008373,,,False,41.03969102141263,0.0,38.98307630533776,0.35,6.505382386916237,0
8,trip,3565,3577.0089706448603,z21,z32,toy-0008370,,,False,33.423109854425455,0.0,32.34230249638802,0.35,3.2526911934581184,0
32,trip,3565,3577.0089706448603,z22,z31,toy-0008375,,,False,39.16388366337556,0.0,38.083076305338125,0.35,3.2526911934581184,0
89,trip,3565,3583.309854494165,z20,z12,toy-0008363,,,False,25.924181025159815,0.0,24.27629412068496,0.35,5.142956348249516,0
31,trip,3565,3580.3333333333335,z02,z02,toy-0008374,,,False,37.149334151971374,0.0,35.76933415197137,2.3,2.3,0
40,trip,3565,3589.809854494165,z11,z22,toy-0008367,,,False,32.852839121482866,0.0,30.619952217008013,2.3,5.142956348249516,0
39,trip,3565,3583.309854494165,z30,z11,toy-0008365,,,False,45.22419264196241,0.0,43.57630573748756,0.35,5.142956348249516,0
61,trip,3565,3573.8333333333335,z11,z21,toy-0008368,,,False,36.01549837945017,0.0,35.22049837945017,0.35,2.3,0
42,trip,3565,3581.5,z30,z10,toy-0008364,,,False,47.894999999999904,0.0,46.409999999999904,0.35,4.6,0
33,trip,3565,3573.8333333333335,z32,z31,toy-0008377,,,False,38.69141956074122,0.0,37.896419560741215,0.35,2.3,0
44,trip,3565,3573.8333333333335,z22,z32,toy-0008376,,,False,20.62082929032215,0.0,19.825829290322147,0.35,2.3,0
56,trip,3565,3577.0089706448603,z10,z21,toy-0008360,,,False,39.409724570500806,0.0,38.328917212463374,0.35,3.2526911934581184,0
21,visit,3565,3580.0,z32,z32,,hub_waterfront,local,True,33.27497404143115,12.777777777777779,45.84275181920893,0.7,0,7.666666666666668
52,visit,3565,3580.0,z21,z21,,hub_inner,local,True,36.14053192853841,11.964468071461589,47.894999999999996,0.7,0,7.178680842876953
69,visit,3565,3591.6846079563875,z12,z12,,hub_inner,local,False,46.24711309552529,0.0,44.29549837945042,6.505382386916237,0,0
16,trip,3570,3578.8333333333335,z31,z21,toy-0008389,,,False,17.54582929032273,0.0,16.750829290322727,0.35,2.3,0
38,trip,3570,3578.8333333333335,z31,z32,toy-0008390,,,False,44.08549837945061,0.0,43.29049837945061,0.35,2.3,0
3,trip,3570,3586.5,z11,z31,toy-0008384,,,False,31.989025173384427,0.0,30.504025173384427,0.35,4.6,0
25,trip,3570,3593.0,z00,z30,toy-0008378,,,False,38.066644116134555,0.0,35.996644116134554,2.3,4.6,0
26,trip,3570,3588.5089706448603,z00,z01,toy-0008379,,,False,30.078190128591757,0.0,28.41238277055432,2.3,3.2526911934581184,0
46,trip,3570,3582.0089706448603,z20,z11,toy-0008380,,,False,37.21636226189212,0.0,36.13555490385469,0.35,3.2526911934581184,0
34,trip,3570,3588.309854494165,z21,z02,toy-0008387,,,False,47.099999999999696,0.0,45.452113095524844,0.35,5.142956348249516,0
28,trip,3570,3588.5089706448603,z11,z10,toy-0008381,,,False,42.72341883301296,0.0,41.05761147497552,2.3,3.2526911934581184,0
27,trip,3570,3582.0089706448603,z32,z21,toy-0008393,,,False,40.77214547883686,0.0,39.69133812079943,0.35,3.2526911934581184,0
50,trip,3570,3588.309854494165,z32,z20,toy-0008392,,,False,39.35393038845377,0.0,37.70604348397892,0.35,5.142956348249516,0
54,trip,3570,3578.8333333333335,z32,z22,toy-0008395,,,False,47.89499999999982,0.0,47.09999999999982,0.35,2.3,0
41,trip,3570,3588.309854494165,z31,z10,toy-0008388,,,False,36.53731112993896,0.0,34.88942422546411,0.35,5.142956348249516,0
59,trip,3570,3594.1666666666665,z32,z02,toy-0008394,,,False,47.89499999999971,0.0,45.719999999999715,0.35,6.8999999999999995,0
15,trip,3570,3588.309854494165,z22,z30,toy-0008391,,,False,43.46276616097525,0.0,41.8148792565004,0.35,5.142956348249516,0
53,trip,3570,3588.309854494165,z11,z32,toy-0008385,,,False,39.85144724749649,0.0,38.203560343021636,0.35,5.142956348249516,0
48,trip,3570,3603.8423039781937,z12,z31,toy-0008382,,,False,29.505729962951392,0.0,26.459922604913956,3.2526911934581184,6.8999999999999995,0
43,trip,3570,3585.3333333333335,z21,z10,toy-0008383,,,False,34.374025173384645,0.0,32.99402517338464,2.3,2.3,0
57,trip,3570,3578.8333333333335,z21,z11,toy-0008386,,,False,46.81419264196228,0.0,46.01919264196228,0.35,2.3,0
35,visit,3570,3596.6846079563875,z22,z22,,hub_core,local,False,17.14810985442589,0.0,15.196495138351018,6.505382386916237,0,0
7,trip,3575,3599.809854494165,z20,z22,toy-0008397,,,False,34.20696012283012,0.0,31.974073218355265,2.3,5.142956348249516,0
9,trip,3575,3587.0089706448603,z11,z22,toy-0008399,,,False,47.895000000000316,0.0,46.81419264196288,0.35,3.2526911934581184,0
19,trip,3575,3583.8333333333335,z21,z31,toy-0008400,,,False,45.224192641962695,0.0,44.42919264196269,0.35,2.3,0
33,trip,3575,3587.0089706448603,z31,z22,toy-0008402,,,False,37.89641956074124,0.0,36.81561220270381,0.35,3.2526911934581184,0
14,trip,3575,3593.309854494165,z32,z11,toy-0008404,,,False,46.499723404724435,0.0,44.85183650024958,0.35,5.142956348249516,0
17,trip,3575,3603.809226445224,z00,z32,toy-0008396,,,False,24.583862792694518,0.0,21.991032412624364,0.35,8.292767933567175,0
36,trip,3575,3593.309854494165,z31,z12,toy-0008401,,,False,44.86691091208302,0.0,43.21902400760817,0.35,5.142956348249516,0
12,trip,3575,3593.5089706448603,z12,z20,toy-0008398,,,False,25.506837666025966,0.0,23.84103030798853,2.3,3.2526911934581184,0
22,trip,3575,3591.5,z32,z30,toy-0008403,,,False,47.895000000000046,0.0,46.410000000000046,0.35,4.6,0
44,trip,3575,3583.8333333333335,z32,z31,toy-0008405,,,False,19.825829290322176,0.0,19.030829290322174,0.35,2.3,0
11,visit,3575,3595.3333333333335,z12,z12,,hub_center,local,False,32.643808085766175,0.0,31.263808085766176,4.6,0,0
4,visit,3575,3595.3333333333335,z12,z12,,hub_center,local,False,34.898526793934174,0.0,33.51852679393417,4.6,0,0
57,trip,3580,3598.309854494165,z11,z30,toy-0008410,,,False,46.019192641962306,0.0,44.371305737487454,0.35,5.142956348249516,0
16,trip,3580,3592.0089706448603,z21,z10,toy-0008412,,,False,16.750829290322756,0.0,15.67002193228532,0.35,3.2526911934581184,0
29,trip,3580,3596.5,z20,z22,toy-0008408,,,False,35.537748273545795,0.0,34.052748273545795,0.35,4.6,0
60,trip,3580,3592.0089706448603,z11,z02,toy-0008411,,,False,43.36419264196253,0.0,42.2833852839251,0.35,3.2526911934581184,0
54,trip,3580,3588.8333333333335,z22,z21,toy-0008420,,,False,47.099999999999845,0.0,46.30499999999984,0.35,2.3,0
6,trip,3580,3598.309854494165,z12,z31,toy-0008415,,,False,40.836785063733295,0.0,39.18889815925844,0.35,5.142956348249516,0
58,trip,3580,3598.309854494165,z10,z31,toy-0008407,,,False,37.11136226189236,0.0,35.46347535741751,0.35,5.142956348249516,0
52,trip,3580,3592.0089706448603,z21,z30,toy-0008413,,,False,47.894999999999975,0.0,46.81419264196254,0.35,3.2526911934581184,0
2,trip,3580,3603.0,z02,z32,toy-0008417,,,False,19.939166683393392,0.0,17.86916668339339,2.3,4.6,0
47,trip,3580,3588.8333333333335,z00,z01,toy-0008406,,,False,43.416386011653664,0.0,42.62138601165366,0.35,2.3,0
55,trip,3580,3598.309854494165,z22,z01,toy-0008418,,,False,46.01919264196299,0.0,44.371305737488136,0.35,5.142956348249516,0
20,trip,3580,3605.410795394624,z01,z32,toy-0008409,,,False,34.189306465216276,0.0,31.902334879700096,0.35,7.273238618387272,0
8,trip,3580,3602.851274623054,z32,z10,toy-0008421,,,False,32.34230249638803,0.0,30.285687780313157,0.35,6.505382386916237,0
62,trip,3580,3595.3333333333335,z22,z22,toy-0008416,,,False,36.48186064134295,0.0,35.101860641342945,2.3,2.3,0
32,trip,3580,3588.8333333333335,z31,z32,toy-0008414,,,False,38.08307630533813,0.0,37.28807630533813,0.35,2.3,0
10,trip,3580,3598.5089706448603,z32,z11,toy-0008419,,,False,29.177786534072244,0.0,27.511979176034806,2.3,3.2526911934581184,0
76,visit,3580,3595.0,z31,z31,,hub_core,,True,32.62040532270535,15.484594677294645,47.894999999999996,0.7,0,9.290756806376788
61,visit,3580,3595.0,z21,z21,,hub_inner,,True,35.2204983794502,12.884501620549798,47.894999999999996,0.7,0,7.730700972329879
27,trip,3585,3597.0089706448603,z21,z32,toy-0008427,,,False,39.691338120799436,0.0,38.610530762762004,0.35,3.2526911934581184,0
42,trip,3585,3593.8333333333335,z10,z20,toy-0008422,,,False,46.4099999999999,0.0,45.614999999999895,0.35,2.3,0
56,trip,3585,3593.8333333333335,z21,z22,toy-0008426,,,False,38.32891721246338,0.0,37.53391721246338,0.35,2.3,0
19,trip,3585,3593.8333333333335,z31,z21,toy-0008430,,,False,44.42919264196272,0.0,43.63419264196272,0.35,2.3,0
49,trip,3585,3607.851274623054,z20,z02,toy-0008423,,,False,43.370962044037135,0.0,41.31434732796227,0.35,6.505382386916237,0
37,trip,3585,3601.5,z22,z20,toy-0008433,,,False,35.340996758900395,0.0,33.855996758900396,0.35,4.6,0
1,trip,3585,3593.8333333333335,z01,z00,toy-0008425,,,False,36.11944211289267,0.0,35.32444211289267,0.35,2.3,0
75,trip,3585,3609.809854494165,z30,z32,toy-0008424,,,False,47.89500000000024,0.0,45.662113095525385,2.3,5.142956348249516,0
44,trip,3585,3601.5,z31,z11,toy-0008429,,,False,19.030829290322202,0.0,17.545829290322203,0.35,4.6,0
89,trip,3585,3593.8333333333335,z12,z11,toy-0008431,,,False,24.276294120684973,0.0,23.48129412068497,0.35,2.3,0
21,trip,3585,3603.5089706448603,z32,z31,toy-0008434,,,False,45.842751819208694,0.0,44.17694446117126,2.3,3.2526911934581184,0
18,trip,3585,3603.5089706448603,z11,z21,toy-0008432,,,False,24.525747850380615,0.0,22.859940492343178,2.3,3.2526911934581184,0
66,trip,3585,3597.0089706448603,z31,z20,toy-0008428,,,False,47.89500000000037,0.0,46.81419264196294,0.35,3.2526911934581184,0
38,trip,3585,3600.3333333333335,z32,z32,toy-0008435,,,False,43.29049837945064,0.0,41.91049837945064,2.3,2.3,0
24,visit,3585,3600.0,z31,z31,,hub_core,local,True,19.960004044856202,12.777777777777779,32.527781822633976,0.7,0,7.666666666666668
31,visit,3585,3611.6846079563875,z02,z02,,hub_center,local,False,35.76933415197139,0.0,33.81771943589652,6.505382386916237,0,0
5,visit,3585,3627.3333333333335,z20,z20,,depot_south,central,False,41.35699118624956,0.0,39.976991186249556,4.6,0,0
9,trip,3590,3608.309854494165,z22,z10,toy-0008445,,,False,46.81419264196289,0.0,45.16630573748804,0.35,5.142956348249516,0
23,trip,3590,3598.8333333333335,z20,z10,toy-0008437,,,False,38.98307630533776,0.0,38.18807630533776,0.35,2.3,0
51,trip,3590,3598.8333333333335,z32,z31,toy-0008448,,,False,40.46807630533809,0.0,39.673076305338085,0.35,2.3,0
39,trip,3590,3606.5,z11,z31,toy-0008442,,,False,43.57630573748756,0.0,42.09130573748756,0.35,4.6,0
53,trip,3590,3602.0089706448603,z32,z21,toy-0008447,,,False,38.203560343021636,0.0,37.1227529849842,0.35,3.2526911934581184,0
0,trip,3590,3602.0089706448603,z01,z12,toy-0008441,,,False,38.20011382325365,0.0,37.11930646521622,0.35,3.2526911934581184,0
46,trip,3590,3598.8333333333335,z11,z12,toy-0008443,,,False,36.1355549038547,0.0,35.340554903854695,0.35,2.3,0
15,trip,3590,3608.5089706448603,z30,z31,toy-0008439,,,False,41.8148792565004,0.0,40.149071898462964,2.3,3.2526911934581184,0
26,trip,3590,3606.5,z01,z21,toy-0008440,,,False,28.412382770554334,0.0,26.927382770554335,0.35,4.6,0
64,trip,3590,3608.309854494165,z00,z21,toy-0008436,,,False,40.229006120179825,0.0,38.58111921570497,0.35,5.142956348249516,0
54,trip,3590,3598.8333333333335,z21,z31,toy-0008444,,,False,46.30499999999987,0.0,45.50999999999987,0.35,2.3,0
33,trip,3590,3598.8333333333335,z22,z12,toy-0008446,,,False,36.81561220270382,0.0,36.020612202703816,0.35,2.3,0
28,trip,3590,3605.3333333333335,z10,z21,toy-0008438,,,False,41.05761147497552,0.0,39.67761147497552,2.3,2.3,0
63,trip,3590,3598.8333333333335,z32,z22,toy-0008449,,,False,47.12972340472478,0.0,46.33472340472478,0.35,2.3,0
32,visit,3590,3647.6666666666665,z32,z32,,depot_south,central,False,37.28807630533816,0.0,34.52807630533816,9.2,0,0
50,visit,3590,3610.3333333333335,z20,z20,,depot_south,local,False,37.70604348397892,0.0,36.326043483978914,4.6,0,0
34,visit,3590,3647.6666666666665,z02,z02,,depot_west,central,False,45.452113095524844,0.0,42.692113095524846,9.2,0,0
3,trip,3595,3620.410795394624,z31,z02,toy-0008455,,,False,30.504025173384427,0.0,28.217053587868246,0.35,7.273238618387272,0
13,trip,3595,3607.0089706448603,z31,z22,toy-0008456,,,False,25.21405872247216,0.0,24.133251364434724,0.35,3.2526911934581184,0
45,trip,3595,3603.8333333333335,z31,z32,toy-0008457,,,False,42.84802841448377,0.0,42.05302841448377,0.35,2.3,0
59,trip,3595,3611.5,z02,z22,toy-0008458,,,False,45.719999999999715,0.0,44.234999999999715,0.35,4.6,0
65,trip,3595,3611.5,z32,z12,toy-0008460,,,False,42.42630457171192,0.0,40.94130457171192,0.35,4.6,0
14,trip,3595,3613.309854494165,z11,z32,toy-0008451,,,False,44.85183650024958,0.0,43.20394959577473,0.35,5.142956348249516,0
70,trip,3595,3620.410795394624,z31,z00,toy-0008453,,,False,42.74999999999995,0.0,40.463028414483766,0.35,7.273238618387272,0
71,trip,3595,3603.8333333333335,z31,z30,toy-0008454,,,False,39.94549837945004,0.0,39.150498379450035,0.35,2.3,0
19,trip,3595,3603.8333333333335,z21,z20,toy-0008452,,,False,43.63419264196275,0.0,42.83919264196275,0.35,2.3,0
36,trip,3595,3607.0089706448603,z12,z01,toy-0008459,,,False,43.21902400760817,0.0,42.13821664957074,0.35,3.2526911934581184,0
16,trip,3595,3610.3333333333335,z10,z21,toy-0008450,,,False,15.670021932285334,0.0,14.290021932285335,2.3,2.3,0
1,visit,3595,3610.0,z00,z00,,depot_west,local,True,35.3244421128927,12.777777777777779,47.892219890670475,0.7,0,7.666666666666668
56,visit,3595,3615.3333333333335,z22,z22,,hub_inner,local,False,37.53391721246341,0.0,36.153917212463405,4.6,0,0
42,visit,3595,3615.3333333333335,z20,z20,,depot_south,local,False,45.614999999999924,0.0,44.23499999999992,4.6,0,0
25,visit,3595,3610.0,z30,z30,,depot_south,,True,35.99664411613454,12.108355883865459,47.894999999999996,0.7,0,7.265013530319274
23,trip,3600,3622.851274623054,z10,z32,toy-0008462,,,False,38.18807630533779,0.0,36.13146158926292,0.35,6.505382386916237,0
27,trip,3600,3618.309854494165,z32,z20,toy-0008470,,,False,38.61053076276201,0.0,36.96264385828716,0.35,5.142956348249516,0
67,trip,3600,3608.8333333333335,z32,z31,toy-0008472,,,False,47.89500000000014,0.0,47.100000000000136,0.35,2.3,0
22,trip,3600,3624.1666666666665,z30,z00,toy-0008463,,,False,46.41000000000004,0.0,44.23500000000004,0.35,6.8999999999999995,0
29,trip,3600,3612.0089706448603,z22,z31,toy-0008469,,,False,34.05274827354579,0.0,32.971940915508355,0.35,3.2526911934581184,0
6,trip,3600,3624.1666666666665,z31,z01,toy-0008467,,,False,39.18889815925844,0.0,37.013898159258446,0.35,6.8999999999999995,0
61,trip,3600,3612.0089706448603,z21,z12,toy-0008465,,,False,47.895000000000124,0.0,46.81419264196269,0.35,3.2526911934581184,0
24,trip,3600,3618.309854494165,z31,z10,toy-0008466,,,False,32.52778182263375,0.0,30.879894918158893,0.35,5.142956348249516,0
51,trip,3600,3608.8333333333335,z31,z21,toy-0008468,,,False,39.673076305338114,0.0,38.87807630533811,0.35,2.3,0
41,trip,3600,3630.6666666666665,z10,z30,toy-0008461,,,False,34.88942422546411,0.0,32.12942422546411,2.3,6.8999999999999995,0
68,trip,3600,3625.410795394624,z32,z01,toy-0008471,,,False,45.14838528392522,0.0,42.86141369840904,0.35,7.273238618387272,0
10,trip,3600,3615.3333333333335,z11,z11,toy-0008464,,,False,27.51197917603482,0.0,26.13197917603482,2.3,2.3,0
89,visit,3600,3615.0,z11,z11,,hub_center,local,True,23.481294120685,12.777777777777779,36.04907189846278,0.7,0,7.666666666666668
7,visit,3600,3620.3333333333335,z22,z22,,hub_inner,local,False,31.97407321835526,0.0,30.594073218355263,4.6,0,0
46,visit,3600,3620.3333333333335,z12,z12,,hub_center,local,False,35.34055490385472,0.0,33.96055490385472,4.6,0,0
58,visit,3600,3615.0,z31,z31,,hub_core,local,True,35.46347535741751,12.641524642582489,47.894999999999996,0.7,0,7.584914785549493
33,visit,3600,3626.6846079563875,z12,z12,,hub_inner,local,False,36.020612202703845,0.0,34.06899748662897,6.505382386916237,0,0
47,trip,3605,3613.8333333333335,z01,z11,toy-0008477,,,False,42.62138601165369,0.0,41.82638601165369,0.35,2.3,0
55,trip,3605,3623.309854494165,z01,z20,toy-0008476,,,False,44.371305737488136,0.0,42.723418833013284,0.35,5.142956348249516,0
21,trip,3605,3613.8333333333335,z31,z32,toy-0008486,,,False,44.17694446117126,0.0,43.38194446117126,0.35,2.3,0
48,trip,3605,3621.5,z31,z11,toy-0008484,,,False,26.45992260491396,0.0,24.97492260491396,0.35,4.6,0
18,trip,3605,3617.0089706448603,z21,z32,toy-0008482,,,False,22.859940492343192,0.0,21.779133134305756,0.35,3.2526911934581184,0
44,trip,3605,3635.6666666666665,z11,z31,toy-0008478,,,False,17.545829290322203,0.0,14.785829290322203,2.3,6.8999999999999995,0
52,trip,3605,3621.5,z30,z32,toy-0008475,,,False,46.81419264196255,0.0,45.32919264196255,0.35,4.6,0
35,trip,3605,3613.8333333333335,z22,z32,toy-0008488,,,False,15.196495138351018,0.0,14.401495138351018,0.35,2.3,0
8,trip,3605,3636.910795394624,z10,z31,toy-0008473,,,False,30.285687780313168,0.0,27.413716194796987,2.3,7.273238618387272,0
57,trip,3605,3613.8333333333335,z30,z31,toy-0008474,,,False,44.371305737487454,0.0,43.57630573748745,0.35,2.3,0
40,trip,3605,3613.8333333333335,z22,z21,toy-0008487,,,False,30.619952217008017,0.0,29.82495221700802,0.35,2.3,0
53,trip,3605,3613.8333333333335,z21,z22,toy-0008481,,,False,37.12275298498421,0.0,36.32775298498421,0.35,2.3,0
54,trip,3605,3623.309854494165,z31,z12,toy-0008485,,,False,45.5099999999999,0.0,43.862113095525046,0.35,5.142956348249516,0
72,trip,3605,3617.0089706448603,z31,z20,toy-0008483,,,False,39.78300072772877,0.0,38.70219336969134,0.35,3.2526911934581184,0
12,trip,3605,3620.3333333333335,z20,z31,toy-0008480,,,False,23.841030307988543,0.0,22.461030307988544,2.3,2.3,0
2,trip,3605,3623.309854494165,z32,z11,toy-0008490,,,False,17.86916668339339,0.0,16.221279778918536,0.35,5.142956348249516,0
19,trip,3605,3628.0,z20,z01,toy-0008479,,,False,42.839192641962775,0.0,40.769192641962775,2.3,4.6,0
17,trip,3605,3617.0089706448603,z32,z21,toy-0008491,,,False,21.99103241262437,0.0,20.910225054586935,0.35,3.2526911934581184,0
38,trip,3605,3633.809226445224,z32,z00,toy-0008489,,,False,41.91049837945066,0.0,39.317667999380504,0.35,8.292767933567175,0
45,visit,3605,3620.0,z32,z32,,hub_waterfront,local,True,42.0530284144838,6.051971585516199,47.894999999999996,0.7,0,3.6311829513097194
39,trip,3610,3622.0089706448603,z31,z22,toy-0008501,,,False,42.09130573748755,0.0,41.01049837945012,0.35,3.2526911934581184,0
49,trip,3610,3635.410795394624,z02,z31,toy-0008502,,,False,41.31434732796227,0.0,39.02737574244608,0.35,7.273238618387272,0
0,trip,3610,3625.3333333333335,z12,z01,toy-0008496,,,False,37.119306465216226,0.0,35.739306465216224,2.3,2.3,0
26,trip,3610,3628.309854494165,z21,z00,toy-0008499,,,False,26.927382770554335,0.0,25.27949586607948,0.35,5.142956348249516,0
9,trip,3610,3622.0089706448603,z10,z21,toy-0008493,,,False,45.16630573748804,0.0,44.085498379450605,0.35,3.2526911934581184,0
74,trip,3610,3618.8333333333335,z31,z21,toy-0008500,,,False,47.89499999999982,0.0,47.09999999999982,0.35,2.3,0
4,trip,3610,3628.5089706448603,z12,z22,toy-0008498,,,False,33.51852679393419,0.0,31.852719435896756,2.3,3.2526911934581184,0
11,trip,3610,3628.309854494165,z12,z31,toy-0008504,,,False,31.263808085766197,0.0,29.61592118129134,0.35,5.142956348249516,0
60,trip,3610,3634.1666666666665,z02,z32,toy-0008503,,,False,42.28338528392511,0.0,40.10838528392511,0.35,6.8999999999999995,0
1,trip,3610,3632.851274623054,z00,z22,toy-0008492,,,False,47.89221989067024,0.0,45.83560517459537,0.35,6.505382386916237,0
37,trip,3610,3622.0089706448603,z20,z31,toy-0008495,,,False,33.85599675890039,0.0,32.775189400862956,0.35,3.2526911934581184,0
20,trip,3610,3618.8333333333335,z32,z31,toy-0008505,,,False,31.9023348797001,0.0,31.107334879700097,0.35,2.3,0
73,trip,3610,3618.8333333333335,z32,z22,toy-0008506,,,False,47.89499999999989,0.0,47.09999999999989,0.35,2.3,0
28,trip,3610,3633.0,z21,z31,toy-0008497,,,False,39.67761147497554,0.0,37.60761147497554,2.3,4.6,0
43,trip,3610,3628.309854494165,z10,z31,toy-0008494,,,False,32.994025173384664,0.0,31.346138268909808,0.35,5.142956348249516,0
15,visit,3610,3652.3333333333335,z31,z31,,depot_south,central,False,40.149071898462964,0.0,38.76907189846296,4.6,0,0
67,visit,3610,3625.0,z31,z31,,hub_core,local,True,47.100000000000165,1.0049999999998318,47.894999999999996,0.7,0,0.6029999999998992
50,trip,3615,3633.309854494165,z20,z01,toy-0008508,,,False,36.326043483978935,0.0,34.67815657950408,0.35,5.142956348249516,0
61,trip,3615,3631.5,z12,z32,toy-0008516,,,False,46.8141926419627,0.0,45.3291926419627,0.35,4.6,0
25,trip,3615,3633.309854494165,z30,z22,toy-0008512,,,False,47.895,0.0,46.24711309552515,0.35,5.142956348249516,0
29,trip,3615,3623.8333333333335,z31,z32,toy-0008514,,,False,32.97194091550836,0.0,32.17694091550836,0.35,2.3,0
16,trip,3615,3623.8333333333335,z21,z31,toy-0008513,,,False,14.290021932285363,0.0,13.495021932285363,0.35,2.3,0
66,trip,3615,3633.309854494165,z20,z32,toy-0008511,,,False,46.81419264196295,0.0,45.166305737488095,0.35,5.142956348249516,0
13,trip,3615,3627.0089706448603,z22,z11,toy-0008517,,,False,24.133251364434738,0.0,23.0524440063973,0.35,3.2526911934581184,0
40,trip,3615,3633.5089706448603,z21,z11,toy-0008509,,,False,29.824952217008043,0.0,28.159144858970606,2.3,3.2526911934581184,0
62,trip,3615,3631.5,z22,z02,toy-0008519,,,False,35.10186064134297,0.0,33.61686064134297,0.35,4.6,0
51,trip,3615,3638.0,z21,z22,toy-0008510,,,False,38.87807630533814,0.0,36.80807630533814,2.3,4.6,0
36,trip,3615,3633.5089706448603,z01,z11,toy-0008507,,,False,42.138216649570744,0.0,40.47240929153331,2.3,3.2526911934581184,0
63,trip,3615,3627.0089706448603,z22,z31,toy-0008518,,,False,46.334723404724805,0.0,45.25391604668737,0.35,3.2526911934581184,0
31,trip,3615,3631.5,z02,z00,toy-0008515,,,False,33.81771943589651,0.0,32.33271943589651,0.35,4.6,0
53,visit,3615,3635.3333333333335,z22,z22,,hub_waterfront,local,False,36.32775298498424,0.0,34.947752984984234,4.6,0,0
59,visit,3615,3676.286375654997,z22,z22,,depot_south,central,False,44.23499999999971,0.0,41.14922619105,10.285912696499032,0,0
35,visit,3615,3639.5554362503226,z32,z32,,hub_waterfront,,False,14.401495138351047,33.70350486164895,47.894999999999996,0.7,0,20.22210291698937
89,visit,3615,3630.0,z11,z11,,hub_center,,True,36.04907189846255,12.055928101537445,47.894999999999996,0.7,0,7.233556860922468
20,trip,3620,3636.5,z31,z11,toy-0008527,,,False,31.107334879700126,0.0,29.622334879700126,0.35,4.6,0
71,trip,3620,3632.0089706448603,z30,z21,toy-0008522,,,False,39.15049837945006,0.0,38.06969102141263,0.35,3.2526911934581184,0
56,trip,3620,3636.5,z22,z20,toy-0008529,,,False,36.153917212463426,0.0,34.66891721246343,0.35,4.6,0
57,trip,3620,3632.0089706448603,z31,z22,toy-0008528,,,False,43.57630573748748,0.0,42.49549837945005,0.35,3.2526911934581184,0
17,trip,3620,3632.0089706448603,z21,z32,toy-0008526,,,False,20.91022505458695,0.0,19.829417696549513,0.35,3.2526911934581184,0
10,trip,3620,3632.0089706448603,z11,z20,toy-0008524,,,False,26.131979176034847,0.0,25.05117181799741,0.35,3.2526911934581184,0
14,trip,3620,3642.851274623054,z32,z10,toy-0008530,,,False,43.20394959577473,0.0,41.14733487969986,0.35,6.505382386916237,0
47,trip,3620,3638.309854494165,z11,z32,toy-0008525,,,False,41.82638601165372,0.0,40.178499107178865,0.35,5.142956348249516,0
24,trip,3620,3647.985491805692,z10,z22,toy-0008523,,,False,30.879894918158904,0.0,28.361200655646613,3.2526911934581184,5.142956348249516,0
27,trip,3620,3650.6666666666665,z20,z02,toy-0008520,,,False,36.96264385828716,0.0,34.20264385828716,4.6,4.6,0
42,trip,3620,3628.8333333333335,z20,z21,toy-0008521,,,False,44.23499999999994,0.0,43.43999999999994,0.35,2.3,0
18,visit,3620,3635.0,z32,z32,,hub_waterfront,,True,21.77913313430577,17.77777777777778,39.34691091208355,0.7,0,10.666666666666668
64,visit,3620,3635.0,z21,z21,,hub_inner,,True,38.58111921570497,9.523880784295024,47.894999999999996,0.7,0,5.714328470577015
21,trip,3625,3637.0089706448603,z32,z21,toy-0008554,,,False,43.38194446117129,0.0,42.301137103133854,0.35,3.2526911934581184,0
45,trip,3625,3643.309854494165,z32,z20,toy-0008551,,,False,47.895,0.0,46.24711309552515,0.35,5.142956348249516,0
2,trip,3625,3641.5,z11,z31,toy-0008536,,,False,16.22127977891855,0.0,14.73627977891855,0.35,4.6,0
48,trip,3625,3633.8333333333335,z11,z21,toy-0008535,,,False,24.97492260491396,0.0,24.179922604913962,0.35,2.3,0
52,trip,3625,3641.5,z32,z30,toy-0008552,,,False,45.32919264196254,0.0,43.84419264196254,0.35,4.6,0
75,trip,3625,3633.8333333333335,z32,z31,toy-0008555,,,False,45.662113095525385,0.0,44.86711309552538,0.35,2.3,0
9,trip,3625,3637.0089706448603,z21,z10,toy-0008537,,,False,44.08549837945061,0.0,43.00469102141318,0.35,3.2526911934581184,0
12,trip,3625,3654.351274623054,z31,z12,toy-0008533,,,False,22.46103030798857,0.0,19.8194155919137,2.3,6.505382386916237,0
7,trip,3625,3637.0089706448603,z22,z31,toy-0008549,,,False,30.594073218355287,0.0,29.51326586031785,0.35,3.2526911934581184,0
46,trip,3625,3637.0089706448603,z12,z21,toy-0008545,,,False,33.96055490385474,0.0,32.87974754581731,0.35,3.2526911934581184,0
54,trip,3625,3633.8333333333335,z12,z22,toy-0008546,,,False,43.862113095525046,0.0,43.067113095525045,0.35,2.3,0
74,trip,3625,3633.8333333333335,z21,z22,toy-0008539,,,False,47.099999999999845,0.0,46.30499999999984,0.35,2.3,0
16,trip,3625,3633.8333333333335,z31,z21,toy-0008541,,,False,13.495021932285391,0.0,12.700021932285392,0.35,2.3,0
65,trip,3625,3643.309854494165,z12,z20,toy-0008544,,,False,40.94130457171191,0.0,39.29341766723706,0.35,5.142956348249516,0
37,trip,3625,3637.0089706448603,z31,z20,toy-0008540,,,False,32.77518940086296,0.0,31.694382042825527,0.35,3.2526911934581184,0
82,trip,3625,3643.309854494165,z32,z11,toy-0008553,,,False,47.895,0.0,46.24711309552515,0.35,5.142956348249516,0
58,trip,3625,3633.8333333333335,z31,z32,toy-0008542,,,False,47.89500000000036,0.0,47.10000000000036,0.35,2.3,0
39,trip,3625,3640.3333333333335,z22,z20,toy-0008538,,,False,41.01049837945013,0.0,39.630498379450124,2.3,2.3,0
6,trip,3625,3650.410795394624,z01,z32,toy-0008534,,,False,37.013898159258446,0.0,34.72692657374226,0.35,7.273238618387272,0
55,trip,3625,3649.809854494165,z20,z22,toy-0008532,,,False,42.723418833013284,0.0,40.49053192853843,2.3,5.142956348249516,0
73,trip,3625,3647.851274623054,z22,z00,toy-0008547,,,False,47.099999999999916,0.0,45.04338528392505,0.35,6.505382386916237,0
69,trip,3625,3640.3333333333335,z12,z32,toy-0008550,,,False,44.29549837945041,0.0,42.915498379450405,2.3,2.3,0
70,trip,3625,3640.3333333333335,z00,z11,toy-0008531,,,False,40.463028414483766,0.0,39.08302841448376,2.3,2.3,0
3,trip,3625,3643.309854494165,z02,z21,toy-0008543,,,False,28.217053587868264,0.0,26.56916668339341,0.35,5.142956348249516,0
83,trip,3625,3640.3333333333335,z32,z21,toy-0008548,,,False,46.918079836118125,0.0,45.53807983611812,2.3,2.3,0
22,visit,3625,3640.0,z00,z00,,depot_west,local,True,44.23500000000004,3.869999999999955,47.894999999999996,0.7,0,2.321999999999973
42,trip,3630,3638.8333333333335,z21,z31,toy-0008563,,,False,43.43999999999997,0.0,42.64499999999997,0.35,2.3,0
5,trip,3630,3642.0089706448603,z20,z31,toy-0008556,,,False,39.97699118624958,0.0,38.896183828212145,0.35,3.2526911934581184,0
11,trip,3630,3648.309854494165,z31,z10,toy-0008564,,,False,29.615921181291355,0.0,27.9680342768165,0.35,5.142956348249516,0
33,trip,3630,3652.851274623054,z12,z30,toy-0008567,,,False,34.06899748662896,0.0,32.01238277055409,0.35,6.505382386916237,0
67,trip,3630,3648.309854494165,z31,z12,toy-0008566,,,False,47.895000000000294,0.0,46.24711309552544,0.35,5.142956348249516,0
86,trip,3630,3638.8333333333335,z32,z22,toy-0008569,,,False,42.85500000000003,0.0,42.06000000000003,0.35,2.3,0
72,trip,3630,3648.309854494165,z20,z12,toy-0008557,,,False,38.702193369691344,0.0,37.05430646521649,0.35,5.142956348249516,0
13,trip,3630,3642.0089706448603,z11,z00,toy-0008561,,,False,23.052444006397316,0.0,21.97163664835988,0.35,3.2526911934581184,0
76,trip,3630,3654.1666666666665,z31,z01,toy-0008565,,,False,47.89500000000033,0.0,45.72000000000033,0.35,6.8999999999999995,0
4,trip,3630,3645.3333333333335,z22,z11,toy-0008562,,,False,31.852719435896763,0.0,30.472719435896764,2.3,2.3,0
88,trip,3630,3646.5,z32,z12,toy-0008568,,,False,47.89500000000015,0.0,46.41000000000015,0.35,4.6,0
77,trip,3630,3661.910795394624,z31,z01,toy-0008559,,,False,46.40999999999981,0.0,43.538028414483634,2.3,7.273238618387272,0
78,trip,3630,3645.3333333333335,z31,z20,toy-0008558,,,False,47.89500000000023,0.0,46.51500000000023,2.3,2.3,0
0,trip,3630,3655.410795394624,z01,z30,toy-0008560,,,False,35.739306465216245,0.0,33.45233487970006,0.35,7.273238618387272,0
26,visit,3630,3659.3333333333335,z00,z00,,depot_west,central,False,25.279495866079493,0.0,25.069495866079492,0.7,0,0
43,visit,3630,3645.0,z31,z31,,hub_core,local,True,31.346138268909815,12.777777777777779,43.913916046687596,0.7,0,7.666666666666668
19,visit,3630,3650.3333333333335,z01,z01,,depot_west,local,False,40.76919264196276,0.0,39.38919264196276,4.6,0,0
63,visit,3630,3645.0,z31,z31,,hub_core,local,True,45.25391604668738,2.8510839533126173,47.894999999999996,0.7,0,1.7106503719875703
28,trip,3635,3647.0089706448603,z31,z22,toy-0008579,,,False,37.60761147497553,0.0,36.526804116938095,0.35,3.2526911934581184,0
10,trip,3635,3659.809854494165,z20,z31,toy-0008571,,,False,25.051171817997425,0.0,22.818284913522568,2.3,5.142956348249516,0
31,trip,3635,3663.809226445224,z00,z32,toy-0008570,,,False,32.3327194358965,0.0,29.739889055826346,0.35,8.292767933567175,0
1,trip,3635,3653.309854494165,z22,z01,toy-0008583,,,False,45.83560517459537,0.0,44.18771827012052,0.35,5.142956348249516,0
75,trip,3635,3643.8333333333335,z31,z30,toy-0008577,,,False,44.86711309552541,0.0,44.07211309552541,0.35,2.3,0
79,trip,3635,3660.410795394624,z31,z00,toy-0008576,,,False,47.894999999999925,0.0,45.60802841448374,0.35,7.273238618387272,0
16,trip,3635,3647.0089706448603,z21,z32,toy-0008575,,,False,12.70002193228542,0.0,11.619214574247984,0.35,3.2526911934581184,0
48,trip,3635,3647.0089706448603,z21,z30,toy-0008573,,,False,24.179922604913987,0.0,23.09911524687655,0.35,3.2526911934581184,0
25,trip,3635,3653.309854494165,z22,z10,toy-0008581,,,False,46.24711309552515,0.0,44.5992261910503,0.35,5.142956348249516,0
54,trip,3635,3643.8333333333335,z22,z12,toy-0008584,,,False,43.06711309552507,0.0,42.27211309552507,0.35,2.3,0
57,trip,3635,3659.809854494165,z22,z31,toy-0008580,,,False,42.495498379450055,0.0,40.2626114749752,2.3,5.142956348249516,0
89,trip,3635,3643.8333333333335,z11,z10,toy-0008572,,,False,47.89499999999984,0.0,47.09999999999984,0.35,2.3,0
80,trip,3635,3643.8333333333335,z31,z21,toy-0008578,,,False,47.8950000000002,0.0,47.1000000000002,0.35,2.3,0
64,trip,3635,3647.0089706448603,z21,z12,toy-0008574,,,False,47.89500000000021,0.0,46.81419264196278,0.35,3.2526911934581184,0
17,trip,3635,3643.8333333333335,z32,z31,toy-0008585,,,False,19.829417696549527,0.0,19.034417696549525,0.35,2.3,0
74,trip,3635,3653.309854494165,z22,z30,toy-0008582,,,False,46.30499999999987,0.0,44.65711309552502,0.35,5.142956348249516,0
40,visit,3635,3650.0,z11,z11,,hub_center,local,True,28.15914485897062,12.777777777777779,40.7269226367484,0.7,0,7.666666666666668
41,visit,3635,3664.3333333333335,z30,z30,,depot_south,central,False,32.129424225464106,0.0,31.919424225464105,0.7,0,0
29,visit,3635,3650.0,z32,z32,,hub_waterfront,local,True,32.17694091550839,12.777777777777779,44.74471869328617,0.7,0,7.666666666666668
36,visit,3635,3683.6846079563875,z11,z11,,depot_west,central,False,40.47240929153331,0.0,38.52079457545844,6.505382386916237,0,0
61,visit,3635,3692.6666666666665,z32,z32,,depot_south,central,False,45.32919264196269,0.0,42.569192641962694,9.2,0,0
71,visit,3635,3650.0,z21,z21,,hub_inner,,True,38.06969102141264,10.03530897858736,47.894999999999996,0.7,0,6.021185387152416
20,trip,3640,3652.0089706448603,z11,z22,toy-0008592,,,False,29.622334879700126,0.0,28.54152752166269,0.35,3.2526911934581184,0
50,trip,3640,3656.5,z01,z21,toy-0008590,,,False,34.67815657950408,0.0,33.193156579504084,0.35,4.6,0
18,trip,3640,3652.0089706448603,z32,z21,toy-0008601,,,False,39.34691091208332,0.0,38.266103554045884,0.35,3.2526911934581184,0
7,trip,3640,3656.5,z31,z11,toy-0008595,,,False,29.513265860317865,0.0,28.028265860317866,0.35,4.6,0
8,trip,3640,3648.8333333333335,z31,z32,toy-0008596,,,False,27.413716194797,0.0,26.618716194797003,0.35,2.3,0
35,trip,3640,3665.410795394624,z32,z01,toy-0008600,,,False,47.89500000000036,0.0,45.608028414484174,0.35,7.273238618387272,0
21,trip,3640,3648.8333333333335,z21,z31,toy-0008594,,,False,42.30113710313386,0.0,41.50613710313386,0.35,2.3,0
9,trip,3640,3662.851274623054,z10,z32,toy-0008586,,,False,43.00469102141319,0.0,40.94807630533832,0.35,6.505382386916237,0
53,trip,3640,3655.3333333333335,z22,z11,toy-0008597,,,False,34.947752984984255,0.0,33.56775298498425,2.3,2.3,0
68,trip,3640,3664.1666666666665,z01,z31,toy-0008591,,,False,42.86141369840904,0.0,40.68641369840904,0.35,6.8999999999999995,0
86,trip,3640,3648.8333333333335,z22,z32,toy-0008599,,,False,42.06000000000006,0.0,41.26500000000006,0.35,2.3,0
46,trip,3640,3664.809854494165,z21,z32,toy-0008593,,,False,32.87974754581732,0.0,30.646860641342464,2.3,5.142956348249516,0
37,trip,3640,3655.3333333333335,z20,z31,toy-0008589,,,False,31.694382042825538,0.0,30.31438204282554,2.3,2.3,0
47,trip,3640,3658.5089706448603,z32,z31,toy-0008598,,,False,40.178499107178865,0.0,38.51269174914143,2.3,3.2526911934581184,0
56,trip,3640,3648.8333333333335,z20,z30,toy-0008587,,,False,34.66891721246342,0.0,33.87391721246342,0.35,2.3,0
58,trip,3640,3664.1666666666665,z32,z02,toy-0008602,,,False,47.100000000000385,0.0,44.92500000000039,0.35,6.8999999999999995,0
42,trip,3640,3667.985491805692,z31,z32,toy-0008588,,,False,42.644999999999996,0.0,40.126305737487705,3.2526911934581184,5.142956348249516,0
23,visit,3640,3655.0,z32,z32,,hub_waterfront,local,True,36.13146158926292,11.973538410737076,47.894999999999996,0.7,0,7.184123046442246
51,visit,3640,3660.3333333333335,z22,z22,,hub_inner,local,False,36.808076305338126,0.0,35.428076305338124,4.6,0,0
44,visit,3640,3664.32483575914,z31,z31,,hub_core,,False,14.785829290322217,33.319170709677785,47.895,0.7,0,19.991502425806672
3,trip,3645,3663.5089706448603,z21,z11,toy-0008610,,,False,26.569166683393423,0.0,24.903359325355986,2.3,3.2526911934581184,0
89,trip,3645,3661.5,z10,z12,toy-0008603,,,False,47.099999999999866,0.0,45.61499999999987,0.35,4.6,0
2,trip,3645,3670.410795394624,z31,z02,toy-0008608,,,False,14.736279778918552,0.0,12.44930819340237,0.35,7.273238618387272,0
70,trip,3645,3661.5,z11,z31,toy-0008605,,,False,39.083028414483785,0.0,37.598028414483785,0.35,4.6,0
54,trip,3645,3661.5,z12,z10,toy-0008609,,,False,42.2721130955251,0.0,40.7871130955251,0.35,4.6,0
80,trip,3645,3660.3333333333335,z21,z12,toy-0008606,,,False,47.10000000000023,0.0,45.720000000000226,2.3,2.3,0
5,trip,3645,3657.0089706448603,z31,z20,toy-0008607,,,False,38.89618382821215,0.0,37.81537647017472,0.35,3.2526911934581184,0
60,trip,3645,3653.8333333333335,z32,z31,toy-0008612,,,False,40.10838528392511,0.0,39.31338528392511,0.35,2.3,0
45,trip,3645,3661.5,z20,z22,toy-0008604,,,False,46.24711309552515,0.0,44.76211309552515,0.35,4.6,0
66,trip,3645,3660.3333333333335,z32,z21,toy-0008611,,,False,45.166305737488095,0.0,43.78630573748809,2.3,2.3,0
69,trip,3645,3653.8333333333335,z32,z22,toy-0008613,,,False,42.915498379450426,0.0,42.120498379450424,0.35,2.3,0
13,visit,3645,3660.0,z00,z00,,depot_west,local,True,21.971636648359894,12.777777777777779,34.539414426137675,0.7,0,7.666666666666668
39,visit,3645,3665.3333333333335,z20,z20,,depot_south,local,False,39.630498379450145,0.0,38.25049837945014,4.6,0,0
14,visit,3645,3665.3333333333335,z10,z10,,depot_west,local,False,41.14733487969986,0.0,39.76733487969986,4.6,0,0
82,visit,3645,3660.0,z11,z11,,hub_center,local,True,46.24711309552515,1.8578869044748458,47.894999999999996,0.7,0,1.1147321426849075
17,visit,3645,3660.0,z31,z31,,hub_core,,True,19.034417696549554,17.77777777777778,36.60219547432733,0.7,0,10.666666666666668
4,trip,3650,3658.8333333333335,z11,z21,toy-0008620,,,False,30.47271943589679,0.0,29.67771943589679,0.35,2.3,0
24,trip,3650,3666.5,z22,z20,toy-0008627,,,False,28.361200655646613,0.0,26.876200655646613,0.35,4.6,0
8,trip,3650,3668.309854494165,z32,z20,toy-0008628,,,False,26.618716194797027,0.0,24.970829290322172,0.35,5.142956348249516,0
64,trip,3650,3666.5,z12,z32,toy-0008626,,,False,46.814192641962784,0.0,45.329192641962784,0.35,4.6,0
48,trip,3650,3668.309854494165,z30,z11,toy-0008618,,,False,23.099115246876565,0.0,21.45122834240171,0.35,5.142956348249516,0
71,trip,3650,3668.309854494165,z21,z02,toy-0008621,,,False,47.89499999999999,0.0,46.24711309552514,0.35,5.142956348249516,0
11,trip,3650,3658.8333333333335,z10,z20,toy-0008615,,,False,27.968034276816514,0.0,27.173034276816516,0.35,2.3,0
21,trip,3650,3658.8333333333335,z31,z32,toy-0008625,,,False,41.50613710313389,0.0,40.711137103133886,0.35,2.3,0
22,trip,3650,3675.410795394624,z00,z31,toy-0008614,,,False,47.89500000000026,0.0,45.608028414484075,0.35,7.273238618387272,0
43,trip,3650,3662.0089706448603,z31,z22,toy-0008624,,,False,43.91391604668736,0.0,42.83310868864993,0.35,3.2526911934581184,0
83,trip,3650,3658.8333333333335,z21,z22,toy-0008622,,,False,45.53807983611814,0.0,44.74307983611814,0.35,2.3,0
65,trip,3650,3662.0089706448603,z20,z31,toy-0008617,,,False,39.29341766723706,0.0,38.212610309199626,0.35,3.2526911934581184,0
49,trip,3650,3658.8333333333335,z31,z21,toy-0008623,,,False,39.02737574244608,0.0,38.23237574244608,0.35,2.3,0
52,trip,3650,3666.5,z30,z32,toy-0008619,,,False,43.844192641962536,0.0,42.35919264196254,0.35,4.6,0
16,trip,3650,3668.309854494165,z32,z11,toy-0008629,,,False,11.619214574247998,0.0,9.971327669773142,0.35,5.142956348249516,0
56,trip,3650,3665.3333333333335,z30,z21,toy-0008616,,,False,33.873917212463446,0.0,32.493917212463444,2.3,2.3,0
28,visit,3650,3670.3333333333335,z22,z22,,hub_inner,local,False,36.5268041169381,0.0,35.1468041169381,4.6,0,0
86,visit,3650,3665.0,z32,z32,,hub_waterfront,local,True,41.265000000000086,6.839999999999909,47.894999999999996,0.7,0,4.103999999999946
78,visit,3650,3692.3333333333335,z20,z20,,depot_south,central,False,46.51500000000025,0.0,45.13500000000025,4.6,0,0
32,visit,3650,3665.0,z32,z32,,hub_waterfront,,True,34.52807630533811,13.576923694661884,47.894999999999996,0.7,0,8.14615421679713
18,trip,3655,3671.5,z21,z01,toy-0008635,,,False,38.26610355404589,0.0,36.78110355404589,0.35,4.6,0
6,trip,3655,3663.8333333333335,z32,z31,toy-0008643,,,False,34.72692657374226,0.0,33.93192657374226,0.35,2.3,0
23,trip,3655,3667.0089706448603,z32,z21,toy-0008642,,,False,47.89500000000034,0.0,46.814192641962904,0.35,3.2526911934581184,0
20,trip,3655,3667.0089706448603,z22,z31,toy-0008640,,,False,28.541527521662704,0.0,27.46072016362527,0.35,3.2526911934581184,0
15,trip,3655,3673.5089706448603,z31,z32,toy-0008638,,,False,38.76907189846298,0.0,37.10326454042555,2.3,3.2526911934581184,0
63,trip,3655,3673.309854494165,z31,z12,toy-0008639,,,False,47.894999999999754,0.0,46.2471130955249,0.35,5.142956348249516,0
38,trip,3655,3671.5,z00,z20,toy-0008630,,,False,39.3176679993805,0.0,37.8326679993805,0.35,4.6,0
40,trip,3655,3670.3333333333335,z11,z31,toy-0008637,,,False,40.726922636748164,0.0,39.34692263674816,2.3,2.3,0
25,trip,3655,3667.0089706448603,z10,z21,toy-0008632,,,False,44.5992261910503,0.0,43.518418833012866,0.35,3.2526911934581184,0
55,trip,3655,3670.3333333333335,z22,z11,toy-0008636,,,False,40.49053192853843,0.0,39.11053192853843,2.3,2.3,0
69,trip,3655,3670.3333333333335,z22,z20,toy-0008634,,,False,42.12049837945045,0.0,40.74049837945045,2.3,2.3,0
33,trip,3655,3670.3333333333335,z30,z10,toy-0008633,,,False,32.01238277055409,0.0,30.63238277055409,2.3,2.3,0
29,trip,3655,3677.851274623054,z32,z10,toy-0008641,,,False,44.74471869328593,0.0,42.688103977211064,0.35,6.505382386916237,0
73,trip,3655,3673.309854494165,z00,z21,toy-0008631,,,False,45.04338528392505,0.0,43.395498379450196,0.35,5.142956348249516,0
60,visit,3655,3670.0,z31,z31,,hub_core,local,True,39.313385283925136,8.79161471607486,47.894999999999996,0.7,0,5.274968829644917
83,trip,3660,3668.8333333333335,z22,z32,toy-0008652,,,False,44.74307983611817,0.0,43.94807983611817,0.35,2.3,0
7,trip,3660,3672.0089706448603,z11,z20,toy-0008645,,,False,28.028265860317866,0.0,26.94745850228043,0.35,3.2526911934581184,0
17,trip,3660,3668.8333333333335,z31,z21,toy-0008649,,,False,36.602195474327104,0.0,35.8071954743271,0.35,2.3,0
21,trip,3660,3688.809226445224,z32,z00,toy-0008653,,,False,40.711137103133915,0.0,38.11830672306376,0.35,8.292767933567175,0
5,trip,3660,3672.0089706448603,z20,z11,toy-0008644,,,False,37.815376470174726,0.0,36.734569112137294,0.35,3.2526911934581184,0
12,trip,3660,3678.309854494165,z12,z31,toy-0008651,,,False,19.81941559191371,0.0,18.171528687438855,0.35,5.142956348249516,0
37,trip,3660,3678.309854494165,z31,z10,toy-0008647,,,False,30.314382042825564,0.0,28.666495138350708,0.35,5.142956348249516,0
47,trip,3660,3676.5,z31,z11,toy-0008648,,,False,38.51269174914143,0.0,37.02769174914143,0.35,4.6,0
53,trip,3660,3678.309854494165,z11,z30,toy-0008646,,,False,33.567752984984274,0.0,31.91986608050942,0.35,5.142956348249516,0
57,trip,3660,3668.8333333333335,z31,z32,toy-0008650,,,False,40.2626114749752,0.0,39.4676114749752,0.35,2.3,0
10,visit,3660,3702.3333333333335,z31,z31,,depot_south,central,False,22.81828491352258,0.0,21.43828491352258,4.6,0,0
26,visit,3660,3675.0,z00,z00,,depot_west,,True,25.06949586607952,17.77777777777778,42.6372736438573,0.7,0,10.666666666666668
4,visit,3660,3675.0,z21,z21,,hub_inner,,True,29.677719435896815,17.77777777777778,47.24549721367459,0.7,0,10.666666666666668
13,visit,3660,3675.0,z00,z00,,depot_west,,True,34.53941442613744,13.565585573862558,47.894999999999996,0.7,0,8.139351344317534
67,trip,3665,3677.0089706448603,z12,z21,toy-0008665,,,False,46.24711309552544,0.0,45.16630573748801,0.35,3.2526911934581184,0
27,trip,3665,3693.809226445224,z02,z30,toy-0008663,,,False,34.20264385828711,0.0,31.609813478216957,0.35,8.292767933567175,0
9,trip,3665,3681.5,z32,z12,toy-0008668,,,False,40.94807630533832,0.0,39.46307630533832,0.35,4.6,0
72,trip,3665,3673.8333333333335,z12,z22,toy-0008666,,,False,37.05430646521649,0.0,36.25930646521649,0.35,2.3,0
79,trip,3665,3683.309854494165,z00,z12,toy-0008654,,,False,45.60802841448374,0.0,43.96014151000889,0.35,5.142956348249516,0
31,trip,3665,3673.8333333333335,z32,z31,toy-0008667,,,False,29.73988905582635,0.0,28.94488905582635,0.35,2.3,0
11,trip,3665,3683.309854494165,z20,z32,toy-0008656,,,False,27.17303427681654,0.0,25.525147372341685,0.35,5.142956348249516,0
6,trip,3665,3677.0089706448603,z31,z22,toy-0008662,,,False,33.93192657374229,0.0,32.851119215704855,0.35,3.2526911934581184,0
54,trip,3665,3683.309854494165,z10,z31,toy-0008655,,,False,40.78711309552509,0.0,39.13922619105024,0.35,5.142956348249516,0
1,trip,3665,3690.410795394624,z01,z32,toy-0008657,,,False,44.18771827012052,0.0,41.900746684604336,0.35,7.273238618387272,0
44,trip,3665,3677.0089706448603,z31,z20,toy-0008660,,,False,47.89499999999996,0.0,46.81419264196253,0.35,3.2526911934581184,0
32,trip,3665,3673.8333333333335,z32,z22,toy-0008669,,,False,47.89500000000011,0.0,47.10000000000011,0.35,2.3,0
3,trip,3665,3683.309854494165,z11,z32,toy-0008659,,,False,24.903359325356,0.0,23.255472420881144,0.35,5.142956348249516,0
34,trip,3665,3690.410795394624,z02,z31,toy-0008664,,,False,42.692113095524796,0.0,40.40514151000861,0.35,7.273238618387272,0
65,trip,3665,3689.1666666666665,z31,z01,toy-0008661,,,False,38.21261030919963,0.0,36.037610309199636,0.35,6.8999999999999995,0
82,trip,3665,3681.5,z11,z31,toy-0008658,,,False,47.8949999999997,0.0,46.4099999999997,0.35,4.6,0
77,visit,3665,3685.3333333333335,z01,z01,,depot_west,local,False,43.53802841448363,0.0,42.158028414483624,4.6,0,0
66,visit,3665,3680.0,z21,z21,,hub_inner,local,True,43.786305737488114,4.318694262511883,47.894999999999996,0.7,0,2.59121655750713
46,visit,3665,3680.0,z32,z32,,hub_waterfront,,True,30.646860641342467,17.458139358657533,47.895,0.7,0,10.47488361519452
41,visit,3665,3680.0,z30,z30,,depot_south,,True,31.91942422546413,16.185575774535874,47.895,0.7,0,9.711345464721523
70,visit,3665,3680.0,z31,z31,,hub_core,,True,37.59802841448378,10.506971585516219,47.894999999999996,0.7,0,6.3041829513097305
80,trip,3670,3688.309854494165,z12,z00,toy-0008682,,,False,45.72000000000025,0.0,44.072113095525395,0.35,5.142956348249516,0
43,trip,3670,3682.0089706448603,z22,z31,toy-0008684,,,False,42.833108688649936,0.0,41.752301330612504,0.35,3.2526911934581184,0
8,trip,3670,3682.0089706448603,z20,z31,toy-0008672,,,False,24.970829290322186,0.0,23.89002193228475,0.35,3.2526911934581184,0
48,trip,3670,3682.0089706448603,z11,z22,toy-0008676,,,False,21.451228342401723,0.0,20.370420984364287,0.35,3.2526911934581184,0
24,trip,3670,3686.5,z20,z00,toy-0008671,,,False,26.876200655646613,0.0,25.391200655646614,0.35,4.6,0
19,trip,3670,3678.8333333333335,z01,z11,toy-0008674,,,False,39.38919264196278,0.0,38.59419264196278,0.35,2.3,0
23,trip,3670,3682.0089706448603,z21,z32,toy-0008680,,,False,46.81419264196291,0.0,45.73338528392548,0.35,3.2526911934581184,0
45,trip,3670,3678.8333333333335,z22,z21,toy-0008683,,,False,44.762113095525145,0.0,43.96711309552514,0.35,2.3,0
25,trip,3670,3678.8333333333335,z21,z22,toy-0008679,,,False,43.51841883301287,0.0,42.72341883301287,0.35,2.3,0
49,trip,3670,3682.0089706448603,z21,z10,toy-0008677,,,False,38.23237574244611,0.0,37.15156838440868,0.35,3.2526911934581184,0
20,trip,3670,3678.8333333333335,z31,z30,toy-0008681,,,False,27.460720163625282,0.0,26.66572016362528,0.35,2.3,0
14,trip,3670,3688.309854494165,z10,z22,toy-0008670,,,False,39.76733487969988,0.0,38.11944797522503,0.35,5.142956348249516,0
0,trip,3670,3698.809226445224,z30,z02,toy-0008673,,,False,33.45233487970006,0.0,30.859504499629907,0.35,8.292767933567175,0
50,trip,3670,3678.8333333333335,z21,z31,toy-0008678,,,False,33.19315657950408,0.0,32.398156579504075,0.35,2.3,0
35,trip,3670,3694.1666666666665,z01,z31,toy-0008675,,,False,45.608028414484174,0.0,43.43302841448418,0.35,6.8999999999999995,0
16,visit,3670,3742.087295769346,z11,z11,,depot_west,central,False,9.971327669773157,39.00447968826428,47.02419264196257,6.505382386916237,0,23.402687812958572
71,visit,3670,3696.6846079563875,z02,z02,,hub_center,local,False,46.24711309552514,0.0,44.295498379450265,6.505382386916237,0,0
15,trip,3675,3693.309854494165,z32,z11,toy-0008696,,,False,37.10326454042555,0.0,35.4553776359507,0.35,5.142956348249516,0
4,trip,3675,3693.309854494165,z21,z00,toy-0008688,,,False,47.24549721367436,0.0,45.59761030919951,0.35,5.142956348249516,0
56,trip,3675,3687.0089706448603,z21,z12,toy-0008689,,,False,32.493917212463465,0.0,31.41310985442603,0.35,3.2526911934581184,0
18,trip,3675,3693.309854494165,z01,z22,toy-0008687,,,False,36.781103554045885,0.0,35.13321664957103,0.35,5.142956348249516,0
33,trip,3675,3697.851274623054,z10,z32,toy-0008685,,,False,30.632382770554116,0.0,28.575768054479244,0.35,6.505382386916237,0
31,trip,3675,3683.8333333333335,z31,z21,toy-0008690,,,False,28.944889055826376,0.0,28.149889055826378,0.35,2.3,0
42,trip,3675,3691.5,z32,z30,toy-0008695,,,False,40.126305737487684,0.0,38.641305737487684,0.35,4.6,0
74,trip,3675,3687.0089706448603,z30,z21,toy-0008686,,,False,44.65711309552502,0.0,43.57630573748759,0.35,3.2526911934581184,0
40,trip,3675,3683.8333333333335,z31,z32,toy-0008691,,,False,39.34692263674818,0.0,38.55192263674818,0.35,2.3,0
28,trip,3675,3687.0089706448603,z22,z11,toy-0008693,,,False,35.14680411693812,0.0,34.06599675890069,0.35,3.2526911934581184,0
52,trip,3675,3693.309854494165,z32,z20,toy-0008694,,,False,42.35919264196253,0.0,40.71130573748768,0.35,5.142956348249516,0
57,trip,3675,3687.0089706448603,z32,z21,toy-0008697,,,False,39.46761147497523,0.0,38.386804116937796,0.35,3.2526911934581184,0
2,trip,3675,3687.0089706448603,z02,z11,toy-0008692,,,False,12.44930819340239,0.0,11.368500835364953,0.35,3.2526911934581184,0
17,visit,3675,3690.0,z21,z21,,hub_inner,local,True,35.80719547432713,12.297804525672866,47.894999999999996,0.7,0,7.37868271540372
73,visit,3675,3723.6846079563875,z21,z21,,depot_south,central,False,43.395498379450196,0.0,41.443883663375324,6.505382386916237,0,0
5,visit,3675,3690.0,z11,z11,,hub_center,,True,36.7345691121373,11.370430887862694,47.894999999999996,0.7,0,6.822258532717617
12,trip,3680,3692.0089706448603,z31,z22,toy-0008712,,,False,18.17152868743887,0.0,17.090721329401433,0.35,3.2526911934581184,0
29,trip,3680,3692.0089706448603,z10,z01,toy-0008699,,,False,42.688103977211064,0.0,41.60729661917363,0.35,3.2526911934581184,0
58,trip,3680,3704.1666666666665,z02,z32,toy-0008714,,,False,44.92500000000039,0.0,42.75000000000039,0.35,6.8999999999999995,0
62,trip,3680,3696.5,z02,z22,toy-0008713,,,False,33.61686064134296,0.0,32.13186064134296,0.35,4.6,0
7,trip,3680,3688.8333333333335,z20,z21,toy-0008700,,,False,26.947458502280444,0.0,26.152458502280446,0.35,2.3,0
22,trip,3680,3696.5,z31,z11,toy-0008710,,,False,45.608028414484075,0.0,44.123028414484075,0.35,4.6,0
38,trip,3680,3696.5,z20,z22,toy-0008701,,,False,37.83266799938049,0.0,36.34766799938049,0.35,4.6,0
50,trip,3680,3705.410795394624,z31,z00,toy-0008709,,,False,32.3981565795041,0.0,30.111184993987923,0.35,7.273238618387272,0
46,trip,3680,3688.8333333333335,z32,z31,toy-0008717,,,False,47.894999999999754,0.0,47.09999999999975,0.35,2.3,0
20,trip,3680,3688.8333333333335,z30,z31,toy-0008702,,,False,26.66572016362531,0.0,25.870720163625307,0.35,2.3,0
25,trip,3680,3688.8333333333335,z22,z12,toy-0008715,,,False,42.7234188330129,0.0,41.9284188330129,0.35,2.3,0
60,trip,3680,3698.309854494165,z31,z12,toy-0008711,,,False,47.89499999999995,0.0,46.2471130955251,0.35,5.142956348249516,0
19,trip,3680,3688.8333333333335,z11,z01,toy-0008706,,,False,38.594192641962806,0.0,37.799192641962804,0.35,2.3,0
76,trip,3680,3692.0089706448603,z01,z10,toy-0008704,,,False,45.72000000000033,0.0,44.6391926419629,0.35,3.2526911934581184,0
13,trip,3680,3702.851274623054,z00,z22,toy-0008698,,,False,47.89500000000025,0.0,45.83838528392538,0.35,6.505382386916237,0
32,trip,3680,3688.8333333333335,z22,z32,toy-0008716,,,False,47.100000000000136,0.0,46.305000000000135,0.35,2.3,0
45,trip,3680,3688.8333333333335,z21,z31,toy-0008708,,,False,43.96711309552517,0.0,43.17211309552517,0.35,2.3,0
26,trip,3680,3704.809854494165,z00,z20,toy-0008705,,,False,42.63727364385707,0.0,40.40438673938222,2.3,5.142956348249516,0
41,trip,3680,3698.309854494165,z30,z22,toy-0008703,,,False,47.89499999999997,0.0,46.247113095525116,0.35,5.142956348249516,0
47,trip,3680,3688.8333333333335,z11,z21,toy-0008707,,,False,37.027691749141425,0.0,36.23269174914142,0.35,2.3,0
6,visit,3680,3700.3333333333335,z22,z22,,hub_inner,local,False,32.85111921570486,0.0,31.471119215704864,4.6,0,0
53,visit,3680,3695.0,z30,z30,,depot_south,,True,31.919866080509422,16.18513391949058,47.895,0.7,0,9.711080351694347
51,trip,3685,3701.5,z22,z20,toy-0008727,,,False,35.428076305338145,0.0,33.943076305338145,0.35,4.6,0
36,trip,3685,3701.5,z11,z31,toy-0008719,,,False,38.520794575458424,0.0,37.035794575458425,0.35,4.6,0
31,trip,3685,3693.8333333333335,z21,z11,toy-0008721,,,False,28.149889055826403,0.0,27.354889055826405,0.35,2.3,0
63,trip,3685,3703.309854494165,z12,z20,toy-0008724,,,False,46.2471130955249,0.0,44.59922619105005,0.35,5.142956348249516,0
55,trip,3685,3703.5089706448603,z11,z12,toy-0008718,,,False,39.11053192853845,0.0,37.444724570501016,2.3,3.2526911934581184,0
79,trip,3685,3701.5,z12,z32,toy-0008725,,,False,43.96014151000889,0.0,42.47514151000889,0.35,4.6,0
59,trip,3685,3703.309854494165,z22,z10,toy-0008726,,,False,41.14922619104997,0.0,39.50133928657512,0.35,5.142956348249516,0
66,trip,3685,3693.8333333333335,z21,z20,toy-0008720,,,False,47.89500000000034,0.0,47.100000000000335,0.35,2.3,0
3,trip,3685,3710.410795394624,z32,z01,toy-0008729,,,False,23.25547242088116,0.0,20.968500835364978,0.35,7.273238618387272,0
8,trip,3685,3697.0089706448603,z31,z20,toy-0008722,,,False,23.890021932284764,0.0,22.809214574247328,0.35,3.2526911934581184,0
72,trip,3685,3697.0089706448603,z22,z31,toy-0008728,,,False,36.25930646521652,0.0,35.178499107179086,0.35,3.2526911934581184,0
11,trip,3685,3693.8333333333335,z32,z22,toy-0008730,,,False,25.5251473723417,0.0,24.730147372341698,0.35,2.3,0
43,trip,3685,3693.8333333333335,z31,z32,toy-0008723,,,False,41.75230133061251,0.0,40.95730133061251,0.35,2.3,0
48,visit,3685,3705.3333333333335,z22,z22,,hub_inner,local,False,20.3704209843643,0.0,18.990420984364302,4.6,0,0
49,visit,3685,3705.3333333333335,z10,z10,,depot_west,local,False,37.151568384408684,0.0,35.77156838440868,4.6,0,0
54,visit,3685,3700.0,z31,z31,,hub_core,local,True,39.13922619105024,8.965773808949756,47.894999999999996,0.7,0,5.379464285369853
9,visit,3685,3705.3333333333335,z12,z12,,hub_center,local,False,39.46307630533831,0.0,38.08307630533831,4.6,0,0
40,visit,3685,3700.0,z32,z32,,hub_waterfront,,True,38.55192263674821,9.553077363251788,47.894999999999996,0.7,0,5.731846417951073
7,trip,3690,3702.0089706448603,z21,z32,toy-0008738,,,False,26.15245850228047,0.0,25.071651144243035,0.35,3.2526911934581184,0
45,trip,3690,3698.8333333333335,z31,z21,toy-0008740,,,False,43.1721130955252,0.0,42.377113095525196,0.35,2.3,0
23,trip,3690,3698.8333333333335,z32,z31,toy-0008747,,,False,45.733385283925486,0.0,44.938385283925484,0.35,2.3,0
19,trip,3690,3719.351274623054,z01,z20,toy-0008741,,,False,37.79919264196283,0.0,35.15757792588796,2.3,6.505382386916237,0
2,trip,3690,3702.0089706448603,z11,z02,toy-0008736,,,False,11.368500835364967,0.0,10.287693477327531,0.35,3.2526911934581184,0
5,trip,3690,3708.309854494165,z11,z32,toy-0008737,,,False,47.89499999999993,0.0,46.24711309552508,0.35,5.142956348249516,0
25,trip,3690,3702.0089706448603,z12,z01,toy-0008742,,,False,41.92841883301293,0.0,40.847611474975494,0.35,3.2526911934581184,0
39,trip,3690,3708.309854494165,z20,z01,toy-0008732,,,False,38.250498379450164,0.0,36.60261147497531,0.35,5.142956348249516,0
56,trip,3690,3708.309854494165,z12,z31,toy-0008743,,,False,31.41310985442604,0.0,29.765222949951184,0.35,5.142956348249516,0
46,trip,3690,3708.309854494165,z31,z10,toy-0008739,,,False,47.09999999999978,0.0,45.45211309552493,0.35,5.142956348249516,0
65,trip,3690,3706.5,z01,z21,toy-0008735,,,False,36.037610309199636,0.0,34.552610309199636,0.35,4.6,0
14,trip,3690,3708.309854494165,z22,z01,toy-0008744,,,False,38.11944797522503,0.0,36.47156107075018,0.35,5.142956348249516,0
44,trip,3690,3702.0089706448603,z20,z31,toy-0008733,,,False,46.814192641962535,0.0,45.7333852839251,0.35,3.2526911934581184,0
17,trip,3690,3705.3333333333335,z21,z21,toy-0008745,,,False,47.89499999999975,0.0,46.514999999999745,2.3,2.3,0
32,trip,3690,3702.0089706448603,z32,z21,toy-0008746,,,False,46.30500000000016,0.0,45.22419264196273,0.35,3.2526911934581184,0
37,trip,3690,3698.8333333333335,z10,z11,toy-0008731,,,False,28.666495138350722,0.0,27.871495138350724,0.35,2.3,0
69,trip,3690,3708.309854494165,z20,z12,toy-0008734,,,False,40.74049837945047,0.0,39.09261147497562,0.35,5.142956348249516,0
20,visit,3690,3705.0,z31,z31,,hub_core,local,True,25.870720163625336,12.777777777777779,38.438497941403114,0.7,0,7.666666666666668
57,visit,3690,3705.0,z21,z21,,hub_inner,local,True,38.3868041169378,9.718195883062192,47.894999999999996,0.7,0,5.830917529837316
24,visit,3690,3705.0,z00,z00,,depot_west,,True,25.391200655646614,17.77777777777778,42.95897843342439,0.7,0,10.666666666666668
28,visit,3690,3705.0,z11,z11,,hub_center,,True,34.065996758900695,14.039003241099302,47.894999999999996,0.7,0,8.423401944659581
21,visit,3690,3705.0,z00,z00,,depot_west,,True,38.11830672306375,9.986693276936244,47.894999999999996,0.7,0,5.992015966161746
27,trip,3695,3711.5,z30,z10,toy-0008753,,,False,31.60981347821695,0.0,30.12481347821695,0.35,4.6,0
11,trip,3695,3713.309854494165,z22,z30,toy-0008762,,,False,24.730147372341726,0.0,23.08226046786687,0.35,5.142956348249516,0
15,trip,3695,3703.8333333333335,z11,z10,toy-0008754,,,False,35.4553776359507,0.0,34.660377635950695,0.35,2.3,0
76,trip,3695,3711.5,z10,z30,toy-0008750,,,False,44.63919264196291,0.0,43.15419264196291,0.35,4.6,0
4,trip,3695,3720.410795394624,z00,z31,toy-0008748,,,False,45.59761030919951,0.0,43.310638723683326,0.35,7.273238618387272,0
1,trip,3695,3717.851274623054,z32,z10,toy-0008763,,,False,41.900746684604336,0.0,39.84413196852947,0.35,6.505382386916237,0
47,trip,3695,3707.0089706448603,z21,z30,toy-0008755,,,False,36.23269174914145,0.0,35.15188439110402,0.35,3.2526911934581184,0
67,trip,3695,3703.8333333333335,z21,z31,toy-0008756,,,False,45.16630573748802,0.0,44.371305737488015,0.35,2.3,0
12,trip,3695,3710.3333333333335,z22,z22,toy-0008757,,,False,17.090721329401447,0.0,15.710721329401448,2.3,2.3,0
34,trip,3695,3707.0089706448603,z31,z22,toy-0008759,,,False,40.40514151000861,0.0,39.32433415197118,0.35,3.2526911934581184,0
52,trip,3695,3713.309854494165,z20,z32,toy-0008752,,,False,40.71130573748768,0.0,39.063418833012825,0.35,5.142956348249516,0
80,trip,3695,3723.809226445224,z00,z32,toy-0008749,,,False,44.072113095525395,0.0,41.47928271545524,0.35,8.292767933567175,0
35,trip,3695,3711.5,z31,z11,toy-0008758,,,False,43.43302841448418,0.0,41.94802841448418,0.35,4.6,0
29,trip,3695,3710.3333333333335,z01,z01,toy-0008761,,,False,41.60729661917364,0.0,40.227296619173636,2.3,2.3,0
68,trip,3695,3703.8333333333335,z31,z32,toy-0008760,,,False,40.68641369840904,0.0,39.89141369840904,0.35,2.3,0
31,trip,3695,3719.809854494165,z11,z31,toy-0008751,,,False,27.35488905582643,0.0,25.122002151351573,2.3,5.142956348249516,0
42,visit,3695,3710.0,z30,z30,,depot_south,,True,38.64130573748768,9.46369426251232,47.894999999999996,0.7,0,5.678216557507392
60,trip,3700,3708.8333333333335,z12,z11,toy-0008767,,,False,46.2471130955251,0.0,45.4521130955251,0.35,2.3,0
8,trip,3700,3718.5089706448603,z20,z21,toy-0008764,,,False,22.809214574247342,0.0,21.143407216209905,2.3,3.2526911934581184,0
33,trip,3700,3716.5,z32,z12,toy-0008772,,,False,28.57576805447926,0.0,27.09076805447926,0.35,4.6,0
23,trip,3700,3724.1666666666665,z31,z01,toy-0008765,,,False,44.93838528392551,0.0,42.763385283925516,0.35,6.8999999999999995,0
18,trip,3700,3722.851274623054,z22,z00,toy-0008768,,,False,35.13321664957103,0.0,33.076601933496164,0.35,6.505382386916237,0
41,trip,3700,3708.8333333333335,z22,z32,toy-0008770,,,False,46.247113095525116,0.0,45.452113095525114,0.35,2.3,0
40,trip,3700,3718.5089706448603,z32,z31,toy-0008769,,,False,47.895000000000145,0.0,46.22919264196271,2.3,3.2526911934581184,0
43,trip,3700,3718.309854494165,z32,z11,toy-0008771,,,False,40.95730133061254,0.0,39.309414426137685,0.35,5.142956348249516,0
54,trip,3700,3725.410795394624,z31,z02,toy-0008766,,,False,47.89500000000022,0.0,45.60802841448404,0.35,7.273238618387272,0
62,visit,3700,3720.3333333333335,z22,z22,,hub_waterfront,local,False,32.13186064134295,0.0,30.751860641342954,4.6,0,0
38,visit,3700,3720.3333333333335,z22,z22,,hub_waterfront,local,False,36.347667999380484,0.0,34.96766799938048,4.6,0,0
37,visit,3700,3715.0,z11,z11,,hub_center,,True,27.87149513835075,17.77777777777778,45.43927291612852,0.7,0,10.666666666666668
72,visit,3700,3715.0,z31,z31,,hub_core,,True,35.17849910717909,12.926500892820904,47.894999999999996,0.7,0,7.755900535692542
32,trip,3705,3717.0089706448603,z21,z32,toy-0008784,,,False,45.22419264196274,0.0,44.143385283925305,0.35,3.2526911934581184,0
21,trip,3705,3713.8333333333335,z00,z10,toy-0008773,,,False,47.895000000000344,0.0,47.10000000000034,0.35,2.3,0
7,trip,3705,3713.8333333333335,z32,z31,toy-0008791,,,False,25.07165114424305,0.0,24.276651144243047,0.35,2.3,0
0,trip,3705,3723.309854494165,z02,z21,toy-0008787,,,False,30.859504499629903,0.0,29.211617595155047,0.35,5.142956348249516,0
58,trip,3705,3713.8333333333335,z32,z22,toy-0008792,,,False,42.75000000000039,0.0,41.95500000000039,0.35,2.3,0
6,trip,3705,3721.5,z22,z02,toy-0008789,,,False,31.471119215704885,0.0,29.986119215704885,0.35,4.6,0
10,trip,3705,3717.0089706448603,z31,z20,toy-0008785,,,False,21.438284913522605,0.0,20.35747755548517,0.35,3.2526911934581184,0
20,trip,3705,3713.8333333333335,z31,z21,toy-0008786,,,False,38.43849794140288,0.0,37.64349794140288,0.35,2.3,0
77,trip,3705,3729.1666666666665,z01,z31,toy-0008777,,,False,42.158028414483645,0.0,39.98302841448365,0.35,6.8999999999999995,0
61,trip,3705,3723.309854494165,z32,z20,toy-0008790,,,False,42.569192641962644,0.0,40.92130573748779,0.35,5.142956348249516,0
26,trip,3705,3727.851274623054,z20,z02,toy-0008775,,,False,40.40438673938222,0.0,38.34777202330735,0.35,6.505382386916237,0
22,trip,3705,3721.5,z11,z31,toy-0008780,,,False,44.12302841448407,0.0,42.63802841448407,0.35,4.6,0
51,trip,3705,3717.0089706448603,z20,z11,toy-0008774,,,False,33.94307630533814,0.0,32.862268947300706,0.35,3.2526911934581184,0
28,trip,3705,3713.8333333333335,z11,z12,toy-0008781,,,False,47.89499999999975,0.0,47.099999999999746,0.35,2.3,0
45,trip,3705,3721.5,z21,z01,toy-0008783,,,False,42.377113095525225,0.0,40.892113095525225,0.35,4.6,0
2,trip,3705,3720.3333333333335,z02,z02,toy-0008778,,,False,10.287693477327545,0.0,8.907693477327545,2.3,2.3,0
15,trip,3705,3723.5089706448603,z10,z20,toy-0008779,,,False,34.660377635950724,0.0,32.99457027791329,2.3,3.2526911934581184,0
57,trip,3705,3723.5089706448603,z21,z22,toy-0008782,,,False,47.89499999999995,0.0,46.22919264196252,2.3,3.2526911934581184,0
53,trip,3705,3721.5,z30,z32,toy-0008776,,,False,47.89500000000005,0.0,46.41000000000005,0.35,4.6,0
88,trip,3705,3717.0089706448603,z12,z21,toy-0008788,,,False,46.410000000000146,0.0,45.32919264196271,0.35,3.2526911934581184,0
55,visit,3705,3725.3333333333335,z12,z12,,hub_center,local,False,37.444724570501016,0.0,36.06472457050101,4.6,0,0
25,visit,3705,3725.3333333333335,z01,z01,,depot_west,local,False,40.8476114749755,0.0,39.4676114749755,4.6,0,0
74,visit,3705,3720.0,z21,z21,,hub_inner,local,True,43.576305737487594,4.528694262512403,47.894999999999996,0.7,0,2.7172165575074416
36,visit,3705,3720.0,z31,z31,,hub_core,,True,37.03579457545842,11.06920542454158,47.894999999999996,0.7,0,6.641523254724948
5,trip,3710,3734.1666666666665,z32,z02,toy-0008807,,,False,46.24711309552508,0.0,44.07211309552508,0.35,6.8999999999999995,0
44,trip,3710,3718.8333333333335,z31,z32,toy-0008803,,,False,45.73338528392511,0.0,44.93838528392511,0.35,2.3,0
56,trip,3710,3728.309854494165,z31,z12,toy-0008801,,,False,29.765222949951198,0.0,28.117336045476343,0.35,5.142956348249516,0
14,trip,3710,3735.410795394624,z01,z32,toy-0008797,,,False,36.47156107075018,0.0,34.18458948523399,0.35,7.273238618387272,0
67,trip,3710,3722.0089706448603,z31,z22,toy-0008802,,,False,44.37130573748804,0.0,43.29049837945061,0.35,3.2526911934581184,0
41,trip,3710,3722.0089706448603,z32,z21,toy-0008806,,,False,45.45211309552514,0.0,44.37130573748771,0.35,3.2526911934581184,0
24,trip,3710,3722.0089706448603,z00,z11,toy-0008793,,,False,42.958978433424164,0.0,41.87817107538673,0.35,3.2526911934581184,0
46,trip,3710,3718.8333333333335,z10,z00,toy-0008794,,,False,45.45211309552493,0.0,44.65711309552493,0.35,2.3,0
60,trip,3710,3718.8333333333335,z11,z21,toy-0008798,,,False,45.45211309552513,0.0,44.657113095525126,0.35,2.3,0
63,trip,3710,3722.0089706448603,z20,z31,toy-0008796,,,False,44.59922619105005,0.0,43.51841883301262,0.35,3.2526911934581184,0
13,trip,3710,3722.0089706448603,z22,z11,toy-0008805,,,False,45.83838528392538,0.0,44.75757792588795,0.35,3.2526911934581184,0
66,trip,3710,3718.8333333333335,z20,z21,toy-0008795,,,False,47.100000000000364,0.0,46.30500000000036,0.35,2.3,0
70,trip,3710,3718.8333333333335,z31,z30,toy-0008800,,,False,47.89500000000037,0.0,47.10000000000037,0.35,2.3,0
71,trip,3710,3728.309854494165,z02,z10,toy-0008804,,,False,44.29549837945025,0.0,42.6476114749754,0.35,5.142956348249516,0
17,trip,3710,3718.8333333333335,z21,z31,toy-0008799,,,False,46.514999999999766,0.0,45.719999999999764,0.35,2.3,0
47,visit,3710,3725.0,z30,z30,,depot_south,local,True,35.151884391104026,12.777777777777779,47.719662168881804,0.7,0,7.666666666666668
50,visit,3710,3725.0,z00,z00,,depot_west,,True,30.111184993987937,17.77777777777778,47.67896277176572,0.7,0,10.666666666666668
65,visit,3710,3725.0,z21,z21,,hub_inner,,True,34.55261030919963,13.55238969080037,47.894999999999996,0.7,0,8.131433814480221
9,trip,3715,3723.8333333333335,z12,z22,toy-0008816,,,False,38.08307630533833,0.0,37.28807630533833,0.35,2.3,0
20,trip,3715,3723.8333333333335,z21,z11,toy-0008811,,,False,37.643497941402906,0.0,36.848497941402904,0.35,2.3,0
21,trip,3715,3737.851274623054,z10,z32,toy-0008808,,,False,47.10000000000037,0.0,45.0433852839255,0.35,6.505382386916237,0
78,trip,3715,3731.5,z20,z22,toy-0008809,,,False,45.13500000000027,0.0,43.65000000000027,0.35,4.6,0
7,trip,3715,3733.5089706448603,z31,z10,toy-0008810,,,False,24.276651144243075,0.0,22.61084378620564,2.3,3.2526911934581184,0
3,trip,3715,3730.3333333333335,z01,z12,toy-0008814,,,False,20.968500835364996,0.0,19.588500835364997,2.3,2.3,0
12,trip,3715,3727.0089706448603,z22,z31,toy-0008818,,,False,15.710721329401473,0.0,14.629913971364036,0.35,3.2526911934581184,0
72,trip,3715,3731.5,z31,z11,toy-0008813,,,False,47.89499999999993,0.0,46.40999999999993,0.35,4.6,0
34,trip,3715,3730.3333333333335,z22,z22,toy-0008812,,,False,39.324334151971186,0.0,37.944334151971184,2.3,2.3,0
28,trip,3715,3733.309854494165,z12,z31,toy-0008815,,,False,47.099999999999774,0.0,45.45211309552492,0.35,5.142956348249516,0
48,trip,3715,3723.8333333333335,z22,z21,toy-0008817,,,False,18.990420984364327,0.0,18.195420984364326,0.35,2.3,0
52,trip,3715,3723.8333333333335,z32,z31,toy-0008819,,,False,39.063418833012825,0.0,38.268418833012824,0.35,2.3,0
27,visit,3715,3735.3333333333335,z10,z10,,depot_west,local,False,30.12481347821695,0.0,28.74481347821695,4.6,0,0
11,visit,3715,3730.0,z30,z30,,depot_south,,True,23.082260467866885,17.77777777777778,40.65003824564466,0.7,0,10.666666666666668
60,trip,3720,3728.8333333333335,z21,z20,toy-0008827,,,False,44.657113095525155,0.0,43.86211309552515,0.35,2.3,0
17,trip,3720,3728.8333333333335,z31,z21,toy-0008830,,,False,45.71999999999979,0.0,44.92499999999979,0.35,2.3,0
10,trip,3720,3738.309854494165,z20,z32,toy-0008823,,,False,20.357477555485183,0.0,18.709590651010327,0.35,5.142956348249516,0
32,trip,3720,3748.809226445224,z32,z00,toy-0008835,,,False,44.14338528392531,0.0,41.55055490385516,0.35,8.292767933567175,0
35,trip,3720,3738.309854494165,z11,z32,toy-0008826,,,False,41.94802841448417,0.0,40.30014151000932,0.35,5.142956348249516,0
46,trip,3720,3738.309854494165,z00,z21,toy-0008820,,,False,44.657113095524956,0.0,43.009226191050104,0.35,5.142956348249516,0
66,trip,3720,3732.0089706448603,z21,z12,toy-0008828,,,False,46.30500000000039,0.0,45.22419264196296,0.35,3.2526911934581184,0
31,trip,3720,3738.309854494165,z31,z10,toy-0008829,,,False,25.122002151351584,0.0,23.47411524687673,0.35,5.142956348249516,0
42,trip,3720,3728.8333333333335,z30,z20,toy-0008824,,,False,47.89499999999989,0.0,47.09999999999989,0.35,2.3,0
75,trip,3720,3728.8333333333335,z30,z31,toy-0008825,,,False,44.07211309552544,0.0,43.277113095525436,0.35,2.3,0
36,trip,3720,3728.8333333333335,z31,z32,toy-0008831,,,False,47.895000000000344,0.0,47.10000000000034,0.35,2.3,0
1,trip,3720,3728.8333333333335,z10,z20,toy-0008821,,,False,39.84413196852947,0.0,39.049131968529466,0.35,2.3,0
33,trip,3720,3736.5,z12,z32,toy-0008833,,,False,27.09076805447926,0.0,25.60576805447926,0.35,4.6,0
49,trip,3720,3738.309854494165,z10,z02,toy-0008822,,,False,35.7715683844087,0.0,34.12368147993385,0.35,5.142956348249516,0
58,trip,3720,3728.8333333333335,z22,z32,toy-0008834,,,False,41.95500000000042,0.0,41.160000000000416,0.35,2.3,0
29,trip,3720,3751.910795394624,z01,z31,toy-0008832,,,False,40.22729661917366,0.0,37.35532503365748,2.3,7.273238618387272,0
8,visit,3720,3735.0,z21,z21,,hub_inner,local,True,21.14340721620992,12.777777777777779,33.71118499398769,0.7,0,7.666666666666668
44,visit,3720,3735.0,z32,z32,,hub_waterfront,local,True,44.938385283925136,3.166614716074861,47.894999999999996,0.7,0,1.8999688296449164
70,visit,3720,3735.0,z30,z30,,depot_south,local,True,47.1000000000004,1.0049999999995975,47.894999999999996,0.7,0,0.6029999999997585
51,visit,3720,3735.0,z11,z11,,hub_center,,True,32.86226894730071,15.24273105269928,47.89499999999999,0.7,0,9.145638631619569
53,trip,3725,3741.5,z32,z30,toy-0008847,,,False,46.410000000000046,0.0,44.92500000000005,0.35,4.6,0
59,trip,3725,3743.309854494165,z10,z31,toy-0008836,,,False,39.50133928657512,0.0,37.853452382100265,0.35,5.142956348249516,0
15,trip,3725,3733.8333333333335,z20,z10,toy-0008838,,,False,32.99457027791329,0.0,32.19957027791329,0.35,2.3,0
13,trip,3725,3741.5,z11,z31,toy-0008840,,,False,44.75757792588796,0.0,43.27257792588796,0.35,4.6,0
9,trip,3725,3741.5,z22,z20,toy-0008845,,,False,37.28807630533836,0.0,35.80307630533836,0.35,4.6,0
41,trip,3725,3733.8333333333335,z21,z31,toy-0008841,,,False,44.37130573748772,0.0,43.576305737487715,0.35,2.3,0
38,trip,3725,3733.8333333333335,z22,z12,toy-0008846,,,False,34.9676679993805,0.0,34.1726679993805,0.35,2.3,0
4,trip,3725,3737.0089706448603,z31,z22,toy-0008844,,,False,43.310638723683326,0.0,42.22983136564589,0.35,3.2526911934581184,0
48,trip,3725,3737.0089706448603,z21,z32,toy-0008842,,,False,18.195420984364354,0.0,17.114613626326918,0.35,3.2526911934581184,0
19,trip,3725,3749.809854494165,z20,z22,toy-0008837,,,False,35.157577925887956,0.0,32.9246910214131,2.3,5.142956348249516,0
20,trip,3725,3737.0089706448603,z11,z00,toy-0008839,,,False,36.84849794140293,0.0,35.7676905833655,0.35,3.2526911934581184,0
22,trip,3725,3750.410795394624,z31,z00,toy-0008843,,,False,42.63802841448406,0.0,40.35105682896788,0.35,7.273238618387272,0
64,trip,3725,3733.8333333333335,z32,z22,toy-0008848,,,False,45.32919264196278,0.0,44.534192641962775,0.35,2.3,0
0,visit,3725,3740.0,z21,z21,,hub_inner,local,True,29.21161759515506,12.777777777777779,41.77939537293284,0.7,0,7.666666666666668
18,visit,3725,3740.0,z00,z00,,depot_west,local,True,33.076601933496164,12.777777777777779,45.64437971127394,0.7,0,7.666666666666668
2,visit,3725,3772.7254762848133,z02,z02,,hub_center,,False,8.907693477327575,40.06811388070985,47.02419264196256,6.505382386916237,0,24.040868328425912
52,visit,3725,3740.0,z31,z31,,hub_core,,True,38.26841883301285,9.836581166987145,47.894999999999996,0.7,0,5.901948700192287
36,trip,3730,3742.0089706448603,z32,z21,toy-0008857,,,False,47.10000000000037,0.0,46.01919264196294,0.35,3.2526911934581184,0
55,trip,3730,3738.8333333333335,z12,z02,toy-0008852,,,False,36.064724570501035,0.0,35.26972457050103,0.35,2.3,0
12,trip,3730,3742.0089706448603,z31,z20,toy-0008850,,,False,14.62991397136405,0.0,13.549106613326614,0.35,3.2526911934581184,0
57,trip,3730,3742.0089706448603,z22,z31,toy-0008853,,,False,46.22919264196252,0.0,45.14838528392509,0.35,3.2526911934581184,0
58,trip,3730,3748.309854494165,z32,z11,toy-0008856,,,False,41.160000000000444,0.0,39.51211309552559,0.35,5.142956348249516,0
68,trip,3730,3755.410795394624,z32,z01,toy-0008855,,,False,39.89141369840907,0.0,37.60444211289288,0.35,7.273238618387272,0
79,trip,3730,3738.8333333333335,z32,z31,toy-0008858,,,False,42.47514151000888,0.0,41.68014151000888,0.35,2.3,0
40,trip,3730,3738.8333333333335,z31,z21,toy-0008851,,,False,46.22919264196271,0.0,45.43419264196271,0.35,2.3,0
80,trip,3730,3748.309854494165,z32,z20,toy-0008854,,,False,41.479282715455234,0.0,39.83139581098038,0.35,5.142956348249516,0
1,trip,3730,3738.8333333333335,z20,z30,toy-0008849,,,False,39.049131968529494,0.0,38.25413196852949,0.35,2.3,0
75,visit,3730,3772.3333333333335,z31,z31,,depot_south,central,False,43.277113095525465,0.0,41.89711309552546,4.6,0,0
24,trip,3735,3747.0089706448603,z11,z22,toy-0008864,,,False,41.87817107538674,0.0,40.797363717349306,0.35,3.2526911934581184,0
28,trip,3735,3743.8333333333335,z31,z32,toy-0008867,,,False,45.45211309552492,0.0,44.65711309552492,0.35,2.3,0
11,trip,3735,3753.309854494165,z30,z11,toy-0008861,,,False,40.65003824564443,0.0,39.00215134116958,0.35,5.142956348249516,0
42,trip,3735,3747.0089706448603,z20,z31,toy-0008860,,,False,47.099999999999916,0.0,46.01919264196248,0.35,3.2526911934581184,0
8,trip,3735,3753.309854494165,z21,z02,toy-0008865,,,False,33.711184993987466,0.0,32.063298089512614,0.35,5.142956348249516,0
23,trip,3735,3753.309854494165,z01,z22,toy-0008863,,,False,42.763385283925516,0.0,41.11549837945066,0.35,5.142956348249516,0
7,trip,3735,3751.5,z10,z12,toy-0008859,,,False,22.610843786205653,0.0,21.125843786205653,0.35,4.6,0
34,trip,3735,3753.309854494165,z22,z10,toy-0008869,,,False,37.944334151971205,0.0,36.29644724749635,0.35,5.142956348249516,0
3,trip,3735,3751.5,z12,z10,toy-0008868,,,False,19.58850083536502,0.0,18.103500835365022,0.35,4.6,0
47,trip,3735,3747.0089706448603,z30,z21,toy-0008862,,,False,47.71966216888157,0.0,46.63885481084414,0.35,3.2526911934581184,0
44,trip,3735,3757.851274623054,z32,z10,toy-0008870,,,False,47.89499999999995,0.0,45.838385283925085,0.35,6.505382386916237,0
41,trip,3735,3759.1666666666665,z31,z01,toy-0008866,,,False,43.57630573748774,0.0,41.401305737487746,0.35,6.8999999999999995,0
83,trip,3735,3751.5,z32,z12,toy-0008871,,,False,43.9480798361182,0.0,42.4630798361182,0.35,4.6,0
64,visit,3735,3755.3333333333335,z22,z22,,hub_inner,local,False,44.534192641962804,0.0,43.1541926419628,4.6,0,0
72,visit,3735,3750.0,z11,z11,,hub_center,local,True,46.409999999999926,1.6950000000000713,47.894999999999996,0.7,0,1.0170000000000428
18,trip,3740,3765.410795394624,z00,z31,toy-0008872,,,False,45.64437971127371,0.0,43.35740812575752,0.35,7.273238618387272,0
4,trip,3740,3752.0089706448603,z22,z11,toy-0008881,,,False,42.2298313656459,0.0,41.14902400760847,0.35,3.2526911934581184,0
25,trip,3740,3764.1666666666665,z01,z31,toy-0008875,,,False,39.46761147497552,0.0,37.29261147497552,0.35,6.8999999999999995,0
62,trip,3740,3748.8333333333335,z22,z21,toy-0008882,,,False,30.75186064134298,0.0,29.956860641342978,0.35,2.3,0
37,trip,3740,3748.8333333333335,z11,z21,toy-0008876,,,False,45.439272916128296,0.0,44.644272916128294,0.35,2.3,0
52,trip,3740,3756.5,z31,z11,toy-0008879,,,False,47.89500000000022,0.0,46.410000000000224,0.35,4.6,0
67,trip,3740,3748.8333333333335,z22,z32,toy-0008883,,,False,43.29049837945062,0.0,42.495498379450616,0.35,2.3,0
1,trip,3740,3762.851274623054,z30,z12,toy-0008873,,,False,38.25413196852952,0.0,36.19751725245465,0.35,6.505382386916237,0
0,trip,3740,3748.8333333333335,z21,z31,toy-0008877,,,False,41.779395372932605,0.0,40.9843953729326,0.35,2.3,0
39,trip,3740,3756.5,z01,z21,toy-0008874,,,False,36.60261147497531,0.0,35.11761147497531,0.35,4.6,0
10,trip,3740,3748.8333333333335,z32,z31,toy-0008884,,,False,18.70959065101034,0.0,17.914590651010343,0.35,2.3,0
63,trip,3740,3758.309854494165,z31,z12,toy-0008880,,,False,43.518418833012625,0.0,41.87053192853777,0.35,5.142956348249516,0
17,trip,3740,3748.8333333333335,z21,z22,toy-0008878,,,False,44.92499999999982,0.0,44.12999999999982,0.35,2.3,0
21,visit,3740,3755.0,z32,z32,,hub_waterfront,local,True,45.0433852839255,3.0616147160744944,47.894999999999996,0.7,0,1.8369688296446967
48,visit,3740,3755.0,z32,z32,,hub_waterfront,,True,17.114613626326932,17.77777777777778,34.68239140410471,0.7,0,10.666666666666668
33,visit,3740,3755.0,z32,z32,,hub_waterfront,,True,25.60576805447926,17.77777777777778,43.17354583225704,0.7,0,10.666666666666668
20,visit,3740,3755.0,z00,z00,,depot_west,,True,35.76769058336551,12.33730941663449,47.894999999999996,0.7,0,7.402385649980694
16,trip,3745,3763.309854494165,z11,z30,toy-0008888,,,False,47.02419264196237,0.0,45.37630573748752,0.35,5.142956348249516,0
43,trip,3745,3763.309854494165,z11,z32,toy-0008890,,,False,39.309414426137685,0.0,37.66152752166283,0.35,5.142956348249516,0
36,trip,3745,3753.8333333333335,z21,z11,toy-0008892,,,False,46.019192641962945,0.0,45.224192641962944,0.35,2.3,0
51,trip,3745,3761.5,z11,z31,toy-0008889,,,False,47.89499999999986,0.0,46.40999999999986,0.35,4.6,0
15,trip,3745,3757.0089706448603,z10,z21,toy-0008885,,,False,32.19957027791332,0.0,31.11876291987588,0.35,3.2526911934581184,0
14,trip,3745,3753.8333333333335,z32,z22,toy-0008900,,,False,34.18458948523399,0.0,33.38958948523399,0.35,2.3,0
53,trip,3745,3763.309854494165,z30,z22,toy-0008887,,,False,44.92500000000004,0.0,43.27711309552519,0.35,5.142956348249516,0
28,trip,3745,3757.0089706448603,z32,z21,toy-0008899,,,False,44.65711309552495,0.0,43.576305737487516,0.35,3.2526911934581184,0
13,trip,3745,3753.8333333333335,z31,z32,toy-0008896,,,False,43.27257792588795,0.0,42.47757792588795,0.35,2.3,0
40,trip,3745,3757.0089706448603,z21,z32,toy-0008893,,,False,45.43419264196274,0.0,44.353385283925306,0.35,3.2526911934581184,0
9,trip,3745,3753.8333333333335,z20,z21,toy-0008886,,,False,35.80307630533835,0.0,35.00807630533835,0.35,2.3,0
38,trip,3745,3763.309854494165,z12,z31,toy-0008898,,,False,34.17266799938053,0.0,32.52478109490568,0.35,5.142956348249516,0
57,trip,3745,3757.0089706448603,z31,z22,toy-0008895,,,False,45.148385283925094,0.0,44.06757792588766,0.35,3.2526911934581184,0
59,trip,3745,3753.8333333333335,z31,z21,toy-0008894,,,False,37.853452382100265,0.0,37.05845238210026,0.35,2.3,0
46,trip,3745,3763.309854494165,z21,z00,toy-0008891,,,False,43.009226191050104,0.0,41.36133928657525,0.35,5.142956348249516,0
56,trip,3745,3767.851274623054,z12,z30,toy-0008897,,,False,28.117336045476357,0.0,26.060721329401485,0.35,6.505382386916237,0
12,visit,3745,3786.4178693653375,z20,z20,,depot_south,local,False,13.549106613326629,35.14089338667337,47.309999999999995,4.6,0,21.08453603200402
0,trip,3750,3762.0089706448603,z31,z20,toy-0008907,,,False,40.98439537293263,0.0,39.9035880148952,0.35,3.2526911934581184,0
60,trip,3750,3762.0089706448603,z20,z11,toy-0008902,,,False,43.86211309552518,0.0,42.78130573748775,0.35,3.2526911934581184,0
32,trip,3750,3758.8333333333335,z00,z01,toy-0008901,,,False,41.55055490385515,0.0,40.75555490385515,0.35,2.3,0
17,trip,3750,3762.0089706448603,z22,z31,toy-0008912,,,False,44.129999999999846,0.0,43.049192641962414,0.35,3.2526911934581184,0
19,trip,3750,3768.309854494165,z22,z01,toy-0008911,,,False,32.9246910214131,0.0,31.276804116938248,0.35,5.142956348249516,0
10,trip,3750,3768.309854494165,z31,z10,toy-0008906,,,False,17.914590651010368,0.0,16.266703746535512,0.35,5.142956348249516,0
45,trip,3750,3758.8333333333335,z01,z11,toy-0008904,,,False,40.89211309552522,0.0,40.097113095525216,0.35,2.3,0
66,trip,3750,3762.0089706448603,z12,z21,toy-0008910,,,False,45.224192641962965,0.0,44.14338528392553,0.35,3.2526911934581184,0
42,trip,3750,3758.8333333333335,z31,z30,toy-0008908,,,False,46.01919264196249,0.0,45.22419264196249,0.35,2.3,0
61,trip,3750,3768.309854494165,z20,z32,toy-0008903,,,False,40.92130573748779,0.0,39.27341883301294,0.35,5.142956348249516,0
69,trip,3750,3768.309854494165,z12,z20,toy-0008909,,,False,39.09261147497562,0.0,37.44472457050077,0.35,5.142956348249516,0
37,trip,3750,3758.8333333333335,z21,z20,toy-0008905,,,False,44.64427291612832,0.0,43.84927291612832,0.35,2.3,0
62,visit,3750,3765.0,z21,z21,,hub_inner,,True,29.956860641343006,17.77777777777778,47.524638419120784,0.7,0,10.666666666666668
13,trip,3755,3773.309854494165,z32,z11,toy-0008924,,,False,42.47757792588798,0.0,40.829691021413126,0.35,5.142956348249516,0
80,trip,3755,3767.0089706448603,z20,z31,toy-0008915,,,False,39.83139581098038,0.0,38.75058845294295,0.35,3.2526911934581184,0
70,trip,3755,3771.5,z30,z32,toy-0008918,,,False,47.89499999999977,0.0,46.40999999999977,0.35,4.6,0
20,trip,3755,3783.809226445224,z00,z32,toy-0008913,,,False,47.89500000000005,0.0,45.3021696199299,0.35,8.292767933567175,0
9,trip,3755,3767.0089706448603,z21,z30,toy-0008921,,,False,35.00807630533838,0.0,33.927268947300945,0.35,3.2526911934581184,0
27,trip,3755,3779.809854494165,z10,z12,toy-0008916,,,False,28.744813478216976,0.0,26.511926573742123,2.3,5.142956348249516,0
31,trip,3755,3778.0,z10,z22,toy-0008917,,,False,23.474115246876742,0.0,21.404115246876742,2.3,4.6,0
4,trip,3755,3767.0089706448603,z11,z20,toy-0008920,,,False,41.149024007608475,0.0,40.06821664957104,0.35,3.2526911934581184,0
5,trip,3755,3779.1666666666665,z02,z32,toy-0008923,,,False,44.07211309552508,0.0,41.897113095525086,0.35,6.8999999999999995,0
21,trip,3755,3763.8333333333335,z32,z31,toy-0008925,,,False,47.895000000000145,0.0,47.10000000000014,0.35,2.3,0
47,trip,3755,3763.8333333333335,z21,z31,toy-0008922,,,False,46.638854810844144,0.0,45.84385481084414,0.35,2.3,0
34,trip,3755,3763.8333333333335,z10,z11,toy-0008914,,,False,36.29644724749635,0.0,35.50144724749635,0.35,2.3,0
6,trip,3755,3770.3333333333335,z02,z00,toy-0008919,,,False,29.986119215704885,0.0,28.606119215704886,2.3,2.3,0
3,visit,3755,3775.3333333333335,z10,z10,,depot_west,local,False,18.103500835365022,0.0,16.723500835365023,4.6,0,0
7,visit,3755,3775.3333333333335,z12,z12,,hub_center,local,False,21.125843786205653,0.0,19.745843786205654,4.6,0,0
48,visit,3755,3770.0,z32,z32,,hub_waterfront,,True,34.68239140410448,13.422608595895518,47.894999999999996,0.7,0,8.05356515753731
59,visit,3755,3770.0,z21,z21,,hub_inner,,True,37.05845238210029,11.046547617899705,47.894999999999996,0.7,0,6.627928570739823
29,visit,3755,3770.0,z31,z31,,hub_core,,True,37.35532503365747,10.749674966342525,47.894999999999996,0.7,0,6.449804979805515
33,trip,3760,3778.309854494165,z32,z20,toy-0008944,,,False,43.173545832256806,0.0,41.525658927781954,0.35,5.142956348249516,0
15,trip,3760,3776.5,z21,z01,toy-0008933,,,False,31.11876291987589,0.0,29.633762919875892,0.35,4.6,0
14,trip,3760,3776.5,z22,z20,toy-0008943,,,False,33.38958948523402,0.0,31.90458948523402,0.35,4.6,0
44,trip,3760,3778.309854494165,z10,z31,toy-0008927,,,False,45.838385283925085,0.0,44.19049837945023,0.35,5.142956348249516,0
63,trip,3760,3768.8333333333335,z12,z11,toy-0008940,,,False,41.87053192853777,0.0,41.07553192853777,0.35,2.3,0
42,trip,3760,3768.8333333333335,z30,z31,toy-0008929,,,False,45.22419264196252,0.0,44.429192641962516,0.35,2.3,0
11,trip,3760,3768.8333333333335,z11,z01,toy-0008931,,,False,39.00215134116958,0.0,38.20715134116958,0.35,2.3,0
32,trip,3760,3785.410795394624,z01,z32,toy-0008930,,,False,40.75555490385518,0.0,38.46858331833899,0.35,7.273238618387272,0
83,trip,3760,3776.5,z12,z32,toy-0008942,,,False,42.46307983611819,0.0,40.97807983611819,0.35,4.6,0
77,trip,3760,3772.0089706448603,z31,z22,toy-0008938,,,False,39.98302841448365,0.0,38.902221056446216,0.35,3.2526911934581184,0
22,trip,3760,3782.851274623054,z00,z22,toy-0008926,,,False,40.35105682896788,0.0,38.29444211289301,0.35,6.505382386916237,0
79,trip,3760,3768.8333333333335,z31,z21,toy-0008936,,,False,41.68014151000891,0.0,40.88514151000891,0.35,2.3,0
28,trip,3760,3772.0089706448603,z21,z12,toy-0008934,,,False,43.57630573748752,0.0,42.49549837945009,0.35,3.2526911934581184,0
81,trip,3760,3785.410795394624,z31,z02,toy-0008937,,,False,47.89500000000021,0.0,45.608028414484025,0.35,7.273238618387272,0
82,trip,3760,3768.8333333333335,z31,z32,toy-0008939,,,False,46.40999999999969,0.0,45.61499999999969,0.35,2.3,0
89,trip,3760,3768.8333333333335,z12,z22,toy-0008941,,,False,45.61499999999986,0.0,44.81999999999986,0.35,2.3,0
84,trip,3760,3776.5,z31,z11,toy-0008935,,,False,47.89499999999994,0.0,46.40999999999994,0.35,4.6,0
71,trip,3760,3782.851274623054,z10,z32,toy-0008928,,,False,42.6476114749754,0.0,40.59099675890053,0.35,6.505382386916237,0
39,trip,3760,3772.0089706448603,z21,z10,toy-0008932,,,False,35.117611474975305,0.0,34.03680411693787,0.35,3.2526911934581184,0
37,visit,3760,3780.3333333333335,z20,z20,,depot_south,local,False,43.84927291612835,0.0,42.46927291612835,4.6,0,0
52,visit,3760,3775.0,z11,z11,,hub_center,local,True,46.41000000000022,1.69499999999978,47.894999999999996,0.7,0,1.016999999999868
23,trip,3765,3773.8333333333335,z22,z21,toy-0008954,,,False,41.11549837945066,0.0,40.32049837945066,0.35,2.3,0
46,trip,3765,3781.5,z00,z20,toy-0008945,,,False,41.36133928657525,0.0,39.87633928657525,0.35,4.6,0
24,trip,3765,3777.0089706448603,z22,z31,toy-0008955,,,False,40.79736371734931,0.0,39.71655635931188,0.35,3.2526911934581184,0
34,trip,3765,3773.8333333333335,z11,z10,toy-0008947,,,False,35.50144724749638,0.0,34.70644724749638,0.35,2.3,0
53,trip,3765,3783.309854494165,z22,z30,toy-0008953,,,False,43.27711309552519,0.0,41.629226191050336,0.35,5.142956348249516,0
41,trip,3765,3783.309854494165,z01,z20,toy-0008946,,,False,41.401305737487746,0.0,39.753418833012894,0.35,5.142956348249516,0
17,trip,3765,3783.309854494165,z31,z12,toy-0008952,,,False,43.04919264196242,0.0,41.40130573748757,0.35,5.142956348249516,0
57,trip,3765,3773.8333333333335,z22,z32,toy-0008956,,,False,44.06757792588767,0.0,43.27257792588767,0.35,2.3,0
36,trip,3765,3773.8333333333335,z11,z12,toy-0008949,,,False,45.22419264196297,0.0,44.42919264196297,0.35,2.3,0
35,trip,3765,3773.8333333333335,z32,z31,toy-0008958,,,False,40.30014151000932,0.0,39.50514151000932,0.35,2.3,0
62,trip,3765,3773.8333333333335,z21,z22,toy-0008950,,,False,47.524638419120556,0.0,46.729638419120555,0.35,2.3,0
65,trip,3765,3777.0089706448603,z21,z32,toy-0008951,,,False,47.89500000000008,0.0,46.81419264196265,0.35,3.2526911934581184,0
40,trip,3765,3777.0089706448603,z32,z21,toy-0008957,,,False,44.35338528392531,0.0,43.27257792588788,0.35,3.2526911934581184,0
45,trip,3765,3781.5,z11,z31,toy-0008948,,,False,40.097113095525245,0.0,38.612113095525245,0.35,4.6,0
38,visit,3765,3780.0,z31,z31,,hub_core,,True,32.52478109490568,15.580218905094318,47.894999999999996,0.7,0,9.348131343056592
25,visit,3765,3780.0,z31,z31,,hub_core,,True,37.29261147497552,10.812388525024476,47.894999999999996,0.7,0,6.487433115014685
43,visit,3765,3780.0,z32,z32,,hub_waterfront,,True,37.66152752166283,10.443472478337164,47.894999999999996,0.7,0,6.266083487002298
59,trip,3770,3778.8333333333335,z21,z31,toy-0008963,,,False,47.89499999999972,0.0,47.09999999999972,0.35,2.3,0
18,trip,3770,3794.1666666666665,z31,z01,toy-0008964,,,False,43.35740812575752,0.0,41.182408125757526,0.35,6.8999999999999995,0
21,trip,3770,3778.8333333333335,z31,z32,toy-0008965,,,False,47.10000000000017,0.0,46.30500000000017,0.35,2.3,0
58,trip,3770,3788.309854494165,z11,z32,toy-0008962,,,False,39.51211309552559,0.0,37.86422619105074,0.35,5.142956348249516,0
60,trip,3770,3778.8333333333335,z11,z21,toy-0008960,,,False,42.781305737487756,0.0,41.986305737487754,0.35,2.3,0
48,trip,3770,3778.8333333333335,z32,z22,toy-0008966,,,False,47.89500000000013,0.0,47.10000000000013,0.35,2.3,0
63,trip,3770,3782.0089706448603,z11,z22,toy-0008961,,,False,41.0755319285378,0.0,39.99472457050037,0.35,3.2526911934581184,0
0,trip,3770,3788.309854494165,z20,z01,toy-0008959,,,False,39.903588014895206,0.0,38.255701110420354,0.35,5.142956348249516,0
11,visit,3770,3812.3333333333335,z01,z01,,depot_west,central,False,38.207151341169606,0.0,36.8271513411696,4.6,0,0
4,visit,3770,3790.3333333333335,z20,z20,,depot_south,local,False,40.06821664957105,0.0,38.688216649571046,4.6,0,0
79,visit,3770,3785.0,z21,z21,,hub_inner,local,True,40.885141510008935,7.219858489991062,47.894999999999996,0.7,0,4.331915093994637
42,visit,3770,3785.0,z31,z31,,hub_core,local,True,44.429192641962544,3.675807358037453,47.894999999999996,0.7,0,2.2054844148224717
56,visit,3770,3785.0,z30,z30,,depot_south,,True,26.0607213294015,17.77777777777778,43.62849910717927,0.7,0,10.666666666666668
9,visit,3770,3785.0,z30,z30,,depot_south,,True,33.92726894730095,14.177731052699047,47.894999999999996,0.7,0,8.506638631619428
2,trip,3775,3800.410795394624,z02,z31,toy-0008971,,,False,47.024192641962465,0.0,44.73722105644628,0.35,7.273238618387272,0
57,trip,3775,3791.5,z32,z12,toy-0008977,,,False,43.272577925887695,0.0,41.787577925887696,0.35,4.6,0
1,trip,3775,3793.309854494165,z12,z31,toy-0008973,,,False,36.19751725245465,0.0,34.5496303479798,0.35,5.142956348249516,0
29,trip,3775,3787.0089706448603,z31,z20,toy-0008968,,,False,47.89499999999969,0.0,46.81419264196226,0.35,3.2526911934581184,0
61,trip,3775,3797.851274623054,z32,z10,toy-0008976,,,False,39.27341883301294,0.0,37.21680411693807,0.35,6.505382386916237,0
62,trip,3775,3787.0089706448603,z22,z11,toy-0008974,,,False,46.72963841912058,0.0,45.64883106108315,0.35,3.2526911934581184,0
35,trip,3775,3800.410795394624,z31,z00,toy-0008967,,,False,39.505141510009345,0.0,37.21816992449316,0.35,7.273238618387272,0
8,trip,3775,3791.5,z02,z22,toy-0008972,,,False,32.063298089512614,0.0,30.578298089512614,0.35,4.6,0
64,trip,3775,3783.8333333333335,z22,z12,toy-0008975,,,False,43.15419264196282,0.0,42.35919264196282,0.35,2.3,0
47,trip,3775,3783.8333333333335,z31,z21,toy-0008969,,,False,45.84385481084417,0.0,45.04885481084417,0.35,2.3,0
51,trip,3775,3787.0089706448603,z31,z22,toy-0008970,,,False,46.409999999999854,0.0,45.32919264196242,0.35,3.2526911934581184,0
6,visit,3775,3790.0,z00,z00,,depot_west,,True,28.60611921570491,17.77777777777778,46.17389699348269,0.7,0,10.666666666666668
23,trip,3780,3792.0089706448603,z21,z32,toy-0008988,,,False,40.32049837945069,0.0,39.23969102141326,0.35,3.2526911934581184,0
3,trip,3780,3798.309854494165,z10,z22,toy-0008978,,,False,16.723500835365048,0.0,15.075613930890192,0.35,5.142956348249516,0
14,trip,3780,3798.309854494165,z20,z32,toy-0008982,,,False,31.90458948523401,0.0,30.256702580759153,0.35,5.142956348249516,0
24,trip,3780,3796.5,z31,z11,toy-0008989,,,False,39.71655635931189,0.0,38.23155635931189,0.35,4.6,0
15,trip,3780,3805.410795394624,z01,z30,toy-0008984,,,False,29.633762919875892,0.0,27.34679133435971,0.35,7.273238618387272,0
48,trip,3780,3802.851274623054,z22,z00,toy-0008990,,,False,47.10000000000016,0.0,45.04338528392529,0.35,6.505382386916237,0
19,trip,3780,3804.1666666666665,z01,z31,toy-0008985,,,False,31.276804116938255,0.0,29.101804116938254,0.35,6.8999999999999995,0
33,trip,3780,3788.8333333333335,z20,z21,toy-0008980,,,False,41.525658927781954,0.0,40.73065892778195,0.35,2.3,0
5,trip,3780,3796.5,z32,z30,toy-0008993,,,False,41.897113095525086,0.0,40.412113095525086,0.35,4.6,0
21,trip,3780,3808.809226445224,z32,z00,toy-0008992,,,False,46.3050000000002,0.0,43.712169619930044,0.35,8.292767933567175,0
40,trip,3780,3788.8333333333335,z21,z11,toy-0008986,,,False,43.27257792588789,0.0,42.477577925887886,0.35,2.3,0
69,trip,3780,3792.0089706448603,z20,z31,toy-0008981,,,False,37.44472457050077,0.0,36.363917212463335,0.35,3.2526911934581184,0
77,trip,3780,3792.0089706448603,z22,z31,toy-0008991,,,False,38.90222105644622,0.0,37.82141369840879,0.35,3.2526911934581184,0
60,trip,3780,3788.8333333333335,z21,z31,toy-0008987,,,False,41.98630573748778,0.0,41.19130573748778,0.35,2.3,0
43,trip,3780,3788.8333333333335,z32,z31,toy-0008996,,,False,47.894999999999705,0.0,47.0999999999997,0.35,2.3,0
65,trip,3780,3805.410795394624,z32,z01,toy-0008994,,,False,46.814192641962656,0.0,44.52722105644647,0.35,7.273238618387272,0
10,trip,3780,3803.0,z10,z00,toy-0008979,,,False,16.266703746535526,0.0,14.196703746535526,2.3,4.6,0
67,trip,3780,3798.309854494165,z32,z11,toy-0008995,,,False,42.495498379450645,0.0,40.84761147497579,0.35,5.142956348249516,0
16,trip,3780,3805.410795394624,z30,z01,toy-0008983,,,False,45.37630573748752,0.0,43.089334151971336,0.35,7.273238618387272,0
31,visit,3780,3800.3333333333335,z22,z22,,hub_inner,local,False,21.404115246876742,0.0,20.024115246876743,4.6,0,0
80,visit,3780,3795.0,z31,z31,,hub_core,,True,38.75058845294296,9.354411547057039,47.894999999999996,0.7,0,5.6126469282342235
25,trip,3785,3793.8333333333335,z31,z32,toy-0009000,,,False,47.894999999999676,0.0,47.099999999999675,0.35,2.3,0
20,trip,3785,3797.0089706448603,z32,z21,toy-0009003,,,False,45.30216961992989,0.0,44.22136226189246,0.35,3.2526911934581184,0
13,trip,3785,3801.5,z11,z31,toy-0008997,,,False,40.829691021413126,0.0,39.34469102141313,0.35,4.6,0
47,trip,3785,3793.8333333333335,z21,z20,toy-0008998,,,False,45.0488548108442,0.0,44.253854810844196,0.35,2.3,0
70,trip,3785,3809.1666666666665,z32,z02,toy-0009004,,,False,46.40999999999976,0.0,44.234999999999765,0.35,6.8999999999999995,0
38,trip,3785,3803.309854494165,z31,z10,toy-0008999,,,False,47.89500000000002,0.0,46.247113095525165,0.35,5.142956348249516,0
22,trip,3785,3793.8333333333335,z22,z21,toy-0009001,,,False,38.29444211289301,0.0,37.49944211289301,0.35,2.3,0
63,trip,3785,3793.8333333333335,z22,z32,toy-0009002,,,False,39.994724570500374,0.0,39.19972457050037,0.35,2.3,0
45,visit,3785,3800.0,z31,z31,,hub_core,local,True,38.61211309552524,9.49288690447476,47.894999999999996,0.7,0,5.6957321426848555
46,visit,3785,3805.3333333333335,z20,z20,,depot_south,local,False,39.876339286575245,0.0,38.49633928657524,4.6,0,0
33,trip,3790,3798.8333333333335,z21,z22,toy-0009008,,,False,40.73065892778198,0.0,39.93565892778198,0.35,2.3,0
34,trip,3790,3808.309854494165,z10,z31,toy-0009006,,,False,34.706447247496406,0.0,33.058560343021554,0.35,5.142956348249516,0
42,trip,3790,3798.8333333333335,z31,z30,toy-0009009,,,False,47.89499999999993,0.0,47.09999999999993,0.35,2.3,0
51,trip,3790,3808.309854494165,z22,z10,toy-0009014,,,False,45.32919264196243,0.0,43.68130573748758,0.35,5.142956348249516,0
12,trip,3790,3806.5,z20,z22,toy-0009007,,,False,47.31000000000009,0.0,45.82500000000009,0.35,4.6,0
43,trip,3790,3802.0089706448603,z31,z22,toy-0009011,,,False,47.09999999999973,0.0,46.0191926419623,0.35,3.2526911934581184,0
7,trip,3790,3802.0089706448603,z12,z21,toy-0009013,,,False,19.74584378620568,0.0,18.665036428168243,0.35,3.2526911934581184,0
26,trip,3790,3808.309854494165,z02,z21,toy-0009012,,,False,38.34777202330735,0.0,36.6998851188325,0.35,5.142956348249516,0
32,trip,3790,3798.8333333333335,z32,z22,toy-0009017,,,False,38.46858331833899,0.0,37.67358331833899,0.35,2.3,0
6,trip,3790,3815.410795394624,z00,z31,toy-0009005,,,False,46.17389699348246,0.0,43.886925407966274,0.35,7.273238618387272,0
44,trip,3790,3798.8333333333335,z31,z21,toy-0009010,,,False,44.19049837945023,0.0,43.39549837945023,0.35,2.3,0
58,trip,3790,3808.309854494165,z32,z20,toy-0009015,,,False,37.86422619105074,0.0,36.21633928657589,0.35,5.142956348249516,0
71,trip,3790,3798.8333333333335,z32,z31,toy-0009016,,,False,40.59099675890053,0.0,39.79599675890053,0.35,2.3,0
81,visit,3790,3847.6666666666665,z02,z02,,depot_west,central,False,45.608028414484025,0.0,42.84802841448403,9.2,0,0
17,trip,3795,3807.0089706448603,z12,z01,toy-0009037,,,False,41.40130573748757,0.0,40.320498379450136,0.35,3.2526911934581184,0
0,trip,3795,3807.0089706448603,z01,z12,toy-0009028,,,False,38.255701110420354,0.0,37.17489375238292,0.35,3.2526911934581184,0
18,trip,3795,3813.309854494165,z01,z22,toy-0009029,,,False,41.182408125757526,0.0,39.534521221282674,0.35,5.142956348249516,0
27,trip,3795,3811.5,z12,z32,toy-0009038,,,False,26.51192657374213,0.0,25.02692657374213,0.35,4.6,0
39,trip,3795,3803.8333333333335,z10,z20,toy-0009020,,,False,34.03680411693788,0.0,33.24180411693788,0.35,2.3,0
50,trip,3795,3819.1666666666665,z00,z30,toy-0009018,,,False,47.678962771765484,0.0,45.50396277176549,0.35,6.8999999999999995,0
59,trip,3795,3807.0089706448603,z31,z20,toy-0009032,,,False,47.099999999999746,0.0,46.01919264196231,0.35,3.2526911934581184,0
4,trip,3795,3813.5089706448603,z20,z01,toy-0009021,,,False,38.68821664957107,0.0,37.022409291533634,2.3,3.2526911934581184,0
8,trip,3795,3811.5,z22,z20,toy-0009039,,,False,30.578298089512614,0.0,29.093298089512615,0.35,4.6,0
9,trip,3795,3807.0089706448603,z30,z21,toy-0009025,,,False,47.8949999999999,0.0,46.814192641962464,0.35,3.2526911934581184,0
29,trip,3795,3813.5089706448603,z20,z21,toy-0009022,,,False,46.814192641962265,0.0,45.14838528392483,2.3,3.2526911934581184,0
60,trip,3795,3803.8333333333335,z31,z32,toy-0009035,,,False,41.19130573748781,0.0,40.39630573748781,0.35,2.3,0
68,trip,3795,3807.0089706448603,z01,z10,toy-0009026,,,False,37.60444211289288,0.0,36.52363475485545,0.35,3.2526911934581184,0
69,trip,3795,3811.5,z31,z11,toy-0009033,,,False,36.36391721246334,0.0,34.87891721246334,0.35,4.6,0
40,trip,3795,3818.0,z11,z21,toy-0009027,,,False,42.477577925887914,0.0,40.407577925887914,2.3,4.6,0
49,trip,3795,3807.0089706448603,z02,z11,toy-0009036,,,False,34.12368147993385,0.0,33.04287412189642,0.35,3.2526911934581184,0
52,trip,3795,3822.985491805692,z11,z21,toy-0009019,,,False,47.894999999999946,0.0,45.376305737487655,3.2526911934581184,5.142956348249516,0
62,trip,3795,3813.309854494165,z11,z32,toy-0009030,,,False,45.64883106108316,0.0,44.000944156608305,0.35,5.142956348249516,0
53,trip,3795,3819.1666666666665,z30,z00,toy-0009024,,,False,41.629226191050336,0.0,39.45422619105034,0.35,6.8999999999999995,0
37,trip,3795,3807.0089706448603,z20,z11,toy-0009023,,,False,42.46927291612837,0.0,41.388465558090935,0.35,3.2526911934581184,0
22,trip,3795,3803.8333333333335,z21,z31,toy-0009031,,,False,37.499442112893036,0.0,36.704442112893034,0.35,2.3,0
78,trip,3795,3807.0089706448603,z22,z31,toy-0009040,,,False,43.65000000000026,0.0,42.56919264196283,0.35,3.2526911934581184,0
75,trip,3795,3813.309854494165,z31,z12,toy-0009034,,,False,41.897113095525484,0.0,40.24922619105063,0.35,5.142956348249516,0
1,visit,3795,3837.3333333333335,z31,z31,,depot_south,central,False,34.5496303479798,0.0,33.1696303479798,4.6,0,0
77,visit,3795,3810.0,z31,z31,,hub_core,,True,37.8214136984088,10.283586301591201,47.894999999999996,0.7,0,6.17015178095472
67,trip,3800,3808.8333333333335,z11,z21,toy-0009047,,,False,40.84761147497579,0.0,40.05261147497579,0.35,2.3,0
14,trip,3800,3808.8333333333335,z32,z31,toy-0009057,,,False,30.256702580759168,0.0,29.461702580759166,0.35,2.3,0
54,trip,3800,3831.910795394624,z02,z32,toy-0009045,,,False,45.60802841448404,0.0,42.73605682896786,2.3,7.273238618387272,0
72,trip,3800,3812.0089706448603,z11,z20,toy-0009046,,,False,47.894999999999655,0.0,46.81419264196222,0.35,3.2526911934581184,0
3,trip,3800,3808.8333333333335,z22,z32,toy-0009055,,,False,15.075613930890206,0.0,14.280613930890206,0.35,2.3,0
20,trip,3800,3812.0089706448603,z21,z32,toy-0009050,,,False,44.221362261892466,0.0,43.14055490385503,0.35,3.2526911934581184,0
44,trip,3800,3812.0089706448603,z21,z12,toy-0009049,,,False,43.39549837945026,0.0,42.31469102141283,0.35,3.2526911934581184,0
84,trip,3800,3816.5,z11,z31,toy-0009048,,,False,46.40999999999993,0.0,44.92499999999993,0.35,4.6,0
45,trip,3800,3808.8333333333335,z31,z21,toy-0009052,,,False,47.895,0.0,47.1,0.35,2.3,0
89,trip,3800,3816.5,z22,z02,toy-0009054,,,False,44.81999999999989,0.0,43.33499999999989,0.35,4.6,0
41,trip,3800,3812.0089706448603,z20,z31,toy-0009043,,,False,39.753418833012894,0.0,38.67261147497546,0.35,3.2526911934581184,0
5,trip,3800,3808.8333333333335,z30,z31,toy-0009044,,,False,40.41211309552508,0.0,39.61711309552508,0.35,2.3,0
61,trip,3800,3822.851274623054,z10,z32,toy-0009041,,,False,37.21680411693807,0.0,35.1601894008632,0.35,6.505382386916237,0
28,trip,3800,3818.309854494165,z12,z31,toy-0009053,,,False,42.4954983794501,0.0,40.847611474975245,0.35,5.142956348249516,0
71,trip,3800,3824.1666666666665,z31,z01,toy-0009051,,,False,39.79599675890056,0.0,37.62099675890056,0.35,6.8999999999999995,0
47,trip,3800,3808.8333333333335,z20,z10,toy-0009042,,,False,44.253854810844224,0.0,43.45885481084422,0.35,2.3,0
23,trip,3800,3812.0089706448603,z32,z21,toy-0009056,,,False,39.239691021413265,0.0,38.15888366337583,0.35,3.2526911934581184,0
32,visit,3800,3820.3333333333335,z22,z22,,hub_inner,local,False,37.67358331833902,0.0,36.29358331833902,4.6,0,0
24,visit,3800,3815.0,z11,z11,,hub_center,local,True,38.23155635931188,9.873443640688116,47.894999999999996,0.7,0,5.924066184412869
33,visit,3800,3820.3333333333335,z22,z22,,hub_inner,local,False,39.93565892778201,0.0,38.555658927782005,4.6,0,0
13,trip,3805,3817.0089706448603,z31,z22,toy-0009066,,,False,39.34469102141312,0.0,38.26388366337569,0.35,3.2526911934581184,0
39,trip,3805,3823.309854494165,z20,z32,toy-0009060,,,False,33.24180411693791,0.0,31.59391721246305,0.35,5.142956348249516,0
31,trip,3805,3817.0089706448603,z22,z11,toy-0009070,,,False,20.024115246876768,0.0,18.943307888839332,0.35,3.2526911934581184,0
43,trip,3805,3823.309854494165,z22,z01,toy-0009069,,,False,46.019192641962306,0.0,44.371305737487454,0.35,5.142956348249516,0
36,trip,3805,3813.8333333333335,z12,z22,toy-0009068,,,False,44.429192641963,0.0,43.634192641963,0.35,2.3,0
7,trip,3805,3823.5089706448603,z21,z22,toy-0009062,,,False,18.665036428168257,0.0,16.99922907013082,2.3,3.2526911934581184,0
19,trip,3805,3813.8333333333335,z31,z32,toy-0009067,,,False,29.101804116938272,0.0,28.306804116938274,0.35,2.3,0
25,trip,3805,3820.3333333333335,z32,z21,toy-0009071,,,False,47.0999999999997,0.0,45.7199999999997,2.3,2.3,0
42,trip,3805,3821.5,z30,z32,toy-0009061,,,False,47.09999999999996,0.0,45.61499999999996,0.35,4.6,0
63,trip,3805,3813.8333333333335,z32,z22,toy-0009073,,,False,39.1997245705004,0.0,38.4047245705004,0.35,2.3,0
66,trip,3805,3813.8333333333335,z21,z11,toy-0009064,,,False,44.14338528392554,0.0,43.34838528392554,0.35,2.3,0
73,trip,3805,3813.8333333333335,z21,z31,toy-0009065,,,False,41.44388366337531,0.0,40.64888366337531,0.35,2.3,0
74,trip,3805,3817.0089706448603,z21,z10,toy-0009063,,,False,47.89500000000017,0.0,46.814192641962734,0.35,3.2526911934581184,0
10,trip,3805,3823.309854494165,z00,z12,toy-0009058,,,False,14.19670374653553,0.0,12.548816842060674,0.35,5.142956348249516,0
82,trip,3805,3823.309854494165,z32,z11,toy-0009072,,,False,45.61499999999972,0.0,43.967113095524866,0.35,5.142956348249516,0
38,trip,3805,3820.3333333333335,z10,z21,toy-0009059,,,False,46.247113095525165,0.0,44.86711309552516,2.3,2.3,0
60,visit,3805,3820.0,z32,z32,,hub_waterfront,local,True,40.396305737487836,7.708694262512163,47.894999999999996,0.7,0,4.625216557507297
2,visit,3805,3820.0,z31,z31,,hub_core,local,True,44.73722105644628,3.3677789435537164,47.894999999999996,0.7,0,2.02066736613223
22,visit,3805,3820.0,z31,z31,,hub_core,,True,36.70444211289306,11.400557887106935,47.894999999999996,0.7,0,6.840334732264161
35,visit,3805,3820.0,z00,z00,,depot_west,,True,37.21816992449316,10.886830075506834,47.894999999999996,0.7,0,6.532098045304101
14,trip,3810,3835.410795394624,z31,z02,toy-0009084,,,False,29.461702580759194,0.0,27.174730995243014,0.35,7.273238618387272,0
37,trip,3810,3822.0089706448603,z11,z02,toy-0009078,,,False,41.38846555809094,0.0,40.30765820005351,0.35,3.2526911934581184,0
9,trip,3810,3826.5,z21,z01,toy-0009080,,,False,46.81419264196247,0.0,45.32919264196247,0.35,4.6,0
0,trip,3810,3828.309854494165,z12,z20,toy-0009086,,,False,37.17489375238293,0.0,35.527006847908076,0.35,5.142956348249516,0
34,trip,3810,3828.309854494165,z31,z10,toy-0009082,,,False,33.058560343021554,0.0,31.4106734385467,0.35,5.142956348249516,0
16,trip,3810,3834.1666666666665,z01,z31,toy-0009077,,,False,43.089334151971336,0.0,40.91433415197134,0.35,6.8999999999999995,0
12,trip,3810,3822.0089706448603,z22,z31,toy-0009087,,,False,45.82500000000008,0.0,44.74419264196265,0.35,3.2526911934581184,0
77,trip,3810,3822.0089706448603,z31,z20,toy-0009083,,,False,47.895,0.0,46.81419264196257,0.35,3.2526911934581184,0
56,trip,3810,3828.309854494165,z30,z22,toy-0009076,,,False,43.628499107179046,0.0,41.980612202704194,0.35,5.142956348249516,0
3,trip,3810,3826.5,z32,z12,toy-0009089,,,False,14.280613930890235,0.0,12.795613930890235,0.35,4.6,0
76,trip,3810,3818.8333333333335,z30,z20,toy-0009075,,,False,43.1541926419629,0.0,42.3591926419629,0.35,2.3,0
57,trip,3810,3828.309854494165,z12,z00,toy-0009085,,,False,41.78757792588769,0.0,40.13969102141284,0.35,5.142956348249516,0
26,trip,3810,3818.8333333333335,z21,z22,toy-0009081,,,False,36.6998851188325,0.0,35.904885118832496,0.35,2.3,0
83,trip,3810,3818.8333333333335,z32,z31,toy-0009088,,,False,40.978079836118184,0.0,40.18307983611818,0.35,2.3,0
45,trip,3810,3822.0089706448603,z21,z30,toy-0009079,,,False,47.10000000000003,0.0,46.0191926419626,0.35,3.2526911934581184,0
21,trip,3810,3822.0089706448603,z00,z11,toy-0009074,,,False,43.71216961993004,0.0,42.631362261892605,0.35,3.2526911934581184,0
15,visit,3810,3825.0,z30,z30,,depot_south,local,True,27.34679133435973,12.777777777777779,39.91456911213751,0.7,0,7.666666666666668
58,visit,3810,3830.3333333333335,z20,z20,,depot_south,local,False,36.21633928657589,0.0,34.836339286575885,4.6,0,0
5,visit,3810,3825.0,z31,z31,,hub_core,local,True,39.617113095525106,8.487886904474891,47.894999999999996,0.7,0,5.092732142684935
49,visit,3810,3825.0,z11,z11,,hub_center,,True,33.042874121896425,15.06212587810357,47.894999999999996,0.7,0,9.037275526862143
55,trip,3815,3837.851274623054,z02,z20,toy-0009102,,,False,35.26972457050106,0.0,33.21310985442619,0.35,6.505382386916237,0
29,trip,3815,3823.8333333333335,z21,z20,toy-0009095,,,False,45.14838528392483,0.0,44.35338528392483,0.35,2.3,0
19,trip,3815,3827.0089706448603,z32,z21,toy-0009107,,,False,28.3068041169383,0.0,27.225996758900862,0.35,3.2526911934581184,0
41,trip,3815,3823.8333333333335,z31,z32,toy-0009101,,,False,38.67261147497547,0.0,37.87761147497547,0.35,2.3,0
8,trip,3815,3827.0089706448603,z20,z31,toy-0009091,,,False,29.093298089512615,0.0,28.01249073147518,0.35,3.2526911934581184,0
46,trip,3815,3839.809854494165,z20,z11,toy-0009093,,,False,38.496339286575264,0.0,36.26345238210041,2.3,5.142956348249516,0
59,trip,3815,3833.309854494165,z20,z12,toy-0009092,,,False,46.01919264196232,0.0,44.37130573748747,0.35,5.142956348249516,0
67,trip,3815,3827.0089706448603,z21,z32,toy-0009097,,,False,40.05261147497582,0.0,38.97180411693839,0.35,3.2526911934581184,0
20,trip,3815,3837.851274623054,z32,z10,toy-0009105,,,False,43.14055490385504,0.0,41.08394018778017,0.35,6.505382386916237,0
79,trip,3815,3833.309854494165,z21,z00,toy-0009094,,,False,47.89500000000007,0.0,46.247113095525215,0.35,5.142956348249516,0
73,trip,3815,3831.5,z31,z11,toy-0009098,,,False,40.64888366337534,0.0,39.16388366337534,0.35,4.6,0
18,trip,3815,3823.8333333333335,z22,z12,toy-0009104,,,False,39.534521221282674,0.0,38.73952122128267,0.35,2.3,0
88,trip,3815,3833.309854494165,z21,z02,toy-0009096,,,False,45.32919264196272,0.0,43.68130573748787,0.35,5.142956348249516,0
48,trip,3815,3843.809226445224,z00,z32,toy-0009090,,,False,45.04338528392529,0.0,42.450554903855135,0.35,8.292767933567175,0
78,trip,3815,3827.0089706448603,z31,z22,toy-0009100,,,False,42.569192641962836,0.0,41.4883852839254,0.35,3.2526911934581184,0
80,trip,3815,3823.8333333333335,z31,z21,toy-0009099,,,False,47.89500000000035,0.0,47.10000000000035,0.35,2.3,0
44,trip,3815,3823.8333333333335,z12,z11,toy-0009103,,,False,42.314691021412834,0.0,41.51969102141283,0.35,2.3,0
27,trip,3815,3833.309854494165,z32,z20,toy-0009106,,,False,25.02692657374213,0.0,23.379039669267275,0.35,5.142956348249516,0
23,visit,3815,3830.0,z21,z21,,hub_inner,local,True,38.15888366337584,9.946116336624158,47.894999999999996,0.7,0,5.967669801974495
63,visit,3815,3835.3333333333335,z22,z22,,hub_waterfront,local,False,38.40472457050043,0.0,37.024724570500425,4.6,0,0
69,visit,3815,3830.0,z11,z11,,hub_center,,True,34.878917212463335,13.226082787536662,47.894999999999996,0.7,0,7.935649672521997
72,trip,3820,3836.5,z20,z22,toy-0009111,,,False,46.81419264196223,0.0,45.32919264196223,0.35,4.6,0
47,trip,3820,3835.3333333333335,z10,z30,toy-0009110,,,False,43.45885481084425,0.0,42.07885481084425,2.3,2.3,0
2,trip,3820,3835.3333333333335,z31,z31,toy-0009117,,,False,47.89500000000018,0.0,46.51500000000018,2.3,2.3,0
24,trip,3820,3836.5,z11,z31,toy-0009114,,,False,47.89499999999994,0.0,46.40999999999994,0.35,4.6,0
60,trip,3820,3845.410795394624,z32,z01,toy-0009122,,,False,47.89500000000024,0.0,45.60802841448405,0.35,7.273238618387272,0
31,trip,3820,3832.0089706448603,z11,z00,toy-0009113,,,False,18.943307888839346,0.0,17.86250053080191,0.35,3.2526911934581184,0
6,trip,3820,3845.410795394624,z31,z00,toy-0009118,,,False,43.886925407966274,0.0,41.59995382245009,0.35,7.273238618387272,0
4,trip,3820,3828.8333333333335,z01,z11,toy-0009112,,,False,37.022409291533634,0.0,36.22740929153363,0.35,2.3,0
51,trip,3820,3838.309854494165,z10,z31,toy-0009109,,,False,43.68130573748758,0.0,42.033418833012725,0.35,5.142956348249516,0
66,trip,3820,3828.8333333333335,z11,z12,toy-0009115,,,False,43.348385283925566,0.0,42.553385283925564,0.35,2.3,0
11,trip,3820,3844.809854494165,z01,z32,toy-0009116,,,False,36.827151341169625,0.0,34.59426443669477,2.3,5.142956348249516,0
68,trip,3820,3828.8333333333335,z10,z11,toy-0009108,,,False,36.52363475485546,0.0,35.728634754855456,0.35,2.3,0
13,trip,3820,3828.8333333333335,z22,z32,toy-0009121,,,False,38.263883663375694,0.0,37.46888366337569,0.35,2.3,0
26,trip,3820,3832.0089706448603,z22,z31,toy-0009120,,,False,35.904885118832524,0.0,34.82407776079509,0.35,3.2526911934581184,0
22,trip,3820,3838.309854494165,z31,z12,toy-0009119,,,False,47.89500000000005,0.0,46.2471130955252,0.35,5.142956348249516,0
40,visit,3820,3868.6846079563875,z21,z21,,depot_south,central,False,40.4075779258879,0.0,38.45596320981303,6.505382386916237,0,0
76,visit,3820,3840.3333333333335,z20,z20,,depot_south,local,False,42.35919264196293,0.0,40.979192641962925,4.6,0,0
5,trip,3825,3833.8333333333335,z31,z21,toy-0009131,,,False,47.89499999999976,0.0,47.09999999999976,0.35,2.3,0
7,trip,3825,3841.5,z22,z20,toy-0009138,,,False,16.999229070130834,0.0,15.514229070130835,0.35,4.6,0
39,trip,3825,3833.8333333333335,z32,z31,toy-0009141,,,False,31.593917212463058,0.0,30.79891721246306,0.35,2.3,0
10,trip,3825,3841.5,z12,z32,toy-0009137,,,False,12.548816842060688,0.0,11.063816842060689,0.35,4.6,0
74,trip,3825,3841.5,z10,z12,toy-0009124,,,False,46.81419264196274,0.0,45.32919264196274,0.35,4.6,0
37,trip,3825,3850.410795394624,z02,z31,toy-0009133,,,False,40.30765820005352,0.0,38.02068661453733,0.35,7.273238618387272,0
18,trip,3825,3841.5,z12,z10,toy-0009135,,,False,38.7395212212827,0.0,37.2545212212827,0.35,4.6,0
12,trip,3825,3833.8333333333335,z31,z30,toy-0009130,,,False,44.744192641962655,0.0,43.949192641962654,0.35,2.3,0
15,trip,3825,3841.5,z30,z10,toy-0009126,,,False,39.91456911213728,0.0,38.42956911213728,0.35,4.6,0
21,trip,3825,3833.8333333333335,z11,z10,toy-0009127,,,False,42.63136226189261,0.0,41.83636226189261,0.35,2.3,0
42,trip,3825,3841.5,z32,z30,toy-0009140,,,False,45.61499999999995,0.0,44.12999999999995,0.35,4.6,0
44,trip,3825,3843.309854494165,z11,z30,toy-0009128,,,False,41.51969102141286,0.0,39.87180411693801,0.35,5.142956348249516,0
64,trip,3825,3843.309854494165,z12,z31,toy-0009136,,,False,42.35919264196285,0.0,40.711305737488,0.35,5.142956348249516,0
29,trip,3825,3848.0,z20,z30,toy-0009123,,,False,44.35338528392486,0.0,42.28338528392486,2.3,4.6,0
49,trip,3825,3833.8333333333335,z11,z21,toy-0009129,,,False,47.89500000000017,0.0,47.100000000000165,0.35,2.3,0
32,trip,3825,3843.309854494165,z22,z30,toy-0009139,,,False,36.29358331833904,0.0,34.64569641386419,0.35,5.142956348249516,0
70,trip,3825,3849.1666666666665,z02,z32,toy-0009134,,,False,44.234999999999765,0.0,42.05999999999977,0.35,6.8999999999999995,0
61,trip,3825,3833.8333333333335,z32,z22,toy-0009142,,,False,35.1601894008632,0.0,34.3651894008632,0.35,2.3,0
28,trip,3825,3833.8333333333335,z31,z32,toy-0009132,,,False,40.847611474975245,0.0,40.052611474975244,0.35,2.3,0
35,trip,3825,3849.809854494165,z00,z22,toy-0009125,,,False,47.894999999999655,0.0,45.6621130955248,2.3,5.142956348249516,0
41,visit,3825,3840.0,z32,z32,,hub_waterfront,local,True,37.877611474975495,10.227388525024502,47.894999999999996,0.7,0,6.1364331150147
43,visit,3825,3867.3333333333335,z01,z01,,depot_west,central,False,44.371305737487454,0.0,42.99130573748745,4.6,0,0
53,trip,3830,3852.851274623054,z00,z22,toy-0009144,,,False,39.45422619105034,0.0,37.39761147497547,0.35,6.505382386916237,0
3,trip,3830,3842.0089706448603,z12,z21,toy-0009154,,,False,12.795613930890237,0.0,11.714806572852801,0.35,3.2526911934581184,0
23,trip,3830,3838.8333333333335,z21,z22,toy-0009150,,,False,47.89499999999978,0.0,47.09999999999978,0.35,2.3,0
25,trip,3830,3842.0089706448603,z21,z32,toy-0009151,,,False,45.71999999999972,0.0,44.63919264196229,0.35,3.2526911934581184,0
8,trip,3830,3842.0089706448603,z31,z20,toy-0009152,,,False,28.012490731475193,0.0,26.931683373437757,0.35,3.2526911934581184,0
57,trip,3830,3855.410795394624,z00,z31,toy-0009143,,,False,40.13969102141284,0.0,37.85271943589665,0.35,7.273238618387272,0
33,trip,3830,3838.8333333333335,z22,z21,toy-0009155,,,False,38.55565892778203,0.0,37.760658927782025,0.35,2.3,0
4,trip,3830,3838.8333333333335,z11,z01,toy-0009147,,,False,36.22740929153366,0.0,35.43240929153366,0.35,2.3,0
83,trip,3830,3842.0089706448603,z31,z22,toy-0009153,,,False,40.18307983611821,0.0,39.10227247808078,0.35,3.2526911934581184,0
38,trip,3830,3838.8333333333335,z21,z11,toy-0009148,,,False,44.867113095525184,0.0,44.07211309552518,0.35,2.3,0
0,trip,3830,3852.851274623054,z20,z02,toy-0009145,,,False,35.527006847908076,0.0,33.47039213183321,0.35,6.505382386916237,0
52,trip,3830,3838.8333333333335,z21,z31,toy-0009149,,,False,45.376305737487634,0.0,44.58130573748763,0.35,2.3,0
77,trip,3830,3848.309854494165,z20,z32,toy-0009146,,,False,46.81419264196258,0.0,45.166305737487725,0.35,5.142956348249516,0
62,trip,3830,3848.309854494165,z32,z11,toy-0009156,,,False,44.000944156608305,0.0,42.35305725213345,0.35,5.142956348249516,0
19,visit,3830,3845.0,z21,z21,,hub_inner,local,True,27.225996758900877,12.777777777777779,39.793774536678654,0.7,0,7.666666666666668
34,visit,3830,3850.3333333333335,z10,z10,,depot_west,local,False,31.410673438546706,0.0,30.030673438546707,4.6,0,0
68,visit,3830,3845.0,z11,z11,,hub_center,local,True,35.728634754855484,12.376365245144513,47.894999999999996,0.7,0,7.425819147086708
13,visit,3830,3845.0,z32,z32,,hub_waterfront,local,True,37.46888366337572,10.636116336624276,47.894999999999996,0.7,0,6.381669801974566
56,visit,3830,3850.3333333333335,z22,z22,,hub_inner,local,False,41.980612202704194,0.0,40.60061220270419,4.6,0,0
16,trip,3835,3851.5,z31,z11,toy-0009164,,,False,40.91433415197134,0.0,39.42933415197134,0.35,4.6,0
12,trip,3835,3843.8333333333335,z30,z31,toy-0009161,,,False,43.94919264196268,0.0,43.15419264196268,0.35,2.3,0
54,trip,3835,3847.0089706448603,z32,z21,toy-0009169,,,False,42.736056828967854,0.0,41.65524947093042,0.35,3.2526911934581184,0
86,trip,3835,3863.809226445224,z32,z00,toy-0009168,,,False,47.8949999999998,0.0,45.30216961992964,0.35,8.292767933567175,0
69,trip,3835,3847.0089706448603,z11,z22,toy-0009162,,,False,47.89499999999965,0.0,46.814192641962215,0.35,3.2526911934581184,0
26,trip,3835,3859.1666666666665,z31,z01,toy-0009163,,,False,34.8240777607951,0.0,32.6490777607951,0.35,6.8999999999999995,0
21,trip,3835,3847.0089706448603,z10,z21,toy-0009157,,,False,41.83636226189264,0.0,40.755554903855206,0.35,3.2526911934581184,0
36,trip,3835,3853.309854494165,z22,z10,toy-0009165,,,False,43.634192641963025,0.0,41.98630573748817,0.35,5.142956348249516,0
27,trip,3835,3847.0089706448603,z20,z31,toy-0009160,,,False,23.37903966926729,0.0,22.298232311229853,0.35,3.2526911934581184,0
58,trip,3835,3843.8333333333335,z20,z21,toy-0009159,,,False,34.83633928657591,0.0,34.041339286575905,0.35,2.3,0
39,trip,3835,3850.3333333333335,z31,z31,toy-0009170,,,False,30.798917212463085,0.0,29.418917212463086,2.3,2.3,0
61,trip,3835,3847.0089706448603,z22,z31,toy-0009167,,,False,34.36518940086323,0.0,33.2843820428258,0.35,3.2526911934581184,0
31,trip,3835,3864.351274623054,z00,z32,toy-0009158,,,False,17.862500530801924,0.0,15.220885814727053,2.3,6.505382386916237,0
78,trip,3835,3847.0089706448603,z22,z11,toy-0009166,,,False,41.48838528392541,0.0,40.40757792588798,0.35,3.2526911934581184,0
88,visit,3835,3861.6846079563875,z02,z02,,hub_center,local,False,43.68130573748787,0.0,41.729691021413,6.505382386916237,0,0
41,trip,3840,3856.5,z32,z12,toy-0009185,,,False,47.89500000000022,0.0,46.410000000000224,0.35,4.6,0
38,trip,3840,3856.5,z11,z31,toy-0009174,,,False,44.07211309552521,0.0,42.58711309552521,0.35,4.6,0
1,trip,3840,3848.8333333333335,z31,z21,toy-0009178,,,False,33.16963034797982,0.0,32.37463034797982,0.35,2.3,0
2,trip,3840,3852.0089706448603,z31,z22,toy-0009180,,,False,46.5150000000002,0.0,45.43419264196277,0.35,3.2526911934581184,0
24,trip,3840,3858.309854494165,z31,z12,toy-0009179,,,False,46.40999999999993,0.0,44.76211309552508,0.35,5.142956348249516,0
23,trip,3840,3848.8333333333335,z22,z32,toy-0009182,,,False,47.09999999999981,0.0,46.30499999999981,0.35,2.3,0
5,trip,3840,3852.0089706448603,z21,z12,toy-0009176,,,False,47.09999999999979,0.0,46.019192641962356,0.35,3.2526911934581184,0
51,trip,3840,3864.809854494165,z31,z20,toy-0009183,,,False,42.033418833012725,0.0,39.80053192853787,2.3,5.142956348249516,0
55,trip,3840,3852.0089706448603,z20,z11,toy-0009171,,,False,33.21310985442619,0.0,32.13230249638876,0.35,3.2526911934581184,0
33,trip,3840,3848.8333333333335,z21,z20,toy-0009175,,,False,37.76065892778205,0.0,36.96565892778205,0.35,2.3,0
52,trip,3840,3848.8333333333335,z31,z32,toy-0009181,,,False,44.58130573748766,0.0,43.78630573748766,0.35,2.3,0
4,trip,3840,3858.309854494165,z01,z20,toy-0009172,,,False,35.43240929153369,0.0,33.784522387058836,0.35,5.142956348249516,0
63,trip,3840,3870.6666666666665,z22,z02,toy-0009184,,,False,37.024724570500446,0.0,34.26472457050045,2.3,6.8999999999999995,0
72,trip,3840,3855.3333333333335,z22,z22,toy-0009186,,,False,45.32919264196222,0.0,43.94919264196222,2.3,2.3,0
84,trip,3840,3858.309854494165,z31,z10,toy-0009177,,,False,44.924999999999926,0.0,43.277113095525074,0.35,5.142956348249516,0
46,trip,3840,3852.0089706448603,z11,z20,toy-0009173,,,False,36.26345238210041,0.0,35.18264502406298,0.35,3.2526911934581184,0
14,visit,3840,3866.6846079563875,z02,z02,,hub_center,local,False,27.17473099524303,0.0,25.22311627916816,6.505382386916237,0,0
67,visit,3840,3855.0,z32,z32,,hub_waterfront,local,True,38.971804116938394,9.133195883061603,47.894999999999996,0.7,0,5.479917529836962
28,visit,3840,3855.0,z32,z32,,hub_waterfront,local,True,40.05261147497527,8.052388525024725,47.894999999999996,0.7,0,4.831433115014835
22,visit,3840,3866.6846079563875,z12,z12,,hub_inner,local,False,46.2471130955252,0.0,44.29549837945033,6.505382386916237,0,0
12,trip,3845,3870.410795394624,z31,z00,toy-0009196,,,False,43.15419264196271,0.0,40.867221056446525,0.35,7.273238618387272,0
3,trip,3845,3857.0089706448603,z21,z32,toy-0009195,,,False,11.714806572852815,0.0,10.633999214815379,0.35,3.2526911934581184,0
19,trip,3845,3857.0089706448603,z21,z10,toy-0009192,,,False,39.79377453667842,0.0,38.71296717864099,0.35,3.2526911934581184,0
10,trip,3845,3857.0089706448603,z32,z21,toy-0009207,,,False,11.06381684206069,0.0,9.983009484023254,0.35,3.2526911934581184,0
64,trip,3845,3870.410795394624,z31,z02,toy-0009201,,,False,40.711305737488,0.0,38.42433415197181,0.35,7.273238618387272,0
85,trip,3845,3853.8333333333335,z31,z30,toy-0009198,,,False,47.89500000000005,0.0,47.10000000000005,0.35,2.3,0
11,trip,3845,3867.851274623054,z32,z10,toy-0009205,,,False,34.59426443669477,0.0,32.5376497206199,0.35,6.505382386916237,0
7,trip,3845,3863.309854494165,z20,z01,toy-0009187,,,False,15.514229070130837,0.0,13.866342165655983,0.35,5.142956348249516,0
9,trip,3845,3869.1666666666665,z01,z31,toy-0009189,,,False,45.329192641962464,0.0,43.15419264196247,0.35,6.8999999999999995,0
13,trip,3845,3853.8333333333335,z32,z31,toy-0009208,,,False,47.89500000000002,0.0,47.100000000000016,0.35,2.3,0
87,trip,3845,3857.0089706448603,z31,z20,toy-0009197,,,False,46.53761030919956,0.0,45.456802951162125,0.35,3.2526911934581184,0
25,trip,3845,3868.0,z32,z11,toy-0009199,,,False,44.639192641962296,0.0,42.569192641962296,2.3,4.6,0
49,trip,3845,3853.8333333333335,z21,z31,toy-0009194,,,False,47.10000000000019,0.0,46.30500000000019,0.35,2.3,0
32,trip,3845,3860.3333333333335,z30,z32,toy-0009202,,,False,34.64569641386419,0.0,33.265696413864184,2.3,2.3,0
58,trip,3845,3861.5,z21,z01,toy-0009193,,,False,34.04133928657593,0.0,32.556339286575934,0.35,4.6,0
17,trip,3845,3861.5,z01,z21,toy-0009188,,,False,40.32049837945014,0.0,38.835498379450144,0.35,4.6,0
42,trip,3845,3860.3333333333335,z30,z21,toy-0009200,,,False,44.129999999999946,0.0,42.74999999999994,2.3,2.3,0
83,trip,3845,3853.8333333333335,z22,z21,toy-0009204,,,False,39.102272478080785,0.0,38.30727247808078,0.35,2.3,0
65,trip,3845,3870.410795394624,z01,z32,toy-0009190,,,False,44.52722105644647,0.0,42.24024947093029,0.35,7.273238618387272,0
48,trip,3845,3874.351274623054,z32,z00,toy-0009203,,,False,42.45055490385513,0.0,39.80894018778026,2.3,6.505382386916237,0
80,trip,3845,3872.985491805692,z21,z11,toy-0009206,,,False,47.10000000000038,0.0,44.58130573748809,3.2526911934581184,5.142956348249516,0
68,trip,3845,3863.309854494165,z11,z32,toy-0009191,,,False,47.895000000000024,0.0,46.24711309552517,0.35,5.142956348249516,0
27,trip,3850,3868.309854494165,z31,z10,toy-0009214,,,False,22.298232311229867,0.0,20.65034540675501,0.35,5.142956348249516,0
1,trip,3850,3862.0089706448603,z21,z30,toy-0009211,,,False,32.374630347979846,0.0,31.29382298994241,0.35,3.2526911934581184,0
61,trip,3850,3862.0089706448603,z31,z22,toy-0009217,,,False,33.284382042825804,0.0,32.20357468478837,0.35,3.2526911934581184,0
21,trip,3850,3880.6666666666665,z21,z01,toy-0009215,,,False,40.75555490385521,0.0,37.995554903855215,2.3,6.8999999999999995,0
23,trip,3850,3865.3333333333335,z32,z12,toy-0009221,,,False,46.304999999999836,0.0,44.924999999999834,2.3,2.3,0
52,trip,3850,3874.809854494165,z32,z01,toy-0009219,,,False,43.78630573748769,0.0,41.553418833012834,2.3,5.142956348249516,0
60,trip,3850,3868.309854494165,z01,z22,toy-0009210,,,False,45.60802841448405,0.0,43.9601415100092,0.35,5.142956348249516,0
15,trip,3850,3868.309854494165,z10,z31,toy-0009209,,,False,38.42956911213727,0.0,36.78168220766242,0.35,5.142956348249516,0
54,trip,3850,3858.8333333333335,z21,z22,toy-0009213,,,False,41.65524947093043,0.0,40.86024947093043,0.35,2.3,0
8,trip,3850,3865.3333333333335,z20,z11,toy-0009212,,,False,26.93168337343777,0.0,25.551683373437772,2.3,2.3,0
44,trip,3850,3874.809854494165,z30,z12,toy-0009216,,,False,39.87180411693801,0.0,37.638917212463156,2.3,5.142956348249516,0
70,trip,3850,3875.410795394624,z32,z01,toy-0009222,,,False,42.05999999999977,0.0,39.77302841448358,0.35,7.273238618387272,0
59,trip,3850,3858.8333333333335,z12,z22,toy-0009218,,,False,44.37130573748747,0.0,43.576305737487466,0.35,2.3,0
66,trip,3850,3868.5089706448603,z12,z31,toy-0009220,,,False,42.55338528392559,0.0,40.88757792588816,2.3,3.2526911934581184,0
29,visit,3850,3865.0,z30,z30,,depot_south,local,True,42.283385283924844,5.821614716075154,47.894999999999996,0.7,0,3.492968829645092
35,visit,3850,3870.3333333333335,z22,z22,,hub_inner,local,False,45.6621130955248,0.0,44.2821130955248,4.6,0,0
69,visit,3850,3870.3333333333335,z22,z22,,hub_waterfront,local,False,46.81419264196222,0.0,45.43419264196222,4.6,0,0
33,trip,3855,3871.5,z20,z22,toy-0009226,,,False,36.96565892778208,0.0,35.48065892778208,0.35,4.6,0
45,trip,3855,3877.851274623054,z30,z12,toy-0009229,,,False,46.019192641962604,0.0,43.962577925887736,0.35,6.505382386916237,0
16,trip,3855,3863.8333333333335,z11,z21,toy-0009230,,,False,39.42933415197133,0.0,38.63433415197133,0.35,2.3,0
13,trip,3855,3871.5,z31,z11,toy-0009234,,,False,47.100000000000044,0.0,45.615000000000045,0.35,4.6,0
2,trip,3855,3871.5,z22,z02,toy-0009240,,,False,45.434192641962774,0.0,43.949192641962775,0.35,4.6,0
28,trip,3855,3863.8333333333335,z32,z31,toy-0009244,,,False,47.89500000000027,0.0,47.10000000000027,0.35,2.3,0
47,trip,3855,3867.0089706448603,z30,z21,toy-0009228,,,False,42.07885481084427,0.0,40.99804745280684,0.35,3.2526911934581184,0
46,trip,3855,3873.309854494165,z20,z32,toy-0009227,,,False,35.182645024062985,0.0,33.53475811958813,0.35,5.142956348249516,0
67,trip,3855,3871.5,z32,z30,toy-0009243,,,False,47.89500000000036,0.0,46.41000000000036,0.35,4.6,0
6,trip,3855,3863.8333333333335,z00,z10,toy-0009223,,,False,41.59995382245009,0.0,40.80495382245009,0.35,2.3,0
5,trip,3855,3877.851274623054,z12,z30,toy-0009237,,,False,46.01919264196236,0.0,43.962577925887494,0.35,6.505382386916237,0
56,trip,3855,3863.8333333333335,z22,z32,toy-0009241,,,False,40.60061220270421,0.0,39.80561220270421,0.35,2.3,0
77,trip,3855,3873.309854494165,z32,z20,toy-0009242,,,False,45.166305737487725,0.0,43.51841883301287,0.35,5.142956348249516,0
18,trip,3855,3863.8333333333335,z10,z00,toy-0009224,,,False,37.254521221282694,0.0,36.45952122128269,0.35,2.3,0
37,trip,3855,3879.809854494165,z31,z00,toy-0009231,,,False,38.02068661453733,0.0,35.78779971006248,2.3,5.142956348249516,0
74,trip,3855,3878.0,z12,z20,toy-0009239,,,False,45.329192641962734,0.0,43.259192641962734,2.3,4.6,0
76,trip,3855,3863.8333333333335,z20,z10,toy-0009225,,,False,40.979192641962946,0.0,40.184192641962944,0.35,2.3,0
39,trip,3855,3863.8333333333335,z31,z21,toy-0009235,,,False,29.41891721246311,0.0,28.623917212463112,0.35,2.3,0
49,trip,3855,3867.0089706448603,z31,z20,toy-0009233,,,False,46.30500000000022,0.0,45.22419264196279,0.35,3.2526911934581184,0
50,trip,3855,3870.3333333333335,z30,z32,toy-0009236,,,False,45.50396277176549,0.0,44.123962771765484,2.3,2.3,0
75,trip,3855,3885.6666666666665,z12,z12,toy-0009245,,,False,40.24922619105063,0.0,37.48922619105063,4.6,4.6,0
55,trip,3855,3870.3333333333335,z11,z31,toy-0009232,,,False,32.13230249638877,0.0,30.75230249638877,2.3,2.3,0
0,trip,3855,3879.809854494165,z02,z31,toy-0009238,,,False,33.47039213183321,0.0,31.237505227358355,2.3,5.142956348249516,0
85,trip,3855,3878.0,z30,z22,toy-0009246,,,False,47.10000000000008,0.0,45.03000000000008,4.6,2.3,0
53,visit,3855,3875.3333333333335,z22,z22,,hub_inner,local,False,37.39761147497547,0.0,36.01761147497547,4.6,0,0
3,trip,3860,3882.851274623054,z32,z10,toy-0009267,,,False,10.633999214815393,0.0,8.577384498740523,0.35,6.505382386916237,0
4,trip,3860,3875.3333333333335,z20,z20,toy-0009252,,,False,33.784522387058836,0.0,32.40452238705883,2.3,2.3,0
38,trip,3860,3868.8333333333335,z31,z32,toy-0009263,,,False,42.587113095525204,0.0,41.7921130955252,0.35,2.3,0
54,trip,3860,3895.309226445224,z22,z00,toy-0009266,,,False,40.860249470930455,0.0,37.6824190908603,2.3,8.292767933567175,0
62,trip,3860,3876.5,z11,z31,toy-0009250,,,False,42.35305725213345,0.0,40.868057252133454,0.35,4.6,0
87,trip,3860,3872.0089706448603,z20,z31,toy-0009249,,,False,45.45680295116213,0.0,44.3759955931247,0.35,3.2526911934581184,0
57,trip,3860,3872.0089706448603,z31,z22,toy-0009262,,,False,37.85271943589665,0.0,36.77191207785922,0.35,3.2526911934581184,0
59,trip,3860,3895.0864327061513,z22,z00,toy-0009256,,,False,43.576305737487495,0.0,40.41852679393388,3.2526911934581184,7.273238618387272,0
19,trip,3860,3868.8333333333335,z10,z20,toy-0009247,,,False,38.712967178640994,0.0,37.91796717864099,0.35,2.3,0
72,trip,3860,3878.309854494165,z22,z30,toy-0009264,,,False,43.94919264196224,0.0,42.30130573748739,0.35,5.142956348249516,0
73,trip,3860,3899.577462061291,z11,z02,toy-0009261,,,False,39.16388366337533,0.0,35.60191207785915,4.6,7.273238618387272,0
78,trip,3860,3872.0089706448603,z11,z22,toy-0009251,,,False,40.407577925887985,0.0,39.32677056785055,0.35,3.2526911934581184,0
82,trip,3860,3884.809854494165,z11,z02,toy-0009253,,,False,43.967113095524866,0.0,41.73422619105001,2.3,5.142956348249516,0
20,trip,3860,3884.809854494165,z10,z21,toy-0009260,,,False,41.08394018778017,0.0,38.85105328330532,5.142956348249516,2.3,0
24,trip,3860,3892.476521160832,z12,z11,toy-0009268,,,False,44.76211309552508,0.0,41.83922619105022,4.6,5.142956348249516,0
41,trip,3860,3878.5089706448603,z12,z11,toy-0009265,,,False,46.41000000000022,0.0,44.74419264196278,2.3,3.2526911934581184,0
34,trip,3860,3900.1431878274984,z10,z01,toy-0009259,,,False,30.03067343854673,0.0,26.417786534071876,5.142956348249516,6.8999999999999995,0
36,trip,3860,3892.526911934581,z10,z21,toy-0009269,,,False,41.98630573748817,0.0,39.058883663375866,6.505382386916237,3.2526911934581184,0
84,trip,3860,3884.809854494165,z10,z30,toy-0009258,,,False,43.277113095525074,0.0,41.04422619105022,5.142956348249516,2.3,0
79,trip,3860,3890.6666666666665,z00,z00,toy-0009248,,,False,46.247113095525215,0.0,43.48711309552522,4.6,4.6,0
26,trip,3860,3886.175637311527,z01,z12,toy-0009254,,,False,32.6490777607951,0.0,30.293270402757667,4.6,3.2526911934581184,0
71,trip,3860,3886.175637311527,z01,z32,toy-0009255,,,False,37.62099675890056,0.0,35.26518940086312,4.6,3.2526911934581184,0
81,trip,3860,3901.387316555456,z02,z10,toy-0009257,,,False,42.84802841448398,0.0,39.12316992449294,7.273238618387272,5.142956348249516,0
10,visit,3860,3903.5575276429195,z21,z21,,hub_center,local,False,9.983009484023269,38.70699051597673,47.309999999999995,4.6,0,23.224194309586036
61,trip,3865,3888.0,z22,z32,toy-0009281,,,False,32.20357468478838,0.0,30.13357468478838,2.3,4.6,0
16,trip,3865,3873.8333333333335,z21,z22,toy-0009275,,,False,38.63433415197136,0.0,37.83933415197136,0.35,2.3,0
31,trip,3865,3873.8333333333335,z32,z22,toy-0009287,,,False,15.220885814727064,0.0,14.425885814727064,0.35,2.3,0
51,trip,3865,3873.8333333333335,z20,z21,toy-0009270,,,False,39.80053192853787,0.0,39.00553192853787,0.35,2.3,0
6,trip,3865,3880.3333333333335,z10,z12,toy-0009273,,,False,40.804953822450116,0.0,39.424953822450114,2.3,2.3,0
28,trip,3865,3877.0089706448603,z31,z20,toy-0009276,,,False,47.1000000000003,0.0,46.01919264196287,0.35,3.2526911934581184,0
32,trip,3865,3889.809854494165,z32,z10,toy-0009282,,,False,33.265696413864205,0.0,31.032809509389352,2.3,5.142956348249516,0
1,trip,3865,3881.5,z30,z32,toy-0009272,,,False,31.29382298994242,0.0,29.80882298994242,0.35,4.6,0
29,trip,3865,3889.809854494165,z30,z12,toy-0009278,,,False,47.89500000000016,0.0,45.66211309552531,2.3,5.142956348249516,0
42,trip,3865,3883.5089706448603,z21,z31,toy-0009284,,,False,42.749999999999964,0.0,41.08419264196253,2.3,3.2526911934581184,0
56,trip,3865,3873.8333333333335,z32,z31,toy-0009285,,,False,39.80561220270424,0.0,39.01061220270424,0.35,2.3,0
76,trip,3865,3889.809854494165,z10,z12,toy-0009271,,,False,40.18419264196297,0.0,37.95130573748812,2.3,5.142956348249516,0
68,trip,3865,3889.1666666666665,z32,z02,toy-0009286,,,False,46.24711309552517,0.0,44.072113095525175,0.35,6.8999999999999995,0
88,trip,3865,3888.0,z02,z21,toy-0009283,,,False,41.72969102141298,0.0,39.65969102141298,4.6,2.3,0
7,trip,3865,3898.8423039781937,z01,z22,toy-0009279,,,False,13.866342165655995,0.0,10.82053480761856,6.8999999999999995,3.2526911934581184,0
58,trip,3865,3891.175637311527,z01,z10,toy-0009274,,,False,32.55633928657593,0.0,30.200531928538492,4.6,3.2526911934581184,0
18,trip,3865,3904.577462061291,z00,z11,toy-0009277,,,False,36.45952122128272,0.0,32.89754963576654,7.273238618387272,4.6,0
89,trip,3865,3880.3333333333335,z02,z02,toy-0009280,,,False,43.33499999999988,0.0,41.95499999999988,2.3,2.3,0
40,trip,3870,3878.8333333333335,z21,z31,toy-0009294,,,False,38.455963209813014,0.0,37.66096320981301,0.35,2.3,0
47,trip,3870,3886.5,z21,z01,toy-0009292,,,False,40.998047452806844,0.0,39.513047452806845,0.35,4.6,0
8,trip,3870,3888.309854494165,z11,z32,toy-0009291,,,False,25.551683373437797,0.0,23.90379646896294,0.35,5.142956348249516,0
25,trip,3870,3878.8333333333335,z11,z10,toy-0009290,,,False,42.56919264196228,0.0,41.77419264196228,0.35,2.3,0
86,trip,3870,3886.5,z00,z20,toy-0009288,,,False,45.302169619929636,0.0,43.817169619929636,0.35,4.6,0
9,trip,3870,3878.8333333333335,z31,z32,toy-0009296,,,False,43.15419264196247,0.0,42.359192641962466,0.35,2.3,0
38,trip,3870,3882.0089706448603,z32,z21,toy-0009303,,,False,41.79211309552523,0.0,40.7113057374878,0.35,3.2526911934581184,0
22,trip,3870,3878.8333333333335,z12,z11,toy-0009298,,,False,44.295498379450315,0.0,43.50049837945031,0.35,2.3,0
23,trip,3870,3882.0089706448603,z12,z21,toy-0009299,,,False,44.924999999999855,0.0,43.84419264196242,0.35,3.2526911934581184,0
15,trip,3870,3878.8333333333335,z31,z21,toy-0009295,,,False,36.78168220766242,0.0,35.98668220766242,0.35,2.3,0
60,trip,3870,3901.910795394624,z22,z01,toy-0009302,,,False,43.9601415100092,0.0,41.088169924493016,2.3,7.273238618387272,0
11,trip,3870,3894.809854494165,z10,z21,toy-0009289,,,False,32.5376497206199,0.0,30.30476281614505,2.3,5.142956348249516,0
19,trip,3870,3885.3333333333335,z20,z11,toy-0009293,,,False,37.91796717864102,0.0,36.53796717864102,2.3,2.3,0
14,trip,3870,3894.809854494165,z02,z20,toy-0009297,,,False,25.22311627916816,0.0,22.990229374693307,2.3,5.142956348249516,0
66,trip,3870,3894.809854494165,z31,z20,toy-0009301,,,False,40.88757792588816,0.0,38.654691021413306,2.3,5.142956348249516,0
49,trip,3870,3893.0,z20,z32,toy-0009300,,,False,45.224192641962794,0.0,43.154192641962794,4.6,2.3,0
39,visit,3870,3885.0,z21,z21,,hub_inner,local,True,28.623917212463137,12.777777777777779,41.19169499024091,0.7,0,7.666666666666668
13,trip,3875,3887.0089706448603,z11,z20,toy-0009308,,,False,45.61500000000004,0.0,44.534192641962605,0.35,3.2526911934581184,0
55,trip,3875,3891.5,z31,z11,toy-0009318,,,False,30.752302496388793,0.0,29.267302496388794,0.35,4.6,0
56,trip,3875,3887.0089706448603,z31,z20,toy-0009315,,,False,39.010612202704266,0.0,37.92980484466683,0.35,3.2526911934581184,0
87,trip,3875,3893.309854494165,z31,z12,toy-0009320,,,False,44.375995593124706,0.0,42.728108688649854,0.35,5.142956348249516,0
27,trip,3875,3890.3333333333335,z10,z01,toy-0009310,,,False,20.650345406755026,0.0,19.270345406755027,2.3,2.3,0
16,trip,3875,3893.5089706448603,z22,z30,toy-0009311,,,False,37.839334151971386,0.0,36.17352679393395,2.3,3.2526911934581184,0
46,trip,3875,3906.910795394624,z32,z02,toy-0009319,,,False,33.53475811958813,0.0,30.66278653407195,2.3,7.273238618387272,0
50,trip,3875,3906.910795394624,z32,z00,toy-0009313,,,False,44.123962771765505,0.0,41.25199118624933,2.3,7.273238618387272,0
31,trip,3875,3898.0,z22,z30,toy-0009326,,,False,14.425885814727092,0.0,12.355885814727092,2.3,4.6,0
67,trip,3875,3890.3333333333335,z30,z30,toy-0009316,,,False,46.41000000000035,0.0,45.03000000000035,2.3,2.3,0
77,trip,3875,3887.0089706448603,z20,z11,toy-0009307,,,False,43.51841883301287,0.0,42.43761147497544,0.35,3.2526911934581184,0
33,trip,3875,3897.851274623054,z22,z00,toy-0009323,,,False,35.48065892778207,0.0,33.424044211707205,0.35,6.505382386916237,0
35,trip,3875,3883.8333333333335,z22,z12,toy-0009325,,,False,44.28211309552482,0.0,43.48711309552482,0.35,2.3,0
12,trip,3875,3891.5,z00,z02,toy-0009304,,,False,40.867221056446525,0.0,39.382221056446525,0.35,4.6,0
69,trip,3875,3891.5,z22,z20,toy-0009324,,,False,45.43419264196224,0.0,43.94919264196224,0.35,4.6,0
78,trip,3875,3890.3333333333335,z22,z31,toy-0009328,,,False,39.32677056785056,0.0,37.94677056785056,2.3,2.3,0
44,trip,3875,3899.809854494165,z12,z32,toy-0009322,,,False,37.638917212463156,0.0,35.4060303079883,5.142956348249516,2.3,0
43,trip,3875,3915.1431878274984,z01,z10,toy-0009314,,,False,42.99130573748747,0.0,39.37841883301262,6.8999999999999995,5.142956348249516,0
48,trip,3875,3898.0,z00,z30,toy-0009306,,,False,39.80894018778025,0.0,37.73894018778025,4.6,2.3,0
2,trip,3875,3915.1431878274984,z02,z11,toy-0009327,,,False,43.94919264196277,0.0,40.33630573748791,6.8999999999999995,5.142956348249516,0
52,trip,3875,3901.175637311527,z01,z32,toy-0009312,,,False,41.553418833012834,0.0,39.197611474975396,4.6,3.2526911934581184,0
63,trip,3875,3902.985491805692,z02,z30,toy-0009309,,,False,34.26472457050044,0.0,31.74603030798815,3.2526911934581184,5.142956348249516,0
64,trip,3875,3910.0864327061513,z02,z22,toy-0009321,,,False,38.42433415197181,0.0,35.2665552084182,7.273238618387272,3.2526911934581184,0
57,visit,3875,3895.3333333333335,z22,z22,,hub_inner,local,False,36.77191207785923,0.0,35.391912077859224,4.6,0,0
65,visit,3875,3890.0,z32,z32,,hub_waterfront,local,True,42.24024947093029,5.86475052906971,47.894999999999996,0.7,0,3.5188503174418257
80,visit,3875,3890.0,z11,z11,,hub_center,local,True,44.581305737488066,3.5236942625119307,47.894999999999996,0.7,0,2.1142165575071585
53,trip,3880,3898.309854494165,z22,z01,toy-0009345,,,False,36.01761147497549,0.0,34.36972457050064,0.35,5.142956348249516,0
15,trip,3880,3888.8333333333335,z21,z22,toy-0009339,,,False,35.98668220766245,0.0,35.191682207662446,0.35,2.3,0
0,trip,3880,3895.3333333333335,z31,z31,toy-0009337,,,False,31.237505227358355,0.0,29.857505227358356,2.3,2.3,0
4,trip,3880,3904.809854494165,z20,z00,toy-0009335,,,False,32.404522387058854,0.0,30.171635482584,2.3,5.142956348249516,0
45,trip,3880,3903.0,z12,z00,toy-0009342,,,False,43.962577925887736,0.0,41.892577925887736,2.3,4.6,0
22,trip,3880,3898.5089706448603,z11,z12,toy-0009338,,,False,43.50049837945034,0.0,41.83469102141291,2.3,3.2526911934581184,0
40,trip,3880,3888.8333333333335,z31,z32,toy-0009341,,,False,37.66096320981304,0.0,36.86596320981304,0.35,2.3,0
41,trip,3880,3898.5089706448603,z11,z01,toy-0009344,,,False,44.74419264196278,0.0,43.07838528392535,2.3,3.2526911934581184,0
25,trip,3880,3895.3333333333335,z10,z21,toy-0009332,,,False,41.77419264196231,0.0,40.394192641962306,2.3,2.3,0
28,trip,3880,3904.809854494165,z20,z22,toy-0009330,,,False,46.019192641962874,0.0,43.78630573748802,2.3,5.142956348249516,0
70,trip,3880,3903.0,z01,z22,toy-0009343,,,False,39.77302841448358,0.0,37.70302841448358,2.3,4.6,0
62,trip,3880,3909.351274623054,z31,z10,toy-0009349,,,False,40.86805725213345,0.0,38.22644253605858,2.3,6.505382386916237,0
37,trip,3880,3901.6846079563875,z00,z02,toy-0009334,,,False,35.78779971006248,0.0,33.83618499398761,3.2526911934581184,3.2526911934581184,0
74,trip,3880,3906.175637311527,z20,z11,toy-0009346,,,False,43.25919264196272,0.0,40.90338528392528,4.6,3.2526911934581184,0
5,trip,3880,3895.3333333333335,z30,z21,toy-0009340,,,False,43.962577925887494,0.0,42.58257792588749,2.3,2.3,0
72,trip,3880,3907.985491805692,z30,z00,toy-0009331,,,False,42.30130573748739,0.0,39.7826114749751,5.142956348249516,3.2526911934581184,0
83,visit,3880,3895.0,z21,z21,,hub_inner,local,True,38.30727247808081,9.797727521919187,47.894999999999996,0.7,0,5.878636513151512
9,visit,3880,3895.0,z32,z32,,hub_waterfront,local,True,42.359192641962494,5.745807358037504,47.894999999999996,0.7,0,3.447484414822502
85,visit,3880,3900.3333333333335,z22,z22,,hub_waterfront,local,False,45.030000000000065,0.0,43.65000000000006,4.6,0,0
1,trip,3885,3910.410795394624,z32,z01,toy-0009371,,,False,29.80882298994242,0.0,27.52185140442624,0.35,7.273238618387272,0
21,trip,3885,3893.8333333333335,z01,z02,toy-0009358,,,False,37.99555490385521,0.0,37.200554903855206,0.35,2.3,0
82,trip,3885,3893.8333333333335,z02,z12,toy-0009368,,,False,41.73422619105001,0.0,40.93922619105001,0.35,2.3,0
3,trip,3885,3907.851274623054,z10,z32,toy-0009352,,,False,8.577384498740537,0.0,6.520769782665667,0.35,6.505382386916237,0
42,trip,3885,3900.3333333333335,z31,z31,toy-0009373,,,False,41.08419264196253,0.0,39.70419264196253,2.3,2.3,0
23,trip,3885,3903.5089706448603,z21,z31,toy-0009353,,,False,43.84419264196243,0.0,42.178385283924996,2.3,3.2526911934581184,0
84,trip,3885,3913.809226445224,z30,z02,toy-0009356,,,False,41.04422619105022,0.0,38.45139581098007,0.35,8.292767933567175,0
39,trip,3885,3909.809854494165,z21,z32,toy-0009355,,,False,41.191694990240684,0.0,38.95880808576583,2.3,5.142956348249516,0
6,trip,3885,3912.985491805692,z12,z22,toy-0009367,,,False,39.424953822450135,0.0,36.906259559937844,5.142956348249516,3.2526911934581184,0
89,trip,3885,3903.5089706448603,z02,z12,toy-0009359,,,False,41.9549999999999,0.0,40.289192641962465,2.3,3.2526911934581184,0
35,trip,3885,3908.0,z12,z11,toy-0009351,,,False,43.48711309552485,0.0,41.41711309552485,4.6,2.3,0
17,visit,3885,3900.0,z21,z21,,hub_inner,local,True,38.83549837945014,9.269501620549859,47.894999999999996,0.7,0,5.561700972329915
38,visit,3885,3933.6846079563875,z21,z21,,depot_south,central,False,40.711305737487805,0.0,38.759691021412934,6.505382386916237,0,0
19,trip,3890,3902.0089706448603,z11,z22,toy-0009378,,,False,36.53796717864104,0.0,35.45715982060361,0.35,3.2526911934581184,0
8,trip,3890,3913.0,z32,z11,toy-0009384,,,False,23.903796468962955,0.0,21.833796468962955,2.3,4.6,0
68,trip,3890,3908.309854494165,z02,z21,toy-0009386,,,False,44.072113095525175,0.0,42.42422619105032,0.35,5.142956348249516,0
88,trip,3890,3898.8333333333335,z21,z11,toy-0009380,,,False,39.65969102141297,0.0,38.864691021412966,0.35,2.3,0
15,trip,3890,3898.8333333333335,z22,z32,toy-0009388,,,False,35.191682207662474,0.0,34.39668220766247,0.35,2.3,0
13,trip,3890,3908.309854494165,z20,z01,toy-0009377,,,False,44.53419264196261,0.0,42.88630573748776,0.35,5.142956348249516,0
40,trip,3890,3908.309854494165,z32,z11,toy-0009389,,,False,36.86596320981307,0.0,35.218076305338215,0.35,5.142956348249516,0
56,trip,3890,3908.5089706448603,z20,z32,toy-0009382,,,False,37.92980484466684,0.0,36.26399748662941,2.3,3.2526911934581184,0
65,trip,3890,3905.3333333333335,z32,z32,toy-0009385,,,False,47.89499999999993,0.0,46.51499999999993,2.3,2.3,0
71,trip,3890,3914.1666666666665,z32,z02,toy-0009390,,,False,35.26518940086309,0.0,33.090189400863096,0.35,6.8999999999999995,0
26,trip,3890,3913.0,z12,z22,toy-0009392,,,False,30.29327040275765,0.0,28.22327040275765,4.6,2.3,0
32,trip,3890,3925.309226445224,z10,z32,toy-0009374,,,False,31.032809509389356,0.0,27.854979129319204,2.3,8.292767933567175,0
77,trip,3890,3908.5089706448603,z11,z21,toy-0009376,,,False,42.43761147497545,0.0,40.771804116938014,2.3,3.2526911934581184,0
80,trip,3890,3914.809854494165,z11,z02,toy-0009381,,,False,47.89499999999976,0.0,45.66211309552491,2.3,5.142956348249516,0
86,trip,3890,3908.5089706448603,z20,z10,toy-0009379,,,False,43.81716961992963,0.0,42.151362261892196,2.3,3.2526911934581184,0
29,trip,3890,3916.175637311527,z12,z01,toy-0009375,,,False,45.66211309552531,0.0,43.30630573748787,4.6,3.2526911934581184,0
75,trip,3890,3931.387316555456,z12,z00,toy-0009383,,,False,37.489226191050584,0.0,33.76436770105955,5.142956348249516,7.273238618387272,0
76,trip,3890,3914.809854494165,z12,z10,toy-0009387,,,False,37.95130573748812,0.0,35.71841883301327,2.3,5.142956348249516,0
61,visit,3890,3905.0,z32,z32,,hub_waterfront,local,True,30.13357468478838,12.777777777777779,42.701352462566156,0.7,0,7.666666666666668
47,visit,3890,3932.3333333333335,z01,z01,,depot_west,central,False,39.51304745280684,0.0,38.133047452806835,4.6,0,0
9,trip,3895,3911.5,z32,z30,toy-0009413,,,False,47.8950000000002,0.0,46.4100000000002,0.35,4.6,0
11,trip,3895,3911.5,z21,z01,toy-0009400,,,False,30.304762816145054,0.0,28.819762816145055,0.35,4.6,0
49,trip,3895,3907.0089706448603,z32,z21,toy-0009414,,,False,43.15419264196278,0.0,42.07338528392535,0.35,3.2526911934581184,0
78,trip,3895,3913.309854494165,z31,z12,toy-0009406,,,False,37.94677056785058,0.0,36.298883663375726,0.35,5.142956348249516,0
82,trip,3895,3919.809854494165,z12,z30,toy-0009410,,,False,40.93922619105004,0.0,38.70633928657519,2.3,5.142956348249516,0
16,trip,3895,3926.910795394624,z30,z02,toy-0009405,,,False,36.17352679393395,0.0,33.30155520841777,2.3,7.273238618387272,0
87,trip,3895,3913.309854494165,z12,z31,toy-0009409,,,False,42.728108688649854,0.0,41.080221784175,0.35,5.142956348249516,0
83,trip,3895,3903.8333333333335,z21,z31,toy-0009401,,,False,47.8949999999998,0.0,47.099999999999795,0.35,2.3,0
14,trip,3895,3903.8333333333335,z20,z21,toy-0009394,,,False,22.990229374693314,0.0,22.195229374693312,0.35,2.3,0
24,trip,3895,3913.309854494165,z11,z32,toy-0009399,,,False,41.839226191050194,0.0,40.19133928657534,0.35,5.142956348249516,0
55,trip,3895,3921.175637311527,z11,z02,toy-0009412,,,False,29.267302496388794,0.0,26.91149513835136,3.2526911934581184,4.6,0
67,trip,3895,3913.5089706448603,z30,z20,toy-0009403,,,False,45.03000000000037,0.0,43.36419264196294,2.3,3.2526911934581184,0
58,trip,3895,3913.309854494165,z10,z31,toy-0009393,,,False,30.200531928538474,0.0,28.55264502406362,0.35,5.142956348249516,0
12,trip,3895,3921.175637311527,z02,z31,toy-0009411,,,False,39.38222105644652,0.0,37.02641369840908,4.6,3.2526911934581184,0
27,trip,3895,3903.8333333333335,z01,z00,toy-0009396,,,False,19.27034540675505,0.0,18.475345406755054,0.35,2.3,0
79,trip,3895,3910.3333333333335,z00,z11,toy-0009398,,,False,43.48711309552517,0.0,42.107113095525165,2.3,2.3,0
69,trip,3895,3913.5089706448603,z20,z32,toy-0009408,,,False,43.949192641962235,0.0,42.2833852839248,3.2526911934581184,2.3,0
21,visit,3895,3921.6846079563875,z02,z02,,hub_center,local,False,37.200554903855235,0.0,35.24894018778036,6.505382386916237,0,0
66,visit,3895,3937.3333333333335,z20,z20,,depot_south,central,False,38.654691021413306,0.0,37.274691021413304,4.6,0,0
20,visit,3895,3910.0,z21,z21,,hub_inner,local,True,38.85105328330532,9.253946716694678,47.894999999999996,0.7,0,5.552368030016806
5,trip,3900,3912.0089706448603,z21,z30,toy-0009422,,,False,42.58257792588751,0.0,41.50177056785008,0.35,3.2526911934581184,0
31,trip,3900,3908.8333333333335,z30,z31,toy-0009417,,,False,12.355885814727095,0.0,11.560885814727095,0.35,2.3,0
15,trip,3900,3922.851274623054,z32,z10,toy-0009438,,,False,34.3966822076625,0.0,32.34006749158763,0.35,6.505382386916237,0
7,trip,3900,3908.8333333333335,z22,z12,toy-0009437,,,False,10.820534807618563,0.0,10.025534807618563,0.35,2.3,0
22,trip,3900,3908.8333333333335,z12,z22,toy-0009433,,,False,41.83469102141291,0.0,41.03969102141291,0.35,2.3,0
17,trip,3900,3918.5089706448603,z21,z22,toy-0009429,,,False,47.89500000000028,0.0,46.22919264196285,2.3,3.2526911934581184,0
57,trip,3900,3916.5,z22,z20,toy-0009434,,,False,35.391912077859246,0.0,33.906912077859246,0.35,4.6,0
41,trip,3900,3924.1666666666665,z01,z31,toy-0009419,,,False,43.07838528392535,0.0,40.90338528392535,0.35,6.8999999999999995,0
53,trip,3900,3925.410795394624,z01,z30,toy-0009418,,,False,34.36972457050064,0.0,32.08275298498445,0.35,7.273238618387272,0
25,trip,3900,3923.0,z21,z11,toy-0009427,,,False,40.39419264196233,0.0,38.32419264196233,2.3,4.6,0
48,trip,3900,3915.3333333333335,z30,z21,toy-0009428,,,False,37.73894018778024,0.0,36.358940187780235,2.3,2.3,0
88,trip,3900,3918.5089706448603,z11,z21,toy-0009436,,,False,38.864691021412995,0.0,37.19888366337556,3.2526911934581184,2.3,0
73,trip,3900,3923.0,z02,z10,toy-0009432,,,False,35.60191207785912,0.0,33.53191207785912,2.3,4.6,0
33,trip,3900,3927.985491805692,z00,z32,toy-0009423,,,False,33.424044211707205,0.0,30.905349949194914,5.142956348249516,3.2526911934581184,0
54,trip,3900,3924.809854494165,z00,z20,toy-0009421,,,False,37.682419090860286,0.0,35.44953218638543,5.142956348249516,2.3,0
0,visit,3900,3915.0,z31,z31,,hub_core,local,True,29.85750522735838,12.777777777777779,42.42528300513616,0.7,0,7.666666666666668
44,visit,3900,3957.6666666666665,z32,z32,,depot_south,central,False,35.4060303079883,0.0,32.646030307988305,9.2,0,0
51,visit,3900,3915.0,z21,z21,,hub_inner,local,True,39.0055319285379,9.099468071462098,47.894999999999996,0.7,0,5.459680842877259
36,visit,3900,3915.0,z21,z21,,hub_inner,local,True,39.058883663375845,9.046116336624152,47.894999999999996,0.7,0,5.427669801974491
59,visit,3900,3915.0,z00,z00,,depot_west,local,True,40.41852679393386,7.68647320606614,47.894999999999996,0.7,0,4.611883923639684
23,trip,3905,3930.410795394624,z31,z00,toy-0009453,,,False,42.178385283924996,0.0,39.89141369840881,0.35,7.273238618387272,0
10,trip,3905,3917.0089706448603,z21,z12,toy-0009452,,,False,47.309999999999945,0.0,46.22919264196251,0.35,3.2526911934581184,0
52,trip,3905,3930.410795394624,z32,z01,toy-0009463,,,False,39.19761147497537,0.0,36.91063988945918,0.35,7.273238618387272,0
81,trip,3905,3921.5,z10,z12,toy-0009441,,,False,39.12316992449291,0.0,37.638169924492914,0.35,4.6,0
14,trip,3905,3913.8333333333335,z21,z31,toy-0009451,,,False,22.19522937469334,0.0,21.40022937469334,0.35,2.3,0
61,trip,3905,3921.5,z32,z12,toy-0009467,,,False,42.70135246256593,0.0,41.21635246256593,0.35,4.6,0
4,trip,3905,3930.410795394624,z00,z31,toy-0009440,,,False,30.17163548258401,0.0,27.884663897067828,0.35,7.273238618387272,0
19,trip,3905,3929.809854494165,z22,z11,toy-0009464,,,False,35.457159820603614,0.0,33.22427291612876,2.3,5.142956348249516,0
63,trip,3905,3929.809854494165,z30,z12,toy-0009442,,,False,31.746030307988132,0.0,29.513143403513276,2.3,5.142956348249516,0
42,trip,3905,3917.0089706448603,z31,z20,toy-0009454,,,False,39.70419264196255,0.0,38.62338528392512,0.35,3.2526911934581184,0
28,trip,3905,3920.3333333333335,z22,z31,toy-0009466,,,False,43.78630573748802,0.0,42.40630573748802,2.3,2.3,0
83,trip,3905,3920.3333333333335,z31,z20,toy-0009443,,,False,47.099999999999824,0.0,45.71999999999982,2.3,2.3,0
89,trip,3905,3923.309854494165,z12,z00,toy-0009459,,,False,40.289192641962465,0.0,38.64130573748761,0.35,5.142956348249516,0
70,trip,3905,3923.5089706448603,z22,z32,toy-0009457,,,False,37.70302841448357,0.0,36.037221056446135,3.2526911934581184,2.3,0
85,trip,3905,3913.8333333333335,z22,z32,toy-0009461,,,False,43.650000000000084,0.0,42.85500000000008,0.35,2.3,0
18,trip,3905,3920.3333333333335,z11,z11,toy-0009450,,,False,32.89754963576651,0.0,31.51754963576651,2.3,2.3,0
34,trip,3905,3923.5089706448603,z01,z20,toy-0009447,,,False,26.41778653407188,0.0,24.751979176034443,2.3,3.2526911934581184,0
60,trip,3905,3930.410795394624,z01,z32,toy-0009446,,,False,41.088169924493016,0.0,38.80119833897683,0.35,7.273238618387272,0
37,trip,3905,3938.8423039781937,z02,z21,toy-0009465,,,False,33.836184993987594,0.0,30.790377635950158,6.8999999999999995,3.2526911934581184,0
27,trip,3905,3945.1431878274984,z00,z11,toy-0009444,,,False,18.47534540675508,0.0,14.862458502280225,6.8999999999999995,5.142956348249516,0
45,trip,3905,3946.387316555456,z00,z12,toy-0009456,,,False,41.89257792588772,0.0,38.167719435896686,7.273238618387272,5.142956348249516,0
39,trip,3910,3928.309854494165,z32,z20,toy-0009490,,,False,38.95880808576583,0.0,37.31092118129098,0.35,5.142956348249516,0
31,trip,3910,3926.5,z31,z11,toy-0009483,,,False,11.560885814727124,0.0,10.075885814727124,0.35,4.6,0
20,trip,3910,3918.8333333333335,z21,z22,toy-0009478,,,False,47.89499999999971,0.0,47.09999999999971,0.35,2.3,0
49,trip,3910,3933.0,z21,z00,toy-0009470,,,False,42.073385283925354,0.0,40.003385283925354,2.3,4.6,0
62,trip,3910,3934.809854494165,z10,z32,toy-0009473,,,False,38.22644253605857,0.0,35.99355563158372,2.3,5.142956348249516,0
22,trip,3910,3932.851274623054,z22,z00,toy-0009488,,,False,41.039691021412935,0.0,38.98307630533807,0.35,6.505382386916237,0
68,trip,3910,3945.0864327061513,z21,z01,toy-0009474,,,False,42.42422619105032,0.0,39.26644724749671,3.2526911934581184,7.273238618387272,0
56,trip,3910,3925.3333333333335,z32,z30,toy-0009481,,,False,36.26399748662941,0.0,34.883997486629404,2.3,2.3,0
35,trip,3910,3918.8333333333335,z11,z10,toy-0009475,,,False,41.41711309552483,0.0,40.62211309552483,0.35,2.3,0
50,trip,3910,3918.8333333333335,z00,z01,toy-0009469,,,False,41.25199118624932,0.0,40.45699118624932,0.35,2.3,0
86,trip,3910,3928.5089706448603,z10,z11,toy-0009471,,,False,42.151362261892196,0.0,40.48555490385476,2.3,3.2526911934581184,0
7,trip,3910,3926.5,z12,z32,toy-0009487,,,False,10.025534807618591,0.0,8.540534807618592,0.35,4.6,0
65,trip,3910,3928.5089706448603,z32,z31,toy-0009489,,,False,46.51499999999995,0.0,44.84919264196252,2.3,3.2526911934581184,0
40,trip,3910,3942.476521160832,z11,z10,toy-0009479,,,False,35.218076305338215,0.0,32.29518940086336,4.6,5.142956348249516,0
74,trip,3910,3936.175637311527,z11,z20,toy-0009480,,,False,40.90338528392525,0.0,38.547577925887815,4.6,3.2526911934581184,0
13,trip,3910,3942.476521160832,z01,z00,toy-0009476,,,False,42.88630573748776,0.0,39.9634188330129,4.6,5.142956348249516,0
46,trip,3910,3957.2441287279576,z02,z01,toy-0009482,,,False,30.66278653407196,0.0,26.410814948555778,7.273238618387272,6.8999999999999995,0
72,trip,3910,3936.175637311527,z00,z31,toy-0009472,,,False,39.78261147497508,0.0,37.42680411693764,4.6,3.2526911934581184,0
77,visit,3910,3925.0,z21,z21,,hub_inner,local,True,40.771804116938014,7.333195883061982,47.894999999999996,0.7,0,4.3999175298371895
3,visit,3910,3939.2838714637337,z32,z32,,hub_waterfront,,False,6.520769782665678,41.584230217334316,47.89499999999999,0.7,0,24.95053813040059
0,trip,3915,3923.8333333333335,z31,z21,toy-0009504,,,False,42.42528300513593,0.0,41.63028300513593,0.35,2.3,0
24,trip,3915,3939.1666666666665,z32,z02,toy-0009516,,,False,40.19133928657534,0.0,38.016339286575345,0.35,6.8999999999999995,0
79,trip,3915,3933.309854494165,z11,z32,toy-0009497,,,False,42.107113095525186,0.0,40.459226191050334,0.35,5.142956348249516,0
36,trip,3915,3931.5,z21,z01,toy-0009499,,,False,47.89499999999985,0.0,46.40999999999985,0.35,4.6,0
69,trip,3915,3931.5,z32,z30,toy-0009513,,,False,42.2833852839248,0.0,40.7983852839248,0.35,4.6,0
1,trip,3915,3933.5089706448603,z01,z22,toy-0009496,,,False,27.521851404426258,0.0,25.85604404638882,2.3,3.2526911934581184,0
14,trip,3915,3940.410795394624,z31,z00,toy-0009503,,,False,21.400229374693367,0.0,19.113257789177187,0.35,7.273238618387272,0
58,trip,3915,3933.309854494165,z31,z12,toy-0009505,,,False,28.552645024063633,0.0,26.904758119588777,0.35,5.142956348249516,0
85,trip,3915,3933.309854494165,z32,z11,toy-0009514,,,False,42.85500000000011,0.0,41.20711309552526,0.35,5.142956348249516,0
6,trip,3915,3933.309854494165,z22,z10,toy-0009509,,,False,36.90625955993782,0.0,35.25837265546297,0.35,5.142956348249516,0
51,trip,3915,3923.8333333333335,z21,z20,toy-0009498,,,False,47.89500000000014,0.0,47.100000000000136,0.35,2.3,0
67,trip,3915,3931.5,z20,z22,toy-0009492,,,False,43.36419264196294,0.0,41.87919264196294,0.35,4.6,0
64,trip,3915,3923.8333333333335,z22,z21,toy-0009511,,,False,35.266555208418175,0.0,34.471555208418174,0.35,2.3,0
11,trip,3915,3933.309854494165,z01,z22,toy-0009494,,,False,28.819762816145055,0.0,27.1718759116702,0.35,5.142956348249516,0
87,trip,3915,3939.809854494165,z31,z02,toy-0009501,,,False,41.080221784175,0.0,38.84733487970015,2.3,5.142956348249516,0
5,trip,3915,3933.5089706448603,z30,z22,toy-0009506,,,False,41.50177056785009,0.0,39.835963209812654,2.3,3.2526911934581184,0
9,trip,3915,3930.3333333333335,z30,z32,toy-0009507,,,False,46.410000000000196,0.0,45.03000000000019,2.3,2.3,0
78,trip,3915,3952.017941289721,z12,z10,toy-0009512,,,False,36.298883663375726,0.0,32.96726894730085,4.6,6.505382386916237,0
76,trip,3915,3947.526911934581,z10,z21,toy-0009515,,,False,35.71841883301327,0.0,32.79099675890096,6.505382386916237,3.2526911934581184,0
59,trip,3915,3939.809854494165,z00,z31,toy-0009500,,,False,47.89499999999997,0.0,45.662113095525115,5.142956348249516,2.3,0
71,trip,3915,3933.5089706448603,z02,z01,toy-0009495,,,False,33.090189400863096,0.0,31.42438204282566,3.2526911934581184,2.3,0
80,trip,3915,3939.809854494165,z02,z20,toy-0009493,,,False,45.66211309552491,0.0,43.429226191050056,2.3,5.142956348249516,0
84,trip,3915,3945.6666666666665,z02,z22,toy-0009517,,,False,38.45139581098006,0.0,35.69139581098006,6.8999999999999995,2.3,0
8,visit,3915,3930.0,z11,z11,,hub_center,local,True,21.833796468962955,12.777777777777779,34.40157424674073,0.7,0,7.666666666666668
26,visit,3915,3935.3333333333335,z22,z22,,hub_inner,local,False,28.22327040275765,0.0,26.84327040275765,4.6,0,0
29,trip,3920,3938.5089706448603,z01,z11,toy-0009518,,,False,43.30630573748784,0.0,41.640498379450406,2.3,3.2526911934581184,0
88,trip,3920,3932.0089706448603,z21,z12,toy-0009522,,,False,37.19888366337556,0.0,36.11807630533813,0.35,3.2526911934581184,0
82,trip,3920,3943.0,z30,z11,toy-0009526,,,False,38.70633928657519,0.0,36.636339286575186,2.3,4.6,0
17,trip,3920,3943.0,z22,z12,toy-0009535,,,False,46.22919264196285,0.0,44.159192641962846,2.3,4.6,0
20,trip,3920,3932.0089706448603,z22,z11,toy-0009529,,,False,47.09999999999974,0.0,46.019192641962306,0.35,3.2526911934581184,0
10,trip,3920,3944.809854494165,z12,z30,toy-0009528,,,False,46.22919264196252,0.0,43.99630573748767,2.3,5.142956348249516,0
2,trip,3920,3935.3333333333335,z11,z11,toy-0009521,,,False,40.33630573748788,0.0,38.95630573748788,2.3,2.3,0
42,trip,3920,3946.175637311527,z20,z31,toy-0009530,,,False,38.623385283925124,0.0,36.267577925887686,4.6,3.2526911934581184,0
57,trip,3920,3944.809854494165,z20,z31,toy-0009534,,,False,33.90691207785924,0.0,31.674025173384386,5.142956348249516,2.3,0
35,trip,3920,3960.1431878274984,z10,z01,toy-0009525,,,False,40.62211309552486,0.0,37.009226191050004,5.142956348249516,6.8999999999999995,0
43,trip,3920,3936.5,z10,z30,toy-0009519,,,False,39.37841883301259,0.0,37.89341883301259,0.35,4.6,0
48,visit,3920,3968.6846079563875,z21,z21,,depot_south,central,False,36.358940187780256,0.0,34.407325471705384,6.505382386916237,0,0
50,visit,3920,3940.3333333333335,z01,z01,,depot_west,local,False,40.45699118624935,0.0,39.076991186249344,4.6,0,0
0,trip,3925,3948.0,z21,z02,toy-0009555,,,False,41.63028300513596,0.0,39.56028300513596,2.3,4.6,0
61,trip,3925,3947.851274623054,z12,z30,toy-0009552,,,False,41.21635246256592,0.0,39.159737746491054,0.35,6.505382386916237,0
34,trip,3925,3933.8333333333335,z20,z21,toy-0009538,,,False,24.751979176034457,0.0,23.95697917603446,0.35,2.3,0
15,trip,3925,3933.8333333333335,z10,z20,toy-0009536,,,False,32.34006749158763,0.0,31.54506749158763,0.35,2.3,0
12,trip,3925,3933.8333333333335,z31,z32,toy-0009549,,,False,37.02641369840905,0.0,36.23141369840905,0.35,2.3,0
64,trip,3925,3933.8333333333335,z21,z22,toy-0009542,,,False,34.4715552084182,0.0,33.6765552084182,0.35,2.3,0
28,trip,3925,3933.8333333333335,z31,z30,toy-0009544,,,False,42.40630573748804,0.0,41.61130573748804,0.35,2.3,0
41,trip,3925,3933.8333333333335,z31,z21,toy-0009546,,,False,40.90338528392535,0.0,40.10838528392535,0.35,2.3,0
21,trip,3925,3950.410795394624,z02,z31,toy-0009550,,,False,35.24894018778035,0.0,32.961968602264164,0.35,7.273238618387272,0
77,trip,3925,3937.0089706448603,z21,z32,toy-0009543,,,False,47.8950000000001,0.0,46.81419264196267,0.35,3.2526911934581184,0
70,trip,3925,3943.309854494165,z32,z20,toy-0009557,,,False,36.037221056446135,0.0,34.38933415197128,0.35,5.142956348249516,0
51,trip,3925,3933.8333333333335,z20,z30,toy-0009537,,,False,47.100000000000165,0.0,46.30500000000016,0.35,2.3,0
73,trip,3925,3943.5089706448603,z10,z00,toy-0009539,,,False,33.531912077859104,0.0,31.866104719821667,2.3,3.2526911934581184,0
81,trip,3925,3943.309854494165,z12,z20,toy-0009551,,,False,37.63816992449291,0.0,35.990283020018055,0.35,5.142956348249516,0
54,trip,3925,3951.175637311527,z20,z31,toy-0009540,,,False,35.44953218638543,0.0,33.093724828347995,3.2526911934581184,4.6,0
83,trip,3925,3943.5089706448603,z20,z30,toy-0009541,,,False,45.71999999999984,0.0,44.05419264196241,2.3,3.2526911934581184,0
55,trip,3925,3949.809854494165,z02,z31,toy-0009554,,,False,26.91149513835135,0.0,24.678608233876496,2.3,5.142956348249516,0
89,trip,3925,3964.577462061291,z00,z11,toy-0009545,,,False,38.64130573748761,0.0,35.07933415197143,7.273238618387272,4.6,0
18,visit,3925,3940.0,z11,z11,,hub_center,local,True,31.51754963576653,12.777777777777779,44.08532741354431,0.7,0,7.666666666666668
25,visit,3925,3940.0,z11,z11,,hub_center,local,True,38.32419264196231,9.780807358037684,47.894999999999996,0.7,0,5.8684844148226105
65,trip,3930,3955.410795394624,z31,z00,toy-0009568,,,False,44.84919264196252,0.0,42.56222105644633,0.35,7.273238618387272,0
63,trip,3930,3948.5089706448603,z12,z11,toy-0009575,,,False,29.513143403513286,0.0,27.84733604547585,2.3,3.2526911934581184,0
7,trip,3930,3948.5089706448603,z32,z20,toy-0009570,,,False,8.540534807618593,0.0,6.874727449581158,2.3,3.2526911934581184,0
8,trip,3930,3948.5089706448603,z11,z10,toy-0009565,,,False,34.4015742467405,0.0,32.73576688870307,2.3,3.2526911934581184,0
32,trip,3930,3954.809854494165,z32,z01,toy-0009576,,,False,27.854979129319208,0.0,25.62209222484435,2.3,5.142956348249516,0
19,trip,3930,3954.809854494165,z11,z22,toy-0009559,,,False,33.22427291612876,0.0,30.99138601165391,2.3,5.142956348249516,0
31,trip,3930,3942.0089706448603,z11,z02,toy-0009564,,,False,10.075885814727126,0.0,8.99507845668969,0.35,3.2526911934581184,0
53,trip,3930,3942.0089706448603,z30,z21,toy-0009562,,,False,32.08275298498445,0.0,31.001945626947016,0.35,3.2526911934581184,0
39,trip,3930,3945.3333333333335,z20,z20,toy-0009566,,,False,37.31092118129098,0.0,35.93092118129098,2.3,2.3,0
33,trip,3930,3948.5089706448603,z32,z22,toy-0009573,,,False,30.905349949194903,0.0,29.239542591157466,2.3,3.2526911934581184,0
56,trip,3930,3945.3333333333335,z30,z32,toy-0009574,,,False,34.883997486629426,0.0,33.50399748662942,2.3,2.3,0
86,trip,3930,3964.286375654997,z11,z11,toy-0009579,,,False,40.48555490385476,0.0,37.39978109490505,5.142956348249516,5.142956348249516,0
16,visit,3930,3956.6846079563875,z02,z02,,hub_center,local,False,33.30155520841777,0.0,31.349940492342895,6.505382386916237,0,0
1,trip,3935,3943.8333333333335,z22,z32,toy-0009603,,,False,25.856044046388835,0.0,25.061044046388837,0.35,2.3,0
4,trip,3935,3960.410795394624,z31,z02,toy-0009594,,,False,27.884663897067846,0.0,25.597692311551665,0.35,7.273238618387272,0
9,trip,3935,3959.1666666666665,z32,z02,toy-0009604,,,False,45.030000000000214,0.0,42.85500000000022,0.35,6.8999999999999995,0
5,trip,3935,3947.0089706448603,z22,z31,toy-0009602,,,False,39.835963209812654,0.0,38.75515585177522,0.35,3.2526911934581184,0
11,trip,3935,3951.5,z22,z20,toy-0009600,,,False,27.171875911670213,0.0,25.686875911670214,0.35,4.6,0
15,trip,3935,3953.309854494165,z20,z01,toy-0009584,,,False,31.545067491587655,0.0,29.8971805871128,0.35,5.142956348249516,0
28,trip,3935,3959.809854494165,z30,z12,toy-0009595,,,False,41.61130573748807,0.0,39.378418833013214,2.3,5.142956348249516,0
20,trip,3935,3943.8333333333335,z11,z12,toy-0009588,,,False,46.01919264196231,0.0,45.22419264196231,0.35,2.3,0
34,trip,3935,3943.8333333333335,z21,z11,toy-0009590,,,False,23.956979176034483,0.0,23.161979176034485,0.35,2.3,0
38,trip,3935,3958.0,z21,z11,toy-0009592,,,False,38.75969102141292,0.0,36.68969102141292,2.3,4.6,0
41,trip,3935,3953.5089706448603,z21,z22,toy-0009596,,,False,40.10838528392538,0.0,38.442577925887946,2.3,3.2526911934581184,0
51,trip,3935,3950.3333333333335,z30,z21,toy-0009593,,,False,46.30500000000019,0.0,44.92500000000019,2.3,2.3,0
36,trip,3935,3965.6666666666665,z01,z32,toy-0009598,,,False,46.40999999999984,0.0,43.64999999999984,2.3,6.8999999999999995,0
60,trip,3935,3951.5,z32,z12,toy-0009605,,,False,38.80119833897683,0.0,37.31619833897683,0.35,4.6,0
69,trip,3935,3959.809854494165,z30,z32,toy-0009585,,,False,40.798385283924794,0.0,38.56549837944994,2.3,5.142956348249516,0
22,trip,3935,3957.851274623054,z00,z22,toy-0009582,,,False,38.98307630533807,0.0,36.9264615892632,0.35,6.505382386916237,0
23,trip,3935,3959.809854494165,z00,z31,toy-0009583,,,False,39.89141369840881,0.0,37.65852679393396,2.3,5.142956348249516,0
79,trip,3935,3950.3333333333335,z32,z30,toy-0009591,,,False,40.459226191050334,0.0,39.07922619105033,2.3,2.3,0
85,trip,3935,3947.0089706448603,z11,z20,toy-0009587,,,False,41.20711309552526,0.0,40.126305737487826,0.35,3.2526911934581184,0
64,trip,3935,3957.851274623054,z22,z00,toy-0009599,,,False,33.67655520841823,0.0,31.619940492343357,0.35,6.505382386916237,0
67,trip,3935,3959.809854494165,z22,z00,toy-0009589,,,False,41.87919264196293,0.0,39.64630573748808,2.3,5.142956348249516,0
58,trip,3935,3972.017941289721,z12,z32,toy-0009586,,,False,26.90475811958879,0.0,23.57314340351392,6.505382386916237,4.6,0
88,trip,3935,3950.3333333333335,z12,z21,toy-0009601,,,False,36.118076305338136,0.0,34.73807630533813,2.3,2.3,0
47,trip,3935,3965.6666666666665,z01,z32,toy-0009597,,,False,38.133047452806856,0.0,35.37304745280686,6.8999999999999995,2.3,0
6,visit,3935,3955.3333333333335,z10,z10,,depot_west,local,False,35.25837265546297,0.0,33.87837265546297,4.6,0,0
62,visit,3935,3950.0,z32,z32,,hub_waterfront,local,True,35.99355563158372,12.11144436841628,47.894999999999996,0.7,0,7.266866621049768
12,visit,3935,3950.0,z32,z32,,hub_waterfront,local,True,36.23141369840908,11.873586301590917,47.894999999999996,0.7,0,7.124151780954551
49,visit,3935,3950.0,z00,z00,,depot_west,local,True,40.00338528392534,8.101614716074655,47.894999999999996,0.7,0,4.8609688296447935
75,visit,3935,3950.0,z00,z00,,depot_west,,True,33.76436770105952,14.340632298940475,47.894999999999996,0.7,0,8.604379379364286
3,trip,3940,3958.309854494165,z32,z11,toy-0009629,,,False,47.89500000000017,0.0,46.247113095525314,0.35,5.142956348249516,0
66,trip,3940,3948.8333333333335,z20,z10,toy-0009609,,,False,37.274691021413325,0.0,36.47969102141332,0.35,2.3,0
77,trip,3940,3952.0089706448603,z32,z21,toy-0009630,,,False,46.81419264196268,0.0,45.733385283925244,0.35,3.2526911934581184,0
2,trip,3940,3956.5,z11,z31,toy-0009612,,,False,38.9563057374879,0.0,37.4713057374879,0.35,4.6,0
37,trip,3940,3948.8333333333335,z21,z31,toy-0009616,,,False,30.790377635950147,0.0,29.99537763595015,0.35,2.3,0
59,trip,3940,3952.0089706448603,z31,z20,toy-0009622,,,False,45.662113095525115,0.0,44.58130573748768,0.35,3.2526911934581184,0
74,trip,3940,3952.0089706448603,z20,z11,toy-0009610,,,False,38.547577925887786,0.0,37.466770567850354,0.35,3.2526911934581184,0
26,trip,3940,3955.3333333333335,z22,z31,toy-0009631,,,False,26.843270402757675,0.0,25.463270402757676,2.3,2.3,0
18,trip,3940,3963.0,z11,z01,toy-0009615,,,False,44.08532741354408,0.0,42.01532741354408,2.3,4.6,0
72,trip,3940,3964.809854494165,z31,z20,toy-0009627,,,False,37.42680411693761,0.0,35.19391721246276,2.3,5.142956348249516,0
25,trip,3940,3961.6846079563875,z11,z11,toy-0009625,,,False,47.89499999999972,0.0,45.94338528392485,3.2526911934581184,3.2526911934581184,0
29,trip,3940,3958.309854494165,z11,z32,toy-0009614,,,False,41.640498379450406,0.0,39.992611474975554,0.35,5.142956348249516,0
43,trip,3940,3956.5,z30,z10,toy-0009611,,,False,37.89341883301258,0.0,36.40841883301258,0.35,4.6,0
80,trip,3940,3955.3333333333335,z20,z22,toy-0009618,,,False,43.429226191050056,0.0,42.04922619105005,2.3,2.3,0
24,trip,3940,3972.476521160832,z02,z10,toy-0009624,,,False,38.016339286575345,0.0,35.09345238210049,4.6,5.142956348249516,0
87,trip,3940,3970.6666666666665,z02,z22,toy-0009632,,,False,38.84733487970015,0.0,36.08733487970015,6.8999999999999995,2.3,0
52,trip,3940,3964.809854494165,z01,z12,toy-0009606,,,False,36.91063988945918,0.0,34.67775298498433,2.3,5.142956348249516,0
71,trip,3940,3966.175637311527,z01,z12,toy-0009617,,,False,31.42438204282567,0.0,29.068574684788235,4.6,3.2526911934581184,0
1,trip,3945,3953.8333333333335,z32,z31,toy-0009654,,,False,25.06104404638886,0.0,24.266044046388863,0.35,2.3,0
50,trip,3945,3969.1666666666665,z01,z31,toy-0009637,,,False,39.076991186249366,0.0,36.90199118624937,0.35,6.8999999999999995,0
17,trip,3945,3961.5,z12,z32,toy-0009649,,,False,44.15919264196283,0.0,42.67419264196283,0.35,4.6,0
57,trip,3945,3963.309854494165,z31,z12,toy-0009645,,,False,31.674025173384383,0.0,30.026138268909527,0.35,5.142956348249516,0
34,trip,3945,3953.8333333333335,z11,z10,toy-0009638,,,False,23.16197917603451,0.0,22.366979176034512,0.35,2.3,0
70,trip,3945,3963.309854494165,z20,z12,toy-0009634,,,False,34.38933415197128,0.0,32.74144724749643,0.35,5.142956348249516,0
40,trip,3945,3953.8333333333335,z10,z00,toy-0009633,,,False,32.29518940086333,0.0,31.500189400863327,0.35,2.3,0
10,trip,3945,3960.3333333333335,z30,z32,toy-0009647,,,False,43.99630573748767,0.0,42.616305737487664,2.3,2.3,0
53,trip,3945,3963.309854494165,z21,z02,toy-0009640,,,False,31.00194562694703,0.0,29.354058722472175,0.35,5.142956348249516,0
20,trip,3945,3963.5089706448603,z12,z31,toy-0009651,,,False,45.22419264196234,0.0,43.558385283924906,2.3,3.2526911934581184,0
83,trip,3945,3960.3333333333335,z30,z21,toy-0009644,,,False,44.05419264196241,0.0,42.67419264196241,2.3,2.3,0
81,trip,3945,3963.5089706448603,z20,z30,toy-0009639,,,False,35.990283020018055,0.0,34.32447566198062,2.3,3.2526911934581184,0
82,trip,3945,3972.985491805692,z11,z30,toy-0009650,,,False,36.63633928657517,0.0,34.11764502406288,3.2526911934581184,5.142956348249516,0
13,trip,3945,3975.6666666666665,z00,z22,toy-0009635,,,False,39.963418833012874,0.0,37.203418833012876,4.6,4.6,0
14,trip,3945,3974.351274623054,z00,z12,toy-0009652,,,False,19.113257789177204,0.0,16.471643073102335,6.505382386916237,2.3,0
73,trip,3945,3972.985491805692,z00,z01,toy-0009648,,,False,31.866104719821674,0.0,29.347410457309383,5.142956348249516,3.2526911934581184,0
31,visit,3945,3995.673045297196,z02,z02,,hub_center,local,False,8.995078456689704,39.98072890134774,47.02419264196257,6.505382386916237,0,23.98843734080864
33,trip,3950,3958.8333333333335,z22,z32,toy-0009673,,,False,29.23954259115748,0.0,28.44454259115748,0.35,2.3,0
76,trip,3950,3962.0089706448603,z21,z32,toy-0009663,,,False,32.79099675890094,0.0,31.710189400863502,0.35,3.2526911934581184,0
63,trip,3950,3958.8333333333335,z11,z01,toy-0009658,,,False,27.847336045475863,0.0,27.05233604547586,0.35,2.3,0
12,trip,3950,3958.8333333333335,z32,z22,toy-0009678,,,False,47.894999999999825,0.0,47.099999999999824,0.35,2.3,0
5,trip,3950,3965.3333333333335,z31,z31,toy-0009661,,,False,38.75515585177523,0.0,37.375155851775226,2.3,2.3,0
56,trip,3950,3966.5,z32,z12,toy-0009677,,,False,33.503997486629444,0.0,32.018997486629445,0.35,4.6,0
39,trip,3950,3972.851274623054,z20,z02,toy-0009657,,,False,35.930921181291,0.0,33.87430646521613,0.35,6.505382386916237,0
37,trip,3950,3975.410795394624,z31,z02,toy-0009668,,,False,29.995377635950174,0.0,27.708406050433993,0.35,7.273238618387272,0
55,trip,3950,3958.8333333333335,z31,z32,toy-0009670,,,False,24.678608233876503,0.0,23.8836082338765,0.35,2.3,0
61,trip,3950,3973.0,z30,z11,toy-0009666,,,False,39.159737746491054,0.0,37.08973774649105,2.3,4.6,0
62,trip,3950,3965.3333333333335,z32,z21,toy-0009667,,,False,47.895,0.0,46.515,2.3,2.3,0
85,trip,3950,3958.8333333333335,z20,z21,toy-0009655,,,False,40.12630573748783,0.0,39.33130573748783,0.35,2.3,0
84,trip,3950,3971.6846079563875,z22,z22,toy-0009669,,,False,35.691395810980055,0.0,33.73978109490518,3.2526911934581184,3.2526911934581184,0
8,trip,3950,3968.5089706448603,z10,z22,toy-0009662,,,False,32.73576688870307,0.0,31.06995953066563,3.2526911934581184,2.3,0
45,trip,3950,3974.809854494165,z12,z30,toy-0009665,,,False,38.16771943589666,0.0,35.934832531421804,5.142956348249516,2.3,0
66,trip,3950,3988.827795783886,z10,z20,toy-0009674,,,False,36.47969102141335,0.0,32.985189400863625,6.505382386916237,5.142956348249516,0
68,trip,3950,3990.1431878274984,z01,z10,toy-0009664,,,False,39.266447247496686,0.0,35.65356034302183,6.8999999999999995,5.142956348249516,0
49,trip,3950,3976.175637311527,z00,z31,toy-0009656,,,False,47.8949999999998,0.0,45.53919264196236,4.6,3.2526911934581184,0
0,trip,3950,3974.809854494165,z02,z20,toy-0009660,,,False,39.56028300513594,0.0,37.32739610066109,5.142956348249516,2.3,0
75,trip,3950,3988.484863756751,z00,z21,toy-0009676,,,False,47.894999999999904,0.0,44.43136226189232,8.292767933567175,3.2526911934581184,0
7,visit,3950,3995.4224968635845,z20,z20,,depot_south,local,False,6.874727449581171,41.815272550418825,47.309999999999995,4.6,0,25.089163530251295
27,visit,3950,3977.2788582319654,z11,z11,,hub_center,local,False,14.862458502280226,33.24254149771976,47.89499999999999,0.7,0,19.94552489863186
42,visit,3950,3965.0,z31,z31,,hub_core,local,True,36.26757792588766,11.83742207411234,47.894999999999996,0.7,0,7.102453244467403
1,trip,3955,3980.410795394624,z31,z00,toy-0009681,,,False,24.26604404638889,0.0,21.979072460872707,0.35,7.273238618387272,0
21,trip,3955,3973.309854494165,z31,z12,toy-0009684,,,False,32.961968602264164,0.0,31.31408169778931,0.35,5.142956348249516,0
51,trip,3955,3963.8333333333335,z21,z11,toy-0009680,,,False,44.92500000000021,0.0,44.13000000000021,0.35,2.3,0
19,trip,3955,3986.910795394624,z22,z01,toy-0009690,,,False,30.991386011653912,0.0,28.11941442613773,2.3,7.273238618387272,0
41,trip,3955,3985.6666666666665,z22,z02,toy-0009693,,,False,38.442577925887946,0.0,35.68257792588795,2.3,6.8999999999999995,0
54,trip,3955,3970.3333333333335,z31,z31,toy-0009692,,,False,33.093724828347966,0.0,31.713724828347967,2.3,2.3,0
77,trip,3955,3973.5089706448603,z21,z20,toy-0009682,,,False,45.73338528392525,0.0,44.06757792588782,2.3,3.2526911934581184,0
74,trip,3955,3963.8333333333335,z11,z21,toy-0009679,,,False,37.46677056785036,0.0,36.67177056785036,0.35,2.3,0
60,trip,3955,3978.0,z12,z20,toy-0009687,,,False,37.316198338976825,0.0,35.246198338976825,2.3,4.6,0
88,trip,3955,3979.809854494165,z21,z01,toy-0009688,,,False,34.738076305338154,0.0,32.5051894008633,2.3,5.142956348249516,0
79,trip,3955,3985.6666666666665,z30,z01,toy-0009683,,,False,39.07922619105035,0.0,36.319226191050355,2.3,6.8999999999999995,0
11,trip,3955,3985.6666666666665,z20,z02,toy-0009689,,,False,25.686875911670214,0.0,22.926875911670216,4.6,4.6,0
59,trip,3955,3973.5089706448603,z20,z32,toy-0009685,,,False,44.58130573748769,0.0,42.915498379450256,3.2526911934581184,2.3,0
32,trip,3955,3976.6846079563875,z01,z21,toy-0009686,,,False,25.622092224844362,0.0,23.67047750876949,3.2526911934581184,3.2526911934581184,0
34,trip,3955,3993.827795783886,z10,z11,toy-0009691,,,False,22.366979176034537,0.0,18.87247755548481,6.505382386916237,5.142956348249516,0
15,visit,3955,3975.3333333333335,z01,z01,,depot_west,local,False,29.897180587112814,0.0,28.517180587112815,4.6,0,0
78,visit,3955,3975.3333333333335,z10,z10,,depot_west,local,False,32.967268947300816,0.0,31.587268947300817,4.6,0,0
40,visit,3955,3970.0,z00,z00,,depot_west,,True,31.500189400863352,16.604810599136652,47.895,0.7,0,9.96288635948199
29,trip,3960,3968.8333333333335,z32,z22,toy-0009720,,,False,39.992611474975554,0.0,39.19761147497555,0.35,2.3,0
28,trip,3960,3976.5,z12,z10,toy-0009713,,,False,39.378418833013214,0.0,37.893418833013214,0.35,4.6,0
6,trip,3960,3984.809854494165,z10,z32,toy-0009696,,,False,33.87837265546299,0.0,31.645485750988136,2.3,5.142956348249516,0
2,trip,3960,3968.8333333333335,z31,z21,toy-0009711,,,False,37.471305737487896,0.0,36.676305737487894,0.35,2.3,0
12,trip,3960,3972.0089706448603,z22,z11,toy-0009716,,,False,47.09999999999985,0.0,46.01919264196242,0.35,3.2526911934581184,0
64,trip,3960,3984.1666666666665,z00,z30,toy-0009694,,,False,31.61994049234336,0.0,29.44494049234336,0.35,6.8999999999999995,0
33,trip,3960,3972.0089706448603,z32,z21,toy-0009719,,,False,28.444542591157507,0.0,27.36373523312007,0.35,3.2526911934581184,0
85,trip,3960,3976.5,z21,z01,toy-0009705,,,False,39.33130573748786,0.0,37.84630573748786,0.35,4.6,0
23,trip,3960,3975.3333333333335,z31,z31,toy-0009697,,,False,37.65852679393396,0.0,36.278526793933956,2.3,2.3,0
22,trip,3960,3975.3333333333335,z22,z31,toy-0009706,,,False,36.9264615892632,0.0,35.546461589263195,2.3,2.3,0
38,trip,3960,3976.5,z11,z31,toy-0009702,,,False,36.689691021412905,0.0,35.204691021412906,0.35,4.6,0
43,trip,3960,3983.0,z10,z00,toy-0009695,,,False,36.408418833012576,0.0,34.338418833012575,2.3,4.6,0
26,trip,3960,3978.5089706448603,z31,z12,toy-0009707,,,False,25.4632704027577,0.0,23.797463044720264,2.3,3.2526911934581184,0
44,trip,3960,3978.5089706448603,z32,z22,toy-0009712,,,False,32.646030307988255,0.0,30.980222949950818,2.3,3.2526911934581184,0
46,trip,3960,3984.809854494165,z01,z30,toy-0009701,,,False,26.410814948555785,0.0,24.17792804408093,2.3,5.142956348249516,0
69,trip,3960,3992.476521160832,z32,z22,toy-0009699,,,False,38.56549837944994,0.0,35.642611474975084,4.6,5.142956348249516,0
80,trip,3960,3978.5089706448603,z22,z30,toy-0009709,,,False,42.049226191050074,0.0,40.38341883301264,3.2526911934581184,2.3,0
63,trip,3960,4000.1431878274984,z01,z10,toy-0009708,,,False,27.05233604547589,0.0,23.439449141001035,6.8999999999999995,5.142956348249516,0
9,trip,3960,3994.286375654997,z02,z00,toy-0009704,,,False,42.85500000000022,0.0,39.76922619105051,5.142956348249516,5.142956348249516,0
16,trip,3960,3991.910795394624,z02,z32,toy-0009700,,,False,31.34994049234289,0.0,28.477968906826707,2.3,7.273238618387272,0
65,trip,3960,3998.827795783886,z00,z10,toy-0009715,,,False,42.56222105644633,0.0,39.067719435896606,6.505382386916237,5.142956348249516,0
67,trip,3960,3999.577462061291,z00,z11,toy-0009710,,,False,39.64630573748808,0.0,36.084334151971895,7.273238618387272,4.6,0
55,visit,3960,4017.6666666666665,z32,z32,,depot_south,central,False,23.88360823387653,0.0,21.12360823387653,9.2,0,0
3,visit,3960,3975.0,z11,z11,,hub_center,local,True,46.247113095525314,1.8578869044746822,47.894999999999996,0.7,0,1.1147321426848094
74,trip,3965,3973.8333333333335,z21,z22,toy-0009727,,,False,36.67177056785039,0.0,35.876770567850386,0.35,2.3,0
20,trip,3965,3990.410795394624,z31,z02,toy-0009732,,,False,43.558385283924906,0.0,41.27141369840872,0.35,7.273238618387272,0
25,trip,3965,3977.0089706448603,z11,z20,toy-0009724,,,False,45.94338528392483,0.0,44.8625779258874,0.35,3.2526911934581184,0
83,trip,3965,3977.0089706448603,z21,z32,toy-0009728,,,False,42.67419264196243,0.0,41.593385283924995,0.35,3.2526911934581184,0
10,trip,3965,3994.351274623054,z32,z00,toy-0009735,,,False,42.616305737487686,0.0,39.974691021412816,2.3,6.505382386916237,0
42,trip,3965,3977.0089706448603,z31,z20,toy-0009729,,,False,47.89500000000034,0.0,46.814192641962904,0.35,3.2526911934581184,0
17,trip,3965,3980.3333333333335,z32,z21,toy-0009731,,,False,42.674192641962826,0.0,41.29419264196282,2.3,2.3,0
76,trip,3965,3973.8333333333335,z32,z31,toy-0009740,,,False,31.710189400863513,0.0,30.91518940086351,0.35,2.3,0
52,trip,3965,3980.3333333333335,z12,z21,toy-0009736,,,False,34.67775298498433,0.0,33.29775298498433,2.3,2.3,0
81,trip,3965,3995.6666666666665,z30,z01,toy-0009730,,,False,34.32447566198062,0.0,31.564475661980623,2.3,6.8999999999999995,0
51,trip,3965,3980.3333333333335,z11,z20,toy-0009726,,,False,44.13000000000024,0.0,42.750000000000234,2.3,2.3,0
86,trip,3965,3977.0089706448603,z11,z22,toy-0009725,,,False,37.39978109490503,0.0,36.3189737368676,0.35,3.2526911934581184,0
57,trip,3965,3997.476521160832,z12,z20,toy-0009739,,,False,30.02613826890954,0.0,27.103251364434687,4.6,5.142956348249516,0
18,trip,3965,3989.809854494165,z01,z21,toy-0009721,,,False,42.015327413544064,0.0,39.78244050906921,2.3,5.142956348249516,0
72,trip,3965,3983.5089706448603,z20,z32,toy-0009734,,,False,35.19391721246276,0.0,33.528109854425324,3.2526911934581184,2.3,0
53,trip,3965,4009.6846079563875,z02,z10,toy-0009738,,,False,29.35405872247219,0.0,25.332444006397317,6.8999999999999995,6.505382386916237,0
35,trip,3965,3973.8333333333335,z01,z11,toy-0009722,,,False,37.009226191049976,0.0,36.214226191049974,0.35,2.3,0
4,visit,3965,4000.6666666666665,z02,z02,,depot_west,local,False,25.597692311551683,0.0,22.837692311551685,9.2,0,0
70,visit,3965,3991.6846079563875,z12,z12,,hub_inner,local,False,32.74144724749643,0.0,30.78983253142156,6.505382386916237,0,0
50,trip,3970,3982.0089706448603,z31,z22,toy-0009754,,,False,36.90199118624937,0.0,35.821183828211936,0.35,3.2526911934581184,0
2,trip,3970,3988.5089706448603,z21,z00,toy-0009745,,,False,36.67630573748792,0.0,35.01049837945049,2.3,3.2526911934581184,0
8,trip,3970,3978.8333333333335,z22,z12,toy-0009758,,,False,31.069959530665646,0.0,30.274959530665647,0.35,2.3,0
48,trip,3970,3982.0089706448603,z21,z30,toy-0009748,,,False,34.40732547170537,0.0,33.32651811366794,0.35,3.2526911934581184,0
36,trip,3970,3988.309854494165,z32,z11,toy-0009760,,,False,43.649999999999835,0.0,42.00211309552498,0.35,5.142956348249516,0
56,trip,3970,3999.351274623054,z12,z20,toy-0009756,,,False,32.01899748662944,0.0,29.37738277055457,2.3,6.505382386916237,0
40,trip,3970,3993.0,z00,z12,toy-0009742,,,False,47.89500000000025,0.0,45.82500000000025,2.3,4.6,0
62,trip,3970,3985.3333333333335,z21,z30,toy-0009743,,,False,46.51500000000002,0.0,45.13500000000002,2.3,2.3,0
29,trip,3970,3997.985491805692,z22,z12,toy-0009744,,,False,39.19761147497558,0.0,36.67891721246329,5.142956348249516,3.2526911934581184,0
47,trip,3970,4001.910795394624,z32,z00,toy-0009751,,,False,35.37304745280685,0.0,32.501075867290666,2.3,7.273238618387272,0
71,visit,3970,3996.6846079563875,z12,z12,,hub_inner,local,False,29.06857468478822,0.0,27.11695996871335,6.505382386916237,0,0
5,visit,3970,3985.0,z31,z31,,hub_core,local,True,37.37515585177525,10.72984414822475,47.894999999999996,0.7,0,6.43790648893485
76,trip,3975,3983.8333333333335,z31,z32,toy-0009775,,,False,30.91518940086354,0.0,30.120189400863538,0.35,2.3,0
45,trip,3975,3990.3333333333335,z30,z21,toy-0009773,,,False,35.934832531421804,0.0,34.5548325314218,2.3,2.3,0
24,trip,3975,3997.851274623054,z10,z32,toy-0009765,,,False,35.09345238210046,0.0,33.03683766602559,0.35,6.505382386916237,0
0,trip,3975,3999.809854494165,z20,z31,toy-0009763,,,False,37.32739610066109,0.0,35.09450919618624,2.3,5.142956348249516,0
77,trip,3975,3987.0089706448603,z20,z31,toy-0009767,,,False,44.06757792588782,0.0,42.986770567850385,0.35,3.2526911934581184,0
3,trip,3975,3987.0089706448603,z11,z02,toy-0009769,,,False,47.89499999999986,0.0,46.81419264196243,0.35,3.2526911934581184,0
12,trip,3975,3996.6846079563875,z11,z11,toy-0009766,,,False,46.01919264196243,0.0,44.067577925887555,3.2526911934581184,3.2526911934581184,0
35,trip,3975,4001.175637311527,z11,z22,toy-0009768,,,False,36.21422619105,0.0,33.858418833012564,3.2526911934581184,4.6,0
58,trip,3975,3993.5089706448603,z32,z20,toy-0009771,,,False,23.573143403513907,0.0,21.90733604547647,2.3,3.2526911934581184,0
59,trip,3975,3993.5089706448603,z32,z22,toy-0009774,,,False,42.915498379450256,0.0,41.24969102141282,2.3,3.2526911934581184,0
61,trip,3975,3990.3333333333335,z11,z31,toy-0009770,,,False,37.08973774649104,0.0,35.70973774649104,2.3,2.3,0
84,trip,3975,4006.910795394624,z22,z01,toy-0009779,,,False,33.73978109490517,0.0,30.867809509388987,2.3,7.273238618387272,0
87,trip,3975,3987.0089706448603,z22,z31,toy-0009778,,,False,36.087334879700144,0.0,35.00652752166271,0.35,3.2526911934581184,0
14,trip,3975,3999.809854494165,z12,z30,toy-0009772,,,False,16.471643073102346,0.0,14.238756168627491,5.142956348249516,2.3,0
73,trip,3975,4002.985491805692,z01,z02,toy-0009764,,,False,29.347410457309383,0.0,26.828716194797092,3.2526911934581184,5.142956348249516,0
21,trip,3975,3993.309854494165,z12,z20,toy-0009776,,,False,31.314081697789316,0.0,29.66619479331446,0.35,5.142956348249516,0
39,trip,3975,4005.6666666666665,z02,z22,toy-0009781,,,False,33.87430646521613,0.0,31.11430646521613,6.8999999999999995,2.3,0
33,visit,3975,3990.0,z21,z21,,hub_inner,local,True,27.363735233120085,12.777777777777779,39.931513010897866,0.7,0,7.666666666666668
54,visit,3975,3990.0,z31,z31,,hub_core,local,True,31.71372482834799,12.777777777777779,44.28150260612576,0.7,0,7.666666666666668
82,visit,3975,3990.0,z30,z30,,depot_south,local,True,34.11764502406286,12.777777777777779,46.68542280184064,0.7,0,7.666666666666668
89,visit,3975,3990.0,z11,z11,,hub_center,local,True,35.0793341519714,12.777777777777779,47.64711192974918,0.7,0,7.666666666666668
74,visit,3975,4036.286375654997,z22,z22,,depot_south,central,False,35.876770567850414,0.0,32.790996758900704,10.285912696499032,0,0
22,trip,3980,4005.410795394624,z31,z00,toy-0009791,,,False,35.54646158926322,0.0,33.25949000374703,0.35,7.273238618387272,0
8,trip,3980,3998.309854494165,z12,z00,toy-0009797,,,False,30.274959530665672,0.0,28.627072626190817,0.35,5.142956348249516,0
38,trip,3980,3996.5,z31,z11,toy-0009793,,,False,35.2046910214129,0.0,33.7196910214129,0.35,4.6,0
13,trip,3980,3988.8333333333335,z22,z21,toy-0009801,,,False,37.203418833012826,0.0,36.408418833012824,0.35,2.3,0
44,trip,3980,3998.309854494165,z22,z01,toy-0009799,,,False,30.98022294995083,0.0,29.332336045475973,0.35,5.142956348249516,0
27,trip,3980,3988.8333333333335,z11,z21,toy-0009788,,,False,47.89500000000009,0.0,47.10000000000009,0.35,2.3,0
15,trip,3980,4015.309226445224,z01,z32,toy-0009782,,,False,28.51718058711284,0.0,25.33935020704269,2.3,8.292767933567175,0
85,trip,3980,3998.309854494165,z01,z22,toy-0009786,,,False,37.84630573748785,0.0,36.198418833013,0.35,5.142956348249516,0
26,trip,3980,3995.3333333333335,z12,z10,toy-0009787,,,False,23.797463044720278,0.0,22.41746304472028,2.3,2.3,0
86,trip,3980,3992.0089706448603,z22,z11,toy-0009800,,,False,36.318973736867605,0.0,35.23816637883017,0.35,3.2526911934581184,0
83,trip,3980,4002.851274623054,z32,z10,toy-0009803,,,False,41.593385283925,0.0,39.536770567850134,0.35,6.505382386916237,0
49,trip,3980,4010.6666666666665,z31,z02,toy-0009805,,,False,45.53919264196233,0.0,42.77919264196233,2.3,6.8999999999999995,0
25,trip,3980,3988.8333333333335,z20,z10,toy-0009783,,,False,44.86257792588741,0.0,44.067577925887406,0.35,2.3,0
42,trip,3980,3998.309854494165,z20,z01,toy-0009784,,,False,46.81419264196291,0.0,45.16630573748806,0.35,5.142956348249516,0
32,trip,3980,3995.3333333333335,z21,z32,toy-0009802,,,False,23.67047750876949,0.0,22.29047750876949,2.3,2.3,0
80,trip,3980,3995.3333333333335,z30,z21,toy-0009794,,,False,40.38341883301264,0.0,39.00341883301264,2.3,2.3,0
60,trip,3980,4013.8423039781937,z20,z01,toy-0009792,,,False,35.24619833897681,0.0,32.200390980939375,3.2526911934581184,6.8999999999999995,0
28,trip,3980,4018.827795783886,z10,z20,toy-0009804,,,False,37.89341883301321,0.0,34.39891721246348,6.505382386916237,5.142956348249516,0
78,trip,3980,4021.387316555456,z10,z02,toy-0009795,,,False,31.58726894730084,0.0,27.862410457309803,5.142956348249516,7.273238618387272,0
88,trip,3980,4006.175637311527,z01,z32,toy-0009790,,,False,32.5051894008633,0.0,30.149382042825867,4.6,3.2526911934581184,0
37,visit,3980,4006.6846079563875,z02,z02,,hub_center,local,False,27.70840605043401,0.0,25.75679133435914,6.505382386916237,0,0
23,visit,3980,3995.0,z31,z31,,hub_core,local,True,36.27852679393398,11.82647320606602,47.894999999999996,0.7,0,7.095883923639612
5,trip,3985,3997.0089706448603,z31,z20,toy-0009819,,,False,47.895000000000124,0.0,46.81419264196269,0.35,3.2526911934581184,0
50,trip,3985,4008.0,z22,z32,toy-0009824,,,False,35.82118382821194,0.0,33.75118382821194,2.3,4.6,0
51,trip,3985,4003.309854494165,z20,z12,toy-0009809,,,False,42.750000000000256,0.0,41.102113095525404,0.35,5.142956348249516,0
17,trip,3985,3993.8333333333335,z21,z31,toy-0009816,,,False,41.294192641962844,0.0,40.49919264196284,0.35,2.3,0
43,trip,3985,4012.985491805692,z00,z32,toy-0009812,,,False,34.33841883301256,0.0,31.81972457050027,3.2526911934581184,5.142956348249516,0
6,trip,3985,4017.476521160832,z32,z31,toy-0009811,,,False,31.645485750988133,0.0,28.72259884651328,5.142956348249516,4.6,0
46,trip,3985,4017.476521160832,z30,z22,toy-0009808,,,False,24.17792804408094,0.0,21.255041139606085,4.6,5.142956348249516,0
76,trip,3985,3997.0089706448603,z32,z21,toy-0009827,,,False,30.120189400863566,0.0,29.03938204282613,0.35,3.2526911934581184,0
48,trip,3985,4008.0,z30,z22,toy-0009830,,,False,33.326518113667944,0.0,31.256518113667944,4.6,2.3,0
1,visit,3985,4000.0,z00,z00,,depot_west,local,True,21.979072460872725,12.777777777777779,34.5468502386505,0.7,0,7.666666666666668
64,visit,3985,4000.0,z30,z30,,depot_south,local,True,29.444940492343378,12.777777777777779,42.012718270121155,0.7,0,7.666666666666668
52,visit,3985,4033.6846079563875,z21,z21,,depot_south,central,False,33.29775298498435,0.0,31.346138268909478,6.505382386916237,0,0
72,visit,3985,4000.0,z32,z32,,hub_waterfront,local,True,33.528109854425324,12.777777777777779,46.0958876322031,0.7,0,7.666666666666668
54,trip,3990,4014.1666666666665,z31,z01,toy-0009836,,,False,44.281502606125535,0.0,42.10650260612554,0.35,6.8999999999999995,0
19,trip,3990,4013.0,z01,z20,toy-0009831,,,False,28.119414426137745,0.0,26.049414426137744,2.3,4.6,0
13,trip,3990,3998.8333333333335,z21,z11,toy-0009835,,,False,36.40841883301285,0.0,35.61341883301285,0.35,2.3,0
18,trip,3990,4008.5089706448603,z21,z31,toy-0009843,,,False,39.78244050906921,0.0,38.11663315103178,2.3,3.2526911934581184,0
27,trip,3990,4013.0,z21,z02,toy-0009844,,,False,47.100000000000115,0.0,45.030000000000115,2.3,4.6,0
25,trip,3990,4002.0089706448603,z10,z21,toy-0009832,,,False,44.067577925887434,0.0,42.98677056785,0.35,3.2526911934581184,0
77,trip,3990,4006.5,z31,z11,toy-0009837,,,False,42.98677056785039,0.0,41.50177056785039,0.35,4.6,0
66,trip,3990,4008.309854494165,z20,z32,toy-0009833,,,False,32.985189400863604,0.0,31.337302496388748,0.35,5.142956348249516,0
33,trip,3990,4014.809854494165,z21,z10,toy-0009842,,,False,39.93151301089763,0.0,37.69862610642278,2.3,5.142956348249516,0
87,trip,3990,3998.8333333333335,z31,z21,toy-0009838,,,False,35.00652752166272,0.0,34.21152752166272,0.35,2.3,0
62,trip,3990,4008.5089706448603,z30,z22,toy-0009840,,,False,45.13500000000004,0.0,43.46919264196261,2.3,3.2526911934581184,0
75,trip,3990,4016.175637311527,z21,z30,toy-0009845,,,False,44.43136226189228,0.0,42.075554903854844,3.2526911934581184,4.6,0
82,trip,3990,4014.809854494165,z30,z12,toy-0009839,,,False,46.6854228018404,0.0,44.45253589736555,2.3,5.142956348249516,0
79,trip,3990,4008.309854494165,z01,z20,toy-0009834,,,False,36.31922619105035,0.0,34.671339286575495,0.35,5.142956348249516,0
36,trip,3990,4013.0,z11,z32,toy-0009841,,,False,42.00211309552498,0.0,39.93211309552498,4.6,2.3,0
2,visit,3990,4005.0,z00,z00,,depot_west,local,True,35.01049837945049,12.777777777777779,47.57827615722827,0.7,0,7.666666666666668
59,trip,3995,4003.8333333333335,z22,z32,toy-0009864,,,False,41.24969102141282,0.0,40.45469102141282,0.35,2.3,0
17,trip,3995,4020.410795394624,z31,z00,toy-0009856,,,False,40.49919264196287,0.0,38.21222105644669,0.35,7.273238618387272,0
16,trip,3995,4020.410795394624,z32,z01,toy-0009866,,,False,28.47796890682672,0.0,26.19099732131054,0.35,7.273238618387272,0
23,trip,3995,4011.5,z31,z11,toy-0009859,,,False,47.89499999999996,0.0,46.40999999999996,0.35,4.6,0
61,trip,3995,4020.410795394624,z31,z02,toy-0009861,,,False,35.70973774649106,0.0,33.422766160974874,0.35,7.273238618387272,0
69,trip,3995,4010.3333333333335,z22,z31,toy-0009869,,,False,35.642611474975055,0.0,34.26261147497505,2.3,2.3,0
40,trip,3995,4010.3333333333335,z12,z12,toy-0009863,,,False,45.82500000000024,0.0,44.445000000000235,2.3,2.3,0
21,trip,3995,4019.809854494165,z20,z11,toy-0009847,,,False,29.666194793314475,0.0,27.43330788883962,2.3,5.142956348249516,0
45,trip,3995,4022.985491805692,z21,z20,toy-0009865,,,False,34.55483253142182,0.0,32.03613826890953,3.2526911934581184,5.142956348249516,0
34,trip,3995,4007.0089706448603,z11,z20,toy-0009849,,,False,18.872477555484807,0.0,17.79167019744737,0.35,3.2526911934581184,0
86,trip,3995,4003.8333333333335,z11,z01,toy-0009850,,,False,35.23816637883018,0.0,34.44316637883018,0.35,2.3,0
58,trip,3995,4013.5089706448603,z20,z30,toy-0009853,,,False,21.907336045476484,0.0,20.241528687439047,2.3,3.2526911934581184,0
89,trip,3995,4010.3333333333335,z11,z31,toy-0009854,,,False,47.647111929748945,0.0,46.26711192974894,2.3,2.3,0
68,trip,3995,4022.985491805692,z10,z20,toy-0009858,,,False,35.6535603430218,0.0,33.13486608050951,5.142956348249516,3.2526911934581184,0
70,trip,3995,4016.6846079563875,z12,z10,toy-0009852,,,False,30.789832531421556,0.0,28.838217815346685,3.2526911934581184,3.2526911934581184,0
3,trip,3995,4016.6846079563875,z02,z22,toy-0009851,,,False,46.814192641962435,0.0,44.862577925887564,3.2526911934581184,3.2526911934581184,0
11,trip,3995,4028.8423039781937,z02,z21,toy-0009868,,,False,22.926875911670187,0.0,19.88106855363275,6.8999999999999995,3.2526911934581184,0
20,trip,3995,4035.1431878274984,z02,z11,toy-0009867,,,False,41.27141369840872,0.0,37.658526793933866,6.8999999999999995,5.142956348249516,0
9,trip,3995,4036.387316555456,z00,z10,toy-0009857,,,False,39.769226191050485,0.0,36.04436770105945,7.273238618387272,5.142956348249516,0
10,trip,3995,4022.985491805692,z00,z32,toy-0009855,,,False,39.97469102141281,0.0,37.45599675890052,5.142956348249516,3.2526911934581184,0
41,trip,3995,4030.309226445224,z02,z20,toy-0009846,,,False,35.68257792588794,0.0,32.504747545817786,8.292767933567175,2.3,0
85,trip,4000,4022.851274623054,z22,z00,toy-0009884,,,False,36.198418833013,0.0,34.14180411693813,0.35,6.505382386916237,0
24,trip,4000,4018.5089706448603,z32,z11,toy-0009886,,,False,33.03683766602559,0.0,31.371030307988153,2.3,3.2526911934581184,0
29,trip,4000,4012.0089706448603,z12,z21,toy-0009883,,,False,36.67891721246327,0.0,35.598109854425836,0.35,3.2526911934581184,0
0,trip,4000,4012.0089706448603,z31,z22,toy-0009880,,,False,35.09450919618624,0.0,34.013701838148805,0.35,3.2526911934581184,0
1,trip,4000,4008.8333333333335,z00,z10,toy-0009870,,,False,34.54685023865027,0.0,33.75185023865027,0.35,2.3,0
32,trip,4000,4016.5,z32,z12,toy-0009889,,,False,22.290477508769516,0.0,20.805477508769517,0.35,4.6,0
72,trip,4000,4022.851274623054,z32,z10,toy-0009888,,,False,46.09588763220287,0.0,44.039272916128,0.35,6.505382386916237,0
14,trip,4000,4015.3333333333335,z30,z32,toy-0009881,,,False,14.238756168627503,0.0,12.858756168627504,2.3,2.3,0
5,trip,4000,4012.0089706448603,z20,z31,toy-0009871,,,False,46.8141926419627,0.0,45.733385283925266,0.35,3.2526911934581184,0
64,trip,4000,4018.5089706448603,z30,z20,toy-0009876,,,False,42.01271827012092,0.0,40.34691091208349,2.3,3.2526911934581184,0
71,trip,4000,4022.851274623054,z12,z30,toy-0009882,,,False,27.11695996871335,0.0,25.060345252638477,0.35,6.505382386916237,0
80,trip,4000,4015.3333333333335,z21,z30,toy-0009877,,,False,39.00341883301266,0.0,37.62341883301266,2.3,2.3,0
7,trip,4000,4024.809854494165,z20,z22,toy-0009890,,,False,47.310000000000244,0.0,45.07711309552539,5.142956348249516,2.3,0
57,trip,4000,4033.8423039781937,z20,z01,toy-0009878,,,False,27.10325136443467,0.0,24.057444006397233,3.2526911934581184,6.8999999999999995,0
12,trip,4000,4026.175637311527,z11,z20,toy-0009885,,,False,44.06757792588754,0.0,41.7117705678501,3.2526911934581184,4.6,0
38,trip,4000,4015.3333333333335,z11,z22,toy-0009875,,,False,33.71969102141289,0.0,32.33969102141289,2.3,2.3,0
67,trip,4000,4015.3333333333335,z11,z20,toy-0009872,,,False,36.084334151971866,0.0,34.704334151971864,2.3,2.3,0
31,trip,4000,4023.0,z02,z21,toy-0009887,,,False,47.02419264196243,0.0,44.95419264196243,4.6,2.3,0
26,trip,4000,4034.286375654997,z10,z12,toy-0009879,,,False,22.417463044720304,0.0,19.331689235770593,5.142956348249516,5.142956348249516,0
65,trip,4000,4027.985491805692,z10,z02,toy-0009873,,,False,39.067719435896585,0.0,36.549025173384294,3.2526911934581184,5.142956348249516,0
42,trip,4000,4026.175637311527,z01,z12,toy-0009874,,,False,45.16630573748806,0.0,42.81049837945062,4.6,3.2526911934581184,0
76,visit,4000,4015.0,z21,z21,,hub_inner,local,True,29.039382042826144,12.777777777777779,41.60715982060392,0.7,0,7.666666666666668
56,visit,4000,4020.3333333333335,z20,z20,,depot_south,local,False,29.37738277055458,0.0,27.99738277055458,4.6,0,0
87,visit,4000,4048.6846079563875,z21,z21,,depot_south,central,False,34.211527521662745,0.0,32.259912805587874,6.505382386916237,0,0
13,visit,4000,4015.0,z11,z11,,hub_center,local,True,35.61341883301288,12.491581166987118,47.894999999999996,0.7,0,7.49494870019227
8,visit,4000,4015.0,z00,z00,,depot_west,,True,28.62707262619083,17.77777777777778,46.19485040396861,0.7,0,10.666666666666668
44,trip,4005,4013.8333333333335,z01,z02,toy-0009899,,,False,29.332336045475987,0.0,28.53733604547599,0.35,2.3,0
25,trip,4005,4029.809854494165,z21,z30,toy-0009900,,,False,42.98677056785001,0.0,40.753883663375156,2.3,5.142956348249516,0
59,trip,4005,4029.809854494165,z32,z10,toy-0009907,,,False,40.45469102141285,0.0,38.221804116937996,2.3,5.142956348249516,0
81,trip,4005,4030.410795394624,z01,z30,toy-0009898,,,False,31.56447566198062,0.0,29.27750407646444,0.35,7.273238618387272,0
35,trip,4005,4031.175637311527,z22,z11,toy-0009908,,,False,33.858418833012536,0.0,31.5026114749751,3.2526911934581184,4.6,0
51,trip,4005,4029.809854494165,z12,z21,toy-0009909,,,False,41.102113095525404,0.0,38.86922619105055,5.142956348249516,2.3,0
63,trip,4005,4013.8333333333335,z10,z11,toy-0009892,,,False,23.439449141001038,0.0,22.64444914100104,0.35,2.3,0
83,trip,4005,4034.351274623054,z10,z02,toy-0009893,,,False,39.536770567850134,0.0,36.895155851775264,2.3,6.505382386916237,0
2,trip,4005,4023.5089706448603,z00,z12,toy-0009903,,,False,47.57827615722803,0.0,45.9124687991906,3.2526911934581184,2.3,0
4,trip,4005,4051.0,z02,z02,toy-0009916,,,False,22.837692311551656,0.0,18.697692311551656,6.8999999999999995,6.8999999999999995,0
47,trip,4005,4031.175637311527,z00,z31,toy-0009902,,,False,32.501075867290666,0.0,30.14526850925323,3.2526911934581184,4.6,0
73,trip,4005,4047.9758931118904,z02,z32,toy-0009896,,,False,26.828716194797092,0.0,22.96088581472694,8.292767933567175,4.6,0
86,visit,4005,4047.3333333333335,z01,z01,,depot_west,central,False,34.443166378830206,0.0,33.0631663788302,4.6,0,0
50,trip,4010,4018.8333333333335,z32,z22,toy-0009934,,,False,33.75118382821193,0.0,32.95618382821193,0.35,2.3,0
66,trip,4010,4028.309854494165,z32,z11,toy-0009933,,,False,31.337302496388755,0.0,29.6894155919139,0.35,5.142956348249516,0
88,trip,4010,4026.5,z32,z30,toy-0009931,,,False,30.14938204282585,0.0,28.66438204282585,0.35,4.6,0
18,trip,4010,4025.3333333333335,z31,z31,toy-0009921,,,False,38.11663315103178,0.0,36.736633151031775,2.3,2.3,0
34,trip,4010,4018.8333333333335,z20,z21,toy-0009918,,,False,17.791670197447385,0.0,16.996670197447386,0.35,2.3,0
39,trip,4010,4045.0864327061513,z22,z02,toy-0009926,,,False,31.11430646521613,0.0,27.956527521662515,3.2526911934581184,7.273238618387272,0
48,trip,4010,4028.5089706448603,z22,z21,toy-0009925,,,False,31.256518113667937,0.0,29.5907107556305,3.2526911934581184,2.3,0
79,trip,4010,4022.0089706448603,z20,z11,toy-0009917,,,False,34.671339286575495,0.0,33.59053192853806,0.35,3.2526911934581184,0
62,trip,4010,4028.309854494165,z22,z01,toy-0009929,,,False,43.46919264196261,0.0,41.821305737487755,0.35,5.142956348249516,0
77,trip,4010,4042.476521160832,z11,z12,toy-0009927,,,False,41.501770567850386,0.0,38.57888366337553,4.6,5.142956348249516,0
1,trip,4010,4034.809854494165,z10,z32,toy-0009919,,,False,33.7518502386503,0.0,31.518963334175446,2.3,5.142956348249516,0
53,trip,4010,4048.827795783886,z10,z20,toy-0009930,,,False,25.33244400639732,0.0,21.837942385847594,6.505382386916237,5.142956348249516,0
37,trip,4010,4057.2441287279576,z02,z01,toy-0009932,,,False,25.75679133435914,0.0,21.50481974884296,6.8999999999999995,7.273238618387272,0
22,trip,4010,4045.0864327061513,z00,z22,toy-0009928,,,False,33.25949000374703,0.0,30.101711060193416,7.273238618387272,3.2526911934581184,0
84,visit,4010,4030.3333333333335,z01,z01,,depot_west,local,False,30.867809509388994,0.0,29.487809509388995,4.6,0,0
0,trip,4015,4023.8333333333335,z22,z32,toy-0009949,,,False,34.01370183814881,0.0,33.21870183814881,0.35,2.3,0
5,trip,4015,4023.8333333333335,z31,z32,toy-0009943,,,False,45.73338528392527,0.0,44.93838528392527,0.35,2.3,0
29,trip,4015,4039.809854494165,z21,z10,toy-0009946,,,False,35.59810985442584,0.0,33.36522294995099,2.3,5.142956348249516,0
36,trip,4015,4037.851274623054,z32,z10,toy-0009950,,,False,39.93211309552497,0.0,37.8754983794501,0.35,6.505382386916237,0
33,trip,4015,4039.809854494165,z10,z32,toy-0009936,,,False,37.69862610642278,0.0,35.465739201947926,2.3,5.142956348249516,0
76,trip,4015,4038.0,z21,z00,toy-0009935,,,False,41.60715982060369,0.0,39.53715982060369,2.3,4.6,0
13,trip,4015,4033.5089706448603,z11,z10,toy-0009938,,,False,47.89499999999999,0.0,46.229192641962555,2.3,3.2526911934581184,0
69,trip,4015,4027.0089706448603,z31,z22,toy-0009942,,,False,34.262611474975074,0.0,33.18180411693764,0.35,3.2526911934581184,0
89,trip,4015,4039.1666666666665,z31,z01,toy-0009940,,,False,46.267111929748964,0.0,44.09211192974897,0.35,6.8999999999999995,0
43,trip,4015,4038.0,z32,z11,toy-0009941,,,False,31.819724570500252,0.0,29.749724570500252,2.3,4.6,0
27,trip,4015,4031.5,z02,z22,toy-0009944,,,False,45.0300000000001,0.0,43.5450000000001,0.35,4.6,0
40,trip,4015,4030.3333333333335,z12,z21,toy-0009947,,,False,44.445000000000256,0.0,43.06500000000025,2.3,2.3,0
82,trip,4015,4033.5089706448603,z12,z31,toy-0009948,,,False,44.45253589736555,0.0,42.78672853932812,2.3,3.2526911934581184,0
23,trip,4015,4039.809854494165,z11,z31,toy-0009951,,,False,46.409999999999954,0.0,44.1771130955251,5.142956348249516,2.3,0
63,trip,4015,4030.3333333333335,z11,z22,toy-0009939,,,False,22.644449141001065,0.0,21.264449141001066,2.3,2.3,0
44,trip,4015,4033.5089706448603,z02,z01,toy-0009945,,,False,28.537336045476014,0.0,26.871528687438577,2.3,3.2526911934581184,0
54,trip,4015,4033.5089706448603,z01,z00,toy-0009937,,,False,42.10650260612554,0.0,40.440695248088105,2.3,3.2526911934581184,0
58,visit,4015,4030.0,z30,z30,,depot_south,local,True,20.24152868743906,12.777777777777779,32.80930646521684,0.7,0,7.666666666666668
19,visit,4015,4035.3333333333335,z20,z20,,hub_inner,local,False,26.049414426137744,0.0,24.669414426137745,4.6,0,0
60,trip,4020,4045.410795394624,z01,z32,toy-0009954,,,False,32.20039098093936,0.0,29.91341939542318,0.35,7.273238618387272,0
6,trip,4020,4038.309854494165,z31,z10,toy-0009961,,,False,28.722598846513264,0.0,27.07471194203841,0.35,5.142956348249516,0
14,trip,4020,4036.5,z32,z12,toy-0009971,,,False,12.858756168627533,0.0,11.373756168627533,0.35,4.6,0
3,trip,4020,4036.5,z22,z20,toy-0009967,,,False,44.86257792588755,0.0,43.37757792588755,0.35,4.6,0
15,trip,4020,4032.0089706448603,z32,z21,toy-0009970,,,False,25.339350207042692,0.0,24.258542849005256,0.35,3.2526911934581184,0
64,trip,4020,4028.8333333333335,z20,z30,toy-0009953,,,False,40.34691091208349,0.0,39.551910912083486,0.35,2.3,0
55,trip,4020,4038.5089706448603,z32,z20,toy-0009962,,,False,21.123608233876503,0.0,19.457800875839066,2.3,3.2526911934581184,0
21,trip,4020,4038.5089706448603,z11,z32,toy-0009960,,,False,27.43330788883963,0.0,25.76750053080219,2.3,3.2526911934581184,0
38,trip,4020,4035.3333333333335,z22,z20,toy-0009957,,,False,32.33969102141291,0.0,30.95969102141291,2.3,2.3,0
70,trip,4020,4038.5089706448603,z10,z22,toy-0009956,,,False,28.838217815346685,0.0,27.172410457309248,2.3,3.2526911934581184,0
46,trip,4020,4038.5089706448603,z22,z30,toy-0009958,,,False,21.255041139606067,0.0,19.58923378156863,2.3,3.2526911934581184,0
8,trip,4020,4044.809854494165,z00,z31,toy-0009952,,,False,46.19485040396838,0.0,43.96196349949353,2.3,5.142956348249516,0
49,trip,4020,4038.309854494165,z02,z21,toy-0009966,,,False,42.779192641962325,0.0,41.13130573748747,0.35,5.142956348249516,0
75,trip,4020,4035.3333333333335,z30,z32,toy-0009965,,,False,42.075554903854815,0.0,40.69555490385481,2.3,2.3,0
50,trip,4020,4032.0089706448603,z22,z11,toy-0009968,,,False,32.956183828211955,0.0,31.87537647017452,0.35,3.2526911934581184,0
80,trip,4020,4035.3333333333335,z30,z21,toy-0009963,,,False,37.62341883301268,0.0,36.243418833012676,2.3,2.3,0
67,trip,4020,4038.5089706448603,z20,z10,toy-0009955,,,False,34.704334151971885,0.0,33.03852679393445,3.2526911934581184,2.3,0
34,visit,4020,4035.0,z21,z21,,hub_inner,local,True,16.99667019744741,12.777777777777779,29.56444797522519,0.7,0,7.666666666666668
32,visit,4020,4040.3333333333335,z12,z12,,hub_center,local,False,20.805477508769517,0.0,19.425477508769518,4.6,0,0
24,visit,4020,4035.0,z11,z11,,hub_center,local,True,31.371030307988164,12.777777777777779,43.93880808576594,0.7,0,7.666666666666668
28,visit,4020,4040.3333333333335,z20,z20,,depot_south,local,False,34.39891721246346,0.0,33.01891721246346,4.6,0,0
2,trip,4025,4033.8333333333335,z12,z11,toy-0009984,,,False,45.9124687991906,0.0,45.1174687991906,0.35,2.3,0
31,trip,4025,4033.8333333333335,z21,z11,toy-0009976,,,False,44.954192641962415,0.0,44.15919264196241,0.35,2.3,0
0,trip,4025,4043.309854494165,z32,z11,toy-0009986,,,False,33.21870183814884,0.0,31.570814933673983,0.35,5.142956348249516,0
7,trip,4025,4048.0,z22,z10,toy-0009983,,,False,45.07711309552539,0.0,43.00711309552539,2.3,4.6,0
5,trip,4025,4033.8333333333335,z32,z22,toy-0009988,,,False,44.9383852839253,0.0,44.1433852839253,0.35,2.3,0
10,trip,4025,4048.0,z32,z11,toy-0009980,,,False,37.4559967589005,0.0,35.3859967589005,2.3,4.6,0
71,trip,4025,4048.0,z30,z31,toy-0009987,,,False,25.06034525263849,0.0,22.99034525263849,4.6,2.3,0
56,trip,4025,4043.309854494165,z20,z01,toy-0009972,,,False,27.997382770554605,0.0,26.34949586607975,0.35,5.142956348249516,0
68,trip,4025,4060.0864327061513,z20,z00,toy-0009978,,,False,33.13486608050949,0.0,29.977087136955873,3.2526911934581184,7.273238618387272,0
72,trip,4025,4066.387316555456,z10,z02,toy-0009981,,,False,44.039272916128,0.0,40.31441442613696,5.142956348249516,7.273238618387272,0
16,trip,4025,4051.175637311527,z01,z12,toy-0009977,,,False,26.190997321310558,0.0,23.835189963273123,4.6,3.2526911934581184,0
17,trip,4025,4060.0864327061513,z00,z22,toy-0009982,,,False,38.21222105644669,0.0,35.05444211289307,7.273238618387272,3.2526911934581184,0
85,trip,4025,4051.175637311527,z00,z31,toy-0009973,,,False,34.14180411693813,0.0,31.785996758900698,4.6,3.2526911934581184,0
61,trip,4025,4051.175637311527,z02,z31,toy-0009975,,,False,33.422766160974874,0.0,31.06695880293744,3.2526911934581184,4.6,0
78,trip,4025,4056.910795394624,z02,z30,toy-0009979,,,False,27.862410457309807,0.0,24.990438871793625,7.273238618387272,2.3,0
45,visit,4025,4045.3333333333335,z20,z20,,depot_south,local,False,32.03613826890951,0.0,30.656138268909512,4.6,0,0
79,visit,4025,4073.6846079563875,z11,z11,,depot_west,central,False,33.59053192853807,0.0,31.6389172124632,6.505382386916237,0,0
12,trip,4030,4048.309854494165,z20,z12,toy-0009991,,,False,41.711770567850074,0.0,40.06388366337522,0.35,5.142956348249516,0
42,trip,4030,4046.5,z12,z32,toy-0010002,,,False,42.81049837945059,0.0,41.32549837945059,0.35,4.6,0
69,trip,4030,4038.8333333333335,z22,z32,toy-0010004,,,False,33.18180411693765,0.0,32.38680411693765,0.35,2.3,0
18,trip,4030,4053.0,z31,z30,toy-0010006,,,False,36.736633151031796,0.0,34.666633151031796,2.3,4.6,0
48,trip,4030,4063.8423039781937,z21,z02,toy-0010007,,,False,29.590710755630518,0.0,26.54490339759308,3.2526911934581184,6.8999999999999995,0
51,trip,4030,4038.8333333333335,z21,z22,toy-0009997,,,False,38.86922619105055,0.0,38.07422619105055,0.35,2.3,0
25,trip,4030,4045.3333333333335,z30,z21,toy-0010000,,,False,40.753883663375156,0.0,39.37388366337515,2.3,2.3,0
59,trip,4030,4052.851274623054,z10,z32,toy-0009989,,,False,38.221804116937996,0.0,36.16518940086313,0.35,6.505382386916237,0
66,trip,4030,4056.175637311527,z11,z02,toy-0010003,,,False,29.689415591913914,0.0,27.33360823387648,3.2526911934581184,4.6,0
58,trip,4030,4045.3333333333335,z30,z32,toy-0010001,,,False,32.80930646521661,0.0,31.42930646521661,2.3,2.3,0
64,trip,4030,4055.410795394624,z30,z01,toy-0009992,,,False,39.551910912083514,0.0,37.26493932656733,0.35,7.273238618387272,0
62,trip,4030,4060.6666666666665,z01,z01,toy-0009996,,,False,41.821305737487755,0.0,39.06130573748776,4.6,4.6,0
65,trip,4030,4080.6425597785574,z02,z00,toy-0010005,,,False,36.54902517338427,0.0,31.991194793314122,6.8999999999999995,8.292767933567175,0
11,visit,4030,4045.0,z21,z21,,hub_inner,local,True,19.881068553632755,12.777777777777779,32.44884633141053,0.7,0,7.666666666666668
88,visit,4030,4059.3333333333335,z30,z30,,depot_south,central,False,28.66438204282585,0.0,28.45438204282585,0.7,0,0
1,trip,4035,4057.851274623054,z32,z10,toy-0010025,,,False,31.518963334175446,0.0,29.462348618100574,0.35,6.505382386916237,0
15,trip,4035,4047.0089706448603,z21,z32,toy-0010013,,,False,24.25854284900527,0.0,23.177735490967834,0.35,3.2526911934581184,0
5,trip,4035,4053.5089706448603,z22,z21,toy-0010027,,,False,44.143385283925326,0.0,42.47757792588789,2.3,3.2526911934581184,0
26,trip,4035,4053.309854494165,z12,z20,toy-0010019,,,False,19.331689235770593,0.0,17.683802331295738,0.35,5.142956348249516,0
2,trip,4035,4043.8333333333335,z11,z21,toy-0010009,,,False,45.117468799190625,0.0,44.322468799190624,0.35,2.3,0
47,trip,4035,4047.0089706448603,z31,z20,toy-0010014,,,False,30.145268509253217,0.0,29.06446115121578,0.35,3.2526911934581184,0
27,trip,4035,4066.910795394624,z22,z01,toy-0010026,,,False,43.545000000000094,0.0,40.67302841448391,2.3,7.273238618387272,0
34,trip,4035,4059.809854494165,z21,z30,toy-0010023,,,False,29.564447975224965,0.0,27.331561070750112,2.3,5.142956348249516,0
82,trip,4035,4050.3333333333335,z31,z31,toy-0010028,,,False,42.78672853932812,0.0,41.406728539328114,2.3,2.3,0
24,trip,4035,4043.8333333333335,z11,z01,toy-0010008,,,False,43.93880808576571,0.0,43.143808085765706,0.35,2.3,0
52,trip,4035,4059.809854494165,z21,z12,toy-0010016,,,False,31.346138268909467,0.0,29.11325136443461,2.3,5.142956348249516,0
31,trip,4035,4056.6846079563875,z11,z31,toy-0010024,,,False,44.15919264196244,0.0,42.20757792588757,3.2526911934581184,3.2526911934581184,0
35,trip,4035,4050.3333333333335,z11,z31,toy-0010011,,,False,31.502611474975076,0.0,30.122611474975077,2.3,2.3,0
50,trip,4035,4059.809854494165,z11,z02,toy-0010012,,,False,31.875376470174526,0.0,29.64248956569967,2.3,5.142956348249516,0
81,trip,4035,4058.0,z30,z11,toy-0010015,,,False,29.277504076464457,0.0,27.207504076464456,2.3,4.6,0
83,trip,4035,4060.410795394624,z02,z31,toy-0010018,,,False,36.89515585177526,0.0,34.60818426625907,0.35,7.273238618387272,0
13,trip,4035,4062.985491805692,z10,z22,toy-0010017,,,False,46.229192641962555,0.0,43.710498379450264,5.142956348249516,3.2526911934581184,0
44,trip,4035,4073.827795783886,z01,z00,toy-0010022,,,False,26.87152868743859,0.0,23.377027066888864,5.142956348249516,6.505382386916237,0
57,trip,4035,4062.985491805692,z01,z31,toy-0010020,,,False,24.057444006397237,0.0,21.538749743884946,3.2526911934581184,5.142956348249516,0
84,trip,4035,4053.5089706448603,z01,z22,toy-0010021,,,False,29.48780950938902,0.0,27.822002151351583,3.2526911934581184,2.3,0
54,trip,4035,4062.985491805692,z00,z32,toy-0010010,,,False,40.440695248088105,0.0,37.922000985575814,3.2526911934581184,5.142956348249516,0
63,visit,4035,4055.3333333333335,z22,z22,,hub_inner,local,False,21.26444914100109,0.0,19.88444914100109,4.6,0,0
41,visit,4035,4055.3333333333335,z20,z20,,depot_south,local,False,32.50474754581777,0.0,31.124747545817772,4.6,0,0
23,trip,4040,4048.8333333333335,z31,z21,toy-0010039,,,False,44.1771130955251,0.0,43.3821130955251,0.35,2.3,0
21,trip,4040,4048.8333333333335,z32,z22,toy-0010044,,,False,25.767500530802206,0.0,24.972500530802208,0.35,2.3,0
3,trip,4040,4056.5,z20,z22,toy-0010032,,,False,43.37757792588754,0.0,41.892577925887544,0.35,4.6,0
19,trip,4040,4048.8333333333335,z20,z21,toy-0010031,,,False,24.66941442613777,0.0,23.87441442613777,0.35,2.3,0
49,trip,4040,4052.0089706448603,z21,z10,toy-0010035,,,False,41.13130573748747,0.0,40.05049837945004,0.35,3.2526911934581184,0
38,trip,4040,4075.309226445224,z20,z02,toy-0010033,,,False,30.959691021412937,0.0,27.781860641342785,2.3,8.292767933567175,0
33,trip,4040,4055.3333333333335,z32,z30,toy-0010038,,,False,35.465739201947926,0.0,34.08573920194792,2.3,2.3,0
80,trip,4040,4058.309854494165,z21,z00,toy-0010034,,,False,36.2434188330127,0.0,34.595531928537845,0.35,5.142956348249516,0
20,trip,4040,4055.3333333333335,z11,z20,toy-0010036,,,False,37.65852679393384,0.0,36.278526793933835,2.3,2.3,0
75,trip,4040,4071.910795394624,z32,z00,toy-0010037,,,False,40.695554903854834,0.0,37.82358331833865,2.3,7.273238618387272,0
55,trip,4040,4058.5089706448603,z20,z32,toy-0010040,,,False,19.45780087583908,0.0,17.791993517801643,3.2526911934581184,2.3,0
70,trip,4040,4063.0,z22,z12,toy-0010043,,,False,27.17241045730926,0.0,25.10241045730926,2.3,4.6,0
76,trip,4040,4062.851274623054,z00,z22,toy-0010030,,,False,39.53715982060368,0.0,37.48054510452881,0.35,6.505382386916237,0
6,trip,4040,4058.5089706448603,z10,z11,toy-0010029,,,False,27.074711942038423,0.0,25.408904584000986,2.3,3.2526911934581184,0
74,trip,4040,4048.8333333333335,z22,z21,toy-0010042,,,False,32.790996758900675,0.0,31.995996758900674,0.35,2.3,0
43,trip,4040,4067.985491805692,z11,z01,toy-0010041,,,False,29.749724570500252,0.0,27.23103030798796,3.2526911934581184,5.142956348249516,0
14,visit,4040,4082.723079632157,z12,z12,,hub_center,local,False,11.373756168627535,37.31624383137246,47.309999999999995,4.6,0,22.389746298823475
46,visit,4040,4055.0,z30,z30,,depot_south,local,True,19.589233781568645,12.777777777777779,32.15701155934642,0.7,0,7.666666666666668
69,visit,4040,4055.0,z32,z32,,hub_waterfront,local,True,32.386804116937675,12.777777777777779,44.95458189471545,0.7,0,7.666666666666668
67,visit,4040,4082.3333333333335,z10,z10,,depot_west,central,False,33.03852679393445,0.0,31.658526793934453,4.6,0,0
29,visit,4040,4060.3333333333335,z10,z10,,depot_west,local,False,33.36522294995099,0.0,31.98522294995099,4.6,0,0
51,visit,4040,4060.3333333333335,z22,z22,,hub_inner,local,False,38.07422619105058,0.0,36.694226191050575,4.6,0,0
2,trip,4045,4063.5089706448603,z21,z11,toy-0010059,,,False,44.32246879919065,0.0,42.65666144115322,2.3,3.2526911934581184,0
8,trip,4045,4057.0089706448603,z31,z22,toy-0010055,,,False,43.96196349949353,0.0,42.881156141456096,0.35,3.2526911934581184,0
11,trip,4045,4076.910795394624,z21,z02,toy-0010054,,,False,32.4488463314103,0.0,29.57687474589412,2.3,7.273238618387272,0
28,trip,4045,4063.5089706448603,z20,z32,toy-0010056,,,False,33.01891721246348,0.0,31.35310985442604,3.2526911934581184,2.3,0
0,trip,4045,4077.476521160832,z11,z10,toy-0010050,,,False,31.57081493367399,0.0,28.647928029199136,4.6,5.142956348249516,0
32,trip,4045,4060.3333333333335,z12,z12,toy-0010060,,,False,19.425477508769543,0.0,18.045477508769544,2.3,2.3,0
77,trip,4045,4069.809854494165,z12,z10,toy-0010058,,,False,38.5788836633755,0.0,36.34599675890065,2.3,5.142956348249516,0
9,trip,4045,4069.809854494165,z10,z21,toy-0010053,,,False,36.04436770105942,0.0,33.81148079658457,5.142956348249516,2.3,0
36,trip,4045,4074.351274623054,z10,z31,toy-0010063,,,False,37.8754983794501,0.0,35.23388366337523,6.505382386916237,2.3,0
24,trip,4045,4063.5089706448603,z01,z00,toy-0010045,,,False,43.143808085765734,0.0,41.4780007277283,3.2526911934581184,2.3,0
56,trip,4045,4072.985491805692,z01,z22,toy-0010047,,,False,26.349495866079764,0.0,23.830801603567473,3.2526911934581184,5.142956348249516,0
89,trip,4045,4053.8333333333335,z01,z11,toy-0010048,,,False,44.09211192974897,0.0,43.297111929748965,0.35,2.3,0
40,visit,4045,4060.0,z21,z21,,hub_inner,local,True,43.065000000000275,5.039999999999722,47.894999999999996,0.7,0,3.023999999999833
19,trip,4050,4058.8333333333335,z21,z31,toy-0010071,,,False,23.874414426137797,0.0,23.079414426137795,0.35,2.3,0
45,trip,4050,4074.809854494165,z20,z22,toy-0010067,,,False,30.656138268909537,0.0,28.423251364434684,2.3,5.142956348249516,0
21,trip,4050,4066.5,z22,z20,toy-0010077,,,False,24.972500530802233,0.0,23.487500530802233,0.35,4.6,0
12,trip,4050,4065.3333333333335,z12,z32,toy-0010079,,,False,40.06388366337522,0.0,38.68388366337522,2.3,2.3,0
7,trip,4050,4066.5,z10,z12,toy-0010064,,,False,43.007113095525376,0.0,41.52211309552538,0.35,4.6,0
10,trip,4050,4068.5089706448603,z11,z21,toy-0010076,,,False,35.38599675890048,0.0,33.72018940086305,2.3,3.2526911934581184,0
47,trip,4050,4062.0089706448603,z20,z11,toy-0010065,,,False,29.064461151215795,0.0,27.98365379317836,0.35,3.2526911934581184,0
15,trip,4050,4062.0089706448603,z32,z21,toy-0010080,,,False,23.177735490967848,0.0,22.09692813293041,0.35,3.2526911934581184,0
23,trip,4050,4062.0089706448603,z21,z12,toy-0010072,,,False,43.38211309552513,0.0,42.301305737487695,0.35,3.2526911934581184,0
25,trip,4050,4062.0089706448603,z21,z30,toy-0010070,,,False,39.373883663375175,0.0,38.29307630533774,0.35,3.2526911934581184,0
74,trip,4050,4065.3333333333335,z21,z12,toy-0010069,,,False,31.9959967589007,0.0,30.6159967589007,2.3,2.3,0
71,trip,4050,4068.309854494165,z31,z12,toy-0010075,,,False,22.99034525263849,0.0,21.342458348163635,0.35,5.142956348249516,0
86,trip,4050,4068.309854494165,z01,z22,toy-0010068,,,False,33.063166378830225,0.0,31.41527947435537,0.35,5.142956348249516,0
42,trip,4050,4073.0,z32,z11,toy-0010074,,,False,41.325498379450586,0.0,39.255498379450586,2.3,4.6,0
58,trip,4050,4068.5089706448603,z32,z31,toy-0010078,,,False,31.42930646521663,0.0,29.763499107179193,2.3,3.2526911934581184,0
87,trip,4050,4058.8333333333335,z21,z22,toy-0010073,,,False,32.25991280558786,0.0,31.464912805587858,0.35,2.3,0
53,trip,4050,4068.309854494165,z20,z32,toy-0010066,,,False,21.83794238584759,0.0,20.190055481372735,0.35,5.142956348249516,0
73,visit,4050,4065.0,z32,z32,,hub_waterfront,local,True,22.960885814726918,12.777777777777779,35.52866359250469,0.7,0,7.666666666666668
60,visit,4050,4065.0,z32,z32,,hub_waterfront,local,True,29.913419395423194,12.777777777777779,42.481197173200975,0.7,0,7.666666666666668
22,visit,4050,4076.6846079563875,z22,z22,,hub_center,local,False,30.101711060193413,0.0,28.15009634411854,6.505382386916237,0,0
26,trip,4055,4067.0089706448603,z20,z31,toy-0010082,,,False,17.68380233129575,0.0,16.602994973258316,0.35,3.2526911934581184,0
89,trip,4055,4073.309854494165,z11,z30,toy-0010084,,,False,43.29711192974899,0.0,41.64922502527414,0.35,5.142956348249516,0
59,trip,4055,4080.410795394624,z32,z01,toy-0010096,,,False,36.16518940086313,0.0,33.87821781534694,0.35,7.273238618387272,0
69,trip,4055,4077.851274623054,z32,z10,toy-0010094,,,False,44.95458189471522,0.0,42.89796717864035,0.35,6.505382386916237,0
4,trip,4055,4085.6666666666665,z02,z31,toy-0010083,,,False,18.697692311551663,0.0,15.937692311551663,2.3,6.8999999999999995,0
61,trip,4055,4063.8333333333335,z31,z21,toy-0010090,,,False,31.066958802937418,0.0,30.27195880293742,0.35,2.3,0
82,trip,4055,4063.8333333333335,z31,z32,toy-0010092,,,False,41.406728539328135,0.0,40.61172853932813,0.35,2.3,0
5,trip,4055,4073.5089706448603,z21,z22,toy-0010091,,,False,42.47757792588789,0.0,40.81177056785046,2.3,3.2526911934581184,0
18,trip,4055,4070.3333333333335,z30,z30,toy-0010089,,,False,34.66663315103178,0.0,33.28663315103178,2.3,2.3,0
16,trip,4055,4078.0,z12,z31,toy-0010085,,,False,23.83518996327311,0.0,21.76518996327311,2.3,4.6,0
84,trip,4055,4070.3333333333335,z22,z22,toy-0010098,,,False,27.8220021513516,0.0,26.442002151351602,2.3,2.3,0
46,trip,4055,4076.6846079563875,z30,z32,toy-0010087,,,False,32.157011559346195,0.0,30.205396843271323,3.2526911934581184,3.2526911934581184,0
49,trip,4055,4104.327167734945,z10,z00,toy-0010093,,,False,40.05049837945005,0.0,35.611053283305026,6.505382386916237,8.292767933567175,0
39,trip,4055,4093.3333333333335,z02,z30,toy-0010095,,,False,27.95652752166252,0.0,24.50652752166252,6.8999999999999995,4.6,0
35,visit,4055,4070.0,z31,z31,,hub_core,local,True,30.122611474975102,12.777777777777779,42.69038925275288,0.7,0,7.666666666666668
85,visit,4055,4070.0,z31,z31,,hub_core,local,True,31.785996758900673,12.777777777777779,44.35377453667845,0.7,0,7.666666666666668
19,trip,4060,4084.1666666666665,z31,z01,toy-0010104,,,False,23.079414426137824,0.0,20.904414426137823,0.35,6.8999999999999995,0
55,trip,4060,4076.5,z32,z12,toy-0010112,,,False,17.79199351780166,0.0,16.30699351780166,0.35,4.6,0
31,trip,4060,4085.410795394624,z31,z00,toy-0010102,,,False,42.207577925887556,0.0,39.92060634037137,0.35,7.273238618387272,0
33,trip,4060,4084.809854494165,z30,z10,toy-0010103,,,False,34.085739201947945,0.0,31.852852297473092,2.3,5.142956348249516,0
34,trip,4060,4083.0,z30,z11,toy-0010105,,,False,27.33156107075012,0.0,25.26156107075012,2.3,4.6,0
3,trip,4060,4075.3333333333335,z22,z31,toy-0010111,,,False,41.89257792588754,0.0,40.512577925887534,2.3,2.3,0
8,trip,4060,4078.5089706448603,z22,z21,toy-0010110,,,False,42.8811561414561,0.0,41.21534878341867,2.3,3.2526911934581184,0
63,trip,4060,4084.809854494165,z22,z11,toy-0010109,,,False,19.884449141001117,0.0,17.65156223652626,2.3,5.142956348249516,0
87,trip,4060,4068.8333333333335,z22,z21,toy-0010107,,,False,31.464912805587883,0.0,30.669912805587884,0.35,2.3,0
78,trip,4060,4076.5,z30,z10,toy-0010100,,,False,24.990438871793643,0.0,23.505438871793643,0.35,4.6,0
40,trip,4060,4076.5,z21,z01,toy-0010101,,,False,47.89500000000012,0.0,46.41000000000012,0.35,4.6,0
88,trip,4060,4084.809854494165,z30,z12,toy-0010106,,,False,28.454382042825877,0.0,26.221495138351024,2.3,5.142956348249516,0
52,trip,4060,4092.476521160832,z12,z20,toy-0010108,,,False,29.11325136443462,0.0,26.190364459959767,4.6,5.142956348249516,0
1,trip,4060,4072.0089706448603,z10,z01,toy-0010099,,,False,29.462348618100588,0.0,28.381541260063152,0.35,3.2526911934581184,0
80,visit,4060,4075.0,z00,z00,,depot_west,local,True,34.595531928537845,12.777777777777779,47.16330970631562,0.7,0,7.666666666666668
6,visit,4060,4075.0,z11,z11,,hub_center,,True,25.408904584001,17.77777777777778,42.97668236177878,0.7,0,10.666666666666668
57,trip,4065,4090.410795394624,z31,z02,toy-0010120,,,False,21.538749743884946,0.0,19.251778158368765,0.35,7.273238618387272,0
15,trip,4065,4080.3333333333335,z21,z32,toy-0010122,,,False,22.096928132930426,0.0,20.716928132930427,2.3,2.3,0
61,trip,4065,4073.8333333333335,z21,z20,toy-0010116,,,False,30.271958802937444,0.0,29.476958802937446,0.35,2.3,0
48,trip,4065,4089.1666666666665,z02,z32,toy-0010123,,,False,26.544903397593085,0.0,24.369903397593085,0.35,6.8999999999999995,0
2,trip,4065,4083.309854494165,z11,z32,toy-0010114,,,False,42.65666144115322,0.0,41.00877453667837,0.35,5.142956348249516,0
13,trip,4065,4080.3333333333335,z22,z31,toy-0010118,,,False,43.71049837945024,0.0,42.33049837945024,2.3,2.3,0
17,trip,4065,4083.5089706448603,z22,z10,toy-0010115,,,False,35.05444211289305,0.0,33.388634754855616,2.3,3.2526911934581184,0
47,trip,4065,4073.8333333333335,z11,z21,toy-0010113,,,False,27.983653793178373,0.0,27.188653793178375,0.35,2.3,0
25,trip,4065,4080.3333333333335,z30,z21,toy-0010119,,,False,38.29307630533775,0.0,36.913076305337746,2.3,2.3,0
20,trip,4065,4080.3333333333335,z20,z11,toy-0010117,,,False,36.27852679393386,0.0,34.898526793933854,2.3,2.3,0
28,trip,4065,4083.5089706448603,z32,z22,toy-0010121,,,False,31.35310985442605,0.0,29.687302496388615,2.3,3.2526911934581184,0
83,visit,4065,4080.0,z31,z31,,hub_core,local,True,34.60818426625907,12.777777777777779,47.17596204403685,0.7,0,7.666666666666668
68,visit,4065,4080.0,z00,z00,,depot_west,,True,29.97708713695587,17.77777777777778,47.544864914733644,0.7,0,10.666666666666668
73,visit,4065,4080.0,z32,z32,,hub_waterfront,,True,35.528663592504465,12.57633640749553,47.894999999999996,0.7,0,7.545801844497318
54,visit,4065,4080.0,z32,z32,,hub_waterfront,,True,37.92200098557579,10.182999014424205,47.894999999999996,0.7,0,6.109799408654522
26,trip,4070,4086.5,z31,z11,toy-0010134,,,False,16.60299497325833,0.0,15.11799497325833,0.35,4.6,0
51,trip,4070,4082.0089706448603,z22,z11,toy-0010137,,,False,36.694226191050596,0.0,35.613418833013164,0.35,3.2526911934581184,0
9,trip,4070,4082.0089706448603,z21,z32,toy-0010131,,,False,33.81148079658457,0.0,32.730673438547136,0.35,3.2526911934581184,0
76,trip,4070,4086.5,z22,z02,toy-0010139,,,False,37.48054510452881,0.0,35.99554510452881,0.35,4.6,0
10,trip,4070,4078.8333333333335,z21,z22,toy-0010130,,,False,33.72018940086305,0.0,32.92518940086305,0.35,2.3,0
86,trip,4070,4078.8333333333335,z22,z32,toy-0010140,,,False,31.415279474355376,0.0,30.620279474355378,0.35,2.3,0
81,trip,4070,4078.8333333333335,z11,z10,toy-0010127,,,False,27.207504076464456,0.0,26.412504076464458,0.35,2.3,0
12,trip,4070,4078.8333333333335,z32,z31,toy-0010141,,,False,38.68388366337524,0.0,37.88888366337524,0.35,2.3,0
27,trip,4070,4082.0089706448603,z01,z12,toy-0010125,,,False,40.67302841448391,0.0,39.592221056446476,0.35,3.2526911934581184,0
7,trip,4070,4088.5089706448603,z12,z00,toy-0010126,,,False,41.52211309552537,0.0,39.856305737487936,2.3,3.2526911934581184,0
35,trip,4070,4094.1666666666665,z31,z01,toy-0010133,,,False,42.690389252752645,0.0,40.51538925275265,0.35,6.8999999999999995,0
23,trip,4070,4088.5089706448603,z12,z20,toy-0010128,,,False,42.3013057374877,0.0,40.63549837945027,2.3,3.2526911934581184,0
32,trip,4070,4099.351274623054,z12,z00,toy-0010136,,,False,18.04547750876957,0.0,15.403862792694698,2.3,6.505382386916237,0
53,trip,4070,4078.8333333333335,z32,z22,toy-0010142,,,False,20.19005548137275,0.0,19.39505548137275,0.35,2.3,0
60,trip,4070,4088.5089706448603,z32,z31,toy-0010138,,,False,42.48119717320074,0.0,40.81538981516331,2.3,3.2526911934581184,0
58,trip,4070,4082.0089706448603,z31,z20,toy-0010132,,,False,29.763499107179207,0.0,28.68269174914177,0.35,3.2526911934581184,0
70,trip,4070,4088.309854494165,z12,z00,toy-0010135,,,False,25.10241045730926,0.0,23.454523552834406,0.35,5.142956348249516,0
87,trip,4070,4088.309854494165,z21,z02,toy-0010129,,,False,30.66991280558791,0.0,29.022025901113054,0.35,5.142956348249516,0
29,trip,4070,4088.309854494165,z10,z31,toy-0010124,,,False,31.98522294995101,0.0,30.337336045476153,0.35,5.142956348249516,0
36,trip,4075,4093.309854494165,z31,z10,toy-0010154,,,False,35.233883663375224,0.0,33.58599675890037,0.35,5.142956348249516,0
24,trip,4075,4093.309854494165,z00,z21,toy-0010144,,,False,41.4780007277283,0.0,39.83011382325345,0.35,5.142956348249516,0
85,trip,4075,4083.8333333333335,z31,z32,toy-0010159,,,False,44.35377453667822,0.0,43.55877453667822,0.35,2.3,0
44,trip,4075,4083.8333333333335,z00,z01,toy-0010143,,,False,23.377027066888864,0.0,22.582027066888863,0.35,2.3,0
21,trip,4075,4097.851274623054,z20,z02,toy-0010148,,,False,23.487500530802233,0.0,21.43088581472736,0.35,6.505382386916237,0
18,trip,4075,4099.809854494165,z30,z12,toy-0010157,,,False,33.2866331510318,0.0,31.053746246556948,2.3,5.142956348249516,0
5,trip,4075,4093.309854494165,z22,z01,toy-0010163,,,False,40.81177056785046,0.0,39.16388366337561,0.35,5.142956348249516,0
47,trip,4075,4087.0089706448603,z21,z12,toy-0010152,,,False,27.1886537931784,0.0,26.107846435140964,0.35,3.2526911934581184,0
82,trip,4075,4093.309854494165,z32,z11,toy-0010165,,,False,40.61172853932816,0.0,38.96384163485331,0.35,5.142956348249516,0
77,trip,4075,4083.8333333333335,z10,z11,toy-0010146,,,False,36.34599675890065,0.0,35.550996758900645,0.35,2.3,0
89,trip,4075,4090.3333333333335,z30,z21,toy-0010156,,,False,41.64922502527414,0.0,40.26922502527414,2.3,2.3,0
41,trip,4075,4096.6846079563875,z20,z22,toy-0010158,,,False,31.124747545817794,0.0,29.173132829742922,3.2526911934581184,3.2526911934581184,0
6,trip,4075,4099.809854494165,z11,z00,toy-0010151,,,False,42.97668236177855,0.0,40.7437954573037,2.3,5.142956348249516,0
45,trip,4075,4093.309854494165,z22,z10,toy-0010160,,,False,28.42325136443469,0.0,26.775364459959835,0.35,5.142956348249516,0
56,trip,4075,4093.309854494165,z22,z30,toy-0010162,,,False,23.830801603567473,0.0,22.182914699092617,0.35,5.142956348249516,0
42,trip,4075,4101.175637311527,z11,z22,toy-0010150,,,False,39.25549837945057,0.0,36.89969102141313,3.2526911934581184,4.6,0
75,trip,4075,4100.410795394624,z00,z31,toy-0010145,,,False,37.82358331833865,0.0,35.536611732822465,0.35,7.273238618387272,0
84,trip,4075,4083.8333333333335,z22,z12,toy-0010164,,,False,26.442002151351627,0.0,25.64700215135163,0.35,2.3,0
79,trip,4075,4093.5089706448603,z11,z21,toy-0010147,,,False,31.638917212463188,0.0,29.97310985442575,3.2526911934581184,2.3,0
71,trip,4075,4099.809854494165,z12,z30,toy-0010155,,,False,21.34245834816365,0.0,19.109571443688793,5.142956348249516,2.3,0
74,trip,4075,4116.387316555456,z12,z00,toy-0010153,,,False,30.615996758900724,0.0,26.89113826890969,5.142956348249516,7.273238618387272,0
80,trip,4075,4107.476521160832,z00,z12,toy-0010149,,,False,47.16330970631539,0.0,44.24042280184053,4.6,5.142956348249516,0
50,trip,4075,4105.666666666667,z02,z20,toy-0010161,,,False,29.64248956569968,0.0,26.88248956569968,4.6,4.6,0
66,trip,4075,4108.842303978194,z02,z21,toy-0010166,,,False,27.33360823387647,0.0,24.287800875839032,6.8999999999999995,3.2526911934581184,0
61,visit,4075,4095.3333333333335,z20,z20,,depot_south,local,False,29.47695880293747,0.0,28.096958802937472,4.6,0,0
46,trip,4080,4108.809226445224,z32,z00,toy-0010182,,,False,30.205396843271323,0.0,27.61256646320117,0.35,8.292767933567175,0
11,trip,4080,4088.8333333333335,z02,z12,toy-0010178,,,False,29.576874745894134,0.0,28.781874745894136,0.35,2.3,0
54,trip,4080,4098.309854494165,z32,z20,toy-0010184,,,False,47.8949999999999,0.0,46.247113095525044,0.35,5.142956348249516,0
8,trip,4080,4098.508970644861,z21,z31,toy-0010172,,,False,41.21534878341867,0.0,39.549541425381236,2.3,3.2526911934581184,0
55,trip,4080,4098.309854494165,z12,z31,toy-0010179,,,False,16.30699351780166,0.0,14.659106613326806,0.35,5.142956348249516,0
69,trip,4080,4103.0,z10,z00,toy-0010168,,,False,42.89796717864035,0.0,40.82796717864035,2.3,4.6,0
73,trip,4080,4105.410795394624,z32,z01,toy-0010186,,,False,47.89500000000018,0.0,45.608028414484,0.35,7.273238618387272,0
78,trip,4080,4104.809854494165,z10,z32,toy-0010173,,,False,23.505438871793643,0.0,21.27255196731879,2.3,5.142956348249516,0
68,trip,4080,4108.809226445224,z00,z32,toy-0010167,,,False,47.54486491473342,0.0,44.95203453466326,0.35,8.292767933567175,0
3,trip,4080,4098.508970644861,z31,z30,toy-0010170,,,False,40.512577925887555,0.0,38.84677056785012,3.2526911934581184,2.3,0
12,trip,4080,4098.508970644861,z31,z10,toy-0010169,,,False,37.88888366337527,0.0,36.223076305337834,3.2526911934581184,2.3,0
16,trip,4080,4107.985491805692,z31,z01,toy-0010171,,,False,21.76518996327311,0.0,19.246495700760818,3.2526911934581184,5.142956348249516,0
1,trip,4080,4098.309854494165,z01,z20,toy-0010174,,,False,28.381541260063166,0.0,26.73365435558831,0.35,5.142956348249516,0
22,trip,4080,4103.0,z22,z32,toy-0010180,,,False,28.15009634411854,0.0,26.08009634411854,2.3,4.6,0
86,trip,4080,4095.3333333333335,z32,z21,toy-0010181,,,False,30.620279474355403,0.0,29.240279474355404,2.3,2.3,0
83,trip,4080,4103.0,z31,z30,toy-0010185,,,False,47.175962044036616,0.0,45.105962044036616,2.3,4.6,0
38,trip,4080,4110.666666666667,z02,z31,toy-0010187,,,False,27.78186064134279,0.0,25.02186064134279,6.8999999999999995,2.3,0
37,trip,4080,4103.0,z01,z31,toy-0010176,,,False,21.504819748842966,0.0,19.434819748842965,4.6,2.3,0
72,trip,4080,4124.6846079563875,z02,z10,toy-0010183,,,False,40.314414426136935,0.0,36.29279971006206,6.8999999999999995,6.505382386916237,0
40,trip,4080,4119.577462061291,z01,z12,toy-0010188,,,False,46.41000000000011,0.0,42.84802841448393,7.273238618387272,4.6,0
43,trip,4080,4113.842303978194,z01,z20,toy-0010177,,,False,27.23103030798796,0.0,24.185222949950525,6.8999999999999995,3.2526911934581184,0
62,trip,4080,4103.0,z01,z31,toy-0010175,,,False,39.06130573748771,0.0,36.99130573748771,2.3,4.6,0
53,visit,4080,4100.333333333333,z22,z22,,hub_inner,local,False,19.395055481372776,0.0,18.015055481372777,4.6,0,0
81,visit,4080,4100.333333333333,z10,z10,,depot_west,local,False,26.412504076464483,0.0,25.032504076464484,4.6,0,0
0,visit,4080,4100.333333333333,z10,z10,,depot_west,local,False,28.647928029199118,0.0,27.26792802919912,4.6,0,0
10,visit,4080,4100.333333333333,z22,z22,,hub_inner,local,False,32.925189400863076,0.0,31.545189400863077,4.6,0,0
13,trip,4085,4093.8333333333335,z31,z32,toy-0010199,,,False,42.33049837945026,0.0,41.53549837945026,0.35,2.3,0
19,trip,4085,4110.410795394624,z01,z32,toy-0010193,,,False,20.90441442613784,0.0,18.61744284062166,0.35,7.273238618387272,0
2,trip,4085,4093.8333333333335,z32,z22,toy-0010201,,,False,41.00877453667837,0.0,40.213774536678365,0.35,2.3,0
34,trip,4085,4097.008970644861,z11,z22,toy-0010194,,,False,25.26156107075012,0.0,24.180753712712683,0.35,3.2526911934581184,0
58,trip,4085,4108.0,z20,z32,toy-0010192,,,False,28.682691749141785,0.0,26.612691749141785,2.3,4.6,0
9,trip,4085,4122.0179412897205,z32,z12,toy-0010191,,,False,32.73067343854714,0.0,29.399058722472272,4.6,6.505382386916237,0
33,trip,4085,4107.851274623054,z10,z32,toy-0010190,,,False,31.85285229747309,0.0,29.796237581398216,0.35,6.505382386916237,0
15,trip,4085,4108.0,z32,z11,toy-0010197,,,False,20.71692813293045,0.0,18.64692813293045,2.3,4.6,0
28,trip,4085,4097.008970644861,z22,z31,toy-0010200,,,False,29.68730249638863,0.0,28.606495138351193,0.35,3.2526911934581184,0
51,trip,4085,4103.508970644861,z11,z30,toy-0010195,,,False,35.61341883301317,0.0,33.94761147497574,2.3,3.2526911934581184,0
65,trip,4085,4101.5,z00,z02,toy-0010189,,,False,31.99119479331408,0.0,30.50619479331408,0.35,4.6,0
63,trip,4085,4103.508970644861,z11,z32,toy-0010196,,,False,17.65156223652627,0.0,15.985754878488835,2.3,3.2526911934581184,0
85,trip,4085,4100.333333333333,z32,z21,toy-0010198,,,False,43.55877453667825,0.0,42.17877453667825,2.3,2.3,0
17,visit,4085,4105.333333333333,z10,z10,,depot_west,local,False,33.388634754855616,0.0,32.00863475485561,4.6,0,0
59,visit,4085,4105.333333333333,z01,z01,,depot_west,local,False,33.87821781534694,0.0,32.49821781534694,4.6,0,0
20,visit,4085,4100.0,z11,z11,,hub_center,local,True,34.898526793933875,12.777777777777779,47.46630457171165,0.7,0,7.666666666666668
77,visit,4085,4100.0,z11,z11,,hub_center,local,True,35.55099675890067,12.554003241099322,47.894999999999996,0.7,0,7.532401944659593
25,visit,4085,4100.0,z21,z21,,hub_inner,local,True,36.91307630533777,11.19192369466223,47.894999999999996,0.7,0,6.7151542167973375
48,trip,4090,4098.833333333333,z32,z31,toy-0010220,,,False,24.369903397593102,0.0,23.574903397593104,0.35,2.3,0
26,trip,4090,4108.309854494165,z11,z32,toy-0010208,,,False,15.117994973258332,0.0,13.470108068783478,0.35,5.142956348249516,0
4,trip,4090,4105.333333333333,z31,z11,toy-0010210,,,False,15.937692311551677,0.0,14.557692311551676,2.3,2.3,0
29,trip,4090,4102.008970644861,z31,z22,toy-0010214,,,False,30.337336045476167,0.0,29.25652868743873,0.35,3.2526911934581184,0
11,trip,4090,4112.851274623054,z12,z30,toy-0010215,,,False,28.78187474589416,0.0,26.72526002981929,0.35,6.505382386916237,0
60,trip,4090,4108.508970644861,z31,z21,toy-0010219,,,False,40.81538981516331,0.0,39.149582457125874,2.3,3.2526911934581184,0
7,trip,4090,4108.309854494165,z00,z12,toy-0010202,,,False,39.856305737487936,0.0,38.208418833013084,0.35,5.142956348249516,0
23,trip,4090,4105.333333333333,z20,z31,toy-0010211,,,False,40.63549837945027,0.0,39.255498379450266,2.3,2.3,0
67,trip,4090,4108.508970644861,z10,z11,toy-0010203,,,False,31.658526793934474,0.0,29.992719435897037,2.3,3.2526911934581184,0
14,trip,4090,4098.833333333333,z12,z11,toy-0010216,,,False,47.309999999999924,0.0,46.51499999999992,0.35,2.3,0
27,trip,4090,4119.351274623054,z12,z31,toy-0010205,,,False,39.59222105644648,0.0,36.950606340371614,6.505382386916237,2.3,0
47,trip,4090,4131.387316555456,z12,z02,toy-0010213,,,False,26.107846435140978,0.0,22.382987945149942,5.142956348249516,7.273238618387272,0
84,trip,4090,4122.526911934581,z12,z21,toy-0010204,,,False,25.647002151351654,0.0,22.719580077239346,6.505382386916237,3.2526911934581184,0
88,trip,4090,4105.333333333333,z12,z32,toy-0010218,,,False,26.22149513835103,0.0,24.841495138351032,2.3,2.3,0
44,trip,4090,4102.008970644861,z01,z10,toy-0010206,,,False,22.58202706688889,0.0,21.501219708851455,0.35,3.2526911934581184,0
64,trip,4090,4113.0,z01,z20,toy-0010209,,,False,37.26493932656733,0.0,35.19493932656733,4.6,2.3,0
76,trip,4090,4105.333333333333,z02,z22,toy-0010217,,,False,35.9955451045288,0.0,34.6155451045288,2.3,2.3,0
31,trip,4090,4114.809854494165,z00,z22,toy-0010212,,,False,39.92060634037137,0.0,37.68771943589652,5.142956348249516,2.3,0
70,trip,4090,4108.508970644861,z00,z01,toy-0010207,,,False,23.45452355283442,0.0,21.788716194796983,3.2526911934581184,2.3,0
13,trip,4095,4119.809854494165,z32,z10,toy-0010228,,,False,41.53549837945029,0.0,39.302611474975436,2.3,5.142956348249516,0
57,trip,4095,4107.008970644861,z02,z11,toy-0010231,,,False,19.251778158368783,0.0,18.170970800331347,0.35,3.2526911934581184,0
5,trip,4095,4119.166666666667,z01,z31,toy-0010223,,,False,39.16388366337561,0.0,36.98888366337561,0.35,6.8999999999999995,0
82,trip,4095,4103.833333333333,z11,z12,toy-0010226,,,False,38.96384163485331,0.0,38.16884163485331,0.35,2.3,0
39,trip,4095,4113.309854494165,z30,z11,toy-0010221,,,False,24.50652752166251,0.0,22.858640617187653,0.35,5.142956348249516,0
24,trip,4095,4111.5,z21,z01,toy-0010227,,,False,39.83011382325345,0.0,38.34511382325345,0.35,4.6,0
2,trip,4095,4119.809854494165,z22,z20,toy-0010232,,,False,40.21377453667839,0.0,37.98088763220354,2.3,5.142956348249516,0
35,trip,4095,4110.333333333333,z01,z21,toy-0010224,,,False,40.51538925275265,0.0,39.135389252752645,2.3,2.3,0
56,trip,4095,4110.333333333333,z30,z32,toy-0010230,,,False,22.18291469909263,0.0,20.802914699092632,2.3,2.3,0
79,trip,4095,4119.809854494165,z21,z12,toy-0010229,,,False,29.97310985442577,0.0,27.740222949950912,2.3,5.142956348249516,0
89,trip,4095,4128.842303978194,z21,z02,toy-0010234,,,False,40.26922502527416,0.0,37.223417667236724,3.2526911934581184,6.8999999999999995,0
87,trip,4095,4118.0,z02,z21,toy-0010222,,,False,29.022025901113068,0.0,26.952025901113068,2.3,4.6,0
36,trip,4095,4118.0,z10,z31,toy-0010225,,,False,33.58599675890037,0.0,31.51599675890037,2.3,4.6,0
45,trip,4095,4121.175637311527,z10,z21,toy-0010233,,,False,26.77536445995985,0.0,24.419557101922415,4.6,3.2526911934581184,0
34,trip,4100,4112.008970644861,z22,z11,toy-0010249,,,False,24.18075371271274,0.0,23.099946354675303,0.35,3.2526911934581184,0
1,trip,4100,4118.508970644861,z20,z21,toy-0010235,,,False,26.733654355588325,0.0,25.067846997550888,2.3,3.2526911934581184,0
28,trip,4100,4112.008970644861,z31,z22,toy-0010246,,,False,28.60649513835125,0.0,27.525687780313813,0.35,3.2526911934581184,0
25,trip,4100,4112.008970644861,z21,z10,toy-0010241,,,False,47.89499999999966,0.0,46.81419264196223,0.35,3.2526911934581184,0
18,trip,4100,4112.008970644861,z12,z01,toy-0010248,,,False,31.05374624655695,0.0,29.972938888519515,0.35,3.2526911934581184,0
6,trip,4100,4124.809854494165,z00,z31,toy-0010236,,,False,40.7437954573037,0.0,38.510908552828845,2.3,5.142956348249516,0
48,trip,4100,4112.008970644861,z31,z20,toy-0010242,,,False,23.57490339759313,0.0,22.494096039555693,0.35,3.2526911934581184,0
41,trip,4100,4112.008970644861,z22,z31,toy-0010251,,,False,29.173132829742922,0.0,28.092325471705486,0.35,3.2526911934581184,0
52,trip,4100,4112.008970644861,z20,z31,toy-0010239,,,False,26.19036445995975,0.0,25.109557101922313,0.35,3.2526911934581184,0
14,trip,4100,4124.809854494165,z11,z02,toy-0010237,,,False,46.51499999999995,0.0,44.2821130955251,2.3,5.142956348249516,0
55,trip,4100,4108.833333333333,z31,z21,toy-0010245,,,False,14.65910661332682,0.0,13.86410661332682,0.35,2.3,0
20,trip,4100,4127.985491805692,z11,z10,toy-0010247,,,False,47.46630457171138,0.0,44.94761030919909,3.2526911934581184,5.142956348249516,0
32,trip,4100,4124.809854494165,z00,z22,toy-0010238,,,False,15.40386279269475,0.0,13.170975888219894,2.3,5.142956348249516,0
3,trip,4100,4108.833333333333,z30,z20,toy-0010240,,,False,38.846770567850086,0.0,38.051770567850085,0.35,2.3,0
86,trip,4100,4115.333333333333,z21,z21,toy-0010250,,,False,29.24027947435543,0.0,27.86027947435543,2.3,2.3,0
71,trip,4100,4132.476521160832,z30,z11,toy-0010252,,,False,19.109571443688807,0.0,16.186684539213953,4.6,5.142956348249516,0
54,trip,4100,4126.175637311527,z20,z11,toy-0010244,,,False,46.247113095525044,0.0,43.891305737487606,3.2526911934581184,4.6,0
61,trip,4100,4133.842303978194,z20,z01,toy-0010243,,,False,28.096958802937497,0.0,25.05115144490006,3.2526911934581184,6.8999999999999995,0
21,visit,4100,4126.6846079563875,z02,z02,,hub_center,local,False,21.430885814727418,0.0,19.479271098652546,6.505382386916237,0,0
12,visit,4100,4142.333333333333,z10,z10,,depot_west,central,False,36.2230763053378,0.0,34.843076305337796,4.6,0,0
8,visit,4100,4115.0,z31,z31,,hub_core,local,True,39.54954142538128,8.555458574618719,47.894999999999996,0.7,0,5.133275144771232
22,trip,4105,4113.833333333333,z32,z22,toy-0010266,,,False,26.08009634411854,0.0,25.285096344118543,0.35,2.3,0
51,trip,4105,4129.166666666667,z30,z00,toy-0010255,,,False,33.94761147497578,0.0,31.77261147497578,0.35,6.8999999999999995,0
37,trip,4105,4113.833333333333,z31,z32,toy-0010260,,,False,19.434819748842965,0.0,18.639819748842967,0.35,2.3,0
85,trip,4105,4117.008970644861,z21,z32,toy-0010258,,,False,42.17877453667827,0.0,41.097967178640836,0.35,3.2526911934581184,0
63,trip,4105,4113.833333333333,z32,z31,toy-0010265,,,False,15.985754878488887,0.0,15.190754878488887,0.35,2.3,0
78,trip,4105,4123.309854494165,z32,z20,toy-0010264,,,False,21.272551967318797,0.0,19.624665062843942,0.35,5.142956348249516,0
82,trip,4105,4123.309854494165,z12,z31,toy-0010262,,,False,38.16884163485326,0.0,36.520954730378406,0.35,5.142956348249516,0
0,trip,4105,4120.333333333333,z10,z21,toy-0010253,,,False,27.267928029199144,0.0,25.887928029199145,2.3,2.3,0
62,trip,4105,4113.833333333333,z31,z30,toy-0010259,,,False,36.99130573748769,0.0,36.19630573748769,0.35,2.3,0
44,trip,4105,4129.809854494165,z10,z32,toy-0010254,,,False,21.50121970885151,0.0,19.268332804376655,2.3,5.142956348249516,0
77,trip,4105,4117.008970644861,z11,z02,toy-0010256,,,False,47.89499999999956,0.0,46.81419264196213,0.35,3.2526911934581184,0
10,trip,4105,4120.333333333333,z22,z31,toy-0010257,,,False,31.545189400863098,0.0,30.1651894008631,2.3,2.3,0
29,trip,4105,4128.0,z22,z10,toy-0010261,,,False,29.256528687438788,0.0,27.186528687438788,2.3,4.6,0
42,trip,4105,4121.5,z22,z20,toy-0010263,,,False,36.89969102141315,0.0,35.41469102141315,0.35,4.6,0
75,visit,4105,4120.0,z31,z31,,hub_core,local,True,35.536611732822465,12.568388267177532,47.894999999999996,0.7,0,7.541032960306519
49,visit,4105,4120.0,z00,z00,,depot_west,,True,35.61105328330498,12.493946716695014,47.894999999999996,0.7,0,7.496368030017009
7,trip,4110,4126.5,z12,z32,toy-0010273,,,False,38.208418833013084,0.0,36.723418833013085,0.35,4.6,0
4,trip,4110,4122.008970644861,z11,z20,toy-0010268,,,False,14.557692311551625,0.0,13.476884953514189,0.35,3.2526911934581184,0
33,trip,4110,4122.008970644861,z32,z21,toy-0010276,,,False,29.796237581398273,0.0,28.715430223360837,0.35,3.2526911934581184,0
58,trip,4110,4126.5,z32,z12,toy-0010277,,,False,26.612691749141785,0.0,25.127691749141785,0.35,4.6,0
55,trip,4110,4118.833333333333,z21,z22,toy-0010270,,,False,13.864106613326767,0.0,13.069106613326767,0.35,2.3,0
53,trip,4110,4118.833333333333,z22,z32,toy-0010275,,,False,18.0150554813728,0.0,17.220055481372803,0.35,2.3,0
76,trip,4110,4122.008970644861,z22,z31,toy-0010274,,,False,34.615545104528735,0.0,33.5347377464913,0.35,3.2526911934581184,0
65,trip,4110,4135.410795394624,z02,z31,toy-0010272,,,False,30.50619479331408,0.0,28.2192232077979,0.35,7.273238618387272,0
60,trip,4110,4122.008970644861,z21,z12,toy-0010269,,,False,39.14958245712584,0.0,38.068775099088406,0.35,3.2526911934581184,0
3,trip,4110,4126.5,z20,z22,toy-0010267,,,False,38.051770567850035,0.0,36.566770567850035,0.35,4.6,0
23,trip,4110,4118.833333333333,z31,z21,toy-0010271,,,False,39.2554983794502,0.0,38.4604983794502,0.35,2.3,0
26,visit,4110,4138.114268492063,z32,z32,,hub_waterfront,local,False,13.47010806878349,34.63489193121651,47.894999999999996,0.7,0,20.780935158729903
57,visit,4110,4125.0,z11,z11,,hub_center,local,True,18.170970800331318,12.777777777777779,30.738748578109096,0.7,0,7.666666666666668
68,visit,4110,4167.666666666667,z32,z32,,depot_south,central,False,44.95203453466329,0.0,42.19203453466329,9.2,0,0
15,visit,4110,4125.0,z11,z11,,hub_center,,True,18.64692813293045,17.77777777777778,36.214705910708226,0.7,0,10.666666666666668
66,visit,4110,4125.0,z21,z21,,hub_inner,,True,24.287800875839036,17.77777777777778,41.85557865361681,0.7,0,10.666666666666668
88,visit,4110,4125.0,z32,z32,,hub_waterfront,,True,24.84149513835098,17.77777777777778,42.40927291612876,0.7,0,10.666666666666668
46,visit,4110,4125.0,z00,z00,,depot_west,,True,27.61256646320122,17.77777777777778,45.180344240979,0.7,0,10.666666666666668
35,trip,4115,4123.833333333333,z21,z31,toy-0010285,,,False,39.13538925275258,0.0,38.34038925275258,0.35,2.3,0
8,trip,4115,4123.833333333333,z31,z32,toy-0010288,,,False,47.894999999999186,0.0,47.099999999999184,0.35,2.3,0
69,trip,4115,4131.5,z00,z20,toy-0010278,,,False,40.827967178640336,0.0,39.342967178640336,0.35,4.6,0
16,trip,4115,4133.309854494165,z01,z22,toy-0010280,,,False,19.246495700760857,0.0,17.598608796286,0.35,5.142956348249516,0
34,trip,4115,4131.5,z11,z31,toy-0010281,,,False,23.099946354675275,0.0,21.614946354675276,0.35,4.6,0
67,trip,4115,4133.309854494165,z11,z32,toy-0010283,,,False,29.992719435897012,0.0,28.344832531422156,0.35,5.142956348249516,0
19,trip,4115,4123.833333333333,z32,z31,toy-0010290,,,False,18.617442840621678,0.0,17.822442840621676,0.35,2.3,0
38,trip,4115,4140.410795394624,z31,z00,toy-0010286,,,False,25.021860641342766,0.0,22.734889055826585,0.35,7.273238618387272,0
17,trip,4115,4133.508970644861,z10,z22,toy-0010282,,,False,32.00863475485559,0.0,30.342827396818155,2.3,3.2526911934581184,0
37,trip,4115,4137.851274623054,z32,z10,toy-0010289,,,False,18.639819748842907,0.0,16.583205032768035,0.35,6.505382386916237,0
41,trip,4115,4127.008970644861,z31,z22,toy-0010287,,,False,28.092325471705458,0.0,27.01151811366802,0.35,3.2526911934581184,0
25,trip,4115,4131.5,z10,z30,toy-0010279,,,False,46.8141926419622,0.0,45.3291926419622,0.35,4.6,0
22,trip,4115,4130.333333333333,z22,z20,toy-0010284,,,False,25.285096344118482,0.0,23.905096344118483,2.3,2.3,0
43,visit,4115,4135.333333333333,z20,z20,,depot_south,local,False,24.18522294995053,0.0,22.80522294995053,4.6,0,0
18,visit,4115,4157.333333333333,z01,z01,,depot_west,central,False,29.972938888519487,0.0,28.592938888519488,4.6,0,0
63,visit,4115,4130.0,z31,z31,,hub_core,,True,15.190754878488834,17.77777777777778,32.75853265626661,0.7,0,10.666666666666668
56,visit,4115,4130.0,z32,z32,,hub_waterfront,,True,20.80291469909258,17.77777777777778,38.37069247687035,0.7,0,10.666666666666668
52,visit,4115,4130.0,z31,z31,,hub_core,,True,25.109557101922285,17.77777777777778,42.67733487970006,0.7,0,10.666666666666668
11,visit,4115,4130.0,z30,z30,,depot_south,,True,26.725260029819346,17.77777777777778,44.29303780759712,0.7,0,10.666666666666668
62,visit,4115,4130.0,z30,z30,,depot_south,,True,36.19630573748764,11.908694262512354,47.894999999999996,0.7,0,7.145216557507413
83,trip,4120,4138.309854494165,z30,z22,toy-0010294,,,False,45.1059620440366,0.0,43.45807513956175,0.35,5.142956348249516,0
53,trip,4120,4145.410795394624,z32,z01,toy-0010307,,,False,17.220055481372743,0.0,14.933083895856562,0.35,7.273238618387272,0
1,trip,4120,4132.008970644861,z21,z32,toy-0010299,,,False,25.067846997550863,0.0,23.987039639513426,0.35,3.2526911934581184,0
49,trip,4120,4145.410795394624,z00,z31,toy-0010291,,,False,47.895,0.0,45.60802841448382,0.35,7.273238618387272,0
23,trip,4120,4128.833333333333,z21,z11,toy-0010298,,,False,38.46049837945015,0.0,37.66549837945015,0.35,2.3,0
28,trip,4120,4138.309854494165,z22,z10,toy-0010304,,,False,27.525687780313785,0.0,25.87780087583893,0.35,5.142956348249516,0
85,trip,4120,4128.833333333333,z32,z22,toy-0010308,,,False,41.09796717864081,0.0,40.302967178640806,0.35,2.3,0
13,trip,4120,4135.333333333333,z10,z21,toy-0010297,,,False,39.302611474975436,0.0,37.92261147497543,2.3,2.3,0
24,trip,4120,4128.833333333333,z01,z11,toy-0010295,,,False,38.34511382325345,0.0,37.55011382325345,0.35,2.3,0
31,trip,4120,4128.833333333333,z22,z21,toy-0010305,,,False,37.68771943589652,0.0,36.89271943589652,0.35,2.3,0
55,trip,4120,4128.833333333333,z22,z12,toy-0010306,,,False,13.069106613326714,0.0,12.274106613326714,0.35,2.3,0
27,trip,4120,4136.5,z31,z11,toy-0010301,,,False,36.95060634037157,0.0,35.46560634037157,0.35,4.6,0
75,trip,4120,4132.008970644861,z31,z20,toy-0010300,,,False,47.89499999999981,0.0,46.81419264196238,0.35,3.2526911934581184,0
86,trip,4120,4144.809854494165,z21,z12,toy-0010302,,,False,27.860279474355377,0.0,25.62739256988052,2.3,5.142956348249516,0
2,trip,4120,4132.008970644861,z20,z31,toy-0010293,,,False,37.98088763220354,0.0,36.90008027416611,0.35,3.2526911934581184,0
81,trip,4120,4142.851274623054,z10,z32,toy-0010292,,,False,25.03250407646451,0.0,22.975889360389637,0.35,6.505382386916237,0
77,trip,4120,4128.833333333333,z02,z01,toy-0010303,,,False,46.8141926419621,0.0,46.0191926419621,0.35,2.3,0
40,trip,4120,4144.809854494165,z12,z30,toy-0010296,,,False,42.848028414483906,0.0,40.61514151000905,2.3,5.142956348249516,0
36,visit,4120,4135.0,z31,z31,,hub_core,local,True,31.515996758900364,12.777777777777779,44.08377453667814,0.7,0,7.666666666666668
74,visit,4120,4135.0,z00,z00,,depot_west,,True,26.891138268909692,17.77777777777778,44.45891604668747,0.7,0,10.666666666666668
87,visit,4120,4135.0,z21,z21,,hub_inner,,True,26.95202590111307,17.77777777777778,44.519803678890845,0.7,0,10.666666666666668
6,trip,4125,4143.309854494165,z31,z10,toy-0010313,,,False,38.510908552828845,0.0,36.86302164835399,0.35,5.142956348249516,0
8,trip,4125,4143.309854494165,z32,z11,toy-0010322,,,False,47.099999999999135,0.0,45.45211309552428,0.35,5.142956348249516,0
88,trip,4125,4133.833333333333,z32,z31,toy-0010324,,,False,42.40927291612929,0.0,41.61427291612929,0.35,2.3,0
32,trip,4125,4133.833333333333,z22,z32,toy-0010320,,,False,13.170975888219907,0.0,12.375975888219907,0.35,2.3,0
4,trip,4125,4140.333333333333,z20,z31,toy-0010310,,,False,13.476884953514162,0.0,12.096884953514163,2.3,2.3,0
14,trip,4125,4143.309854494165,z02,z21,toy-0010317,,,False,44.2821130955251,0.0,42.634226191050246,0.35,5.142956348249516,0
10,trip,4125,4143.508970644861,z31,z21,toy-0010323,,,False,30.165189400863046,0.0,28.49938204282561,2.3,3.2526911934581184,0
72,trip,4125,4133.833333333333,z10,z20,toy-0010309,,,False,36.29279971006204,0.0,35.49779971006204,0.35,2.3,0
0,trip,4125,4149.809854494165,z21,z01,toy-0010318,,,False,25.88792802919909,0.0,23.655041124724235,2.3,5.142956348249516,0
19,trip,4125,4133.833333333333,z31,z21,toy-0010314,,,False,17.82244284062162,0.0,17.027442840621617,0.35,2.3,0
15,trip,4125,4133.833333333333,z11,z10,toy-0010312,,,False,36.21470591070876,0.0,35.41970591070876,0.35,2.3,0
35,trip,4125,4148.0,z31,z30,toy-0010321,,,False,38.34038925275253,0.0,36.27038925275253,2.3,4.6,0
59,trip,4125,4154.351274623054,z01,z20,toy-0010316,,,False,32.49821781534692,0.0,29.85660309927205,2.3,6.505382386916237,0
33,trip,4125,4143.508970644861,z21,z31,toy-0010319,,,False,28.71543022336081,0.0,27.04962286532337,2.3,3.2526911934581184,0
70,trip,4125,4150.410795394624,z01,z32,toy-0010311,,,False,21.788716194796958,0.0,19.501744609280777,0.35,7.273238618387272,0
76,trip,4125,4133.833333333333,z31,z32,toy-0010315,,,False,33.534737746491274,0.0,32.73973774649127,0.35,2.3,0
39,visit,4125,4140.0,z11,z11,,hub_center,local,True,22.858640617187664,12.777777777777779,35.426418394965445,0.7,0,7.666666666666668
9,visit,4125,4186.286375654997,z12,z12,,depot_west,central,False,29.399058722472297,0.0,26.313284913522587,10.285912696499032,0,0
84,visit,4125,4140.0,z21,z21,,hub_inner,,True,22.719580077239343,17.77777777777778,40.28735785501712,0.7,0,10.666666666666668
45,visit,4125,4140.0,z21,z21,,hub_inner,,True,24.419557101922443,17.77777777777778,41.98733487970022,0.7,0,10.666666666666668
57,visit,4125,4140.0,z11,z11,,hub_center,,True,30.738748578109625,17.366251421890375,47.895,0.7,0,10.419750853134225
31,trip,4130,4138.833333333333,z21,z31,toy-0010332,,,False,36.89271943589647,0.0,36.097719435896465,0.35,2.3,0
20,trip,4130,4148.309854494165,z10,z31,toy-0010326,,,False,44.94761030919911,0.0,43.29972340472426,0.35,5.142956348249516,0
46,trip,4130,4152.851274623054,z00,z22,toy-0010325,,,False,45.18034424097953,0.0,43.12372952490466,0.35,6.505382386916237,0
66,trip,4130,4138.833333333333,z21,z22,toy-0010333,,,False,41.85557865361734,0.0,41.06057865361734,0.35,2.3,0
41,trip,4130,4148.309854494165,z22,z30,toy-0010340,,,False,27.011518113667993,0.0,25.363631209193137,0.35,5.142956348249516,0
42,trip,4130,4148.309854494165,z20,z32,toy-0010327,,,False,35.41469102141315,0.0,33.766804116938296,0.35,5.142956348249516,0
21,trip,4130,4158.809226445224,z02,z30,toy-0010336,,,False,19.479271098652546,0.0,16.886440718582392,0.35,8.292767933567175,0
73,trip,4130,4154.166666666667,z01,z31,toy-0010330,,,False,45.608028414484,0.0,43.433028414484,0.35,6.8999999999999995,0
55,trip,4130,4148.309854494165,z12,z31,toy-0010338,,,False,12.27410661332666,0.0,10.626219708851806,0.35,5.142956348249516,0
52,trip,4130,4142.008970644861,z31,z22,toy-0010335,,,False,42.677334879700595,0.0,41.59652752166316,0.35,3.2526911934581184,0
7,trip,4130,4148.309854494165,z32,z20,toy-0010342,,,False,36.723418833013085,0.0,35.07553192853823,0.35,5.142956348249516,0
24,trip,4130,4146.5,z11,z31,toy-0010331,,,False,37.5501138232534,0.0,36.0651138232534,0.35,4.6,0
77,trip,4130,4155.410795394624,z01,z30,toy-0010329,,,False,46.01919264196205,0.0,43.732221056445866,0.35,7.273238618387272,0
58,trip,4130,4138.833333333333,z12,z22,toy-0010339,,,False,25.127691749141782,0.0,24.33269174914178,0.35,2.3,0
63,trip,4130,4154.166666666667,z31,z01,toy-0010334,,,False,32.75853265626714,0.0,30.583532656267142,0.35,6.8999999999999995,0
11,trip,4130,4146.5,z30,z32,toy-0010328,,,False,44.293037807597656,0.0,42.80803780759766,0.35,4.6,0
89,trip,4130,4146.5,z02,z22,toy-0010337,,,False,37.22341766723671,0.0,35.73841766723671,0.35,4.6,0
85,trip,4130,4142.008970644861,z22,z11,toy-0010341,,,False,40.302967178640756,0.0,39.22215982060332,0.35,3.2526911934581184,0
44,visit,4130,4145.0,z32,z32,,hub_waterfront,local,True,19.26833280437667,12.777777777777779,31.836110582154447,0.7,0,7.666666666666668
3,visit,4130,4150.333333333333,z22,z22,,hub_waterfront,local,False,36.566770567850035,0.0,35.18677056785003,4.6,0,0
5,visit,4130,4145.0,z31,z31,,hub_core,local,True,36.988883663375574,11.116116336624422,47.894999999999996,0.7,0,6.669669801974653
23,visit,4130,4178.6846079563875,z11,z11,,depot_west,central,False,37.6654983794501,0.0,35.71388366337523,6.505382386916237,0,0
51,visit,4130,4145.0,z00,z00,,depot_west,,True,31.772611474975747,16.332388525024257,47.895,0.7,0,9.799433115014553
82,visit,4130,4145.0,z31,z31,,hub_core,,True,36.52095473037841,11.584045269621583,47.894999999999996,0.7,0,6.95042716177295
22,trip,4135,4143.833333333333,z20,z21,toy-0010346,,,False,23.90509634411843,0.0,23.110096344118432,0.35,2.3,0
19,trip,4135,4147.008970644861,z21,z32,toy-0010350,,,False,17.02744284062156,0.0,15.946635482584124,0.35,3.2526911934581184,0
87,trip,4135,4153.309854494165,z21,z00,toy-0010348,,,False,44.51980367889138,0.0,42.871916774416526,0.35,5.142956348249516,0
60,trip,4135,4147.008970644861,z12,z21,toy-0010355,,,False,38.06877509908838,0.0,36.987967741050944,0.35,3.2526911934581184,0
16,trip,4135,4159.809854494165,z22,z02,toy-0010349,,,False,17.598608796286012,0.0,15.365721891811157,2.3,5.142956348249516,0
34,trip,4135,4143.833333333333,z31,z21,toy-0010352,,,False,21.614946354675272,0.0,20.819946354675274,0.35,2.3,0
74,trip,4135,4163.809226445224,z00,z32,toy-0010343,,,False,44.458916046688,0.0,41.86608566661785,0.35,8.292767933567175,0
48,trip,4135,4147.008970644861,z20,z11,toy-0010345,,,False,22.494096039555664,0.0,21.413288681518228,0.35,3.2526911934581184,0
17,trip,4135,4157.851274623054,z22,z00,toy-0010356,,,False,30.34282739681813,0.0,28.286212680743258,0.35,6.505382386916237,0
36,trip,4135,4151.5,z31,z11,toy-0010351,,,False,44.083774536678675,0.0,42.598774536678675,0.35,4.6,0
1,trip,4135,4143.833333333333,z32,z31,toy-0010358,,,False,23.987039639513398,0.0,23.192039639513396,0.35,2.3,0
15,trip,4135,4143.833333333333,z10,z11,toy-0010344,,,False,35.41970591070871,0.0,34.624705910708705,0.35,2.3,0
88,trip,4135,4143.833333333333,z31,z32,toy-0010353,,,False,41.61427291612924,0.0,40.819272916129236,0.35,2.3,0
50,trip,4135,4153.309854494165,z20,z12,toy-0010347,,,False,26.882489565699654,0.0,25.2346026612248,0.35,5.142956348249516,0
61,trip,4135,4158.0,z01,z00,toy-0010354,,,False,25.051151444900064,0.0,22.981151444900064,2.3,4.6,0
32,trip,4135,4163.809226445224,z32,z00,toy-0010357,,,False,12.375975888219854,0.0,9.783145508149701,0.35,8.292767933567175,0
47,visit,4135,4161.6846079563875,z02,z02,,hub_center,local,False,22.382987945149942,0.0,20.43137322907507,6.505382386916237,0,0
2,visit,4135,4150.0,z31,z31,,hub_core,local,True,36.90008027416608,11.204919725833918,47.894999999999996,0.7,0,6.722951835500351
28,trip,4140,4152.008970644861,z10,z21,toy-0010360,,,False,25.87780087583894,0.0,24.796993517801504,0.35,3.2526911934581184,0
13,trip,4140,4152.008970644861,z21,z30,toy-0010365,,,False,37.92261147497537,0.0,36.841804116937936,0.35,3.2526911934581184,0
26,trip,4140,4152.008970644861,z32,z21,toy-0010373,,,False,47.895000000000515,0.0,46.81419264196308,0.35,3.2526911934581184,0
56,trip,4140,4148.833333333333,z32,z22,toy-0010374,,,False,38.370692476870886,0.0,37.575692476870884,0.35,2.3,0
43,trip,4140,4152.008970644861,z20,z31,toy-0010362,,,False,22.805222949950476,0.0,21.72441559191304,0.35,3.2526911934581184,0
31,trip,4140,4165.410795394624,z31,z02,toy-0010369,,,False,36.097719435896416,0.0,33.81074785038023,0.35,7.273238618387272,0
29,trip,4140,4156.5,z10,z12,toy-0010361,,,False,27.18652868743879,0.0,25.701528687438792,0.35,4.6,0
27,trip,4140,4158.309854494165,z11,z32,toy-0010364,,,False,35.46560634037157,0.0,33.81771943589672,0.35,5.142956348249516,0
64,trip,4140,4156.5,z20,z22,toy-0010363,,,False,35.194939326567315,0.0,33.709939326567316,0.35,4.6,0
58,trip,4140,4152.008970644861,z22,z31,toy-0010372,,,False,24.332691749141723,0.0,23.251884391104287,0.35,3.2526911934581184,0
25,trip,4140,4158.508970644861,z30,z20,toy-0010367,,,False,45.3291926419622,0.0,43.66338528392477,2.3,3.2526911934581184,0
45,trip,4140,4155.333333333333,z21,z30,toy-0010368,,,False,41.987334879700754,0.0,40.60733487970075,2.3,2.3,0
66,trip,4140,4156.5,z22,z20,toy-0010371,,,False,41.06057865361729,0.0,39.57557865361729,0.35,4.6,0
84,trip,4140,4156.5,z21,z01,toy-0010366,,,False,40.28735785501765,0.0,38.802357855017654,0.35,4.6,0
79,trip,4140,4170.666666666667,z12,z32,toy-0010370,,,False,27.740222949950926,0.0,24.980222949950928,2.3,6.8999999999999995,0
37,trip,4140,4164.809854494165,z10,z21,toy-0010359,,,False,16.583205032768007,0.0,14.350318128293152,2.3,5.142956348249516,0
65,visit,4140,4182.333333333333,z31,z31,,depot_south,central,False,28.21922320779783,0.0,26.839223207797833,4.6,0,0
71,visit,4140,4155.0,z11,z11,,hub_center,,True,16.18668453921402,17.77777777777778,33.7544623169918,0.7,0,10.666666666666668
67,visit,4140,4155.0,z32,z32,,hub_waterfront,,True,28.344832531422167,17.77777777777778,45.91261030919994,0.7,0,10.666666666666668
39,visit,4140,4155.0,z11,z11,,hub_center,,True,35.42641839496597,12.678581605034026,47.894999999999996,0.7,0,7.607148963020416
51,trip,4145,4157.008970644861,z00,z11,toy-0010375,,,False,47.89500000000042,0.0,46.81419264196299,0.35,3.2526911934581184,0
80,trip,4145,4161.5,z12,z32,toy-0010384,,,False,44.2404228018405,0.0,42.7554228018405,0.35,4.6,0
10,trip,4145,4153.833333333333,z21,z31,toy-0010381,,,False,28.499382042825584,0.0,27.704382042825586,0.35,2.3,0
40,trip,4145,4157.008970644861,z30,z21,toy-0010377,,,False,40.61514151000905,0.0,39.53433415197162,0.35,3.2526911934581184,0
8,trip,4145,4168.0,z11,z21,toy-0010378,,,False,45.45211309552429,0.0,43.38211309552429,2.3,4.6,0
52,trip,4145,4153.833333333333,z22,z21,toy-0010385,,,False,41.596527521663134,0.0,40.80152752166313,0.35,2.3,0
69,trip,4145,4153.833333333333,z20,z10,toy-0010376,,,False,39.342967178640336,0.0,38.547967178640334,0.35,2.3,0
14,trip,4145,4153.833333333333,z21,z11,toy-0010380,,,False,42.63422619105025,0.0,41.83922619105025,0.35,2.3,0
4,trip,4145,4157.008970644861,z31,z22,toy-0010382,,,False,12.09688495351411,0.0,11.016077595476673,0.35,3.2526911934581184,0
22,trip,4145,4157.008970644861,z21,z10,toy-0010379,,,False,23.11009634411837,0.0,22.029288986080935,0.35,3.2526911934581184,0
86,trip,4145,4153.833333333333,z12,z11,toy-0010383,,,False,25.627392569880534,0.0,24.832392569880533,0.35,2.3,0
44,trip,4145,4161.5,z32,z12,toy-0010387,,,False,31.836110582154976,0.0,30.351110582154977,0.35,4.6,0
83,trip,4145,4153.833333333333,z22,z32,toy-0010386,,,False,43.45807513956176,0.0,42.663075139561755,0.35,2.3,0
38,visit,4145,4160.0,z00,z00,,depot_west,local,True,22.734889055826518,12.777777777777779,35.3026668336043,0.7,0,7.666666666666668
1,visit,4145,4160.0,z31,z31,,hub_core,local,True,23.19203963951334,12.777777777777779,35.75981741729112,0.7,0,7.666666666666668
34,visit,4145,4160.0,z21,z21,,hub_inner,,True,20.819946354675213,17.77777777777778,38.387724132452995,0.7,0,10.666666666666668
81,visit,4145,4160.0,z32,z32,,hub_waterfront,,True,22.97588936038961,17.77777777777778,40.543667138167386,0.7,0,10.666666666666668
33,visit,4145,4160.0,z31,z31,,hub_core,,True,27.049622865323347,17.77777777777778,44.61740064310113,0.7,0,10.666666666666668
11,trip,4150,4158.833333333333,z32,z31,toy-0010400,,,False,42.80803780759766,0.0,42.013037807597655,0.35,2.3,0
54,trip,4150,4166.5,z11,z31,toy-0010391,,,False,43.89130573748762,0.0,42.40630573748762,0.35,4.6,0
2,trip,4150,4168.309854494165,z31,z12,toy-0010396,,,False,47.89500000000049,0.0,46.24711309552564,0.35,5.142956348249516,0
57,trip,4150,4162.008970644861,z11,z22,toy-0010392,,,False,47.89499999999999,0.0,46.814192641962556,0.35,3.2526911934581184,0
6,trip,4150,4168.309854494165,z10,z22,toy-0010389,,,False,36.863021648354,0.0,35.21513474387915,0.35,5.142956348249516,0
5,trip,4150,4158.833333333333,z31,z32,toy-0010397,,,False,47.89500000000058,0.0,47.10000000000058,0.35,2.3,0
20,trip,4150,4158.833333333333,z31,z21,toy-0010395,,,False,43.29972340472427,0.0,42.50472340472427,0.35,2.3,0
19,trip,4150,4168.309854494165,z32,z11,toy-0010399,,,False,15.946635482584094,0.0,14.29874857810924,0.35,5.142956348249516,0
60,trip,4150,4158.833333333333,z21,z20,toy-0010393,,,False,36.987967741050916,0.0,36.192967741050914,0.35,2.3,0
56,trip,4150,4166.5,z22,z02,toy-0010398,,,False,37.575692476870834,0.0,36.090692476870835,0.35,4.6,0
7,trip,4150,4168.508970644861,z20,z12,toy-0010394,,,False,35.07553192853824,0.0,33.409724570500806,2.3,3.2526911934581184,0
85,trip,4150,4158.833333333333,z11,z21,toy-0010390,,,False,39.222159820603295,0.0,38.42715982060329,0.35,2.3,0
0,trip,4150,4180.666666666667,z01,z30,toy-0010388,,,False,23.65504112472425,0.0,20.89504112472425,2.3,6.8999999999999995,0
55,visit,4150,4179.820601508022,z31,z31,,hub_core,local,False,10.626219708851819,37.47878029114818,47.895,0.7,0,22.48726817468891
53,visit,4150,4187.587482995819,z01,z01,,depot_west,,False,14.933083895856495,33.75691610414351,47.309999999999995,4.6,0,20.254149662486103
41,visit,4150,4165.0,z30,z30,,depot_south,,True,25.363631209193148,17.77777777777778,42.93140898697093,0.7,0,10.666666666666668
35,visit,4150,4165.0,z30,z30,,depot_south,,True,36.270389252752516,11.83461074724748,47.894999999999996,0.7,0,7.100766448348488
26,trip,4155,4163.833333333333,z21,z22,toy-0010406,,,False,46.814192641963054,0.0,46.01919264196305,0.35,2.3,0
63,trip,4155,4173.309854494165,z01,z20,toy-0010402,,,False,30.58353265626712,0.0,28.935645751792265,0.35,5.142956348249516,0
67,trip,4155,4177.851274623054,z32,z10,toy-0010410,,,False,45.912610309200474,0.0,43.855995593125606,0.35,6.505382386916237,0
14,trip,4155,4170.333333333333,z11,z00,toy-0010401,,,False,41.8392261910502,0.0,40.4592261910502,2.3,2.3,0
28,trip,4155,4163.833333333333,z21,z31,toy-0010405,,,False,24.796993517801475,0.0,24.001993517801473,0.35,2.3,0
36,trip,4155,4163.833333333333,z11,z12,toy-0010404,,,False,42.598774536678675,0.0,41.803774536678674,0.35,2.3,0
52,trip,4155,4167.008970644861,z21,z32,toy-0010407,,,False,40.80152752166308,0.0,39.72072016362565,0.35,3.2526911934581184,0
3,trip,4155,4167.008970644861,z22,z31,toy-0010409,,,False,35.18677056784997,0.0,34.105963209812536,0.35,3.2526911934581184,0
70,trip,4155,4173.309854494165,z32,z20,toy-0010411,,,False,19.50174460928071,0.0,17.853857704805854,0.35,5.142956348249516,0
10,trip,4155,4173.309854494165,z31,z10,toy-0010408,,,False,27.704382042825525,0.0,26.05649513835067,0.35,5.142956348249516,0
39,trip,4155,4167.008970644861,z11,z20,toy-0010403,,,False,47.89499999999982,0.0,46.814192641962386,0.35,3.2526911934581184,0
48,visit,4155,4170.0,z11,z11,,hub_center,local,True,21.4132886815182,12.777777777777779,33.98106645929598,0.7,0,7.666666666666668
50,visit,4155,4175.333333333333,z12,z12,,hub_center,local,False,25.23460266122481,0.0,23.85460266122481,4.6,0,0
42,visit,4155,4170.0,z32,z32,,hub_waterfront,local,True,33.7668041169383,12.777777777777779,46.33458189471608,0.7,0,7.666666666666668
76,visit,4155,4170.0,z32,z32,,hub_waterfront,,True,32.73973774649122,15.365262253508774,47.894999999999996,0.7,0,9.219157352105265
13,visit,4155,4170.0,z30,z30,,depot_south,,True,36.84180411693791,11.263195883062089,47.894999999999996,0.7,0,6.757917529837254
25,trip,4160,4178.309854494165,z20,z32,toy-0010417,,,False,43.66338528392473,0.0,42.01549837944988,0.35,5.142956348249516,0
1,trip,4160,4185.410795394624,z31,z00,toy-0010419,,,False,35.75981741729165,0.0,33.472845831775466,0.35,7.273238618387272,0
11,trip,4160,4172.008970644861,z31,z22,toy-0010422,,,False,42.013037807597605,0.0,40.93223044956017,0.35,3.2526911934581184,0
5,trip,4160,4168.833333333333,z32,z22,toy-0010427,,,False,47.10000000000053,0.0,46.305000000000526,0.35,2.3,0
24,trip,4160,4176.5,z31,z11,toy-0010421,,,False,36.0651138232534,0.0,34.5801138232534,0.35,4.6,0
29,trip,4160,4178.309854494165,z12,z31,toy-0010424,,,False,25.70152868743879,0.0,24.053641782963933,0.35,5.142956348249516,0
51,trip,4160,4168.833333333333,z11,z01,toy-0010418,,,False,46.81419264196296,0.0,46.01919264196296,0.35,2.3,0
59,trip,4160,4178.309854494165,z20,z01,toy-0010415,,,False,29.856603099272018,0.0,28.208716194797162,0.35,5.142956348249516,0
4,trip,4160,4184.809854494165,z22,z20,toy-0010423,,,False,11.016077595476647,0.0,8.783190691001792,2.3,5.142956348249516,0
33,trip,4160,4172.008970644861,z31,z20,toy-0010420,,,False,44.617400643101654,0.0,43.53659328506422,0.35,3.2526911934581184,0
60,trip,4160,4172.008970644861,z20,z31,toy-0010416,,,False,36.192967741050865,0.0,35.11216038301343,0.35,3.2526911934581184,0
12,trip,4160,4178.309854494165,z10,z31,toy-0010413,,,False,34.84307630533773,0.0,33.19518940086288,0.35,5.142956348249516,0
81,trip,4160,4172.008970644861,z32,z21,toy-0010425,,,False,40.54366713816792,0.0,39.462859780130486,0.35,3.2526911934581184,0
83,trip,4160,4168.833333333333,z32,z31,toy-0010426,,,False,42.663075139561705,0.0,41.868075139561704,0.35,2.3,0
22,trip,4160,4182.851274623054,z10,z32,toy-0010414,,,False,22.029288986080907,0.0,19.972674270006035,0.35,6.505382386916237,0
17,trip,4160,4168.833333333333,z00,z10,toy-0010412,,,False,28.28621268074323,0.0,27.49121268074323,0.35,2.3,0
27,visit,4160,4217.666666666667,z32,z32,,depot_south,central,False,33.81771943589673,0.0,31.05771943589673,9.2,0,0
66,visit,4160,4180.333333333333,z20,z20,,hub_inner,local,False,39.57557865361729,0.0,38.19557865361729,4.6,0,0
43,visit,4160,4175.0,z31,z31,,hub_core,,True,21.72441559191301,17.77777777777778,39.292193369690786,0.7,0,10.666666666666668
61,visit,4160,4175.0,z00,z00,,depot_west,,True,22.981151444900068,17.77777777777778,40.54892922267785,0.7,0,10.666666666666668
58,visit,4160,4175.0,z31,z31,,hub_core,,True,23.25188439110426,17.77777777777778,40.81966216888204,0.7,0,10.666666666666668
38,visit,4160,4175.0,z00,z00,,depot_west,,True,35.302666833604825,12.802333166395174,47.894999999999996,0.7,0,7.681399899837104
34,visit,4160,4175.0,z21,z21,,hub_inner,,True,38.38772413245352,9.717275867546476,47.894999999999996,0.7,0,5.830365520527886
85,visit,4160,4175.0,z21,z21,,hub_inner,,True,38.427159820603244,9.677840179396753,47.894999999999996,0.7,0,5.806704107638052
28,trip,4165,4189.166666666667,z31,z01,toy-0010434,,,False,24.001993517801417,0.0,21.826993517801416,0.35,6.8999999999999995,0
16,trip,4165,4190.410795394624,z02,z31,toy-0010437,,,False,15.36572189181117,0.0,13.078750306294989,0.35,7.273238618387272,0
26,trip,4165,4177.008970644861,z22,z11,toy-0010438,,,False,46.019192641963,0.0,44.93838528392557,0.35,3.2526911934581184,0
32,trip,4165,4190.410795394624,z00,z31,toy-0010428,,,False,9.783145508149667,0.0,7.496173922633486,0.35,7.273238618387272,0
46,trip,4165,4173.833333333333,z22,z12,toy-0010439,,,False,43.123729524904626,0.0,42.328729524904624,0.35,2.3,0
69,trip,4165,4177.008970644861,z10,z01,toy-0010429,,,False,38.547967178640285,0.0,37.46715982060285,0.35,3.2526911934581184,0
74,trip,4165,4190.410795394624,z32,z01,toy-0010441,,,False,41.866085666617806,0.0,39.57911408110162,0.35,7.273238618387272,0
71,trip,4165,4177.008970644861,z11,z00,toy-0010432,,,False,33.75446231699233,0.0,32.6736549589549,0.35,3.2526911934581184,0
57,trip,4165,4173.833333333333,z22,z32,toy-0010440,,,False,46.81419264196253,0.0,46.019192641962526,0.35,2.3,0
80,trip,4165,4189.166666666667,z32,z02,toy-0010442,,,False,42.7554228018405,0.0,40.580422801840506,0.35,6.8999999999999995,0
21,trip,4165,4173.833333333333,z30,z31,toy-0010430,,,False,16.886440718582357,0.0,16.091440718582355,0.35,2.3,0
49,trip,4165,4173.833333333333,z31,z32,toy-0010436,,,False,45.60802841448375,0.0,44.813028414483746,0.35,2.3,0
18,trip,4165,4189.166666666667,z01,z31,toy-0010431,,,False,28.592938888519434,0.0,26.417938888519434,0.35,6.8999999999999995,0
73,trip,4165,4173.833333333333,z31,z21,toy-0010435,,,False,43.433028414483964,0.0,42.63802841448396,0.35,2.3,0
86,trip,4165,4183.309854494165,z11,z32,toy-0010433,,,False,24.832392569880476,0.0,23.18450566540562,0.35,5.142956348249516,0
15,visit,4165,4180.0,z11,z11,,hub_center,local,True,34.624705910708656,12.777777777777779,47.19248368848643,0.7,0,7.666666666666668
37,visit,4165,4209.459901494234,z21,z21,,depot_south,,False,14.350318128293164,34.625489229744275,47.02419264196257,6.505382386916237,0,20.775293537846565
8,trip,4170,4178.833333333333,z21,z31,toy-0010447,,,False,43.382113095524275,0.0,42.58711309552427,0.35,2.3,0
51,trip,4170,4188.309854494165,z01,z22,toy-0010446,,,False,46.01919264196291,0.0,44.37130573748806,0.35,5.142956348249516,0
39,trip,4170,4178.833333333333,z20,z21,toy-0010444,,,False,46.81419264196236,0.0,46.019192641962356,0.35,2.3,0
72,trip,4170,4178.833333333333,z20,z30,toy-0010443,,,False,35.49779971006199,0.0,34.70279971006199,0.35,2.3,0
84,trip,4170,4182.008970644861,z01,z12,toy-0010445,,,False,38.802357855017654,0.0,37.72155049698022,0.35,3.2526911934581184,0
5,trip,4170,4178.833333333333,z22,z21,toy-0010448,,,False,46.305000000000476,0.0,45.510000000000474,0.35,2.3,0
19,visit,4170,4239.490843224345,z11,z11,,depot_west,central,False,14.298748578109253,34.67705877992818,47.024192641962564,6.505382386916237,0,20.806235267956907
7,visit,4170,4190.333333333333,z12,z12,,hub_center,local,False,33.40972457050077,0.0,32.02972457050077,4.6,0,0
31,visit,4170,4252.285119557115,z02,z02,,depot_south,central,False,33.81074785038016,0.0,28.835087090239856,16.58553586713435,0,0
6,visit,4170,4190.333333333333,z22,z22,,hub_waterfront,local,False,35.215134743879155,0.0,33.83513474387915,4.6,0,0
13,trip,4175,4200.410795394624,z30,z01,toy-0010449,,,False,47.894999999999456,0.0,45.60802841448327,0.35,7.273238618387272,0
11,trip,4175,4193.309854494165,z22,z10,toy-0010456,,,False,40.932230449560144,0.0,39.28434354508529,0.35,5.142956348249516,0
3,trip,4175,4187.008970644861,z31,z22,toy-0010454,,,False,34.10596320981251,0.0,33.025155851775075,0.35,3.2526911934581184,0
42,trip,4175,4183.833333333333,z32,z31,toy-0010460,,,False,46.334581894716614,0.0,45.53958189471661,0.35,2.3,0
14,trip,4175,4206.910795394624,z00,z32,toy-0010450,,,False,40.459226191050135,0.0,37.58725460553396,2.3,7.273238618387272,0
64,trip,4175,4187.008970644861,z22,z31,toy-0010458,,,False,33.709939326567316,0.0,32.62913196852988,0.35,3.2526911934581184,0
49,trip,4175,4193.309854494165,z32,z11,toy-0010459,,,False,44.813028414483696,0.0,43.165141510008844,0.35,5.142956348249516,0
89,trip,4175,4191.5,z22,z20,toy-0010457,,,False,35.73841766723671,0.0,34.25341766723671,0.35,4.6,0
48,trip,4175,4191.5,z11,z31,toy-0010451,,,False,33.98106645929651,0.0,32.49606645929651,0.35,4.6,0
20,trip,4175,4187.008970644861,z21,z32,toy-0010453,,,False,42.50472340472422,0.0,41.423916046686784,0.35,3.2526911934581184,0
21,trip,4175,4183.833333333333,z31,z32,toy-0010455,,,False,16.091440718582298,0.0,15.296440718582298,0.35,2.3,0
34,trip,4175,4183.833333333333,z21,z11,toy-0010452,,,False,47.89500000000043,0.0,47.10000000000043,0.35,2.3,0
33,visit,4175,4217.333333333333,z20,z20,,depot_south,central,False,43.53659328506419,0.0,42.15659328506419,4.6,0,0
79,visit,4175,4190.0,z32,z32,,hub_waterfront,,True,24.980222949950903,17.77777777777778,42.548000727728684,0.7,0,10.666666666666668
60,visit,4175,4190.0,z31,z31,,hub_core,,True,35.1121603830134,12.992839616986593,47.894999999999996,0.7,0,7.795703770191956
25,trip,4180,4196.5,z32,z30,toy-0010475,,,False,42.01549837944989,0.0,40.53049837944989,0.35,4.6,0
63,trip,4180,4196.5,z20,z00,toy-0010461,,,False,28.935645751792276,0.0,27.450645751792276,0.35,4.6,0
5,trip,4180,4188.833333333333,z21,z22,toy-0010468,,,False,45.510000000000424,0.0,44.71500000000042,0.35,2.3,0
52,trip,4180,4192.008970644861,z32,z21,toy-0010476,,,False,39.72072016362562,0.0,38.63991280558819,0.35,3.2526911934581184,0
8,trip,4180,4188.833333333333,z31,z21,toy-0010471,,,False,42.587113095524224,0.0,41.79211309552422,0.35,2.3,0
12,trip,4180,4198.309854494165,z31,z12,toy-0010472,,,False,33.19518940086289,0.0,31.54730249638803,0.35,5.142956348249516,0
29,trip,4180,4196.5,z31,z11,toy-0010470,,,False,24.053641782963943,0.0,22.568641782963944,0.35,4.6,0
35,trip,4180,4198.309854494165,z30,z11,toy-0010464,,,False,47.895000000000174,0.0,46.24711309552532,0.35,5.142956348249516,0
2,trip,4180,4188.833333333333,z12,z22,toy-0010474,,,False,46.24711309552565,0.0,45.45211309552565,0.35,2.3,0
36,trip,4180,4192.008970644861,z12,z21,toy-0010473,,,False,41.803774536678624,0.0,40.72296717864119,0.35,3.2526911934581184,0
70,trip,4180,4196.5,z20,z22,toy-0010463,,,False,17.853857704805865,0.0,16.368857704805865,0.35,4.6,0
59,trip,4180,4188.833333333333,z01,z02,toy-0010465,,,False,28.208716194797173,0.0,27.413716194797175,0.35,2.3,0
43,trip,4180,4188.833333333333,z31,z30,toy-0010469,,,False,39.29219336969132,0.0,38.49719336969132,0.35,2.3,0
15,trip,4180,4188.833333333333,z11,z21,toy-0010466,,,False,47.192483688486966,0.0,46.397483688486965,0.35,2.3,0
39,trip,4180,4188.833333333333,z21,z20,toy-0010467,,,False,46.019192641962306,0.0,45.224192641962304,0.35,2.3,0
75,trip,4180,4192.008970644861,z20,z11,toy-0010462,,,False,46.81419264196235,0.0,45.73338528392492,0.35,3.2526911934581184,0
71,visit,4180,4195.0,z00,z00,,depot_west,,True,32.67365495895487,15.431345041045127,47.894999999999996,0.7,0,9.258807024627076
24,visit,4180,4195.0,z11,z11,,hub_center,,True,34.5801138232534,13.524886176746598,47.894999999999996,0.7,0,8.114931706047958
72,visit,4180,4195.0,z30,z30,,depot_south,,True,34.70279971006194,13.402200289938058,47.894999999999996,0.7,0,8.041320173962834
23,visit,4180,4195.0,z11,z11,,hub_center,,True,35.71388366337521,12.391116336624783,47.894999999999996,0.7,0,7.43466980197487
21,trip,4185,4201.5,z32,z12,toy-0010490,,,False,15.296440718582245,0.0,13.811440718582245,0.35,4.6,0
10,trip,4185,4193.833333333333,z10,z00,toy-0010477,,,False,26.05649513835068,0.0,25.261495138350682,0.35,2.3,0
44,trip,4185,4203.309854494165,z12,z31,toy-0010484,,,False,30.351110582154973,0.0,28.703223677680118,0.35,5.142956348249516,0
46,trip,4185,4201.5,z12,z32,toy-0010485,,,False,42.328729524904574,0.0,40.843729524904575,0.35,4.6,0
4,trip,4185,4197.008970644861,z20,z31,toy-0010478,,,False,8.783190691001804,0.0,7.702383332964369,0.35,3.2526911934581184,0
22,trip,4185,4203.309854494165,z32,z20,toy-0010488,,,False,19.972674270006006,0.0,18.32478736553115,0.35,5.142956348249516,0
42,trip,4185,4203.309854494165,z31,z10,toy-0010482,,,False,45.53958189471656,0.0,43.89169499024171,0.35,5.142956348249516,0
57,trip,4185,4193.833333333333,z32,z31,toy-0010489,,,False,46.019192641962476,0.0,45.224192641962475,0.35,2.3,0
40,trip,4185,4200.333333333333,z21,z32,toy-0010487,,,False,39.53433415197159,0.0,38.15433415197159,2.3,2.3,0
26,trip,4185,4197.008970644861,z11,z22,toy-0010480,,,False,44.93838528392554,0.0,43.85757792588811,0.35,3.2526911934581184,0
50,trip,4185,4209.809854494165,z12,z01,toy-0010486,,,False,23.854602661224757,0.0,21.6217157567499,2.3,5.142956348249516,0
73,trip,4185,4193.833333333333,z21,z31,toy-0010481,,,False,42.63802841448391,0.0,41.84302841448391,0.35,2.3,0
54,trip,4185,4197.008970644861,z31,z20,toy-0010483,,,False,42.40630573748762,0.0,41.32549837945019,0.35,3.2526911934581184,0
0,trip,4185,4201.5,z30,z32,toy-0010479,,,False,20.895041124724226,0.0,19.410041124724227,0.35,4.6,0
68,trip,4185,4193.833333333333,z32,z22,toy-0010491,,,False,42.19203453466333,0.0,41.39703453466333,0.35,2.3,0
86,visit,4185,4200.0,z32,z32,,hub_waterfront,,True,23.18450566540563,17.77777777777778,40.75228344318341,0.7,0,10.666666666666668
65,visit,4185,4200.0,z31,z31,,hub_core,,True,26.83922320779778,17.77777777777778,44.40700098557556,0.7,0,10.666666666666668
41,trip,4190,4208.309854494165,z30,z22,toy-0010496,,,False,42.931408986971455,0.0,41.2835220824966,0.35,5.142956348249516,0
43,trip,4190,4206.5,z30,z10,toy-0010494,,,False,38.49719336969127,0.0,37.01219336969127,0.35,4.6,0
18,trip,4190,4198.833333333333,z31,z32,toy-0010499,,,False,26.417938888519405,0.0,25.622938888519407,0.35,2.3,0
17,trip,4190,4202.008970644861,z10,z21,toy-0010492,,,False,27.49121268074317,0.0,26.410405322705735,0.35,3.2526911934581184,0
9,trip,4190,4198.833333333333,z12,z02,toy-0010500,,,False,26.31328491352267,0.0,25.51828491352267,0.35,2.3,0
2,trip,4190,4198.833333333333,z22,z21,toy-0010501,,,False,45.4521130955256,0.0,44.657113095525595,0.35,2.3,0
34,trip,4190,4198.833333333333,z11,z10,toy-0010497,,,False,47.10000000000038,0.0,46.305000000000376,0.35,2.3,0
8,trip,4190,4202.008970644861,z21,z12,toy-0010498,,,False,41.79211309552417,0.0,40.71130573748674,0.35,3.2526911934581184,0
39,trip,4190,4208.309854494165,z20,z32,toy-0010493,,,False,45.224192641962254,0.0,43.5763057374874,0.35,5.142956348249516,0
3,trip,4190,4202.008970644861,z22,z31,toy-0010502,,,False,33.02515585177505,0.0,31.94434849373761,0.35,3.2526911934581184,0
45,trip,4190,4198.833333333333,z30,z20,toy-0010495,,,False,40.60733487970069,0.0,39.812334879700686,0.35,2.3,0
28,visit,4190,4232.333333333333,z01,z01,,depot_west,central,False,21.826993517801387,0.0,20.44699351780139,4.6,0,0
64,visit,4190,4205.0,z31,z31,,hub_core,,True,32.629131968529855,15.475868031470139,47.89499999999999,0.7,0,9.285520818882084
1,visit,4190,4205.0,z00,z00,,depot_west,,True,33.472845831775395,14.632154168224604,47.894999999999996,0.7,0,8.779292500934762
32,trip,4195,4203.833333333333,z31,z21,toy-0010509,,,False,7.496173922633421,0.0,6.701173922633421,0.35,2.3,0
23,trip,4195,4211.5,z11,z31,toy-0010504,,,False,47.89499999999925,0.0,46.40999999999925,0.35,4.6,0
15,trip,4195,4207.008970644861,z21,z10,toy-0010506,,,False,46.397483688486915,0.0,45.31667633044948,0.35,3.2526911934581184,0
24,trip,4195,4213.309854494165,z11,z32,toy-0010505,,,False,47.89500000000016,0.0,46.24711309552531,0.35,5.142956348249516,0
36,trip,4195,4211.5,z21,z01,toy-0010507,,,False,40.72296717864116,0.0,39.23796717864116,0.35,4.6,0
48,trip,4195,4207.008970644861,z31,z22,toy-0010510,,,False,32.49606645929651,0.0,31.41525910125907,0.35,3.2526911934581184,0
20,trip,4195,4217.851274623054,z32,z10,toy-0010511,,,False,41.423916046686756,0.0,39.36730133061189,0.35,6.505382386916237,0
52,trip,4195,4207.008970644861,z21,z32,toy-0010508,,,False,38.63991280558816,0.0,37.55910544755073,0.35,3.2526911934581184,0
11,trip,4195,4213.309854494165,z10,z31,toy-0010503,,,False,39.2843435450853,0.0,37.63645664061045,0.35,5.142956348249516,0
16,visit,4195,4223.3490831495565,z31,z31,,hub_core,local,False,13.078750306294925,35.026249693705076,47.895,0.7,0,21.015749816223046
89,visit,4195,4215.333333333333,z20,z20,,depot_south,local,False,34.25341766723671,0.0,32.87341766723671,4.6,0,0
49,visit,4195,4210.0,z11,z11,,hub_center,local,True,43.16514151000885,4.939858489991146,47.894999999999996,0.7,0,2.9639150939946877
10,visit,4195,4210.0,z00,z00,,depot_west,,True,25.26149513835062,17.77777777777778,42.829272916128396,0.7,0,10.666666666666668
18,trip,4200,4212.008970644861,z32,z21,toy-0010531,,,False,25.622938888519347,0.0,24.54213153048191,0.35,3.2526911934581184,0
53,trip,4200,4224.166666666667,z01,z31,toy-0010519,,,False,47.31000000000022,0.0,45.135000000000225,0.35,6.8999999999999995,0
2,trip,4200,4208.833333333333,z21,z31,toy-0010521,,,False,44.657113095525546,0.0,43.862113095525544,0.35,2.3,0
7,trip,4200,4216.5,z12,z10,toy-0010527,,,False,32.029724570500704,0.0,30.544724570500705,0.35,4.6,0
81,trip,4200,4212.008970644861,z21,z30,toy-0010520,,,False,39.46285978013046,0.0,38.382052422093025,0.35,3.2526911934581184,0
38,trip,4200,4228.809226445224,z00,z32,toy-0010512,,,False,47.8949999999995,0.0,45.302169619929344,0.35,8.292767933567175,0
45,trip,4200,4208.833333333333,z20,z21,toy-0010514,,,False,39.812334879700636,0.0,39.017334879700634,0.35,2.3,0
55,trip,4200,4216.5,z31,z11,toy-0010523,,,False,47.8950000000005,0.0,46.4100000000005,0.35,4.6,0
67,trip,4200,4208.833333333333,z10,z20,toy-0010513,,,False,43.85599559312557,0.0,43.06099559312557,0.35,2.3,0
69,trip,4200,4216.5,z01,z21,toy-0010518,,,False,37.467159820602824,0.0,35.982159820602824,0.35,4.6,0
74,trip,4200,4208.833333333333,z01,z11,toy-0010517,,,False,39.57911408110155,0.0,38.78411408110155,0.35,2.3,0
57,trip,4200,4224.166666666667,z31,z01,toy-0010522,,,False,45.224192641962425,0.0,43.04919264196243,0.35,6.8999999999999995,0
54,trip,4200,4222.851274623054,z20,z02,toy-0010515,,,False,41.32549837945016,0.0,39.26888366337529,0.35,6.505382386916237,0
76,trip,4200,4208.833333333333,z32,z31,toy-0010532,,,False,47.89499999999944,0.0,47.09999999999944,0.35,2.3,0
12,trip,4200,4218.309854494165,z12,z00,toy-0010526,,,False,31.547302496388046,0.0,29.89941559191319,0.35,5.142956348249516,0
5,trip,4200,4218.309854494165,z22,z30,toy-0010528,,,False,44.71500000000037,0.0,43.06711309552552,0.35,5.142956348249516,0
58,trip,4200,4208.833333333333,z31,z32,toy-0010525,,,False,40.819662168882566,0.0,40.024662168882564,0.35,2.3,0
6,trip,4200,4212.008970644861,z22,z11,toy-0010529,,,False,33.83513474387909,0.0,32.754327385841655,0.35,3.2526911934581184,0
79,trip,4200,4228.809226445224,z32,z00,toy-0010530,,,False,42.54800072772921,0.0,39.955170347659056,0.35,8.292767933567175,0
25,trip,4200,4222.851274623054,z30,z12,toy-0010516,,,False,40.53049837944989,0.0,38.47388366337502,0.35,6.505382386916237,0
60,trip,4200,4225.410795394624,z31,z02,toy-0010524,,,False,47.89499999999956,0.0,45.60802841448338,0.35,7.273238618387272,0
4,visit,4200,4266.925903333555,z31,z31,,depot_south,central,False,7.702383332964341,40.98761666703566,47.309999999999995,4.6,0,24.592570000221393
70,visit,4200,4270.369215912775,z22,z22,,depot_west,central,False,16.368857704805862,0.0,12.46562827265612,13.010764773832474,0,0
34,visit,4200,4220.333333333333,z10,z10,,depot_west,local,False,46.30500000000033,0.0,44.925000000000324,4.6,0,0
29,visit,4200,4215.0,z11,z11,,hub_center,,True,22.56864178296394,17.77777777777778,40.13641956074172,0.7,0,10.666666666666668
0,trip,4205,4223.309854494165,z32,z11,toy-0010539,,,False,19.410041124724223,0.0,17.762154220249368,0.35,5.142956348249516,0
22,trip,4205,4223.309854494165,z20,z12,toy-0010535,,,False,18.32478736553116,0.0,16.676900461056306,0.35,5.142956348249516,0
35,trip,4205,4217.008970644861,z11,z20,toy-0010536,,,False,46.24711309552533,0.0,45.166305737487896,0.35,3.2526911934581184,0
8,trip,4205,4217.008970644861,z12,z01,toy-0010538,,,False,40.71130573748671,0.0,39.63049837944928,0.35,3.2526911934581184,0
42,trip,4205,4227.851274623054,z10,z32,toy-0010534,,,False,43.89169499024172,0.0,41.83508027416685,0.35,6.505382386916237,0
17,trip,4205,4213.833333333333,z21,z22,toy-0010537,,,False,26.410405322705707,0.0,25.615405322705705,0.35,2.3,0
40,trip,4205,4213.833333333333,z32,z22,toy-0010540,,,False,38.154334151971526,0.0,37.359334151971524,0.35,2.3,0
1,trip,4205,4229.809854494165,z00,z22,toy-0010533,,,False,47.89499999999933,0.0,45.662113095524475,2.3,5.142956348249516,0
13,visit,4205,4225.333333333333,z01,z01,,depot_west,local,False,45.6080284144832,0.0,44.2280284144832,4.6,0,0
32,visit,4205,4234.175628979753,z21,z21,,hub_inner,,False,6.701173922633367,41.40382607736663,47.894999999999996,0.7,0,24.84229564641998
21,visit,4205,4243.260468902184,z12,z12,,hub_center,,False,13.811440718582247,34.87855928141775,47.309999999999995,4.6,0,20.927135568850648
44,visit,4205,4220.0,z31,z31,,hub_core,,True,28.70322367768013,17.77777777777778,46.271001455457906,0.7,0,10.666666666666668
3,visit,4205,4220.0,z31,z31,,hub_core,,True,31.944348493737586,16.160651506262415,47.895,0.7,0,9.696390903757448
50,trip,4210,4222.008970644861,z01,z10,toy-0010546,,,False,21.621715756749914,0.0,20.540908398712478,0.35,3.2526911934581184,0
84,trip,4210,4232.851274623054,z12,z30,toy-0010554,,,False,37.72155049698019,0.0,35.664935780905324,0.35,6.505382386916237,0
37,trip,4210,4218.833333333333,z21,z11,toy-0010549,,,False,47.024192641962735,0.0,46.22919264196273,0.35,2.3,0
62,trip,4210,4218.833333333333,z30,z31,toy-0010545,,,False,47.894999999999946,0.0,47.099999999999945,0.35,2.3,0
15,trip,4210,4218.833333333333,z10,z11,toy-0010542,,,False,45.316676330449454,0.0,44.52167633044945,0.35,2.3,0
49,trip,4210,4228.309854494165,z11,z30,toy-0010547,,,False,47.89500000000001,0.0,46.24711309552516,0.35,5.142956348249516,0
26,trip,4210,4218.833333333333,z22,z32,toy-0010557,,,False,43.85757792588808,0.0,43.06257792588808,0.35,2.3,0
2,trip,4210,4235.410795394624,z31,z00,toy-0010550,,,False,43.862113095525494,0.0,41.57514151000931,0.35,7.273238618387272,0
9,trip,4210,4225.333333333333,z02,z11,toy-0010555,,,False,25.51828491352261,0.0,24.13828491352261,2.3,2.3,0
64,trip,4210,4228.309854494165,z31,z12,toy-0010552,,,False,47.89499999999998,0.0,46.24711309552513,0.35,5.142956348249516,0
41,trip,4210,4222.008970644861,z22,z31,toy-0010556,,,False,41.28352208249661,0.0,40.20271472445918,0.35,3.2526911934581184,0
45,trip,4210,4228.309854494165,z21,z00,toy-0010548,,,False,39.017334879700584,0.0,37.36944797522573,0.35,5.142956348249516,0
66,trip,4210,4222.008970644861,z20,z31,toy-0010543,,,False,38.195578653617225,0.0,37.11477129557979,0.35,3.2526911934581184,0
72,trip,4210,4222.008970644861,z30,z21,toy-0010544,,,False,47.89500000000016,0.0,46.81419264196273,0.35,3.2526911934581184,0
65,trip,4210,4222.008970644861,z31,z22,toy-0010553,,,False,44.40700098557609,0.0,43.32619362753866,0.35,3.2526911934581184,0
10,trip,4210,4232.851274623054,z00,z22,toy-0010541,,,False,42.82927291612893,0.0,40.77265820005406,0.35,6.505382386916237,0
73,trip,4210,4222.008970644861,z31,z20,toy-0010551,,,False,41.84302841448386,0.0,40.76222105644643,0.35,3.2526911934581184,0
52,visit,4210,4225.0,z32,z32,,hub_waterfront,local,True,37.5591054475507,10.5458945524493,47.894999999999996,0.7,0,6.327536731469579
58,visit,4210,4225.0,z32,z32,,hub_waterfront,local,True,40.024662168882514,8.080337831117482,47.894999999999996,0.7,0,4.84820269867049
63,visit,4210,4225.0,z00,z00,,depot_west,,True,27.450645751792273,17.77777777777778,45.01842352957005,0.7,0,10.666666666666668
14,visit,4210,4225.0,z32,z32,,hub_waterfront,,True,37.58725460553387,10.517745394466125,47.894999999999996,0.7,0,6.310647236679675
74,visit,4210,4225.0,z11,z11,,hub_center,,True,38.7841140811015,9.320885918898496,47.894999999999996,0.7,0,5.592531551339098
18,trip,4215,4227.008970644861,z21,z32,toy-0010560,,,False,24.542131530481882,0.0,23.461324172444446,0.35,3.2526911934581184,0
39,trip,4215,4223.833333333333,z32,z31,toy-0010568,,,False,43.57630573748741,0.0,42.78130573748741,0.35,2.3,0
17,trip,4215,4231.5,z22,z20,toy-0010565,,,False,25.615405322705648,0.0,24.13040532270565,0.35,4.6,0
46,trip,4215,4240.410795394624,z32,z01,toy-0010567,,,False,40.843729524904575,0.0,38.55675793938839,0.35,7.273238618387272,0
40,trip,4215,4223.833333333333,z22,z12,toy-0010566,,,False,37.359334151971474,0.0,36.56433415197147,0.35,2.3,0
47,trip,4215,4227.008970644861,z02,z11,toy-0010563,,,False,20.43137322907507,0.0,19.350565871037634,0.35,3.2526911934581184,0
23,trip,4215,4223.833333333333,z31,z21,toy-0010561,,,False,46.40999999999925,0.0,45.61499999999925,0.35,2.3,0
61,trip,4215,4233.309854494165,z00,z21,toy-0010558,,,False,40.548929222678375,0.0,38.90104231820352,0.35,5.142956348249516,0
6,trip,4215,4223.833333333333,z11,z21,toy-0010559,,,False,32.75432738584163,0.0,31.959327385841625,0.35,2.3,0
56,trip,4215,4233.309854494165,z02,z21,toy-0010564,,,False,36.090692476870835,0.0,34.44280557239598,0.35,5.142956348249516,0
76,trip,4215,4223.833333333333,z31,z32,toy-0010562,,,False,47.09999999999939,0.0,46.30499999999939,0.35,2.3,0
24,visit,4215,4272.666666666667,z32,z32,,depot_south,central,False,46.247113095525314,0.0,43.48711309552532,9.2,0,0
26,trip,4220,4238.309854494165,z32,z20,toy-0010579,,,False,43.06257792588803,0.0,41.41469102141318,0.35,5.142956348249516,0
69,trip,4220,4228.833333333333,z21,z31,toy-0010574,,,False,35.982159820602824,0.0,35.18715982060282,0.35,2.3,0
85,trip,4220,4228.833333333333,z21,z20,toy-0010573,,,False,47.8950000000004,0.0,47.1000000000004,0.35,2.3,0
33,trip,4220,4236.5,z20,z22,toy-0010570,,,False,42.156593285064126,0.0,40.67159328506413,0.35,4.6,0
59,trip,4220,4244.166666666667,z02,z32,toy-0010575,,,False,27.413716194797114,0.0,25.238716194797114,0.35,6.8999999999999995,0
15,trip,4220,4236.5,z11,z31,toy-0010571,,,False,44.5216763304494,0.0,43.0366763304494,0.35,4.6,0
48,trip,4220,4228.833333333333,z22,z21,toy-0010578,,,False,31.41525910125905,0.0,30.62025910125905,0.35,2.3,0
29,trip,4220,4228.833333333333,z11,z12,toy-0010572,,,False,40.13641956074225,0.0,39.341419560742246,0.35,2.3,0
12,trip,4220,4245.410795394624,z00,z31,toy-0010569,,,False,29.8994155919132,0.0,27.61244400639702,0.35,7.273238618387272,0
51,trip,4220,4242.851274623054,z22,z00,toy-0010577,,,False,44.371305737488065,0.0,42.314691021413196,0.35,6.505382386916237,0
37,trip,4220,4244.809854494165,z11,z31,toy-0010576,,,False,46.22919264196268,0.0,43.99630573748783,2.3,5.142956348249516,0
11,visit,4220,4235.0,z31,z31,,hub_core,local,True,37.636456640610454,10.468543359389543,47.894999999999996,0.7,0,6.281126015633726
62,visit,4220,4235.0,z31,z31,,hub_core,local,True,47.099999999999895,1.0050000000001023,47.894999999999996,0.7,0,0.6030000000000613
81,visit,4220,4235.0,z30,z30,,depot_south,,True,38.382052422093,9.722947577907,47.894999999999996,0.7,0,5.833768546744199
14,trip,4225,4237.008970644861,z32,z21,toy-0010586,,,False,47.89500000000027,0.0,46.81419264196284,0.35,3.2526911934581184,0
0,trip,4225,4243.309854494165,z11,z32,toy-0010583,,,False,17.76215422024938,0.0,16.114267315774523,0.35,5.142956348249516,0
3,trip,4225,4241.5,z31,z11,toy-0010585,,,False,47.89500000000032,0.0,46.41000000000032,0.35,4.6,0
55,trip,4225,4237.008970644861,z11,z22,toy-0010582,,,False,46.4100000000005,0.0,45.32919264196307,0.35,3.2526911934581184,0
35,trip,4225,4243.309854494165,z20,z32,toy-0010580,,,False,45.16630573748787,0.0,43.518418833013016,0.35,5.142956348249516,0
16,trip,4225,4243.309854494165,z31,z10,toy-0010584,,,False,47.8950000000006,0.0,46.24711309552575,0.35,5.142956348249516,0
8,trip,4225,4250.410795394624,z01,z32,toy-0010581,,,False,39.63049837944925,0.0,37.343526793933066,0.35,7.273238618387272,0
22,visit,4225,4245.333333333333,z12,z12,,hub_center,local,False,16.676900461056317,0.0,15.296900461056318,4.6,0,0
54,visit,4225,4251.6846079563875,z02,z02,,hub_center,local,False,39.268883663375256,0.0,37.317268947300384,6.505382386916237,0,0
76,visit,4225,4240.0,z32,z32,,hub_waterfront,local,True,46.30499999999934,1.8000000000006582,47.894999999999996,0.7,0,1.0800000000003949
27,visit,4225,4240.0,z32,z32,,hub_waterfront,,True,31.05771943589677,17.04728056410323,47.895,0.7,0,10.228368338461937
6,visit,4225,4240.0,z21,z21,,hub_inner,,True,31.959327385841576,16.145672614158425,47.895,0.7,0,9.687403568495055
66,visit,4225,4240.0,z31,z31,,hub_core,,True,37.114771295579764,10.99022870442023,47.894999999999996,0.7,0,6.594137222652139
39,trip,4230,4238.833333333333,z31,z21,toy-0010591,,,False,42.78130573748736,0.0,41.986305737487356,0.35,2.3,0
67,trip,4230,4238.833333333333,z20,z10,toy-0010588,,,False,43.06099559312552,0.0,42.26599559312552,0.35,2.3,0
1,trip,4230,4242.008970644861,z22,z31,toy-0010595,,,False,45.662113095524475,0.0,44.58130573748704,0.35,3.2526911934581184,0
45,trip,4230,4246.5,z00,z20,toy-0010587,,,False,37.36944797522574,0.0,35.88444797522574,0.35,4.6,0
41,trip,4230,4238.833333333333,z31,z30,toy-0010590,,,False,40.20271472445915,0.0,39.40771472445915,0.35,2.3,0
18,trip,4230,4246.5,z32,z12,toy-0010597,,,False,23.461324172444417,0.0,21.976324172444418,0.35,4.6,0
25,trip,4230,4246.5,z12,z32,toy-0010594,,,False,38.473883663374984,0.0,36.988883663374985,0.35,4.6,0
38,trip,4230,4238.833333333333,z32,z31,toy-0010596,,,False,45.3021696199293,0.0,44.5071696199293,0.35,2.3,0
29,trip,4230,4242.008970644861,z12,z21,toy-0010593,,,False,39.341419560742196,0.0,38.26061220270476,0.35,3.2526911934581184,0
23,trip,4230,4248.309854494165,z21,z02,toy-0010589,,,False,45.6149999999992,0.0,43.96711309552435,0.35,5.142956348249516,0
60,trip,4230,4255.410795394624,z02,z31,toy-0010592,,,False,45.60802841448331,0.0,43.32105682896712,0.35,7.273238618387272,0
42,trip,4230,4238.833333333333,z32,z22,toy-0010598,,,False,41.83508027416681,0.0,41.04008027416681,0.35,2.3,0
48,visit,4230,4245.0,z21,z21,,hub_inner,,True,30.62025910125899,17.48474089874101,47.895,0.7,0,10.490844539244605
80,trip,4235,4251.5,z02,z22,toy-0010607,,,False,40.58042280184047,0.0,39.09542280184047,0.35,4.6,0
11,trip,4235,4247.008970644861,z31,z22,toy-0010605,,,False,47.89500000000052,0.0,46.81419264196309,0.35,3.2526911934581184,0
9,trip,4235,4247.008970644861,z11,z02,toy-0010603,,,False,24.138284913522558,0.0,23.05747755548512,0.35,3.2526911934581184,0
40,trip,4235,4243.833333333333,z12,z22,toy-0010609,,,False,36.56433415197142,0.0,35.76933415197142,0.35,2.3,0
10,trip,4235,4253.309854494165,z22,z10,toy-0010610,,,False,40.772658200054025,0.0,39.12477129557917,0.35,5.142956348249516,0
32,trip,4235,4243.833333333333,z21,z22,toy-0010604,,,False,47.89500000000015,0.0,47.10000000000015,0.35,2.3,0
64,trip,4235,4253.309854494165,z12,z20,toy-0010608,,,False,46.24711309552514,0.0,44.599226191050285,0.35,5.142956348249516,0
7,trip,4235,4253.309854494165,z10,z31,toy-0010600,,,False,30.5447245705007,0.0,28.896837666025846,0.35,5.142956348249516,0
17,trip,4235,4247.008970644861,z20,z31,toy-0010602,,,False,24.130405322705645,0.0,23.04959796466821,0.35,3.2526911934581184,0
63,trip,4235,4253.309854494165,z00,z12,toy-0010599,,,False,45.01842352957058,0.0,43.37053662509573,0.35,5.142956348249516,0
44,trip,4235,4243.833333333333,z31,z32,toy-0010606,,,False,46.27100145545844,0.0,45.47600145545844,0.35,2.3,0
73,trip,4235,4247.008970644861,z20,z11,toy-0010601,,,False,40.7622210564464,0.0,39.68141369840897,0.35,3.2526911934581184,0
56,visit,4235,4250.0,z21,z21,,hub_inner,,True,34.44280557239599,13.662194427604009,47.894999999999996,0.7,0,8.197316656562405
69,visit,4235,4250.0,z31,z31,,hub_core,,True,35.18715982060277,12.917840179397224,47.894999999999996,0.7,0,7.7507041076383345
84,visit,4235,4250.0,z30,z30,,depot_south,,True,35.66493578090529,12.440064219094706,47.894999999999996,0.7,0,7.464038531456825
6,trip,4240,4252.008970644861,z21,z32,toy-0010613,,,False,47.894999999999904,0.0,46.81419264196247,0.35,3.2526911934581184,0
33,trip,4240,4248.833333333333,z22,z32,toy-0010616,,,False,40.67159328506413,0.0,39.876593285064125,0.35,2.3,0
42,trip,4240,4252.008970644861,z22,z11,toy-0010615,,,False,41.04008027416676,0.0,39.95927291612933,0.35,3.2526911934581184,0
14,trip,4240,4248.833333333333,z21,z31,toy-0010612,,,False,46.81419264196281,0.0,46.01919264196281,0.35,2.3,0
27,trip,4240,4258.309854494165,z32,z11,toy-0010618,,,False,47.89500000000027,0.0,46.24711309552542,0.35,5.142956348249516,0
15,trip,4240,4252.008970644861,z31,z20,toy-0010614,,,False,43.0366763304494,0.0,41.95586897241197,0.35,3.2526911934581184,0
52,trip,4240,4256.5,z32,z30,toy-0010617,,,False,47.89500000000063,0.0,46.41000000000063,0.35,4.6,0
13,trip,4240,4258.309854494165,z01,z22,toy-0010611,,,False,44.228028414483134,0.0,42.58014151000828,0.35,5.142956348249516,0
61,visit,4240,4255.0,z21,z21,,hub_inner,,True,38.90104231820353,9.203957681796469,47.894999999999996,0.7,0,5.522374609077881
26,trip,4245,4253.833333333333,z20,z21,toy-0010620,,,False,41.414691021413184,0.0,40.61969102141318,0.35,2.3,0
16,trip,4245,4261.5,z10,z12,toy-0010619,,,False,46.247113095525755,0.0,44.762113095525756,0.35,4.6,0
0,trip,4245,4253.833333333333,z32,z31,toy-0010626,,,False,16.114267315774534,0.0,15.319267315774534,0.35,2.3,0
28,trip,4245,4269.166666666667,z01,z31,toy-0010621,,,False,20.446993517801335,0.0,18.271993517801334,0.35,6.8999999999999995,0
39,trip,4245,4257.008970644861,z21,z12,toy-0010623,,,False,41.98630573748731,0.0,40.905498379449874,0.35,3.2526911934581184,0
1,trip,4245,4263.309854494165,z31,z12,toy-0010624,,,False,44.581305737487014,0.0,42.93341883301216,0.35,5.142956348249516,0
35,trip,4245,4257.008970644861,z32,z21,toy-0010625,,,False,43.51841883301302,0.0,42.43761147497559,0.35,3.2526911934581184,0
3,trip,4245,4261.5,z11,z31,toy-0010622,,,False,46.41000000000032,0.0,44.925000000000324,0.35,4.6,0
40,visit,4245,4265.333333333333,z22,z22,,hub_inner,local,False,35.76933415197137,0.0,34.38933415197137,4.6,0,0
32,visit,4245,4265.333333333333,z22,z22,,hub_waterfront,local,False,47.1000000000001,0.0,45.7200000000001,4.6,0,0
47,visit,4245,4260.0,z11,z11,,hub_center,,True,19.350565871037606,17.77777777777778,36.91834364881539,0.7,0,10.666666666666668
59,visit,4245,4260.0,z32,z32,,hub_waterfront,,True,25.238716194797085,17.77777777777778,42.80649397257486,0.7,0,10.666666666666668
25,trip,4250,4274.166666666667,z32,z02,toy-0010638,,,False,36.988883663374985,0.0,34.81388366337499,0.35,6.8999999999999995,0
36,trip,4250,4268.309854494165,z01,z20,toy-0010629,,,False,39.23796717864116,0.0,37.59008027416631,0.35,5.142956348249516,0
12,trip,4250,4274.166666666667,z31,z01,toy-0010632,,,False,27.612444006396952,0.0,25.43744400639695,0.35,6.8999999999999995,0
17,trip,4250,4258.833333333333,z31,z32,toy-0010634,,,False,23.04959796466818,0.0,22.25459796466818,0.35,2.3,0
48,trip,4250,4258.833333333333,z21,z11,toy-0010631,,,False,47.89500000000026,0.0,47.10000000000026,0.35,2.3,0
19,trip,4250,4258.833333333333,z11,z01,toy-0010630,,,False,47.02419264196298,0.0,46.22919264196298,0.35,2.3,0
11,trip,4250,4262.008970644861,z22,z31,toy-0010636,,,False,46.81419264196306,0.0,45.73338528392563,0.35,3.2526911934581184,0
55,trip,4250,4258.833333333333,z22,z21,toy-0010635,,,False,45.32919264196304,0.0,44.53419264196304,0.35,2.3,0
37,trip,4250,4258.833333333333,z31,z21,toy-0010633,,,False,43.99630573748783,0.0,43.20130573748783,0.35,2.3,0
33,trip,4250,4272.851274623054,z32,z10,toy-0010637,,,False,39.876593285064075,0.0,37.81997856898921,0.35,6.505382386916237,0
5,trip,4250,4266.5,z30,z32,toy-0010628,,,False,43.06711309552553,0.0,41.58211309552553,0.35,4.6,0
20,trip,4250,4262.008970644861,z10,z21,toy-0010627,,,False,39.36730133061185,0.0,38.28649397257442,0.35,3.2526911934581184,0
45,visit,4250,4292.333333333333,z20,z20,,depot_south,central,False,35.88444797522574,0.0,34.50444797522574,4.6,0,0
29,visit,4250,4265.0,z21,z21,,hub_inner,local,True,38.260612202704735,9.844387797295262,47.894999999999996,0.7,0,5.906632678377157
14,visit,4250,4265.0,z31,z31,,hub_core,local,True,46.01919264196276,2.0858073580372367,47.894999999999996,0.7,0,1.2514844148223419
0,trip,4255,4267.008970644861,z31,z22,toy-0010645,,,False,15.319267315774479,0.0,14.238459957737042,0.35,3.2526911934581184,0
42,trip,4255,4263.833333333333,z11,z21,toy-0010641,,,False,39.9592729161293,0.0,39.1642729161293,0.35,2.3,0
6,trip,4255,4273.309854494165,z32,z20,toy-0010646,,,False,46.81419264196244,0.0,45.16630573748759,0.35,5.142956348249516,0
10,trip,4255,4277.851274623054,z10,z32,toy-0010639,,,False,39.12477129557918,0.0,37.06815657950431,0.35,6.505382386916237,0
7,trip,4255,4271.5,z31,z11,toy-0010644,,,False,28.896837666025856,0.0,27.411837666025857,0.35,4.6,0
26,trip,4255,4267.008970644861,z21,z10,toy-0010642,,,False,40.61969102141313,0.0,39.5388836633757,0.35,3.2526911934581184,0
56,trip,4255,4263.833333333333,z21,z31,toy-0010643,,,False,47.89499999999958,0.0,47.099999999999575,0.35,2.3,0
15,trip,4255,4273.309854494165,z20,z01,toy-0010640,,,False,41.95586897241194,0.0,40.30798206793709,0.35,5.142956348249516,0
8,visit,4255,4270.0,z32,z32,,hub_waterfront,local,True,37.343526793932995,10.761473206067002,47.894999999999996,0.7,0,6.456883923640202
64,visit,4255,4297.333333333333,z20,z20,,depot_south,central,False,44.59922619105029,0.0,43.21922619105029,4.6,0,0
44,trip,4260,4268.833333333333,z32,z22,toy-0010651,,,False,45.47600145545839,0.0,44.681001455458386,0.35,2.3,0
78,trip,4260,4278.309854494165,z20,z32,toy-0010647,,,False,19.624665062843953,0.0,17.976778158369097,0.35,5.142956348249516,0
13,trip,4260,4276.5,z22,z02,toy-0010650,,,False,42.58014151000829,0.0,41.09514151000829,0.35,4.6,0
18,trip,4260,4278.309854494165,z12,z31,toy-0010648,,,False,21.976324172444414,0.0,20.32843726796956,0.35,5.142956348249516,0
65,trip,4260,4278.309854494165,z22,z01,toy-0010649,,,False,43.32619362753863,0.0,41.67830672306378,0.35,5.142956348249516,0
17,visit,4260,4275.0,z32,z32,,hub_waterfront,local,True,22.254597964668122,12.777777777777779,34.8223757424459,0.7,0,7.666666666666668
35,visit,4260,4275.0,z21,z21,,hub_inner,local,True,42.43761147497556,5.667388525024435,47.894999999999996,0.7,0,3.4004331150146614
37,visit,4260,4308.6846079563875,z21,z21,,depot_south,central,False,43.20130573748778,0.0,41.24969102141291,6.505382386916237,0,0
60,visit,4260,4275.0,z31,z31,,hub_core,local,True,43.32105682896705,4.783943171032945,47.894999999999996,0.7,0,2.870365902619767
47,visit,4260,4275.0,z11,z11,,hub_center,,True,36.91834364881591,11.186656351184086,47.894999999999996,0.7,0,6.71199381071045
20,trip,4265,4277.008970644861,z21,z32,toy-0010658,,,False,38.28649397257439,0.0,37.20568661453696,0.35,3.2526911934581184,0
41,trip,4265,4273.833333333333,z30,z31,toy-0010655,,,False,39.4077147244591,0.0,38.612714724459096,0.35,2.3,0
58,trip,4265,4273.833333333333,z32,z31,toy-0010661,,,False,47.89499999999966,0.0,47.09999999999966,0.35,2.3,0
68,trip,4265,4281.5,z22,z20,toy-0010660,,,False,41.39703453466328,0.0,39.91203453466328,0.35,4.6,0
9,trip,4265,4273.833333333333,z02,z12,toy-0010659,,,False,23.057477555485093,0.0,22.26247755548509,0.35,2.3,0
29,trip,4265,4273.833333333333,z21,z20,toy-0010657,,,False,47.894999999999364,0.0,47.09999999999936,0.35,2.3,0
34,trip,4265,4281.5,z10,z30,toy-0010654,,,False,44.92500000000026,0.0,43.44000000000026,0.35,4.6,0
2,trip,4265,4277.008970644861,z00,z11,toy-0010653,,,False,41.57514151000924,0.0,40.494334151971806,0.35,3.2526911934581184,0
51,trip,4265,4273.833333333333,z00,z01,toy-0010652,,,False,42.31469102141316,0.0,41.51969102141316,0.35,2.3,0
27,trip,4265,4283.309854494165,z11,z32,toy-0010656,,,False,46.24711309552543,0.0,44.599226191050576,0.35,5.142956348249516,0
56,visit,4265,4307.333333333333,z31,z31,,depot_south,central,False,47.099999999999525,0.0,45.71999999999952,4.6,0,0
3,trip,4270,4282.008970644861,z31,z20,toy-0010668,,,False,44.925000000000324,0.0,43.84419264196289,0.35,3.2526911934581184,0
36,trip,4270,4282.008970644861,z20,z31,toy-0010662,,,False,37.59008027416632,0.0,36.509272916128886,0.35,3.2526911934581184,0
48,trip,4270,4282.008970644861,z11,z20,toy-0010663,,,False,47.10000000000021,0.0,46.019192641962775,0.35,3.2526911934581184,0
4,trip,4270,4278.833333333333,z31,z32,toy-0010669,,,False,47.31000000000047,0.0,46.51500000000047,0.35,2.3,0
42,trip,4270,4278.833333333333,z21,z22,toy-0010666,,,False,39.16427291612925,0.0,38.36927291612925,0.35,2.3,0
11,trip,4270,4288.309854494165,z31,z10,toy-0010667,,,False,45.7333852839256,0.0,44.08549837945075,0.35,5.142956348249516,0
73,trip,4270,4282.008970644861,z11,z22,toy-0010664,,,False,39.68141369840894,0.0,38.600606340371506,0.35,3.2526911934581184,0
55,trip,4270,4286.5,z21,z01,toy-0010665,,,False,44.53419264196299,0.0,43.04919264196299,0.35,4.6,0
32,trip,4270,4278.833333333333,z22,z32,toy-0010670,,,False,45.720000000000034,0.0,44.92500000000003,0.35,2.3,0
0,visit,4270,4311.004257358692,z22,z22,,hub_inner,local,False,14.238459957737016,34.451540042262984,47.309999999999995,4.6,0,20.67092402535779
26,visit,4270,4290.333333333333,z10,z10,,depot_west,local,False,39.53888366337567,0.0,38.15888366337567,4.6,0,0
28,visit,4270,4285.0,z31,z31,,hub_core,,True,18.271993517801306,17.77777777777778,35.839771295579084,0.7,0,10.666666666666668
14,trip,4275,4283.833333333333,z31,z21,toy-0010673,,,False,47.89500000000054,0.0,47.10000000000054,0.35,2.3,0
40,trip,4275,4287.008970644861,z22,z31,toy-0010674,,,False,34.389334151971305,0.0,33.30852679393387,0.35,3.2526911934581184,0
6,trip,4275,4291.5,z20,z22,toy-0010671,,,False,45.1663057374876,0.0,43.6813057374876,0.35,4.6,0
12,trip,4275,4291.5,z01,z21,toy-0010672,,,False,25.437444006396923,0.0,23.952444006396924,0.35,4.6,0
25,visit,4275,4301.6846079563875,z02,z02,,hub_center,local,False,34.81388366337495,0.0,32.86226894730008,6.505382386916237,0,0
41,visit,4275,4290.0,z31,z31,,hub_core,local,True,38.612714724459046,9.49228527554095,47.894999999999996,0.7,0,5.695371165324571
51,visit,4275,4295.333333333333,z01,z01,,depot_west,local,False,41.51969102141311,0.0,40.13969102141311,4.6,0,0
70,visit,4275,4314.0679563697395,z22,z22,,hub_inner,,False,12.465628272656122,36.22437172734388,47.309999999999995,4.6,0,21.73462303640633
7,visit,4275,4290.0,z11,z11,,hub_center,,True,27.411837666025853,17.77777777777778,44.97961544380363,0.7,0,10.666666666666668
17,visit,4275,4290.0,z32,z32,,hub_waterfront,,True,34.82237574244643,13.282624257553566,47.894999999999996,0.7,0,7.969574554532139
18,trip,4280,4305.410795394624,z31,z00,toy-0010678,,,False,20.32843726796957,0.0,18.04146568245339,0.35,7.273238618387272,0
2,trip,4280,4296.5,z11,z31,toy-0010677,,,False,40.49433415197178,0.0,39.00933415197178,0.35,4.6,0
33,trip,4280,4298.309854494165,z10,z22,toy-0010675,,,False,37.81997856898917,0.0,36.17209166451432,0.35,5.142956348249516,0
4,trip,4280,4298.309854494165,z32,z11,toy-0010680,,,False,46.51500000000042,0.0,44.86711309552557,0.35,5.142956348249516,0
38,trip,4280,4292.008970644861,z31,z22,toy-0010679,,,False,44.50716961992925,0.0,43.42636226189182,0.35,3.2526911934581184,0
49,trip,4280,4298.309854494165,z30,z22,toy-0010676,,,False,46.247113095525165,0.0,44.59922619105031,0.35,5.142956348249516,0
5,trip,4280,4292.008970644861,z32,z21,toy-0010681,,,False,41.58211309552553,0.0,40.501305737488096,0.35,3.2526911934581184,0
10,visit,4280,4295.0,z32,z32,,hub_waterfront,local,True,37.068156579504276,11.036843420495721,47.894999999999996,0.7,0,6.622106052297433
78,visit,4280,4295.0,z32,z32,,hub_waterfront,,True,17.976778158369108,17.77777777777778,35.544555936146885,0.7,0,10.666666666666668
14,trip,4285,4293.833333333333,z21,z31,toy-0010683,,,False,47.10000000000049,0.0,46.30500000000049,0.35,2.3,0
28,trip,4285,4310.410795394624,z31,z02,toy-0010684,,,False,35.83977129557962,0.0,33.55279971006343,0.35,7.273238618387272,0
1,trip,4285,4301.5,z12,z32,toy-0010686,,,False,42.93341883301217,0.0,41.44841883301217,0.35,4.6,0
8,trip,4285,4301.5,z32,z12,toy-0010688,,,False,47.894999999999456,0.0,46.40999999999946,0.35,4.6,0
20,trip,4285,4310.410795394624,z32,z01,toy-0010687,,,False,37.20568661453693,0.0,34.918715029020746,0.35,7.273238618387272,0
13,trip,4285,4307.851274623054,z02,z20,toy-0010685,,,False,41.09514151000829,0.0,39.03852679393342,0.35,6.505382386916237,0
43,trip,4285,4303.309854494165,z10,z31,toy-0010682,,,False,37.01219336969127,0.0,35.364306465216416,0.35,5.142956348249516,0
36,visit,4285,4300.0,z31,z31,,hub_core,,True,36.50927291612886,11.59572708387114,47.894999999999996,0.7,0,6.957436250322684
35,trip,4290,4302.008970644861,z21,z30,toy-0010692,,,False,47.89499999999967,0.0,46.81419264196224,0.35,3.2526911934581184,0
7,trip,4290,4298.833333333333,z11,z10,toy-0010691,,,False,44.979615443804164,0.0,44.18461544380416,0.35,2.3,0
42,trip,4290,4298.833333333333,z22,z12,toy-0010694,,,False,38.3692729161292,0.0,37.574272916129196,0.35,2.3,0
40,trip,4290,4306.5,z31,z11,toy-0010693,,,False,33.308526793933844,0.0,31.823526793933844,0.35,4.6,0
17,trip,4290,4298.833333333333,z32,z31,toy-0010695,,,False,47.89500000000022,0.0,47.10000000000022,0.35,2.3,0
71,trip,4290,4318.809226445224,z00,z32,toy-0010690,,,False,47.895000000000586,0.0,45.30216961993043,0.35,8.292767933567175,0
79,trip,4290,4315.410795394624,z00,z31,toy-0010689,,,False,39.95517034765901,0.0,37.66819876214283,0.35,7.273238618387272,0
14,trip,4295,4303.833333333333,z31,z32,toy-0010699,,,False,46.30500000000044,0.0,45.51000000000044,0.35,2.3,0
3,trip,4295,4303.833333333333,z20,z30,toy-0010696,,,False,43.84419264196286,0.0,43.04919264196286,0.35,2.3,0
41,trip,4295,4313.309854494165,z31,z12,toy-0010698,,,False,47.895000000000685,0.0,46.24711309552583,0.35,5.142956348249516,0
6,trip,4295,4303.833333333333,z22,z21,toy-0010701,,,False,43.6813057374876,0.0,42.886305737487596,0.35,2.3,0
10,trip,4295,4323.809226445224,z32,z00,toy-0010702,,,False,47.89500000000017,0.0,45.30216961993001,0.35,8.292767933567175,0
53,trip,4295,4303.833333333333,z31,z30,toy-0010697,,,False,45.13500000000019,0.0,44.34000000000019,0.35,2.3,0
9,trip,4295,4307.008970644861,z12,z21,toy-0010700,,,False,22.262477555485034,0.0,21.1816701974476,0.35,3.2526911934581184,0
12,visit,4295,4310.0,z21,z21,,hub_inner,,True,23.95244400639692,17.77777777777778,41.5202217841747,0.7,0,10.666666666666668
78,visit,4295,4310.0,z32,z32,,hub_waterfront,,True,35.54455593614742,12.560444063852579,47.894999999999996,0.7,0,7.536266438311547
24,trip,4300,4308.833333333333,z32,z22,toy-0010709,,,False,43.48711309552535,0.0,42.69211309552535,0.35,2.3,0
33,trip,4300,4312.008970644861,z22,z11,toy-0010708,,,False,36.172091664514326,0.0,35.091284306476894,0.35,3.2526911934581184,0
34,trip,4300,4318.309854494165,z30,z11,toy-0010703,,,False,43.44000000000026,0.0,41.79211309552541,0.35,5.142956348249516,0
4,trip,4300,4312.008970644861,z11,z00,toy-0010705,,,False,44.867113095525575,0.0,43.78630573748814,0.35,3.2526911934581184,0
2,trip,4300,4308.833333333333,z31,z21,toy-0010706,,,False,39.00933415197178,0.0,38.21433415197178,0.35,2.3,0
38,trip,4300,4318.309854494165,z22,z30,toy-0010707,,,False,43.42636226189179,0.0,41.77847535741694,0.35,5.142956348249516,0
15,trip,4300,4325.410795394624,z01,z32,toy-0010704,,,False,40.3079820679371,0.0,38.02101048242091,0.35,7.273238618387272,0
42,visit,4300,4361.286375654997,z12,z12,,depot_west,central,False,37.574272916129146,0.0,34.488499107179436,10.285912696499032,0,0
44,trip,4305,4317.008970644861,z22,z31,toy-0010717,,,False,44.681001455458336,0.0,43.6001940974209,0.35,3.2526911934581184,0
5,trip,4305,4313.833333333333,z21,z11,toy-0010714,,,False,40.50130573748807,0.0,39.706305737488066,0.35,2.3,0
29,trip,4305,4323.309854494165,z20,z12,toy-0010711,,,False,47.09999999999931,0.0,45.45211309552446,0.35,5.142956348249516,0
3,trip,4305,4333.809226445224,z30,z02,toy-0010713,,,False,43.04919264196281,0.0,40.45636226189266,0.35,8.292767933567175,0
6,trip,4305,4317.008970644861,z21,z32,toy-0010715,,,False,42.88630573748755,0.0,41.805498379450114,0.35,3.2526911934581184,0
45,trip,4305,4313.833333333333,z20,z21,toy-0010710,,,False,34.50444797522567,0.0,33.70944797522567,0.35,2.3,0
8,trip,4305,4313.833333333333,z12,z11,toy-0010716,,,False,46.40999999999946,0.0,45.614999999999455,0.35,2.3,0
35,trip,4305,4317.008970644861,z30,z21,toy-0010712,,,False,46.81419264196221,0.0,45.733385283924775,0.35,3.2526911934581184,0
43,visit,4305,4320.0,z31,z31,,hub_core,,True,35.36430646521642,12.740693534783572,47.894999999999996,0.7,0,7.644416120870144
24,trip,4310,4318.833333333333,z22,z32,toy-0010723,,,False,42.6921130955253,0.0,41.8971130955253,0.35,2.3,0
9,trip,4310,4318.833333333333,z21,z31,toy-0010722,,,False,21.18167019744757,0.0,20.38667019744757,0.35,2.3,0
7,trip,4310,4318.833333333333,z10,z20,toy-0010718,,,False,44.18461544380411,0.0,43.38961544380411,0.35,2.3,0
13,trip,4310,4322.008970644861,z20,z31,toy-0010719,,,False,39.038526793933386,0.0,37.95771943589595,0.35,3.2526911934581184,0
19,trip,4310,4334.166666666667,z01,z31,toy-0010720,,,False,46.22919264196293,0.0,44.054192641962935,0.35,6.8999999999999995,0
40,trip,4310,4318.833333333333,z11,z21,toy-0010721,,,False,31.823526793933844,0.0,31.028526793933842,0.35,2.3,0
2,visit,4310,4325.0,z21,z21,,hub_inner,local,True,38.21433415197173,9.89066584802827,47.894999999999996,0.7,0,5.934399508816962
18,visit,4310,4325.0,z00,z00,,depot_west,,True,18.04146568245332,17.77777777777778,35.6092434602311,0.7,0,10.666666666666668
1,trip,4315,4323.833333333333,z32,z31,toy-0010736,,,False,41.44841883301217,0.0,40.65341883301217,0.35,2.3,0
8,trip,4315,4333.309854494165,z11,z32,toy-0010727,,,False,45.614999999999405,0.0,43.96711309552455,0.35,5.142956348249516,0
14,trip,4315,4327.008970644861,z32,z21,toy-0010735,,,False,45.51000000000039,0.0,44.429192641962956,0.35,3.2526911934581184,0
16,trip,4315,4323.833333333333,z12,z22,toy-0010733,,,False,44.762113095525756,0.0,43.967113095525754,0.35,2.3,0
17,trip,4315,4327.008970644861,z31,z20,toy-0010729,,,False,47.10000000000017,0.0,46.01919264196274,0.35,3.2526911934581184,0
21,trip,4315,4333.309854494165,z12,z31,toy-0010732,,,False,47.30999999999994,0.0,45.662113095525086,0.35,5.142956348249516,0
36,trip,4315,4339.166666666667,z31,z01,toy-0010730,,,False,47.89499999999988,0.0,45.719999999999885,0.35,6.8999999999999995,0
12,trip,4315,4323.833333333333,z21,z22,toy-0010728,,,False,41.52022178417523,0.0,40.725221784175226,0.35,2.3,0
11,trip,4315,4323.833333333333,z10,z11,toy-0010724,,,False,44.085498379450755,0.0,43.29049837945075,0.35,2.3,0
56,trip,4315,4327.008970644861,z31,z22,toy-0010731,,,False,45.71999999999946,0.0,44.639192641962026,0.35,3.2526911934581184,0
46,trip,4315,4323.833333333333,z01,z11,toy-0010726,,,False,38.55675793938832,0.0,37.76175793938832,0.35,2.3,0
27,trip,4315,4333.309854494165,z32,z20,toy-0010734,,,False,44.59922619105058,0.0,42.95133928657573,0.35,5.142956348249516,0
48,trip,4315,4333.309854494165,z20,z32,toy-0010725,,,False,46.019192641962746,0.0,44.371305737487894,0.35,5.142956348249516,0
20,visit,4315,4335.333333333333,z01,z01,,depot_west,local,False,34.918715029020674,0.0,33.53871502902067,4.6,0,0
5,visit,4315,4330.0,z11,z11,,hub_center,local,True,39.706305737488016,8.398694262511981,47.894999999999996,0.7,0,5.0392165575071886
45,visit,4315,4330.0,z21,z21,,hub_inner,,True,33.70944797522562,14.395552024774377,47.894999999999996,0.7,0,8.637331214864625
33,visit,4315,4330.0,z11,z11,,hub_center,,True,35.091284306476865,13.013715693523132,47.894999999999996,0.7,0,7.808229416113879
