time_minutes,vehicle_id,anchor_zone,energy_kwh,soc,activity,remaining_minutes,pending_service
1445,0,z21,44.02959224157108,0.733826537359518,idle,0,
1445,1,z02,25.773257455328256,0.4295542909221376,visit,24.17834950499673,
1445,2,z20,43.22302841448365,0.7203838069080608,trip,8.309854494165165,
1450,0,z21,44.02959224157108,0.733826537359518,idle,0,
1450,1,z02,34.10659078866159,0.5684431798110265,visit,19.17834950499673,
1450,2,z20,42.77302841448365,0.7128838069080607,trip,3.3098544941651653,
1455,0,z21,43.579592241571085,0.7263265373595181,trip,3.8333333333332575,
1455,1,z02,42.43992412199493,0.7073320686999155,visit,14.178349504996731,
1455,2,z12,42.47514151000878,0.707919025166813,idle,0,
1460,0,z31,43.23459224157107,0.7205765373595179,idle,0,
1460,1,z02,47.85024409741219,0.7975040682902031,visit,9.178349504996731,
1460,2,z12,42.47514151000878,0.707919025166813,idle,0,
1465,0,z31,42.784592241571076,0.7130765373595179,trip,7.008970644860483,
1465,1,z02,47.400244097412184,0.7900040682902031,visit,4.178349504996731,
1465,2,z12,42.02514151000879,0.7004190251668131,trip,11.5,
1470,0,z31,42.33459224157107,0.7055765373595179,trip,2.008970644860483,
1470,1,z02,47.02419264196248,0.783736544032708,idle,0,
1470,2,z12,41.575141510008784,0.692919025166813,trip,6.5,
1475,0,z20,42.15378488353363,0.7025630813922272,idle,0,
1475,1,z02,47.02419264196248,0.783736544032708,idle,0,
1475,2,z12,41.12514151000878,0.685419025166813,trip,1.5,
1480,0,z20,42.15378488353363,0.7025630813922272,idle,0,
1480,1,z02,47.02419264196248,0.783736544032708,idle,0,
1480,2,z32,40.99014151000878,0.6831690251668131,idle,0,
1485,0,z20,42.15378488353363,0.7025630813922272,idle,0,
1485,1,z02,47.02419264196248,0.783736544032708,idle,0,
1485,2,z32,40.99014151000878,0.6831690251668131,idle,0,
1490,0,z20,42.15378488353363,0.7025630813922272,idle,0,
1490,1,z02,47.02419264196248,0.783736544032708,idle,0,
1490,2,z32,40.99014151000878,0.6831690251668131,idle,0,
1495,0,z20,42.15378488353363,0.7025630813922272,idle,0,
1495,1,z02,47.02419264196248,0.783736544032708,idle,0,
1495,2,z32,40.54014151000879,0.6756690251668132,trip,23.809226445223885,
1500,0,z20,42.15378488353363,0.7025630813922272,idle,0,
1500,1,z02,47.02419264196248,0.783736544032708,idle,0,
1500,2,z32,40.090141510008785,0.6681690251668131,trip,18.809226445223885,
1505,0,z20,42.15378488353363,0.7025630813922272,idle,0,
1505,1,z02,47.02419264196248,0.783736544032708,idle,0,
1505,2,z32,39.64014151000878,0.660669025166813,trip,13.809226445223885,
1510,0,z20,42.15378488353363,0.7025630813922272,idle,0,
1510,1,z02,47.02419264196248,0.783736544032708,idle,0,
1510,2,z32,39.19014151000878,0.653169025166813,trip,8.809226445223885,
1515,0,z20,41.703784883533636,0.6950630813922273,trip,7.008970644860483,
1515,1,z02,46.57419264196248,0.776236544032708,trip,20.4107953946243,
1515,2,z32,38.740141510008776,0.6456690251668129,trip,3.809226445223885,
1520,0,z20,41.25378488353363,0.6875630813922272,trip,2.008970644860483,
1520,1,z02,46.12419264196248,0.768736544032708,trip,15.410795394624301,
1520,2,z00,38.39731112993863,0.6399551854989771,idle,0,
1525,0,z31,41.07297752549619,0.6845496254249366,idle,0,
1525,1,z02,45.67419264196248,0.7612365440327079,trip,10.410795394624301,
1525,2,z00,41.347866685494054,0.6891311114249009,visit,10.0,
1530,0,z31,40.6229775254962,0.6770496254249366,trip,3.8333333333332575,
1530,1,z02,45.224192641962475,0.753736544032708,trip,5.4107953946243015,
1530,2,z00,47.90921519898335,0.7984869199830558,visit,5.0,
1535,0,z32,40.27797752549618,0.6712996254249364,idle,0,
1535,1,z02,44.77419264196247,0.7462365440327079,trip,0.4107953946243015,
1535,2,z00,47.89500000000002,0.7982500000000002,idle,0,
1540,0,z32,40.27797752549618,0.6712996254249364,idle,0,
1540,1,z31,44.73722105644629,0.7456203509407715,idle,0,
1540,2,z00,47.89500000000002,0.7982500000000002,idle,0,
1545,0,z32,39.82797752549619,0.6637996254249364,trip,13.309854494165165,
1545,1,z31,44.28722105644629,0.7381203509407716,trip,7.008970644860483,
1545,2,z00,47.89500000000002,0.7982500000000002,idle,0,
1550,0,z32,39.377977525496185,0.6562996254249364,trip,8.309854494165165,
1550,1,z31,43.83722105644629,0.7306203509407715,trip,2.008970644860483,
1550,2,z00,47.89500000000002,0.7982500000000002,idle,0,
1555,0,z32,38.92797752549618,0.6487996254249364,trip,3.3098544941651653,
1555,1,z20,43.65641369840885,0.7276068949734807,idle,0,
1555,2,z00,47.89500000000002,0.7982500000000002,idle,0,
1560,0,z20,38.63009062102132,0.6438348436836886,idle,0,
1560,1,z20,43.20641369840885,0.7201068949734809,trip,7.008970644860483,
1560,2,z00,47.89500000000002,0.7982500000000002,idle,0,
1565,0,z20,38.63009062102132,0.6438348436836886,idle,0,
1565,1,z20,42.75641369840885,0.7126068949734808,trip,2.008970644860483,
1565,2,z00,47.89500000000002,0.7982500000000002,idle,0,
1570,0,z20,38.63009062102132,0.6438348436836886,idle,0,
1570,1,z11,42.57560634037141,0.7095934390061901,idle,0,
1570,2,z00,47.89500000000002,0.7982500000000002,idle,0,
1575,0,z20,38.63009062102132,0.6438348436836886,idle,0,
1575,1,z11,42.12560634037141,0.7020934390061903,trip,11.5,
1575,2,z00,47.89500000000002,0.7982500000000002,idle,0,
1580,0,z20,38.63009062102132,0.6438348436836886,idle,0,
1580,1,z11,41.67560634037141,0.6945934390061902,trip,6.5,
1580,2,z00,47.89500000000002,0.7982500000000002,idle,0,
1585,0,z20,38.63009062102132,0.6438348436836886,idle,0,
1585,1,z11,41.22560634037141,0.6870934390061901,trip,1.5,
1585,2,z00,47.89500000000002,0.7982500000000002,idle,0,
1590,0,z20,38.63009062102132,0.6438348436836886,idle,0,
1590,1,z31,41.09060634037141,0.6848434390061902,idle,0,local
1590,2,z00,47.89500000000002,0.7982500000000002,idle,0,
1595,0,z20,38.63009062102132,0.6438348436836886,idle,0,
1595,1,z31,40.985606340371405,0.6830934390061901,visit,10.0,local
1595,2,z00,47.89500000000002,0.7982500000000002,idle,0,
1600,0,z20,38.18009062102132,0.6363348436836886,trip,13.309854494165165,
1600,1,z31,47.37449522926017,0.7895749204876695,visit,5.0,local
1600,2,z00,47.89500000000002,0.7982500000000002,idle,0,
1605,0,z20,37.73009062102132,0.6288348436836887,trip,8.309854494165165,
1605,1,z31,47.895000000000095,0.7982500000000016,idle,0,
1605,2,z00,47.89500000000002,0.7982500000000002,idle,0,
1610,0,z20,37.280090621021316,0.6213348436836886,trip,3.3098544941651653,
1610,1,z31,47.4450000000001,0.7907500000000016,trip,3.8333333333332575,
1610,2,z00,47.89500000000002,0.7982500000000002,idle,0,
1615,0,z32,36.98220371654645,0.6163700619424408,idle,0,local
1615,1,z21,47.10000000000009,0.7850000000000015,idle,0,
1615,2,z00,47.89500000000002,0.7982500000000002,idle,0,
1620,0,z32,36.87720371654645,0.6146200619424408,visit,10.0,local
1620,1,z21,47.10000000000009,0.7850000000000015,idle,0,
1620,2,z00,47.89500000000002,0.7982500000000002,idle,0,
1625,0,z32,43.26609260543521,0.7211015434239202,visit,5.0,local
1625,1,z21,47.10000000000009,0.7850000000000015,idle,0,
1625,2,z00,47.89500000000002,0.7982500000000002,idle,0,
1630,0,z32,47.894999999999975,0.7982499999999996,idle,0,
1630,1,z21,47.10000000000009,0.7850000000000015,idle,0,
1630,2,z00,47.89500000000002,0.7982500000000002,idle,0,
1635,0,z32,47.894999999999975,0.7982499999999996,idle,0,
1635,1,z21,46.65000000000009,0.7775000000000015,trip,7.008970644860483,
1635,2,z00,47.89500000000002,0.7982500000000002,idle,0,
1640,0,z32,47.894999999999975,0.7982499999999996,idle,0,
1640,1,z21,46.20000000000009,0.7700000000000015,trip,2.008970644860483,
1640,2,z00,47.89500000000002,0.7982500000000002,idle,0,
1645,0,z32,47.44499999999998,0.7907499999999996,trip,3.8333333333332575,
1645,1,z12,46.01919264196265,0.7669865440327108,idle,0,
1645,2,z00,47.89500000000002,0.7982500000000002,idle,0,
1650,0,z31,47.099999999999966,0.7849999999999995,idle,0,
1650,1,z12,46.01919264196265,0.7669865440327108,idle,0,
1650,2,z00,47.89500000000002,0.7982500000000002,idle,0,
1655,0,z31,47.099999999999966,0.7849999999999995,idle,0,
1655,1,z12,46.01919264196265,0.7669865440327108,idle,0,
1655,2,z00,47.89500000000002,0.7982500000000002,idle,0,
1660,0,z31,46.64999999999997,0.7774999999999995,trip,19.166666666666742,
1660,1,z12,45.56919264196265,0.7594865440327109,trip,13.309854494165165,
1660,2,z00,47.89500000000002,0.7982500000000002,idle,0,
1665,0,z31,46.19999999999997,0.7699999999999995,trip,14.166666666666742,
1665,1,z12,45.11919264196265,0.7519865440327108,trip,8.309854494165165,
1665,2,z00,47.89500000000002,0.7982500000000002,idle,0,
1670,0,z31,45.749999999999964,0.7624999999999994,trip,9.166666666666742,
1670,1,z12,44.669192641962645,0.7444865440327108,trip,3.3098544941651653,
1670,2,z00,47.89500000000002,0.7982500000000002,idle,0,
1675,0,z31,45.29999999999996,0.7549999999999993,trip,4.1666666666667425,
1675,1,z31,44.37130573748778,0.739521762291463,idle,0,
1675,2,z00,47.89500000000002,0.7982500000000002,idle,0,
1680,0,z01,44.924999999999955,0.7487499999999992,idle,0,
1680,1,z31,44.37130573748778,0.739521762291463,idle,0,
1680,2,z00,47.89500000000002,0.7982500000000002,idle,0,
1685,0,z01,44.924999999999955,0.7487499999999992,idle,0,
1685,1,z31,43.921305737487785,0.7320217622914631,trip,3.8333333333332575,
1685,2,z00,47.89500000000002,0.7982500000000002,idle,0,
1690,0,z01,44.924999999999955,0.7487499999999992,idle,0,
1690,1,z32,43.57630573748777,0.7262717622914628,idle,0,
1690,2,z00,47.44500000000002,0.7907500000000004,trip,3.8333333333332575,
1695,0,z01,44.924999999999955,0.7487499999999992,idle,0,
1695,1,z32,43.57630573748777,0.7262717622914628,idle,0,
1695,2,z01,47.10000000000001,0.7850000000000001,idle,0,
1700,0,z01,44.924999999999955,0.7487499999999992,idle,0,
1700,1,z32,43.57630573748777,0.7262717622914628,idle,0,
1700,2,z01,47.10000000000001,0.7850000000000001,idle,0,
1705,0,z01,44.924999999999955,0.7487499999999992,idle,0,
1705,1,z32,43.57630573748777,0.7262717622914628,idle,0,
1705,2,z01,47.10000000000001,0.7850000000000001,idle,0,
1710,0,z01,44.924999999999955,0.7487499999999992,idle,0,
1710,1,z32,43.57630573748777,0.7262717622914628,idle,0,
1710,2,z01,47.10000000000001,0.7850000000000001,idle,0,
1715,0,z01,44.924999999999955,0.7487499999999992,idle,0,
1715,1,z32,43.57630573748777,0.7262717622914628,idle,0,
1715,2,z01,47.10000000000001,0.7850000000000001,idle,0,
1720,0,z01,44.924999999999955,0.7487499999999992,idle,0,
1720,1,z32,43.57630573748777,0.7262717622914628,idle,0,
1720,2,z01,47.10000000000001,0.7850000000000001,idle,0,
1725,0,z01,44.924999999999955,0.7487499999999992,idle,0,
1725,1,z32,43.57630573748777,0.7262717622914628,idle,0,
1725,2,z01,47.10000000000001,0.7850000000000001,idle,0,
1730,0,z01,44.924999999999955,0.7487499999999992,idle,0,
1730,1,z32,43.126305737487776,0.7187717622914629,trip,11.5,
1730,2,z01,47.10000000000001,0.7850000000000001,idle,0,
1735,0,z01,44.924999999999955,0.7487499999999992,idle,0,
1735,1,z32,42.67630573748777,0.7112717622914629,trip,6.5,
1735,2,z01,47.10000000000001,0.7850000000000001,idle,0,
1740,0,z01,44.924999999999955,0.7487499999999992,idle,0,
1740,1,z32,42.22630573748777,0.7037717622914629,trip,1.5,
1740,2,z01,47.10000000000001,0.7850000000000001,idle,0,
1745,0,z01,44.924999999999955,0.7487499999999992,idle,0,
1745,1,z30,42.09130573748777,0.7015217622914629,idle,0,
1745,2,z01,47.10000000000001,0.7850000000000001,idle,0,
1750,0,z01,44.924999999999955,0.7487499999999992,idle,0,
1750,1,z30,42.09130573748777,0.7015217622914629,idle,0,
1750,2,z01,47.10000000000001,0.7850000000000001,idle,0,
1755,0,z01,44.924999999999955,0.7487499999999992,idle,0,
1755,1,z30,42.09130573748777,0.7015217622914629,idle,0,
1755,2,z01,47.10000000000001,0.7850000000000001,idle,0,
1760,0,z01,44.47499999999996,0.7412499999999993,trip,13.309854494165165,
1760,1,z30,42.09130573748777,0.7015217622914629,idle,0,
1760,2,z01,47.10000000000001,0.7850000000000001,idle,0,
1765,0,z01,44.024999999999956,0.7337499999999992,trip,8.309854494165165,
1765,1,z30,42.09130573748777,0.7015217622914629,idle,0,
1765,2,z01,47.10000000000001,0.7850000000000001,idle,0,
1770,0,z01,43.57499999999995,0.7262499999999992,trip,3.3098544941651653,
1770,1,z30,42.09130573748777,0.7015217622914629,idle,0,
1770,2,z01,47.10000000000001,0.7850000000000001,idle,0,
1775,0,z22,43.27711309552509,0.7212852182587515,idle,0,
1775,1,z30,42.09130573748777,0.7015217622914629,idle,0,
1775,2,z01,47.10000000000001,0.7850000000000001,idle,0,
1780,0,z22,43.27711309552509,0.7212852182587515,idle,0,
1780,1,z30,42.09130573748777,0.7015217622914629,idle,0,
1780,2,z01,46.65000000000001,0.7775000000000002,trip,19.166666666666742,
1785,0,z22,43.27711309552509,0.7212852182587515,idle,0,
1785,1,z30,42.09130573748777,0.7015217622914629,idle,0,
1785,2,z01,46.20000000000001,0.7700000000000001,trip,14.166666666666742,
1790,0,z22,43.27711309552509,0.7212852182587515,idle,0,
1790,1,z30,42.09130573748777,0.7015217622914629,idle,0,
1790,2,z01,45.75000000000001,0.7625000000000001,trip,9.166666666666742,
1795,0,z22,42.82711309552509,0.7137852182587515,trip,3.8333333333332575,
1795,1,z30,42.09130573748777,0.7015217622914629,idle,0,
1795,2,z01,45.300000000000004,0.7550000000000001,trip,4.1666666666667425,
1800,0,z12,42.48211309552508,0.7080352182587514,idle,0,
1800,1,z30,42.09130573748777,0.7015217622914629,idle,0,
1800,2,z31,44.925,0.7487499999999999,idle,0,
1805,0,z12,42.48211309552508,0.7080352182587514,idle,0,
1805,1,z30,41.64130573748778,0.694021762291463,trip,7.008970644860483,
1805,2,z31,44.925,0.7487499999999999,idle,0,
1810,0,z12,42.032113095525084,0.7005352182587514,trip,11.5,
1810,1,z30,41.191305737487774,0.6865217622914629,trip,2.008970644860483,
1810,2,z31,44.475,0.7412500000000001,trip,19.166666666666742,
1815,0,z12,41.58211309552508,0.6930352182587514,trip,6.5,
1815,1,z21,41.01049837945033,0.6835083063241723,idle,0,
1815,2,z31,44.025,0.73375,trip,14.166666666666742,
1820,0,z12,41.13211309552508,0.6855352182587513,trip,1.5,
1820,1,z21,40.56049837945034,0.6760083063241723,trip,3.8333333333332575,
1820,2,z31,43.574999999999996,0.72625,trip,9.166666666666742,
1825,0,z32,40.99711309552508,0.6832852182587513,idle,0,
1825,1,z11,40.215498379450324,0.670258306324172,idle,0,
1825,2,z31,43.12499999999999,0.7187499999999999,trip,4.1666666666667425,
1830,0,z32,40.547113095525084,0.6757852182587514,trip,3.8333333333332575,
1830,1,z11,39.76549837945033,0.6627583063241721,trip,11.5,
1830,2,z01,42.749999999999986,0.7124999999999998,idle,0,local
1835,0,z31,40.20211309552507,0.6700352182587512,idle,0,
1835,1,z11,39.315498379450325,0.655258306324172,trip,6.5,
1835,2,z01,42.29999999999998,0.7049999999999997,visit,15.333333333333258,local
1840,0,z31,40.20211309552507,0.6700352182587512,idle,0,
1840,1,z11,38.86549837945032,0.6477583063241721,trip,1.5,
1840,2,z01,42.059999999999974,0.7009999999999995,visit,10.333333333333258,local
1845,0,z31,39.752113095525075,0.6625352182587513,trip,3.8333333333332575,
1845,1,z31,38.730498379450324,0.6455083063241721,idle,0,local
1845,2,z01,41.84999999999998,0.6974999999999997,visit,5.3333333333332575,local
1850,0,z30,39.40711309552506,0.656785218258751,idle,0,
1850,1,z31,38.62549837945032,0.643758306324172,visit,10.0,local
1850,2,z01,41.39999999999998,0.6899999999999996,visit,0.33333333333325754,local
1855,0,z30,39.40711309552506,0.656785218258751,idle,0,
1855,1,z31,45.014387268339085,0.7502397878056514,visit,5.0,local
1855,2,z01,41.36999999999996,0.6894999999999993,idle,0,
1860,0,z30,39.40711309552506,0.656785218258751,idle,0,
1860,1,z31,47.894999999999854,0.7982499999999976,idle,0,
1860,2,z01,41.36999999999996,0.6894999999999993,idle,0,
1865,0,z30,38.95711309552507,0.6492852182587511,trip,3.8333333333332575,
1865,1,z31,47.44499999999986,0.7907499999999976,trip,19.166666666666742,
1865,2,z01,40.919999999999966,0.6819999999999994,trip,13.309854494165165,
1870,0,z31,38.61211309552505,0.6435352182587509,idle,0,local
1870,1,z31,46.994999999999855,0.7832499999999976,trip,14.166666666666742,
1870,2,z01,40.46999999999996,0.6744999999999994,trip,8.309854494165165,
1875,0,z31,38.50711309552505,0.6417852182587508,visit,10.0,local
1875,1,z31,46.54499999999985,0.7757499999999975,trip,9.166666666666742,
1875,2,z01,40.01999999999996,0.6669999999999994,trip,3.3098544941651653,
1880,0,z31,44.896001984413815,0.7482666997402302,visit,5.0,local
1880,1,z31,46.09499999999985,0.7682499999999975,trip,4.1666666666667425,
1880,2,z22,39.722113095525096,0.6620352182587516,idle,0,
1885,0,z31,47.895000000000174,0.7982500000000029,idle,0,
1885,1,z01,45.71999999999984,0.7619999999999973,idle,0,
1885,2,z22,39.2721130955251,0.6545352182587517,trip,13.309854494165165,
1890,0,z31,47.44500000000018,0.790750000000003,trip,7.008970644860483,
1890,1,z01,45.26999999999984,0.7544999999999973,trip,30.309226445223885,
1890,2,z22,38.8221130955251,0.6470352182587517,trip,8.309854494165165,
1895,0,z31,46.995000000000175,0.7832500000000029,trip,2.008970644860483,
1895,1,z01,44.81999999999984,0.7469999999999973,trip,25.309226445223885,
1895,2,z22,38.372113095525094,0.6395352182587516,trip,3.3098544941651653,
1900,0,z20,46.814192641962734,0.7802365440327123,idle,0,
1900,1,z01,44.369999999999834,0.7394999999999973,trip,20.309226445223885,
1900,2,z30,38.07422619105023,0.6345704365175038,idle,0,
1905,0,z20,46.36419264196274,0.7727365440327123,trip,7.008970644860483,
1905,1,z01,43.91999999999983,0.7319999999999972,trip,15.309226445223885,
1905,2,z30,37.624226191050234,0.6270704365175039,trip,7.008970644860483,
1910,0,z20,45.914192641962735,0.7652365440327122,trip,2.008970644860483,
1910,1,z01,43.46999999999983,0.7244999999999971,trip,10.309226445223885,
1910,2,z30,37.17422619105023,0.6195704365175039,trip,2.008970644860483,
1915,0,z31,45.733385283925294,0.7622230880654216,idle,0,
1915,1,z01,43.019999999999825,0.7169999999999971,trip,5.309226445223885,
1915,2,z21,36.99341883301279,0.6165569805502131,idle,0,
1920,0,z31,45.28338528392529,0.7547230880654215,trip,13.508970644860483,
1920,1,z01,42.56999999999982,0.709499999999997,trip,0.3092264452238851,
1920,2,z21,36.54341883301279,0.6090569805502131,trip,19.809854494165165,
1925,0,z31,44.83338528392529,0.7472230880654215,trip,8.508970644860483,
1925,1,z32,42.54216961992967,0.7090361603321612,idle,0,
1925,2,z21,36.093418833012784,0.6015569805502131,trip,14.809854494165165,
1930,0,z31,44.383385283925286,0.7397230880654214,trip,3.508970644860483,
1930,1,z32,42.09216961992968,0.7015361603321613,trip,11.5,
1930,2,z21,35.64341883301278,0.594056980550213,trip,9.809854494165165,
1935,0,z32,44.06757792588784,0.7344596320981307,idle,0,
1935,1,z32,41.642169619929675,0.6940361603321612,trip,6.5,
1935,2,z21,35.19341883301278,0.586556980550213,trip,4.809854494165165,
1940,0,z32,43.61757792588784,0.7269596320981307,trip,3.8333333333332575,
1940,1,z32,41.19216961992967,0.6865361603321612,trip,1.5,
1940,2,z32,34.760531928537915,0.5793421988089652,idle,0,
1945,0,z31,43.27257792588783,0.7212096320981305,idle,0,
1945,1,z12,41.057169619929674,0.6842861603321613,idle,0,
1945,2,z32,34.31053192853791,0.5718421988089653,trip,18.0,
1950,0,z31,42.822577925887835,0.7137096320981305,trip,3.8333333333332575,
1950,1,z12,40.60716961992967,0.6767861603321612,trip,10.333333333333258,
1950,2,z32,33.86053192853791,0.5643421988089652,trip,13.0,
1955,0,z21,42.47757792588782,0.7079596320981304,idle,0,
1955,1,z12,40.15716961992967,0.6692861603321612,trip,5.3333333333332575,
1955,2,z32,33.41053192853791,0.5568421988089651,trip,8.0,
1960,0,z21,42.02757792588782,0.7004596320981303,trip,16.68460795638748,
1960,1,z12,39.707169619929665,0.6617861603321611,trip,0.33333333333325754,
1960,2,z32,32.960531928537904,0.5493421988089651,trip,3.0,
1965,0,z21,41.577577925887816,0.6929596320981303,trip,11.684607956387481,
1965,1,z21,39.67716961992965,0.6612861603321608,idle,0,
1965,2,z11,32.6905319285379,0.544842198808965,idle,0,
1970,0,z21,41.12757792588781,0.6854596320981302,trip,6.684607956387481,
1970,1,z21,39.22716961992965,0.6537861603321607,trip,13.508970644860483,
1970,2,z11,32.240531928537905,0.537342198808965,trip,3.8333333333332575,
1975,0,z21,40.67757792588781,0.6779596320981301,trip,1.684607956387481,
1975,1,z21,38.777169619929644,0.6462861603321607,trip,8.508970644860483,
1975,2,z10,31.895531928537892,0.5315921988089649,idle,0,
1980,0,z21,40.525963209812936,0.6754327201635489,idle,0,
1980,1,z21,38.32716961992964,0.6387861603321607,trip,3.508970644860483,
1980,2,z10,31.445531928537893,0.5240921988089648,trip,26.9107953946243,
1985,0,z21,40.07596320981293,0.6679327201635489,trip,10.333333333333258,
1985,1,z31,38.011362261892195,0.6335227043648699,idle,0,
1985,2,z10,30.995531928537893,0.5165921988089649,trip,21.9107953946243,
1990,0,z21,39.62596320981293,0.6604327201635488,trip,5.3333333333332575,
1990,1,z31,37.56136226189219,0.6260227043648698,trip,13.508970644860483,
1990,2,z10,30.545531928537894,0.509092198808965,trip,16.9107953946243,
1995,0,z21,39.17596320981293,0.6529327201635488,trip,0.33333333333325754,
1995,1,z31,37.11136226189219,0.6185227043648698,trip,8.508970644860483,
1995,2,z10,30.095531928537895,0.5015921988089649,trip,11.910795394624301,
2000,0,z21,39.14596320981291,0.6524327201635486,idle,0,
2000,1,z31,36.66136226189219,0.6110227043648698,trip,3.508970644860483,
2000,2,z10,29.645531928537896,0.49409219880896493,trip,6.9107953946243015,
2005,0,z21,38.69596320981291,0.6449327201635485,trip,18.0,
2005,1,z32,36.34555490385474,0.605759248397579,idle,0,
2005,2,z10,29.195531928537896,0.4865921988089649,trip,1.9107953946243015,
2010,0,z21,38.245963209812906,0.6374327201635485,trip,13.0,
2010,1,z32,35.89555490385474,0.5982592483975789,trip,21.175637311526998,
2010,2,z31,29.02356034302171,0.4837260057170285,idle,0,
2015,0,z21,37.7959632098129,0.6299327201635484,trip,8.0,
2015,1,z32,35.445554903854735,0.5907592483975789,trip,16.175637311526998,
2015,2,z31,28.57356034302171,0.4762260057170285,trip,29.286375654996846,
2020,0,z21,37.3459632098129,0.6224327201635483,trip,3.0,
2020,1,z32,34.99555490385473,0.5832592483975788,trip,11.175637311526998,
2020,2,z31,28.123560343021712,0.46872600571702855,trip,24.286375654996846,
2025,0,z31,37.0759632098129,0.6179327201635483,idle,0,local
2025,1,z32,34.54555490385473,0.5757592483975789,trip,6.175637311526998,
2025,2,z31,27.673560343021713,0.46122600571702854,trip,19.286375654996846,
2030,0,z31,36.97096320981289,0.6161827201635482,visit,10.0,local
2030,1,z32,34.095554903854726,0.5682592483975788,trip,1.175637311526998,
2030,2,z31,27.223560343021713,0.45372600571702854,trip,14.286375654996846,
2035,0,z31,43.35985209870166,0.7226642016450276,visit,5.0,local
2035,1,z21,33.989747545817295,0.5664957924302882,idle,0,
2035,2,z31,26.773560343021714,0.4462260057170286,trip,9.286375654996846,
2040,0,z31,47.89499999999998,0.7982499999999997,idle,0,
2040,1,z21,33.5397475458173,0.5589957924302883,trip,3.8333333333332575,
2040,2,z31,26.323560343021715,0.4387260057170286,trip,4.286375654996846,
2045,0,z31,47.44499999999998,0.7907499999999996,trip,19.809854494164938,
2045,1,z11,33.194747545817286,0.5532457924302882,idle,0,local
2045,2,z22,25.937786534072,0.43229644223453334,idle,0,central
2050,0,z31,46.994999999999976,0.7832499999999996,trip,14.809854494164938,
2050,1,z11,33.08974754581728,0.551495792430288,visit,10.0,local
2050,2,z22,25.487786534072,0.42479644223453333,visit,56.286375654996846,central
2055,0,z31,46.54499999999997,0.7757499999999996,trip,9.809854494164938,
2055,1,z11,39.47863643470566,0.6579772739117611,visit,5.0,local
2055,2,z22,25.037786534072,0.4172964422345334,visit,51.286375654996846,central
2060,0,z31,46.09499999999997,0.7682499999999995,trip,4.809854494164938,
2060,1,z11,45.762525323594815,0.7627087553932469,idle,0,
2060,2,z22,24.587786534072002,0.4097964422345334,visit,46.286375654996846,central
2065,0,z11,45.66211309552513,0.7610352182587522,idle,0,
2065,1,z11,45.31252532359481,0.7552087553932468,trip,7.008970644860256,
2065,2,z22,24.394899629597145,0.40658166049328576,visit,41.286375654996846,central
2070,0,z11,45.212113095525126,0.7535352182587521,trip,18.0,
2070,1,z11,44.86252532359481,0.7477087553932468,trip,2.0089706448602556,
2070,2,z22,24.394899629597145,0.40658166049328576,visit,36.286375654996846,central
2075,0,z11,44.76211309552512,0.7460352182587521,trip,13.0,
2075,1,z20,44.68171796555739,0.7446952994259565,idle,0,
2075,2,z22,24.394899629597145,0.40658166049328576,visit,31.286375654996846,central
2080,0,z11,44.31211309552512,0.738535218258752,trip,8.0,
2080,1,z20,44.68171796555739,0.7446952994259565,idle,0,
2080,2,z22,24.394899629597145,0.40658166049328576,visit,26.286375654996846,central
2085,0,z11,43.86211309552512,0.731035218258752,trip,3.0,
2085,1,z20,44.23171796555739,0.7371952994259564,trip,3.833333333333485,
2085,2,z22,24.394899629597145,0.40658166049328576,visit,21.286375654996846,central
2090,0,z21,43.592113095525114,0.7265352182587519,idle,0,
2090,1,z30,43.886717965557416,0.7314452994259569,idle,0,
2090,2,z22,24.317786534072003,0.40529644223453337,visit,16.286375654996846,central
2095,0,z21,43.14211309552511,0.7190352182587518,trip,3.833333333333485,
2095,1,z30,43.886717965557416,0.7314452994259569,idle,0,
2095,2,z22,23.867786534072003,0.39779644223453337,visit,11.286375654996846,central
2100,0,z31,42.79711309552514,0.7132852182587524,idle,0,
2100,1,z30,43.43671796555741,0.7239452994259569,trip,3.833333333333485,
2100,2,z22,23.417786534072004,0.3902964422345334,visit,6.286375654996846,central
2105,0,z31,42.34711309552514,0.7057852182587523,trip,7.008970644860256,
2105,1,z20,43.09171796555744,0.7181952994259574,idle,0,
2105,2,z22,22.967786534072005,0.3827964422345334,visit,1.2863756549968457,central
2110,0,z31,41.897113095525135,0.6982852182587522,trip,2.0089706448602556,
2110,1,z20,42.64171796555744,0.7106952994259573,trip,7.008970644860256,
2110,2,z22,22.85201272512229,0.3808668787520382,idle,0,
2115,0,z22,41.716305737487716,0.6952717622914619,idle,0,
2115,1,z20,42.19171796555744,0.7031952994259573,trip,2.0089706448602556,
2115,2,z22,22.40201272512229,0.37336687875203817,trip,18.0,
2120,0,z22,41.26630573748771,0.6877717622914619,trip,3.833333333333485,
2120,1,z31,42.01091060752002,0.700181843458667,idle,0,
2120,2,z22,21.952012725122287,0.3658668787520381,trip,13.0,
2125,0,z21,40.92130573748774,0.6820217622914624,idle,0,
2125,1,z31,41.560910607520015,0.6926818434586669,trip,3.833333333333485,
2125,2,z22,21.502012725122288,0.35836687875203815,trip,8.0,
2130,0,z21,40.47130573748774,0.6745217622914623,trip,7.008970644860256,
2130,1,z21,41.215910607520044,0.6869318434586674,idle,0,
2130,2,z22,21.05201272512229,0.35086687875203815,trip,3.0,
2135,0,z21,40.02130573748774,0.6670217622914623,trip,2.0089706448602556,
2135,1,z21,40.76591060752004,0.6794318434586674,trip,3.833333333333485,
2135,2,z10,20.78201272512229,0.34636687875203814,idle,0,
2140,0,z30,39.84049837945032,0.664008306324172,idle,0,
2140,1,z31,40.42091060752007,0.6736818434586679,idle,0,
2140,2,z10,20.33201272512229,0.3388668787520382,trip,19.809854494164938,
2145,0,z30,39.390498379450314,0.6565083063241719,trip,13.309854494164938,
2145,1,z31,39.97091060752007,0.6661818434586678,trip,13.309854494164938,
2145,2,z10,19.882012725122287,0.33136687875203813,trip,14.809854494164938,
2150,0,z30,38.94049837945031,0.6490083063241718,trip,8.309854494164938,
2150,1,z31,39.520910607520065,0.6586818434586678,trip,8.309854494164938,
2150,2,z10,19.432012725122288,0.3238668787520381,trip,9.809854494164938,
2155,0,z30,38.49049837945031,0.6415083063241718,trip,3.309854494164938,
2155,1,z31,39.07091060752006,0.6511818434586677,trip,3.309854494164938,
2155,2,z10,18.98201272512229,0.3163668787520381,trip,4.809854494164938,
2160,0,z22,38.192611474975465,0.6365435245829244,idle,0,
2160,1,z12,38.77302370304522,0.6462170617174203,idle,0,
2160,2,z30,18.549125820647443,0.3091520970107907,idle,0,
2165,0,z22,37.74261147497546,0.6290435245829243,trip,17.851274623053996,
2165,1,z12,38.323023703045216,0.6387170617174203,trip,13.309854494164938,
2165,2,z30,18.099125820647444,0.3016520970107907,trip,7.008970644860256,
2170,0,z22,37.29261147497546,0.6215435245829243,trip,12.851274623053996,
2170,1,z12,37.87302370304521,0.6312170617174202,trip,8.309854494164938,
2170,2,z30,17.649125820647445,0.29415209701079076,trip,2.0089706448602556,
2175,0,z22,36.842611474975456,0.6140435245829242,trip,7.851274623053996,
2175,1,z12,37.42302370304521,0.6237170617174201,trip,3.309854494164938,
2175,2,z21,17.46831846261002,0.29113864104350035,idle,0,
2180,0,z22,36.39261147497545,0.6065435245829243,trip,2.851274623053996,
2180,1,z20,37.12513679857037,0.6187522799761728,idle,0,local
2180,2,z21,17.018318462610022,0.2836386410435004,trip,7.008970644860256,
2185,0,z00,36.135996758900596,0.6022666126483432,idle,0,central
2185,1,z20,36.675136798570364,0.6112522799761727,visit,15.333333333333485,local
2185,2,z21,16.568318462610023,0.2761386410435004,trip,2.0089706448602556,
2190,0,z00,36.030996758900606,0.6005166126483434,visit,24.333333333333485,central
2190,1,z20,36.435136798570376,0.6072522799761729,visit,10.333333333333485,local
2190,2,z32,16.3875111045726,0.27312518507621,idle,0,
2195,0,z00,36.030996758900606,0.6005166126483434,visit,19.333333333333485,central
2195,1,z20,36.22513679857036,0.6037522799761726,visit,5.333333333333485,local
2195,2,z32,15.9375111045726,0.26562518507621,trip,3.833333333333485,
2200,0,z00,36.030996758900606,0.6005166126483434,visit,14.333333333333485,central
2200,1,z20,35.77513679857036,0.5962522799761726,visit,0.3333333333334849,local
2200,2,z22,15.592511104572628,0.2598751850762105,idle,0,
2205,0,z00,36.030996758900606,0.6005166126483434,visit,9.333333333333485,central
2205,1,z20,35.745136798570385,0.5957522799761731,idle,0,
2205,2,z22,15.142511104572629,0.2523751850762105,trip,7.008970644860256,
2210,0,z00,36.030996758900606,0.6005166126483434,visit,4.333333333333485,central
2210,1,z20,35.29513679857038,0.588252279976173,trip,19.809854494164938,
2210,2,z22,14.69251110457263,0.24487518507621048,trip,2.0089706448602556,
2215,0,z00,35.92599675890062,0.5987666126483436,idle,0,
2215,1,z20,34.84513679857038,0.580752279976173,trip,14.809854494164938,
2215,2,z31,14.511703746535206,0.2418617291089201,idle,0,
2220,0,z00,38.87655231445643,0.6479425385742739,visit,10.0,
2220,1,z20,34.39513679857038,0.5732522799761729,trip,9.809854494164938,
2220,2,z31,14.061703746535207,0.2343617291089201,trip,11.5,
2225,0,z00,47.20988564778977,0.7868314274631628,visit,5.0,
2225,1,z20,33.945136798570374,0.565752279976173,trip,4.809854494164938,
2225,2,z31,13.611703746535207,0.22686172910892013,trip,6.5,
2230,0,z00,47.89499999999969,0.7982499999999948,idle,0,
2230,1,z22,33.51224989409553,0.5585374982349255,idle,0,
2230,2,z31,13.161703746535208,0.21936172910892013,trip,1.5,
2235,0,z00,47.44499999999969,0.7907499999999948,trip,19.809854494164938,
2235,1,z22,33.06224989409553,0.5510374982349255,trip,17.851274623053996,
2235,2,z11,13.026703746535208,0.21711172910892013,idle,0,
2240,0,z00,46.994999999999685,0.7832499999999948,trip,14.809854494164938,
2240,1,z22,32.61224989409553,0.5435374982349255,trip,12.851274623053996,
2240,2,z11,15.97725930209103,0.26628765503485047,visit,20.38031108541236,
2245,0,z00,46.54499999999968,0.7757499999999947,trip,9.809854494164938,
2245,1,z22,32.162249894095524,0.5360374982349254,trip,7.851274623053996,
2245,2,z11,24.310592635424364,0.4051765439237394,visit,15.380311085412359,
2250,0,z00,46.09499999999968,0.7682499999999947,trip,4.809854494164938,
2250,1,z22,31.712249894095525,0.5285374982349255,trip,2.851274623053996,
2250,2,z11,32.6439259687577,0.5440654328126283,visit,10.380311085412359,
2255,0,z22,45.66211309552484,0.7610352182587473,idle,0,
2255,1,z00,31.455635178020664,0.5242605863003444,idle,0,
2255,2,z11,40.977259302091035,0.6829543217015173,visit,5.380311085412359,
2260,0,z22,45.212113095524835,0.7535352182587473,trip,3.833333333333485,
2260,1,z00,31.005635178020665,0.5167605863003444,trip,23.809226445223885,
2260,2,z11,47.9292279976871,0.7988204666281183,visit,0.3803110854123588,
2265,0,z32,44.867113095524864,0.7477852182587478,idle,0,
2265,1,z00,30.555635178020665,0.5092605863003444,trip,18.809226445223885,
2265,2,z11,47.89500000000003,0.7982500000000006,idle,0,
2270,0,z32,44.41711309552486,0.7402852182587477,trip,7.008970644860256,
2270,1,z00,30.105635178020666,0.5017605863003445,trip,13.809226445223885,
2270,2,z11,47.89500000000003,0.7982500000000006,idle,0,
2275,0,z32,43.96711309552486,0.7327852182587477,trip,2.0089706448602556,
2275,1,z00,29.655635178020667,0.4942605863003445,trip,8.809226445223885,
2275,2,z11,47.44500000000003,0.7907500000000005,trip,11.5,
2280,0,z21,43.78630573748744,0.7297717622914573,idle,0,
2280,1,z00,29.205635178020668,0.48676058630034447,trip,3.809226445223885,
2280,2,z11,46.995000000000026,0.7832500000000004,trip,6.5,
2285,0,z21,43.336305737487436,0.7222717622914573,trip,7.008970644860256,
2285,1,z32,28.862804797950517,0.4810467466325086,idle,0,
2285,2,z11,46.54500000000002,0.7757500000000004,trip,1.5,
2290,0,z21,42.88630573748743,0.7147717622914572,trip,2.0089706448602556,
2290,1,z32,28.412804797950518,0.4735467466325086,trip,11.5,
2290,2,z31,46.410000000000025,0.7735000000000004,idle,0,local
2295,0,z32,42.70549837945001,0.7117583063241669,idle,0,
2295,1,z32,27.96280479795052,0.4660467466325086,trip,6.5,
2295,2,z31,46.305000000000035,0.7717500000000006,visit,10.0,local
2300,0,z32,42.25549837945001,0.7042583063241669,trip,3.833333333333485,
2300,1,z32,27.51280479795052,0.45854674663250866,trip,1.5,
2300,2,z31,47.894999999999754,0.7982499999999959,visit,5.0,local
2305,0,z31,41.91049837945004,0.6985083063241674,idle,0,
2305,1,z30,27.377804797950517,0.45629674663250863,idle,0,
2305,2,z31,47.894999999999754,0.7982499999999959,idle,0,
2310,0,z31,41.46049837945004,0.6910083063241673,trip,3.833333333333485,
2310,1,z30,30.32836035350634,0.505472672558439,visit,10.0,
2310,2,z31,47.44499999999975,0.7907499999999958,trip,20.410795394624074,
2315,0,z32,41.11549837945007,0.6852583063241677,idle,0,
2315,1,z30,38.661693686839676,0.6443615614473279,visit,5.0,
2315,2,z31,46.99499999999975,0.7832499999999958,trip,15.410795394624074,
2320,0,z32,40.665498379450064,0.6777583063241678,trip,11.5,
2320,1,z30,44.94558257572807,0.7490930429288011,idle,0,
2320,2,z31,46.544999999999746,0.7757499999999957,trip,10.410795394624074,
2325,0,z32,40.21549837945006,0.6702583063241677,trip,6.5,
2325,1,z30,44.495582575728065,0.7415930429288011,trip,20.410795394624074,
2325,2,z31,46.09499999999974,0.7682499999999958,trip,5.410795394624074,
2330,0,z32,39.76549837945006,0.6627583063241677,trip,1.5,
2330,1,z30,44.04558257572806,0.7340930429288011,trip,15.410795394624074,
2330,2,z31,45.64499999999974,0.7607499999999957,trip,0.4107953946240741,
2335,0,z12,39.63049837945006,0.6605083063241677,idle,0,
2335,1,z30,43.59558257572806,0.726593042928801,trip,10.410795394624074,
2335,2,z02,45.60802841448357,0.7601338069080595,idle,0,
2340,0,z12,39.63049837945006,0.6605083063241677,idle,0,
2340,1,z30,43.145582575728056,0.7190930429288009,trip,5.410795394624074,
2340,2,z02,45.60802841448357,0.7601338069080595,idle,0,
2345,0,z12,39.63049837945006,0.6605083063241677,idle,0,
2345,1,z30,42.695582575728054,0.7115930429288009,trip,0.4107953946240741,
2345,2,z02,45.15802841448357,0.7526338069080595,trip,25.666666666666515,
2350,0,z12,39.18049837945006,0.6530083063241676,trip,13.309854494164938,
2350,1,z01,42.65861099021188,0.7109768498368647,idle,0,
2350,2,z02,44.708028414483564,0.7451338069080594,trip,20.666666666666515,
2355,0,z12,38.730498379450054,0.6455083063241676,trip,8.309854494164938,
2355,1,z01,42.20861099021188,0.7034768498368646,trip,13.309854494164938,
2355,2,z02,44.25802841448356,0.7376338069080594,trip,15.666666666666515,
2360,0,z12,38.28049837945005,0.6380083063241675,trip,3.309854494164938,
2360,1,z01,41.75861099021188,0.6959768498368646,trip,8.309854494164938,
2360,2,z02,43.80802841448356,0.7301338069080593,trip,10.666666666666515,
2365,0,z31,37.98261147497521,0.6330435245829201,idle,0,local
2365,1,z01,41.308610990211875,0.6884768498368646,trip,3.309854494164938,
2365,2,z02,43.358028414483556,0.7226338069080592,trip,5.666666666666515,
2370,0,z31,37.87761147497522,0.6312935245829203,visit,10.0,local
2370,1,z22,41.01072408573703,0.6835120680956172,idle,0,
2370,2,z02,42.90802841448355,0.7151338069080592,trip,0.6666666666665151,
2375,0,z31,44.26650036386436,0.737775006064406,visit,5.0,local
2375,1,z22,40.56072408573703,0.6760120680956171,trip,11.5,
2375,2,z31,42.848028414483565,0.7141338069080594,idle,0,
2380,0,z31,47.89499999999977,0.7982499999999961,idle,0,
2380,1,z22,40.110724085737026,0.6685120680956171,trip,6.5,
2380,2,z31,42.39802841448356,0.7066338069080593,trip,3.833333333333485,
2385,0,z31,47.444999999999766,0.7907499999999961,trip,13.309854494164938,
2385,1,z22,39.66072408573702,0.6610120680956171,trip,1.5,
2385,2,z21,42.05302841448359,0.7008838069080598,idle,0,
2390,0,z31,46.99499999999976,0.783249999999996,trip,8.309854494164938,
2390,1,z02,39.525724085737025,0.6587620680956171,idle,0,
2390,2,z21,41.60302841448359,0.6933838069080598,trip,18.0,
2395,0,z31,46.54499999999976,0.775749999999996,trip,3.309854494164938,
2395,1,z02,39.07572408573702,0.651262068095617,trip,13.508970644860256,
2395,2,z21,41.153028414483586,0.6858838069080597,trip,13.0,
2400,0,z12,46.24711309552492,0.7707852182587486,idle,0,
2400,1,z02,38.62572408573702,0.643762068095617,trip,8.508970644860256,
2400,2,z21,40.70302841448358,0.6783838069080598,trip,8.0,
2405,0,z12,46.24711309552492,0.7707852182587486,idle,0,
2405,1,z02,38.175724085737016,0.6362620680956169,trip,3.5089706448602556,
2405,2,z21,40.25302841448358,0.6708838069080597,trip,3.0,
2410,0,z12,45.797113095524914,0.7632852182587485,trip,7.008970644860256,
2410,1,z21,37.85991672769959,0.6309986121283265,idle,0,central
2410,2,z31,39.98302841448358,0.6663838069080597,idle,0,
2415,0,z12,45.34711309552491,0.7557852182587486,trip,2.0089706448602556,
2415,1,z21,37.40991672769959,0.6234986121283265,visit,43.68460795638748,central
2415,2,z31,39.533028414483574,0.6588838069080596,trip,3.833333333333485,
2420,0,z01,45.16630573748749,0.7527717622914581,idle,0,
2420,1,z21,36.959916727699586,0.6159986121283264,visit,38.68460795638748,central
2420,2,z21,39.188028414483604,0.6531338069080601,idle,0,
2425,0,z01,44.71630573748749,0.7452717622914581,trip,10.333333333333485,
2425,1,z21,36.88410936966215,0.6147351561610358,visit,33.68460795638748,central
2425,2,z21,38.7380284144836,0.64563380690806,trip,11.5,
2430,0,z01,44.266305737487485,0.7377717622914581,trip,5.333333333333485,
2430,1,z21,36.88410936966215,0.6147351561610358,visit,28.68460795638748,central
2430,2,z21,38.2880284144836,0.63813380690806,trip,6.5,
2435,0,z01,43.81630573748748,0.7302717622914581,trip,0.3333333333334849,
2435,1,z21,36.88410936966215,0.6147351561610358,visit,23.68460795638748,central
2435,2,z21,37.838028414483595,0.6306338069080599,trip,1.5,
2440,0,z10,43.78630573748751,0.7297717622914585,idle,0,
2440,1,z21,36.88410936966215,0.6147351561610358,visit,18.68460795638748,central
2440,2,z01,37.7030284144836,0.62838380690806,idle,0,
2445,0,z10,43.33630573748751,0.7222717622914584,trip,18.0,
2445,1,z21,36.88410936966215,0.6147351561610358,visit,13.684607956387481,central
2445,2,z01,37.253028414483595,0.6208838069080599,trip,13.508970644860256,
2450,0,z10,42.886305737487504,0.7147717622914584,trip,13.0,
2450,1,z21,36.68991672769958,0.6114986121283263,visit,8.684607956387481,central
2450,2,z01,36.80302841448359,0.6133838069080598,trip,8.508970644860256,
2455,0,z10,42.4363057374875,0.7072717622914584,trip,8.0,
2455,1,z21,36.23991672769958,0.6039986121283263,visit,3.684607956387481,central
2455,2,z01,36.35302841448359,0.6058838069080598,trip,3.5089706448602556,
2460,0,z10,41.9863057374875,0.6997717622914583,trip,3.0,
2460,1,z21,35.908302011624706,0.5984717001937451,idle,0,
2460,2,z00,36.037221056446164,0.6006203509407694,idle,0,
2465,0,z22,41.716305737487495,0.6952717622914583,idle,0,
2465,1,z21,35.4583020116247,0.590971700193745,trip,10.333333333333485,
2465,2,z00,35.58722105644616,0.5931203509407693,trip,25.666666666666515,
2470,0,z22,41.26630573748749,0.6877717622914582,trip,10.333333333333485,
2470,1,z21,35.0083020116247,0.583471700193745,trip,5.333333333333485,
2470,2,z00,35.13722105644616,0.5856203509407693,trip,20.666666666666515,
2475,0,z22,40.81630573748749,0.6802717622914581,trip,5.333333333333485,
2475,1,z21,34.5583020116247,0.575971700193745,trip,0.3333333333334849,
2475,2,z00,34.687221056446155,0.5781203509407693,trip,15.666666666666515,
2480,0,z22,40.36630573748749,0.6727717622914581,trip,0.3333333333334849,
2480,1,z21,34.528302011624724,0.5754717001937454,idle,0,
2480,2,z00,34.23722105644615,0.5706203509407692,trip,10.666666666666515,
2485,0,z22,40.336305737487514,0.6722717622914586,idle,0,
2485,1,z21,34.07830201162472,0.5679717001937453,trip,19.809854494164938,
2485,2,z00,33.78722105644615,0.5631203509407692,trip,5.666666666666515,
2490,0,z22,39.88630573748751,0.6647717622914585,trip,13.508970644860256,
2490,1,z21,33.62830201162472,0.5604717001937453,trip,14.809854494164938,
2490,2,z00,33.33722105644615,0.5556203509407691,trip,0.6666666666665151,
2495,0,z22,39.43630573748751,0.6572717622914585,trip,8.508970644860256,
2495,1,z21,33.178302011624716,0.5529717001937453,trip,9.809854494164938,
2495,2,z31,33.27722105644616,0.5546203509407693,idle,0,local
2500,0,z22,38.986305737487505,0.6497717622914584,trip,3.5089706448602556,
2500,1,z21,32.72830201162471,0.5454717001937452,trip,4.809854494164938,
2500,2,z31,33.17222105644617,0.5528703509407695,visit,10.0,local
2505,0,z32,38.67049837945008,0.644508306324168,idle,0,
2505,1,z10,32.29541510714987,0.5382569184524979,idle,0,
2505,2,z31,39.56110994533531,0.6593518324222551,visit,5.0,local
2510,0,z32,38.22049837945008,0.6370083063241679,trip,7.008970644860256,
2510,1,z10,31.845415107149872,0.5307569184524978,trip,10.333333333333485,
2510,2,z31,45.8449988342237,0.7640833139037284,idle,0,
2515,0,z32,37.770498379450075,0.6295083063241679,trip,2.0089706448602556,
2515,1,z10,31.39541510714987,0.5232569184524978,trip,5.333333333333485,
2515,2,z31,45.3949988342237,0.7565833139037283,trip,7.008970644860256,
2520,0,z21,37.589691021412655,0.6264948503568776,idle,0,
2520,1,z10,30.94541510714987,0.5157569184524978,trip,0.3333333333334849,
2520,2,z31,44.944998834223696,0.7490833139037283,trip,2.0089706448602556,
2525,0,z21,37.13969102141265,0.6189948503568775,trip,26.910795394624074,
2525,1,z21,30.915415107149897,0.5152569184524983,idle,0,
2525,2,z20,44.76419147618628,0.746069857936438,idle,0,
2530,0,z21,36.68969102141265,0.6114948503568775,trip,21.910795394624074,
2530,1,z21,30.465415107149898,0.5077569184524983,trip,7.008970644860256,
2530,2,z20,44.314191476186274,0.7385698579364379,trip,10.333333333333485,
2535,0,z21,36.239691021412646,0.6039948503568774,trip,16.910795394624074,
2535,1,z21,30.0154151071499,0.5002569184524983,trip,2.0089706448602556,
2535,2,z20,43.86419147618627,0.7310698579364379,trip,5.333333333333485,
2540,0,z21,35.789691021412644,0.5964948503568774,trip,11.910795394624074,
2540,1,z32,29.834607749112475,0.4972434624852079,idle,0,
2540,2,z20,43.41419147618627,0.7235698579364378,trip,0.3333333333334849,
2545,0,z21,35.33969102141264,0.5889948503568774,trip,6.910795394624074,
2545,1,z32,29.384607749112476,0.48974346248520795,trip,23.809226445223885,
2545,2,z20,43.384191476186295,0.7230698579364383,idle,0,
2550,0,z21,34.88969102141264,0.5814948503568773,trip,1.910795394624074,
2550,1,z32,28.934607749112477,0.48224346248520794,trip,18.809226445223885,
2550,2,z20,42.93419147618629,0.7155698579364382,trip,13.508970644860256,
2555,0,z02,34.71771943589647,0.5786286572649412,idle,0,local
2555,1,z32,28.484607749112477,0.47474346248520793,trip,13.809226445223885,
2555,2,z20,42.48419147618629,0.7080698579364382,trip,8.508970644860256,
2560,0,z02,34.26771943589647,0.5711286572649411,visit,21.68460795638748,local
2560,1,z32,28.034607749112478,0.467243462485208,trip,8.809226445223885,
2560,2,z20,42.03419147618629,0.7005698579364381,trip,3.5089706448602556,
2565,0,z02,33.817719435896464,0.563628657264941,visit,16.68460795638748,local
2565,1,z32,27.58460774911248,0.459743462485208,trip,3.809226445223885,
2565,2,z21,41.71838411814886,0.6953064019691477,idle,0,
2570,0,z02,33.74191207785903,0.5623652012976504,visit,11.684607956387481,local
2570,1,z00,27.241777369042328,0.45402962281737214,idle,0,
2570,2,z21,41.26838411814886,0.6878064019691477,trip,3.833333333333485,
2575,0,z02,33.36771943589646,0.556128657264941,visit,6.684607956387481,local
2575,1,z00,26.79177736904233,0.44652962281737213,trip,11.5,
2575,2,z20,40.92338411814889,0.6820564019691482,idle,0,
2580,0,z02,32.91771943589646,0.5486286572649409,visit,1.684607956387481,local
2580,1,z00,26.34177736904233,0.4390296228173722,trip,6.5,
2580,2,z20,40.473384118148886,0.6745564019691481,trip,26.910795394624074,
2585,0,z02,32.766104719821584,0.5461017453303597,idle,0,
2585,1,z00,25.89177736904233,0.43152962281737217,trip,1.5,
2585,2,z20,40.02338411814888,0.6670564019691481,trip,21.910795394624074,
2590,0,z02,32.31610471982158,0.5386017453303596,trip,3.833333333333485,
2590,1,z20,25.75677736904233,0.42927962281737214,idle,0,
2590,2,z20,39.57338411814888,0.659556401969148,trip,16.910795394624074,
2595,0,z01,31.971104719821607,0.5328517453303602,idle,0,
2595,1,z20,25.30677736904233,0.42177962281737214,trip,13.309854494164938,
2595,2,z20,39.12338411814888,0.6520564019691479,trip,11.910795394624074,
2600,0,z01,31.971104719821607,0.5328517453303602,idle,0,
2600,1,z20,24.85677736904233,0.4142796228173722,trip,8.309854494164938,
2600,2,z20,38.673384118148874,0.6445564019691479,trip,6.910795394624074,
2605,0,z01,31.521104719821608,0.5253517453303601,trip,13.508970644860256,
2605,1,z20,24.40677736904233,0.4067796228173722,trip,3.309854494164938,
2605,2,z20,38.22338411814887,0.6370564019691478,trip,1.910795394624074,
2610,0,z01,31.071104719821605,0.51785174533036,trip,8.508970644860256,
2610,1,z12,24.108890464567487,0.4018148410761248,idle,0,
2610,2,z01,38.0514125326327,0.6341902088772117,idle,0,
2615,0,z01,30.621104719821606,0.5103517453303601,trip,3.5089706448602556,
2615,1,z12,23.658890464567488,0.3943148410761248,trip,13.508970644860256,
2615,2,z01,37.6014125326327,0.6266902088772117,trip,20.410795394624074,
2620,0,z22,30.305297361784184,0.5050882893630697,idle,0,
2620,1,z12,23.208890464567485,0.38681484107612474,trip,8.508970644860256,
2620,2,z01,37.1514125326327,0.6191902088772117,trip,15.410795394624074,
2625,0,z22,29.855297361784185,0.49758828936306976,trip,3.833333333333485,
2625,1,z12,22.758890464567486,0.3793148410761248,trip,3.5089706448602556,
2625,2,z01,36.701412532632695,0.6116902088772116,trip,10.410795394624074,
2630,0,z12,29.51029736178421,0.49183828936307017,idle,0,
2630,1,z20,22.443083106530064,0.3740513851088344,idle,0,local
2630,2,z01,36.25141253263269,0.6041902088772115,trip,5.410795394624074,
2635,0,z12,29.06029736178421,0.4843382893630702,trip,18.0,
2635,1,z20,21.993083106530065,0.3665513851088344,visit,15.333333333333485,local
2635,2,z01,35.80141253263269,0.5966902088772115,trip,0.4107953946240741,
2640,0,z12,28.61029736178421,0.47683828936307016,trip,13.0,
2640,1,z20,21.753083106530077,0.3625513851088346,visit,10.333333333333485,local
2640,2,z32,35.76444094711652,0.5960740157852753,idle,0,
2645,0,z12,28.16029736178421,0.46933828936307015,trip,8.0,
2645,1,z20,21.543083106530062,0.3590513851088344,visit,5.333333333333485,local
2645,2,z32,35.314440947116516,0.5885740157852752,trip,13.309854494164938,
2650,0,z12,27.71029736178421,0.4618382893630702,trip,3.0,
2650,1,z20,21.093083106530063,0.3515513851088344,visit,0.3333333333334849,local
2650,2,z32,34.86444094711651,0.5810740157852752,trip,8.309854494164938,
2655,0,z20,27.44029736178421,0.4573382893630702,idle,0,
2655,1,z20,21.06308310653009,0.3510513851088348,idle,0,
2655,2,z32,34.41444094711651,0.5735740157852752,trip,3.309854494164938,
2660,0,z20,26.99029736178421,0.4498382893630702,trip,25.666666666666515,
2660,1,z20,20.61308310653009,0.3435513851088349,trip,3.833333333333485,
2660,2,z20,34.11655404264167,0.5686092340440277,idle,0,
2665,0,z20,26.54029736178421,0.4423382893630701,trip,20.666666666666515,
2665,1,z10,20.268083106530117,0.3378013851088353,idle,0,
2665,2,z20,33.666554042641664,0.5611092340440277,trip,19.809854494164938,
2670,0,z20,26.09029736178421,0.4348382893630702,trip,15.666666666666515,
2670,1,z10,19.818083106530118,0.3303013851088353,trip,17.851274623053996,
2670,2,z20,33.21655404264166,0.5536092340440277,trip,14.809854494164938,
2675,0,z20,25.64029736178421,0.42733828936307017,trip,10.666666666666515,
2675,1,z10,19.36808310653012,0.3228013851088353,trip,12.851274623053996,
2675,2,z20,32.76655404264166,0.5461092340440277,trip,9.809854494164938,
2680,0,z20,25.19029736178421,0.41983828936307016,trip,5.666666666666515,
2680,1,z10,18.91808310653012,0.3153013851088353,trip,7.851274623053996,
2680,2,z20,32.316554042641656,0.5386092340440276,trip,4.809854494164938,
2685,0,z20,24.74029736178421,0.4123382893630702,trip,0.6666666666665151,
2685,1,z10,18.46808310653012,0.3078013851088353,trip,2.851274623053996,
2685,2,z11,31.88366713816681,0.5313944523027802,idle,0,local
2690,0,z00,24.680297361784223,0.4113382893630704,idle,0,
2690,1,z32,18.21146839045526,0.3035244731742543,idle,0,
2690,2,z11,31.778667138166824,0.5296444523027805,visit,10.0,local
2695,0,z00,24.230297361784224,0.4038382893630704,trip,11.5,
2695,1,z32,17.76146839045526,0.29602447317425434,trip,3.833333333333485,
2695,2,z11,38.167556027055966,0.6361259337842661,visit,5.0,local
2700,0,z00,23.780297361784225,0.3963382893630704,trip,6.5,
2700,1,z31,17.416468390455286,0.29027447317425475,idle,0,
2700,2,z11,44.45144491594436,0.7408574152657393,idle,0,
2705,0,z00,23.330297361784226,0.3888382893630704,trip,1.5,
2705,1,z31,16.966468390455287,0.2827744731742548,trip,10.333333333333485,
2705,2,z11,44.001444915944354,0.7333574152657393,trip,13.309854494164938,
2710,0,z20,23.195297361784224,0.3865882893630704,idle,0,
2710,1,z31,16.516468390455284,0.27527447317425474,trip,5.333333333333485,
2710,2,z11,43.55144491594435,0.7258574152657392,trip,8.309854494164938,
2715,0,z20,22.745297361784225,0.37908828936307043,trip,13.309854494164938,
2715,1,z31,16.066468390455285,0.26777447317425473,trip,0.3333333333334849,
2715,2,z11,43.10144491594435,0.7183574152657392,trip,3.309854494164938,
2720,0,z20,22.295297361784225,0.3715882893630704,trip,8.309854494164938,
2720,1,z31,16.036468390455312,0.2672744731742552,idle,0,
2720,2,z32,42.803558011469505,0.7133926335244918,idle,0,
2725,0,z20,21.845297361784226,0.3640882893630704,trip,3.309854494164938,
2725,1,z31,15.586468390455313,0.2597744731742552,trip,3.833333333333485,
2725,2,z32,42.3535580114695,0.7058926335244917,trip,13.309854494164938,
2730,0,z32,21.547410457309383,0.35912350762182305,idle,0,
2730,1,z32,15.24146839045534,0.2540244731742557,idle,0,
2730,2,z32,41.9035580114695,0.6983926335244917,trip,8.309854494164938,
2735,0,z32,21.097410457309383,0.35162350762182304,trip,20.410795394624074,
2735,1,z32,14.791468390455341,0.2465244731742557,trip,19.809854494164938,
2735,2,z32,41.4535580114695,0.6908926335244916,trip,3.309854494164938,
2740,0,z32,20.647410457309384,0.3441235076218231,trip,15.410795394624074,
2740,1,z32,14.341468390455342,0.2390244731742557,trip,14.809854494164938,
2740,2,z20,41.15567110699465,0.6859278517832442,idle,0,
2745,0,z32,20.197410457309385,0.3366235076218231,trip,10.410795394624074,
2745,1,z32,13.891468390455342,0.2315244731742557,trip,9.809854494164938,
2745,2,z20,40.70567110699465,0.6784278517832442,trip,13.309854494164938,
2750,0,z32,19.747410457309385,0.3291235076218231,trip,5.410795394624074,
2750,1,z32,13.441468390455343,0.22402447317425572,trip,4.809854494164938,
2750,2,z20,40.25567110699465,0.6709278517832441,trip,8.309854494164938,
2755,0,z32,19.297410457309386,0.3216235076218231,trip,0.4107953946240741,
2755,1,z10,13.008581485980498,0.2168096914330083,idle,0,
2755,2,z20,39.805671106994645,0.663427851783244,trip,3.309854494164938,
2760,0,z01,19.26043887179322,0.321007314529887,idle,0,local
2760,1,z10,12.558581485980499,0.20930969143300832,visit,33.74218444174494,
2760,2,z32,39.5077842025198,0.6584630700419967,idle,0,
2765,0,z01,18.81043887179322,0.313507314529887,visit,15.333333333333485,local
2765,1,z10,12.87413704153632,0.214568950692272,visit,28.74218444174494,
2765,2,z32,39.0577842025198,0.6509630700419966,trip,19.166666666666515,
2770,0,z01,18.570438871793232,0.3095073145298872,visit,10.333333333333485,local
2770,1,z10,21.207470374869654,0.3534578395811609,visit,23.74218444174494,
2770,2,z32,38.607784202519795,0.6434630700419965,trip,14.166666666666515,
2775,0,z01,18.360438871793217,0.30600731452988694,visit,5.333333333333485,local
2775,1,z10,29.540803708202986,0.4923467284700498,visit,18.74218444174494,
2775,2,z32,38.15778420251979,0.6359630700419966,trip,9.166666666666515,
2780,0,z01,17.910438871793218,0.298507314529887,visit,0.3333333333334849,local
2780,1,z10,37.87413704153632,0.6312356173589387,visit,13.74218444174494,
2780,2,z32,37.70778420251979,0.6284630700419965,trip,4.166666666666515,
2785,0,z01,17.880438871793245,0.29800731452988743,idle,0,
2785,1,z10,46.20747037486966,0.7701245062478276,visit,8.74218444174494,
2785,2,z02,37.332784202519804,0.6222130700419968,idle,0,
2790,0,z01,17.880438871793245,0.29800731452988743,idle,0,
2790,1,z10,47.64679659975742,0.7941132766626237,visit,3.7421844417449392,
2790,2,z02,37.332784202519804,0.6222130700419968,idle,0,
2795,0,z01,17.430438871793246,0.29050731452988743,trip,13.309854494164938,
2795,1,z10,47.31000000000038,0.7885000000000063,idle,0,
2795,2,z02,37.332784202519804,0.6222130700419968,idle,0,
2800,0,z01,16.980438871793247,0.2830073145298874,trip,8.309854494164938,
2800,1,z10,46.860000000000376,0.7810000000000062,trip,13.309854494164938,
2800,2,z02,37.332784202519804,0.6222130700419968,idle,0,
2805,0,z01,16.530438871793248,0.27550731452988747,trip,3.309854494164938,
2805,1,z10,46.41000000000037,0.7735000000000062,trip,8.309854494164938,
2805,2,z02,37.332784202519804,0.6222130700419968,idle,0,
2810,0,z20,16.232551967318404,0.27054253278864004,idle,0,
2810,1,z10,45.96000000000037,0.7660000000000061,trip,3.309854494164938,
2810,2,z02,36.8827842025198,0.6147130700419967,trip,13.309854494164938,
2815,0,z20,15.782551967318405,0.2630425327886401,trip,13.309854494164938,
2815,1,z22,45.66211309552553,0.7610352182587587,idle,0,
2815,2,z02,36.4327842025198,0.6072130700419966,trip,8.309854494164938,
2820,0,z20,15.332551967318405,0.2555425327886401,trip,8.309854494164938,
2820,1,z22,45.66211309552553,0.7610352182587587,idle,0,
2820,2,z02,35.982784202519795,0.5997130700419966,trip,3.309854494164938,
2825,0,z20,14.882551967318406,0.2480425327886401,trip,3.309854494164938,
2825,1,z22,45.212113095525524,0.7535352182587587,trip,7.008970644860256,
2825,2,z21,35.68489729804495,0.5947482883007492,idle,0,
2830,0,z32,14.584665062843563,0.2430777510473927,idle,0,
2830,1,z22,44.76211309552552,0.7460352182587587,trip,2.0089706448602556,
2830,2,z21,35.68489729804495,0.5947482883007492,idle,0,
2835,0,z32,14.134665062843563,0.23557775104739273,trip,17.851274623053996,
2835,1,z11,44.5813057374881,0.7430217622914683,idle,0,local
2835,2,z21,38.63545285360077,0.6439242142266794,visit,10.0,
2840,0,z32,13.684665062843564,0.22807775104739272,trip,12.851274623053996,
2840,1,z11,44.47630573748811,0.7412717622914685,visit,10.0,local
2840,2,z21,46.9687861869341,0.7828131031155684,visit,5.0,
2845,0,z32,13.234665062843565,0.22057775104739274,trip,7.851274623053996,
2845,1,z11,47.8949999999998,0.7982499999999966,visit,5.0,local
2845,2,z21,47.894999999999996,0.7982499999999999,idle,0,
2850,0,z32,12.784665062843565,0.21307775104739277,trip,2.851274623053996,
2850,1,z11,47.8949999999998,0.7982499999999966,idle,0,
2850,2,z21,47.44499999999999,0.7907499999999998,trip,3.833333333333485,
2855,0,z10,12.528050346768707,0.20880083911281178,idle,0,
2855,1,z11,47.444999999999794,0.7907499999999966,trip,11.5,
2855,2,z22,47.10000000000002,0.7850000000000004,idle,0,
2860,0,z10,12.078050346768707,0.2013008391128118,trip,13.309854494164938,
2860,1,z11,46.99499999999979,0.7832499999999966,trip,6.5,
2860,2,z22,47.10000000000002,0.7850000000000004,idle,0,
2865,0,z10,11.628050346768708,0.1938008391128118,trip,8.309854494164938,
2865,1,z11,46.54499999999979,0.7757499999999965,trip,1.5,
2865,2,z22,46.65000000000002,0.7775000000000003,trip,7.008970644860256,
2870,0,z10,11.178050346768709,0.1863008391128118,trip,3.309854494164938,
2870,1,z31,46.40999999999979,0.7734999999999965,idle,0,
2870,2,z22,46.20000000000002,0.7700000000000002,trip,2.0089706448602556,
2875,0,z31,10.880163442293865,0.1813360573715644,idle,0,
2875,1,z31,46.40999999999979,0.7734999999999965,idle,0,
2875,2,z31,46.0191926419626,0.7669865440327099,idle,0,
2880,0,z31,13.830718997849687,0.23051198329749478,visit,21.66823526795679,
2880,1,z31,46.40999999999979,0.7734999999999965,idle,0,
2880,2,z31,46.0191926419626,0.7669865440327099,idle,0,
2885,0,z31,22.164052331183022,0.3694008721863837,visit,16.66823526795679,
2885,1,z31,45.95999999999979,0.7659999999999965,trip,3.833333333333485,
2885,2,z31,46.0191926419626,0.7669865440327099,idle,0,
2890,0,z31,30.497385664516358,0.5082897610752727,visit,11.668235267956788,
2890,1,z32,45.61499999999982,0.760249999999997,idle,0,
2890,2,z31,46.0191926419626,0.7669865440327099,idle,0,
2895,0,z31,38.830718997849694,0.6471786499641615,visit,6.6682352679567884,
2895,1,z32,45.61499999999982,0.760249999999997,idle,0,
2895,2,z31,45.569192641962594,0.7594865440327099,trip,11.5,
2900,0,z31,47.16405233118303,0.7860675388530505,visit,1.6682352679567884,
2900,1,z32,45.61499999999982,0.760249999999997,idle,0,
2900,2,z31,45.11919264196259,0.7519865440327098,trip,6.5,
2905,0,z31,47.89500000000016,0.7982500000000027,idle,0,
2905,1,z32,45.164999999999814,0.7527499999999969,trip,11.5,
2905,2,z31,44.66919264196259,0.7444865440327099,trip,1.5,
2910,0,z31,47.44500000000016,0.7907500000000026,trip,3.833333333333485,
2910,1,z32,44.71499999999981,0.7452499999999969,trip,6.5,
2910,2,z11,44.53419264196259,0.7422365440327099,idle,0,local
2915,0,z21,47.100000000000186,0.7850000000000031,idle,0,
2915,1,z32,44.26499999999981,0.7377499999999968,trip,1.5,
2915,2,z11,44.4291926419626,0.74048654403271,visit,10.0,local
2920,0,z21,47.100000000000186,0.7850000000000031,idle,0,
2920,1,z30,44.12999999999981,0.7354999999999968,idle,0,
2920,2,z11,47.89499999999981,0.7982499999999969,visit,5.0,local
2925,0,z21,47.100000000000186,0.7850000000000031,idle,0,
2925,1,z30,44.12999999999981,0.7354999999999968,idle,0,
2925,2,z11,47.89499999999981,0.7982499999999969,idle,0,
2930,0,z21,46.65000000000018,0.7775000000000031,trip,3.833333333333485,
2930,1,z30,44.12999999999981,0.7354999999999968,idle,0,
2930,2,z11,47.89499999999981,0.7982499999999969,idle,0,
2935,0,z20,46.30500000000021,0.7717500000000036,idle,0,
2935,1,z30,44.12999999999981,0.7354999999999968,idle,0,
2935,2,z11,47.89499999999981,0.7982499999999969,idle,0,
2940,0,z20,46.30500000000021,0.7717500000000036,idle,0,
2940,1,z30,44.12999999999981,0.7354999999999968,idle,0,
2940,2,z11,47.89499999999981,0.7982499999999969,idle,0,
2945,0,z20,45.85500000000021,0.7642500000000035,trip,13.309854494164938,
2945,1,z30,43.67999999999981,0.7279999999999968,trip,19.166666666666515,
2945,2,z11,47.44499999999981,0.7907499999999968,trip,3.833333333333485,
2950,0,z20,45.40500000000021,0.7567500000000035,trip,8.309854494164938,
2950,1,z30,43.229999999999805,0.7204999999999967,trip,14.166666666666515,
2950,2,z21,47.09999999999984,0.7849999999999973,idle,0,
2955,0,z20,44.955000000000204,0.7492500000000034,trip,3.309854494164938,
2955,1,z30,42.7799999999998,0.7129999999999967,trip,9.166666666666515,
2955,2,z21,47.09999999999984,0.7849999999999973,idle,0,
2960,0,z32,44.65711309552536,0.744285218258756,idle,0,
2960,1,z30,42.3299999999998,0.7054999999999967,trip,4.166666666666515,
2960,2,z21,46.649999999999835,0.7774999999999973,trip,3.833333333333485,
2965,0,z32,44.65711309552536,0.744285218258756,idle,0,
2965,1,z00,41.954999999999814,0.6992499999999969,idle,0,
2965,2,z31,46.304999999999865,0.7717499999999977,idle,0,
2970,0,z32,44.65711309552536,0.744285218258756,idle,0,
2970,1,z00,41.954999999999814,0.6992499999999969,idle,0,
2970,2,z31,45.85499999999986,0.7642499999999977,trip,11.5,
2975,0,z32,44.65711309552536,0.744285218258756,idle,0,
2975,1,z00,41.954999999999814,0.6992499999999969,idle,0,
2975,2,z31,45.40499999999986,0.7567499999999977,trip,6.5,
2980,0,z32,44.20711309552536,0.736785218258756,trip,13.309854494164938,
2980,1,z00,41.954999999999814,0.6992499999999969,idle,0,
2980,2,z31,44.954999999999856,0.7492499999999976,trip,1.5,
2985,0,z32,43.757113095525355,0.7292852182587559,trip,8.309854494164938,
2985,1,z00,41.954999999999814,0.6992499999999969,idle,0,
2985,2,z11,44.81999999999986,0.7469999999999977,idle,0,
2990,0,z32,43.30711309552535,0.7217852182587559,trip,3.309854494164938,
2990,1,z00,41.954999999999814,0.6992499999999969,idle,0,
2990,2,z11,44.369999999999855,0.7394999999999976,trip,7.008970644860256,
2995,0,z20,43.00922619105051,0.7168204365175085,idle,0,local
2995,1,z00,41.954999999999814,0.6992499999999969,idle,0,
2995,2,z11,43.91999999999985,0.7319999999999975,trip,2.0089706448602556,
3000,0,z20,42.559226191050506,0.7093204365175084,visit,15.333333333333485,local
3000,1,z00,41.954999999999814,0.6992499999999969,idle,0,
3000,2,z22,43.73919264196243,0.7289865440327072,idle,0,
3005,0,z20,42.31922619105052,0.7053204365175086,visit,10.333333333333485,local
3005,1,z00,41.954999999999814,0.6992499999999969,idle,0,
3005,2,z22,43.28919264196243,0.7214865440327072,trip,3.833333333333485,
3010,0,z20,42.1092261910505,0.7018204365175084,visit,5.333333333333485,local
3010,1,z00,41.954999999999814,0.6992499999999969,idle,0,
3010,2,z21,42.94419264196246,0.7157365440327077,idle,0,
3015,0,z20,41.6592261910505,0.6943204365175083,visit,0.3333333333334849,local
3015,1,z00,41.954999999999814,0.6992499999999969,idle,0,
3015,2,z21,42.94419264196246,0.7157365440327077,idle,0,
3020,0,z20,41.62922619105053,0.6938204365175088,idle,0,
3020,1,z00,41.954999999999814,0.6992499999999969,idle,0,
3020,2,z21,42.94419264196246,0.7157365440327077,idle,0,
3025,0,z20,41.62922619105053,0.6938204365175088,idle,0,
3025,1,z00,41.954999999999814,0.6992499999999969,idle,0,
3025,2,z21,42.94419264196246,0.7157365440327077,idle,0,
3030,0,z20,41.62922619105053,0.6938204365175088,idle,0,
3030,1,z00,41.954999999999814,0.6992499999999969,idle,0,
3030,2,z21,42.49419264196246,0.7082365440327076,trip,3.833333333333485,
3035,0,z20,41.179226191050525,0.6863204365175087,trip,3.833333333333485,
3035,1,z00,41.954999999999814,0.6992499999999969,idle,0,
3035,2,z31,42.149192641962486,0.702486544032708,idle,0,
3040,0,z10,40.834226191050554,0.6805704365175093,idle,0,
3040,1,z00,41.954999999999814,0.6992499999999969,idle,0,
3040,2,z31,42.149192641962486,0.702486544032708,idle,0,
3045,0,z10,40.834226191050554,0.6805704365175093,idle,0,
3045,1,z00,41.954999999999814,0.6992499999999969,idle,0,
3045,2,z31,42.149192641962486,0.702486544032708,idle,0,
3050,0,z10,40.834226191050554,0.6805704365175093,idle,0,
3050,1,z00,41.954999999999814,0.6992499999999969,idle,0,
3050,2,z31,42.149192641962486,0.702486544032708,idle,0,
3055,0,z10,40.834226191050554,0.6805704365175093,idle,0,
3055,1,z00,41.954999999999814,0.6992499999999969,idle,0,
3055,2,z31,41.69919264196248,0.6949865440327081,trip,7.008970644860256,
3060,0,z10,40.834226191050554,0.6805704365175093,idle,0,
3060,1,z00,41.954999999999814,0.6992499999999969,idle,0,
3060,2,z31,41.24919264196248,0.687486544032708,trip,2.0089706448602556,
3065,0,z10,40.834226191050554,0.6805704365175093,idle,0,
3065,1,z00,41.954999999999814,0.6992499999999969,idle,0,
3065,2,z22,41.06838528392506,0.6844730880654176,idle,0,
3070,0,z10,40.834226191050554,0.6805704365175093,idle,0,
3070,1,z00,41.954999999999814,0.6992499999999969,idle,0,
3070,2,z22,41.06838528392506,0.6844730880654176,idle,0,
3075,0,z10,40.834226191050554,0.6805704365175093,idle,0,
3075,1,z00,41.954999999999814,0.6992499999999969,idle,0,
3075,2,z22,40.61838528392506,0.6769730880654177,trip,11.5,
3080,0,z10,40.834226191050554,0.6805704365175093,idle,0,
3080,1,z00,41.954999999999814,0.6992499999999969,idle,0,
3080,2,z22,40.168385283925055,0.6694730880654176,trip,6.5,
3085,0,z10,40.834226191050554,0.6805704365175093,idle,0,
3085,1,z00,41.954999999999814,0.6992499999999969,idle,0,
3085,2,z22,39.71838528392505,0.6619730880654175,trip,1.5,
3090,0,z10,40.834226191050554,0.6805704365175093,idle,0,
3090,1,z00,41.954999999999814,0.6992499999999969,idle,0,
3090,2,z20,39.583385283925054,0.6597230880654176,idle,0,local
3095,0,z10,40.834226191050554,0.6805704365175093,idle,0,
3095,1,z00,41.954999999999814,0.6992499999999969,idle,0,
3095,2,z20,39.13338528392505,0.6522230880654175,visit,15.333333333333485,local
3100,0,z10,40.38422619105055,0.6730704365175092,trip,3.833333333333485,
3100,1,z00,41.954999999999814,0.6992499999999969,idle,0,
3100,2,z20,38.89338528392506,0.6482230880654177,visit,10.333333333333485,local
3105,0,z20,40.03922619105058,0.6673204365175097,idle,0,
3105,1,z00,41.954999999999814,0.6992499999999969,idle,0,
3105,2,z20,38.68338528392505,0.6447230880654174,visit,5.333333333333485,local
3110,0,z20,39.58922619105058,0.6598204365175097,trip,13.309854494164938,
3110,1,z00,41.954999999999814,0.6992499999999969,idle,0,
3110,2,z20,38.233385283925045,0.6372230880654174,visit,0.3333333333334849,local
3115,0,z20,39.139226191050575,0.6523204365175096,trip,8.309854494164938,
3115,1,z00,41.954999999999814,0.6992499999999969,idle,0,
3115,2,z20,38.20338528392507,0.6367230880654179,idle,0,
3120,0,z20,38.68922619105057,0.6448204365175095,trip,3.309854494164938,
3120,1,z00,41.954999999999814,0.6992499999999969,idle,0,
3120,2,z20,38.20338528392507,0.6367230880654179,idle,0,
3125,0,z32,38.39133928657573,0.6398556547762622,idle,0,
3125,1,z00,41.954999999999814,0.6992499999999969,idle,0,
3125,2,z20,37.75338528392507,0.6292230880654178,trip,3.833333333333485,
3130,0,z32,41.341894842131545,0.6890315807021924,visit,10.0,
3130,1,z00,41.954999999999814,0.6992499999999969,idle,0,
3130,2,z21,37.4083852839251,0.6234730880654183,idle,0,
3135,0,z32,47.909537678524835,0.7984922946420806,visit,5.0,
3135,1,z00,41.954999999999814,0.6992499999999969,idle,0,
3135,2,z21,40.358940839480915,0.6726490139913486,visit,10.0,
3140,0,z32,47.89499999999995,0.7982499999999992,idle,0,
3140,1,z00,41.50499999999981,0.6917499999999969,trip,19.166666666666515,
3140,2,z21,47.96261719466798,0.7993769532444663,visit,5.0,
3145,0,z32,47.44499999999995,0.7907499999999992,trip,3.833333333333485,
3145,1,z00,41.05499999999981,0.6842499999999968,trip,14.166666666666515,
3145,2,z21,47.89499999999996,0.7982499999999993,idle,0,
3150,0,z31,47.09999999999998,0.7849999999999997,idle,0,
3150,1,z00,40.604999999999805,0.6767499999999967,trip,9.166666666666515,
3150,2,z21,47.89499999999996,0.7982499999999993,idle,0,
3155,0,z31,47.09999999999998,0.7849999999999997,idle,0,
3155,1,z00,40.1549999999998,0.6692499999999967,trip,4.166666666666515,
3155,2,z21,47.89499999999996,0.7982499999999993,idle,0,
3160,0,z31,47.09999999999998,0.7849999999999997,idle,0,
3160,1,z30,39.779999999999816,0.6629999999999969,idle,0,
3160,2,z21,47.44499999999996,0.7907499999999993,trip,11.5,
3165,0,z31,47.09999999999998,0.7849999999999997,idle,0,
3165,1,z30,39.779999999999816,0.6629999999999969,idle,0,
3165,2,z21,46.994999999999955,0.7832499999999992,trip,6.5,
3170,0,z31,46.64999999999998,0.7774999999999996,trip,7.008970644860256,
3170,1,z30,39.779999999999816,0.6629999999999969,idle,0,
3170,2,z21,46.54499999999995,0.7757499999999992,trip,1.5,
3175,0,z31,46.199999999999974,0.7699999999999996,trip,2.0089706448602556,
3175,1,z30,39.779999999999816,0.6629999999999969,idle,0,
3175,2,z01,46.409999999999954,0.7734999999999992,idle,0,
3180,0,z22,46.019192641962555,0.7669865440327093,idle,0,
3180,1,z30,39.779999999999816,0.6629999999999969,idle,0,
3180,2,z01,46.409999999999954,0.7734999999999992,idle,0,
3185,0,z22,45.56919264196255,0.7594865440327092,trip,13.309854494164938,
3185,1,z30,39.779999999999816,0.6629999999999969,idle,0,
3185,2,z01,46.409999999999954,0.7734999999999992,idle,0,
3190,0,z22,45.11919264196255,0.7519865440327091,trip,8.309854494164938,
3190,1,z30,39.779999999999816,0.6629999999999969,idle,0,
3190,2,z01,46.409999999999954,0.7734999999999992,idle,0,
3195,0,z22,44.669192641962546,0.7444865440327091,trip,3.309854494164938,
3195,1,z30,39.779999999999816,0.6629999999999969,idle,0,
3195,2,z01,46.409999999999954,0.7734999999999992,idle,0,
3200,0,z01,44.3713057374877,0.7395217622914617,idle,0,
3200,1,z30,39.779999999999816,0.6629999999999969,idle,0,
3200,2,z01,46.409999999999954,0.7734999999999992,idle,0,
3205,0,z01,44.3713057374877,0.7395217622914617,idle,0,
3205,1,z30,39.779999999999816,0.6629999999999969,idle,0,
3205,2,z01,46.409999999999954,0.7734999999999992,idle,0,
3210,0,z01,44.3713057374877,0.7395217622914617,idle,0,
3210,1,z30,39.779999999999816,0.6629999999999969,idle,0,
3210,2,z01,46.409999999999954,0.7734999999999992,idle,0,
3215,0,z01,43.9213057374877,0.7320217622914617,trip,13.309854494164938,
3215,1,z30,39.779999999999816,0.6629999999999969,idle,0,
3215,2,z01,46.409999999999954,0.7734999999999992,idle,0,
3220,0,z01,43.4713057374877,0.7245217622914616,trip,8.309854494164938,
3220,1,z30,39.779999999999816,0.6629999999999969,idle,0,
3220,2,z01,45.95999999999995,0.7659999999999992,trip,19.166666666666515,
3225,0,z01,43.021305737487694,0.7170217622914615,trip,3.309854494164938,
3225,1,z30,39.779999999999816,0.6629999999999969,idle,0,
3225,2,z01,45.50999999999995,0.7584999999999992,trip,14.166666666666515,
3230,0,z22,42.72341883301285,0.7120569805502142,idle,0,
3230,1,z30,39.779999999999816,0.6629999999999969,idle,0,
3230,2,z01,45.059999999999945,0.7509999999999991,trip,9.166666666666515,
3235,0,z22,42.27341883301285,0.7045569805502141,trip,11.5,
3235,1,z30,39.779999999999816,0.6629999999999969,idle,0,
3235,2,z01,44.60999999999994,0.743499999999999,trip,4.166666666666515,
3240,0,z22,41.823418833012845,0.697056980550214,trip,6.5,
3240,1,z30,39.779999999999816,0.6629999999999969,idle,0,
3240,2,z31,44.23499999999996,0.7372499999999993,idle,0,
3245,0,z22,41.37341883301284,0.6895569805502141,trip,1.5,
3245,1,z30,39.329999999999814,0.6554999999999969,trip,13.309854494164938,
3245,2,z31,43.784999999999954,0.7297499999999992,trip,7.008970644860256,
3250,0,z02,41.238418833012844,0.6873069805502141,idle,0,local
3250,1,z30,38.87999999999981,0.6479999999999968,trip,8.309854494164938,
3250,2,z31,43.33499999999995,0.7222499999999992,trip,2.0089706448602556,
3255,0,z02,40.78841883301284,0.679806980550214,visit,21.68460795638748,local
3255,1,z30,38.42999999999981,0.6404999999999968,trip,3.309854494164938,
3255,2,z20,43.15419264196253,0.7192365440327089,idle,0,
3260,0,z02,40.33841883301284,0.672306980550214,visit,16.68460795638748,local
3260,1,z22,38.132113095524964,0.6355352182587494,idle,0,
3260,2,z20,42.70419264196253,0.7117365440327088,trip,13.309854494164938,
3265,0,z02,40.2626114749754,0.6710435245829234,visit,11.684607956387481,local
3265,1,z22,38.132113095524964,0.6355352182587494,idle,0,
3265,2,z20,42.254192641962526,0.7042365440327087,trip,8.309854494164938,
3270,0,z02,39.888418833012835,0.6648069805502139,visit,6.684607956387481,local
3270,1,z22,37.68211309552496,0.6280352182587493,trip,3.833333333333485,
3270,2,z20,41.80419264196252,0.6967365440327087,trip,3.309854494164938,
3275,0,z02,39.43841883301283,0.6573069805502139,visit,1.684607956387481,local
3275,1,z32,37.33711309552499,0.6222852182587498,idle,0,
3275,2,z01,41.50630573748768,0.6917717622914613,idle,0,
3280,0,z02,39.28680411693796,0.6547800686156326,idle,0,
3280,1,z32,36.88711309552499,0.6147852182587498,trip,3.833333333333485,
3280,2,z01,41.056305737487676,0.6842717622914612,trip,20.410795394624074,
3285,0,z02,39.28680411693796,0.6547800686156326,idle,0,
3285,1,z31,36.54211309552502,0.6090352182587503,idle,0,local
3285,2,z01,40.60630573748767,0.6767717622914612,trip,15.410795394624074,
3290,0,z02,39.28680411693796,0.6547800686156326,idle,0,
3290,1,z31,36.43711309552503,0.6072852182587505,visit,10.0,local
3290,2,z01,40.15630573748767,0.6692717622914611,trip,10.410795394624074,
3295,0,z02,39.28680411693796,0.6547800686156326,idle,0,
3295,1,z31,42.82600198441417,0.7137666997402362,visit,5.0,local
3295,2,z01,39.70630573748767,0.6617717622914612,trip,5.410795394624074,
3300,0,z02,39.28680411693796,0.6547800686156326,idle,0,
3300,1,z31,47.895000000000095,0.7982500000000016,idle,0,
3300,2,z01,39.256305737487665,0.6542717622914611,trip,0.4107953946240741,
3305,0,z02,38.836804116937955,0.6472800686156326,trip,18.0,
3305,1,z31,47.44500000000009,0.7907500000000015,trip,7.008970644860256,
3305,2,z32,39.219334151971495,0.6536555691995249,idle,0,
3310,0,z02,38.38680411693795,0.6397800686156325,trip,13.0,
3310,1,z31,46.99500000000009,0.7832500000000014,trip,2.0089706448602556,
3310,2,z32,38.76933415197149,0.6461555691995249,trip,3.833333333333485,
3315,0,z02,37.93680411693795,0.6322800686156325,trip,8.0,
3315,1,z22,46.81419264196267,0.7802365440327111,idle,0,
3315,2,z31,38.42433415197152,0.6404055691995254,idle,0,
3320,0,z02,37.48680411693795,0.6247800686156324,trip,3.0,
3320,1,z22,46.36419264196267,0.7727365440327111,trip,13.309854494164938,
3320,2,z31,37.97433415197152,0.6329055691995253,trip,3.833333333333485,
3325,0,z32,37.21680411693794,0.6202800686156323,idle,0,
3325,1,z22,45.914192641962664,0.765236544032711,trip,8.309854494164938,
3325,2,z32,37.62933415197155,0.6271555691995258,idle,0,central
3330,0,z32,36.76680411693794,0.6127800686156324,trip,13.309854494164938,
3330,1,z22,45.46419264196266,0.7577365440327111,trip,3.309854494164938,
3330,2,z32,37.179334151971545,0.6196555691995258,visit,52.666666666666515,central
3335,0,z32,36.31680411693794,0.6052800686156323,trip,8.309854494164938,
3335,1,z30,45.16630573748782,0.7527717622914636,idle,0,
3335,2,z32,36.72933415197154,0.6121555691995257,visit,47.666666666666515,central
3340,0,z32,35.866804116937935,0.5977800686156323,trip,3.309854494164938,
3340,1,z30,44.716305737487815,0.7452717622914636,trip,3.833333333333485,
3340,2,z32,36.27933415197154,0.6046555691995257,visit,42.666666666666515,central
3345,0,z20,35.56891721246309,0.5928152868743849,idle,0,
3345,1,z31,44.371305737487845,0.739521762291464,idle,0,
3345,2,z32,36.249334151971524,0.6041555691995254,visit,37.666666666666515,central
3350,0,z20,35.11891721246309,0.5853152868743848,trip,10.333333333333485,
3350,1,z31,43.92130573748784,0.732021762291464,trip,3.833333333333485,
3350,2,z32,36.249334151971524,0.6041555691995254,visit,32.666666666666515,central
3355,0,z20,34.668917212463086,0.5778152868743848,trip,5.333333333333485,
3355,1,z21,43.57630573748787,0.7262717622914645,idle,0,
3355,2,z32,36.249334151971524,0.6041555691995254,visit,27.666666666666515,central
3360,0,z20,34.21891721246308,0.5703152868743847,trip,0.3333333333334849,
3360,1,z21,43.12630573748787,0.7187717622914644,trip,3.833333333333485,
3360,2,z32,36.249334151971524,0.6041555691995254,visit,22.666666666666515,central
3365,0,z20,34.18891721246311,0.5698152868743852,idle,0,
3365,1,z31,42.7813057374879,0.713021762291465,idle,0,
3365,2,z32,36.249334151971524,0.6041555691995254,visit,17.666666666666515,central
3370,0,z20,33.73891721246311,0.5623152868743851,trip,10.333333333333485,
3370,1,z31,42.331305737487895,0.7055217622914649,trip,7.008970644860256,
3370,2,z32,36.00933415197154,0.6001555691995256,visit,12.666666666666515,central
3375,0,z20,33.288917212463105,0.5548152868743851,trip,5.333333333333485,
3375,1,z31,41.88130573748789,0.6980217622914648,trip,2.0089706448602556,
3375,2,z32,35.559334151971534,0.5926555691995256,visit,7.666666666666515,central
3380,0,z20,32.8389172124631,0.547315286874385,trip,0.3333333333334849,
3380,1,z22,41.70049837945047,0.6950083063241745,idle,0,
3380,2,z32,35.10933415197153,0.5851555691995255,visit,2.666666666666515,central
3385,0,z31,32.80891721246313,0.5468152868743855,idle,0,
3385,1,z22,41.25049837945047,0.6875083063241745,trip,10.333333333333485,
3385,2,z32,34.8693341519715,0.581155569199525,idle,0,
3390,0,z31,32.358917212463126,0.5393152868743855,trip,10.333333333333485,
3390,1,z22,40.80049837945047,0.6800083063241744,trip,5.333333333333485,
3390,2,z32,34.4193341519715,0.573655569199525,trip,13.309854494164938,
3395,0,z31,31.908917212463123,0.5318152868743854,trip,5.333333333333485,
3395,1,z22,40.350498379450464,0.6725083063241744,trip,0.3333333333334849,
3395,2,z32,33.969334151971495,0.5661555691995249,trip,8.309854494164938,
3400,0,z31,31.458917212463124,0.5243152868743854,trip,0.3333333333334849,
3400,1,z31,40.32049837945049,0.6720083063241749,idle,0,
3400,2,z32,33.51933415197149,0.5586555691995249,trip,3.309854494164938,
3405,0,z22,31.42891721246315,0.5238152868743858,idle,0,
3405,1,z31,39.87049837945049,0.6645083063241748,trip,11.5,
3405,2,z20,33.22144724749665,0.5536907874582775,idle,0,
3410,0,z22,30.978917212463152,0.5163152868743859,trip,3.833333333333485,
3410,1,z31,39.420498379450486,0.6570083063241747,trip,6.5,
3410,2,z20,32.771447247496646,0.5461907874582774,trip,19.809854494164938,
3415,0,z21,30.633917212463178,0.5105652868743863,idle,0,
3415,1,z31,38.97049837945048,0.6495083063241747,trip,1.5,
3415,2,z20,32.32144724749664,0.5386907874582774,trip,14.809854494164938,
3420,0,z21,30.18391721246318,0.5030652868743863,trip,7.008970644860256,
3420,1,z11,38.835498379450485,0.6472583063241747,idle,0,local
3420,2,z20,31.871447247496643,0.5311907874582774,trip,9.809854494164938,
3425,0,z21,29.73391721246318,0.49556528687438633,trip,2.0089706448602556,
3425,1,z11,38.730498379450495,0.6455083063241749,visit,10.0,local
3425,2,z20,31.421447247496644,0.5236907874582774,trip,4.809854494164938,
3430,0,z32,29.553109854425756,0.4925518309070959,idle,0,
3430,1,z11,45.119387268339636,0.7519897878056606,visit,5.0,local
3430,2,z22,30.9885603430218,0.51647600571703,idle,0,
3435,0,z32,29.103109854425757,0.48505183090709597,trip,11.5,
3435,1,z11,47.89499999999987,0.7982499999999978,idle,0,
3435,2,z22,30.5385603430218,0.50897600571703,trip,7.008970644860256,
3440,0,z32,28.653109854425757,0.47755183090709596,trip,6.5,
3440,1,z11,47.444999999999865,0.7907499999999977,trip,11.5,
3440,2,z22,30.0885603430218,0.50147600571703,trip,2.0089706448602556,
3445,0,z32,28.203109854425758,0.47005183090709596,trip,1.5,
3445,1,z11,46.99499999999986,0.7832499999999977,trip,6.5,
3445,2,z31,29.907752984984377,0.49846254974973964,idle,0,
3450,0,z12,28.068109854425757,0.46780183090709593,idle,0,central
3450,1,z11,46.54499999999986,0.7757499999999976,trip,1.5,
3450,2,z31,29.457752984984378,0.49096254974973963,trip,26.910795394624074,
3455,0,z12,27.618109854425757,0.460301830907096,visit,56.286375654996846,central
3455,1,z31,46.40999999999986,0.7734999999999977,idle,0,
3455,2,z31,29.007752984984375,0.48346254974973957,trip,21.910795394624074,
3460,0,z12,27.168109854425758,0.45280183090709597,visit,51.286375654996846,central
3460,1,z31,45.95999999999986,0.7659999999999977,trip,42.24412872795756,
3460,2,z31,28.557752984984376,0.4759625497497396,trip,16.910795394624074,
3465,0,z12,26.71810985442576,0.44530183090709596,visit,46.286375654996846,central
3465,1,z31,45.509999999999856,0.7584999999999976,trip,37.24412872795756,
3465,2,z31,28.107752984984376,0.4684625497497396,trip,11.910795394624074,
3470,0,z12,26.5252229499509,0.44208704916584834,visit,41.286375654996846,central
3470,1,z31,45.05999999999985,0.7509999999999976,trip,32.24412872795756,
3470,2,z31,27.657752984984377,0.4609625497497396,trip,6.910795394624074,
3475,0,z12,26.5252229499509,0.44208704916584834,visit,36.286375654996846,central
3475,1,z31,44.60999999999985,0.7434999999999975,trip,27.24412872795756,
3475,2,z31,27.207752984984378,0.45346254974973965,trip,1.910795394624074,
3480,0,z12,26.5252229499509,0.44208704916584834,visit,31.286375654996846,central
3480,1,z31,44.15999999999985,0.7359999999999974,trip,22.24412872795756,
3480,2,z01,27.03578139946821,0.4505963566578035,idle,0,
3485,0,z12,26.5252229499509,0.44208704916584834,visit,26.286375654996846,central
3485,1,z31,43.709999999999845,0.7284999999999974,trip,17.24412872795756,
3485,2,z01,26.58578139946821,0.4430963566578035,trip,11.5,
3490,0,z12,26.5252229499509,0.44208704916584834,visit,21.286375654996846,central
3490,1,z31,43.25999999999984,0.7209999999999973,trip,12.244128727957559,
3490,2,z01,26.13578139946821,0.4355963566578035,trip,6.5,
3495,0,z12,26.44810985442576,0.44080183090709596,visit,16.286375654996846,central
3495,1,z31,42.80999999999984,0.7134999999999974,trip,7.244128727957559,
3495,2,z01,25.685781399468212,0.42809635665780355,trip,1.5,
3500,0,z12,25.99810985442576,0.433301830907096,visit,11.286375654996846,central
3500,1,z31,42.359999999999836,0.7059999999999973,trip,2.244128727957559,
3500,2,z21,25.55078139946821,0.4258463566578035,idle,0,
3505,0,z12,25.54810985442576,0.425801830907096,visit,6.286375654996846,central
3505,1,z32,42.15802841448365,0.7026338069080609,idle,0,
3505,2,z21,25.10078139946821,0.4183463566578035,trip,3.833333333333485,
3510,0,z12,25.09810985442576,0.418301830907096,visit,1.2863756549968457,central
3510,1,z32,41.70802841448365,0.6951338069080608,trip,3.833333333333485,
3510,2,z31,24.755781399468237,0.412596356657804,idle,0,
3515,0,z12,24.982336045476046,0.41637226742460076,idle,0,
3515,1,z22,41.36302841448368,0.6893838069080613,idle,0,
3515,2,z31,24.305781399468238,0.40509635665780397,trip,3.833333333333485,
3520,0,z12,24.982336045476046,0.41637226742460076,idle,0,
3520,1,z22,40.913028414483676,0.6818838069080613,trip,7.008970644860256,
3520,2,z21,23.960781399468264,0.3993463566578044,idle,0,
3525,0,z12,24.532336045476047,0.40887226742460075,trip,10.333333333333485,
3525,1,z22,40.463028414483674,0.6743838069080612,trip,2.0089706448602556,
3525,2,z21,23.510781399468264,0.39184635665780443,trip,18.0,
3530,0,z12,24.082336045476044,0.40137226742460075,trip,5.333333333333485,
3530,1,z31,40.282221056446254,0.6713703509407709,idle,0,
3530,2,z21,23.06078139946826,0.38434635665780437,trip,13.0,
3535,0,z12,23.632336045476045,0.39387226742460074,trip,0.3333333333334849,
3535,1,z31,39.83222105644625,0.6638703509407708,trip,7.008970644860256,
3535,2,z21,22.610781399468262,0.37684635665780436,trip,8.0,
3540,0,z32,23.602336045476072,0.3933722674246012,idle,0,
3540,1,z31,39.38222105644625,0.6563703509407708,trip,2.0089706448602556,
3540,2,z21,22.160781399468263,0.3693463566578044,trip,3.0,
3545,0,z32,23.152336045476073,0.38587226742460123,trip,3.833333333333485,
3545,1,z22,39.20141369840883,0.6533568949734805,idle,0,
3545,2,z02,21.890781399468263,0.3648463566578044,idle,0,local
3550,0,z31,22.8073360454761,0.38012226742460165,idle,0,
3550,1,z22,38.751413698408825,0.6458568949734804,trip,3.833333333333485,
3550,2,z02,21.440781399468264,0.3573463566578044,visit,21.68460795638748,local
3555,0,z31,25.757891601031922,0.42929819335053204,visit,10.0,
3555,1,z32,38.406413698408855,0.6401068949734809,idle,0,
3555,2,z02,20.990781399468265,0.3498463566578044,visit,16.68460795638748,local
3560,0,z31,34.09122493436526,0.5681870822394209,visit,5.0,
3560,1,z32,37.95641369840885,0.6326068949734809,trip,20.410795394624074,
3560,2,z02,20.914974041430828,0.3485829006905138,visit,11.684607956387481,local
3565,0,z31,40.37511382325365,0.6729185637208942,idle,0,
3565,1,z32,37.50641369840885,0.6251068949734808,trip,15.410795394624074,
3565,2,z02,20.540781399468266,0.34234635665780444,visit,6.684607956387481,local
3570,0,z31,39.925113823253646,0.6654185637208941,trip,19.166666666666515,
3570,1,z32,37.056413698408846,0.6176068949734808,trip,10.410795394624074,
3570,2,z02,20.090781399468266,0.33484635665780443,visit,1.684607956387481,local
3575,0,z31,39.47511382325364,0.6579185637208941,trip,14.166666666666515,
3575,1,z32,36.60641369840884,0.6101068949734807,trip,5.410795394624074,
3575,2,z02,19.939166683393392,0.3323194447232232,idle,0,
3580,0,z31,39.02511382325364,0.650418563720894,trip,9.166666666666515,
3580,1,z32,36.15641369840884,0.6026068949734806,trip,0.4107953946240741,
3580,2,z02,19.939166683393392,0.3323194447232232,idle,0,
3585,0,z31,38.57511382325364,0.642918563720894,trip,4.166666666666515,
3585,1,z01,36.11944211289267,0.6019907018815445,idle,0,
3585,2,z02,19.489166683393393,0.3248194447232232,trip,18.0,
3590,0,z01,38.20011382325365,0.6366685637208942,idle,0,
3590,1,z01,35.66944211289267,0.5944907018815445,trip,3.833333333333485,
3590,2,z02,19.03916668339339,0.31731944472322315,trip,13.0,
3595,0,z01,37.75011382325365,0.6291685637208941,trip,7.008970644860256,
3595,1,z00,35.3244421128927,0.5887407018815449,idle,0,local
3595,2,z02,18.58916668339339,0.30981944472322315,trip,8.0,
3600,0,z01,37.300113823253646,0.6216685637208941,trip,2.0089706448602556,
3600,1,z00,35.21944211289271,0.5869907018815451,visit,10.0,local
3600,2,z02,18.13916668339339,0.3023194447232232,trip,3.0,
3605,0,z12,37.119306465216226,0.6186551077536038,idle,0,
3605,1,z00,41.60833100178185,0.6934721833630308,visit,5.0,local
3605,2,z32,17.86916668339339,0.2978194447232232,idle,0,
3610,0,z12,37.119306465216226,0.6186551077536038,idle,0,
3610,1,z00,47.89221989067024,0.798203664844504,idle,0,
3610,2,z32,17.419166683393392,0.2903194447232232,trip,13.309854494164938,
3615,0,z12,36.66930646521622,0.6111551077536037,trip,10.333333333333485,
3615,1,z00,47.44221989067024,0.7907036648445039,trip,17.851274623053996,
3615,2,z32,16.969166683393393,0.28281944472322323,trip,8.309854494164938,
3620,0,z12,36.21930646521622,0.6036551077536036,trip,5.333333333333485,
3620,1,z00,46.992219890670235,0.7832036648445039,trip,12.851274623053996,
3620,2,z32,16.519166683393394,0.27531944472322323,trip,3.309854494164938,
3625,0,z12,35.76930646521622,0.5961551077536036,trip,0.3333333333334849,
3625,1,z00,46.54221989067023,0.7757036648445038,trip,7.851274623053996,
3625,2,z11,16.22127977891855,0.27035466298197586,idle,0,
3630,0,z01,35.739306465216245,0.5956551077536041,idle,0,
3630,1,z00,46.09221989067023,0.7682036648445039,trip,2.851274623053996,
3630,2,z11,15.77127977891855,0.26285466298197585,trip,11.5,
3635,0,z01,35.28930646521624,0.588155107753604,trip,20.410795394624074,
3635,1,z22,45.83560517459537,0.7639267529099228,idle,0,
3635,2,z11,15.321279778918552,0.25535466298197584,trip,6.5,
3640,0,z01,34.83930646521624,0.580655107753604,trip,15.410795394624074,
3640,1,z22,45.38560517459537,0.7564267529099228,trip,13.309854494164938,
3640,2,z11,14.871279778918552,0.24785466298197587,trip,1.5,
3645,0,z01,34.38930646521624,0.5731551077536039,trip,10.410795394624074,
3645,1,z22,44.935605174595366,0.7489267529099227,trip,8.309854494164938,
3645,2,z31,14.736279778918552,0.24560466298197586,idle,0,
3650,0,z01,33.939306465216234,0.565655107753604,trip,5.410795394624074,
3650,1,z22,44.485605174595364,0.7414267529099228,trip,3.309854494164938,
3650,2,z31,14.286279778918553,0.23810466298197588,trip,20.410795394624074,
3655,0,z01,33.48930646521623,0.5581551077536039,trip,0.4107953946240741,
3655,1,z01,44.18771827012052,0.7364619711686753,idle,0,
3655,2,z31,13.836279778918554,0.2306046629819759,trip,15.410795394624074,
3660,0,z30,33.45233487970006,0.5575389146616677,idle,0,
3660,1,z01,44.18771827012052,0.7364619711686753,idle,0,
3660,2,z31,13.386279778918555,0.2231046629819759,trip,10.410795394624074,
3665,0,z30,33.45233487970006,0.5575389146616677,idle,0,
3665,1,z01,44.18771827012052,0.7364619711686753,idle,0,
3665,2,z31,12.936279778918555,0.21560466298197592,trip,5.410795394624074,
3670,0,z30,33.45233487970006,0.5575389146616677,idle,0,
3670,1,z01,43.73771827012052,0.7289619711686753,trip,20.410795394624074,
3670,2,z31,12.486279778918556,0.20810466298197594,trip,0.4107953946240741,
3675,0,z30,33.00233487970006,0.5500389146616677,trip,23.809226445223885,
3675,1,z01,43.287718270120514,0.7214619711686753,trip,15.410795394624074,
3675,2,z02,12.44930819340239,0.20748846989003983,idle,0,
3680,0,z30,32.552334879700055,0.5425389146616676,trip,18.809226445223885,
3680,1,z01,42.83771827012051,0.7139619711686752,trip,10.410795394624074,
3680,2,z02,11.99930819340239,0.19998846989003985,trip,7.008970644860256,
3685,0,z30,32.10233487970005,0.5350389146616675,trip,13.809226445223885,
3685,1,z01,42.38771827012051,0.7064619711686752,trip,5.410795394624074,
3685,2,z02,11.549308193402391,0.19248846989003984,trip,2.0089706448602556,
3690,0,z30,31.652334879700053,0.5275389146616676,trip,8.809226445223885,
3690,1,z01,41.937718270120506,0.6989619711686751,trip,0.4107953946240741,
3690,2,z11,11.368500835364967,0.18947501392274946,idle,0,
3695,0,z30,31.202334879700054,0.5200389146616675,trip,3.809226445223885,
3695,1,z32,41.900746684604336,0.6983457780767389,idle,0,
3695,2,z11,10.918500835364968,0.18197501392274948,trip,7.008970644860256,
3700,0,z02,30.859504499629903,0.5143250749938317,idle,0,
3700,1,z32,41.45074668460433,0.6908457780767389,trip,17.851274623053996,
3700,2,z11,10.468500835364969,0.17447501392274947,trip,2.0089706448602556,
3705,0,z02,30.859504499629903,0.5143250749938317,idle,0,
3705,1,z32,41.00074668460433,0.6833457780767388,trip,12.851274623053996,
3705,2,z02,10.287693477327545,0.1714615579554591,idle,0,
3710,0,z02,30.409504499629904,0.5068250749938318,trip,13.309854494164938,
3710,1,z32,40.55074668460433,0.6758457780767387,trip,7.851274623053996,
3710,2,z02,9.837693477327546,0.1639615579554591,trip,10.333333333333485,
3715,0,z02,29.959504499629904,0.4993250749938317,trip,8.309854494164938,
3715,1,z32,40.100746684604324,0.6683457780767388,trip,2.851274623053996,
3715,2,z02,9.387693477327547,0.1564615579554591,trip,5.333333333333485,
3720,0,z02,29.509504499629905,0.49182507499383177,trip,3.309854494164938,
3720,1,z10,39.84413196852947,0.6640688661421578,idle,0,
3720,2,z02,8.937693477327548,0.14896155795545912,trip,0.3333333333334849,
3725,0,z21,29.21161759515506,0.48686029325258434,idle,0,local
3725,1,z10,39.394131968529464,0.6565688661421577,trip,3.833333333333485,
3725,2,z02,8.907693477327575,0.1484615579554596,idle,0,
3730,0,z21,29.106617595155075,0.4851102932525846,visit,10.0,local
3730,1,z20,39.049131968529494,0.6508188661421582,idle,0,
3730,2,z02,8.457693477327576,0.1409615579554596,visit,42.72547628481334,
3735,0,z21,35.49550648404421,0.5915917747340702,visit,5.0,local
3735,1,z20,38.59913196852949,0.6433188661421582,trip,3.833333333333485,
3735,2,z02,8.007693477327576,0.1334615579554596,visit,37.72547628481334,
3740,0,z21,41.779395372932605,0.6963232562155434,idle,0,
3740,1,z30,38.25413196852952,0.6375688661421587,idle,0,
3740,2,z02,11.528046155633906,0.19213410259389843,visit,32.72547628481334,
3745,0,z21,41.3293953729326,0.6888232562155434,trip,3.833333333333485,
3745,1,z30,37.80413196852952,0.6300688661421586,trip,17.851274623053996,
3745,2,z02,19.861379488967238,0.3310229914827873,visit,27.72547628481334,
3750,0,z31,40.98439537293263,0.6830732562155438,idle,0,
3750,1,z30,37.354131968529515,0.6225688661421586,trip,12.851274623053996,
3750,2,z02,28.194712822300573,0.46991188037167625,visit,22.72547628481334,
3755,0,z31,40.53439537293263,0.6755732562155438,trip,7.008970644860256,
3755,1,z30,36.90413196852951,0.6150688661421585,trip,7.851274623053996,
3755,2,z02,36.52804615563391,0.6088007692605651,visit,17.72547628481334,
3760,0,z31,40.084395372932626,0.6680732562155438,trip,2.0089706448602556,
3760,1,z30,36.45413196852951,0.6075688661421584,trip,2.851274623053996,
3760,2,z02,44.861379488967245,0.7476896581494541,visit,12.72547628481334,
3765,0,z20,39.903588014895206,0.6650598002482534,idle,0,
3765,1,z12,36.19751725245465,0.6032919542075775,idle,0,
3765,2,z02,47.71948550759567,0.7953247584599279,visit,7.72547628481334,
3770,0,z20,39.903588014895206,0.6650598002482534,idle,0,
3770,1,z12,36.19751725245465,0.6032919542075775,idle,0,
3770,2,z02,47.26948550759567,0.7878247584599278,visit,2.7254762848133396,
3775,0,z20,39.4535880148952,0.6575598002482533,trip,13.309854494164938,
3775,1,z12,36.19751725245465,0.6032919542075775,idle,0,
3775,2,z02,47.024192641962465,0.7837365440327078,idle,0,
3780,0,z20,39.0035880148952,0.6500598002482534,trip,8.309854494164938,
3780,1,z12,35.74751725245465,0.5957919542075775,trip,13.309854494164938,
3780,2,z02,46.57419264196246,0.7762365440327077,trip,20.410795394624074,
3785,0,z20,38.5535880148952,0.6425598002482533,trip,3.309854494164938,
3785,1,z12,35.29751725245465,0.5882919542075774,trip,8.309854494164938,
3785,2,z02,46.12419264196246,0.7687365440327076,trip,15.410795394624074,
3790,0,z01,38.255701110420354,0.637595018507006,idle,0,
3790,1,z12,34.847517252454644,0.5807919542075773,trip,3.309854494164938,
3790,2,z02,45.674192641962456,0.7612365440327076,trip,10.410795394624074,
3795,0,z01,38.255701110420354,0.637595018507006,idle,0,
3795,1,z31,34.5496303479798,0.57582717246633,idle,0,central
3795,2,z02,45.22419264196245,0.7537365440327075,trip,5.410795394624074,
3800,0,z01,37.80570111042035,0.6300950185070059,trip,7.008970644860256,
3800,1,z31,34.0996303479798,0.5683271724663299,visit,37.333333333333485,central
3800,2,z02,44.77419264196245,0.7462365440327076,trip,0.4107953946240741,
3805,0,z01,37.35570111042035,0.6225950185070058,trip,2.0089706448602556,
3805,1,z31,33.85963034797981,0.5643271724663301,visit,32.333333333333485,central
3805,2,z31,44.73722105644628,0.7456203509407714,idle,0,local
3810,0,z12,37.17489375238293,0.6195815625397155,idle,0,
3810,1,z31,33.85963034797981,0.5643271724663301,visit,27.333333333333485,central
3810,2,z31,44.63222105644629,0.7438703509407715,visit,10.0,local
3815,0,z12,36.724893752382926,0.6120815625397155,trip,13.309854494164938,
3815,1,z31,33.85963034797981,0.5643271724663301,visit,22.333333333333485,central
3815,2,z31,47.89500000000018,0.798250000000003,visit,5.0,local
3820,0,z12,36.27489375238292,0.6045815625397154,trip,8.309854494164938,
3820,1,z31,33.85963034797981,0.5643271724663301,visit,17.333333333333485,central
3820,2,z31,47.89500000000018,0.798250000000003,idle,0,
3825,0,z12,35.82489375238292,0.5970815625397153,trip,3.309854494164938,
3825,1,z31,33.85963034797981,0.5643271724663301,visit,12.333333333333485,central
3825,2,z31,47.44500000000018,0.790750000000003,trip,10.333333333333485,
3830,0,z20,35.527006847908076,0.592116780798468,idle,0,
3830,1,z31,33.829630347979794,0.5638271724663299,visit,7.333333333333485,central
3830,2,z31,46.995000000000175,0.7832500000000029,trip,5.333333333333485,
3835,0,z20,35.07700684790807,0.5846167807984679,trip,17.851274623053996,
3835,1,z31,33.37963034797979,0.5563271724663299,visit,2.333333333333485,central
3835,2,z31,46.54500000000017,0.7757500000000028,trip,0.3333333333334849,
3840,0,z20,34.62700684790807,0.5771167807984678,trip,12.851274623053996,
3840,1,z31,33.16963034797982,0.5528271724663303,idle,0,
3840,2,z31,46.5150000000002,0.7752500000000033,idle,0,
3845,0,z20,34.17700684790807,0.5696167807984678,trip,7.851274623053996,
3845,1,z31,32.719630347979816,0.5453271724663302,trip,3.833333333333485,
3845,2,z31,46.0650000000002,0.7677500000000033,trip,7.008970644860256,
3850,0,z20,33.727006847908065,0.5621167807984677,trip,2.851274623053996,
3850,1,z21,32.374630347979846,0.5395771724663307,idle,0,
3850,2,z31,45.615000000000194,0.7602500000000032,trip,2.0089706448602556,
3855,0,z02,33.47039213183321,0.5578398688638868,idle,0,
3855,1,z21,31.924630347979843,0.5320771724663307,trip,7.008970644860256,
3855,2,z22,45.434192641962774,0.7572365440327129,idle,0,
3860,0,z02,33.020392131833205,0.5503398688638867,trip,19.809854494164938,
3860,1,z21,31.474630347979843,0.5245771724663307,trip,2.0089706448602556,
3860,2,z22,44.98419264196277,0.7497365440327128,trip,11.5,
3865,0,z02,32.5703921318332,0.5428398688638867,trip,14.809854494164938,
3865,1,z30,31.29382298994242,0.5215637164990403,idle,0,
3865,2,z22,44.53419264196277,0.7422365440327128,trip,6.5,
3870,0,z02,32.1203921318332,0.5353398688638866,trip,9.809854494164938,
3870,1,z30,30.84382298994242,0.5140637164990404,trip,11.5,
3870,2,z22,44.084192641962765,0.7347365440327127,trip,1.5,
3875,0,z02,31.6703921318332,0.5278398688638867,trip,4.809854494164938,
3875,1,z30,30.39382298994242,0.5065637164990403,trip,6.5,
3875,2,z02,43.94919264196277,0.7324865440327127,idle,0,
3880,0,z31,31.237505227358355,0.5206250871226392,idle,0,
3880,1,z30,29.943822989942422,0.49906371649904036,trip,1.5,
3880,2,z02,43.499192641962765,0.7249865440327128,trip,35.14318782749842,
3885,0,z31,30.787505227358356,0.5131250871226393,trip,10.333333333333485,
3885,1,z32,29.80882298994242,0.4968137164990403,idle,0,
3885,2,z02,43.04919264196276,0.7174865440327127,trip,30.143187827498423,
3890,0,z31,30.337505227358353,0.5056250871226392,trip,5.333333333333485,
3890,1,z32,29.35882298994242,0.4893137164990404,trip,20.410795394624074,
3890,2,z02,42.59919264196276,0.7099865440327127,trip,25.143187827498423,
3895,0,z31,29.887505227358353,0.4981250871226392,trip,0.3333333333334849,
3895,1,z32,28.908822989942422,0.48181371649904037,trip,15.410795394624074,
3895,2,z02,42.149192641962756,0.7024865440327126,trip,20.143187827498423,
3900,0,z31,29.85750522735838,0.4976250871226397,idle,0,local
3900,1,z32,28.458822989942423,0.47431371649904036,trip,10.410795394624074,
3900,2,z02,41.69919264196275,0.6949865440327125,trip,15.143187827498423,
3905,0,z31,29.752505227358395,0.4958750871226399,visit,10.0,local
3905,1,z32,28.008822989942423,0.4668137164990404,trip,5.410795394624074,
3905,2,z02,41.24919264196275,0.6874865440327125,trip,10.143187827498423,
3910,0,z31,36.14139411624754,0.6023565686041257,visit,5.0,local
3910,1,z32,27.558822989942424,0.4593137164990404,trip,0.4107953946240741,
3910,2,z02,40.79919264196275,0.6799865440327124,trip,5.143187827498423,
3915,0,z31,42.42528300513593,0.7070880500855988,idle,0,
3915,1,z01,27.521851404426258,0.4586975234071043,idle,0,
3915,2,z02,40.349192641962745,0.6724865440327125,trip,0.14318782749842285,
3920,0,z31,41.97528300513593,0.6995880500855988,trip,3.833333333333485,
3920,1,z01,27.07185140442626,0.4511975234071043,trip,13.508970644860256,
3920,2,z11,40.33630573748788,0.6722717622914647,idle,0,
3925,0,z21,41.63028300513596,0.6938380500855993,idle,0,
3925,1,z01,26.621851404426256,0.4436975234071043,trip,8.508970644860256,
3925,2,z11,39.88630573748788,0.6647717622914647,trip,10.333333333333485,
3930,0,z21,41.180283005135955,0.6863380500855992,trip,18.0,
3930,1,z01,26.171851404426256,0.43619752340710427,trip,3.5089706448602556,
3930,2,z11,39.43630573748788,0.6572717622914647,trip,5.333333333333485,
3935,0,z21,40.73028300513595,0.6788380500855992,trip,13.0,
3935,1,z22,25.856044046388835,0.43093406743981394,idle,0,
3935,2,z11,38.986305737487875,0.6497717622914646,trip,0.3333333333334849,
3940,0,z21,40.28028300513595,0.6713380500855991,trip,8.0,
3940,1,z22,25.406044046388836,0.42343406743981393,trip,3.833333333333485,
3940,2,z11,38.9563057374879,0.649271762291465,idle,0,
3945,0,z21,39.830283005135946,0.6638380500855992,trip,3.0,
3945,1,z32,25.06104404638886,0.41768406743981434,idle,0,
3945,2,z11,38.5063057374879,0.641771762291465,trip,11.5,
3950,0,z02,39.56028300513594,0.6593380500855991,idle,0,
3950,1,z32,24.611044046388862,0.4101840674398144,trip,3.833333333333485,
3950,2,z11,38.0563057374879,0.634271762291465,trip,6.5,
3955,0,z02,39.11028300513594,0.651838050085599,trip,19.809854494164938,
3955,1,z31,24.26604404638889,0.4044340674398148,idle,0,
3955,2,z11,37.606305737487894,0.6267717622914649,trip,1.5,
3960,0,z02,38.66028300513594,0.644338050085599,trip,14.809854494164938,
3960,1,z31,23.81604404638889,0.3969340674398148,trip,20.410795394624074,
3960,2,z31,37.471305737487896,0.6245217622914649,idle,0,
3965,0,z02,38.210283005135935,0.6368380500855989,trip,9.809854494164938,
3965,1,z31,23.36604404638889,0.38943406743981485,trip,15.410795394624074,
3965,2,z31,37.02130573748789,0.6170217622914649,trip,3.833333333333485,
3970,0,z02,37.76028300513593,0.6293380500855988,trip,4.809854494164938,
3970,1,z31,22.91604404638889,0.38193406743981484,trip,10.410795394624074,
3970,2,z21,36.67630573748792,0.6112717622914654,idle,0,
3975,0,z20,37.32739610066109,0.6221232683443515,idle,0,
3975,1,z31,22.46604404638889,0.37443406743981483,trip,5.410795394624074,
3975,2,z21,36.22630573748792,0.6037717622914653,trip,13.508970644860256,
3980,0,z20,36.87739610066109,0.6146232683443514,trip,19.809854494164938,
3980,1,z31,22.016044046388892,0.3669340674398149,trip,0.4107953946240741,
3980,2,z21,35.77630573748792,0.5962717622914653,trip,8.508970644860256,
3985,0,z20,36.427396100661085,0.6071232683443514,trip,14.809854494164938,
3985,1,z00,21.979072460872725,0.36631787434787877,idle,0,local
3985,2,z21,35.326305737487914,0.5887717622914652,trip,3.5089706448602556,
3990,0,z20,35.97739610066108,0.5996232683443513,trip,9.809854494164938,
3990,1,z00,21.87407246087274,0.36456787434787896,visit,10.0,local
3990,2,z00,35.01049837945049,0.5835083063241748,idle,0,local
3995,0,z20,35.52739610066108,0.5921232683443514,trip,4.809854494164938,
3995,1,z00,28.26296134976188,0.4710493558293647,visit,5.0,local
3995,2,z00,34.9054983794505,0.581758306324175,visit,10.0,local
4000,0,z31,35.09450919618624,0.5849084866031039,idle,0,
4000,1,z00,34.54685023865027,0.5757808373108378,idle,0,
4000,2,z00,41.29438726833964,0.6882397878056606,visit,5.0,local
4005,0,z31,34.644509196186235,0.577408486603104,trip,7.008970644860256,
4005,1,z00,34.09685023865027,0.5682808373108378,trip,3.833333333333485,
4005,2,z00,47.57827615722803,0.7929712692871339,idle,0,
4010,0,z31,34.19450919618623,0.5699084866031039,trip,2.0089706448602556,
4010,1,z10,33.7518502386503,0.5625308373108383,idle,0,
4010,2,z00,47.12827615722803,0.7854712692871338,trip,13.508970644860256,
4015,0,z22,34.01370183814881,0.5668950306358135,idle,0,
4015,1,z10,33.301850238650296,0.5550308373108382,trip,19.809854494164938,
4015,2,z00,46.67827615722803,0.7779712692871338,trip,8.508970644860256,
4020,0,z22,33.56370183814881,0.5593950306358135,trip,3.833333333333485,
4020,1,z10,32.85185023865029,0.5475308373108382,trip,14.809854494164938,
4020,2,z00,46.228276157228024,0.7704712692871337,trip,3.5089706448602556,
4025,0,z32,33.21870183814884,0.5536450306358139,idle,0,
4025,1,z10,32.40185023865029,0.5400308373108381,trip,9.809854494164938,
4025,2,z12,45.9124687991906,0.7652078133198433,idle,0,
4030,0,z32,32.768701838148836,0.5461450306358139,trip,13.309854494164938,
4030,1,z10,31.95185023865029,0.5325308373108382,trip,4.809854494164938,
4030,2,z12,45.462468799190596,0.7577078133198433,trip,3.833333333333485,
4035,0,z32,32.31870183814883,0.5386450306358139,trip,8.309854494164938,
4035,1,z32,31.518963334175446,0.5253160555695907,idle,0,
4035,2,z11,45.117468799190625,0.7519578133198438,idle,0,
4040,0,z32,31.868701838148834,0.5311450306358139,trip,3.309854494164938,
4040,1,z32,31.068963334175447,0.5178160555695908,trip,17.851274623053996,
4040,2,z11,44.66746879919062,0.7444578133198437,trip,3.833333333333485,
4045,0,z11,31.57081493367399,0.5261802488945665,idle,0,
4045,1,z32,30.618963334175447,0.5103160555695908,trip,12.851274623053996,
4045,2,z21,44.32246879919065,0.7387078133198443,idle,0,
4050,0,z11,31.12081493367399,0.5186802488945665,trip,27.476521160831908,
4050,1,z32,30.168963334175448,0.5028160555695907,trip,7.851274623053996,
4050,2,z21,43.87246879919065,0.7312078133198442,trip,13.508970644860256,
4055,0,z11,30.67081493367399,0.5111802488945665,trip,22.476521160831908,
4055,1,z32,29.71896333417545,0.4953160555695908,trip,2.851274623053996,
4055,2,z21,43.422468799190646,0.7237078133198441,trip,8.508970644860256,
4060,0,z11,30.220814933673992,0.5036802488945665,trip,17.476521160831908,
4060,1,z10,29.462348618100588,0.4910391436350098,idle,0,
4060,2,z21,42.97246879919064,0.7162078133198441,trip,3.5089706448602556,
4065,0,z11,29.77081493367399,0.49618024889456647,trip,12.476521160831908,
4065,1,z10,29.01234861810059,0.4835391436350098,trip,7.008970644860256,
4065,2,z11,42.65666144115322,0.7109443573525537,idle,0,
4070,0,z11,29.32081493367399,0.4886802488945665,trip,7.476521160831908,
4070,1,z10,28.56234861810059,0.4760391436350098,trip,2.0089706448602556,
4070,2,z11,42.206661441153216,0.7034443573525536,trip,13.309854494164938,
4075,0,z11,28.87081493367399,0.4811802488945665,trip,2.4765211608319078,
4075,1,z01,28.381541260063166,0.4730256876677194,idle,0,
4075,2,z11,41.75666144115321,0.6959443573525536,trip,8.309854494164938,
4080,0,z10,28.647928029199118,0.4774654671533186,idle,0,local
4080,1,z01,28.381541260063166,0.4730256876677194,idle,0,
4080,2,z11,41.30666144115321,0.6884443573525535,trip,3.309854494164938,
4085,0,z10,28.19792802919912,0.46996546715331866,visit,15.33333333333303,local
4085,1,z01,27.931541260063167,0.46552568766771946,trip,13.309854494164938,
4085,2,z32,41.00877453667837,0.6834795756113061,idle,0,
4090,0,z10,27.95792802919913,0.4659654671533188,visit,10.33333333333303,local
4090,1,z01,27.481541260063167,0.45802568766771945,trip,8.309854494164938,
4090,2,z32,40.558774536678364,0.6759795756113061,trip,3.833333333333485,
4095,0,z10,27.747928029199116,0.4624654671533186,visit,5.33333333333303,local
4095,1,z01,27.031541260063168,0.45052568766771944,trip,3.309854494164938,
4095,2,z22,40.21377453667839,0.6702295756113066,idle,0,
4100,0,z10,27.297928029199117,0.4549654671533186,visit,0.33333333333303017,local
4100,1,z20,26.733654355588325,0.4455609059264721,idle,0,
4100,2,z22,39.76377453667839,0.6627295756113065,trip,19.809854494164938,
4105,0,z10,27.267928029199144,0.4544654671533191,idle,0,
4105,1,z20,26.283654355588325,0.43806090592647207,trip,13.50897064486071,
4105,2,z22,39.31377453667839,0.6552295756113065,trip,14.809854494164938,
4110,0,z10,26.817928029199145,0.4469654671533191,trip,10.33333333333303,
4110,1,z20,25.833654355588326,0.4305609059264721,trip,8.50897064486071,
4110,2,z22,38.863774536678385,0.6477295756113064,trip,9.809854494164938,
4115,0,z10,26.367928029199145,0.4394654671533191,trip,5.33333333333303,
4115,1,z20,25.383654355588327,0.4230609059264721,trip,3.5089706448607103,
4115,2,z22,38.41377453667838,0.6402295756113063,trip,4.809854494164938,
4120,0,z10,25.917928029199146,0.4319654671533191,trip,0.33333333333303017,
4120,1,z21,25.067846997550863,0.41779744995918106,idle,0,
4120,2,z20,37.98088763220354,0.633014793870059,idle,0,
4125,0,z21,25.88792802919909,0.4314654671533182,idle,0,
4125,1,z21,24.61784699755086,0.410297449959181,trip,7.00897064486071,
4125,2,z20,37.530887632203545,0.625514793870059,trip,7.00897064486071,
4130,0,z21,25.437928029199092,0.42396546715331823,trip,19.809854494164938,
4130,1,z21,24.16784699755086,0.402797449959181,trip,2.0089706448607103,
4130,2,z20,37.08088763220354,0.618014793870059,trip,2.0089706448607103,
4135,0,z21,24.987928029199093,0.4164654671533182,trip,14.809854494164938,
4135,1,z32,23.987039639513398,0.39978399399188996,idle,0,
4135,2,z31,36.90008027416608,0.615001337902768,idle,0,local
4140,0,z21,24.537928029199094,0.4089654671533182,trip,9.809854494164938,
4140,1,z32,23.537039639513395,0.3922839939918899,trip,3.83333333333303,
4140,2,z31,36.795080274166054,0.6132513379027675,visit,10.0,local
4145,0,z21,24.087928029199094,0.40146546715331827,trip,4.809854494164938,
4145,1,z31,23.19203963951334,0.386533993991889,idle,0,local
4145,2,z31,43.183969163054435,0.7197328193842406,visit,5.0,local
4150,0,z01,23.65504112472425,0.3942506854120708,idle,0,
4150,1,z31,23.08703963951331,0.3847839939918885,visit,10.0,local
4150,2,z31,47.89500000000049,0.7982500000000082,idle,0,
4155,0,z01,23.20504112472425,0.38675068541207086,trip,25.66666666666697,
4155,1,z31,29.475928528401695,0.4912654754733616,visit,5.0,local
4155,2,z31,47.4450000000005,0.7907500000000083,trip,13.309854494164938,
4160,0,z01,22.75504112472425,0.37925068541207085,trip,20.66666666666697,
4160,1,z31,35.75981741729165,0.5959969569548609,idle,0,
4160,2,z31,46.995000000000495,0.7832500000000082,trip,8.309854494164938,
4165,0,z01,22.30504112472425,0.37175068541207085,trip,15.66666666666697,
4165,1,z31,35.309817417291654,0.5884969569548609,trip,20.410795394624074,
4165,2,z31,46.54500000000049,0.7757500000000082,trip,3.309854494164938,
4170,0,z01,21.855041124724252,0.3642506854120709,trip,10.66666666666697,
4170,1,z31,34.85981741729165,0.5809969569548609,trip,15.410795394624074,
4170,2,z12,46.24711309552565,0.7707852182587608,idle,0,
4175,0,z01,21.405041124724253,0.3567506854120709,trip,5.66666666666697,
4175,1,z31,34.40981741729165,0.5734969569548608,trip,10.410795394624074,
4175,2,z12,46.24711309552565,0.7707852182587608,idle,0,
4180,0,z01,20.955041124724254,0.3492506854120709,trip,0.6666666666669698,
4180,1,z31,33.959817417291646,0.5659969569548607,trip,5.410795394624074,
4180,2,z12,46.24711309552565,0.7707852182587608,idle,0,
4185,0,z30,20.895041124724226,0.34825068541207044,idle,0,
4185,1,z31,33.50981741729164,0.5584969569548607,trip,0.4107953946240741,
4185,2,z12,45.79711309552565,0.7632852182587608,trip,3.83333333333303,
4190,0,z30,20.445041124724224,0.3407506854120704,trip,11.5,
4190,1,z00,33.472845831775395,0.5578807638629233,idle,0,
4190,2,z22,45.4521130955256,0.7575352182587599,idle,0,
4195,0,z30,19.995041124724224,0.3332506854120704,trip,6.5,
4195,1,z00,36.42340138733042,0.6070566897888404,visit,10.0,
4195,2,z22,45.0021130955256,0.7500352182587601,trip,3.83333333333303,
4200,0,z30,19.545041124724225,0.3257506854120704,trip,1.5,
4200,1,z00,44.75673472066376,0.7459455786777293,visit,5.0,
4200,2,z21,44.657113095525546,0.744285218258759,idle,0,
4205,0,z32,19.410041124724223,0.3235006854120704,idle,0,
4205,1,z00,47.89499999999933,0.7982499999999888,idle,0,
4205,2,z21,44.20711309552555,0.7367852182587592,trip,3.83333333333303,
4210,0,z32,18.96004112472422,0.3160006854120703,trip,13.309854494164938,
4210,1,z00,47.444999999999325,0.7907499999999887,trip,19.809854494164938,
4210,2,z31,43.862113095525494,0.7310352182587583,idle,0,
4215,0,z32,18.51004112472422,0.3085006854120704,trip,8.309854494164938,
4215,1,z00,46.99499999999932,0.7832499999999887,trip,14.809854494164938,
4215,2,z31,43.4121130955255,0.7235352182587583,trip,20.410795394624074,
4220,0,z32,18.060041124724222,0.30100068541207037,trip,3.309854494164938,
4220,1,z00,46.54499999999932,0.7757499999999886,trip,9.809854494164938,
4220,2,z31,42.962113095525496,0.7160352182587583,trip,15.410795394624074,
4225,0,z11,17.76215422024938,0.296035903670823,idle,0,
4225,1,z00,46.09499999999932,0.7682499999999887,trip,4.809854494164938,
4225,2,z31,42.51211309552549,0.7085352182587582,trip,10.410795394624074,
4230,0,z11,17.312154220249376,0.28853590367082294,trip,13.309854494164938,
4230,1,z22,45.662113095524475,0.7610352182587412,idle,0,
4230,2,z31,42.06211309552549,0.7010352182587581,trip,5.410795394624074,
4235,0,z11,16.862154220249376,0.28103590367082293,trip,8.309854494164938,
4235,1,z22,45.21211309552448,0.7535352182587414,trip,7.00897064486071,
4235,2,z31,41.61211309552549,0.6935352182587581,trip,0.4107953946240741,
4240,0,z11,16.412154220249377,0.273535903670823,trip,3.309854494164938,
4240,1,z22,44.76211309552448,0.7460352182587413,trip,2.0089706448607103,
4240,2,z00,41.57514151000924,0.6929190251668207,idle,0,
4245,0,z32,16.114267315774534,0.26857112192957555,idle,0,
4245,1,z31,44.581305737487014,0.7430217622914502,idle,0,
4245,2,z00,41.57514151000924,0.6929190251668207,idle,0,
4250,0,z32,15.664267315774532,0.26107112192957554,trip,3.83333333333303,
4250,1,z31,44.13130573748702,0.7355217622914503,trip,13.309854494164938,
4250,2,z00,41.57514151000924,0.6929190251668207,idle,0,
4255,0,z31,15.319267315774479,0.2553211219295746,idle,0,
4255,1,z31,43.681305737487016,0.7280217622914502,trip,8.309854494164938,
4255,2,z00,41.57514151000924,0.6929190251668207,idle,0,
4260,0,z31,14.86926731577448,0.24782112192957464,trip,7.00897064486071,
4260,1,z31,43.23130573748701,0.7205217622914503,trip,3.309854494164938,
4260,2,z00,41.57514151000924,0.6929190251668207,idle,0,
4265,0,z31,14.41926731577448,0.24032112192957467,trip,2.0089706448607103,
4265,1,z12,42.93341883301217,0.7155569805502028,idle,0,
4265,2,z00,41.57514151000924,0.6929190251668207,idle,0,
4270,0,z22,14.238459957737016,0.2373076659622836,idle,0,local
4270,1,z12,42.93341883301217,0.7155569805502028,idle,0,
4270,2,z00,41.12514151000924,0.6854190251668207,trip,7.00897064486071,
4275,0,z22,13.788459957737016,0.2298076659622836,visit,36.004257358691575,local
4275,1,z12,42.93341883301217,0.7155569805502028,idle,0,
4275,2,z00,40.67514151000924,0.6779190251668207,trip,2.0089706448607103,
4280,0,z22,13.54845995773699,0.22580766596228316,visit,31.004257358691575,local
4280,1,z12,42.93341883301217,0.7155569805502028,idle,0,
4280,2,z11,40.49433415197178,0.6749055691995296,idle,0,
4285,0,z22,17.437348846625373,0.2906224807770895,visit,26.004257358691575,local
4285,1,z12,42.93341883301217,0.7155569805502028,idle,0,
4285,2,z11,40.04433415197178,0.6674055691995296,trip,11.5,
4290,0,z22,25.770682179958705,0.4295113696659784,visit,21.004257358691575,local
4290,1,z12,42.48341883301217,0.7080569805502029,trip,11.5,
4290,2,z11,39.59433415197178,0.6599055691995297,trip,6.5,
4295,0,z22,34.10401551329204,0.5684002585548673,visit,16.004257358691575,local
4295,1,z12,42.03341883301217,0.7005569805502029,trip,6.5,
4295,2,z11,39.144334151971776,0.6524055691995296,trip,1.5,
4300,0,z22,42.437348846625376,0.7072891474437563,visit,11.004257358691575,local
4300,1,z12,41.58341883301217,0.6930569805502028,trip,1.5,
4300,2,z31,39.00933415197178,0.6501555691995297,idle,0,
4305,0,z22,47.85038316228193,0.7975063860380321,visit,6.004257358691575,local
4305,1,z32,41.44841883301217,0.6908069805502028,idle,0,
4305,2,z31,38.55933415197178,0.6426555691995297,trip,3.83333333333303,
4310,0,z22,47.400383162281926,0.7900063860380321,visit,1.004257358691575,local
4310,1,z32,41.44841883301217,0.6908069805502028,idle,0,
4310,2,z21,38.21433415197173,0.6369055691995288,idle,0,local
4315,0,z22,47.30999999999968,0.7884999999999948,idle,0,
4315,1,z32,41.44841883301217,0.6908069805502028,idle,0,
4315,2,z21,38.1093341519717,0.6351555691995283,visit,10.0,local
4320,0,z22,47.30999999999968,0.7884999999999948,idle,0,
4320,1,z32,40.998418833012174,0.6833069805502029,trip,3.83333333333303,
4320,2,z21,44.49822304086008,0.7416370506810014,visit,5.0,local
