vehicle_id,kind,start_minutes,end_minutes,origin,destination,request_id,hub_id,service_category,opportunity_visit,energy_start_kwh,planned_added_kwh,planned_end_energy_kwh,planned_empty_miles,planned_passenger_miles,planned_charging_minutes
21,trip,1440,1458.3098544941652,z21,z00,toy-0003533,,,False,46.5149999999999,0.0,44.86711309552505,0.35,5.142956348249516,0
0,trip,1440,1448.8333333333333,z31,z32,toy-0003535,,,False,12.416531581400312,0.0,11.621531581400312,0.35,2.3,0
24,trip,1440,1452.0089706448605,z21,z12,toy-0003534,,,False,18.463016797680964,0.0,17.38220943964353,0.35,3.2526911934581184,0
15,trip,1440,1456.5,z31,z11,toy-0003539,,,False,23.987875287671862,0.0,22.502875287671863,0.35,4.6,0
33,trip,1440,1458.3098544941652,z31,z10,toy-0003538,,,False,47.09999999999986,0.0,45.45211309552501,0.35,5.142956348249516,0
65,trip,1440,1458.3098544941652,z00,z21,toy-0003536,,,False,41.41691497182128,0.0,39.769028067346426,0.35,5.142956348249516,0
3,trip,1440,1458.3098544941652,z22,z10,toy-0003540,,,False,11.938016797680989,0.0,10.290129893206135,0.35,5.142956348249516,0
10,trip,1440,1448.8333333333333,z30,z20,toy-0003537,,,False,46.304999999999986,0.0,45.509999999999984,0.35,2.3,0
2,visit,1440,1460.3333333333333,z31,z31,,depot_south,local,False,41.36302841448379,0.0,39.98302841448379,4.6,0,0
26,visit,1440,1478.4855006894295,z10,z10,,depot_west,,False,13.436387739839578,35.253612260160416,47.309999999999995,4.6,0,21.152167356096253
39,visit,1440,1450.0,z30,z30,,depot_south,,True,20.13869830736828,9.444444444444446,29.373142751812725,0.7,0,5.666666666666668
19,trip,1450,1458.8333333333333,z30,z31,toy-0003543,,,False,42.991305737487686,0.0,42.196305737487684,0.35,2.3,0
6,trip,1450,1466.5,z20,z22,toy-0003542,,,False,44.76211309552515,0.0,43.27711309552515,0.35,4.6,0
29,trip,1450,1458.8333333333333,z22,z21,toy-0003550,,,False,45.66211309552499,0.0,44.867113095524985,0.35,2.3,0
17,trip,1450,1474.1666666666667,z02,z32,toy-0003548,,,False,17.181443612543923,0.0,15.006443612543922,0.35,6.8999999999999995,0
0,trip,1450,1466.5,z32,z30,toy-0003552,,,False,11.621531581400298,0.0,10.136531581400298,0.35,4.6,0
8,trip,1450,1458.8333333333333,z21,z31,toy-0003545,,,False,42.29677056785031,0.0,41.50177056785031,0.35,2.3,0
18,trip,1450,1472.8512746230542,z00,z22,toy-0003541,,,False,45.943385283924975,0.0,43.88677056785011,0.35,6.505382386916237,0
16,trip,1450,1475.4107953946243,z01,z30,toy-0003544,,,False,40.11933415197141,0.0,37.832362566455224,0.35,7.273238618387272,0
71,trip,1450,1462.0089706448605,z21,z32,toy-0003546,,,False,33.67801912923285,0.0,32.59721177119542,0.35,3.2526911934581184,0
52,trip,1450,1462.0089706448605,z22,z31,toy-0003551,,,False,27.35963151375573,0.0,26.278824155718294,0.35,3.2526911934581184,0
54,trip,1450,1466.5,z22,z20,toy-0003549,,,False,18.56007271710089,0.0,17.07507271710089,0.35,4.6,0
11,trip,1450,1462.0089706448605,z31,z22,toy-0003547,,,False,33.277410457309436,0.0,32.196603099272004,0.35,3.2526911934581184,0
10,trip,1450,1466.5,z20,z00,toy-0003553,,,False,45.50999999999998,0.0,44.02499999999998,0.35,4.6,0
27,trip,1450,1462.0089706448605,z32,z21,toy-0003556,,,False,28.396495138350737,0.0,27.3156877803133,0.35,3.2526911934581184,0
56,trip,1450,1458.8333333333333,z22,z32,toy-0003555,,,False,38.726224934365135,0.0,37.93122493436513,0.35,2.3,0
38,trip,1450,1468.3098544941652,z01,z22,toy-0003554,,,False,47.309999999999924,0.0,45.66211309552507,0.35,5.142956348249516,0
30,visit,1450,1485.6666666666667,z32,z32,,depot_south,local,False,19.30753407988956,0.0,16.54753407988956,9.2,0,0
5,visit,1450,1460.0,z00,z00,,depot_west,local,True,36.89483253142176,4.444444444444445,41.129276975866205,0.7,0,2.666666666666667
39,visit,1450,1460.0,z30,z30,,depot_south,,True,29.373142751812857,9.444444444444446,38.607587196257306,0.7,0,5.666666666666668
9,trip,1460,1476.5,z12,z32,toy-0003560,,,False,30.786479493183446,0.0,29.301479493183447,0.35,4.6,0
8,trip,1460,1472.0089706448605,z31,z20,toy-0003558,,,False,41.5017705678503,0.0,40.42096320981287,0.35,3.2526911934581184,0
4,trip,1460,1478.3098544941652,z11,z30,toy-0003557,,,False,36.37469102141258,0.0,34.72680411693773,0.35,5.142956348249516,0
24,trip,1460,1476.5,z12,z10,toy-0003559,,,False,17.382209439643518,0.0,15.897209439643518,0.35,4.6,0
35,trip,1460,1468.8333333333333,z32,z31,toy-0003561,,,False,16.916562236525994,0.0,16.121562236525996,0.35,2.3,0
12,trip,1460,1468.8333333333333,z20,z21,toy-0003562,,,False,15.400021932284828,0.0,14.605021932284828,0.35,2.3,0
3,visit,1460,1503.3732553974096,z10,z10,,depot_west,local,False,10.290129893206124,38.39987010679388,47.309999999999995,4.6,0,23.039922064076325
39,visit,1460,1470.0,z30,z30,,depot_south,,True,38.60758719625743,9.444444444444446,47.84203164070187,0.7,0,5.666666666666668
32,trip,1470,1488.3098544941652,z20,z32,toy-0003563,,,False,47.309999999999974,0.0,45.66211309552512,0.35,5.142956348249516,0
0,trip,1470,1494.1666666666667,z30,z00,toy-0003564,,,False,10.136531581400298,0.0,7.9615315814002985,0.35,6.8999999999999995,0
7,trip,1470,1478.8333333333333,z11,z21,toy-0003565,,,False,44.63919264196235,0.0,43.84419264196235,0.35,2.3,0
2,trip,1470,1478.8333333333333,z31,z21,toy-0003568,,,False,39.983028414483776,0.0,39.188028414483774,0.35,2.3,0
19,trip,1470,1494.1666666666667,z31,z01,toy-0003567,,,False,42.19630573748768,0.0,40.02130573748768,0.35,6.8999999999999995,0
5,trip,1470,1495.4107953946243,z00,z31,toy-0003566,,,False,41.12927697586634,0.0,38.842305390350155,0.35,7.273238618387272,0
12,visit,1470,1514.307079211839,z21,z21,,depot_south,,False,14.605021932284814,34.37078542575262,47.024192641962564,6.505382386916237,0,20.622471255451572
20,trip,1480,1505.4107953946243,z31,z02,toy-0003571,,,False,15.542144949880305,0.0,13.255173364364122,0.35,7.273238618387272,0
14,trip,1480,1496.5,z11,z31,toy-0003570,,,False,25.468340118034668,0.0,23.98334011803467,0.35,4.6,0
15,trip,1480,1488.8333333333333,z11,z01,toy-0003569,,,False,22.50287528767186,0.0,21.70787528767186,0.35,2.3,0
34,trip,1480,1488.8333333333333,z31,z32,toy-0003572,,,False,47.31000000000003,0.0,46.51500000000003,0.35,2.3,0
22,trip,1480,1492.0089706448605,z11,z22,toy-0003573,,,False,36.421804116938056,0.0,35.34099675890062,0.35,3.2526911934581184,0
4,visit,1480,1490.0,z30,z30,,depot_south,,True,34.726804116937714,9.444444444444446,43.961248561382156,0.7,0,5.666666666666668
16,visit,1480,1490.0,z30,z30,,depot_south,,True,37.832362566455224,9.444444444444446,47.06680701089967,0.7,0,5.666666666666668
1,trip,1490,1512.8512746230542,z10,z32,toy-0003574,,,False,47.31000000000005,0.0,45.253385283925184,0.35,6.505382386916237,0
4,trip,1490,1512.8512746230542,z30,z12,toy-0003575,,,False,43.96124856138229,0.0,41.90463384530742,0.35,6.505382386916237,0
15,trip,1490,1508.3098544941652,z01,z20,toy-0003576,,,False,21.707875287671843,0.0,20.059988383196988,0.35,5.142956348249516,0
2,trip,1490,1502.0089706448605,z21,z30,toy-0003577,,,False,39.18802841448377,0.0,38.107221056446335,0.35,3.2526911934581184,0
9,trip,1490,1518.8092264452239,z32,z00,toy-0003579,,,False,29.301479493183443,0.0,26.70864911311329,0.35,8.292767933567175,0
7,trip,1490,1498.8333333333333,z21,z22,toy-0003578,,,False,43.844192641962344,0.0,43.04919264196234,0.35,2.3,0
17,trip,1490,1498.8333333333333,z32,z22,toy-0003587,,,False,15.006443612543913,0.0,14.211443612543913,0.35,2.3,0
24,trip,1490,1506.5,z10,z12,toy-0003580,,,False,15.897209439643516,0.0,14.412209439643517,0.35,4.6,0
16,trip,1490,1515.4107953946243,z30,z01,toy-0003582,,,False,47.0668070108998,0.0,44.77983542538362,0.35,7.273238618387272,0
39,trip,1490,1506.5,z30,z10,toy-0003581,,,False,47.842031640702004,0.0,46.357031640702004,0.35,4.6,0
28,trip,1490,1508.3098544941652,z12,z31,toy-0003586,,,False,37.482254605534216,0.0,35.834367701059364,0.35,5.142956348249516,0
23,trip,1490,1498.8333333333333,z11,z10,toy-0003584,,,False,33.71515585177543,0.0,32.92015585177543,0.35,2.3,0
60,trip,1490,1502.0089706448605,z30,z21,toy-0003583,,,False,46.38991919687729,0.0,45.309111838839854,0.35,3.2526911934581184,0
27,trip,1490,1498.8333333333333,z21,z31,toy-0003585,,,False,27.31568778031329,0.0,26.52068778031329,0.35,2.3,0
32,visit,1490,1525.6666666666667,z32,z32,,depot_south,local,False,45.66211309552511,0.0,42.90211309552511,9.2,0,0
6,trip,1500,1512.0089706448605,z22,z31,toy-0003588,,,False,43.27711309552515,0.0,42.19630573748772,0.35,3.2526911934581184,0
30,trip,1500,1516.5,z32,z12,toy-0003589,,,False,16.547534079889573,0.0,15.062534079889573,0.35,4.6,0
7,trip,1500,1512.0089706448605,z22,z11,toy-0003593,,,False,43.049192641962335,0.0,41.9683852839249,0.35,3.2526911934581184,0
5,trip,1500,1512.0089706448605,z31,z22,toy-0003592,,,False,38.842305390350155,0.0,37.76149803231272,0.35,3.2526911934581184,0
34,trip,1500,1508.8333333333333,z32,z31,toy-0003595,,,False,46.51500000000002,0.0,45.72000000000002,0.35,2.3,0
43,trip,1500,1518.3098544941652,z32,z11,toy-0003594,,,False,40.10090596090898,0.0,38.45301905643413,0.35,5.142956348249516,0
25,trip,1500,1508.8333333333333,z11,z12,toy-0003591,,,False,45.7184360687412,0.0,44.923436068741196,0.35,2.3,0
19,trip,1500,1508.8333333333333,z01,z00,toy-0003590,,,False,40.02130573748767,0.0,39.22630573748767,0.35,2.3,0
0,visit,1500,1528.4194143844932,z00,z00,,depot_west,,False,7.9615315814002905,40.14346841859971,47.895,0.7,0,24.086081051159827
17,visit,1500,1557.4852416301553,z22,z22,,depot_south,,False,14.2114436125439,35.331443291930945,46.45711309552513,10.285912696499032,0,21.19886597515857
13,trip,1510,1535.4107953946243,z02,z31,toy-0003597,,,False,46.619999999999884,0.0,44.3330284144837,0.35,7.273238618387272,0
8,trip,1510,1522.0089706448605,z20,z31,toy-0003596,,,False,40.42096320981286,0.0,39.34015585177543,0.35,3.2526911934581184,0
24,trip,1510,1528.3098544941652,z12,z00,toy-0003601,,,False,14.412209439643517,0.0,12.764322535168663,0.35,5.142956348249516,0
29,trip,1510,1522.0089706448605,z21,z32,toy-0003598,,,False,44.86711309552498,0.0,43.786305737487545,0.35,3.2526911934581184,0
14,trip,1510,1526.5,z31,z11,toy-0003600,,,False,23.983340118034665,0.0,22.498340118034665,0.35,4.6,0
27,trip,1510,1518.8333333333333,z31,z30,toy-0003599,,,False,26.520687780313274,0.0,25.725687780313272,0.35,2.3,0
15,visit,1510,1530.3333333333333,z20,z20,,depot_south,local,False,20.059988383196977,0.0,18.679988383196978,4.6,0,0
20,visit,1510,1564.3415626480482,z02,z02,,depot_west,,False,13.255173364364117,36.12482663563589,46.62000000000001,9.2,0,21.674895981381532
2,visit,1510,1520.0,z30,z30,,depot_south,,True,38.10722105644633,9.444444444444446,47.34166550089078,0.7,0,5.666666666666668
7,trip,1520,1532.0089706448605,z11,z20,toy-0003604,,,False,41.968385283924896,0.0,40.88757792588746,0.35,3.2526911934581184,0
12,trip,1520,1528.8333333333333,z21,z20,toy-0003605,,,False,47.02419264196244,0.0,46.22919264196244,0.35,2.3,0
3,trip,1520,1528.8333333333333,z10,z20,toy-0003603,,,False,47.31000000000001,0.0,46.51500000000001,0.35,2.3,0
23,trip,1520,1528.8333333333333,z10,z00,toy-0003602,,,False,32.92015585177542,0.0,32.12515585177542,0.35,2.3,0
1,trip,1520,1532.0089706448605,z32,z21,toy-0003608,,,False,45.25338528392518,0.0,44.172577925887744,0.35,3.2526911934581184,0
6,trip,1520,1528.8333333333333,z31,z32,toy-0003607,,,False,42.19630573748771,0.0,41.40130573748771,0.35,2.3,0
28,trip,1520,1538.3098544941652,z31,z12,toy-0003606,,,False,35.83436770105935,0.0,34.1864807965845,0.35,5.142956348249516,0
27,visit,1520,1530.0,z30,z30,,depot_south,,True,25.725687780313258,9.444444444444446,34.96013222475771,0.7,0,5.666666666666668
9,visit,1520,1530.0,z00,z00,,depot_west,,True,26.708649113113292,9.444444444444446,35.94309355755774,0.7,0,5.666666666666668
5,trip,1530,1538.8333333333333,z22,z32,toy-0003613,,,False,37.761498032312716,0.0,36.966498032312714,0.35,2.3,0
8,trip,1530,1538.8333333333333,z31,z21,toy-0003612,,,False,39.34015585177542,0.0,38.54515585177542,0.35,2.3,0
26,trip,1530,1548.3098544941652,z10,z31,toy-0003610,,,False,47.309999999999974,0.0,45.66211309552512,0.35,5.142956348249516,0
0,trip,1530,1554.1666666666667,z00,z30,toy-0003609,,,False,47.89500000000013,0.0,45.720000000000134,0.35,6.8999999999999995,0
14,trip,1530,1548.3098544941652,z11,z32,toy-0003611,,,False,22.498340118034662,0.0,20.850453213559806,0.35,5.142956348249516,0
60,trip,1530,1546.5,z21,z01,toy-0003614,,,False,45.30911183883985,0.0,43.82411183883985,0.35,4.6,0
4,trip,1530,1548.3098544941652,z12,z20,toy-0003615,,,False,41.904633845307416,0.0,40.25674694083256,0.35,5.142956348249516,0
11,trip,1530,1538.8333333333333,z22,z12,toy-0003616,,,False,32.196603099272,0.0,31.401603099271995,0.35,2.3,0
24,visit,1530,1558.537739812232,z00,z00,,depot_west,local,False,12.764322535168652,35.34067746483135,47.895,0.7,0,21.204406478898807
23,visit,1530,1540.0,z00,z00,,depot_west,local,True,32.12515585177541,4.444444444444445,36.35960029621985,0.7,0,2.666666666666667
27,visit,1530,1540.0,z30,z30,,depot_south,,True,34.96013222475783,9.444444444444446,44.19457666920227,0.7,0,5.666666666666668
9,visit,1530,1540.0,z00,z00,,depot_west,,True,35.943093557557866,9.444444444444446,45.177538002002315,0.7,0,5.666666666666668
18,trip,1540,1548.8333333333333,z22,z21,toy-0003621,,,False,43.8867705678501,0.0,43.0917705678501,0.35,2.3,0
5,trip,1540,1558.3098544941652,z32,z20,toy-0003622,,,False,36.96649803231271,0.0,35.318611127837855,0.35,5.142956348249516,0
16,trip,1540,1565.4107953946243,z01,z32,toy-0003619,,,False,44.77983542538362,0.0,42.49286383986743,0.35,7.273238618387272,0
50,trip,1540,1556.5,z01,z21,toy-0003618,,,False,40.653418833012736,0.0,39.16841883301274,0.35,4.6,0
3,trip,1540,1548.8333333333333,z20,z30,toy-0003617,,,False,46.515,0.0,45.72,0.35,2.3,0
13,trip,1540,1552.0089706448605,z31,z20,toy-0003620,,,False,44.3330284144837,0.0,43.25222105644627,0.35,3.2526911934581184,0
22,trip,1540,1558.3098544941652,z22,z01,toy-0003625,,,False,35.340996758900616,0.0,33.693109854425764,0.35,5.142956348249516,0
65,trip,1540,1548.8333333333333,z21,z11,toy-0003624,,,False,39.76902806734641,0.0,38.97402806734641,0.35,2.3,0
6,trip,1540,1562.8512746230542,z32,z10,toy-0003626,,,False,41.401305737487704,0.0,39.344691021412835,0.35,6.505382386916237,0
33,trip,1540,1558.3098544941652,z10,z22,toy-0003623,,,False,45.45211309552499,0.0,43.80422619105014,0.35,5.142956348249516,0
11,visit,1540,1579.2863756549968,z12,z12,,depot_west,local,False,31.401603099271984,0.0,28.315829290322274,10.285912696499032,0,0
8,visit,1540,1566.6846079563875,z21,z21,,depot_south,local,False,38.54515585177541,0.0,36.59354113570054,6.505382386916237,0,0
1,visit,1540,1566.6846079563875,z21,z21,,depot_south,local,False,44.17257792588774,0.0,42.220963209812865,6.505382386916237,0,0
23,visit,1540,1550.0,z00,z00,,depot_west,,True,36.35960029621999,9.444444444444446,45.59404474066444,0.7,0,5.666666666666668
4,trip,1550,1562.0089706448605,z20,z11,toy-0003627,,,False,40.25674694083255,0.0,39.17593958279512,0.35,3.2526911934581184,0
65,visit,1550,1598.6846079563875,z11,z11,,depot_west,central,False,38.9740280673464,0.0,37.02241335127153,6.505382386916237,0,0
14,trip,1560,1568.8333333333333,z32,z31,toy-0003629,,,False,20.850453213559796,0.0,20.055453213559794,0.35,2.3,0
18,trip,1560,1568.8333333333333,z21,z31,toy-0003628,,,False,43.09177056785009,0.0,42.29677056785009,0.35,2.3,0
17,trip,1560,1582.8512746230542,z22,z00,toy-0003631,,,False,46.457113095524974,0.0,44.400498379450106,0.35,6.505382386916237,0
48,trip,1560,1588.8092264452239,z02,z30,toy-0003630,,,False,39.2780613118711,0.0,36.685230931800945,0.35,8.292767933567175,0
22,visit,1560,1580.3333333333333,z01,z01,,depot_west,local,False,33.69310985442575,0.0,32.31310985442575,4.6,0,0
53,trip,1570,1594.1666666666667,z01,z31,toy-0003632,,,False,30.16413313430542,0.0,27.98913313430542,0.35,6.8999999999999995,0
4,trip,1570,1586.5,z11,z31,toy-0003633,,,False,39.17593958279511,0.0,37.69093958279511,0.35,4.6,0
14,trip,1570,1588.3098544941652,z31,z10,toy-0003634,,,False,20.05545321355978,0.0,18.407566309084924,0.35,5.142956348249516,0
33,trip,1570,1582.0089706448605,z22,z31,toy-0003636,,,False,43.80422619105013,0.0,42.723418833012694,0.35,3.2526911934581184,0
6,trip,1570,1582.0089706448605,z10,z21,toy-0003635,,,False,39.34469102141283,0.0,38.263883663375395,0.35,3.2526911934581184,0
18,trip,1580,1592.0089706448605,z31,z22,toy-0003637,,,False,42.29677056785008,0.0,41.21596320981265,0.35,3.2526911934581184,0
1,trip,1580,1592.0089706448605,z21,z10,toy-0003638,,,False,42.220963209812865,0.0,41.14015585177543,0.35,3.2526911934581184,0
4,trip,1590,1598.8333333333333,z31,z32,toy-0003639,,,False,37.69093958279511,0.0,36.89593958279511,0.35,2.3,0
16,trip,1590,1614.1666666666667,z32,z02,toy-0003640,,,False,42.49286383986743,0.0,40.317863839867435,0.35,6.8999999999999995,0
5,trip,1590,1608.3098544941652,z20,z32,toy-0003641,,,False,35.31861112783784,0.0,33.67072422336299,0.35,5.142956348249516,0
29,trip,1590,1598.8333333333333,z32,z22,toy-0003642,,,False,43.78630573748754,0.0,42.99130573748754,0.35,2.3,0
14,visit,1590,1610.3333333333333,z10,z10,,depot_west,local,False,18.407566309084913,0.0,17.027566309084914,4.6,0,0
48,visit,1590,1600.0,z30,z30,,depot_south,,True,36.68523093180095,9.444444444444446,45.9196753762454,0.7,0,5.666666666666668
0,trip,1600,1618.3098544941652,z30,z22,toy-0003643,,,False,45.72000000000013,0.0,44.072113095525275,0.35,5.142956348249516,0
11,trip,1600,1612.0089706448605,z12,z21,toy-0003645,,,False,28.31582929032227,0.0,27.235021932284834,0.35,3.2526911934581184,0
6,trip,1600,1608.8333333333333,z21,z22,toy-0003644,,,False,38.26388366337539,0.0,37.46888366337539,0.35,2.3,0
18,trip,1600,1616.5,z22,z20,toy-0003649,,,False,41.21596320981264,0.0,39.73096320981264,0.35,4.6,0
22,trip,1600,1608.8333333333333,z01,z02,toy-0003646,,,False,32.31310985442573,0.0,31.51810985442573,0.35,2.3,0
37,trip,1600,1608.8333333333333,z11,z21,toy-0003647,,,False,41.37261147497544,0.0,40.57761147497544,0.35,2.3,0
26,trip,1600,1608.8333333333333,z31,z21,toy-0003648,,,False,45.66211309552511,0.0,44.867113095525106,0.35,2.3,0
33,trip,1610,1635.4107953946243,z31,z00,toy-0003652,,,False,42.72341883301269,0.0,40.4364472474965,0.35,7.273238618387272,0
4,trip,1610,1635.4107953946243,z32,z01,toy-0003653,,,False,36.8959395827951,0.0,34.60896799727892,0.35,7.273238618387272,0
7,trip,1610,1626.5,z20,z22,toy-0003650,,,False,40.887577925887456,0.0,39.402577925887456,0.35,4.6,0
8,trip,1610,1622.0089706448605,z21,z32,toy-0003651,,,False,36.59354113570054,0.0,35.51273377766311,0.35,3.2526911934581184,0
2,trip,1610,1626.5,z30,z32,toy-0003655,,,False,47.341665500890905,0.0,45.856665500890905,0.35,4.6,0
12,trip,1610,1618.8333333333333,z20,z21,toy-0003654,,,False,46.229192641962435,0.0,45.43419264196243,0.35,2.3,0
6,visit,1610,1649.2863756549968,z22,z22,,depot_south,local,False,37.46888366337538,0.0,34.38310985442567,10.285912696499032,0,0
13,trip,1620,1632.0089706448605,z20,z31,toy-0003656,,,False,43.25222105644626,0.0,42.17141369840883,0.35,3.2526911934581184,0
34,trip,1620,1636.5,z31,z11,toy-0003657,,,False,45.72000000000001,0.0,44.235000000000014,0.35,4.6,0
5,trip,1620,1632.0089706448605,z32,z21,toy-0003658,,,False,33.670724223362974,0.0,32.58991686532554,0.35,3.2526911934581184,0
15,trip,1630,1648.3098544941652,z20,z01,toy-0003659,,,False,18.67998838319696,0.0,17.032101478722105,0.35,5.142956348249516,0
11,trip,1630,1642.0089706448605,z21,z12,toy-0003660,,,False,27.235021932284823,0.0,26.154214574247387,0.35,3.2526911934581184,0
25,trip,1630,1646.5,z12,z32,toy-0003661,,,False,44.92343606874119,0.0,43.43843606874119,0.35,4.6,0
7,visit,1630,1669.2863756549968,z22,z22,,depot_south,local,False,39.402577925887456,0.0,36.316804116937746,10.285912696499032,0,0
3,trip,1640,1648.8333333333333,z30,z31,toy-0003662,,,False,45.71999999999999,0.0,44.92499999999999,0.35,2.3,0
2,trip,1640,1648.8333333333333,z32,z31,toy-0003663,,,False,45.856665500890905,0.0,45.0616655008909,0.35,2.3,0
4,visit,1640,1682.3333333333333,z01,z01,,depot_west,central,False,34.60896799727892,0.0,33.228967997278914,4.6,0,0
2,trip,1650,1674.1666666666667,z31,z01,toy-0003665,,,False,45.061665500890896,0.0,42.8866655008909,0.35,6.8999999999999995,0
5,trip,1650,1658.8333333333333,z21,z31,toy-0003664,,,False,32.589916865325534,0.0,31.794916865325533,0.35,2.3,0
11,trip,1650,1668.3098544941652,z12,z31,toy-0003666,,,False,26.154214574247376,0.0,24.50632766977252,0.35,5.142956348249516,0
0,trip,1650,1658.8333333333333,z22,z32,toy-0003667,,,False,44.07211309552526,0.0,43.27711309552526,0.35,2.3,0
25,visit,1650,1707.6666666666667,z32,z32,,depot_south,central,False,43.43843606874119,0.0,40.67843606874119,9.2,0,0
16,trip,1660,1676.5,z02,z22,toy-0003668,,,False,40.31786383986743,0.0,38.83286383986743,0.35,4.6,0
28,trip,1660,1668.8333333333333,z12,z22,toy-0003669,,,False,34.18648079658448,0.0,33.39148079658448,0.35,2.3,0
0,trip,1660,1678.3098544941652,z32,z11,toy-0003670,,,False,43.27711309552525,0.0,41.6292261910504,0.35,5.142956348249516,0
30,trip,1660,1672.0089706448605,z12,z01,toy-0003671,,,False,15.062534079889573,0.0,13.981726721852137,0.35,3.2526911934581184,0
34,trip,1670,1682.0089706448605,z11,z22,toy-0003672,,,False,44.235000000000014,0.0,43.15419264196258,0.35,3.2526911934581184,0
3,trip,1680,1688.8333333333333,z31,z32,toy-0003673,,,False,44.92499999999998,0.0,44.12999999999998,0.35,2.3,0
5,trip,1680,1692.0089706448605,z31,z20,toy-0003675,,,False,31.794916865325522,0.0,30.714109507288086,0.35,3.2526911934581184,0
6,trip,1680,1692.0089706448605,z22,z31,toy-0003676,,,False,34.38310985442566,0.0,33.30230249638823,0.35,3.2526911934581184,0
9,trip,1680,1688.8333333333333,z00,z01,toy-0003674,,,False,45.17753800200244,0.0,44.38253800200244,0.35,2.3,0
16,visit,1680,1719.2863756549968,z22,z22,,depot_south,local,False,38.83286383986743,0.0,35.74709003091772,10.285912696499032,0,0
0,visit,1680,1706.6846079563875,z11,z11,,depot_west,local,False,41.629226191050385,0.0,39.677611474975514,6.505382386916237,0,0
30,visit,1680,1718.158297300222,z01,z01,,depot_west,,False,13.98172672185213,34.70827327814787,47.309999999999995,4.6,0,20.82496396688872
11,trip,1690,1702.0089706448605,z31,z22,toy-0003677,,,False,24.50632766977251,0.0,23.425520311735074,0.35,3.2526911934581184,0
7,trip,1690,1698.8333333333333,z22,z21,toy-0003678,,,False,36.31680411693774,0.0,35.52180411693774,0.35,2.3,0
9,visit,1690,1732.3333333333333,z01,z01,,depot_west,central,False,44.382538002002434,0.0,43.00253800200243,4.6,0,0
40,trip,1700,1718.3098544941652,z11,z32,toy-0003679,,,False,41.77680411693795,0.0,40.1289172124631,0.35,5.142956348249516,0
28,trip,1700,1712.0089706448605,z22,z11,toy-0003681,,,False,33.391480796584474,0.0,32.31067343854704,0.35,3.2526911934581184,0
6,trip,1700,1718.3098544941652,z31,z12,toy-0003680,,,False,33.30230249638822,0.0,31.654415591913367,0.35,5.142956348249516,0
5,visit,1700,1720.3333333333333,z20,z20,,depot_south,local,False,30.714109507288075,0.0,29.334109507288076,4.6,0,0
13,trip,1710,1718.8333333333333,z31,z21,toy-0003682,,,False,42.17141369840882,0.0,41.37641369840882,0.35,2.3,0
18,trip,1710,1718.8333333333333,z20,z10,toy-0003683,,,False,39.73096320981264,0.0,38.93596320981264,0.35,2.3,0
11,trip,1710,1728.3098544941652,z22,z10,toy-0003685,,,False,23.425520311735063,0.0,21.777633407260208,0.35,5.142956348249516,0
0,trip,1710,1726.5,z11,z31,toy-0003684,,,False,39.677611474975514,0.0,38.192611474975514,0.35,4.6,0
3,trip,1720,1736.5,z32,z30,toy-0003687,,,False,44.129999999999974,0.0,42.644999999999975,0.35,4.6,0
8,trip,1720,1738.3098544941652,z32,z20,toy-0003686,,,False,35.5127337776631,0.0,33.86484687318825,0.35,5.142956348249516,0
25,trip,1720,1736.5,z32,z12,toy-0003688,,,False,40.67843606874121,0.0,39.193436068741214,0.35,4.6,0
13,visit,1720,1746.6846079563875,z21,z21,,depot_south,local,False,41.37641369840881,0.0,39.42479898233394,6.505382386916237,0,0
10,trip,1730,1758.8092264452239,z00,z32,toy-0003689,,,False,44.02499999999998,0.0,41.43216961992982,0.35,8.292767933567175,0
32,trip,1730,1738.8333333333333,z32,z31,toy-0003691,,,False,42.90211309552513,0.0,42.10711309552513,0.35,2.3,0
7,trip,1730,1738.8333333333333,z21,z20,toy-0003690,,,False,35.52180411693773,0.0,34.72680411693773,0.35,2.3,0
1,trip,1730,1748.3098544941652,z10,z31,toy-0003692,,,False,41.140155851775425,0.0,39.49226894730057,0.35,5.142956348249516,0
40,trip,1740,1748.8333333333333,z32,z22,toy-0003698,,,False,40.12891721246309,0.0,39.333917212463085,0.35,2.3,0
12,trip,1740,1748.8333333333333,z21,z11,toy-0003695,,,False,45.434192641962426,0.0,44.639192641962424,0.35,2.3,0
17,trip,1740,1765.4107953946243,z00,z31,toy-0003693,,,False,44.4004983794501,0.0,42.113526793933914,0.35,7.273238618387272,0
11,trip,1740,1762.8512746230542,z10,z32,toy-0003694,,,False,21.777633407260197,0.0,19.721018691185325,0.35,6.505382386916237,0
26,trip,1740,1752.0089706448605,z21,z32,toy-0003696,,,False,44.8671130955251,0.0,43.786305737487666,0.35,3.2526911934581184,0
6,trip,1740,1748.8333333333333,z12,z11,toy-0003697,,,False,31.65441559191336,0.0,30.85941559191336,0.35,2.3,0
37,trip,1740,1748.8333333333333,z21,z31,toy-0003699,,,False,40.577611474975434,0.0,39.78261147497543,0.35,2.3,0
46,trip,1750,1762.0089706448605,z32,z21,toy-0003701,,,False,45.02302841448364,0.0,43.94222105644621,0.35,3.2526911934581184,0
0,trip,1750,1758.8333333333333,z31,z32,toy-0003700,,,False,38.192611474975514,0.0,37.39761147497551,0.35,2.3,0
13,trip,1750,1758.8333333333333,z21,z22,toy-0003704,,,False,39.42479898233394,0.0,38.62979898233394,0.35,2.3,0
1,trip,1750,1758.8333333333333,z31,z30,toy-0003705,,,False,39.49226894730056,0.0,38.69726894730056,0.35,2.3,0
5,trip,1750,1768.3098544941652,z20,z12,toy-0003702,,,False,29.33410950728806,0.0,27.686222602813203,0.35,5.142956348249516,0
32,trip,1750,1766.5,z31,z11,toy-0003706,,,False,42.10711309552512,0.0,40.62211309552512,0.35,4.6,0
2,trip,1750,1768.3098544941652,z01,z22,toy-0003703,,,False,42.88666550089089,0.0,41.23877859641604,0.35,5.142956348249516,0
37,visit,1750,1770.3333333333333,z31,z31,,depot_south,local,False,39.782611474975425,0.0,38.40261147497542,4.6,0,0
13,trip,1760,1778.3098544941652,z22,z30,toy-0003709,,,False,38.62979898233393,0.0,36.98191207785908,0.35,5.142956348249516,0
20,trip,1760,1778.3098544941652,z02,z21,toy-0003708,,,False,46.619999999999955,0.0,44.9721130955251,0.35,5.142956348249516,0
7,trip,1760,1772.0089706448605,z20,z31,toy-0003707,,,False,34.72680411693772,0.0,33.64599675890029,0.35,3.2526911934581184,0
8,trip,1760,1778.3098544941652,z20,z32,toy-0003710,,,False,33.864846873188235,0.0,32.21695996871338,0.35,5.142956348249516,0
16,trip,1760,1772.0089706448605,z22,z31,toy-0003712,,,False,35.74709003091771,0.0,34.66628267288028,0.35,3.2526911934581184,0
35,trip,1760,1778.3098544941652,z31,z10,toy-0003711,,,False,16.12156223652598,0.0,14.473675332051123,0.35,5.142956348249516,0
1,visit,1760,1770.0,z30,z30,,depot_south,,True,38.69726894730055,9.407731052699448,47.894999999999996,0.7,0,5.644638631619668
19,trip,1770,1778.8333333333333,z00,z10,toy-0003713,,,False,39.226305737487664,0.0,38.43130573748766,0.35,2.3,0
17,trip,1770,1782.0089706448605,z31,z22,toy-0003718,,,False,42.113526793933914,0.0,41.03271943589648,0.35,3.2526911934581184,0
14,trip,1770,1788.3098544941652,z10,z02,toy-0003715,,,False,17.027566309084897,0.0,15.379679404610041,0.35,5.142956348249516,0
41,trip,1770,1778.8333333333333,z31,z21,toy-0003717,,,False,44.97211309552534,0.0,44.177113095525335,0.35,2.3,0
2,trip,1770,1778.8333333333333,z22,z32,toy-0003719,,,False,41.238778596416026,0.0,40.443778596416024,0.35,2.3,0
46,trip,1770,1788.3098544941652,z21,z02,toy-0003716,,,False,43.9422210564462,0.0,42.29433415197135,0.35,5.142956348249516,0
18,trip,1770,1778.8333333333333,z10,z11,toy-0003714,,,False,38.935963209812634,0.0,38.14096320981263,0.35,2.3,0
0,trip,1770,1792.8512746230542,z32,z10,toy-0003723,,,False,37.397611474975506,0.0,35.34099675890064,0.35,6.505382386916237,0
42,trip,1770,1795.4107953946243,z31,z02,toy-0003722,,,False,44.74419264196255,0.0,42.457221056446365,0.35,7.273238618387272,0
4,trip,1770,1794.1666666666667,z01,z31,toy-0003720,,,False,33.22896799727891,0.0,31.053967997278907,0.35,6.8999999999999995,0
10,trip,1770,1778.8333333333333,z32,z31,toy-0003724,,,False,41.43216961992983,0.0,40.63716961992983,0.35,2.3,0
6,trip,1770,1782.0089706448605,z11,z20,toy-0003721,,,False,30.859415591913343,0.0,29.778608233875907,0.35,3.2526911934581184,0
12,trip,1780,1788.8333333333333,z11,z21,toy-0003725,,,False,44.63919264196242,0.0,43.844192641962415,0.35,2.3,0
41,trip,1780,1798.3098544941652,z21,z00,toy-0003727,,,False,44.17711309552533,0.0,42.529226191050476,0.35,5.142956348249516,0
7,trip,1780,1792.0089706448605,z31,z20,toy-0003728,,,False,33.64599675890028,0.0,32.56518940086285,0.35,3.2526911934581184,0
9,trip,1780,1792.0089706448605,z01,z12,toy-0003726,,,False,43.002538002002424,0.0,41.92173064396499,0.35,3.2526911934581184,0
18,visit,1780,1806.6846079563875,z11,z11,,depot_west,local,False,38.140963209812625,0.0,36.189348493737754,6.505382386916237,0,0
19,visit,1780,1822.3333333333333,z10,z10,,depot_west,central,False,38.431305737487655,0.0,37.05130573748765,4.6,0,0
20,visit,1780,1806.6846079563875,z21,z21,,depot_south,local,False,44.97211309552509,0.0,43.02049837945022,6.505382386916237,0,0
35,visit,1780,1817.8631281341027,z10,z10,,depot_west,,False,14.473675332051114,34.21632466794888,47.309999999999995,4.6,0,20.529794800769327
13,visit,1780,1790.0,z30,z30,,depot_south,,True,36.981912077859064,9.444444444444446,46.216356522303506,0.7,0,5.666666666666668
6,trip,1790,1798.8333333333333,z20,z21,toy-0003730,,,False,29.778608233875897,0.0,28.9836082338759,0.35,2.3,0
10,trip,1790,1798.8333333333333,z31,z32,toy-0003733,,,False,40.63716961992982,0.0,39.84216961992982,0.35,2.3,0
2,trip,1790,1808.3098544941652,z32,z11,toy-0003735,,,False,40.44377859641602,0.0,38.795891691941165,0.35,5.142956348249516,0
29,trip,1790,1798.8333333333333,z22,z12,toy-0003734,,,False,42.99130573748753,0.0,42.19630573748753,0.35,2.3,0
15,trip,1790,1815.4107953946243,z01,z32,toy-0003731,,,False,17.032101478722094,0.0,14.745129893205913,0.35,7.273238618387272,0
28,trip,1790,1806.5,z11,z31,toy-0003732,,,False,32.310673438547035,0.0,30.825673438547035,0.35,4.6,0
21,trip,1790,1808.3098544941652,z00,z21,toy-0003729,,,False,44.867113095525035,0.0,43.21922619105018,0.35,5.142956348249516,0
5,trip,1790,1808.3098544941652,z12,z31,toy-0003738,,,False,27.686222602813192,0.0,26.038335698338336,0.35,5.142956348249516,0
34,trip,1790,1806.5,z22,z20,toy-0003739,,,False,43.154192641962574,0.0,41.669192641962574,0.35,4.6,0
38,trip,1790,1798.8333333333333,z22,z21,toy-0003740,,,False,45.66211309552506,0.0,44.867113095525056,0.35,2.3,0
30,trip,1790,1798.8333333333333,z01,z11,toy-0003736,,,False,47.30999999999982,0.0,46.514999999999816,0.35,2.3,0
12,trip,1790,1798.8333333333333,z21,z31,toy-0003737,,,False,43.84419264196241,0.0,43.04919264196241,0.35,2.3,0
17,visit,1790,1829.2863756549968,z22,z22,,depot_south,local,False,41.032719435896475,0.0,37.946945626946764,10.285912696499032,0,0
30,trip,1800,1818.3098544941652,z11,z32,toy-0003745,,,False,46.51499999999981,0.0,44.86711309552496,0.35,5.142956348249516,0
7,trip,1800,1816.5,z20,z22,toy-0003743,,,False,32.56518940086284,0.0,31.080189400862842,0.35,4.6,0
8,trip,1800,1828.8092264452239,z32,z00,toy-0003750,,,False,32.21695996871337,0.0,29.624129588643214,0.35,8.292767933567175,0
1,trip,1800,1812.0089706448605,z30,z21,toy-0003744,,,False,47.89500000000009,0.0,46.814192641962656,0.35,3.2526911934581184,0
6,trip,1800,1812.0089706448605,z21,z32,toy-0003747,,,False,28.98360823387588,0.0,27.902800875838444,0.35,3.2526911934581184,0
23,trip,1800,1818.3098544941652,z00,z12,toy-0003741,,,False,45.594044740664565,0.0,43.94615783618971,0.35,5.142956348249516,0
14,trip,1800,1824.1666666666667,z02,z32,toy-0003749,,,False,15.37967940461003,0.0,13.20467940461003,0.35,6.8999999999999995,0
22,trip,1800,1825.4107953946243,z02,z31,toy-0003748,,,False,31.51810985442572,0.0,29.23113826890954,0.35,7.273238618387272,0
36,trip,1800,1812.0089706448605,z20,z11,toy-0003742,,,False,16.900505969968552,0.0,15.819698611931116,0.35,3.2526911934581184,0
10,trip,1800,1808.8333333333333,z32,z22,toy-0003751,,,False,39.84216961992981,0.0,39.04716961992981,0.35,2.3,0
38,trip,1800,1812.0089706448605,z21,z30,toy-0003746,,,False,44.86711309552505,0.0,43.786305737487616,0.35,3.2526911934581184,0
0,trip,1800,1812.0089706448605,z10,z01,toy-0003753,,,False,35.34099675890063,0.0,34.2601894008632,0.35,3.2526911934581184,0
60,trip,1800,1816.5,z01,z21,toy-0003756,,,False,43.82411183883985,0.0,42.33911183883985,0.35,4.6,0
32,trip,1800,1808.8333333333333,z11,z12,toy-0003757,,,False,40.62211309552512,0.0,39.82711309552512,0.35,2.3,0
4,trip,1800,1824.1666666666667,z31,z01,toy-0003760,,,False,31.053967997278903,0.0,28.878967997278902,0.35,6.8999999999999995,0
40,trip,1800,1812.0089706448605,z22,z31,toy-0003766,,,False,39.33391721246308,0.0,38.253109854425645,0.35,3.2526911934581184,0
11,trip,1800,1812.0089706448605,z32,z21,toy-0003767,,,False,19.721018691185318,0.0,18.64021133314788,0.35,3.2526911934581184,0
24,trip,1800,1822.8512746230542,z00,z22,toy-0003752,,,False,47.895,0.0,45.838385283925135,0.35,6.505382386916237,0
9,trip,1800,1816.5,z12,z32,toy-0003765,,,False,41.921730643964985,0.0,40.436730643964985,0.35,4.6,0
50,trip,1800,1816.5,z21,z01,toy-0003759,,,False,39.16841883301274,0.0,37.68341883301274,0.35,4.6,0
39,trip,1800,1818.3098544941652,z10,z22,toy-0003755,,,False,46.357031640702004,0.0,44.70914473622715,0.35,5.142956348249516,0
42,trip,1800,1822.8512746230542,z02,z20,toy-0003763,,,False,42.457221056446365,0.0,40.400606340371496,0.35,6.505382386916237,0
47,trip,1800,1812.0089706448605,z10,z21,toy-0003754,,,False,23.982029960850735,0.0,22.9012226028133,0.35,3.2526911934581184,0
12,trip,1800,1808.8333333333333,z31,z21,toy-0003761,,,False,43.0491926419624,0.0,42.2541926419624,0.35,2.3,0
26,trip,1800,1808.8333333333333,z32,z31,toy-0003768,,,False,43.78630573748766,0.0,42.99130573748766,0.35,2.3,0
25,trip,1800,1812.0089706448605,z12,z21,toy-0003764,,,False,39.193436068741214,0.0,38.11262871070378,0.35,3.2526911934581184,0
16,trip,1800,1818.3098544941652,z31,z12,toy-0003762,,,False,34.66628267288027,0.0,33.01839576840542,0.35,5.142956348249516,0
43,trip,1800,1812.0089706448605,z11,z22,toy-0003758,,,False,38.453019056434115,0.0,37.37221169839668,0.35,3.2526911934581184,0
29,trip,1810,1818.8333333333333,z12,z02,toy-0003776,,,False,42.19630573748752,0.0,41.40130573748752,0.35,2.3,0
56,trip,1810,1828.3098544941652,z32,z20,toy-0003778,,,False,37.931224934365126,0.0,36.283338029890274,0.35,5.142956348249516,0
5,trip,1810,1826.5,z31,z11,toy-0003774,,,False,26.038335698338326,0.0,24.553335698338326,0.35,4.6,0
12,trip,1810,1822.0089706448605,z21,z12,toy-0003773,,,False,42.25419264196239,0.0,41.17338528392496,0.35,3.2526911934581184,0
18,trip,1810,1818.8333333333333,z11,z10,toy-0003771,,,False,36.189348493737754,0.0,35.39434849373775,0.35,2.3,0
26,trip,1810,1822.0089706448605,z31,z22,toy-0003775,,,False,42.99130573748765,0.0,41.91049837945022,0.35,3.2526911934581184,0
20,trip,1810,1822.0089706448605,z21,z10,toy-0003772,,,False,43.02049837945022,0.0,41.939691021412784,0.35,3.2526911934581184,0
3,trip,1810,1828.3098544941652,z30,z11,toy-0003769,,,False,42.644999999999975,0.0,40.99711309552512,0.35,5.142956348249516,0
13,trip,1810,1818.8333333333333,z30,z31,toy-0003770,,,False,46.21635652230364,0.0,45.42135652230364,0.35,2.3,0
10,trip,1810,1826.5,z22,z02,toy-0003777,,,False,39.047169619929804,0.0,37.562169619929804,0.35,4.6,0
37,trip,1810,1835.4107953946243,z31,z00,toy-0003786,,,False,38.40261147497541,0.0,36.115639889459224,0.35,7.273238618387272,0
58,trip,1810,1828.3098544941652,z10,z31,toy-0003779,,,False,22.285021582580008,0.0,20.637134678105152,0.35,5.142956348249516,0
44,trip,1810,1818.8333333333333,z31,z32,toy-0003787,,,False,25.06245834816347,0.0,24.267458348163473,0.35,2.3,0
63,trip,1810,1818.8333333333333,z22,z32,toy-0003791,,,False,33.83807630533799,0.0,33.04307630533799,0.35,2.3,0
79,trip,1810,1818.8333333333333,z21,z11,toy-0003783,,,False,40.32933415197149,0.0,39.534334151971485,0.35,2.3,0
67,trip,1810,1828.3098544941652,z22,z01,toy-0003789,,,False,36.06018940086307,0.0,34.412302496388214,0.35,5.142956348249516,0
62,trip,1810,1835.4107953946243,z32,z01,toy-0003792,,,False,34.96599675890047,0.0,32.67902517338428,0.35,7.273238618387272,0
34,trip,1810,1822.0089706448605,z20,z31,toy-0003780,,,False,41.669192641962574,0.0,40.58838528392514,0.35,3.2526911934581184,0
46,trip,1810,1818.8333333333333,z02,z01,toy-0003788,,,False,42.294334151971334,0.0,41.49933415197133,0.35,2.3,0
88,trip,1810,1818.8333333333333,z21,z31,toy-0003784,,,False,32.498217815346905,0.0,31.703217815346903,0.35,2.3,0
89,trip,1810,1818.8333333333333,z21,z22,toy-0003785,,,False,42.73922619105023,0.0,41.94422619105023,0.35,2.3,0
65,trip,1810,1818.8333333333333,z11,z01,toy-0003781,,,False,37.02241335127153,0.0,36.22741335127153,0.35,2.3,0
82,trip,1810,1822.0089706448605,z22,z11,toy-0003790,,,False,36.224202564032616,0.0,35.14339520599518,0.35,3.2526911934581184,0
51,trip,1810,1825.3333333333333,z31,z20,toy-0003782,,,False,21.036261891489644,0.0,19.656261891489645,2.3,2.3,0
28,visit,1810,1830.3333333333333,z31,z31,,depot_south,local,False,30.825673438547035,0.0,29.445673438547036,4.6,0,0
2,visit,1810,1836.6846079563875,z11,z11,,depot_west,local,False,38.79589169194115,0.0,36.84427697586628,6.505382386916237,0,0
21,visit,1810,1836.6846079563875,z21,z21,,depot_south,local,False,43.21922619105017,0.0,41.2676114749753,6.505382386916237,0,0
33,trip,1820,1836.5,z00,z20,toy-0003793,,,False,40.4364472474965,0.0,38.9514472474965,0.35,4.6,0
41,trip,1820,1832.0089706448605,z00,z11,toy-0003794,,,False,42.52922619105046,0.0,41.44841883301303,0.35,3.2526911934581184,0
16,trip,1820,1838.3098544941652,z12,z20,toy-0003795,,,False,33.018395768405405,0.0,31.37050886393055,0.35,5.142956348249516,0
6,trip,1820,1828.8333333333333,z32,z31,toy-0003804,,,False,27.902800875838434,0.0,27.107800875838436,0.35,2.3,0
9,trip,1820,1836.5,z32,z12,toy-0003805,,,False,40.436730643964985,0.0,38.951730643964986,0.35,4.6,0
36,trip,1820,1836.5,z11,z31,toy-0003801,,,False,15.819698611931107,0.0,14.334698611931108,0.35,4.6,0
66,trip,1820,1838.3098544941652,z11,z30,toy-0003800,,,False,15.957882878190398,0.0,14.309995973715544,0.35,5.142956348249516,0
0,trip,1820,1832.0089706448605,z01,z10,toy-0003799,,,False,34.26018940086319,0.0,33.17938204282576,0.35,3.2526911934581184,0
18,trip,1820,1828.8333333333333,z10,z20,toy-0003796,,,False,35.394348493737745,0.0,34.59934849373774,0.35,2.3,0
27,trip,1820,1836.5,z30,z32,toy-0003798,,,False,44.194576669202405,0.0,42.709576669202406,0.35,4.6,0
54,trip,1820,1838.3098544941652,z20,z32,toy-0003797,,,False,17.075072717100888,0.0,15.427185812626032,0.35,5.142956348249516,0
13,trip,1820,1832.0089706448605,z31,z20,toy-0003802,,,False,45.42135652230363,0.0,44.3405491642662,0.35,3.2526911934581184,0
23,trip,1820,1828.8333333333333,z12,z22,toy-0003803,,,False,43.9461578361897,0.0,43.1511578361897,0.35,2.3,0
89,visit,1820,1881.2863756549968,z22,z22,,depot_south,central,False,41.94422619105022,0.0,38.85845238210051,10.285912696499032,0,0
60,visit,1820,1846.6846079563875,z21,z21,,depot_south,local,False,42.33911183883985,0.0,40.38749712276498,6.505382386916237,0,0
15,visit,1820,1873.447588730743,z32,z32,,depot_south,,False,14.745129893205904,34.6348701067941,46.620000000000005,9.2,0,20.780922064076456
14,trip,1830,1842.0089706448605,z32,z21,toy-0003818,,,False,13.204679404610022,0.0,12.123872046572586,0.35,3.2526911934581184,0
31,trip,1830,1852.8512746230542,z12,z30,toy-0003815,,,False,33.60391721246303,0.0,31.54730249638816,0.35,6.505382386916237,0
6,trip,1830,1838.8333333333333,z31,z32,toy-0003814,,,False,27.107800875838418,0.0,26.31280087583842,0.35,2.3,0
3,trip,1830,1842.0089706448605,z11,z00,toy-0003809,,,False,40.99711309552511,0.0,39.916305737487676,0.35,3.2526911934581184,0
7,trip,1830,1838.8333333333333,z22,z21,toy-0003816,,,False,31.080189400862842,0.0,30.28518940086284,0.35,2.3,0
19,trip,1830,1852.8512746230542,z10,z32,toy-0003806,,,False,37.051305737487645,0.0,34.99469102141278,0.35,6.505382386916237,0
22,trip,1830,1848.3098544941652,z31,z10,toy-0003811,,,False,29.231138268909532,0.0,27.583251364434677,0.35,5.142956348249516,0
17,trip,1830,1842.0089706448605,z22,z31,toy-0003817,,,False,37.94694562694676,0.0,36.866138268909324,0.35,3.2526911934581184,0
4,trip,1830,1848.3098544941652,z01,z20,toy-0003808,,,False,28.878967997278895,0.0,27.23108109280404,0.35,5.142956348249516,0
34,trip,1830,1838.8333333333333,z31,z21,toy-0003812,,,False,40.588385283925135,0.0,39.79338528392513,0.35,2.3,0
38,trip,1830,1838.8333333333333,z30,z20,toy-0003807,,,False,43.78630573748761,0.0,42.99130573748761,0.35,2.3,0
1,trip,1830,1842.0089706448605,z21,z32,toy-0003810,,,False,46.81419264196265,0.0,45.733385283925216,0.35,3.2526911934581184,0
40,trip,1830,1842.0089706448605,z31,z22,toy-0003813,,,False,38.25310985442564,0.0,37.172302496388205,0.35,3.2526911934581184,0
5,trip,1830,1838.8333333333333,z11,z21,toy-0003819,,,False,24.553335698338323,0.0,23.75833569833832,0.35,2.3,0
30,trip,1830,1848.3098544941652,z32,z11,toy-0003822,,,False,44.86711309552494,0.0,43.21922619105009,0.35,5.142956348249516,0
10,trip,1830,1842.0089706448605,z02,z11,toy-0003820,,,False,37.562169619929804,0.0,36.48136226189237,0.35,3.2526911934581184,0
32,trip,1830,1846.5,z12,z10,toy-0003821,,,False,39.827113095525114,0.0,38.342113095525114,0.35,4.6,0
44,trip,1830,1838.8333333333333,z32,z22,toy-0003823,,,False,24.267458348163455,0.0,23.472458348163457,0.35,2.3,0
56,visit,1830,1850.3333333333333,z20,z20,,depot_south,local,False,36.28333802989026,0.0,34.90333802989026,4.6,0,0
12,visit,1830,1869.2863756549968,z12,z12,,depot_west,local,False,41.17338528392495,0.0,38.08761147497524,10.285912696499032,0,0
8,visit,1830,1840.0,z00,z00,,depot_west,,True,29.62412958864322,9.444444444444446,38.85857403308767,0.7,0,5.666666666666668
2,trip,1840,1852.0089706448605,z11,z02,toy-0003827,,,False,36.84427697586628,0.0,35.76346961782885,0.35,3.2526911934581184,0
28,trip,1840,1848.8333333333333,z31,z30,toy-0003830,,,False,29.44567343854702,0.0,28.650673438547017,0.35,2.3,0
5,trip,1840,1848.8333333333333,z21,z31,toy-0003829,,,False,23.758335698338307,0.0,22.963335698338305,0.35,2.3,0
41,trip,1840,1858.3098544941652,z11,z32,toy-0003828,,,False,41.44841883301302,0.0,39.80053192853817,0.35,5.142956348249516,0
46,trip,1840,1864.1666666666667,z01,z31,toy-0003826,,,False,41.499334151971325,0.0,39.32433415197133,0.35,6.8999999999999995,0
8,trip,1840,1865.4107953946243,z00,z31,toy-0003824,,,False,38.85857403308779,0.0,36.57160244757161,0.35,7.273238618387272,0
9,trip,1840,1858.3098544941652,z12,z31,toy-0003832,,,False,38.951730643964986,0.0,37.303843739490134,0.35,5.142956348249516,0
13,trip,1840,1862.8512746230542,z20,z02,toy-0003825,,,False,44.34054916426619,0.0,42.283934448191324,0.35,6.505382386916237,0
36,trip,1840,1856.5,z31,z11,toy-0003831,,,False,14.334698611931108,0.0,12.849698611931109,0.35,4.6,0
48,trip,1840,1858.3098544941652,z30,z22,toy-0003835,,,False,45.91967537624553,0.0,44.27178847177068,0.35,5.142956348249516,0
16,trip,1840,1852.0089706448605,z20,z31,toy-0003834,,,False,31.370508863930542,0.0,30.289701505893106,0.35,3.2526911934581184,0
23,trip,1840,1858.3098544941652,z22,z10,toy-0003836,,,False,43.15115783618969,0.0,41.50327093171484,0.35,5.142956348249516,0
18,trip,1840,1848.8333333333333,z20,z21,toy-0003833,,,False,34.599348493737736,0.0,33.804348493737734,0.35,2.3,0
27,trip,1840,1856.5,z32,z30,toy-0003838,,,False,42.709576669202406,0.0,41.224576669202406,0.35,4.6,0
54,trip,1840,1848.8333333333333,z32,z31,toy-0003839,,,False,15.427185812626021,0.0,14.632185812626021,0.35,2.3,0
24,trip,1840,1848.8333333333333,z22,z32,toy-0003837,,,False,45.83838528392513,0.0,45.043385283925126,0.35,2.3,0
66,visit,1840,1889.610335749104,z30,z30,,depot_south,central,False,14.309995973715534,33.79500402628447,47.895,0.7,0,20.27700241577068
6,visit,1840,1897.6666666666667,z32,z32,,depot_south,central,False,26.312800875838402,0.0,23.5528008758384,9.2,0,0
33,visit,1840,1860.3333333333333,z20,z20,,depot_south,local,False,38.9514472474965,0.0,37.5714472474965,4.6,0,0
34,visit,1840,1888.6846079563875,z21,z21,,depot_south,central,False,39.793385283925126,0.0,37.841770567850254,6.505382386916237,0,0
37,visit,1840,1850.0,z00,z00,,depot_west,,True,36.115639889459224,9.444444444444446,45.35008433390367,0.7,0,5.666666666666668
5,trip,1850,1858.8333333333333,z31,z32,toy-0003844,,,False,22.96333569833829,0.0,22.16833569833829,0.35,2.3,0
17,trip,1850,1858.8333333333333,z31,z21,toy-0003842,,,False,36.86613826890932,0.0,36.071138268909316,0.35,2.3,0
1,trip,1850,1874.1666666666667,z32,z02,toy-0003848,,,False,45.73338528392521,0.0,43.55838528392521,0.35,6.8999999999999995,0
0,trip,1850,1866.5,z10,z12,toy-0003840,,,False,33.17938204282575,0.0,31.69438204282575,0.35,4.6,0
24,trip,1850,1872.8512746230542,z32,z10,toy-0003847,,,False,45.04338528392512,0.0,42.98677056785025,0.35,6.505382386916237,0
7,trip,1850,1858.8333333333333,z21,z22,toy-0003841,,,False,30.285189400862826,0.0,29.490189400862825,0.35,2.3,0
26,trip,1850,1872.8512746230542,z22,z00,toy-0003845,,,False,41.91049837945021,0.0,39.85388366337534,0.35,6.505382386916237,0
52,trip,1850,1868.3098544941652,z31,z12,toy-0003843,,,False,26.278824155718283,0.0,24.630937251243427,0.35,5.142956348249516,0
39,trip,1850,1866.5,z22,z20,toy-0003846,,,False,44.70914473622714,0.0,43.22414473622714,0.35,4.6,0
30,trip,1850,1866.5,z11,z31,toy-0003851,,,False,43.219226191050076,0.0,41.73422619105008,0.35,4.6,0
53,trip,1850,1862.0089706448605,z31,z20,toy-0003854,,,False,27.989133134305412,0.0,26.908325776267976,0.35,3.2526911934581184,0
4,trip,1850,1866.5,z20,z22,toy-0003850,,,False,27.23108109280403,0.0,25.74608109280403,0.35,4.6,0
40,trip,1850,1862.0089706448605,z22,z31,toy-0003856,,,False,37.1723024963882,0.0,36.091495138350766,0.35,3.2526911934581184,0
63,trip,1850,1868.3098544941652,z32,z20,toy-0003857,,,False,33.04307630533798,0.0,31.395189400863128,0.35,5.142956348249516,0
54,trip,1850,1862.0089706448605,z31,z22,toy-0003855,,,False,14.632185812626007,0.0,13.551378454588571,0.35,3.2526911934581184,0
11,trip,1850,1862.0089706448605,z21,z32,toy-0003853,,,False,18.64021133314787,0.0,17.559403975110435,0.35,3.2526911934581184,0
38,trip,1850,1866.5,z20,z00,toy-0003849,,,False,42.9913057374876,0.0,41.5063057374876,0.35,4.6,0
74,trip,1850,1862.0089706448605,z11,z22,toy-0003852,,,False,47.02419264196249,0.0,45.94338528392506,0.35,3.2526911934581184,0
10,visit,1850,1876.6846079563875,z11,z11,,depot_west,local,False,36.481362261892365,0.0,34.52974754581749,6.505382386916237,0,0
14,visit,1850,1895.7957691432664,z21,z21,,depot_south,,False,12.123872046572579,36.85193531146486,47.024192641962564,6.505382386916237,0,22.111161186878913
28,visit,1850,1860.0,z30,z30,,depot_south,,True,28.650673438547003,9.444444444444446,37.885117882991445,0.7,0,5.666666666666668
36,trip,1860,1872.0089706448605,z11,z20,toy-0003864,,,False,12.849698611931109,0.0,11.768891253893672,0.35,3.2526911934581184,0
17,trip,1860,1868.8333333333333,z21,z11,toy-0003865,,,False,36.07113826890931,0.0,35.27613826890931,0.35,2.3,0
7,trip,1860,1872.0089706448605,z22,z11,toy-0003871,,,False,29.49018940086281,0.0,28.409382042825374,0.35,3.2526911934581184,0
43,trip,1860,1868.8333333333333,z22,z21,toy-0003872,,,False,37.372211698396676,0.0,36.577211698396674,0.35,2.3,0
5,trip,1860,1872.0089706448605,z32,z21,toy-0003873,,,False,22.168335698338275,0.0,21.08752834030084,0.35,3.2526911934581184,0
45,trip,1860,1876.5,z12,z32,toy-0003870,,,False,27.12603030798805,0.0,25.64103030798805,0.35,4.6,0
27,trip,1860,1868.8333333333333,z30,z31,toy-0003861,,,False,41.224576669202406,0.0,40.429576669202405,0.35,2.3,0
20,trip,1860,1878.3098544941652,z10,z31,toy-0003859,,,False,41.93969102141278,0.0,40.291804116937925,0.35,5.142956348249516,0
42,trip,1860,1878.3098544941652,z20,z32,toy-0003860,,,False,40.40060634037149,0.0,38.75271943589664,0.35,5.142956348249516,0
50,trip,1860,1878.3098544941652,z01,z22,toy-0003862,,,False,37.68341883301274,0.0,36.035531928537885,0.35,5.142956348249516,0
77,trip,1860,1868.8333333333333,z12,z11,toy-0003868,,,False,19.555315328680535,0.0,18.760315328680534,0.35,2.3,0
62,trip,1860,1885.4107953946243,z01,z32,toy-0003863,,,False,32.67902517338428,0.0,30.3920535878681,0.35,7.273238618387272,0
18,trip,1860,1868.8333333333333,z21,z31,toy-0003866,,,False,33.80434849373773,0.0,33.009348493737726,0.35,2.3,0
19,trip,1860,1868.8333333333333,z32,z22,toy-0003875,,,False,34.99469102141277,0.0,34.19969102141277,0.35,2.3,0
41,trip,1860,1868.8333333333333,z32,z31,toy-0003874,,,False,39.800531928538156,0.0,39.005531928538154,0.35,2.3,0
9,trip,1860,1884.1666666666667,z31,z01,toy-0003867,,,False,37.30384373949012,0.0,35.12884373949012,0.35,6.8999999999999995,0
3,trip,1860,1888.8092264452239,z00,z32,toy-0003858,,,False,39.91630573748767,0.0,37.323475357417514,0.35,8.292767933567175,0
85,trip,1860,1872.0089706448605,z12,z21,toy-0003869,,,False,46.45711309552518,0.0,45.37630573748775,0.35,3.2526911934581184,0
79,trip,1860,1878.3098544941652,z11,z32,toy-0003881,,,False,39.53433415197148,0.0,37.886447247496626,0.35,5.142956348249516,0
51,trip,1860,1872.0089706448605,z20,z11,toy-0003878,,,False,19.656261891489628,0.0,18.57545453345219,0.35,3.2526911934581184,0
16,trip,1860,1868.8333333333333,z31,z21,toy-0003884,,,False,30.289701505893095,0.0,29.494701505893097,0.35,2.3,0
44,trip,1860,1868.8333333333333,z22,z12,toy-0003890,,,False,23.47245834816344,0.0,22.67745834816344,0.35,2.3,0
22,trip,1860,1872.0089706448605,z10,z21,toy-0003876,,,False,27.583251364434666,0.0,26.50244400639723,0.35,3.2526911934581184,0
21,trip,1860,1868.8333333333333,z21,z20,toy-0003882,,,False,41.2676114749753,0.0,40.472611474975295,0.35,2.3,0
2,trip,1860,1885.4107953946243,z02,z31,toy-0003887,,,False,35.76346961782884,0.0,33.476498032312655,0.35,7.273238618387272,0
55,trip,1860,1868.8333333333333,z31,z32,toy-0003885,,,False,34.90420256403268,0.0,34.10920256403268,0.35,2.3,0
48,trip,1860,1868.8333333333333,z22,z32,toy-0003891,,,False,44.27178847177066,0.0,43.47678847177066,0.35,2.3,0
57,trip,1860,1876.5,z31,z11,toy-0003883,,,False,24.122584864705676,0.0,22.637584864705676,0.35,4.6,0
56,trip,1860,1868.8333333333333,z20,z30,toy-0003877,,,False,34.90333802989024,0.0,34.10833802989024,0.35,2.3,0
68,trip,1860,1872.0089706448605,z20,z31,toy-0003879,,,False,36.129758119588274,0.0,35.04895076155084,0.35,3.2526911934581184,0
25,trip,1860,1878.5089706448605,z21,z31,toy-0003889,,,False,38.112628710703774,0.0,36.44682135266634,2.3,3.2526911934581184,0
65,trip,1860,1876.5,z01,z21,toy-0003880,,,False,36.22741335127152,0.0,34.74241335127152,0.35,4.6,0
86,trip,1860,1878.3098544941652,z12,z31,toy-0003888,,,False,22.758299255288755,0.0,21.1104123508139,0.35,5.142956348249516,0
29,trip,1860,1878.3098544941652,z02,z10,toy-0003886,,,False,41.40130573748751,0.0,39.75341883301266,0.35,5.142956348249516,0
31,visit,1860,1870.0,z30,z30,,depot_south,,True,31.547302496388156,9.444444444444446,40.7817469408326,0.7,0,5.666666666666668
28,visit,1860,1870.0,z30,z30,,depot_south,,True,37.88511788299158,9.444444444444446,47.11956232743602,0.7,0,5.666666666666668
21,trip,1870,1878.8333333333333,z20,z10,toy-0003898,,,False,40.47261147497529,0.0,39.677611474975286,0.35,2.3,0
48,trip,1870,1878.8333333333333,z32,z31,toy-0003912,,,False,43.476788471770654,0.0,42.68178847177065,0.35,2.3,0
37,trip,1870,1895.4107953946243,z00,z31,toy-0003893,,,False,45.3500843339038,0.0,43.06311274838762,0.35,7.273238618387272,0
23,trip,1870,1878.8333333333333,z10,z11,toy-0003895,,,False,41.50327093171482,0.0,40.70827093171482,0.35,2.3,0
32,trip,1870,1886.5,z10,z30,toy-0003894,,,False,38.342113095525114,0.0,36.857113095525115,0.35,4.6,0
35,trip,1870,1888.3098544941652,z10,z22,toy-0003896,,,False,47.310000000000144,0.0,45.66211309552529,0.35,5.142956348249516,0
55,trip,1870,1888.3098544941652,z32,z11,toy-0003911,,,False,34.10920256403267,0.0,32.46131565955782,0.35,5.142956348249516,0
17,trip,1870,1886.5,z11,z31,toy-0003905,,,False,35.2761382689093,0.0,33.7911382689093,0.35,4.6,0
33,trip,1870,1899.3512746230542,z20,z32,toy-0003897,,,False,37.57144724749649,0.0,34.92983253142162,2.3,6.505382386916237,0
77,trip,1870,1878.8333333333333,z11,z21,toy-0003904,,,False,18.76031532868052,0.0,17.965315328680518,0.35,2.3,0
16,trip,1870,1878.8333333333333,z21,z31,toy-0003906,,,False,29.49470150589308,0.0,28.69970150589308,0.35,2.3,0
67,trip,1870,1894.1666666666667,z01,z31,toy-0003903,,,False,34.4123024963882,0.0,32.2373024963882,0.35,6.8999999999999995,0
28,trip,1870,1882.0089706448605,z30,z21,toy-0003901,,,False,47.11956232743616,0.0,46.038754969398724,0.35,3.2526911934581184,0
43,trip,1870,1882.0089706448605,z21,z32,toy-0003907,,,False,36.57721169839667,0.0,35.496404340359234,0.35,3.2526911934581184,0
38,trip,1870,1888.3098544941652,z00,z21,toy-0003892,,,False,41.5063057374876,0.0,39.85841883301275,0.35,5.142956348249516,0
13,trip,1870,1886.5,z02,z22,toy-0003909,,,False,42.28393444819132,0.0,40.79893444819132,0.35,4.6,0
49,trip,1870,1894.1666666666667,z02,z32,toy-0003910,,,False,18.31704430261711,0.0,16.14204430261711,0.35,6.8999999999999995,0
39,trip,1870,1888.3098544941652,z20,z01,toy-0003899,,,False,43.22414473622714,0.0,41.57625783175229,0.35,5.142956348249516,0
53,trip,1870,1888.3098544941652,z20,z12,toy-0003900,,,False,26.908325776267965,0.0,25.26043887179311,0.35,5.142956348249516,0
59,trip,1870,1888.3098544941652,z02,z21,toy-0003908,,,False,43.18338528392528,0.0,41.53549837945043,0.35,5.142956348249516,0
31,trip,1870,1886.5,z30,z32,toy-0003902,,,False,40.78174694083273,0.0,39.29674694083273,0.35,4.6,0
72,trip,1870,1878.8333333333333,z20,z21,toy-0003914,,,False,43.37757792588754,0.0,42.58257792588754,0.35,2.3,0
56,trip,1870,1892.8512746230542,z30,z12,toy-0003917,,,False,34.108338029890234,0.0,32.051723313815366,0.35,6.505382386916237,0
70,trip,1870,1886.5,z32,z12,toy-0003928,,,False,46.62000000000002,0.0,45.13500000000002,0.35,4.6,0
76,trip,1870,1878.8333333333333,z30,z31,toy-0003916,,,False,45.448670635494665,0.0,44.65367063549466,0.35,2.3,0
8,trip,1870,1882.0089706448605,z31,z22,toy-0003922,,,False,36.57160244757161,0.0,35.490795089534174,0.35,3.2526911934581184,0
0,trip,1870,1878.8333333333333,z12,z22,toy-0003924,,,False,31.69438204282575,0.0,30.89938204282575,0.35,2.3,0
47,trip,1870,1878.8333333333333,z21,z22,toy-0003921,,,False,22.901222602813288,0.0,22.10622260281329,0.35,2.3,0
4,trip,1870,1882.0089706448605,z22,z31,toy-0003925,,,False,25.746081092804026,0.0,24.66527373476659,0.35,3.2526911934581184,0
82,trip,1870,1894.8098544941652,z11,z31,toy-0003913,,,False,35.143395205995176,0.0,32.91050830152032,2.3,5.142956348249516,0
71,trip,1870,1878.8333333333333,z32,z31,toy-0003927,,,False,32.59721177119541,0.0,31.80221177119541,0.35,2.3,0
73,trip,1870,1882.0089706448605,z32,z21,toy-0003926,,,False,15.88031302344332,0.0,14.799505665405883,0.35,3.2526911934581184,0
60,trip,1870,1888.5089706448605,z21,z31,toy-0003915,,,False,40.38749712276498,0.0,38.72168976472754,2.3,3.2526911934581184,0
18,trip,1870,1878.8333333333333,z31,z32,toy-0003923,,,False,33.00934849373772,0.0,32.21434849373772,0.35,2.3,0
19,trip,1870,1885.3333333333333,z22,z31,toy-0003919,,,False,34.19969102141276,0.0,32.81969102141276,2.3,2.3,0
27,trip,1870,1888.5089706448605,z31,z12,toy-0003920,,,False,40.4295766692024,0.0,38.763769311164964,2.3,3.2526911934581184,0
30,trip,1870,1888.5089706448605,z31,z10,toy-0003918,,,False,41.73422619105008,0.0,40.06841883301264,2.3,3.2526911934581184,0
54,visit,1870,1930.8812807249285,z22,z22,,depot_south,local,False,13.551378454588564,35.99150844988629,46.457113095525145,10.285912696499032,0,21.594905069931773
11,visit,1870,1905.6666666666667,z32,z32,,depot_south,local,False,17.559403975110424,0.0,14.799403975110424,9.2,0,0
44,visit,1870,1909.2863756549968,z12,z12,,depot_west,local,False,22.677458348163423,0.0,19.591684539213713,10.285912696499032,0,0
63,visit,1870,1890.3333333333333,z20,z20,,depot_south,local,False,31.39518940086312,0.0,30.01518940086312,4.6,0,0
41,visit,1870,1912.3333333333333,z31,z31,,depot_south,central,False,39.00553192853815,0.0,37.625531928538145,4.6,0,0
0,trip,1880,1898.3098544941652,z22,z30,toy-0003943,,,False,30.899382042825735,0.0,29.25149513835088,0.35,5.142956348249516,0
83,trip,1880,1905.4107953946243,z01,z32,toy-0003934,,,False,43.42922619105037,0.0,41.142254605534184,0.35,7.273238618387272,0
26,trip,1880,1902.8512746230542,z00,z22,toy-0003929,,,False,39.853883663375335,0.0,37.797268947300466,0.35,6.505382386916237,0
10,trip,1880,1892.0089706448605,z11,z22,toy-0003936,,,False,34.52974754581749,0.0,33.44894018778006,0.35,3.2526911934581184,0
36,trip,1880,1898.3098544941652,z20,z32,toy-0003931,,,False,11.768891253893665,0.0,10.121004349418811,0.35,5.142956348249516,0
12,trip,1880,1898.3098544941652,z12,z31,toy-0003941,,,False,38.08761147497523,0.0,36.43972457050038,0.35,5.142956348249516,0
1,trip,1880,1910.6666666666667,z02,z31,toy-0003933,,,False,43.558385283925205,0.0,40.79838528392521,2.3,6.8999999999999995,0
52,trip,1880,1911.9107953946243,z12,z31,toy-0003940,,,False,24.630937251243417,0.0,21.758965665727235,2.3,7.273238618387272,0
23,trip,1880,1895.3333333333333,z11,z11,toy-0003932,,,False,40.708270931714814,0.0,39.32827093171481,2.3,2.3,0
47,trip,1880,1903.0,z22,z32,toy-0003942,,,False,22.106222602813272,0.0,20.03622260281327,2.3,4.6,0
74,trip,1880,1888.8333333333333,z22,z21,toy-0003944,,,False,45.94338528392505,0.0,45.14838528392505,0.35,2.3,0
51,trip,1880,1896.5,z11,z31,toy-0003935,,,False,18.57545453345218,0.0,17.09045453345218,0.35,4.6,0
16,trip,1880,1898.3098544941652,z31,z10,toy-0003937,,,False,28.699701505893064,0.0,27.051814601418208,0.35,5.142956348249516,0
20,trip,1880,1888.8333333333333,z31,z21,toy-0003938,,,False,40.29180411693791,0.0,39.49680411693791,0.35,2.3,0
5,trip,1880,1903.0,z21,z22,toy-0003930,,,False,21.08752834030083,0.0,19.017528340300828,2.3,4.6,0
25,trip,1880,1905.4107953946243,z31,z02,toy-0003939,,,False,36.44682135266633,0.0,34.15984976715015,0.35,7.273238618387272,0
15,trip,1880,1888.8333333333333,z32,z22,toy-0003946,,,False,46.62000000000017,0.0,45.825000000000166,0.35,2.3,0
18,trip,1880,1895.3333333333333,z32,z32,toy-0003945,,,False,32.21434849373771,0.0,30.83434849373771,2.3,2.3,0
40,trip,1880,1892.0089706448605,z31,z20,toy-0003955,,,False,36.09149513835076,0.0,35.010687780313326,0.35,3.2526911934581184,0
84,trip,1880,1898.5089706448605,z11,z21,toy-0003958,,,False,42.72341883301291,0.0,41.057611474975474,2.3,3.2526911934581184,0
42,trip,1880,1898.3098544941652,z32,z20,toy-0003960,,,False,38.75271943589662,0.0,37.10483253142177,0.35,5.142956348249516,0
87,trip,1880,1888.8333333333333,z11,z12,toy-0003950,,,False,41.98419264196253,0.0,41.18919264196253,0.35,2.3,0
45,trip,1880,1888.8333333333333,z32,z31,toy-0003962,,,False,25.641030307988046,0.0,24.846030307988045,0.35,2.3,0
21,trip,1880,1915.3092264452239,z10,z32,toy-0003947,,,False,39.67761147497528,0.0,36.499781094905124,2.3,8.292767933567175,0
22,trip,1880,1892.0089706448605,z21,z32,toy-0003954,,,False,26.50244400639722,0.0,25.421636648359783,0.35,3.2526911934581184,0
79,trip,1880,1905.4107953946243,z32,z01,toy-0003961,,,False,37.88644724749661,0.0,35.59947566198043,0.35,7.273238618387272,0
65,trip,1880,1888.8333333333333,z21,z31,toy-0003953,,,False,34.74241335127152,0.0,33.94741335127152,0.35,2.3,0
72,trip,1880,1898.5089706448605,z21,z31,toy-0003959,,,False,42.582577925887534,0.0,40.9167705678501,2.3,3.2526911934581184,0
24,trip,1880,1904.8098544941652,z10,z12,toy-0003957,,,False,42.98677056785024,0.0,40.75388366337539,5.142956348249516,2.3,0
46,trip,1880,1888.8333333333333,z31,z32,toy-0003956,,,False,39.32433415197132,0.0,38.52933415197132,0.35,2.3,0
77,trip,1880,1896.5,z21,z01,toy-0003952,,,False,17.965315328680504,0.0,16.480315328680504,0.35,4.6,0
29,trip,1880,1904.8098544941652,z10,z32,toy-0003951,,,False,39.753418833012645,0.0,37.52053192853779,2.3,5.142956348249516,0
48,trip,1880,1903.0,z31,z10,toy-0003949,,,False,42.681788471770645,0.0,40.611788471770645,2.3,4.6,0
85,trip,1880,1907.9854918056922,z21,z31,toy-0003948,,,False,45.37630573748774,0.0,42.85761147497545,3.2526911934581184,5.142956348249516,0
57,visit,1880,1906.6846079563875,z11,z11,,depot_west,local,False,22.637584864705673,0.0,20.6859701486308,6.505382386916237,0,0
7,visit,1880,1928.6846079563875,z11,z11,,depot_west,central,False,28.409382042825364,0.0,26.457767326750492,6.505382386916237,0,0
50,visit,1880,1919.2863756549968,z22,z22,,depot_south,local,False,36.03553192853787,0.0,32.94975811958816,10.285912696499032,0,0
9,trip,1890,1921.9107953946243,z01,z31,toy-0003963,,,False,35.128843739490115,0.0,32.25687215397393,2.3,7.273238618387272,0
30,trip,1890,1912.8512746230542,z10,z32,toy-0003965,,,False,40.068418833012636,0.0,38.01180411693777,0.35,6.505382386916237,0
32,trip,1890,1898.8333333333333,z30,z31,toy-0003968,,,False,36.857113095525115,0.0,36.06211309552511,0.35,2.3,0
66,trip,1890,1908.3098544941652,z30,z11,toy-0003967,,,False,47.89500000000014,0.0,46.247113095525286,0.35,5.142956348249516,0
2,trip,1890,1908.3098544941652,z31,z12,toy-0003973,,,False,33.476498032312655,0.0,31.8286111278378,0.35,5.142956348249516,0
20,trip,1890,1908.5089706448605,z21,z31,toy-0003966,,,False,39.4968041169379,0.0,37.83099675890047,2.3,3.2526911934581184,0
4,trip,1890,1914.8098544941652,z31,z22,toy-0003969,,,False,24.66527373476658,0.0,22.432386830291726,2.3,5.142956348249516,0
8,trip,1890,1906.5,z22,z20,toy-0003977,,,False,35.49079508953417,0.0,34.00579508953417,0.35,4.6,0
28,trip,1890,1902.0089706448605,z21,z30,toy-0003972,,,False,46.03875496939872,0.0,44.957947611361284,0.35,3.2526911934581184,0
17,trip,1890,1902.0089706448605,z31,z22,toy-0003974,,,False,33.7911382689093,0.0,32.71033091087187,0.35,3.2526911934581184,0
55,trip,1890,1906.5,z11,z31,toy-0003971,,,False,32.461315659557805,0.0,30.976315659557805,0.35,4.6,0
31,trip,1890,1902.0089706448605,z32,z21,toy-0003978,,,False,39.29674694083273,0.0,38.2159395827953,0.35,3.2526911934581184,0
34,trip,1890,1911.6846079563875,z21,z21,toy-0003964,,,False,37.841770567850254,0.0,35.89015585177538,3.2526911934581184,3.2526911934581184,0
38,trip,1890,1905.3333333333333,z21,z21,toy-0003970,,,False,39.858418833012735,0.0,38.47841883301273,2.3,2.3,0
53,trip,1890,1908.3098544941652,z12,z20,toy-0003975,,,False,25.2604388717931,0.0,23.612551967318243,0.35,5.142956348249516,0
70,trip,1890,1908.3098544941652,z12,z31,toy-0003976,,,False,45.13500000000002,0.0,43.48711309552517,0.35,5.142956348249516,0
59,trip,1890,1914.8098544941652,z21,z32,toy-0003981,,,False,41.53549837945042,0.0,39.30261147497556,2.3,5.142956348249516,0
87,trip,1890,1917.9854918056922,z12,z22,toy-0003986,,,False,41.18919264196252,0.0,38.67049837945023,3.2526911934581184,5.142956348249516,0
73,trip,1890,1928.3333333333333,z21,z31,toy-0003985,,,False,14.799505665405876,0.0,11.349505665405877,4.6,6.8999999999999995,0
13,trip,1890,1902.0089706448605,z22,z31,toy-0003994,,,False,40.79893444819132,0.0,39.718127090153885,0.35,3.2526911934581184,0
15,trip,1890,1898.8333333333333,z22,z32,toy-0003995,,,False,45.82500000000016,0.0,45.03000000000016,0.35,2.3,0
19,trip,1890,1913.0,z31,z32,toy-0003982,,,False,32.81969102141275,0.0,30.74969102141275,2.3,4.6,0
45,trip,1890,1898.8333333333333,z31,z21,toy-0003991,,,False,24.84603030798803,0.0,24.05103030798803,0.35,2.3,0
74,trip,1890,1908.5089706448605,z21,z20,toy-0003979,,,False,45.148385283925045,0.0,43.48257792588761,3.2526911934581184,2.3,0
43,trip,1890,1898.8333333333333,z32,z31,toy-0003996,,,False,35.49640434035923,0.0,34.701404340359225,0.35,2.3,0
89,trip,1890,1908.5089706448605,z22,z01,toy-0003992,,,False,38.8584523821005,0.0,37.19264502406307,2.3,3.2526911934581184,0
58,trip,1890,1928.3333333333333,z31,z21,toy-0003984,,,False,20.63713467810514,0.0,17.187134678105142,6.8999999999999995,4.6,0
60,trip,1890,1905.3333333333333,z31,z11,toy-0003987,,,False,38.721689764727536,0.0,37.34168976472753,2.3,2.3,0
61,trip,1890,1908.5089706448605,z31,z21,toy-0003980,,,False,18.61325136443463,0.0,16.94744400639719,3.2526911934581184,2.3,0
64,trip,1890,1905.3333333333333,z31,z31,toy-0003988,,,False,45.608028414483826,0.0,44.22802841448382,2.3,2.3,0
65,trip,1890,1906.5,z31,z11,toy-0003990,,,False,33.947413351271514,0.0,32.462413351271515,0.35,4.6,0
46,trip,1890,1908.5089706448605,z32,z11,toy-0003993,,,False,38.52933415197131,0.0,36.86352679393388,2.3,3.2526911934581184,0
68,trip,1890,1905.3333333333333,z31,z22,toy-0003989,,,False,35.048950761550834,0.0,33.66895076155083,2.3,2.3,0
69,trip,1890,1937.2441287279576,z31,z30,toy-0003983,,,False,41.86524947093002,0.0,37.61327788541384,6.8999999999999995,7.273238618387272,0
3,visit,1890,1925.6666666666667,z32,z32,,depot_south,local,False,37.32347535741752,0.0,34.56347535741752,9.2,0,0
27,visit,1890,1929.2863756549968,z12,z12,,depot_west,local,False,38.76376931116496,0.0,35.677995502215246,10.285912696499032,0,0
39,visit,1890,1910.3333333333333,z01,z01,,depot_west,local,False,41.57625783175227,0.0,40.19625783175227,4.6,0,0
35,visit,1890,1951.2863756549968,z22,z22,,depot_south,central,False,45.66211309552528,0.0,42.57633928657557,10.285912696499032,0,0
40,trip,1900,1912.0089706448605,z20,z31,toy-0004000,,,False,35.01068778031332,0.0,33.929880422275886,0.35,3.2526911934581184,0
16,trip,1900,1918.3098544941652,z10,z31,toy-0003998,,,False,27.051814601418197,0.0,25.40392769694334,0.35,5.142956348249516,0
12,trip,1900,1925.4107953946243,z31,z00,toy-0004009,,,False,36.43972457050037,0.0,34.15275298498418,0.35,7.273238618387272,0
23,trip,1900,1912.0089706448605,z11,z20,toy-0004004,,,False,39.328270931714805,0.0,38.24746357367737,0.35,3.2526911934581184,0
14,trip,1900,1908.8333333333333,z21,z20,toy-0004007,,,False,47.024192641962564,0.0,46.22919264196256,0.35,2.3,0
45,trip,1900,1915.3333333333333,z21,z10,toy-0004003,,,False,24.051030307988015,0.0,22.671030307988016,2.3,2.3,0
77,trip,1900,1918.3098544941652,z01,z20,toy-0004002,,,False,16.4803153286805,0.0,14.832428424205645,0.35,5.142956348249516,0
32,trip,1900,1908.8333333333333,z31,z32,toy-0004010,,,False,36.062113095525106,0.0,35.267113095525104,0.35,2.3,0
6,trip,1900,1908.8333333333333,z32,z31,toy-0004018,,,False,23.552800875838415,0.0,22.757800875838413,0.35,2.3,0
56,trip,1900,1930.6666666666667,z12,z32,toy-0004012,,,False,32.05172331381536,0.0,29.29172331381536,2.3,6.8999999999999995,0
15,trip,1900,1928.8092264452239,z32,z00,toy-0004016,,,False,45.03000000000015,0.0,42.437169619929996,0.35,8.292767933567175,0
37,trip,1900,1918.5089706448605,z31,z21,toy-0004001,,,False,43.06311274838762,0.0,41.39730539035018,2.3,3.2526911934581184,0
84,trip,1900,1923.0,z21,z31,toy-0004005,,,False,41.05761147497547,0.0,38.987611474975466,2.3,4.6,0
10,trip,1900,1923.0,z22,z32,toy-0004013,,,False,33.44894018778005,0.0,31.378940187780053,2.3,4.6,0
18,trip,1900,1918.3098544941652,z32,z11,toy-0004017,,,False,30.834348493737693,0.0,29.186461589262837,0.35,5.142956348249516,0
42,trip,1900,1927.9854918056922,z20,z32,toy-0004006,,,False,37.104832531421756,0.0,34.586138268909465,3.2526911934581184,5.142956348249516,0
22,trip,1900,1915.3333333333333,z32,z21,toy-0004015,,,False,25.421636648359772,0.0,24.041636648359773,2.3,2.3,0
43,trip,1900,1918.5089706448605,z31,z32,toy-0004008,,,False,34.70140434035922,0.0,33.035596982321785,2.3,3.2526911934581184,0
33,trip,1900,1924.8098544941652,z32,z01,toy-0004014,,,False,34.92983253142161,0.0,32.69694562694676,2.3,5.142956348249516,0
36,trip,1900,1908.8333333333333,z32,z22,toy-0004019,,,False,10.1210043494188,0.0,9.3260043494188,0.35,2.3,0
63,trip,1900,1924.8098544941652,z20,z22,toy-0003999,,,False,30.015189400863104,0.0,27.782302496388247,2.3,5.142956348249516,0
51,trip,1900,1935.0864327061513,z31,z11,toy-0003997,,,False,17.090454533452178,0.0,13.932675589898562,7.273238618387272,3.2526911934581184,0
49,trip,1900,1947.2441287279576,z32,z31,toy-0004011,,,False,16.1420443026171,0.0,11.89007271710092,6.8999999999999995,7.273238618387272,0
67,trip,1900,1926.175637311527,z31,z22,toy-0004027,,,False,32.237302496388196,0.0,29.88149513835076,4.6,3.2526911934581184,0
62,trip,1900,1918.5089706448605,z32,z31,toy-0004035,,,False,30.392053587868098,0.0,28.72624622983066,2.3,3.2526911934581184,0
71,trip,1900,1912.0089706448605,z31,z22,toy-0004030,,,False,31.8022117711954,0.0,30.721404413157963,0.35,3.2526911934581184,0
72,trip,1900,1941.387316555456,z31,z21,toy-0004020,,,False,40.916770567850094,0.0,37.19191207785906,7.273238618387272,5.142956348249516,0
75,trip,1900,1915.3333333333333,z31,z31,toy-0004029,,,False,47.30999999999983,0.0,45.92999999999983,2.3,2.3,0
80,trip,1900,1923.0,z32,z22,toy-0004034,,,False,42.22549837945011,0.0,40.15549837945011,4.6,2.3,0
76,trip,1900,1947.2441287279576,z31,z32,toy-0004026,,,False,44.653670635494656,0.0,40.401699049978475,6.8999999999999995,7.273238618387272,0
78,trip,1900,1941.387316555456,z31,z21,toy-0004031,,,False,35.91049837945033,0.0,32.185639889459296,7.273238618387272,5.142956348249516,0
81,trip,1900,1948.4882574559151,z31,z31,toy-0004021,,,False,34.15307630533791,0.0,29.789133134305548,7.273238618387272,7.273238618387272,0
82,trip,1900,1918.5089706448605,z31,z21,toy-0004036,,,False,32.910508301520316,0.0,31.24470094348288,2.3,3.2526911934581184,0
86,trip,1900,1915.3333333333333,z31,z20,toy-0004023,,,False,21.11041235081389,0.0,19.73041235081389,2.3,2.3,0
88,trip,1900,1921.6846079563875,z31,z11,toy-0004022,,,False,31.703217815346893,0.0,29.75160309927202,3.2526911934581184,3.2526911934581184,0
0,visit,1900,1910.0,z30,z30,,depot_south,local,True,29.25149513835087,4.444444444444445,33.48593958279531,0.7,0,2.666666666666667
25,trip,1910,1932.8512746230542,z02,z20,toy-0004049,,,False,34.15984976715015,0.0,32.10323505107528,0.35,6.505382386916237,0
79,trip,1910,1934.1666666666667,z01,z31,toy-0004043,,,False,35.59947566198043,0.0,33.42447566198043,0.35,6.8999999999999995,0
8,trip,1910,1922.0089706448605,z20,z31,toy-0004040,,,False,34.00579508953417,0.0,32.924987731496735,0.35,3.2526911934581184,0
2,trip,1910,1928.5089706448605,z12,z11,toy-0004050,,,False,31.828611127837792,0.0,30.162803769800355,2.3,3.2526911934581184,0
24,trip,1910,1933.0,z12,z22,toy-0004051,,,False,40.75388366337538,0.0,38.68388366337538,2.3,4.6,0
6,trip,1910,1918.8333333333333,z31,z32,toy-0004048,,,False,22.7578008758384,0.0,21.962800875838397,0.35,2.3,0
17,trip,1910,1918.8333333333333,z22,z32,toy-0004054,,,False,32.71033091087186,0.0,31.91533091087186,0.35,2.3,0
13,trip,1910,1918.8333333333333,z31,z21,toy-0004047,,,False,39.71812709015388,0.0,38.923127090153876,0.35,2.3,0
48,trip,1910,1933.0,z10,z20,toy-0004037,,,False,40.611788471770645,0.0,38.541788471770644,2.3,4.6,0
14,trip,1910,1939.3512746230542,z20,z32,toy-0004039,,,False,46.229192641962555,0.0,43.587577925887686,2.3,6.505382386916237,0
11,trip,1910,1932.8512746230542,z32,z10,toy-0004055,,,False,14.79940397511044,0.0,12.74278925903557,0.35,6.505382386916237,0
36,trip,1910,1928.3098544941652,z22,z10,toy-0004053,,,False,9.326004349418787,0.0,7.678117444943932,0.35,5.142956348249516,0
89,trip,1910,1945.3092264452239,z01,z32,toy-0004038,,,False,37.19264502406306,0.0,34.014814643992906,2.3,8.292767933567175,0
46,trip,1910,1918.8333333333333,z11,z21,toy-0004044,,,False,36.86352679393387,0.0,36.06852679393387,0.35,2.3,0
0,trip,1910,1918.8333333333333,z30,z31,toy-0004042,,,False,33.48593958279544,0.0,32.69093958279544,0.35,2.3,0
32,trip,1910,1918.8333333333333,z32,z31,toy-0004056,,,False,35.2671130955251,0.0,34.472113095525096,0.35,2.3,0
44,trip,1910,1922.0089706448605,z12,z21,toy-0004052,,,False,19.59168453921371,0.0,18.510877181176273,0.35,3.2526911934581184,0
57,trip,1910,1926.5,z11,z31,toy-0004045,,,False,20.6859701486308,0.0,19.2009701486308,0.35,4.6,0
20,trip,1910,1918.8333333333333,z31,z30,toy-0004046,,,False,37.83099675890046,0.0,37.03599675890046,0.35,2.3,0
53,trip,1910,1926.5,z20,z22,toy-0004041,,,False,23.612551967318232,0.0,22.127551967318233,0.35,4.6,0
60,trip,1910,1934.8098544941652,z11,z31,toy-0004067,,,False,37.341689764727526,0.0,35.10880286025267,2.3,5.142956348249516,0
65,trip,1910,1918.8333333333333,z11,z01,toy-0004061,,,False,32.462413351271515,0.0,31.667413351271513,0.35,2.3,0
74,trip,1910,1918.8333333333333,z20,z21,toy-0004059,,,False,43.482577925887604,0.0,42.6875779258876,0.35,2.3,0
28,trip,1910,1934.8098544941652,z30,z32,toy-0004060,,,False,44.95794761136128,0.0,42.725060706886424,2.3,5.142956348249516,0
66,trip,1910,1934.8098544941652,z11,z00,toy-0004066,,,False,46.24711309552527,0.0,44.01422619105042,2.3,5.142956348249516,0
31,trip,1910,1918.8333333333333,z21,z22,toy-0004063,,,False,38.21593958279529,0.0,37.42093958279529,0.35,2.3,0
61,trip,1910,1928.5089706448605,z21,z11,toy-0004057,,,False,16.947444006397184,0.0,15.281636648359749,3.2526911934581184,2.3,0
55,trip,1910,1928.5089706448605,z31,z32,toy-0004064,,,False,30.976315659557805,0.0,29.31050830152037,2.3,3.2526911934581184,0
68,trip,1910,1922.0089706448605,z22,z31,toy-0004068,,,False,33.668950761550825,0.0,32.58814340351339,0.35,3.2526911934581184,0
64,trip,1910,1925.3333333333333,z31,z31,toy-0004062,,,False,44.228028414483816,0.0,42.848028414483814,2.3,2.3,0
70,trip,1910,1944.2863756549968,z31,z31,toy-0004058,,,False,43.48711309552515,0.0,40.40133928657544,5.142956348249516,5.142956348249516,0
85,trip,1910,1922.0089706448605,z31,z20,toy-0004065,,,False,42.85761147497545,0.0,41.77680411693802,0.35,3.2526911934581184,0
5,visit,1910,1949.2863756549968,z22,z22,,depot_south,local,False,19.017528340300828,0.0,15.931754531351118,10.285912696499032,0,0
47,visit,1910,1945.6666666666667,z32,z32,,depot_south,local,False,20.03622260281327,0.0,17.27622260281327,9.2,0,0
29,visit,1910,1945.6666666666667,z32,z32,,depot_south,local,False,37.520531928537785,0.0,34.76053192853779,9.2,0,0
26,visit,1910,1949.2863756549968,z22,z22,,depot_south,local,False,37.79726894730046,0.0,34.71149513835075,10.285912696499032,0,0
38,visit,1910,1936.6846079563875,z21,z21,,depot_south,local,False,38.478418833012725,0.0,36.52680411693785,6.505382386916237,0,0
4,trip,1920,1928.8333333333333,z22,z21,toy-0004084,,,False,22.432386830291712,0.0,21.63738683029171,0.35,2.3,0
18,trip,1920,1943.0,z11,z32,toy-0004083,,,False,29.186461589262827,0.0,27.116461589262826,2.3,4.6,0
22,trip,1920,1943.0,z21,z31,toy-0004076,,,False,24.041636648359756,0.0,21.971636648359755,2.3,4.6,0
45,trip,1920,1932.0089706448605,z10,z21,toy-0004071,,,False,22.671030307987998,0.0,21.59022294995056,0.35,3.2526911934581184,0
34,trip,1920,1928.8333333333333,z21,z31,toy-0004078,,,False,35.89015585177538,0.0,35.09515585177538,0.35,2.3,0
39,trip,1920,1951.9107953946243,z01,z31,toy-0004069,,,False,40.196257831752256,0.0,37.32428624623607,2.3,7.273238618387272,0
6,trip,1920,1928.8333333333333,z32,z22,toy-0004088,,,False,21.962800875838383,0.0,21.16780087583838,0.35,2.3,0
23,trip,1920,1932.0089706448605,z20,z31,toy-0004072,,,False,38.247463573677365,0.0,37.16665621563993,0.35,3.2526911934581184,0
17,trip,1920,1938.3098544941652,z32,z20,toy-0004086,,,False,31.915330910871848,0.0,30.267444006396993,0.35,5.142956348249516,0
20,trip,1920,1938.3098544941652,z30,z22,toy-0004073,,,False,37.03599675890045,0.0,35.3881098544256,0.35,5.142956348249516,0
19,trip,1920,1928.8333333333333,z32,z31,toy-0004087,,,False,30.749691021412755,0.0,29.954691021412756,0.35,2.3,0
0,trip,1920,1936.5,z31,z11,toy-0004080,,,False,32.69093958279543,0.0,31.20593958279543,0.35,4.6,0
1,trip,1920,1944.1666666666667,z31,z01,toy-0004079,,,False,40.7983852839252,0.0,38.6233852839252,0.35,6.8999999999999995,0
65,trip,1920,1951.9107953946243,z01,z31,toy-0004082,,,False,31.667413351271502,0.0,28.79544176575532,2.3,7.273238618387272,0
31,trip,1920,1928.8333333333333,z22,z12,toy-0004085,,,False,37.420939582795285,0.0,36.62593958279528,0.35,2.3,0
37,trip,1920,1944.8098544941652,z21,z32,toy-0004077,,,False,41.397305390350176,0.0,39.16441848587532,2.3,5.142956348249516,0
41,trip,1920,1943.0,z31,z32,toy-0004074,,,False,37.62553192853814,0.0,35.55553192853814,2.3,4.6,0
52,trip,1920,1928.8333333333333,z31,z32,toy-0004081,,,False,21.75896566572723,0.0,20.96396566572723,0.35,2.3,0
74,trip,1920,1950.6666666666667,z21,z21,toy-0004075,,,False,42.687577925887595,0.0,39.9275779258876,4.6,4.6,0
77,trip,1920,1957.0179412897207,z20,z22,toy-0004070,,,False,14.832428424205636,0.0,11.500813708130766,4.6,6.505382386916237,0
21,trip,1920,1936.5,z32,z12,toy-0004111,,,False,36.49978109490513,0.0,35.01478109490513,0.35,4.6,0
50,trip,1920,1958.3333333333333,z22,z32,toy-0004103,,,False,32.949758119588154,0.0,29.499758119588154,4.6,6.8999999999999995,0
71,trip,1920,1936.5,z22,z20,toy-0004104,,,False,30.721404413157952,0.0,29.236404413157953,0.35,4.6,0
82,trip,1920,1947.9854918056922,z21,z31,toy-0004090,,,False,31.244700943482876,0.0,28.726006680970585,3.2526911934581184,5.142956348249516,0
43,trip,1920,1928.8333333333333,z32,z31,toy-0004110,,,False,33.03559698232178,0.0,32.240596982321776,0.35,2.3,0
62,trip,1920,1932.0089706448605,z31,z22,toy-0004102,,,False,28.726246229830654,0.0,27.645438871793218,0.35,3.2526911934581184,0
75,trip,1920,1938.5089706448605,z31,z21,toy-0004091,,,False,45.92999999999982,0.0,44.26419264196239,2.3,3.2526911934581184,0
59,trip,1920,1943.0,z32,z31,toy-0004092,,,False,39.302611474975556,0.0,37.232611474975556,4.6,2.3,0
83,trip,1920,1932.0089706448605,z32,z21,toy-0004109,,,False,41.142254605534184,0.0,40.06144724749675,0.35,3.2526911934581184,0
87,trip,1920,1944.8098544941652,z22,z02,toy-0004097,,,False,38.67049837945023,0.0,36.43761147497538,2.3,5.142956348249516,0
86,visit,1920,1940.3333333333333,z20,z20,,depot_south,local,False,19.73041235081387,0.0,18.350412350813873,4.6,0,0
16,visit,1920,1940.3333333333333,z31,z31,,depot_south,local,False,25.40392769694333,0.0,24.023927696943332,4.6,0,0
40,visit,1920,1940.3333333333333,z31,z31,,depot_south,local,False,33.92988042227588,0.0,32.549880422275876,4.6,0,0
32,visit,1920,1940.3333333333333,z31,z31,,depot_south,local,False,34.47211309552509,0.0,33.092113095525086,4.6,0,0
46,visit,1920,1959.2863756549968,z21,z21,,depot_west,local,False,36.06852679393386,0.0,32.98275298498415,10.285912696499032,0,0
30,visit,1920,1980.2851195571145,z32,z32,,depot_west,local,False,38.01180411693776,0.0,33.03614335679745,16.58553586713435,0,0
13,visit,1920,1959.2863756549968,z21,z21,,depot_west,local,False,38.92312709015387,0.0,35.83735328120416,10.285912696499032,0,0
4,trip,1930,1938.8333333333333,z21,z22,toy-0004128,,,False,21.637386830291696,0.0,20.842386830291694,0.35,2.3,0
27,trip,1930,1946.5,z12,z10,toy-0004131,,,False,35.67799550221524,0.0,34.19299550221524,0.35,4.6,0
2,trip,1930,1938.8333333333333,z11,z21,toy-0004122,,,False,30.162803769800348,0.0,29.367803769800346,0.35,2.3,0
9,trip,1930,1948.3098544941652,z31,z12,toy-0004129,,,False,32.25687215397393,0.0,30.608985249499074,0.35,5.142956348249516,0
85,trip,1930,1948.3098544941652,z20,z32,toy-0004120,,,False,41.77680411693801,0.0,40.12891721246316,0.35,5.142956348249516,0
44,trip,1930,1948.5089706448605,z21,z31,toy-0004118,,,False,18.510877181176262,0.0,16.845069823138825,2.3,3.2526911934581184,0
7,trip,1930,1942.0089706448605,z11,z22,toy-0004124,,,False,26.457767326750492,0.0,25.376959968713056,0.35,3.2526911934581184,0
12,trip,1930,1954.8098544941652,z00,z22,toy-0004116,,,False,34.15275298498418,0.0,31.91986608050933,2.3,5.142956348249516,0
61,trip,1930,1946.5,z11,z31,toy-0004123,,,False,15.281636648359742,0.0,13.796636648359742,0.35,4.6,0
3,trip,1930,1946.5,z32,z30,toy-0004135,,,False,34.563475357417545,0.0,33.078475357417545,0.35,4.6,0
15,trip,1930,1959.3512746230542,z00,z32,toy-0004117,,,False,42.43716961993,0.0,39.795554903855134,2.3,6.505382386916237,0
88,trip,1930,1953.0,z11,z12,toy-0004115,,,False,29.751603099272018,0.0,27.681603099272017,2.3,4.6,0
31,trip,1930,1954.8098544941652,z12,z32,toy-0004125,,,False,36.625939582795276,0.0,34.39305267832042,2.3,5.142956348249516,0
33,trip,1930,1954.8098544941652,z01,z21,toy-0004112,,,False,32.69694562694675,0.0,30.464058722471897,2.3,5.142956348249516,0
6,trip,1930,1954.8098544941652,z22,z31,toy-0004132,,,False,21.167800875838367,0.0,18.934913971363514,2.3,5.142956348249516,0
36,trip,1930,1938.8333333333333,z10,z00,toy-0004114,,,False,7.678117444943921,0.0,6.883117444943921,0.35,2.3,0
19,trip,1930,1945.3333333333333,z31,z31,toy-0004127,,,False,29.95469102141274,0.0,28.57469102141274,2.3,2.3,0
53,trip,1930,1945.3333333333333,z22,z22,toy-0004133,,,False,22.12755196731823,0.0,20.74755196731823,2.3,2.3,0
63,trip,1930,1979.3271677349446,z22,z32,toy-0004113,,,False,27.782302496388237,0.0,23.34285740024321,6.505382386916237,8.292767933567175,0
34,trip,1930,1956.175637311527,z31,z22,toy-0004119,,,False,35.095155851775374,0.0,32.739348493737936,3.2526911934581184,4.6,0
57,trip,1930,1945.3333333333333,z31,z20,toy-0004126,,,False,19.200970148630798,0.0,17.8209701486308,2.3,2.3,0
67,trip,1930,1954.8098544941652,z22,z11,toy-0004121,,,False,29.88149513835077,0.0,27.648608233875912,5.142956348249516,2.3,0
64,trip,1930,1938.8333333333333,z31,z32,toy-0004130,,,False,42.84802841448381,0.0,42.053028414483805,0.35,2.3,0
80,trip,1930,1942.0089706448605,z22,z31,toy-0004134,,,False,40.15549837945011,0.0,39.074691021412676,0.35,3.2526911934581184,0
10,trip,1930,1938.8333333333333,z32,z31,toy-0004160,,,False,31.378940187780056,0.0,30.58394018778006,0.35,2.3,0
68,trip,1930,1963.8423039781937,z31,z10,toy-0004143,,,False,32.588143403513385,0.0,29.54233604547595,6.8999999999999995,3.2526911934581184,0
73,trip,1930,1945.3333333333333,z31,z31,toy-0004148,,,False,11.349505665405882,0.0,9.969505665405883,2.3,2.3,0
84,trip,1930,1957.9854918056922,z31,z01,toy-0004138,,,False,38.987611474975466,0.0,36.468917212463175,5.142956348249516,3.2526911934581184,0
52,trip,1930,1951.6846079563875,z32,z10,toy-0004147,,,False,20.963965665727216,0.0,19.012350949652344,3.2526911934581184,3.2526911934581184,0
55,trip,1930,1962.4765211608317,z32,z20,toy-0004154,,,False,29.31050830152036,0.0,26.387621397045507,4.6,5.142956348249516,0
58,visit,1930,1956.6846079563875,z21,z21,,depot_south,local,False,17.187134678105153,0.0,15.235519962030281,6.505382386916237,0,0
43,visit,1930,1983.4882574559151,z31,z31,,depot_west,local,False,32.24059698232177,0.0,27.876653811289405,14.546477236774544,0,0
8,visit,1930,1983.4882574559151,z31,z31,,depot_west,local,False,32.92498773149673,0.0,28.561044560464364,14.546477236774544,0,0
42,visit,1930,1990.2851195571145,z32,z32,,depot_west,local,False,34.586138268909465,0.0,29.61047750876916,16.58553586713435,0,0
17,trip,1940,1952.0089706448605,z20,z31,toy-0004166,,,False,30.267444006396982,0.0,29.186636648359546,0.35,3.2526911934581184,0
10,trip,1940,1948.8333333333333,z31,z32,toy-0004173,,,False,30.58394018778004,0.0,29.788940187780042,0.35,2.3,0
21,trip,1940,1958.3098544941652,z12,z31,toy-0004175,,,False,35.01478109490513,0.0,33.36689419043028,0.35,5.142956348249516,0
25,trip,1940,1952.0089706448605,z20,z11,toy-0004165,,,False,32.10323505107527,0.0,31.022427693037837,0.35,3.2526911934581184,0
69,trip,1940,1958.3098544941652,z30,z11,toy-0004167,,,False,37.61327788541384,0.0,35.965390980938984,0.35,5.142956348249516,0
66,trip,1940,1948.8333333333333,z00,z01,toy-0004162,,,False,44.01422619105041,0.0,43.21922619105041,0.35,2.3,0
0,trip,1940,1955.3333333333333,z11,z11,toy-0004174,,,False,31.20593958279543,0.0,29.82593958279543,2.3,2.3,0
51,trip,1940,1955.3333333333333,z11,z00,toy-0004169,,,False,13.932675589898563,0.0,12.552675589898563,2.3,2.3,0
20,trip,1940,1952.0089706448605,z22,z31,toy-0004176,,,False,35.388109854425586,0.0,34.307302496388154,0.35,3.2526911934581184,0
23,trip,1940,1963.0,z31,z32,toy-0004168,,,False,37.166656215639925,0.0,35.096656215639925,2.3,4.6,0
60,trip,1940,1956.5,z31,z11,toy-0004172,,,False,35.108802860252666,0.0,33.62380286025267,0.35,4.6,0
11,trip,1940,1948.8333333333333,z10,z20,toy-0004163,,,False,12.74278925903556,0.0,11.94778925903556,0.35,2.3,0
48,trip,1940,1958.5089706448605,z20,z21,toy-0004164,,,False,38.541788471770644,0.0,36.87598111373321,2.3,3.2526911934581184,0
14,trip,1940,1948.8333333333333,z32,z31,toy-0004177,,,False,43.58757792588768,0.0,42.79257792588768,0.35,2.3,0
2,trip,1940,1963.0,z21,z31,toy-0004170,,,False,29.367803769800332,0.0,27.297803769800332,2.3,4.6,0
79,trip,1940,1952.0089706448605,z31,z20,toy-0004171,,,False,33.42447566198042,0.0,32.34366830394299,0.35,3.2526911934581184,0
28,trip,1940,1958.3098544941652,z32,z20,toy-0004191,,,False,42.72506070688642,0.0,41.077173802411565,0.35,5.142956348249516,0
38,trip,1940,1979.5774620612908,z21,z32,toy-0004183,,,False,36.52680411693785,0.0,32.96483253142167,4.6,7.273238618387272,0
75,trip,1940,1955.3333333333333,z21,z21,toy-0004184,,,False,44.26419264196238,0.0,42.88419264196238,2.3,2.3,0
24,trip,1940,1952.0089706448605,z22,z31,toy-0004190,,,False,38.68388366337538,0.0,37.60307630533795,0.35,3.2526911934581184,0
56,trip,1940,1955.3333333333333,z32,z21,toy-0004188,,,False,29.291723313815353,0.0,27.911723313815354,2.3,2.3,0
71,trip,1940,1948.8333333333333,z20,z10,toy-0004180,,,False,29.23640441315795,0.0,28.441404413157947,0.35,2.3,0
83,trip,1940,1970.6666666666667,z21,z21,toy-0004182,,,False,40.061447247496744,0.0,37.301447247496746,4.6,4.6,0
54,trip,1940,1972.4765211608317,z22,z32,toy-0004181,,,False,46.45711309552532,0.0,43.534226191050465,4.6,5.142956348249516,0
64,trip,1940,1974.2863756549968,z32,z32,toy-0004186,,,False,42.0530284144838,0.0,38.96725460553409,5.142956348249516,5.142956348249516,0
36,visit,1940,1994.066462866367,z00,z00,,depot_west,central,False,6.883117444943908,41.22188255505609,47.894999999999996,0.7,0,24.73312953303365
4,visit,1940,1979.2863756549968,z22,z22,,depot_south,local,False,20.84238683029168,0.0,17.75661302134197,10.285912696499032,0,0
45,visit,1940,1966.6846079563875,z21,z21,,depot_south,local,False,21.59022294995055,0.0,19.63860823387568,6.505382386916237,0,0
62,visit,1940,2010.369215912775,z22,z22,,depot_west,central,False,27.645438871793207,0.0,23.742209439643464,13.010764773832474,0,0
9,trip,1950,1966.5,z12,z32,toy-0004219,,,False,30.608985249499067,0.0,29.123985249499068,0.35,4.6,0
66,trip,1950,1974.1666666666667,z01,z31,toy-0004205,,,False,43.2192261910504,0.0,41.044226191050406,0.35,6.8999999999999995,0
14,trip,1950,1958.8333333333333,z31,z32,toy-0004215,,,False,42.79257792588767,0.0,41.99757792588767,0.35,2.3,0
10,trip,1950,1968.3098544941652,z32,z11,toy-0004223,,,False,29.788940187780025,0.0,28.14105328330517,0.35,5.142956348249516,0
27,trip,1950,1968.3098544941652,z10,z31,toy-0004196,,,False,34.19299550221524,0.0,32.54510859774039,0.35,5.142956348249516,0
3,trip,1950,1974.1666666666667,z30,z00,toy-0004200,,,False,33.078475357417545,0.0,30.903475357417545,0.35,6.8999999999999995,0
71,trip,1950,1968.5089706448605,z10,z11,toy-0004193,,,False,28.441404413157933,0.0,26.775597055120496,2.3,3.2526911934581184,0
72,trip,1950,1962.0089706448605,z21,z32,toy-0004213,,,False,37.19191207785905,0.0,36.11110471982162,0.35,3.2526911934581184,0
29,trip,1950,1962.0089706448605,z32,z21,toy-0004224,,,False,34.76053192853781,0.0,33.679724570500376,0.35,3.2526911934581184,0
11,trip,1950,1968.5089706448605,z20,z21,toy-0004201,,,False,11.947789259035545,0.0,10.28198190099811,2.3,3.2526911934581184,0
57,trip,1950,1989.5774620612908,z20,z31,toy-0004194,,,False,17.82097014863078,0.0,14.2589985631146,4.6,7.273238618387272,0
86,trip,1950,1958.8333333333333,z20,z21,toy-0004197,,,False,18.350412350813855,0.0,17.555412350813853,0.35,2.3,0
37,trip,1950,1958.8333333333333,z32,z22,toy-0004225,,,False,39.164418485875316,0.0,38.369418485875315,0.35,2.3,0
78,trip,1950,1958.8333333333333,z21,z22,toy-0004212,,,False,32.18563988945929,0.0,31.390639889459287,0.35,2.3,0
16,trip,1950,1971.6846079563875,z31,z31,toy-0004198,,,False,24.023927696943314,0.0,22.072312980868443,3.2526911934581184,3.2526911934581184,0
41,trip,1950,1975.4107953946243,z32,z01,toy-0004222,,,False,35.55553192853814,0.0,33.26856034302195,0.35,7.273238618387272,0
5,trip,1950,1976.175637311527,z22,z31,toy-0004207,,,False,15.931754531351116,0.0,13.575947173313681,3.2526911934581184,4.6,0
7,trip,1950,1958.8333333333333,z22,z32,toy-0004221,,,False,25.376959968713045,0.0,24.581959968713043,0.35,2.3,0
19,trip,1950,1965.3333333333333,z31,z11,toy-0004210,,,False,28.574691021412722,0.0,27.194691021412723,2.3,2.3,0
87,trip,1950,1974.8098544941652,z02,z20,toy-0004204,,,False,36.43761147497537,0.0,34.20472457050052,2.3,5.142956348249516,0
22,trip,1950,1965.3333333333333,z31,z31,toy-0004211,,,False,21.971636648359755,0.0,20.591636648359756,2.3,2.3,0
32,trip,1950,1965.3333333333333,z31,z31,toy-0004202,,,False,33.09211309552507,0.0,31.712113095525073,2.3,2.3,0
26,trip,1950,1988.3333333333333,z22,z32,toy-0004217,,,False,34.71149513835074,0.0,31.261495138350742,4.6,6.8999999999999995,0
47,trip,1950,1982.4765211608317,z32,z31,toy-0004218,,,False,17.276222602813284,0.0,14.35333569833843,4.6,5.142956348249516,0
40,trip,1950,1976.175637311527,z31,z22,toy-0004208,,,False,32.54988042227586,0.0,30.194073064238427,4.6,3.2526911934581184,0
44,trip,1950,1995.928736684345,z31,z22,toy-0004195,,,False,16.845069823138818,0.0,12.711483521547766,7.273238618387272,6.505382386916237,0
49,trip,1950,1990.1431878274984,z31,z22,toy-0004206,,,False,11.890072717100919,0.0,8.277185812626065,6.8999999999999995,5.142956348249516,0
59,trip,1950,1973.0,z31,z01,toy-0004209,,,False,37.232611474975556,0.0,35.162611474975556,2.3,4.6,0
61,trip,1950,1976.175637311527,z31,z22,toy-0004199,,,False,13.796636648359742,0.0,11.440829290322307,3.2526911934581184,4.6,0
70,trip,1950,1962.0089706448605,z31,z22,toy-0004214,,,False,40.40133928657544,0.0,39.32053192853801,0.35,3.2526911934581184,0
76,trip,1950,1997.2441287279576,z32,z31,toy-0004216,,,False,40.401699049978475,0.0,36.149727464462295,6.8999999999999995,7.273238618387272,0
85,trip,1950,1965.3333333333333,z32,z21,toy-0004220,,,False,40.12891721246314,0.0,38.74891721246314,2.3,2.3,0
73,trip,1950,1974.8098544941652,z31,z22,toy-0004203,,,False,9.969505665405869,0.0,7.736618760931014,2.3,5.142956348249516,0
80,trip,1950,1984.2863756549968,z31,z22,toy-0004229,,,False,39.07469102141267,0.0,35.98891721246296,5.142956348249516,5.142956348249516,0
89,trip,1950,1988.3333333333333,z32,z00,toy-0004235,,,False,34.01481464399291,0.0,30.564814643992914,6.8999999999999995,4.6,0
81,trip,1950,1977.9854918056922,z31,z21,toy-0004236,,,False,29.78913313430556,0.0,27.270438871793267,5.142956348249516,3.2526911934581184,0
82,trip,1950,1976.175637311527,z31,z20,toy-0004238,,,False,28.72600668097058,0.0,26.370199322933146,3.2526911934581184,4.6,0
53,visit,1950,1989.2863756549968,z22,z22,,depot_south,local,False,20.747551967318213,0.0,17.661778158368502,10.285912696499032,0,0
18,visit,1950,1985.6666666666667,z32,z32,,depot_south,local,False,27.116461589262826,0.0,24.35646158926283,9.2,0,0
1,visit,1950,1970.3333333333333,z01,z01,,depot_west,local,False,38.623385283925195,0.0,37.24338528392519,4.6,0,0
12,trip,1960,1968.8333333333333,z22,z32,toy-0004264,,,False,31.91986608050932,0.0,31.12486608050932,0.35,2.3,0
0,trip,1960,1976.5,z11,z31,toy-0004251,,,False,29.825939582795414,0.0,28.340939582795414,0.35,4.6,0
13,trip,1960,1968.8333333333333,z21,z20,toy-0004253,,,False,35.83735328120415,0.0,35.04235328120415,0.35,2.3,0
88,trip,1960,1982.8512746230542,z12,z30,toy-0004260,,,False,27.681603099272017,0.0,25.624988383197145,0.35,6.505382386916237,0
52,trip,1960,1972.0089706448605,z10,z21,toy-0004245,,,False,19.01235094965234,0.0,17.931543591614904,0.35,3.2526911934581184,0
84,trip,1960,1983.0,z01,z20,toy-0004242,,,False,36.468917212463175,0.0,34.398917212463175,2.3,4.6,0
25,trip,1960,1984.8098544941652,z11,z31,toy-0004246,,,False,31.022427693037827,0.0,28.789540788562974,2.3,5.142956348249516,0
6,trip,1960,1968.8333333333333,z31,z32,toy-0004259,,,False,18.9349139713635,0.0,18.139913971363498,0.35,2.3,0
7,trip,1960,1968.8333333333333,z32,z31,toy-0004266,,,False,24.58195996871303,0.0,23.786959968713028,0.35,2.3,0
14,trip,1960,1982.8512746230542,z32,z10,toy-0004265,,,False,41.99757792588766,0.0,39.94096320981279,0.35,6.505382386916237,0
33,trip,1960,1972.0089706448605,z21,z32,toy-0004255,,,False,30.464058722471886,0.0,29.38325136443445,0.35,3.2526911934581184,0
34,trip,1960,1976.5,z22,z02,toy-0004263,,,False,32.73934849373795,0.0,31.25434849373795,0.35,4.6,0
60,trip,1960,1991.9107953946243,z11,z32,toy-0004250,,,False,33.62380286025267,0.0,30.751831274736485,2.3,7.273238618387272,0
46,trip,1960,1968.8333333333333,z21,z31,toy-0004254,,,False,32.982752984984145,0.0,32.187752984984144,0.35,2.3,0
67,trip,1960,1987.9854918056922,z11,z21,toy-0004243,,,False,27.648608233875905,0.0,25.129913971363614,3.2526911934581184,5.142956348249516,0
20,trip,1960,1972.0089706448605,z31,z20,toy-0004256,,,False,34.30730249638815,0.0,33.226495138350714,0.35,3.2526911934581184,0
69,trip,1960,1995.0864327061513,z11,z31,toy-0004244,,,False,35.96539098093897,0.0,32.807612037385354,3.2526911934581184,7.273238618387272,0
28,trip,1960,1972.0089706448605,z20,z31,toy-0004247,,,False,41.07717380241155,0.0,39.99636644437412,0.35,3.2526911934581184,0
21,trip,1960,1968.8333333333333,z31,z21,toy-0004258,,,False,33.366894190430266,0.0,32.571894190430264,0.35,2.3,0
24,trip,1960,1975.3333333333333,z31,z31,toy-0004248,,,False,37.60307630533794,0.0,36.22307630533794,2.3,2.3,0
35,trip,1960,1972.0089706448605,z22,z31,toy-0004262,,,False,42.57633928657556,0.0,41.49553192853813,0.35,3.2526911934581184,0
39,trip,1960,1976.5,z31,z11,toy-0004257,,,False,37.32428624623607,0.0,35.83928624623607,0.35,4.6,0
37,trip,1960,1984.8098544941652,z22,z31,toy-0004261,,,False,38.36941848587531,0.0,36.136531581400455,2.3,5.142956348249516,0
56,trip,1960,1984.8098544941652,z21,z32,toy-0004252,,,False,27.911723313815337,0.0,25.678836409340484,2.3,5.142956348249516,0
58,trip,1960,1998.3333333333333,z21,z31,toy-0004249,,,False,15.23551996203028,0.0,11.78551996203028,4.6,6.8999999999999995,0
65,trip,1960,1972.0089706448605,z31,z22,toy-0004277,,,False,28.795441765755317,0.0,27.71463440771788,0.35,3.2526911934581184,0
79,trip,1960,1972.0089706448605,z20,z31,toy-0004268,,,False,32.343668303942984,0.0,31.262860945905548,0.35,3.2526911934581184,0
15,trip,1960,1984.8098544941652,z32,z12,toy-0004276,,,False,39.79555490385513,0.0,37.562667999380274,2.3,5.142956348249516,0
77,trip,1960,1978.3098544941652,z22,z10,toy-0004283,,,False,11.500813708130769,0.0,9.852926803655915,0.35,5.142956348249516,0
78,trip,1960,1983.0,z22,z32,toy-0004281,,,False,31.390639889459276,0.0,29.320639889459276,2.3,4.6,0
31,trip,1960,1975.3333333333333,z32,z12,toy-0004285,,,False,34.393052678320416,0.0,33.01305267832041,2.3,2.3,0
50,trip,1960,1968.8333333333333,z32,z22,toy-0004288,,,False,29.499758119588165,0.0,28.704758119588163,0.35,2.3,0
74,trip,1960,1981.6846079563875,z21,z21,toy-0004286,,,False,39.92757792588761,0.0,37.97596320981274,3.2526911934581184,3.2526911934581184,0
75,trip,1960,1968.8333333333333,z21,z31,toy-0004274,,,False,42.88419264196237,0.0,42.08919264196237,0.35,2.3,0
86,trip,1960,1975.3333333333333,z21,z10,toy-0004271,,,False,17.55541235081384,0.0,16.17541235081384,2.3,2.3,0
51,visit,1960,1988.6647279793942,z00,z00,,depot_west,local,False,12.55267558989855,35.552324410101455,47.895,0.7,0,21.331394646060872
17,visit,1960,2002.3333333333333,z31,z31,,depot_south,central,False,29.186636648359535,0.0,27.806636648359536,4.6,0,0
48,visit,1960,1986.6846079563875,z21,z21,,depot_south,local,False,36.875981113733204,0.0,34.92436639765833,6.505382386916237,0,0
2,trip,1970,1978.8333333333333,z31,z21,toy-0004305,,,False,27.297803769800332,0.0,26.50280376980033,0.35,2.3,0
6,trip,1970,1978.8333333333333,z32,z31,toy-0004316,,,False,18.139913971363484,0.0,17.344913971363482,0.35,2.3,0
13,trip,1970,1988.3098544941652,z20,z32,toy-0004294,,,False,35.04235328120414,0.0,33.39446637672929,0.35,5.142956348249516,0
11,trip,1970,1982.0089706448605,z21,z12,toy-0004301,,,False,10.281981900998101,0.0,9.201174542960665,0.35,3.2526911934581184,0
10,trip,1970,2003.8423039781937,z11,z32,toy-0004309,,,False,28.14105328330516,0.0,25.095245925267722,3.2526911934581184,6.8999999999999995,0
19,trip,1970,1982.0089706448605,z11,z22,toy-0004298,,,False,27.194691021412705,0.0,26.11388366337527,0.35,3.2526911934581184,0
71,trip,1970,2008.4848637567509,z11,z30,toy-0004308,,,False,26.77559705512049,0.0,23.3119593170129,3.2526911934581184,8.292767933567175,0
55,trip,1970,1982.0089706448605,z20,z11,toy-0004291,,,False,26.387621397045514,0.0,25.306814039008078,0.35,3.2526911934581184,0
68,trip,1970,2003.8423039781937,z10,z31,toy-0004296,,,False,29.542336045475952,0.0,26.496528687438516,3.2526911934581184,6.8999999999999995,0
21,trip,1970,1994.8098544941652,z21,z32,toy-0004299,,,False,32.57189419043026,0.0,30.339007285955404,2.3,5.142956348249516,0
50,trip,1970,1988.3098544941652,z22,z01,toy-0004312,,,False,28.70475811958815,0.0,27.056871215113294,0.35,5.142956348249516,0
12,trip,1970,1988.3098544941652,z32,z11,toy-0004315,,,False,31.124866080509303,0.0,29.476979176034448,0.35,5.142956348249516,0
70,trip,1970,2007.0179412897207,z22,z20,toy-0004307,,,False,39.320531928538,0.0,35.98891721246313,4.6,6.505382386916237,0
29,trip,1970,1985.3333333333333,z21,z21,toy-0004292,,,False,33.67972457050037,0.0,32.299724570500366,2.3,2.3,0
45,trip,1970,1993.0,z21,z22,toy-0004293,,,False,19.63860823387568,0.0,17.56860823387568,2.3,4.6,0
7,trip,1970,1988.3098544941652,z31,z10,toy-0004303,,,False,23.786959968713013,0.0,22.139073064238158,0.35,5.142956348249516,0
85,trip,1970,1997.9854918056922,z21,z31,toy-0004289,,,False,38.748917212463134,0.0,36.23022294995084,3.2526911934581184,5.142956348249516,0
27,trip,1970,1988.5089706448605,z31,z30,toy-0004300,,,False,32.545108597740374,0.0,30.879301239702936,2.3,3.2526911934581184,0
72,trip,1970,1994.8098544941652,z32,z30,toy-0004311,,,False,36.11110471982161,0.0,33.87821781534676,2.3,5.142956348249516,0
32,trip,1970,1994.1666666666667,z31,z01,toy-0004304,,,False,31.71211309552506,0.0,29.537113095525058,0.35,6.8999999999999995,0
46,trip,1970,2000.6666666666667,z31,z11,toy-0004295,,,False,32.18775298498414,0.0,29.42775298498414,6.8999999999999995,2.3,0
75,trip,1970,2004.2863756549968,z31,z31,toy-0004310,,,False,42.08919264196236,0.0,39.00341883301265,5.142956348249516,5.142956348249516,0
22,visit,1970,2012.3333333333333,z31,z31,,depot_south,central,False,20.59163664835974,0.0,19.21163664835974,4.6,0,0
9,visit,1970,2005.6666666666667,z32,z32,,depot_south,local,False,29.123985249499064,0.0,26.363985249499066,9.2,0,0
23,visit,1970,2005.6666666666667,z32,z32,,depot_south,local,False,35.096656215639925,0.0,32.33665621563993,9.2,0,0
0,trip,1980,1996.5,z31,z11,toy-0004346,,,False,28.34093958279541,0.0,26.85593958279541,0.35,4.6,0
1,trip,1980,1998.3098544941652,z01,z22,toy-0004343,,,False,37.24338528392518,0.0,35.595498379450326,0.35,5.142956348249516,0
4,trip,1980,1992.0089706448605,z22,z11,toy-0004355,,,False,17.756613021341966,0.0,16.67580566330453,0.35,3.2526911934581184,0
40,trip,1980,1988.8333333333333,z22,z21,toy-0004356,,,False,30.194073064238435,0.0,29.399073064238436,0.35,2.3,0
39,trip,1980,1988.8333333333333,z11,z21,toy-0004345,,,False,35.83928624623607,0.0,35.04428624623607,0.35,2.3,0
31,trip,1980,1988.8333333333333,z12,z11,toy-0004353,,,False,33.013052678320406,0.0,32.218052678320404,0.35,2.3,0
41,trip,1980,2005.4107953946243,z01,z32,toy-0004344,,,False,33.26856034302195,0.0,30.981588757505772,0.35,7.273238618387272,0
34,trip,1980,2004.8098544941652,z02,z31,toy-0004354,,,False,31.25434849373795,0.0,29.021461589263097,2.3,5.142956348249516,0
86,trip,1980,1998.3098544941652,z10,z22,toy-0004338,,,False,16.175412350813822,0.0,14.527525446338966,0.35,5.142956348249516,0
5,trip,1980,2003.0,z31,z10,toy-0004340,,,False,13.575947173313685,0.0,11.505947173313684,2.3,4.6,0
3,trip,1980,2002.8512746230542,z00,z22,toy-0004336,,,False,30.90347535741754,0.0,28.84686064134267,0.35,6.505382386916237,0
6,trip,1980,1988.8333333333333,z31,z21,toy-0004347,,,False,17.344913971363468,0.0,16.549913971363466,0.35,2.3,0
16,trip,1980,1992.0089706448605,z31,z22,toy-0004348,,,False,22.07231298086844,0.0,20.991505622831003,0.35,3.2526911934581184,0
61,trip,1980,1992.0089706448605,z22,z31,toy-0004357,,,False,11.440829290322311,0.0,10.360021932284875,0.35,3.2526911934581184,0
82,trip,1980,1998.5089706448605,z20,z21,toy-0004337,,,False,26.37019932293315,0.0,24.704391964895713,2.3,3.2526911934581184,0
24,trip,1980,2004.8098544941652,z31,z11,toy-0004341,,,False,36.22307630533793,0.0,33.99018940086308,2.3,5.142956348249516,0
59,trip,1980,2003.0,z01,z22,toy-0004352,,,False,35.162611474975556,0.0,33.092611474975556,2.3,4.6,0
28,trip,1980,2004.8098544941652,z31,z22,toy-0004342,,,False,39.99636644437411,0.0,37.76347953989926,2.3,5.142956348249516,0
65,trip,1980,2019.5774620612908,z22,z31,toy-0004350,,,False,27.71463440771787,0.0,24.152662822201687,4.6,7.273238618387272,0
87,trip,1980,2009.3512746230542,z20,z32,toy-0004339,,,False,34.20472457050051,0.0,31.56310985442564,2.3,6.505382386916237,0
2,trip,1980,2014.2863756549968,z21,z10,toy-0004349,,,False,26.502803769800316,0.0,23.417029960850606,5.142956348249516,5.142956348249516,0
81,trip,1980,2004.8098544941652,z21,z12,toy-0004351,,,False,27.270438871793267,0.0,25.037551967318414,5.142956348249516,2.3,0
83,trip,1980,2014.2863756549968,z21,z21,toy-0004358,,,False,37.30144724749676,0.0,34.21567343854705,5.142956348249516,5.142956348249516,0
35,trip,1980,1995.3333333333333,z31,z22,toy-0004365,,,False,41.49553192853812,0.0,40.11553192853812,2.3,2.3,0
66,trip,1980,2004.8098544941652,z31,z20,toy-0004359,,,False,41.0442261910504,0.0,38.811339286575546,5.142956348249516,2.3,0
33,trip,1980,2001.6846079563875,z32,z32,toy-0004366,,,False,29.38325136443444,0.0,27.431636648359568,3.2526911934581184,3.2526911934581184,0
38,trip,1980,2010.6666666666667,z32,z32,toy-0004369,,,False,32.964832531421685,0.0,30.204832531421687,4.6,4.6,0
54,trip,1980,1988.8333333333333,z32,z22,toy-0004373,,,False,43.53422619105048,0.0,42.73922619105048,0.35,2.3,0
63,trip,1980,1995.3333333333333,z32,z32,toy-0004370,,,False,23.342857400243222,0.0,21.962857400243223,2.3,2.3,0
77,visit,1980,2045.6355772511397,z10,z10,,depot_west,central,False,9.852926803655905,38.83707319634409,47.309999999999995,4.6,0,23.302243917806454
52,visit,1980,2006.6846079563875,z21,z21,,depot_south,local,False,17.931543591614894,0.0,15.979928875540022,6.505382386916237,0,0
79,visit,1980,2000.3333333333333,z31,z31,,depot_south,local,False,31.26286094590554,0.0,29.88286094590554,4.6,0,0
20,visit,1980,2000.3333333333333,z20,z20,,depot_south,local,False,33.22649513835071,0.0,31.846495138350708,4.6,0,0
64,visit,1980,2037.6666666666667,z32,z32,,depot_south,central,False,38.96725460553409,0.0,36.20725460553409,9.2,0,0
73,visit,1980,2041.370136541123,z22,z22,,depot_south,,False,7.7366187609310035,41.80626814354385,46.457113095525145,10.285912696499032,0,25.08376088612631
53,trip,1990,2006.5,z22,z20,toy-0004387,,,False,17.6617781583685,0.0,16.1767781583685,0.35,4.6,0
6,trip,1990,2013.0,z21,z00,toy-0004375,,,False,16.549913971363452,0.0,14.479913971363452,2.3,4.6,0
51,trip,1990,2015.4107953946243,z00,z31,toy-0004374,,,False,47.89500000000016,0.0,45.608028414483975,0.35,7.273238618387272,0
54,trip,1990,2002.0089706448605,z22,z31,toy-0004388,,,False,42.73922619105047,0.0,41.65841883301304,0.35,3.2526911934581184,0
29,trip,1990,1998.8333333333333,z21,z31,toy-0004384,,,False,32.29972457050036,0.0,31.504724570500358,0.35,2.3,0
7,trip,1990,2014.8098544941652,z10,z12,toy-0004378,,,False,22.139073064238147,0.0,19.906186159763294,2.3,5.142956348249516,0
12,trip,1990,2008.3098544941652,z11,z32,toy-0004381,,,False,29.476979176034437,0.0,27.82909227155958,0.35,5.142956348249516,0
8,trip,1990,1998.8333333333333,z31,z32,toy-0004385,,,False,28.561044560464374,0.0,27.766044560464373,0.35,2.3,0
39,trip,1990,1998.8333333333333,z21,z20,toy-0004383,,,False,35.04428624623606,0.0,34.24928624623606,0.35,2.3,0
27,trip,1990,2008.5089706448605,z30,z31,toy-0004377,,,False,30.87930123970293,0.0,29.213493881665492,2.3,3.2526911934581184,0
11,trip,1990,2002.0089706448605,z12,z01,toy-0004386,,,False,9.201174542960658,0.0,8.120367184923222,0.35,3.2526911934581184,0
88,trip,1990,1998.8333333333333,z30,z31,toy-0004380,,,False,25.624988383197138,0.0,24.82998838319714,0.35,2.3,0
40,trip,1990,2005.3333333333333,z21,z21,toy-0004376,,,False,29.39907306423842,0.0,28.01907306423842,2.3,2.3,0
13,trip,1990,1998.8333333333333,z32,z31,toy-0004389,,,False,33.39446637672928,0.0,32.599466376729275,0.35,2.3,0
48,trip,1990,2002.0089706448605,z21,z10,toy-0004382,,,False,34.92436639765833,0.0,33.8435590396209,0.35,3.2526911934581184,0
67,trip,1990,2014.8098544941652,z21,z32,toy-0004379,,,False,25.12991397136361,0.0,22.897027066888754,2.3,5.142956348249516,0
25,trip,1990,2002.0089706448605,z31,z22,toy-0004397,,,False,28.78954078856296,0.0,27.708733430525523,0.35,3.2526911934581184,0
89,trip,1990,2014.8098544941652,z00,z31,toy-0004392,,,False,30.564814643992925,0.0,28.331927739518072,2.3,5.142956348249516,0
50,trip,1990,2008.5089706448605,z01,z11,toy-0004391,,,False,27.056871215113283,0.0,25.391063857075846,3.2526911934581184,2.3,0
15,trip,1990,2008.5089706448605,z12,z22,toy-0004395,,,False,37.56266799938027,0.0,35.89686064134283,2.3,3.2526911934581184,0
74,trip,1990,2005.3333333333333,z21,z01,toy-0004394,,,False,37.97596320981274,0.0,36.59596320981274,2.3,2.3,0
37,trip,1990,1998.8333333333333,z31,z21,toy-0004396,,,False,36.13653158140045,0.0,35.341531581400446,0.35,2.3,0
43,trip,1990,2022.4765211608317,z31,z30,toy-0004390,,,False,27.876653811289415,0.0,24.95376690681456,5.142956348249516,4.6,0
80,trip,1990,2022.4765211608317,z22,z21,toy-0004393,,,False,35.98891721246296,0.0,33.0660303079881,5.142956348249516,4.6,0
18,trip,1990,2002.0089706448605,z32,z21,toy-0004399,,,False,24.35646158926284,0.0,23.275654231225403,0.35,3.2526911934581184,0
26,trip,1990,2022.4765211608317,z32,z31,toy-0004398,,,False,31.261495138350753,0.0,28.3386082338759,4.6,5.142956348249516,0
55,visit,1990,2038.6846079563875,z11,z11,,depot_west,central,False,25.306814039008067,0.0,23.355199322933196,6.505382386916237,0,0
19,visit,1990,2029.2863756549968,z22,z22,,depot_south,local,False,26.11388366337526,0.0,23.028109854425548,10.285912696499032,0,0
31,visit,1990,2016.6846079563875,z11,z11,,depot_west,local,False,32.2180526783204,0.0,30.266437962245526,6.505382386916237,0,0
84,visit,1990,2010.3333333333333,z20,z20,,depot_south,local,False,34.398917212463175,0.0,33.01891721246317,4.6,0,0
14,visit,1990,2010.3333333333333,z10,z10,,depot_west,local,False,39.940963209812786,0.0,38.56096320981278,4.6,0,0
57,visit,1990,2027.9919341954646,z31,z31,,depot_south,,False,14.258998563114611,34.43100143688539,47.309999999999995,4.6,0,20.658600862131234
47,visit,1990,2061.9854389882216,z31,z31,,depot_west,,False,14.353335698338434,35.82863588717775,45.81802841448382,14.546477236774544,0,21.497181532306648
0,trip,2000,2008.8333333333333,z11,z21,toy-0004408,,,False,26.855939582795408,0.0,26.060939582795406,0.35,2.3,0
36,trip,2000,2028.8092264452239,z00,z32,toy-0004401,,,False,47.895,0.0,45.30216961992985,0.35,8.292767933567175,0
13,trip,2000,2008.8333333333333,z31,z32,toy-0004414,,,False,32.59946637672927,0.0,31.804466376729266,0.35,2.3,0
4,trip,2000,2008.8333333333333,z11,z12,toy-0004410,,,False,16.67580566330452,0.0,15.88080566330452,0.35,2.3,0
1,trip,2000,2018.5089706448605,z22,z21,toy-0004418,,,False,35.59549837945031,0.0,33.92969102141288,2.3,3.2526911934581184,0
32,trip,2000,2023.0,z01,z31,toy-0004409,,,False,29.53711309552505,0.0,27.46711309552505,2.3,4.6,0
37,trip,2000,2008.8333333333333,z21,z31,toy-0004411,,,False,35.34153158140044,0.0,34.54653158140044,0.35,2.3,0
39,trip,2000,2023.0,z20,z12,toy-0004402,,,False,34.24928624623605,0.0,32.17928624623605,2.3,4.6,0
82,trip,2000,2023.0,z21,z22,toy-0004404,,,False,24.704391964895706,0.0,22.634391964895705,2.3,4.6,0
8,trip,2000,2008.8333333333333,z32,z31,toy-0004424,,,False,27.76604456046436,0.0,26.971044560464357,0.35,2.3,0
29,trip,2000,2023.0,z31,z32,toy-0004405,,,False,31.504724570500347,0.0,29.434724570500347,2.3,4.6,0
16,trip,2000,2018.5089706448605,z22,z32,toy-0004412,,,False,20.991505622830992,0.0,19.325698264793555,2.3,3.2526911934581184,0
35,trip,2000,2032.4765211608317,z22,z21,toy-0004415,,,False,40.11553192853811,0.0,37.19264502406325,4.6,5.142956348249516,0
21,trip,2000,2028.8092264452239,z32,z00,toy-0004422,,,False,30.33900728595539,0.0,27.746176905885235,0.35,8.292767933567175,0
44,trip,2000,2040.1431878274984,z22,z31,toy-0004407,,,False,12.711483521547764,0.0,9.09859661707291,5.142956348249516,6.8999999999999995,0
30,trip,2000,2018.3098544941652,z32,z11,toy-0004423,,,False,33.03614335679748,0.0,31.388256452322626,0.35,5.142956348249516,0
45,trip,2000,2039.5774620612908,z22,z31,toy-0004416,,,False,17.56860823387568,0.0,14.006636648359498,4.6,7.273238618387272,0
58,trip,2000,2021.6846079563875,z31,z31,toy-0004403,,,False,11.785519962030286,0.0,9.833905245955414,3.2526911934581184,3.2526911934581184,0
86,trip,2000,2038.3333333333333,z22,z32,toy-0004417,,,False,14.527525446338958,0.0,11.077525446338958,4.6,6.8999999999999995,0
61,trip,2000,2040.1431878274984,z31,z20,toy-0004406,,,False,10.360021932284868,0.0,6.747135027810014,6.8999999999999995,5.142956348249516,0
49,trip,2000,2008.8333333333333,z22,z32,toy-0004421,,,False,8.27718581262606,0.0,7.48218581262606,0.35,2.3,0
69,trip,2000,2025.4107953946243,z31,z02,toy-0004413,,,False,32.807612037385354,0.0,30.520640451869173,0.35,7.273238618387272,0
42,trip,2000,2018.5089706448605,z32,z31,toy-0004420,,,False,29.610477508769183,0.0,27.944670150731746,2.3,3.2526911934581184,0
56,trip,2000,2015.3333333333333,z32,z21,toy-0004419,,,False,25.67883640934047,0.0,24.29883640934047,2.3,2.3,0
76,trip,2000,2035.0864327061513,z31,z11,toy-0004400,,,False,36.149727464462295,0.0,32.99194852090868,7.273238618387272,3.2526911934581184,0
85,trip,2000,2016.5,z31,z11,toy-0004434,,,False,36.23022294995084,0.0,34.74522294995084,0.35,4.6,0
88,trip,2000,2047.2441287279576,z31,z32,toy-0004430,,,False,24.829988383197122,0.0,20.57801679768094,6.8999999999999995,7.273238618387272,0
60,trip,2000,2043.369215912775,z32,z32,toy-0004425,,,False,30.751831274736485,0.0,26.848601842586742,6.505382386916237,6.505382386916237,0
63,trip,2000,2018.5089706448605,z32,z22,toy-0004433,,,False,21.962857400243205,0.0,20.29705004220577,3.2526911934581184,2.3,0
78,trip,2000,2027.9854918056922,z32,z11,toy-0004426,,,False,29.320639889459276,0.0,26.801945626946985,5.142956348249516,3.2526911934581184,0
4,trip,2010,2026.5,z12,z10,toy-0004450,,,False,15.880805663304505,0.0,14.395805663304506,0.35,4.6,0
46,trip,2010,2026.5,z11,z31,toy-0004445,,,False,29.427752984984135,0.0,27.942752984984136,0.35,4.6,0
5,trip,2010,2022.0089706448605,z10,z21,toy-0004439,,,False,11.505947173313684,0.0,10.425139815276248,0.35,3.2526911934581184,0
48,trip,2010,2028.3098544941652,z10,z31,toy-0004440,,,False,33.84355903962089,0.0,32.19567213514604,0.35,5.142956348249516,0
0,trip,2010,2028.3098544941652,z21,z00,toy-0004446,,,False,26.060939582795392,0.0,24.413052678320536,0.35,5.142956348249516,0
20,trip,2010,2034.8098544941652,z20,z22,toy-0004441,,,False,31.846495138350694,0.0,29.613608233875837,2.3,5.142956348249516,0
3,trip,2010,2022.0089706448605,z22,z31,toy-0004453,,,False,28.846860641342662,0.0,27.766053283305226,0.35,3.2526911934581184,0
81,trip,2010,2028.3098544941652,z12,z31,toy-0004451,,,False,25.037551967318404,0.0,23.389665062843548,0.35,5.142956348249516,0
8,trip,2010,2028.3098544941652,z31,z12,toy-0004449,,,False,26.971044560464343,0.0,25.323157655989487,0.35,5.142956348249516,0
9,trip,2010,2022.0089706448605,z32,z21,toy-0004455,,,False,26.363985249499077,0.0,25.28317789146164,0.35,3.2526911934581184,0
10,trip,2010,2026.5,z32,z30,toy-0004454,,,False,25.095245925267722,0.0,23.610245925267723,0.35,4.6,0
12,trip,2010,2018.8333333333333,z32,z31,toy-0004456,,,False,27.82909227155957,0.0,27.034092271559572,0.35,2.3,0
17,trip,2010,2018.8333333333333,z31,z21,toy-0004448,,,False,27.806636648359518,0.0,27.01163664835952,0.35,2.3,0
28,trip,2010,2025.3333333333333,z22,z22,toy-0004452,,,False,37.76347953989925,0.0,36.38347953989925,2.3,2.3,0
18,trip,2010,2018.8333333333333,z21,z31,toy-0004447,,,False,23.275654231225392,0.0,22.480654231225394,0.35,2.3,0
53,trip,2010,2022.0089706448605,z20,z31,toy-0004442,,,False,16.176778158368496,0.0,15.09597080033106,0.35,3.2526911934581184,0
74,trip,2010,2041.9107953946243,z01,z31,toy-0004438,,,False,36.59596320981273,0.0,33.723991624296545,2.3,7.273238618387272,0
71,trip,2010,2018.8333333333333,z30,z20,toy-0004443,,,False,23.31195931701291,0.0,22.516959317012912,0.35,2.3,0
50,trip,2010,2025.3333333333333,z11,z02,toy-0004444,,,False,25.39106385707584,0.0,24.01106385707584,2.3,2.3,0
66,trip,2010,2018.8333333333333,z20,z10,toy-0004458,,,False,38.81133928657554,0.0,38.01633928657554,0.35,2.3,0
27,trip,2010,2018.8333333333333,z31,z32,toy-0004468,,,False,29.213493881665485,0.0,28.418493881665484,0.35,2.3,0
59,trip,2010,2022.0089706448605,z22,z11,toy-0004470,,,False,33.092611474975556,0.0,32.01180411693812,0.35,3.2526911934581184,0
34,trip,2010,2034.8098544941652,z31,z22,toy-0004460,,,False,29.021461589263083,0.0,26.78857468478823,2.3,5.142956348249516,0
40,trip,2010,2048.3333333333335,z21,z31,toy-0004462,,,False,28.019073064238402,0.0,24.569073064238403,4.6,6.8999999999999995,0
13,trip,2010,2032.8512746230542,z32,z10,toy-0004472,,,False,31.804466376729255,0.0,29.747851660654383,0.35,6.505382386916237,0
52,trip,2010,2042.4765211608317,z21,z22,toy-0004463,,,False,15.979928875540022,0.0,13.057041971065168,4.6,5.142956348249516,0
11,trip,2010,2018.8333333333333,z01,z11,toy-0004461,,,False,8.120367184923214,0.0,7.3253671849232145,0.35,2.3,0
23,trip,2010,2035.4107953946243,z32,z01,toy-0004473,,,False,32.33665621563995,0.0,30.049684630123767,0.35,7.273238618387272,0
70,trip,2010,2042.4765211608317,z20,z12,toy-0004457,,,False,35.98891721246314,0.0,33.066030307988285,4.6,5.142956348249516,0
33,trip,2010,2025.3333333333333,z32,z21,toy-0004471,,,False,27.431636648359564,0.0,26.051636648359565,2.3,2.3,0
54,trip,2010,2028.5089706448605,z31,z21,toy-0004459,,,False,41.65841883301303,0.0,39.9926114749756,3.2526911934581184,2.3,0
68,trip,2010,2022.0089706448605,z31,z20,toy-0004466,,,False,26.496528687438516,0.0,25.41572132940108,0.35,3.2526911934581184,0
75,trip,2010,2028.5089706448605,z31,z32,toy-0004465,,,False,39.00341883301265,0.0,37.33761147497522,2.3,3.2526911934581184,0
79,trip,2010,2036.175637311527,z31,z20,toy-0004464,,,False,29.882860945905524,0.0,27.52705358786809,4.6,3.2526911934581184,0
41,trip,2010,2026.5,z32,z12,toy-0004474,,,False,30.98158875750577,0.0,29.49658875750577,0.35,4.6,0
87,trip,2010,2028.5089706448605,z32,z22,toy-0004467,,,False,31.563109854425633,0.0,29.897302496388196,2.3,3.2526911934581184,0
25,visit,2010,2049.286375654997,z22,z22,,depot_south,local,False,27.708733430525513,0.0,24.622959621575802,10.285912696499032,0,0
72,visit,2010,2020.0,z30,z30,,depot_south,local,True,33.87821781534675,4.444444444444445,38.11266225979119,0.7,0,2.666666666666667
24,visit,2010,2036.6846079563875,z11,z11,,depot_west,local,False,33.99018940086307,0.0,32.0385746847882,6.505382386916237,0,0
37,visit,2010,2030.3333333333333,z31,z31,,depot_south,local,False,34.54653158140043,0.0,33.16653158140043,4.6,0,0
15,visit,2010,2049.286375654997,z22,z22,,depot_south,local,False,35.896860641342826,0.0,32.811086832393116,10.285912696499032,0,0
49,visit,2010,2067.805355179091,z32,z32,,depot_south,,False,7.482185812626046,41.89781418737395,46.62,9.2,0,25.138688512424373
62,trip,2020,2028.8333333333333,z22,z32,toy-0004489,,,False,23.742209439643467,0.0,22.947209439643466,0.35,2.3,0
63,trip,2020,2032.0089706448605,z22,z31,toy-0004487,,,False,20.29705004220576,0.0,19.216242684168325,0.35,3.2526911934581184,0
72,trip,2020,2045.4107953946243,z30,z01,toy-0004477,,,False,38.11266225979133,0.0,35.825690674275144,0.35,7.273238618387272,0
30,trip,2020,2043.0,z11,z21,toy-0004479,,,False,31.38825645232262,0.0,29.31825645232262,2.3,4.6,0
31,trip,2020,2032.0089706448605,z11,z02,toy-0004481,,,False,30.266437962245526,0.0,29.18563060420809,0.35,3.2526911934581184,0
16,trip,2020,2028.8333333333333,z32,z31,toy-0004490,,,False,19.325698264793548,0.0,18.53069826479355,0.35,2.3,0
12,trip,2020,2038.3098544941652,z31,z10,toy-0004485,,,False,27.034092271559555,0.0,25.3862053670847,0.35,5.142956348249516,0
18,trip,2020,2035.3333333333333,z31,z31,toy-0004478,,,False,22.480654231225376,0.0,21.100654231225377,2.3,2.3,0
85,trip,2020,2036.5,z11,z31,toy-0004480,,,False,34.74522294995084,0.0,33.260222949950844,0.35,4.6,0
1,trip,2020,2038.5089706448605,z21,z22,toy-0004482,,,False,33.92969102141287,0.0,32.26388366337544,2.3,3.2526911934581184,0
17,trip,2020,2032.0089706448605,z21,z12,toy-0004484,,,False,27.011636648359502,0.0,25.930829290322066,0.35,3.2526911934581184,0
14,trip,2020,2044.8098544941652,z10,z21,toy-0004475,,,False,38.56096320981277,0.0,36.328076305337916,2.3,5.142956348249516,0
7,trip,2020,2038.3098544941652,z12,z31,toy-0004486,,,False,19.90618615976328,0.0,18.258299255288424,0.35,5.142956348249516,0
66,trip,2020,2049.351274623054,z10,z22,toy-0004476,,,False,38.01633928657553,0.0,35.37472457050066,2.3,6.505382386916237,0
27,trip,2020,2035.3333333333333,z32,z12,toy-0004488,,,False,28.41849388166547,0.0,27.03849388166547,2.3,2.3,0
56,trip,2020,2028.8333333333333,z21,z31,toy-0004483,,,False,24.298836409340453,0.0,23.50383640934045,0.35,2.3,0
84,trip,2020,2032.0089706448605,z20,z31,toy-0004497,,,False,33.01891721246316,0.0,31.938109854425722,0.35,3.2526911934581184,0
83,trip,2020,2044.8098544941652,z21,z32,toy-0004503,,,False,34.21567343854705,0.0,31.982786534072197,2.3,5.142956348249516,0
22,trip,2020,2035.3333333333333,z31,z20,toy-0004504,,,False,19.211636648359722,0.0,17.831636648359723,2.3,2.3,0
42,trip,2020,2028.8333333333333,z31,z21,toy-0004506,,,False,27.94467015073174,0.0,27.149670150731737,0.35,2.3,0
38,trip,2020,2050.6666666666665,z32,z32,toy-0004513,,,False,30.2048325314217,0.0,27.444832531421703,4.6,4.6,0
67,trip,2020,2028.8333333333333,z32,z22,toy-0004516,,,False,22.897027066888743,0.0,22.102027066888745,0.35,2.3,0
51,trip,2020,2054.286375654997,z31,z20,toy-0004510,,,False,45.608028414483975,0.0,42.522254605534265,5.142956348249516,5.142956348249516,0
89,trip,2020,2067.2441287279576,z31,z32,toy-0004501,,,False,28.331927739518058,0.0,24.079956154001877,6.8999999999999995,7.273238618387272,0
6,visit,2020,2047.5083849505152,z00,z00,,depot_west,local,False,14.479913971363452,33.625086028636545,47.894999999999996,0.7,0,20.17505161718193
71,visit,2020,2062.3333333333335,z20,z20,,depot_south,central,False,22.516959317012894,0.0,21.136959317012895,4.6,0,0
2,visit,2020,2062.3333333333335,z10,z10,,depot_west,central,False,23.417029960850606,0.0,22.037029960850607,4.6,0,0
65,visit,2020,2040.3333333333333,z31,z31,,depot_south,local,False,24.1526628222017,0.0,22.772662822201703,4.6,0,0
11,visit,2020,2068.674872060256,z11,z11,,depot_west,,False,7.3253671849232,41.650440173114234,47.024192641962564,6.505382386916237,0,24.99026410386854
19,trip,2030,2042.0089706448605,z22,z31,toy-0004526,,,False,23.028109854425544,0.0,21.947302496388108,0.35,3.2526911934581184,0
5,trip,2030,2038.8333333333333,z21,z31,toy-0004521,,,False,10.425139815276241,0.0,9.630139815276241,0.35,2.3,0
4,trip,2030,2059.351274623054,z10,z02,toy-0004517,,,False,14.395805663304506,0.0,11.754190947229635,2.3,6.505382386916237,0
59,trip,2030,2046.5,z11,z31,toy-0004520,,,False,32.011804116938116,0.0,30.526804116938116,0.35,4.6,0
3,trip,2030,2042.0089706448605,z31,z22,toy-0004524,,,False,27.766053283305215,0.0,26.68524592526778,0.35,3.2526911934581184,0
29,trip,2030,2038.8333333333333,z32,z31,toy-0004528,,,False,29.434724570500347,0.0,28.63972457050035,0.35,2.3,0
50,trip,2030,2054.1666666666665,z02,z32,toy-0004525,,,False,24.011063857075822,0.0,21.83606385707582,0.35,6.8999999999999995,0
0,trip,2030,2060.6666666666665,z00,z31,toy-0004519,,,False,24.413052678320526,0.0,21.653052678320527,2.3,6.8999999999999995,0
69,trip,2030,2048.5089706448603,z02,z10,toy-0004518,,,False,30.52064045186917,0.0,28.854833093831733,2.3,3.2526911934581184,0
9,trip,2030,2038.8333333333333,z21,z22,toy-0004522,,,False,25.28317789146163,0.0,24.488177891461632,0.35,2.3,0
36,trip,2030,2048.309854494165,z32,z11,toy-0004527,,,False,45.302169619929856,0.0,43.654282715455004,0.35,5.142956348249516,0
33,trip,2030,2042.0089706448605,z21,z32,toy-0004523,,,False,26.051636648359548,0.0,24.97082929032211,0.35,3.2526911934581184,0
8,trip,2030,2048.309854494165,z12,z31,toy-0004541,,,False,25.323157655989476,0.0,23.67527075151462,0.35,5.142956348249516,0
78,trip,2030,2048.5089706448603,z11,z21,toy-0004529,,,False,26.801945626946985,0.0,25.136138268909548,2.3,3.2526911934581184,0
10,trip,2030,2045.3333333333333,z30,z21,toy-0004530,,,False,23.61024592526772,0.0,22.23024592526772,2.3,2.3,0
16,trip,2030,2046.5,z31,z11,toy-0004537,,,False,18.530698264793532,0.0,17.045698264793533,0.35,4.6,0
62,trip,2030,2038.8333333333333,z32,z31,toy-0004546,,,False,22.94720943964345,0.0,22.15220943964345,0.35,2.3,0
42,trip,2030,2038.8333333333333,z21,z11,toy-0004535,,,False,27.149670150731723,0.0,26.35467015073172,0.35,2.3,0
87,trip,2030,2048.309854494165,z22,z10,toy-0004543,,,False,29.89730249638819,0.0,28.249415591913333,0.35,5.142956348249516,0
39,trip,2030,2045.3333333333333,z12,z32,toy-0004545,,,False,32.17928624623605,0.0,30.799286246236054,2.3,2.3,0
41,trip,2030,2061.910795394624,z12,z31,toy-0004540,,,False,29.496588757505766,0.0,26.624617171989584,2.3,7.273238618387272,0
26,trip,2030,2038.8333333333333,z31,z32,toy-0004538,,,False,28.338608233875906,0.0,27.543608233875908,0.35,2.3,0
32,trip,2030,2054.1666666666665,z31,z01,toy-0004536,,,False,27.46711309552505,0.0,25.29211309552505,0.35,6.8999999999999995,0
54,trip,2030,2064.286375654997,z21,z21,toy-0004539,,,False,39.99261147497559,0.0,36.90683766602588,5.142956348249516,5.142956348249516,0
80,trip,2030,2069.577462061291,z21,z30,toy-0004534,,,False,33.066030307988115,0.0,29.50405872247193,4.6,7.273238618387272,0
43,trip,2030,2048.5089706448603,z30,z31,toy-0004531,,,False,24.953766906814568,0.0,23.28795954877713,2.3,3.2526911934581184,0
46,trip,2030,2045.3333333333333,z31,z31,toy-0004533,,,False,27.942752984984132,0.0,26.562752984984133,2.3,2.3,0
48,trip,2030,2048.5089706448603,z31,z21,toy-0004532,,,False,32.195672135146026,0.0,30.52986477710859,2.3,3.2526911934581184,0
75,trip,2030,2053.0,z32,z02,toy-0004542,,,False,37.33761147497521,0.0,35.26761147497521,4.6,2.3,0
53,trip,2030,2048.5089706448603,z31,z21,toy-0004544,,,False,15.095970800331052,0.0,13.430163442293617,3.2526911934581184,2.3,0
67,visit,2030,2069.286375654997,z22,z22,,depot_south,local,False,22.102027066888727,0.0,19.016253257939017,10.285912696499032,0,0
82,visit,2030,2069.286375654997,z22,z22,,depot_south,local,False,22.634391964895705,0.0,19.548618155945995,10.285912696499032,0,0
68,visit,2030,2050.3333333333335,z20,z20,,depot_south,local,False,25.41572132940107,0.0,24.03572132940107,4.6,0,0
21,visit,2030,2040.0,z00,z00,,depot_west,local,True,27.74617690588524,4.444444444444445,31.980621350329685,0.7,0,2.666666666666667
28,visit,2030,2069.286375654997,z22,z22,,depot_south,local,False,36.38347953989924,0.0,33.29770573094953,10.285912696499032,0,0
58,visit,2030,2104.6970972596514,z31,z31,,depot_west,,False,9.833905245955412,40.34806633956077,45.81802841448383,14.546477236774544,0,24.208839803736463
5,trip,2040,2064.809854494165,z31,z11,toy-0004549,,,False,9.630139815276227,0.0,7.397252910801372,2.3,5.142956348249516,0
24,trip,2040,2048.8333333333335,z11,z10,toy-0004550,,,False,32.0385746847882,0.0,31.2435746847882,0.35,2.3,0
13,trip,2040,2048.8333333333335,z10,z20,toy-0004547,,,False,29.747851660654376,0.0,28.952851660654375,0.35,2.3,0
35,trip,2040,2048.8333333333335,z21,z31,toy-0004552,,,False,37.19264502406327,0.0,36.397645024063266,0.35,2.3,0
1,trip,2040,2052.0089706448603,z22,z31,toy-0004556,,,False,32.26388366337543,0.0,31.183076305337995,0.35,3.2526911934581184,0
26,trip,2040,2058.309854494165,z32,z20,toy-0004557,,,False,27.54360823387589,0.0,25.895721329401034,0.35,5.142956348249516,0
42,trip,2040,2058.309854494165,z11,z30,toy-0004551,,,False,26.354670150731707,0.0,24.70678324625685,0.35,5.142956348249516,0
21,trip,2040,2058.5089706448603,z00,z01,toy-0004548,,,False,31.980621350329816,0.0,30.31481399229238,2.3,3.2526911934581184,0
7,trip,2040,2048.8333333333335,z31,z21,toy-0004553,,,False,18.258299255288414,0.0,17.463299255288412,0.35,2.3,0
17,trip,2040,2048.8333333333335,z12,z22,toy-0004555,,,False,25.930829290322055,0.0,25.135829290322057,0.35,2.3,0
31,trip,2040,2062.851274623054,z02,z20,toy-0004554,,,False,29.18563060420808,0.0,27.129015888133207,0.35,6.505382386916237,0
18,trip,2040,2048.8333333333335,z31,z30,toy-0004566,,,False,21.10065423122536,0.0,20.30565423122536,0.35,2.3,0
55,trip,2040,2058.309854494165,z11,z32,toy-0004563,,,False,23.355199322933196,0.0,21.70731241845834,0.35,5.142956348249516,0
22,trip,2040,2069.351274623054,z20,z12,toy-0004562,,,False,17.831636648359705,0.0,15.190021932284834,2.3,6.505382386916237,0
23,trip,2040,2055.3333333333335,z01,z10,toy-0004558,,,False,30.049684630123764,0.0,28.669684630123765,2.3,2.3,0
79,trip,2040,2058.309854494165,z20,z01,toy-0004560,,,False,27.527053587868096,0.0,25.87916668339324,0.35,5.142956348249516,0
64,trip,2040,2052.0089706448603,z32,z21,toy-0004568,,,False,36.20725460553411,0.0,35.12644724749668,0.35,3.2526911934581184,0
86,trip,2040,2048.8333333333335,z32,z22,toy-0004569,,,False,11.077525446338964,0.0,10.282525446338964,0.35,2.3,0
29,trip,2040,2067.985491805692,z31,z32,toy-0004561,,,False,28.63972457050033,0.0,26.12103030798804,3.2526911934581184,5.142956348249516,0
76,trip,2040,2064.809854494165,z11,z31,toy-0004559,,,False,32.99194852090867,0.0,30.75906161643382,2.3,5.142956348249516,0
9,trip,2040,2058.309854494165,z22,z01,toy-0004567,,,False,24.488177891461614,0.0,22.84029098698676,0.35,5.142956348249516,0
20,trip,2040,2058.5089706448603,z22,z32,toy-0004564,,,False,29.613608233875826,0.0,27.94780087583839,2.3,3.2526911934581184,0
37,trip,2040,2052.0089706448603,z31,z20,toy-0004565,,,False,33.16653158140041,0.0,32.08572422336298,0.35,3.2526911934581184,0
12,visit,2040,2060.3333333333335,z10,z10,,depot_west,local,False,25.38620536708469,0.0,24.00620536708469,4.6,0,0
85,visit,2040,2060.3333333333335,z31,z31,,depot_south,local,False,33.260222949950844,0.0,31.880222949950845,4.6,0,0
45,visit,2040,2078.1433513443176,z31,z31,,depot_south,,False,14.006636648359507,34.683363351640494,47.309999999999995,4.6,0,20.810018010984294
8,trip,2050,2058.8333333333335,z31,z32,toy-0004580,,,False,23.67527075151463,0.0,22.88027075151463,0.35,2.3,0
19,trip,2050,2062.0089706448603,z31,z22,toy-0004579,,,False,21.947302496388097,0.0,20.86649513835066,0.35,3.2526911934581184,0
24,trip,2050,2068.309854494165,z10,z22,toy-0004571,,,False,31.243574684788186,0.0,29.59568778031333,0.35,5.142956348249516,0
16,trip,2050,2062.0089706448603,z11,z22,toy-0004575,,,False,17.04569826479353,0.0,15.964890906756093,0.35,3.2526911934581184,0
7,trip,2050,2062.0089706448603,z21,z10,toy-0004576,,,False,17.463299255288398,0.0,16.38249189725096,0.35,3.2526911934581184,0
36,trip,2050,2066.5,z11,z31,toy-0004574,,,False,43.65428271545501,0.0,42.16928271545501,0.35,4.6,0
69,trip,2050,2058.8333333333335,z10,z11,toy-0004570,,,False,28.854833093831743,0.0,28.05983309383174,0.35,2.3,0
14,trip,2050,2058.8333333333335,z21,z22,toy-0004577,,,False,36.32807630533791,0.0,35.53307630533791,0.35,2.3,0
3,trip,2050,2062.0089706448603,z22,z11,toy-0004581,,,False,26.68524592526777,0.0,25.604438567230332,0.35,3.2526911934581184,0
27,trip,2050,2065.3333333333335,z12,z21,toy-0004573,,,False,27.038493881665453,0.0,25.658493881665454,2.3,2.3,0
33,trip,2050,2058.8333333333335,z32,z31,toy-0004582,,,False,24.9708292903221,0.0,24.1758292903221,0.35,2.3,0
35,trip,2050,2068.309854494165,z31,z12,toy-0004578,,,False,36.39764502406326,0.0,34.74975811958841,0.35,5.142956348249516,0
13,trip,2050,2062.0089706448603,z20,z11,toy-0004572,,,False,28.95285166065436,0.0,27.872044302616924,0.35,3.2526911934581184,0
15,trip,2050,2058.8333333333335,z22,z32,toy-0004588,,,False,32.81108683239311,0.0,32.01608683239311,0.35,2.3,0
17,trip,2050,2062.0089706448603,z22,z31,toy-0004587,,,False,25.13582929032204,0.0,24.055021932284603,0.35,3.2526911934581184,0
70,trip,2050,2066.5,z12,z32,toy-0004586,,,False,33.0660303079883,0.0,31.5810303079883,0.35,4.6,0
40,trip,2050,2066.5,z31,z11,toy-0004585,,,False,24.569073064238435,0.0,23.084073064238435,0.35,4.6,0
30,trip,2050,2058.8333333333335,z21,z31,toy-0004584,,,False,29.31825645232262,0.0,28.52325645232262,0.35,2.3,0
72,trip,2050,2068.309854494165,z01,z22,toy-0004583,,,False,35.825690674275144,0.0,34.17780376980029,0.35,5.142956348249516,0
10,visit,2050,2076.6846079563875,z21,z21,,depot_south,local,False,22.230245925267702,0.0,20.27863120919283,6.505382386916237,0,0
87,visit,2050,2070.3333333333335,z10,z10,,depot_west,local,False,28.249415591913344,0.0,26.869415591913345,4.6,0,0
74,visit,2050,2070.3333333333335,z31,z31,,depot_south,local,False,33.723991624296545,0.0,32.34399162429654,4.6,0,0
61,visit,2050,2092.4990523166475,z20,z20,,depot_south,,False,6.74713502781001,41.94286497218999,47.309999999999995,4.6,0,25.16571898331399
44,visit,2050,2091.0881753630897,z31,z31,,depot_south,,False,9.098596617072905,39.5914033829271,47.31,4.6,0,23.75484202975626
86,visit,2050,2119.1706694746163,z22,z22,,depot_west,,False,10.28252544633895,39.66908926973592,46.04838528392513,13.010764773832474,0,23.801453561841555
52,visit,2050,2117.505959559781,z22,z22,,depot_west,,False,13.05704197106517,36.894572745009704,46.04838528392513,13.010764773832474,0,22.136743647005822
53,visit,2050,2107.9540097323056,z21,z21,,depot_west,,False,13.430163442293628,36.11272346218123,46.457113095525145,10.285912696499032,0,21.66763407730874
8,trip,2060,2078.309854494165,z32,z11,toy-0004604,,,False,22.880270751514658,0.0,21.232383847039802,0.35,5.142956348249516,0
48,trip,2060,2078.309854494165,z21,z02,toy-0004597,,,False,30.5298647771086,0.0,28.881977872633744,0.35,5.142956348249516,0
69,trip,2060,2072.0089706448603,z11,z20,toy-0004595,,,False,28.05983309383177,0.0,26.979025735794334,0.35,3.2526911934581184,0
26,trip,2060,2072.0089706448603,z20,z31,toy-0004591,,,False,25.895721329401045,0.0,24.81491397136361,0.35,3.2526911934581184,0
9,trip,2060,2084.1666666666665,z01,z31,toy-0004594,,,False,22.84029098698677,0.0,20.66529098698677,0.35,6.8999999999999995,0
37,trip,2060,2076.5,z20,z22,toy-0004593,,,False,32.085724223362995,0.0,30.600724223362995,0.35,4.6,0
1,trip,2060,2078.309854494165,z31,z10,toy-0004599,,,False,31.18307630533801,0.0,29.535189400863153,0.35,5.142956348249516,0
14,trip,2060,2068.8333333333335,z22,z21,toy-0004603,,,False,35.533076305337936,0.0,34.738076305337934,0.35,2.3,0
64,trip,2060,2072.0089706448603,z21,z30,toy-0004596,,,False,35.12644724749669,0.0,34.04563988945926,0.35,3.2526911934581184,0
25,trip,2060,2078.309854494165,z22,z30,toy-0004602,,,False,24.6229596215758,0.0,22.975072717100943,0.35,5.142956348249516,0
30,trip,2060,2085.410795394624,z31,z00,toy-0004598,,,False,28.523256452322645,0.0,26.236284866806464,0.35,7.273238618387272,0
23,trip,2060,2082.851274623054,z10,z32,toy-0004590,,,False,28.669684630123747,0.0,26.613069914048875,0.35,6.505382386916237,0
15,trip,2060,2076.5,z32,z12,toy-0004605,,,False,32.016086832393135,0.0,30.531086832393136,0.35,4.6,0
51,trip,2060,2078.309854494165,z20,z12,toy-0004592,,,False,42.522254605534265,0.0,40.87436770105941,0.35,5.142956348249516,0
43,trip,2060,2068.8333333333335,z31,z21,toy-0004600,,,False,23.287959548777142,0.0,22.492959548777144,0.35,2.3,0
6,trip,2060,2085.410795394624,z00,z31,toy-0004589,,,False,47.894999999999946,0.0,45.60802841448376,0.35,7.273238618387272,0
4,trip,2060,2078.5089706448603,z02,z21,toy-0004601,,,False,11.754190947229645,0.0,10.08838358919221,2.3,3.2526911934581184,0
21,trip,2060,2085.410795394624,z01,z32,toy-0004608,,,False,30.31481399229239,0.0,28.02784240677621,0.35,7.273238618387272,0
20,trip,2060,2072.0089706448603,z32,z21,toy-0004617,,,False,27.9478008758384,0.0,26.866993517800964,0.35,3.2526911934581184,0
34,trip,2060,2076.5,z22,z20,toy-0004615,,,False,26.788574684788216,0.0,25.303574684788217,0.35,4.6,0
46,trip,2060,2072.0089706448603,z31,z22,toy-0004612,,,False,26.562752984984115,0.0,25.48194562694668,0.35,3.2526911934581184,0
78,trip,2060,2072.0089706448603,z21,z32,toy-0004611,,,False,25.13613826890956,0.0,24.055330910872122,0.35,3.2526911934581184,0
32,trip,2060,2078.309854494165,z01,z20,toy-0004606,,,False,25.292113095525064,0.0,23.64422619105021,0.35,5.142956348249516,0
56,trip,2060,2075.3333333333335,z31,z20,toy-0004610,,,False,23.503836409340437,0.0,22.123836409340438,2.3,2.3,0
38,trip,2060,2082.851274623054,z32,z10,toy-0004616,,,False,27.444832531421717,0.0,25.388217815346845,0.35,6.505382386916237,0
39,trip,2060,2068.8333333333335,z32,z31,toy-0004618,,,False,30.799286246236036,0.0,30.004286246236035,0.35,2.3,0
79,trip,2060,2076.5,z01,z21,toy-0004607,,,False,25.87916668339325,0.0,24.39416668339325,0.35,4.6,0
77,trip,2060,2075.3333333333335,z10,z12,toy-0004609,,,False,47.30999999999995,0.0,45.92999999999995,2.3,2.3,0
66,trip,2060,2084.809854494165,z22,z31,toy-0004614,,,False,35.374724570500675,0.0,33.14183766602582,2.3,5.142956348249516,0
57,trip,2060,2068.8333333333335,z31,z32,toy-0004613,,,False,47.30999999999985,0.0,46.51499999999985,0.35,2.3,0
33,visit,2060,2080.3333333333335,z31,z31,,depot_south,local,False,24.175829290322127,0.0,22.79582929032213,4.6,0,0
18,trip,2070,2088.309854494165,z30,z22,toy-0004621,,,False,20.305654231225343,0.0,18.657767326750488,0.35,5.142956348249516,0
17,trip,2070,2082.0089706448603,z31,z20,toy-0004627,,,False,24.055021932284617,0.0,22.97421457424718,0.35,3.2526911934581184,0
14,trip,2070,2082.0089706448603,z21,z12,toy-0004626,,,False,34.73807630533796,0.0,33.65726894730053,0.35,3.2526911934581184,0
27,trip,2070,2078.8333333333335,z21,z11,toy-0004625,,,False,25.65849388166548,0.0,24.863493881665477,0.35,2.3,0
29,trip,2070,2078.8333333333335,z32,z22,toy-0004631,,,False,26.121030307988036,0.0,25.326030307988034,0.35,2.3,0
49,trip,2070,2088.309854494165,z32,z20,toy-0004629,,,False,46.620000000000296,0.0,44.972113095525444,0.35,5.142956348249516,0
3,trip,2070,2088.309854494165,z11,z32,toy-0004624,,,False,25.604438567230346,0.0,23.95655166275549,0.35,5.142956348249516,0
11,trip,2070,2086.5,z11,z31,toy-0004623,,,False,47.024192641962344,0.0,45.539192641962345,0.35,4.6,0
31,trip,2070,2078.8333333333335,z20,z21,toy-0004620,,,False,27.129015888133218,0.0,26.334015888133216,0.35,2.3,0
2,trip,2070,2094.809854494165,z10,z21,toy-0004619,,,False,22.03702996085061,0.0,19.804143056375757,2.3,5.142956348249516,0
22,trip,2070,2088.309854494165,z12,z00,toy-0004628,,,False,15.190021932284845,0.0,13.54213502780999,0.35,5.142956348249516,0
42,trip,2070,2086.5,z30,z32,toy-0004622,,,False,24.70678324625686,0.0,23.221783246256862,0.35,4.6,0
50,trip,2070,2095.410795394624,z32,z01,toy-0004630,,,False,21.836063857075835,0.0,19.549092271559655,0.35,7.273238618387272,0
16,trip,2070,2078.8333333333335,z22,z12,toy-0004639,,,False,15.964890906756107,0.0,15.169890906756107,0.35,2.3,0
55,trip,2070,2086.5,z32,z30,toy-0004641,,,False,21.70731241845835,0.0,20.22231241845835,0.35,4.6,0
36,trip,2070,2078.8333333333335,z31,z21,toy-0004635,,,False,42.169282715455005,0.0,41.374282715455,0.35,2.3,0
19,trip,2070,2078.8333333333335,z22,z32,toy-0004640,,,False,20.866495138350675,0.0,20.071495138350677,0.35,2.3,0
57,trip,2070,2078.8333333333335,z32,z31,toy-0004642,,,False,46.51499999999988,0.0,45.71999999999988,0.35,2.3,0
43,trip,2070,2078.8333333333335,z21,z31,toy-0004633,,,False,22.49295954877717,0.0,21.69795954877717,0.35,2.3,0
39,trip,2070,2094.1666666666665,z31,z01,toy-0004634,,,False,30.004286246236063,0.0,27.829286246236062,0.35,6.8999999999999995,0
13,trip,2070,2088.5089706448603,z11,z12,toy-0004632,,,False,27.87204430261694,0.0,26.2062369445795,2.3,3.2526911934581184,0
41,trip,2070,2078.8333333333335,z31,z32,toy-0004636,,,False,26.62461717198956,0.0,25.82961717198956,0.35,2.3,0
24,trip,2070,2092.851274623054,z22,z00,toy-0004637,,,False,29.595687780313344,0.0,27.539073064238472,0.35,6.505382386916237,0
28,trip,2070,2082.0089706448603,z22,z31,toy-0004638,,,False,33.297705730949524,0.0,32.21689837291209,0.35,3.2526911934581184,0
7,visit,2070,2090.3333333333335,z10,z10,,depot_west,local,False,16.382491897250976,0.0,15.002491897250977,4.6,0,0
0,visit,2070,2090.3333333333335,z31,z31,,depot_south,local,False,21.653052678320538,0.0,20.27305267832054,4.6,0,0
80,visit,2070,2080.0,z30,z30,,depot_south,local,True,29.504058722471925,4.444444444444445,33.73850316691637,0.7,0,2.666666666666667
5,visit,2070,2118.631740624729,z11,z11,,depot_west,,False,7.397252910801382,41.57855444723605,47.024192641962564,6.505382386916237,0,24.947132668341634
1,trip,2080,2098.5089706448603,z10,z11,toy-0004643,,,False,29.535189400863167,0.0,27.86938204282573,2.3,3.2526911934581184,0
26,trip,2080,2098.309854494165,z31,z12,toy-0004653,,,False,24.814913971363623,0.0,23.167027066888767,0.35,5.142956348249516,0
32,trip,2080,2088.8333333333335,z20,z30,toy-0004646,,,False,23.644226191050222,0.0,22.84922619105022,0.35,2.3,0
12,trip,2080,2098.309854494165,z10,z31,toy-0004645,,,False,24.006205367084693,0.0,22.358318462609837,0.35,5.142956348249516,0
4,trip,2080,2088.8333333333335,z21,z22,toy-0004651,,,False,10.088383589192222,0.0,9.293383589192223,0.35,2.3,0
25,trip,2080,2088.8333333333335,z30,z31,toy-0004649,,,False,22.975072717100957,0.0,22.180072717100956,0.35,2.3,0
87,trip,2080,2115.309226445224,z10,z32,toy-0004644,,,False,26.86941559191337,0.0,23.69158521184322,2.3,8.292767933567175,0
34,trip,2080,2092.0089706448603,z20,z31,toy-0004647,,,False,25.303574684788217,0.0,24.22276732675078,0.35,3.2526911934581184,0
8,trip,2080,2088.8333333333335,z11,z01,toy-0004650,,,False,21.232383847039817,0.0,20.43738384703982,0.35,2.3,0
43,trip,2080,2096.5,z31,z11,toy-0004652,,,False,21.697959548777195,0.0,20.212959548777196,0.35,4.6,0
68,trip,2080,2098.309854494165,z20,z32,toy-0004648,,,False,24.035721329401053,0.0,22.387834424926197,0.35,5.142956348249516,0
40,trip,2080,2112.526911934581,z11,z22,toy-0004655,,,False,23.084073064238435,0.0,20.156650990126128,3.2526911934581184,6.505382386916237,0
10,trip,2080,2092.0089706448603,z21,z32,toy-0004660,,,False,20.27863120919283,0.0,19.197823851155395,0.35,3.2526911934581184,0
20,trip,2080,2096.5,z21,z01,toy-0004659,,,False,26.866993517800978,0.0,25.38199351780098,0.35,4.6,0
45,trip,2080,2092.0089706448603,z31,z22,toy-0004662,,,False,47.309999999999675,0.0,46.22919264196224,0.35,3.2526911934581184,0
15,trip,2080,2095.3333333333335,z12,z21,toy-0004657,,,False,30.531086832393136,0.0,29.151086832393137,2.3,2.3,0
19,trip,2080,2092.0089706448603,z32,z21,toy-0004666,,,False,20.071495138350702,0.0,18.990687780313266,0.35,3.2526911934581184,0
47,trip,2080,2105.410795394624,z31,z02,toy-0004661,,,False,45.818028414483955,0.0,43.53105682896777,0.35,7.273238618387272,0
41,trip,2080,2108.809226445224,z32,z00,toy-0004665,,,False,25.829617171989586,0.0,23.236786791919435,0.35,8.292767933567175,0
48,trip,2080,2095.3333333333335,z02,z11,toy-0004656,,,False,28.881977872633758,0.0,27.50197787263376,2.3,2.3,0
29,trip,2080,2092.0089706448603,z22,z11,toy-0004664,,,False,25.326030307988063,0.0,24.245222949950627,0.35,3.2526911934581184,0
16,trip,2080,2098.5089706448603,z12,z22,toy-0004658,,,False,15.169890906756134,0.0,13.504083548718699,2.3,3.2526911934581184,0
69,trip,2080,2103.0,z20,z01,toy-0004654,,,False,26.979025735794348,0.0,24.909025735794348,4.6,2.3,0
35,trip,2080,2088.8333333333335,z12,z11,toy-0004663,,,False,34.74975811958841,0.0,33.954758119588405,0.35,2.3,0
56,visit,2080,2100.3333333333335,z20,z20,,depot_south,local,False,22.123836409340463,0.0,20.743836409340464,4.6,0,0
78,visit,2080,2115.6666666666665,z32,z32,,depot_south,local,False,24.055330910872136,0.0,21.29533091087214,9.2,0,0
27,visit,2080,2128.6846079563875,z11,z11,,depot_west,central,False,24.863493881665505,0.0,22.911879165590634,6.505382386916237,0,0
80,visit,2080,2090.0,z30,z30,,depot_south,,True,33.73850316691614,9.444444444444446,42.97294761136059,0.7,0,5.666666666666668
64,visit,2080,2090.0,z30,z30,,depot_south,,True,34.04563988945927,9.444444444444446,43.28008433390371,0.7,0,5.666666666666668
31,trip,2090,2098.8333333333335,z21,z31,toy-0004669,,,False,26.334015888133244,0.0,25.539015888133243,0.35,2.3,0
3,trip,2090,2098.8333333333335,z32,z22,toy-0004681,,,False,23.956551662755505,0.0,23.161551662755507,0.35,2.3,0
21,trip,2090,2114.1666666666665,z32,z02,toy-0004680,,,False,28.027842406776227,0.0,25.852842406776226,0.35,6.8999999999999995,0
6,trip,2090,2098.8333333333335,z31,z32,toy-0004673,,,False,45.608028414483776,0.0,44.813028414483774,0.35,2.3,0
14,trip,2090,2098.8333333333335,z12,z22,toy-0004674,,,False,33.65726894730054,0.0,32.862268947300535,0.35,2.3,0
9,trip,2090,2098.8333333333335,z31,z21,toy-0004672,,,False,20.665290986986786,0.0,19.870290986986788,0.35,2.3,0
11,trip,2090,2098.8333333333335,z31,z30,toy-0004671,,,False,45.53919264196234,0.0,44.744192641962336,0.35,2.3,0
4,trip,2090,2102.0089706448603,z22,z31,toy-0004677,,,False,9.29338358919225,0.0,8.212576231154813,0.35,3.2526911934581184,0
35,trip,2090,2102.0089706448603,z11,z00,toy-0004668,,,False,33.95475811958843,0.0,32.873950761551,0.35,3.2526911934581184,0
18,trip,2090,2108.309854494165,z22,z10,toy-0004675,,,False,18.657767326750502,0.0,17.009880422275646,0.35,5.142956348249516,0
23,trip,2090,2098.8333333333335,z32,z31,toy-0004679,,,False,26.61306991404889,0.0,25.81806991404889,0.35,2.3,0
25,trip,2090,2102.0089706448603,z31,z20,toy-0004670,,,False,22.180072717100984,0.0,21.099265359063548,0.35,3.2526911934581184,0
38,trip,2090,2102.0089706448603,z10,z21,toy-0004667,,,False,25.38821781534686,0.0,24.307410457309423,0.35,3.2526911934581184,0
37,trip,2090,2098.8333333333335,z22,z21,toy-0004676,,,False,30.600724223362995,0.0,29.805724223362994,0.35,2.3,0
42,trip,2090,2108.309854494165,z32,z11,toy-0004678,,,False,23.221783246256862,0.0,21.573896341782007,0.35,5.142956348249516,0
51,trip,2090,2106.5,z12,z32,toy-0004694,,,False,40.87436770105941,0.0,39.38936770105941,0.35,4.6,0
77,trip,2090,2112.851274623054,z12,z30,toy-0004692,,,False,45.92999999999998,0.0,43.87338528392511,0.35,6.505382386916237,0
17,trip,2090,2098.8333333333335,z20,z10,toy-0004684,,,False,22.974214574247195,0.0,22.179214574247197,0.35,2.3,0
22,trip,2090,2113.0,z00,z12,toy-0004683,,,False,13.54213502781,0.0,11.47213502781,2.3,4.6,0
46,trip,2090,2114.809854494165,z22,z20,toy-0004691,,,False,25.481945626946693,0.0,23.249058722471837,2.3,5.142956348249516,0
32,trip,2090,2098.8333333333335,z30,z20,toy-0004685,,,False,22.84922619105025,0.0,22.054226191050248,0.35,2.3,0
8,trip,2090,2113.0,z01,z31,toy-0004687,,,False,20.437383847039843,0.0,18.367383847039843,2.3,4.6,0
67,trip,2090,2106.5,z22,z02,toy-0004695,,,False,19.016253257939013,0.0,17.531253257939014,0.35,4.6,0
28,trip,2090,2108.309854494165,z31,z10,toy-0004688,,,False,32.2168983729121,0.0,30.569011468437242,0.35,5.142956348249516,0
30,trip,2090,2120.6666666666665,z00,z31,toy-0004686,,,False,26.236284866806482,0.0,23.47628486680648,2.3,6.8999999999999995,0
75,trip,2090,2114.1666666666665,z02,z32,toy-0004690,,,False,35.26761147497521,0.0,33.092611474975214,0.35,6.8999999999999995,0
72,trip,2090,2129.577462061291,z22,z31,toy-0004689,,,False,34.17780376980029,0.0,30.61583218428411,4.6,7.273238618387272,0
49,trip,2090,2105.3333333333335,z20,z00,toy-0004682,,,False,44.972113095525444,0.0,43.59211309552544,2.3,2.3,0
73,trip,2090,2114.809854494165,z22,z31,toy-0004693,,,False,46.457113095525216,0.0,44.22422619105036,2.3,5.142956348249516,0
13,visit,2090,2151.286375654997,z12,z12,,depot_west,central,False,26.206236944579512,0.0,23.1204631356298,10.285912696499032,0,0
66,visit,2090,2110.3333333333335,z31,z31,,depot_south,local,False,33.141837666025836,0.0,31.761837666025837,4.6,0,0
55,visit,2090,2100.0,z30,z30,,depot_south,,True,20.22231241845835,9.444444444444446,29.456756862902797,0.7,0,5.666666666666668
32,trip,2100,2116.5,z20,z22,toy-0004697,,,False,22.054226191050276,0.0,20.569226191050276,0.35,4.6,0
1,trip,2100,2118.309854494165,z11,z32,toy-0004699,,,False,27.86938204282574,0.0,26.221495138350885,0.35,5.142956348249516,0
2,trip,2100,2108.8333333333335,z21,z20,toy-0004701,,,False,19.804143056375764,0.0,19.009143056375763,0.35,2.3,0
0,trip,2100,2112.0089706448603,z31,z22,toy-0004704,,,False,20.273052678320564,0.0,19.192245320283128,0.35,3.2526911934581184,0
6,trip,2100,2116.5,z32,z12,toy-0004707,,,False,44.8130284144838,0.0,43.3280284144838,0.35,4.6,0
12,trip,2100,2116.5,z31,z11,toy-0004703,,,False,22.35831846260985,0.0,20.873318462609852,0.35,4.6,0
14,trip,2100,2108.8333333333335,z22,z32,toy-0004705,,,False,32.862268947300564,0.0,32.06726894730056,0.35,2.3,0
61,trip,2100,2112.0089706448603,z20,z11,toy-0004696,,,False,47.3100000000001,0.0,46.22919264196267,0.35,3.2526911934581184,0
10,trip,2100,2118.309854494165,z32,z20,toy-0004706,,,False,19.19782385115541,0.0,17.549936946680553,0.35,5.142956348249516,0
9,trip,2100,2108.8333333333335,z21,z11,toy-0004702,,,False,19.870290986986813,0.0,19.075290986986815,0.35,2.3,0
15,trip,2100,2118.309854494165,z21,z00,toy-0004700,,,False,29.151086832393162,0.0,27.503199927918306,0.35,5.142956348249516,0
55,trip,2100,2112.0089706448603,z30,z21,toy-0004698,,,False,29.45675686290257,0.0,28.375949504865133,0.35,3.2526911934581184,0
20,trip,2100,2123.0,z01,z22,toy-0004719,,,False,25.38199351780098,0.0,23.31199351780098,2.3,4.6,0
26,trip,2100,2112.0089706448603,z12,z01,toy-0004720,,,False,23.16702706688878,0.0,22.086219708851345,0.35,3.2526911934581184,0
64,trip,2100,2116.5,z30,z10,toy-0004712,,,False,43.28008433390348,0.0,41.79508433390348,0.35,4.6,0
60,trip,2100,2108.8333333333335,z32,z31,toy-0004725,,,False,26.848601842586742,0.0,26.053601842586744,0.35,2.3,0
45,trip,2100,2112.0089706448603,z22,z31,toy-0004723,,,False,46.22919264196225,0.0,45.14838528392482,0.35,3.2526911934581184,0
71,trip,2100,2112.0089706448603,z20,z31,toy-0004711,,,False,21.1369593170129,0.0,20.056151958975462,0.35,3.2526911934581184,0
19,trip,2100,2112.0089706448603,z21,z10,toy-0004713,,,False,18.99068778031328,0.0,17.909880422275844,0.35,3.2526911934581184,0
43,trip,2100,2118.5089706448603,z11,z21,toy-0004721,,,False,20.212959548777196,0.0,18.54715219073976,2.3,3.2526911934581184,0
7,trip,2100,2118.309854494165,z10,z22,toy-0004708,,,False,15.002491897251002,0.0,13.354604992776146,0.35,5.142956348249516,0
23,trip,2100,2108.8333333333335,z31,z21,toy-0004717,,,False,25.818069914048916,0.0,25.023069914048918,0.35,2.3,0
68,trip,2100,2112.0089706448603,z32,z21,toy-0004724,,,False,22.38783442492621,0.0,21.307027066888775,0.35,3.2526911934581184,0
17,trip,2100,2122.851274623054,z10,z32,toy-0004709,,,False,22.179214574247222,0.0,20.12259985817235,0.35,6.505382386916237,0
36,trip,2100,2115.3333333333335,z21,z21,toy-0004710,,,False,41.37428271545503,0.0,39.99428271545503,2.3,2.3,0
37,trip,2100,2108.8333333333335,z21,z31,toy-0004714,,,False,29.805724223363022,0.0,29.01072422336302,0.35,2.3,0
82,trip,2100,2116.5,z22,z20,toy-0004722,,,False,19.54861815594599,0.0,18.063618155945992,0.35,4.6,0
54,trip,2100,2108.8333333333335,z21,z22,toy-0004715,,,False,36.90683766602588,0.0,36.11183766602588,0.35,2.3,0
31,trip,2100,2108.8333333333335,z31,z32,toy-0004718,,,False,25.53901588813327,0.0,24.74401588813327,0.35,2.3,0
79,trip,2100,2112.0089706448603,z21,z32,toy-0004716,,,False,24.39416668339325,0.0,23.313359325355815,0.35,3.2526911934581184,0
16,visit,2100,2160.9096576684506,z22,z22,,depot_south,local,False,13.504083548718711,36.038803355756144,46.457113095525145,10.285912696499032,0,21.623282013453686
3,visit,2100,2161.286375654997,z22,z22,,depot_south,central,False,23.16155166275553,0.0,20.07577785380582,10.285912696499032,0,0
34,visit,2100,2120.3333333333335,z31,z31,,depot_south,local,False,24.222767326750795,0.0,22.842767326750796,4.6,0,0
29,visit,2100,2126.6846079563875,z11,z11,,depot_west,local,False,24.24522294995064,0.0,22.29360823387577,6.505382386916237,0,0
39,visit,2100,2120.3333333333335,z01,z01,,depot_west,local,False,27.82928624623608,0.0,26.44928624623608,4.6,0,0
11,visit,2100,2110.0,z30,z30,,depot_south,local,True,44.744192641962364,3.3608073580376328,47.894999999999996,0.7,0,2.0164844148225796
24,visit,2100,2110.0,z00,z00,,depot_west,,True,27.539073064238487,9.444444444444446,36.773517508682936,0.7,0,5.666666666666668
18,trip,2110,2128.309854494165,z10,z31,toy-0004727,,,False,17.00988042227566,0.0,15.361993517800805,0.35,5.142956348249516,0
9,trip,2110,2133.0,z11,z10,toy-0004735,,,False,19.07529098698684,0.0,17.00529098698684,2.3,4.6,0
54,trip,2110,2128.309854494165,z22,z01,toy-0004736,,,False,36.111837666025906,0.0,34.463950761551054,0.35,5.142956348249516,0
14,trip,2110,2132.851274623054,z32,z10,toy-0004737,,,False,32.06726894730059,0.0,30.01065423122572,0.35,6.505382386916237,0
50,trip,2110,2135.410795394624,z01,z32,toy-0004729,,,False,19.549092271559672,0.0,17.26212068604349,0.35,7.273238618387272,0
33,trip,2110,2135.410795394624,z31,z00,toy-0004732,,,False,22.795829290322153,0.0,20.508857704805973,0.35,7.273238618387272,0
24,trip,2110,2135.410795394624,z00,z31,toy-0004726,,,False,36.7735175086827,0.0,34.48654592316652,0.35,7.273238618387272,0
2,trip,2110,2128.309854494165,z20,z32,toy-0004728,,,False,19.00914305637579,0.0,17.361256151900935,0.35,5.142956348249516,0
42,trip,2110,2118.8333333333335,z11,z10,toy-0004730,,,False,21.57389634178202,0.0,20.778896341782023,0.35,2.3,0
31,trip,2110,2118.8333333333335,z32,z22,toy-0004738,,,False,24.744015888133298,0.0,23.949015888133296,0.35,2.3,0
48,trip,2110,2122.0089706448603,z11,z20,toy-0004731,,,False,27.501977872633784,0.0,26.421170514596348,0.35,3.2526911934581184,0
37,trip,2110,2128.309854494165,z31,z12,toy-0004734,,,False,29.01072422336305,0.0,27.362837318888193,0.35,5.142956348249516,0
44,trip,2110,2134.1666666666665,z31,z01,toy-0004733,,,False,47.30999999999996,0.0,45.13499999999996,0.35,6.8999999999999995,0
4,trip,2110,2118.8333333333335,z31,z32,toy-0004744,,,False,8.212576231154825,0.0,7.4175762311548255,0.35,2.3,0
57,trip,2110,2122.0089706448603,z31,z22,toy-0004743,,,False,45.71999999999991,0.0,44.639192641962474,0.35,3.2526911934581184,0
23,trip,2110,2133.0,z21,z31,toy-0004740,,,False,25.023069914048943,0.0,22.953069914048942,2.3,4.6,0
38,trip,2110,2125.3333333333335,z21,z21,toy-0004745,,,False,24.307410457309437,0.0,22.92741045730944,2.3,2.3,0
51,trip,2110,2118.8333333333335,z32,z31,toy-0004747,,,False,39.389367701059406,0.0,38.594367701059404,0.35,2.3,0
70,trip,2110,2128.309854494165,z32,z11,toy-0004746,,,False,31.581030307988293,0.0,29.933143403513437,0.35,5.142956348249516,0
58,trip,2110,2122.0089706448603,z31,z20,toy-0004742,,,False,45.81802841448352,0.0,44.73722105644609,0.35,3.2526911934581184,0
53,trip,2110,2122.0089706448603,z21,z12,toy-0004741,,,False,46.4571130955252,0.0,45.37630573748777,0.35,3.2526911934581184,0
28,trip,2110,2125.3333333333335,z10,z21,toy-0004739,,,False,30.569011468437253,0.0,29.189011468437254,2.3,2.3,0
69,visit,2110,2130.3333333333335,z01,z01,,depot_west,local,False,24.909025735794348,0.0,23.52902573579435,4.6,0,0
49,visit,2110,2120.0,z00,z00,,depot_west,local,True,43.59211309552547,4.444444444444445,47.82655753996991,0.7,0,2.666666666666667
41,visit,2110,2120.0,z00,z00,,depot_west,,True,23.23678679191944,9.444444444444446,32.471231236363884,0.7,0,5.666666666666668
35,visit,2110,2120.0,z00,z00,,depot_west,,True,32.87395076155101,9.444444444444446,42.10839520599546,0.7,0,5.666666666666668
45,trip,2120,2128.8333333333335,z31,z21,toy-0004757,,,False,45.148385283924824,0.0,44.35338528392482,0.35,2.3,0
1,trip,2120,2145.410795394624,z32,z01,toy-0004760,,,False,26.2214951383509,0.0,23.93452355283472,0.35,7.273238618387272,0
0,trip,2120,2132.0089706448603,z22,z11,toy-0004758,,,False,19.192245320283142,0.0,18.111437962245706,0.35,3.2526911934581184,0
26,trip,2120,2136.5,z01,z21,toy-0004752,,,False,22.08621970885136,0.0,20.60121970885136,0.35,4.6,0
10,trip,2120,2136.5,z20,z00,toy-0004750,,,False,17.549936946680567,0.0,16.064936946680568,0.35,4.6,0
19,trip,2120,2128.8333333333335,z10,z11,toy-0004749,,,False,17.909880422275858,0.0,17.11488042227586,0.35,2.3,0
36,trip,2120,2128.8333333333335,z21,z31,toy-0004755,,,False,39.99428271545506,0.0,39.199282715455055,0.35,2.3,0
51,trip,2120,2136.5,z31,z11,toy-0004756,,,False,38.59436770105943,0.0,37.10936770105943,0.35,4.6,0
7,trip,2120,2128.8333333333335,z22,z32,toy-0004759,,,False,13.354604992776157,0.0,12.559604992776157,0.35,2.3,0
5,trip,2120,2144.809854494165,z11,z22,toy-0004753,,,False,47.024192641962365,0.0,44.79130573748751,2.3,5.142956348249516,0
42,trip,2120,2128.8333333333335,z10,z20,toy-0004748,,,False,20.778896341782048,0.0,19.98389634178205,0.35,2.3,0
12,trip,2120,2132.0089706448603,z11,z22,toy-0004754,,,False,20.873318462609852,0.0,19.792511104572416,0.35,3.2526911934581184,0
11,trip,2120,2128.8333333333335,z30,z31,toy-0004751,,,False,47.895,0.0,47.1,0.35,2.3,0
21,trip,2120,2138.309854494165,z02,z21,toy-0004766,,,False,25.852842406776244,0.0,24.204955502301388,0.35,5.142956348249516,0
31,trip,2120,2128.8333333333335,z22,z12,toy-0004770,,,False,23.949015888133324,0.0,23.154015888133323,0.35,2.3,0
77,trip,2120,2136.5,z30,z32,toy-0004761,,,False,43.87338528392512,0.0,42.38838528392512,0.35,4.6,0
43,trip,2120,2132.0089706448603,z21,z30,toy-0004763,,,False,18.54715219073977,0.0,17.466344832702333,0.35,3.2526911934581184,0
40,trip,2120,2132.0089706448603,z22,z31,toy-0004769,,,False,20.156650990126124,0.0,19.075843632088688,0.35,3.2526911934581184,0
47,trip,2120,2128.8333333333335,z02,z12,toy-0004767,,,False,43.531056828967785,0.0,42.73605682896778,0.35,2.3,0
15,trip,2120,2135.3333333333335,z00,z00,toy-0004762,,,False,27.50319992791832,0.0,26.12319992791832,2.3,2.3,0
55,trip,2120,2128.8333333333335,z21,z22,toy-0004764,,,False,28.375949504865147,0.0,27.580949504865146,0.35,2.3,0
6,trip,2120,2138.309854494165,z12,z31,toy-0004768,,,False,43.328028414483796,0.0,41.680141510008944,0.35,5.142956348249516,0
68,trip,2120,2132.0089706448603,z21,z32,toy-0004765,,,False,21.30702706688879,0.0,20.226219708851353,0.35,3.2526911934581184,0
78,trip,2120,2132.0089706448603,z32,z21,toy-0004771,,,False,21.29533091087211,0.0,20.214523552834674,0.35,3.2526911934581184,0
4,visit,2120,2180.8441209279736,z32,z32,,depot_south,local,False,7.417576231154853,41.96242376884515,46.620000000000005,9.2,0,25.17745426130709
8,visit,2120,2162.3333333333335,z31,z31,,depot_south,central,False,18.367383847039843,0.0,16.987383847039844,4.6,0,0
32,visit,2120,2181.286375654997,z22,z22,,depot_south,central,False,20.569226191050276,0.0,17.483452382100566,10.285912696499032,0,0
75,visit,2120,2155.6666666666665,z32,z32,,depot_south,local,False,33.09261147497522,0.0,30.332611474975224,9.2,0,0
22,visit,2120,2179.1288267809955,z12,z12,,depot_west,,False,11.47213502781,38.07075187666486,46.457113095525145,10.285912696499032,0,22.842451125998913
41,visit,2120,2130.0,z00,z00,,depot_west,,True,32.47123123636366,9.444444444444446,41.705675680808106,0.7,0,5.666666666666668
11,trip,2130,2148.309854494165,z31,z10,toy-0004781,,,False,47.10000000000003,0.0,45.45211309552518,0.35,5.142956348249516,0
28,trip,2130,2138.8333333333335,z21,z31,toy-0004780,,,False,29.18901146843728,0.0,28.394011468437277,0.35,2.3,0
19,trip,2130,2138.8333333333335,z11,z12,toy-0004777,,,False,17.114880422275885,0.0,16.319880422275887,0.35,2.3,0
35,trip,2130,2146.5,z00,z20,toy-0004772,,,False,42.10839520599522,0.0,40.62339520599522,0.35,4.6,0
80,trip,2130,2148.309854494165,z30,z11,toy-0004776,,,False,42.972947611360354,0.0,41.3250607068855,0.35,5.142956348249516,0
25,trip,2130,2142.0089706448603,z20,z31,toy-0004774,,,False,21.099265359063562,0.0,20.018458001026126,0.35,3.2526911934581184,0
2,trip,2130,2148.309854494165,z32,z20,toy-0004784,,,False,17.36125615190095,0.0,15.713369247426094,0.35,5.142956348249516,0
38,trip,2130,2138.8333333333335,z21,z20,toy-0004779,,,False,22.927410457309463,0.0,22.13241045730946,0.35,2.3,0
7,trip,2130,2138.8333333333335,z32,z31,toy-0004785,,,False,12.559604992776183,0.0,11.764604992776183,0.35,2.3,0
20,trip,2130,2148.309854494165,z22,z30,toy-0004783,,,False,23.31199351780098,0.0,21.664106613326123,0.35,5.142956348249516,0
46,trip,2130,2148.309854494165,z20,z01,toy-0004773,,,False,23.249058722471847,0.0,21.601171817996992,0.35,5.142956348249516,0
18,trip,2130,2138.8333333333335,z31,z32,toy-0004782,,,False,15.361993517800817,0.0,14.566993517800817,0.35,2.3,0
48,trip,2130,2148.309854494165,z20,z12,toy-0004775,,,False,26.421170514596362,0.0,24.773283610121506,0.35,5.142956348249516,0
27,trip,2130,2148.309854494165,z11,z32,toy-0004778,,,False,22.911879165590634,0.0,21.263992261115778,0.35,5.142956348249516,0
30,trip,2130,2142.0089706448603,z31,z20,toy-0004793,,,False,23.476284866806495,0.0,22.39547750876906,0.35,3.2526911934581184,0
17,trip,2130,2146.5,z32,z12,toy-0004800,,,False,20.122599858172364,0.0,18.637599858172365,0.35,4.6,0
52,trip,2130,2138.8333333333335,z22,z21,toy-0004798,,,False,46.04838528392528,0.0,45.253385283925276,0.35,2.3,0
56,trip,2130,2148.309854494165,z20,z32,toy-0004788,,,False,20.74383640934049,0.0,19.095949504865633,0.35,5.142956348249516,0
79,trip,2130,2138.8333333333335,z32,z22,toy-0004801,,,False,23.31335932535583,0.0,22.51835932535583,0.35,2.3,0
39,trip,2130,2154.1666666666665,z01,z31,toy-0004789,,,False,26.449286246236106,0.0,24.274286246236105,0.35,6.8999999999999995,0
83,trip,2130,2146.5,z32,z30,toy-0004799,,,False,31.982786534072186,0.0,30.497786534072187,0.35,4.6,0
41,trip,2130,2154.1666666666665,z00,z30,toy-0004786,,,False,41.70567568080787,0.0,39.530675680807875,0.35,6.8999999999999995,0
45,trip,2130,2138.8333333333335,z21,z11,toy-0004792,,,False,44.35338528392485,0.0,43.55838528392485,0.35,2.3,0
34,trip,2130,2138.8333333333335,z31,z21,toy-0004795,,,False,22.84276732675082,0.0,22.047767326750822,0.35,2.3,0
29,trip,2130,2146.5,z11,z31,toy-0004791,,,False,22.29360823387577,0.0,20.80860823387577,0.35,4.6,0
31,trip,2130,2146.5,z12,z32,toy-0004797,,,False,23.15401588813335,0.0,21.66901588813335,0.35,4.6,0
36,trip,2130,2138.8333333333335,z31,z30,toy-0004794,,,False,39.199282715455084,0.0,38.40428271545508,0.35,2.3,0
58,trip,2130,2146.5,z20,z22,toy-0004787,,,False,44.737221056446096,0.0,43.252221056446096,0.35,4.6,0
61,trip,2130,2148.309854494165,z11,z30,toy-0004790,,,False,46.229192641962676,0.0,44.581305737487824,0.35,5.142956348249516,0
59,trip,2130,2142.0089706448603,z31,z22,toy-0004796,,,False,30.526804116938113,0.0,29.445996758900677,0.35,3.2526911934581184,0
42,visit,2130,2150.3333333333335,z20,z20,,depot_south,local,False,19.983896341782074,0.0,18.603896341782075,4.6,0,0
70,visit,2130,2178.6846079563875,z11,z11,,depot_west,central,False,29.93314340351345,0.0,27.98152868743858,6.505382386916237,0,0
21,trip,2140,2156.5,z21,z01,toy-0004807,,,False,24.204955502301402,0.0,22.719955502301403,0.35,4.6,0
68,trip,2140,2148.8333333333335,z32,z31,toy-0004817,,,False,20.226219708851367,0.0,19.431219708851366,0.35,2.3,0
38,trip,2140,2148.8333333333335,z20,z21,toy-0004805,,,False,22.13241045730949,0.0,21.33741045730949,0.35,2.3,0
34,trip,2140,2152.0089706448603,z21,z32,toy-0004808,,,False,22.047767326750847,0.0,20.96695996871341,0.35,3.2526911934581184,0
6,trip,2140,2158.309854494165,z31,z12,toy-0004811,,,False,41.680141510008944,0.0,40.03225460553409,0.35,5.142956348249516,0
36,trip,2140,2158.309854494165,z30,z22,toy-0004806,,,False,38.40428271545511,0.0,36.75639581098026,0.35,5.142956348249516,0
9,trip,2140,2156.5,z10,z30,toy-0004803,,,False,17.00529098698684,0.0,15.52029098698684,0.35,4.6,0
67,trip,2140,2152.0089706448603,z02,z11,toy-0004813,,,False,17.531253257939014,0.0,16.450445899901577,0.35,3.2526911934581184,0
19,trip,2140,2148.8333333333335,z12,z22,toy-0004814,,,False,16.31988042227591,0.0,15.524880422275912,0.35,2.3,0
7,trip,2140,2156.5,z31,z11,toy-0004809,,,False,11.76460499277621,0.0,10.27960499277621,0.35,4.6,0
12,trip,2140,2152.0089706448603,z22,z31,toy-0004815,,,False,19.79251110457243,0.0,18.711703746534994,0.35,3.2526911934581184,0
10,trip,2140,2168.809226445224,z00,z32,toy-0004802,,,False,16.064936946680568,0.0,13.472106566610416,0.35,8.292767933567175,0
23,trip,2140,2148.8333333333335,z31,z32,toy-0004812,,,False,22.953069914048942,0.0,22.158069914048944,0.35,2.3,0
14,trip,2140,2152.0089706448603,z10,z21,toy-0004804,,,False,30.010654231225733,0.0,28.929846873188296,0.35,3.2526911934581184,0
24,trip,2140,2165.410795394624,z31,z02,toy-0004810,,,False,34.48654592316653,0.0,32.19957433765035,0.35,7.273238618387272,0
55,trip,2140,2148.8333333333335,z22,z32,toy-0004816,,,False,27.580949504865174,0.0,26.785949504865172,0.35,2.3,0
37,trip,2140,2148.8333333333335,z12,z11,toy-0004824,,,False,27.362837318888207,0.0,26.56783731888821,0.35,2.3,0
0,trip,2140,2148.8333333333335,z11,z21,toy-0004821,,,False,18.11143796224572,0.0,17.316437962245722,0.35,2.3,0
77,trip,2140,2152.0089706448603,z32,z21,toy-0004828,,,False,42.38838528392511,0.0,41.30757792588768,0.35,3.2526911934581184,0
57,trip,2140,2158.309854494165,z22,z10,toy-0004825,,,False,44.63919264196248,0.0,42.99130573748763,0.35,5.142956348249516,0
52,trip,2140,2148.8333333333335,z21,z31,toy-0004822,,,False,45.253385283925304,0.0,44.4583852839253,0.35,2.3,0
64,trip,2140,2162.851274623054,z10,z32,toy-0004820,,,False,41.795084333903475,0.0,39.738469617828606,0.35,6.505382386916237,0
15,trip,2140,2164.809854494165,z00,z31,toy-0004819,,,False,26.123199927918346,0.0,23.89031302344349,2.3,5.142956348249516,0
79,trip,2140,2156.5,z22,z20,toy-0004826,,,False,22.518359325355856,0.0,21.033359325355857,0.35,4.6,0
33,trip,2140,2158.309854494165,z00,z21,toy-0004818,,,False,20.50885770480599,0.0,18.860970800331135,0.35,5.142956348249516,0
28,trip,2140,2148.8333333333335,z31,z21,toy-0004823,,,False,28.394011468437306,0.0,27.599011468437304,0.35,2.3,0
87,trip,2140,2158.309854494165,z32,z11,toy-0004827,,,False,23.691585211843222,0.0,22.043698307368366,0.35,5.142956348249516,0
18,visit,2140,2218.554470555986,z32,z32,,depot_south,central,False,14.566993517800844,34.81300648219916,46.620000000000005,9.2,0,20.887803889319493
50,visit,2140,2175.6666666666665,z32,z32,,depot_south,local,False,17.26212068604351,0.0,14.50212068604351,9.2,0,0
26,visit,2140,2166.6846079563875,z21,z21,,depot_south,local,False,20.60121970885136,0.0,18.64960499277649,6.505382386916237,0,0
43,visit,2140,2150.0,z30,z30,,depot_south,,True,17.466344832702347,9.444444444444446,26.700789277146793,0.7,0,5.666666666666668
0,trip,2150,2158.8333333333335,z21,z22,toy-0004835,,,False,17.316437962245747,0.0,16.52143796224575,0.35,2.3,0
2,trip,2150,2162.0089706448603,z20,z11,toy-0004829,,,False,15.713369247426106,0.0,14.63256188938867,0.35,3.2526911934581184,0
23,trip,2150,2178.809226445224,z32,z00,toy-0004840,,,False,22.15806991404897,0.0,19.56523953397882,0.35,8.292767933567175,0
44,trip,2150,2162.0089706448603,z01,z10,toy-0004831,,,False,45.13499999999997,0.0,44.05419264196254,0.35,3.2526911934581184,0
46,trip,2150,2168.309854494165,z01,z20,toy-0004832,,,False,21.601171817997006,0.0,19.95328491352215,0.35,5.142956348249516,0
28,trip,2150,2162.0089706448603,z21,z10,toy-0004833,,,False,27.599011468437332,0.0,26.518204110399896,0.35,3.2526911934581184,0
27,trip,2150,2172.851274623054,z32,z10,toy-0004841,,,False,21.263992261115792,0.0,19.20737754504092,0.35,6.505382386916237,0
47,trip,2150,2174.809854494165,z12,z10,toy-0004838,,,False,42.73605682896781,0.0,40.50316992449296,2.3,5.142956348249516,0
30,trip,2150,2162.0089706448603,z20,z31,toy-0004830,,,False,22.395477508769073,0.0,21.314670150731637,0.35,3.2526911934581184,0
25,trip,2150,2162.0089706448603,z31,z22,toy-0004837,,,False,20.01845800102614,0.0,18.937650642988704,0.35,3.2526911934581184,0
48,trip,2150,2162.0089706448603,z12,z21,toy-0004839,,,False,24.77328361012152,0.0,23.692476252084084,0.35,3.2526911934581184,0
29,trip,2150,2174.1666666666665,z31,z01,toy-0004836,,,False,20.80860823387577,0.0,18.63360823387577,0.35,6.8999999999999995,0
78,trip,2150,2168.309854494165,z21,z02,toy-0004834,,,False,20.214523552834688,0.0,18.566636648359832,0.35,5.142956348249516,0
49,trip,2150,2175.410795394624,z00,z31,toy-0004842,,,False,47.826557539969684,0.0,45.5395859544535,0.35,7.273238618387272,0
55,trip,2150,2158.8333333333335,z32,z31,toy-0004854,,,False,26.7859495048652,0.0,25.9909495048652,0.35,2.3,0
53,trip,2150,2168.309854494165,z12,z31,toy-0004851,,,False,45.376305737487776,0.0,43.728418833012924,0.35,5.142956348249516,0
56,trip,2150,2158.8333333333335,z32,z22,toy-0004855,,,False,19.095949504865647,0.0,18.30094950486565,0.35,2.3,0
54,trip,2150,2181.910795394624,z01,z31,toy-0004850,,,False,34.463950761551054,0.0,31.591979176034872,2.3,7.273238618387272,0
20,trip,2150,2174.1666666666665,z30,z00,toy-0004844,,,False,21.664106613326137,0.0,19.489106613326136,0.35,6.8999999999999995,0
37,trip,2150,2168.309854494165,z11,z32,toy-0004848,,,False,26.567837318888234,0.0,24.91995041441338,0.35,5.142956348249516,0
5,trip,2150,2162.0089706448603,z22,z31,toy-0004853,,,False,44.79130573748753,0.0,43.710498379450094,0.35,3.2526911934581184,0
45,trip,2150,2166.5,z11,z31,toy-0004845,,,False,43.55838528392488,0.0,42.07338528392488,0.35,4.6,0
11,trip,2150,2174.809854494165,z10,z12,toy-0004843,,,False,45.45211309552518,0.0,43.219226191050325,2.3,5.142956348249516,0
51,trip,2150,2162.0089706448603,z11,z22,toy-0004847,,,False,37.109367701059426,0.0,36.028560343021994,0.35,3.2526911934581184,0
58,trip,2150,2162.0089706448603,z22,z11,toy-0004852,,,False,43.25222105644609,0.0,42.17141369840866,0.35,3.2526911934581184,0
80,trip,2150,2162.0089706448603,z11,z02,toy-0004846,,,False,41.3250607068855,0.0,40.24425334884807,0.35,3.2526911934581184,0
40,trip,2150,2158.8333333333335,z31,z32,toy-0004849,,,False,19.075843632088702,0.0,18.280843632088704,0.35,2.3,0
19,visit,2150,2189.286375654997,z22,z22,,depot_south,local,False,15.524880422275938,0.0,12.439106613326228,10.285912696499032,0,0
17,visit,2150,2189.286375654997,z12,z12,,depot_west,local,False,18.637599858172365,0.0,15.551826049222655,10.285912696499032,0,0
38,visit,2150,2198.6846079563875,z21,z21,,depot_south,central,False,21.337410457309517,0.0,19.385795741234645,6.505382386916237,0,0
31,visit,2150,2210.2851195571143,z32,z32,,depot_west,local,False,21.66901588813335,0.0,16.693355127993048,16.58553586713435,0,0
1,visit,2150,2170.3333333333335,z01,z01,,depot_west,local,False,23.934523552834737,0.0,22.554523552834738,4.6,0,0
59,visit,2150,2198.369215912775,z22,z22,,depot_west,local,False,29.44599675890069,0.0,25.542767326750948,13.010764773832474,0,0
35,visit,2150,2185.6666666666665,z20,z20,,depot_west,local,False,40.623395205995216,0.0,37.86339520599522,9.2,0,0
0,trip,2160,2182.851274623054,z22,z00,toy-0004871,,,False,16.521437962245773,0.0,14.464823246170903,0.35,6.505382386916237,0
43,trip,2160,2172.0089706448603,z30,z21,toy-0004857,,,False,26.700789277146566,0.0,25.61998191910913,0.35,3.2526911934581184,0
12,trip,2160,2185.410795394624,z31,z00,toy-0004865,,,False,18.711703746535008,0.0,16.424732161018827,0.35,7.273238618387272,0
39,trip,2160,2172.0089706448603,z31,z20,toy-0004867,,,False,24.274286246236123,0.0,23.193478888198687,0.35,3.2526911934581184,0
52,trip,2160,2168.8333333333335,z31,z21,toy-0004869,,,False,44.45838528392533,0.0,43.66338528392533,0.35,2.3,0
34,trip,2160,2172.0089706448603,z32,z21,toy-0004875,,,False,20.966959968713425,0.0,19.88615261067599,0.35,3.2526911934581184,0
56,trip,2160,2168.8333333333335,z22,z21,toy-0004872,,,False,18.300949504865674,0.0,17.505949504865676,0.35,2.3,0
6,trip,2160,2178.309854494165,z12,z20,toy-0004870,,,False,40.03225460553409,0.0,38.38436770105924,0.35,5.142956348249516,0
21,trip,2160,2185.410795394624,z01,z32,toy-0004859,,,False,22.719955502301403,0.0,20.432983916785222,0.35,7.273238618387272,0
55,trip,2160,2176.5,z31,z11,toy-0004868,,,False,25.990949504865227,0.0,24.505949504865228,0.35,4.6,0
60,trip,2160,2178.309854494165,z31,z10,toy-0004866,,,False,26.05360184258677,0.0,24.405714938111913,0.35,5.142956348249516,0
33,trip,2160,2168.8333333333335,z21,z31,toy-0004862,,,False,18.86097080033115,0.0,18.06597080033115,0.35,2.3,0
86,trip,2160,2168.8333333333335,z22,z32,toy-0004873,,,False,46.04838528392546,0.0,45.25338528392546,0.35,2.3,0
7,trip,2160,2168.8333333333335,z11,z01,toy-0004861,,,False,10.27960499277621,0.0,9.48460499277621,0.35,2.3,0
83,trip,2160,2168.8333333333335,z30,z31,toy-0004858,,,False,30.497786534072187,0.0,29.70278653407219,0.35,2.3,0
67,trip,2160,2172.0089706448603,z11,z20,toy-0004860,,,False,16.45044589990159,0.0,15.369638541864155,0.35,3.2526911934581184,0
75,trip,2160,2178.309854494165,z32,z20,toy-0004874,,,False,30.332611474975195,0.0,28.68472457050034,0.35,5.142956348249516,0
77,trip,2160,2172.0089706448603,z21,z12,toy-0004863,,,False,41.307577925887685,0.0,40.22677056785025,0.35,3.2526911934581184,0
42,trip,2160,2178.5089706448603,z20,z32,toy-0004864,,,False,18.6038963417821,0.0,16.938088983744663,2.3,3.2526911934581184,0
57,trip,2160,2178.309854494165,z10,z22,toy-0004856,,,False,42.99130573748763,0.0,41.34341883301278,0.35,5.142956348249516,0
88,trip,2160,2168.8333333333335,z32,z31,toy-0004887,,,False,20.57801679768095,0.0,19.78301679768095,0.35,2.3,0
62,trip,2160,2172.0089706448603,z31,z22,toy-0004884,,,False,22.152209439643435,0.0,21.071402081606,0.35,3.2526911934581184,0
89,trip,2160,2185.410795394624,z32,z01,toy-0004886,,,False,24.079956154001884,0.0,21.792984568485704,0.35,7.273238618387272,0
63,trip,2160,2175.3333333333335,z31,z20,toy-0004881,,,False,19.216242684168314,0.0,17.836242684168315,2.3,2.3,0
79,trip,2160,2178.309854494165,z20,z32,toy-0004879,,,False,21.033359325355857,0.0,19.385472420881,0.35,5.142956348249516,0
82,trip,2160,2178.5089706448603,z20,z01,toy-0004877,,,False,18.063618155945992,0.0,16.397810797908555,2.3,3.2526911934581184,0
69,trip,2160,2168.8333333333335,z01,z11,toy-0004880,,,False,23.529025735794374,0.0,22.734025735794376,0.35,2.3,0
65,trip,2160,2168.8333333333335,z31,z32,toy-0004885,,,False,22.772662822201685,0.0,21.977662822201687,0.35,2.3,0
66,trip,2160,2175.3333333333335,z31,z11,toy-0004882,,,False,31.761837666025865,0.0,30.381837666025866,2.3,2.3,0
87,trip,2160,2192.526911934581,z11,z22,toy-0004876,,,False,22.04369830736838,0.0,19.116276233256073,3.2526911934581184,6.505382386916237,0
68,trip,2160,2178.5089706448603,z31,z10,toy-0004878,,,False,19.431219708851394,0.0,17.765412350813957,3.2526911934581184,2.3,0
71,trip,2160,2190.6666666666665,z31,z02,toy-0004888,,,False,20.056151958975477,0.0,17.29615195897548,2.3,6.8999999999999995,0
72,trip,2160,2178.309854494165,z31,z12,toy-0004883,,,False,30.615832184284102,0.0,28.967945279809246,0.35,5.142956348249516,0
9,visit,2160,2170.0,z30,z30,,depot_south,local,True,15.520290986986842,4.444444444444445,19.754735431431286,0.7,0,2.666666666666667
40,visit,2160,2195.6666666666665,z32,z32,,depot_south,local,False,18.28084363208873,0.0,15.520843632088729,9.2,0,0
14,visit,2160,2199.286375654997,z21,z21,,depot_west,local,False,28.92984687318831,0.0,25.8440730642386,10.285912696499032,0,0
36,visit,2160,2208.369215912775,z22,z22,,depot_west,local,False,36.75639581098026,0.0,32.853166378830515,13.010764773832474,0,0
24,trip,2170,2194.1666666666665,z02,z32,toy-0004897,,,False,32.19957433765036,0.0,30.02457433765036,0.35,6.8999999999999995,0
3,trip,2170,2182.0089706448603,z22,z31,toy-0004900,,,False,20.07577785380582,0.0,18.994970495768385,0.35,3.2526911934581184,0
13,trip,2170,2186.5,z12,z32,toy-0004898,,,False,23.1204631356298,0.0,21.635463135629802,0.35,4.6,0
9,trip,2170,2199.351274623054,z30,z02,toy-0004891,,,False,19.75473543143106,0.0,17.113120715356192,2.3,6.505382386916237,0
16,trip,2170,2178.8333333333335,z22,z12,toy-0004901,,,False,46.45711309552519,0.0,45.662113095525186,0.35,2.3,0
10,trip,2170,2188.309854494165,z32,z11,toy-0004902,,,False,13.472106566610417,0.0,11.824219662135562,0.35,5.142956348249516,0
7,trip,2170,2194.1666666666665,z01,z31,toy-0004894,,,False,9.484604992776237,0.0,7.309604992776237,0.35,6.8999999999999995,0
26,trip,2170,2185.3333333333335,z21,z21,toy-0004889,,,False,18.64960499277649,0.0,17.26960499277649,2.3,2.3,0
5,trip,2170,2178.8333333333335,z31,z30,toy-0004896,,,False,43.7104983794501,0.0,42.9154983794501,0.35,2.3,0
52,trip,2170,2188.309854494165,z21,z00,toy-0004895,,,False,43.66338528392536,0.0,42.015498379450506,0.35,5.142956348249516,0
25,trip,2170,2188.309854494165,z22,z01,toy-0004899,,,False,18.937650642988718,0.0,17.289763738513862,0.35,5.142956348249516,0
8,trip,2170,2199.351274623054,z31,z12,toy-0004893,,,False,16.98738384703987,0.0,14.345769130964998,2.3,6.505382386916237,0
28,trip,2170,2193.0,z10,z22,toy-0004892,,,False,26.51820411039991,0.0,24.44820411039991,2.3,4.6,0
44,trip,2170,2188.5089706448603,z10,z31,toy-0004890,,,False,44.054192641962544,0.0,42.38838528392511,2.3,3.2526911934581184,0
15,trip,2170,2178.8333333333335,z31,z32,toy-0004915,,,False,23.8903130234435,0.0,23.095313023443502,0.35,2.3,0
78,trip,2170,2192.851274623054,z02,z20,toy-0004916,,,False,18.566636648359847,0.0,16.510021932284975,0.35,6.505382386916237,0
2,trip,2170,2186.5,z11,z31,toy-0004910,,,False,14.632561889388683,0.0,13.147561889388683,0.35,4.6,0
30,trip,2170,2193.0,z31,z32,toy-0004906,,,False,21.31467015073165,0.0,19.24467015073165,2.3,4.6,0
37,trip,2170,2178.8333333333335,z32,z31,toy-0004919,,,False,24.919950414413393,0.0,24.12495041441339,0.35,2.3,0
56,trip,2170,2182.0089706448603,z21,z32,toy-0004913,,,False,17.5059495048657,0.0,16.425142146828264,0.35,3.2526911934581184,0
80,trip,2170,2178.8333333333335,z02,z01,toy-0004917,,,False,40.244253348848076,0.0,39.449253348848075,0.35,2.3,0
33,trip,2170,2185.3333333333335,z31,z31,toy-0004911,,,False,18.065970800331176,0.0,16.685970800331177,2.3,2.3,0
45,trip,2170,2185.3333333333335,z31,z22,toy-0004912,,,False,42.07338528392487,0.0,40.69338528392487,2.3,2.3,0
58,trip,2170,2193.0,z11,z21,toy-0004907,,,False,42.171413698408664,0.0,40.10141369840866,2.3,4.6,0
53,trip,2170,2201.910795394624,z31,z01,toy-0004905,,,False,43.728418833012924,0.0,40.856447247496746,2.3,7.273238618387272,0
69,trip,2170,2194.809854494165,z11,z31,toy-0004903,,,False,22.7340257357944,0.0,20.501138831319544,2.3,5.142956348249516,0
51,trip,2170,2186.5,z22,z20,toy-0004918,,,False,36.028560343022,0.0,34.543560343022,0.35,4.6,0
73,trip,2170,2193.0,z31,z21,toy-0004909,,,False,44.22422619105038,0.0,42.15422619105038,4.6,2.3,0
74,trip,2170,2188.5089706448603,z31,z30,toy-0004904,,,False,32.34399162429658,0.0,30.67818426625914,3.2526911934581184,2.3,0
76,trip,2170,2193.0,z31,z10,toy-0004908,,,False,30.75906161643383,0.0,28.68906161643383,4.6,2.3,0
64,trip,2170,2186.5,z32,z12,toy-0004920,,,False,39.73846961782861,0.0,38.253469617828614,0.35,4.6,0
65,trip,2170,2178.8333333333335,z32,z22,toy-0004921,,,False,21.97766282220171,0.0,21.182662822201713,0.35,2.3,0
81,trip,2170,2178.8333333333335,z31,z21,toy-0004914,,,False,23.389665062843537,0.0,22.59466506284354,0.35,2.3,0
46,visit,2170,2190.3333333333335,z20,z20,,depot_south,local,False,19.953284913522165,0.0,18.573284913522166,4.6,0,0
48,visit,2170,2196.6846079563875,z21,z21,,depot_south,local,False,23.6924762520841,0.0,21.740861536009227,6.505382386916237,0,0
41,visit,2170,2180.0,z30,z30,,depot_south,local,True,39.53067568080788,4.444444444444445,43.765120125252324,0.7,0,2.666666666666667
61,visit,2170,2180.0,z30,z30,,depot_south,local,True,44.581305737487824,3.5236942625121728,47.894999999999996,0.7,0,2.1142165575073038
62,trip,2180,2188.8333333333335,z22,z21,toy-0004932,,,False,21.071402081606013,0.0,20.276402081606015,0.35,2.3,0
11,trip,2180,2198.309854494165,z12,z31,toy-0004931,,,False,43.21922619105034,0.0,41.57133928657549,0.35,5.142956348249516,0
49,trip,2180,2192.0089706448603,z31,z20,toy-0004927,,,False,45.539585954453514,0.0,44.45877859641608,0.35,3.2526911934581184,0
1,trip,2180,2192.0089706448603,z01,z12,toy-0004923,,,False,22.554523552834763,0.0,21.473716194797326,0.35,3.2526911934581184,0
83,trip,2180,2196.5,z31,z11,toy-0004929,,,False,29.702786534072214,0.0,28.217786534072214,0.35,4.6,0
55,trip,2180,2198.309854494165,z11,z32,toy-0004925,,,False,24.505949504865228,0.0,22.858062600390372,0.35,5.142956348249516,0
34,trip,2180,2192.0089706448603,z21,z30,toy-0004926,,,False,19.886152610676003,0.0,18.805345252638567,0.35,3.2526911934581184,0
15,trip,2180,2192.0089706448603,z32,z21,toy-0004934,,,False,23.095313023443527,0.0,22.01450566540609,0.35,3.2526911934581184,0
84,trip,2180,2204.1666666666665,z31,z01,toy-0004928,,,False,31.938109854425715,0.0,29.763109854425714,0.35,6.8999999999999995,0
85,trip,2180,2192.0089706448603,z31,z22,toy-0004930,,,False,31.880222949950852,0.0,30.799415591913416,0.35,3.2526911934581184,0
27,trip,2180,2192.0089706448603,z10,z21,toy-0004922,,,False,19.207377545040934,0.0,18.126570187003498,0.35,3.2526911934581184,0
65,trip,2180,2188.8333333333335,z22,z32,toy-0004933,,,False,21.18266282220174,0.0,20.38766282220174,0.35,2.3,0
29,trip,2180,2198.309854494165,z01,z22,toy-0004924,,,False,18.633608233875787,0.0,16.98572132940093,0.35,5.142956348249516,0
16,trip,2180,2203.0,z12,z02,toy-0004947,,,False,45.662113095525214,0.0,43.592113095525214,2.3,4.6,0
88,trip,2180,2188.8333333333335,z31,z21,toy-0004942,,,False,19.783016797680975,0.0,18.988016797680977,0.35,2.3,0
81,trip,2180,2188.8333333333335,z21,z31,toy-0004941,,,False,22.594665062843564,0.0,21.799665062843566,0.35,2.3,0
47,trip,2180,2202.851274623054,z10,z32,toy-0004938,,,False,40.50316992449297,0.0,38.446555208418104,0.35,6.505382386916237,0
42,trip,2180,2196.5,z32,z30,toy-0004949,,,False,16.938088983744674,0.0,15.453088983744674,0.35,4.6,0
41,trip,2180,2195.3333333333335,z30,z32,toy-0004943,,,False,43.765120125252096,0.0,42.385120125252094,2.3,2.3,0
22,trip,2180,2198.5089706448603,z12,z31,toy-0004946,,,False,46.457113095525465,0.0,44.79130573748803,2.3,3.2526911934581184,0
66,trip,2180,2192.0089706448603,z11,z22,toy-0004940,,,False,30.38183766602589,0.0,29.301030307988455,0.35,3.2526911934581184,0
50,trip,2180,2188.8333333333335,z32,z31,toy-0004950,,,False,14.502120686043485,0.0,13.707120686043485,0.35,2.3,0
68,trip,2180,2188.8333333333335,z10,z11,toy-0004936,,,False,17.76541235081397,0.0,16.970412350813973,0.35,2.3,0
20,trip,2180,2192.0089706448603,z00,z11,toy-0004935,,,False,19.489106613326154,0.0,18.408299255288718,0.35,3.2526911934581184,0
72,trip,2180,2198.5089706448603,z12,z11,toy-0004945,,,False,28.96794527980926,0.0,27.302137921771823,2.3,3.2526911934581184,0
79,trip,2180,2198.309854494165,z32,z20,toy-0004948,,,False,19.385472420881015,0.0,17.73758551640616,0.35,5.142956348249516,0
61,trip,2180,2188.8333333333335,z30,z20,toy-0004939,,,False,47.89500000000028,0.0,47.10000000000028,0.35,2.3,0
77,trip,2180,2188.8333333333335,z12,z22,toy-0004944,,,False,40.22677056785026,0.0,39.43177056785026,0.35,2.3,0
6,trip,2180,2203.0,z20,z12,toy-0004937,,,False,38.38436770105924,0.0,36.31436770105924,2.3,4.6,0
23,visit,2180,2190.0,z00,z00,,depot_west,local,True,19.565239533978822,4.444444444444445,23.799683978423268,0.7,0,2.666666666666667
37,visit,2180,2200.3333333333335,z31,z31,,depot_south,local,False,24.12495041441342,0.0,22.74495041441342,4.6,0,0
60,visit,2180,2200.3333333333335,z10,z10,,depot_west,local,False,24.405714938111927,0.0,23.02571493811193,4.6,0,0
43,visit,2180,2206.6846079563875,z21,z21,,depot_south,local,False,25.619981919109144,0.0,23.668367203034272,6.505382386916237,0,0
57,visit,2180,2219.286375654997,z22,z22,,depot_south,local,False,41.34341883301278,0.0,38.257645024063066,10.285912696499032,0,0
5,visit,2180,2209.3333333333335,z30,z30,,depot_south,central,False,42.91549837945013,0.0,42.70549837945013,0.7,0,0
2,trip,2190,2202.0089706448603,z31,z22,toy-0004964,,,False,13.147561889388683,0.0,12.066754531351247,0.35,3.2526911934581184,0
4,trip,2190,2198.8333333333335,z32,z22,toy-0004968,,,False,46.61999999999991,0.0,45.82499999999991,0.35,2.3,0
3,trip,2190,2208.309854494165,z31,z10,toy-0004962,,,False,18.9949704957684,0.0,17.347083591293543,0.35,5.142956348249516,0
25,trip,2190,2215.410795394624,z01,z30,toy-0004956,,,False,17.289763738513876,0.0,15.002792152997696,0.35,7.273238618387272,0
35,trip,2190,2202.0089706448603,z20,z31,toy-0004953,,,False,37.8633952059952,0.0,36.782587847957764,0.35,3.2526911934581184,0
10,trip,2190,2198.8333333333335,z11,z12,toy-0004959,,,False,11.824219662135572,0.0,11.029219662135572,0.35,2.3,0
17,trip,2190,2202.0089706448603,z12,z21,toy-0004965,,,False,15.551826049222653,0.0,14.471018691185217,0.35,3.2526911934581184,0
39,trip,2190,2208.309854494165,z20,z12,toy-0004954,,,False,23.1934788881987,0.0,21.545591983723845,0.35,5.142956348249516,0
68,trip,2190,2202.0089706448603,z11,z00,toy-0004957,,,False,16.970412350813998,0.0,15.889604992776562,0.35,3.2526911934581184,0
61,trip,2190,2208.309854494165,z20,z32,toy-0004955,,,False,47.10000000000031,0.0,45.452113095525455,0.35,5.142956348249516,0
26,trip,2190,2198.8333333333335,z21,z11,toy-0004961,,,False,17.269604992776515,0.0,16.474604992776513,0.35,2.3,0
13,trip,2190,2208.309854494165,z32,z11,toy-0004967,,,False,21.635463135629802,0.0,19.987576231154947,0.35,5.142956348249516,0
62,trip,2190,2206.5,z21,z01,toy-0004960,,,False,20.27640208160604,0.0,18.79140208160604,0.35,4.6,0
0,trip,2190,2205.3333333333335,z00,z20,toy-0004951,,,False,14.464823246170914,0.0,13.084823246170913,2.3,2.3,0
70,trip,2190,2206.5,z11,z31,toy-0004958,,,False,27.98152868743858,0.0,26.49652868743858,0.35,4.6,0
33,trip,2190,2208.309854494165,z31,z12,toy-0004963,,,False,16.6859708003312,0.0,15.038083895856346,0.35,5.142956348249516,0
21,trip,2190,2212.851274623054,z32,z10,toy-0004966,,,False,20.43298391678524,0.0,18.376369200710368,0.35,6.505382386916237,0
63,trip,2190,2202.0089706448603,z20,z11,toy-0004952,,,False,17.83624268416834,0.0,16.755435326130904,0.35,3.2526911934581184,0
19,trip,2190,2205.3333333333335,z22,z20,toy-0004970,,,False,12.439106613326222,0.0,11.059106613326222,2.3,2.3,0
64,trip,2190,2225.309226445224,z12,z30,toy-0004975,,,False,38.25346961782861,0.0,35.07563923775845,2.3,8.292767933567175,0
56,trip,2190,2202.0089706448603,z32,z21,toy-0004979,,,False,16.42514214682828,0.0,15.344334788790842,0.35,3.2526911934581184,0
32,trip,2190,2208.309854494165,z22,z10,toy-0004976,,,False,17.483452382100566,0.0,15.83556547762571,0.35,5.142956348249516,0
44,trip,2190,2208.5089706448603,z31,z10,toy-0004969,,,False,42.388385283925125,0.0,40.72257792588769,2.3,3.2526911934581184,0
50,trip,2190,2208.5089706448603,z31,z32,toy-0004973,,,False,13.707120686043512,0.0,12.041313328006076,2.3,3.2526911934581184,0
77,trip,2190,2208.309854494165,z22,z30,toy-0004977,,,False,39.431770567850286,0.0,37.783883663375434,0.35,5.142956348249516,0
67,trip,2190,2208.5089706448603,z20,z12,toy-0004971,,,False,15.369638541864168,0.0,13.703831183826733,2.3,3.2526911934581184,0
75,trip,2190,2205.3333333333335,z20,z22,toy-0004972,,,False,28.684724570500354,0.0,27.304724570500355,2.3,2.3,0
81,trip,2190,2215.410795394624,z31,z02,toy-0004974,,,False,21.79966506284359,0.0,19.51269347732741,0.35,7.273238618387272,0
65,trip,2190,2205.3333333333335,z32,z32,toy-0004978,,,False,20.387662822201765,0.0,19.007662822201766,2.3,2.3,0
88,visit,2190,2216.6846079563875,z21,z21,,depot_south,local,False,18.988016797681002,0.0,17.03640208160613,6.505382386916237,0,0
54,visit,2190,2210.3333333333335,z31,z31,,depot_south,local,False,31.59197917603489,0.0,30.21197917603489,4.6,0,0
51,visit,2190,2210.3333333333335,z20,z20,,depot_south,local,False,34.543560343021994,0.0,33.16356034302199,4.6,0,0
45,visit,2190,2238.369215912775,z22,z22,,depot_west,local,False,40.6933852839249,0.0,36.790155851775154,13.010764773832474,0,0
12,visit,2190,2200.0,z00,z00,,depot_west,,True,16.424732161018845,9.444444444444446,25.65917660546329,0.7,0,5.666666666666668
23,visit,2190,2200.0,z00,z00,,depot_west,,True,23.79968397842304,9.444444444444446,33.03412842286749,0.7,0,5.666666666666668
11,trip,2200,2225.410795394624,z31,z00,toy-0004992,,,False,41.57133928657549,0.0,39.2843677010593,0.35,7.273238618387272,0
14,trip,2200,2208.8333333333335,z21,z31,toy-0004991,,,False,25.844073064238597,0.0,25.0490730642386,0.35,2.3,0
22,trip,2200,2208.8333333333335,z31,z21,toy-0004995,,,False,44.791305737488045,0.0,43.99630573748804,0.35,2.3,0
12,trip,2200,2208.8333333333335,z00,z10,toy-0004980,,,False,25.659176605463063,0.0,24.864176605463065,0.35,2.3,0
46,trip,2200,2208.8333333333335,z20,z21,toy-0004984,,,False,18.57328491352219,0.0,17.778284913522192,0.35,2.3,0
69,trip,2200,2212.0089706448603,z31,z20,toy-0004993,,,False,20.501138831319555,0.0,19.42033147328212,0.35,3.2526911934581184,0
76,trip,2200,2218.309854494165,z10,z31,toy-0004983,,,False,28.68906161643383,0.0,27.041174711958973,0.35,5.142956348249516,0
1,trip,2200,2216.5,z12,z10,toy-0004998,,,False,21.47371619479734,0.0,19.98871619479734,0.35,4.6,0
23,trip,2200,2225.410795394624,z00,z31,toy-0004981,,,False,33.034128422867255,0.0,30.747156837351074,0.35,7.273238618387272,0
9,trip,2200,2216.5,z02,z22,toy-0004997,,,False,17.113120715356203,0.0,15.628120715356204,0.35,4.6,0
80,trip,2200,2225.410795394624,z01,z32,toy-0004988,,,False,39.4492533488481,0.0,37.16228176333192,0.35,7.273238618387272,0
24,trip,2200,2215.3333333333335,z32,z32,toy-0004996,,,False,30.024574337650375,0.0,28.644574337650376,2.3,2.3,0
82,trip,2200,2224.1666666666665,z01,z31,toy-0004987,,,False,16.397810797908566,0.0,14.222810797908565,0.35,6.8999999999999995,0
26,trip,2200,2212.0089706448603,z11,z20,toy-0004989,,,False,16.47460499277654,0.0,15.393797634739105,0.35,3.2526911934581184,0
40,trip,2200,2208.8333333333335,z32,z31,toy-0005001,,,False,15.520843632088702,0.0,14.725843632088703,0.35,2.3,0
34,trip,2200,2208.8333333333335,z30,z31,toy-0004985,,,False,18.80534525263858,0.0,18.01034525263858,0.35,2.3,0
8,trip,2200,2216.5,z12,z32,toy-0004999,,,False,14.345769130965007,0.0,12.860769130965007,0.35,4.6,0
4,trip,2200,2212.0089706448603,z22,z31,toy-0005000,,,False,45.82499999999994,0.0,44.744192641962506,0.35,3.2526911934581184,0
42,trip,2200,2218.309854494165,z30,z22,toy-0004986,,,False,15.453088983744676,0.0,13.805202079269822,0.35,5.142956348249516,0
52,trip,2200,2228.809226445224,z00,z32,toy-0004982,,,False,42.015498379450506,0.0,39.42266799938035,0.35,8.292767933567175,0
72,trip,2200,2208.8333333333335,z11,z21,toy-0004990,,,False,27.302137921771834,0.0,26.507137921771836,0.35,2.3,0
27,trip,2200,2223.0,z21,z11,toy-0004994,,,False,18.126570187003512,0.0,16.056570187003512,2.3,4.6,0
10,trip,2200,2218.309854494165,z12,z31,toy-0005010,,,False,11.0292196621356,0.0,9.381332757660743,0.35,5.142956348249516,0
41,trip,2200,2225.410795394624,z32,z01,toy-0005014,,,False,42.38512012525212,0.0,40.09814853973594,0.35,7.273238618387272,0
71,trip,2200,2218.309854494165,z02,z21,toy-0005006,,,False,17.29615195897549,0.0,15.648265054500634,0.35,5.142956348249516,0
28,trip,2200,2215.3333333333335,z22,z02,toy-0005011,,,False,24.44820411039991,0.0,23.06820411039991,2.3,2.3,0
86,trip,2200,2228.809226445224,z32,z00,toy-0005013,,,False,45.25338528392549,0.0,42.660554903855335,0.35,8.292767933567175,0
29,trip,2200,2208.8333333333335,z22,z21,toy-0005012,,,False,16.985721329400945,0.0,16.190721329400944,0.35,2.3,0
89,trip,2200,2231.910795394624,z01,z31,toy-0005007,,,False,21.79298456848572,0.0,18.92101298296954,2.3,7.273238618387272,0
59,trip,2200,2218.5089706448603,z22,z01,toy-0005008,,,False,25.542767326750944,0.0,23.876959968713507,2.3,3.2526911934581184,0
38,trip,2200,2224.809854494165,z21,z32,toy-0005004,,,False,19.385795741234645,0.0,17.152908836759792,2.3,5.142956348249516,0
49,trip,2200,2224.809854494165,z20,z22,toy-0005002,,,False,44.45877859641609,0.0,42.225891691941236,2.3,5.142956348249516,0
66,trip,2200,2223.0,z22,z12,toy-0005015,,,False,29.30103030798847,0.0,27.23103030798847,2.3,4.6,0
85,trip,2200,2215.3333333333335,z22,z11,toy-0005009,,,False,30.79941559191343,0.0,29.41941559191343,2.3,2.3,0
78,trip,2200,2216.5,z20,z22,toy-0005003,,,False,16.51002193228499,0.0,15.02502193228499,0.35,4.6,0
48,trip,2200,2218.5089706448603,z21,z22,toy-0005005,,,False,21.740861536009227,0.0,20.07505417797179,2.3,3.2526911934581184,0
79,visit,2200,2220.3333333333335,z20,z20,,depot_south,local,False,17.737585516406174,0.0,16.357585516406175,4.6,0,0
20,visit,2200,2248.6846079563875,z11,z11,,depot_west,central,False,18.408299255288732,0.0,16.45668453921386,6.505382386916237,0,0
30,visit,2200,2235.6666666666665,z32,z32,,depot_south,local,False,19.24467015073165,0.0,16.484670150731652,9.2,0,0
15,visit,2200,2226.6846079563875,z21,z21,,depot_south,local,False,22.014505665406105,0.0,20.062890949331234,6.505382386916237,0,0
55,visit,2200,2235.6666666666665,z32,z32,,depot_south,local,False,22.858062600390387,0.0,20.098062600390385,9.2,0,0
83,visit,2200,2226.6846079563875,z11,z11,,depot_west,local,False,28.217786534072214,0.0,26.266171817997343,6.505382386916237,0,0
47,trip,2210,2218.8333333333335,z32,z22,toy-0005034,,,False,38.44655520841811,0.0,37.65155520841811,0.35,2.3,0
68,trip,2210,2228.309854494165,z00,z21,toy-0005016,,,False,15.889604992776576,0.0,14.24171808830172,0.35,5.142956348249516,0
17,trip,2210,2218.8333333333335,z21,z31,toy-0005021,,,False,14.471018691185229,0.0,13.676018691185229,0.35,2.3,0
6,trip,2210,2232.851274623054,z12,z30,toy-0005027,,,False,36.31436770105924,0.0,34.25775298498437,0.35,6.505382386916237,0
22,trip,2210,2222.0089706448603,z21,z32,toy-0005022,,,False,43.99630573748807,0.0,42.91549837945064,0.35,3.2526911934581184,0
13,trip,2210,2226.5,z11,z31,toy-0005020,,,False,19.98757623115496,0.0,18.50257623115496,0.35,4.6,0
14,trip,2210,2218.8333333333335,z31,z32,toy-0005025,,,False,25.049073064238623,0.0,24.254073064238625,0.35,2.3,0
0,trip,2210,2222.0089706448603,z20,z31,toy-0005018,,,False,13.084823246170942,0.0,12.004015888133505,0.35,3.2526911934581184,0
50,trip,2210,2228.309854494165,z32,z20,toy-0005031,,,False,12.041313328006089,0.0,10.393426423531235,0.35,5.142956348249516,0
33,trip,2210,2228.309854494165,z12,z00,toy-0005026,,,False,15.038083895856357,0.0,13.3901969913815,0.35,5.142956348249516,0
34,trip,2210,2218.8333333333335,z31,z21,toy-0005024,,,False,18.010345252638608,0.0,17.215345252638606,0.35,2.3,0
7,trip,2210,2218.8333333333335,z31,z30,toy-0005023,,,False,7.30960499277625,0.0,6.51460499277625,0.35,2.3,0
2,trip,2210,2218.8333333333335,z22,z12,toy-0005030,,,False,12.06675453135126,0.0,11.27175453135126,0.35,2.3,0
61,trip,2210,2222.0089706448603,z32,z21,toy-0005032,,,False,45.452113095525455,0.0,44.37130573748802,0.35,3.2526911934581184,0
36,trip,2210,2222.0089706448603,z22,z31,toy-0005029,,,False,32.853166378830515,0.0,31.77235902079308,0.35,3.2526911934581184,0
5,trip,2210,2228.309854494165,z30,z11,toy-0005019,,,False,42.70549837945015,0.0,41.057611474975296,0.35,5.142956348249516,0
65,trip,2210,2218.8333333333335,z32,z31,toy-0005033,,,False,19.00766282220179,0.0,18.212662822201793,0.35,2.3,0
75,trip,2210,2226.5,z22,z20,toy-0005028,,,False,27.30472457050038,0.0,25.81972457050038,0.35,4.6,0
19,trip,2210,2228.309854494165,z20,z01,toy-0005017,,,False,11.05910661332625,0.0,9.411219708851394,0.35,5.142956348249516,0
16,trip,2210,2226.5,z02,z00,toy-0005046,,,False,43.592113095525214,0.0,42.107113095525214,0.35,4.6,0
63,trip,2210,2222.0089706448603,z11,z22,toy-0005039,,,False,16.755435326130918,0.0,15.674627968093482,0.35,3.2526911934581184,0
35,trip,2210,2226.5,z31,z11,toy-0005044,,,False,36.78258784795777,0.0,35.29758784795777,0.35,4.6,0
37,trip,2210,2222.0089706448603,z31,z20,toy-0005042,,,False,22.744950414413445,0.0,21.66414305637601,0.35,3.2526911934581184,0
40,trip,2210,2234.809854494165,z31,z11,toy-0005049,,,False,14.72584363208873,0.0,12.492956727613874,2.3,5.142956348249516,0
29,trip,2210,2218.8333333333335,z21,z22,toy-0005040,,,False,16.190721329400972,0.0,15.395721329400972,0.35,2.3,0
3,trip,2210,2234.809854494165,z10,z30,toy-0005038,,,False,17.347083591293558,0.0,15.114196686818703,2.3,5.142956348249516,0
70,trip,2210,2228.309854494165,z31,z10,toy-0005041,,,False,26.49652868743858,0.0,24.848641782963725,0.35,5.142956348249516,0
12,trip,2210,2234.809854494165,z10,z32,toy-0005036,,,False,24.86417660546309,0.0,22.631289700988233,2.3,5.142956348249516,0
87,trip,2210,2222.0089706448603,z22,z11,toy-0005047,,,False,19.11627623325607,0.0,18.035468875218633,0.35,3.2526911934581184,0
32,trip,2210,2228.309854494165,z10,z02,toy-0005035,,,False,15.835565477625723,0.0,14.187678573150869,0.35,5.142956348249516,0
43,trip,2210,2234.809854494165,z21,z12,toy-0005045,,,False,23.668367203034272,0.0,21.43548029855942,2.3,5.142956348249516,0
46,trip,2210,2240.6666666666665,z21,z01,toy-0005043,,,False,17.778284913522217,0.0,15.018284913522217,2.3,6.8999999999999995,0
39,trip,2210,2225.3333333333335,z12,z32,toy-0005048,,,False,21.54559198372386,0.0,20.16559198372386,2.3,2.3,0
74,trip,2210,2222.0089706448603,z30,z21,toy-0005037,,,False,30.678184266259155,0.0,29.59737690822172,0.35,3.2526911934581184,0
44,visit,2210,2230.3333333333335,z10,z10,,depot_west,local,False,40.722577925887705,0.0,39.3425779258877,4.6,0,0
67,visit,2210,2267.7898090873855,z12,z12,,depot_west,,False,13.703831183826745,35.83905572064811,46.457113095525145,10.285912696499032,0,21.503433432388864
77,visit,2210,2220.0,z30,z30,,depot_south,,True,37.783883663375434,9.444444444444446,47.018328107819876,0.7,0,5.666666666666668
4,trip,2220,2228.8333333333335,z31,z32,toy-0005054,,,False,44.74419264196251,0.0,43.94919264196251,0.35,2.3,0
9,trip,2220,2238.309854494165,z22,z01,toy-0005056,,,False,15.628120715356205,0.0,13.980233810881352,0.35,5.142956348249516,0
10,trip,2220,2232.0089706448603,z31,z22,toy-0005053,,,False,9.381332757660754,0.0,8.300525399623318,0.35,3.2526911934581184,0
34,trip,2220,2228.8333333333335,z21,z11,toy-0005052,,,False,17.215345252638635,0.0,16.420345252638633,0.35,2.3,0
29,trip,2220,2244.809854494165,z22,z20,toy-0005055,,,False,15.395721329400999,0.0,13.162834424926144,2.3,5.142956348249516,0
53,trip,2220,2236.5,z01,z21,toy-0005051,,,False,40.85644724749676,0.0,39.37144724749676,0.35,4.6,0
8,trip,2220,2228.8333333333335,z32,z31,toy-0005057,,,False,12.860769130965007,0.0,12.065769130965007,0.35,2.3,0
1,trip,2220,2242.851274623054,z10,z32,toy-0005050,,,False,19.98871619479734,0.0,17.93210147872247,0.35,6.505382386916237,0
14,trip,2220,2242.851274623054,z32,z10,toy-0005072,,,False,24.25407306423865,0.0,22.197458348163778,0.35,6.505382386916237,0
26,trip,2220,2236.5,z20,z00,toy-0005059,,,False,15.393797634739117,0.0,13.908797634739118,0.35,4.6,0
42,trip,2220,2235.3333333333335,z22,z22,toy-0005069,,,False,13.805202079269831,0.0,12.42520207926983,2.3,2.3,0
56,trip,2220,2232.0089706448603,z21,z32,toy-0005067,,,False,15.344334788790855,0.0,14.263527430753419,0.35,3.2526911934581184,0
59,trip,2220,2238.309854494165,z01,z20,toy-0005061,,,False,23.876959968713518,0.0,22.229073064238662,0.35,5.142956348249516,0
21,trip,2220,2232.0089706448603,z10,z21,toy-0005058,,,False,18.376369200710382,0.0,17.295561842672946,0.35,3.2526911934581184,0
17,trip,2220,2228.8333333333335,z31,z21,toy-0005068,,,False,13.676018691185256,0.0,12.881018691185256,0.35,2.3,0
58,trip,2220,2228.8333333333335,z21,z20,toy-0005064,,,False,40.10141369840866,0.0,39.30641369840866,0.35,2.3,0
71,trip,2220,2228.8333333333335,z21,z31,toy-0005065,,,False,15.648265054500646,0.0,14.853265054500646,0.35,2.3,0
47,trip,2220,2232.0089706448603,z22,z31,toy-0005071,,,False,37.65155520841814,0.0,36.570747850380705,0.35,3.2526911934581184,0
48,trip,2220,2228.8333333333335,z22,z21,toy-0005070,,,False,20.0750541779718,0.0,19.2800541779718,0.35,2.3,0
85,trip,2220,2238.309854494165,z11,z32,toy-0005063,,,False,29.419415591913456,0.0,27.7715286874386,0.35,5.142956348249516,0
72,trip,2220,2238.309854494165,z21,z02,toy-0005066,,,False,26.50713792177186,0.0,24.859251017297005,0.35,5.142956348249516,0
25,trip,2220,2236.5,z30,z32,toy-0005060,,,False,15.002792152997712,0.0,13.517792152997712,0.35,4.6,0
62,trip,2220,2228.8333333333335,z01,z02,toy-0005062,,,False,18.79140208160604,0.0,17.996402081606043,0.35,2.3,0
2,visit,2220,2282.2490550788707,z12,z12,,depot_west,local,False,11.271754531351286,38.27113237312357,46.457113095525145,10.285912696499032,0,22.962679423874143
28,visit,2220,2255.6666666666665,z02,z02,,depot_west,local,False,23.068204110399936,0.0,20.308204110399934,9.2,0,0
76,visit,2220,2262.3333333333335,z31,z31,,depot_south,central,False,27.041174711958988,0.0,25.66117471195899,4.6,0,0
7,visit,2220,2249.2875703376676,z30,z30,,depot_south,,False,6.5146049927762775,41.59039500722372,47.894999999999996,0.7,0,24.95423700433423
5,trip,2230,2238.8333333333335,z11,z21,toy-0005080,,,False,41.057611474975296,0.0,40.262611474975294,0.35,2.3,0
66,trip,2230,2242.0089706448603,z12,z21,toy-0005082,,,False,27.23103030798847,0.0,26.150222949951033,0.35,3.2526911934581184,0
37,trip,2230,2238.8333333333335,z20,z21,toy-0005075,,,False,21.664143056376023,0.0,20.869143056376025,0.35,2.3,0
4,trip,2230,2238.8333333333335,z32,z22,toy-0005088,,,False,43.94919264196254,0.0,43.15419264196254,0.35,2.3,0
19,trip,2230,2238.8333333333335,z01,z11,toy-0005077,,,False,9.411219708851405,0.0,8.616219708851405,0.35,2.3,0
60,trip,2230,2248.309854494165,z10,z31,toy-0005074,,,False,23.025714938111953,0.0,21.377828033637098,0.35,5.142956348249516,0
41,trip,2230,2248.309854494165,z01,z22,toy-0005078,,,False,40.09814853973595,0.0,38.4502616352611,0.35,5.142956348249516,0
49,trip,2230,2252.851274623054,z22,z00,toy-0005084,,,False,42.22589169194125,0.0,40.16927697586638,0.35,6.505382386916237,0
50,trip,2230,2242.0089706448603,z20,z31,toy-0005076,,,False,10.393426423531244,0.0,9.312619065493807,0.35,3.2526911934581184,0
27,trip,2230,2238.8333333333335,z11,z01,toy-0005079,,,False,16.056570187003512,0.0,15.261570187003512,0.35,2.3,0
34,trip,2230,2246.5,z11,z31,toy-0005081,,,False,16.42034525263866,0.0,14.935345252638662,0.35,4.6,0
11,trip,2230,2246.5,z00,z20,toy-0005073,,,False,39.28436770105932,0.0,37.79936770105932,0.35,4.6,0
18,trip,2230,2238.8333333333335,z32,z31,toy-0005087,,,False,46.61999999999992,0.0,45.82499999999992,0.35,2.3,0
32,trip,2230,2254.809854494165,z02,z31,toy-0005083,,,False,14.187678573150878,0.0,11.954791668676023,2.3,5.142956348249516,0
22,trip,2230,2246.5,z32,z30,toy-0005085,,,False,42.915498379450646,0.0,41.43049837945065,0.35,4.6,0
24,trip,2230,2242.0089706448603,z32,z21,toy-0005086,,,False,28.6445743376504,0.0,27.563766979612964,0.35,3.2526911934581184,0
0,trip,2230,2238.8333333333335,z31,z32,toy-0005101,,,False,12.004015888133518,0.0,11.209015888133518,0.35,2.3,0
57,trip,2230,2238.8333333333335,z22,z32,toy-0005104,,,False,38.25764502406306,0.0,37.46264502406306,0.35,2.3,0
64,trip,2230,2246.5,z30,z10,toy-0005093,,,False,35.07563923775846,0.0,33.59063923775846,0.35,4.6,0
84,trip,2230,2254.1666666666665,z01,z31,toy-0005096,,,False,29.763109854425732,0.0,27.58810985442573,0.35,6.8999999999999995,0
51,trip,2230,2242.0089706448603,z20,z11,toy-0005091,,,False,33.16356034302203,0.0,32.082752984984594,0.35,3.2526911934581184,0
8,trip,2230,2246.5,z31,z11,toy-0005099,,,False,12.065769130965034,0.0,10.580769130965034,0.35,4.6,0
31,trip,2230,2254.1666666666665,z32,z02,toy-0005106,,,False,16.69335512799303,0.0,14.51835512799303,0.35,6.8999999999999995,0
62,trip,2230,2254.1666666666665,z02,z32,toy-0005102,,,False,17.996402081606067,0.0,15.821402081606067,0.35,6.8999999999999995,0
16,trip,2230,2252.851274623054,z00,z22,toy-0005089,,,False,42.10711309552521,0.0,40.05049837945034,0.35,6.505382386916237,0
58,trip,2230,2238.8333333333335,z20,z10,toy-0005090,,,False,39.30641369840869,0.0,38.51141369840869,0.35,2.3,0
77,trip,2230,2238.8333333333335,z30,z31,toy-0005094,,,False,47.01832810781965,0.0,46.22332810781965,0.35,2.3,0
38,trip,2230,2248.309854494165,z32,z20,toy-0005105,,,False,17.1529088367598,0.0,15.505021932284944,0.35,5.142956348249516,0
15,trip,2230,2242.0089706448603,z21,z12,toy-0005098,,,False,20.062890949331234,0.0,18.982083591293797,0.35,3.2526911934581184,0
17,trip,2230,2248.309854494165,z21,z00,toy-0005097,,,False,12.881018691185282,0.0,11.233131786710427,0.35,5.142956348249516,0
13,trip,2230,2265.309226445224,z31,z02,toy-0005095,,,False,18.50257623115496,0.0,15.32474585108481,2.3,8.292767933567175,0
23,trip,2230,2242.0089706448603,z31,z22,toy-0005100,,,False,30.747156837351085,0.0,29.66634947931365,0.35,3.2526911934581184,0
35,trip,2230,2253.0,z11,z32,toy-0005103,,,False,35.297587847957764,0.0,33.227587847957764,2.3,4.6,0
69,trip,2230,2246.5,z20,z22,toy-0005092,,,False,19.420331473282133,0.0,17.935331473282133,0.35,4.6,0
68,visit,2230,2277.525061518229,z21,z21,,depot_south,local,False,14.241718088301731,34.734089269735705,47.024192641962564,6.505382386916237,0,20.84045356184142
63,visit,2230,2269.286375654997,z22,z22,,depot_south,local,False,15.674627968093494,0.0,12.588854159143786,10.285912696499032,0,0
33,visit,2230,2255.1622151385045,z00,z00,,depot_west,,False,13.390196991381512,34.71480300861849,47.895,0.7,0,20.828881805171093
82,visit,2230,2268.0136468545884,z31,z31,,depot_south,,False,14.22281079790858,34.46718920209142,47.309999999999995,4.6,0,20.680313521254853
71,visit,2230,2267.635374300633,z31,z31,,depot_south,,False,14.853265054500673,33.83673494549933,47.31,4.6,0,20.3020409672996
19,trip,2240,2248.8333333333335,z11,z10,toy-0005108,,,False,8.616219708851432,0.0,7.821219708851432,0.35,2.3,0
12,trip,2240,2258.309854494165,z32,z11,toy-0005117,,,False,22.631289700988244,0.0,20.98340279651339,0.35,5.142956348249516,0
5,trip,2240,2248.8333333333335,z21,z22,toy-0005113,,,False,40.26261147497532,0.0,39.46761147497532,0.35,2.3,0
37,trip,2240,2248.8333333333335,z21,z31,toy-0005112,,,False,20.86914305637605,0.0,20.07414305637605,0.35,2.3,0
4,trip,2240,2252.0089706448603,z22,z31,toy-0005116,,,False,43.15419264196257,0.0,42.073385283925134,0.35,3.2526911934581184,0
48,trip,2240,2252.0089706448603,z21,z10,toy-0005109,,,False,19.280054177971827,0.0,18.19924681993439,0.35,3.2526911934581184,0
53,trip,2240,2252.0089706448603,z21,z30,toy-0005110,,,False,39.371447247496754,0.0,38.29063988945932,0.35,3.2526911934581184,0
26,trip,2240,2256.5,z00,z02,toy-0005107,,,False,13.908797634739118,0.0,12.423797634739119,0.35,4.6,0
30,trip,2240,2256.5,z32,z12,toy-0005118,,,False,16.484670150731624,0.0,14.999670150731625,0.35,4.6,0
61,trip,2240,2256.5,z21,z01,toy-0005111,,,False,44.37130573748803,0.0,42.88630573748803,0.35,4.6,0
18,trip,2240,2252.0089706448603,z31,z20,toy-0005114,,,False,45.824999999999946,0.0,44.74419264196251,0.35,3.2526911934581184,0
36,trip,2240,2248.8333333333335,z31,z21,toy-0005115,,,False,31.77235902079309,0.0,30.977359020793088,0.35,2.3,0
86,trip,2240,2265.410795394624,z00,z31,toy-0005119,,,False,42.660554903855335,0.0,40.37358331833915,0.35,7.273238618387272,0
9,trip,2240,2265.410795394624,z01,z32,toy-0005121,,,False,13.98023381088136,0.0,11.693262225365178,0.35,7.273238618387272,0
47,trip,2240,2265.410795394624,z31,z00,toy-0005125,,,False,36.57074785038071,0.0,34.28377626486453,0.35,7.273238618387272,0
40,trip,2240,2252.0089706448603,z11,z20,toy-0005122,,,False,12.492956727613883,0.0,11.412149369576447,0.35,3.2526911934581184,0
54,trip,2240,2258.309854494165,z31,z12,toy-0005130,,,False,30.211979176034916,0.0,28.56409227156006,0.35,5.142956348249516,0
42,trip,2240,2258.309854494165,z22,z10,toy-0005132,,,False,12.425202079269859,0.0,10.777315174795003,0.35,5.142956348249516,0
39,trip,2240,2252.0089706448603,z32,z21,toy-0005135,,,False,20.165591983723886,0.0,19.08478462568645,0.35,3.2526911934581184,0
45,trip,2240,2248.8333333333335,z22,z21,toy-0005134,,,False,36.790155851775154,0.0,35.99515585177515,0.35,2.3,0
65,trip,2240,2248.8333333333335,z31,z30,toy-0005127,,,False,18.212662822201818,0.0,17.41766282220182,0.35,2.3,0
83,trip,2240,2248.8333333333335,z11,z12,toy-0005123,,,False,26.266171817997343,0.0,25.471171817997345,0.35,2.3,0
78,trip,2240,2256.5,z22,z20,toy-0005133,,,False,15.02502193228499,0.0,13.54002193228499,0.35,4.6,0
89,trip,2240,2264.1666666666665,z31,z01,toy-0005128,,,False,18.921012982969554,0.0,16.746012982969553,0.35,6.8999999999999995,0
3,trip,2240,2264.809854494165,z30,z10,toy-0005126,,,False,15.11419668681871,0.0,12.881309782343855,2.3,5.142956348249516,0
59,trip,2240,2258.309854494165,z20,z32,toy-0005120,,,False,22.229073064238676,0.0,20.58118615976382,0.35,5.142956348249516,0
52,trip,2240,2255.3333333333335,z32,z32,toy-0005131,,,False,39.42266799938035,0.0,38.04266799938035,2.3,2.3,0
55,trip,2240,2248.8333333333335,z32,z31,toy-0005136,,,False,20.09806260039036,0.0,19.303062600390362,0.35,2.3,0
56,trip,2240,2271.910795394624,z32,z02,toy-0005129,,,False,14.263527430753431,0.0,11.39155584523725,2.3,7.273238618387272,0
73,trip,2240,2252.0089706448603,z21,z32,toy-0005124,,,False,42.15422619105038,0.0,41.073418833012944,0.35,3.2526911934581184,0
10,visit,2240,2304.0317925579075,z22,z22,,depot_south,local,False,8.30052539962333,41.24236150485152,46.457113095525145,10.285912696499032,0,24.745416902910915
0,visit,2240,2320.569257133787,z32,z32,,depot_south,central,False,11.209015888133544,38.17098411186646,46.620000000000005,9.2,0,22.902590467119875
25,visit,2240,2297.183991374868,z32,z32,,depot_south,local,False,13.517792152997712,35.86220784700229,46.620000000000005,9.2,0,21.51732470820137
21,visit,2240,2266.6846079563875,z21,z21,,depot_south,local,False,17.29556184267296,0.0,15.343947126598088,6.505382386916237,0,0
6,visit,2240,2250.0,z30,z30,,depot_south,local,True,34.25775298498438,4.444444444444445,38.49219742942882,0.7,0,2.666666666666667
58,visit,2240,2260.3333333333335,z10,z10,,depot_west,local,False,38.51141369840872,0.0,37.131413698408714,4.6,0,0
77,visit,2240,2260.3333333333335,z31,z31,,depot_south,local,False,46.223328107819675,0.0,44.84332810781967,4.6,0,0
14,trip,2250,2258.8333333333335,z10,z00,toy-0005137,,,False,22.197458348163792,0.0,21.40245834816379,0.35,2.3,0
8,trip,2250,2266.5,z11,z31,toy-0005141,,,False,10.580769130965034,0.0,9.095769130965035,0.35,4.6,0
36,trip,2250,2258.8333333333335,z21,z31,toy-0005144,,,False,30.977359020793116,0.0,30.182359020793115,0.35,2.3,0
1,trip,2250,2275.410795394624,z32,z01,toy-0005147,,,False,17.932101478722483,0.0,15.645129893206303,0.35,7.273238618387272,0
20,trip,2250,2262.0089706448603,z11,z22,toy-0005142,,,False,16.45668453921386,0.0,15.375877181176424,0.35,3.2526911934581184,0
11,trip,2250,2262.0089706448603,z20,z31,toy-0005139,,,False,37.79936770105931,0.0,36.71856034302188,0.35,3.2526911934581184,0
57,trip,2250,2258.8333333333335,z32,z22,toy-0005148,,,False,37.462645024063086,0.0,36.667645024063084,0.35,2.3,0
19,trip,2250,2258.8333333333335,z10,z11,toy-0005138,,,False,7.8212197088514595,0.0,7.0262197088514595,0.35,2.3,0
5,trip,2250,2262.0089706448603,z22,z11,toy-0005146,,,False,39.46761147497535,0.0,38.38680411693792,0.35,3.2526911934581184,0
29,trip,2250,2268.309854494165,z20,z12,toy-0005140,,,False,13.162834424926153,0.0,11.514947520451297,0.35,5.142956348249516,0
37,trip,2250,2262.0089706448603,z31,z22,toy-0005145,,,False,20.074143056376077,0.0,18.99333569833864,0.35,3.2526911934581184,0
45,trip,2250,2258.8333333333335,z21,z11,toy-0005143,,,False,35.99515585177518,0.0,35.20015585177518,0.35,2.3,0
50,trip,2250,2266.5,z31,z11,toy-0005153,,,False,9.31261906549382,0.0,7.8276190654938205,0.35,4.6,0
80,trip,2250,2258.8333333333335,z32,z31,toy-0005158,,,False,37.16228176333193,0.0,36.36728176333193,0.35,2.3,0
51,trip,2250,2268.309854494165,z11,z32,toy-0005151,,,False,32.0827529849846,0.0,30.434866080509746,0.35,5.142956348249516,0
17,trip,2250,2278.809226445224,z00,z32,toy-0005149,,,False,11.233131786710437,0.0,8.640301406640285,0.35,8.292767933567175,0
72,trip,2250,2262.0089706448603,z02,z11,toy-0005156,,,False,24.85925101729702,0.0,23.778443659259583,0.35,3.2526911934581184,0
44,trip,2250,2268.309854494165,z10,z22,toy-0005150,,,False,39.34257792588774,0.0,37.694691021412886,0.35,5.142956348249516,0
23,trip,2250,2258.8333333333335,z22,z32,toy-0005157,,,False,29.666349479313663,0.0,28.871349479313665,0.35,2.3,0
55,trip,2250,2258.8333333333335,z31,z21,toy-0005154,,,False,19.303062600390387,0.0,18.50806260039039,0.35,2.3,0
66,trip,2250,2258.8333333333335,z21,z20,toy-0005152,,,False,26.150222949951047,0.0,25.35522294995105,0.35,2.3,0
60,trip,2250,2258.8333333333335,z31,z32,toy-0005155,,,False,21.377828033637112,0.0,20.582828033637114,0.35,2.3,0
34,visit,2250,2290.58612618175,z31,z31,,depot_south,local,False,14.935345252638662,33.754654747361336,47.309999999999995,4.6,0,20.252792848416803
24,visit,2250,2276.6846079563875,z21,z21,,depot_south,local,False,27.56376697961298,0.0,25.612152263538107,6.505382386916237,0,0
42,trip,2260,2282.851274623054,z10,z32,toy-0005162,,,False,10.777315174795014,0.0,8.720700458720144,0.35,6.505382386916237,0
26,trip,2260,2285.410795394624,z02,z31,toy-0005168,,,False,12.423797634739119,0.0,10.136826049222936,0.35,7.273238618387272,0
45,trip,2260,2268.8333333333335,z11,z21,toy-0005165,,,False,35.20015585177521,0.0,34.405155851775206,0.35,2.3,0
14,trip,2260,2268.8333333333335,z00,z01,toy-0005159,,,False,21.40245834816382,0.0,20.607458348163817,0.35,2.3,0
27,trip,2260,2272.0089706448603,z01,z10,toy-0005164,,,False,15.261570187003539,0.0,14.180762828966103,0.35,3.2526911934581184,0
48,trip,2260,2278.309854494165,z10,z31,toy-0005161,,,False,18.199246819934405,0.0,16.55135991545955,0.35,5.142956348249516,0
23,trip,2260,2288.809226445224,z32,z00,toy-0005174,,,False,28.87134947931369,0.0,26.27851909924354,0.35,8.292767933567175,0
16,trip,2260,2278.309854494165,z22,z30,toy-0005171,,,False,40.050498379450346,0.0,38.402611474975494,0.35,5.142956348249516,0
64,trip,2260,2268.8333333333335,z10,z20,toy-0005160,,,False,33.59063923775845,0.0,32.79563923775845,0.35,2.3,0
39,trip,2260,2268.8333333333335,z21,z22,toy-0005166,,,False,19.084784625686463,0.0,18.289784625686465,0.35,2.3,0
41,trip,2260,2272.0089706448603,z22,z31,toy-0005172,,,False,38.4502616352611,0.0,37.36945427722367,0.35,3.2526911934581184,0
57,trip,2260,2268.8333333333335,z22,z12,toy-0005173,,,False,36.66764502406311,0.0,35.87264502406311,0.35,2.3,0
18,trip,2260,2268.8333333333335,z20,z30,toy-0005163,,,False,44.74419264196252,0.0,43.94919264196252,0.35,2.3,0
15,trip,2260,2278.309854494165,z12,z31,toy-0005170,,,False,18.98208359129381,0.0,17.334196686818956,0.35,5.142956348249516,0
4,trip,2260,2272.0089706448603,z31,z20,toy-0005167,,,False,42.07338528392514,0.0,40.99257792588771,0.35,3.2526911934581184,0
30,trip,2260,2268.8333333333335,z12,z11,toy-0005169,,,False,14.999670150731625,0.0,14.204670150731625,0.35,2.3,0
35,trip,2260,2272.0089706448603,z32,z21,toy-0005186,,,False,33.227587847957764,0.0,32.14678048992033,0.35,3.2526911934581184,0
6,trip,2260,2278.309854494165,z30,z22,toy-0005177,,,False,38.49219742942859,0.0,36.84431052495374,0.35,5.142956348249516,0
38,trip,2260,2268.8333333333335,z20,z21,toy-0005176,,,False,15.505021932284956,0.0,14.710021932284956,0.35,2.3,0
52,trip,2260,2278.309854494165,z32,z11,toy-0005185,,,False,38.04266799938038,0.0,36.394781094905525,0.35,5.142956348249516,0
59,trip,2260,2282.851274623054,z32,z10,toy-0005183,,,False,20.581186159763835,0.0,18.524571443688963,0.35,6.505382386916237,0
46,trip,2260,2284.1666666666665,z01,z31,toy-0005178,,,False,15.018284913522228,0.0,12.84328491352223,0.35,6.8999999999999995,0
55,trip,2260,2272.0089706448603,z21,z32,toy-0005180,,,False,18.508062600390414,0.0,17.427255242352977,0.35,3.2526911934581184,0
60,trip,2260,2278.309854494165,z32,z20,toy-0005184,,,False,20.58282803363714,0.0,18.934941129162283,0.35,5.142956348249516,0
70,trip,2260,2276.5,z10,z30,toy-0005175,,,False,24.84864178296374,0.0,23.36364178296374,0.35,4.6,0
74,trip,2260,2268.8333333333335,z21,z31,toy-0005179,,,False,29.597376908221733,0.0,28.80237690822173,0.35,2.3,0
32,trip,2260,2268.8333333333335,z31,z21,toy-0005181,,,False,11.954791668676032,0.0,11.159791668676032,0.35,2.3,0
36,trip,2260,2272.0089706448603,z31,z22,toy-0005182,,,False,30.182359020793143,0.0,29.101551662755707,0.35,3.2526911934581184,0
12,visit,2260,2286.6846079563875,z11,z11,,depot_west,local,False,20.983402796513403,0.0,19.03178808043853,6.505382386916237,0,0
19,visit,2260,2308.854360545899,z11,z11,,depot_west,,False,7.026219708851487,41.94958764918595,47.024192641962564,6.505382386916237,0,25.16975258951157
40,visit,2260,2315.447377044921,z20,z20,,depot_west,,False,11.41214936957646,37.96785063042354,46.620000000000005,9.2,0,22.780710378254124
78,visit,2260,2314.170653507296,z20,z20,,depot_west,,False,13.54002193228499,35.83997806771501,46.62,9.2,0,21.503986840629004
31,visit,2260,2313.5836535898707,z02,z02,,depot_west,,False,14.518355127993043,34.861644872006956,46.62,9.2,0,20.91698692320417
29,trip,2270,2282.0089706448603,z12,z21,toy-0005194,,,False,11.514947520451308,0.0,10.434140162413872,0.35,3.2526911934581184,0
9,trip,2270,2278.8333333333335,z32,z22,toy-0005197,,,False,11.693262225365194,0.0,10.898262225365194,0.35,2.3,0
5,trip,2270,2286.5,z11,z31,toy-0005191,,,False,38.386804116937924,0.0,36.901804116937925,0.35,4.6,0
3,trip,2270,2282.0089706448603,z10,z21,toy-0005187,,,False,12.881309782343864,0.0,11.800502424306428,0.35,3.2526911934581184,0
66,trip,2270,2282.0089706448603,z20,z31,toy-0005188,,,False,25.355222949951074,0.0,24.274415591913638,0.35,3.2526911934581184,0
51,trip,2270,2278.8333333333335,z32,z31,toy-0005196,,,False,30.43486608050976,0.0,29.639866080509762,0.35,2.3,0
8,trip,2270,2278.8333333333335,z31,z32,toy-0005193,,,False,9.095769130965035,0.0,8.300769130965035,0.35,2.3,0
75,trip,2270,2288.309854494165,z20,z32,toy-0005190,,,False,25.81972457050038,0.0,24.171837666025525,0.35,5.142956348249516,0
79,trip,2270,2286.5,z20,z22,toy-0005189,,,False,16.3575855164062,0.0,14.8725855164062,0.35,4.6,0
30,trip,2270,2282.0089706448603,z11,z02,toy-0005192,,,False,14.204670150731651,0.0,13.123862792694215,0.35,3.2526911934581184,0
20,trip,2270,2278.8333333333335,z22,z21,toy-0005195,,,False,15.375877181176437,0.0,14.580877181176437,0.35,2.3,0
11,trip,2270,2288.309854494165,z31,z10,toy-0005206,,,False,36.718560343021885,0.0,35.07067343854703,0.35,5.142956348249516,0
7,trip,2270,2282.0089706448603,z30,z21,toy-0005201,,,False,47.89499999999983,0.0,46.8141926419624,0.35,3.2526911934581184,0
18,trip,2270,2278.8333333333335,z30,z20,toy-0005200,,,False,43.94919264196255,0.0,43.154192641962545,0.35,2.3,0
37,trip,2270,2282.0089706448603,z22,z31,toy-0005211,,,False,18.993335698338655,0.0,17.91252834030122,0.35,3.2526911934581184,0
21,trip,2270,2278.8333333333335,z21,z11,toy-0005205,,,False,15.343947126598087,0.0,14.548947126598087,0.35,2.3,0
71,trip,2270,2288.309854494165,z31,z12,toy-0005208,,,False,47.309999999999846,0.0,45.662113095524994,0.35,5.142956348249516,0
58,trip,2270,2286.5,z10,z12,toy-0005199,,,False,37.13141369840875,0.0,35.64641369840875,0.35,4.6,0
43,trip,2270,2278.8333333333335,z12,z22,toy-0005209,,,False,21.435480298559426,0.0,20.640480298559424,0.35,2.3,0
54,trip,2270,2286.5,z12,z32,toy-0005210,,,False,28.564092271560074,0.0,27.079092271560075,0.35,4.6,0
39,trip,2270,2278.8333333333335,z22,z32,toy-0005213,,,False,18.28978462568649,0.0,17.494784625686492,0.35,2.3,0
44,trip,2270,2286.5,z22,z02,toy-0005212,,,False,37.694691021412886,0.0,36.20969102141289,0.35,4.6,0
74,trip,2270,2286.5,z31,z11,toy-0005207,,,False,28.80237690822176,0.0,27.31737690822176,0.35,4.6,0
62,trip,2270,2286.5,z32,z12,toy-0005214,,,False,15.821402081606085,0.0,14.336402081606085,0.35,4.6,0
65,trip,2270,2286.5,z30,z32,toy-0005203,,,False,17.417662822201844,0.0,15.932662822201845,0.35,4.6,0
33,trip,2270,2288.5089706448603,z00,z01,toy-0005198,,,False,47.89499999999991,0.0,46.22919264196248,2.3,3.2526911934581184,0
14,trip,2270,2286.5,z01,z21,toy-0005204,,,False,20.607458348163846,0.0,19.122458348163846,0.35,4.6,0
76,trip,2270,2285.3333333333335,z31,z31,toy-0005202,,,False,25.661174711959013,0.0,24.281174711959014,2.3,2.3,0
89,visit,2270,2290.3333333333335,z01,z01,,depot_west,local,False,16.74601298296957,0.0,15.366012982969572,4.6,0,0
72,visit,2270,2296.6846079563875,z11,z11,,depot_west,local,False,23.778443659259597,0.0,21.826828943184726,6.505382386916237,0,0
64,visit,2270,2290.3333333333335,z20,z20,,depot_south,local,False,32.79563923775848,0.0,31.41563923775848,4.6,0,0
47,visit,2270,2299.3333333333335,z00,z00,,depot_west,central,False,34.28377626486454,0.0,34.07377626486454,0.7,0,0
53,visit,2270,2280.0,z30,z30,,depot_south,local,True,38.29063988945933,4.444444444444445,42.52508433390377,0.7,0,2.666666666666667
86,visit,2270,2290.3333333333335,z31,z31,,depot_south,local,False,40.373583318339165,0.0,38.99358331833916,4.6,0,0
22,visit,2270,2280.0,z30,z30,,depot_south,local,True,41.43049837945064,4.444444444444445,45.66494282389508,0.7,0,2.666666666666667
50,visit,2270,2318.373520931914,z11,z11,,depot_west,,False,7.82761906549382,41.148188292543615,47.024192641962564,6.505382386916237,0,24.68891297552617
32,visit,2270,2316.3742173700043,z21,z21,,depot_south,,False,11.159791668676059,37.81601568936138,47.024192641962564,6.505382386916237,0,22.689609413616825
63,visit,2270,2328.4587953021955,z22,z22,,depot_south,,False,12.588854159143779,36.95403274533108,46.457113095525145,10.285912696499032,0,22.172419647198645
38,visit,2270,2327.186094638311,z21,z21,,depot_west,,False,14.710021932284983,34.832864972189874,46.457113095525145,10.285912696499032,0,20.899718983313925
15,trip,2280,2292.0089706448603,z31,z22,toy-0005227,,,False,17.33419668681897,0.0,16.253389328781534,0.35,3.2526911934581184,0
6,trip,2280,2292.0089706448603,z22,z11,toy-0005231,,,False,36.84431052495374,0.0,35.76350316691631,0.35,3.2526911934581184,0
41,trip,2280,2292.0089706448603,z31,z20,toy-0005224,,,False,37.369454277223674,0.0,36.28864691918624,0.35,3.2526911934581184,0
4,trip,2280,2292.0089706448603,z20,z11,toy-0005217,,,False,40.992577925887716,0.0,39.91177056785028,0.35,3.2526911934581184,0
1,trip,2280,2292.0089706448603,z01,z12,toy-0005218,,,False,15.64512989320632,0.0,14.564322535168884,0.35,3.2526911934581184,0
48,trip,2280,2288.8333333333335,z31,z21,toy-0005226,,,False,16.551359915459564,0.0,15.756359915459564,0.35,2.3,0
20,trip,2280,2292.0089706448603,z21,z32,toy-0005223,,,False,14.580877181176463,0.0,13.500069823139027,0.35,3.2526911934581184,0
24,trip,2280,2288.8333333333335,z21,z31,toy-0005221,,,False,25.612152263538107,0.0,24.817152263538105,0.35,2.3,0
9,trip,2280,2298.309854494165,z22,z01,toy-0005230,,,False,10.89826222536522,0.0,9.250375320890367,0.35,5.142956348249516,0
49,trip,2280,2292.0089706448603,z00,z11,toy-0005215,,,False,40.16927697586639,0.0,39.088469617828956,0.35,3.2526911934581184,0
21,trip,2280,2298.309854494165,z11,z32,toy-0005220,,,False,14.548947126598113,0.0,12.90106022212326,0.35,5.142956348249516,0
51,trip,2280,2304.1666666666665,z31,z01,toy-0005225,,,False,29.639866080509787,0.0,27.464866080509786,0.35,6.8999999999999995,0
8,trip,2280,2288.8333333333335,z32,z31,toy-0005233,,,False,8.300769130965062,0.0,7.505769130965062,0.35,2.3,0
77,trip,2280,2288.8333333333335,z31,z32,toy-0005228,,,False,44.84332810781971,0.0,44.04832810781971,0.35,2.3,0
87,trip,2280,2292.0089706448603,z11,z22,toy-0005219,,,False,18.035468875218648,0.0,16.95466151718121,0.35,3.2526911934581184,0
36,trip,2280,2296.5,z22,z20,toy-0005229,,,False,29.10155166275572,0.0,27.61655166275572,0.35,4.6,0
17,trip,2280,2292.0089706448603,z32,z21,toy-0005232,,,False,8.640301406640287,0.0,7.5594940486028515,0.35,3.2526911934581184,0
27,trip,2280,2304.809854494165,z10,z21,toy-0005216,,,False,14.180762828966115,0.0,11.94787592449126,2.3,5.142956348249516,0
35,trip,2280,2292.0089706448603,z21,z12,toy-0005222,,,False,32.14678048992034,0.0,31.065973131882902,0.35,3.2526911934581184,0
80,trip,2280,2288.8333333333335,z31,z30,toy-0005238,,,False,36.36728176333196,0.0,35.57228176333196,0.35,2.3,0
16,trip,2280,2302.851274623054,z30,z12,toy-0005235,,,False,38.402611474975494,0.0,36.345996758900625,0.35,6.505382386916237,0
57,trip,2280,2298.309854494165,z12,z31,toy-0005242,,,False,35.87264502406314,0.0,34.22475811958829,0.35,5.142956348249516,0
13,trip,2280,2298.309854494165,z02,z21,toy-0005239,,,False,15.32474585108481,0.0,13.676858946609954,0.35,5.142956348249516,0
45,trip,2280,2288.8333333333335,z21,z22,toy-0005237,,,False,34.405155851775234,0.0,33.61015585177523,0.35,2.3,0
67,trip,2280,2298.309854494165,z12,z20,toy-0005241,,,False,46.457113095524775,0.0,44.80922619104992,0.35,5.142956348249516,0
28,trip,2280,2288.8333333333335,z02,z12,toy-0005240,,,False,20.30820411039991,0.0,19.51320411039991,0.35,2.3,0
39,trip,2280,2296.5,z32,z30,toy-0005243,,,False,17.494784625686517,0.0,16.009784625686518,0.35,4.6,0
61,trip,2280,2304.809854494165,z01,z12,toy-0005234,,,False,42.88630573748802,0.0,40.65341883301317,2.3,5.142956348249516,0
68,trip,2280,2292.0089706448603,z21,z10,toy-0005236,,,False,47.02419264196271,0.0,45.94338528392528,0.35,3.2526911934581184,0
52,visit,2280,2306.6846079563875,z11,z11,,depot_west,local,False,36.394781094905525,0.0,34.443166378830654,6.505382386916237,0,0
56,visit,2280,2360.742884278014,z02,z02,,depot_south,,False,11.391555845237264,39.09627453483289,45.51216961992984,16.58553586713435,0,23.457764720899732
70,visit,2280,2290.0,z30,z30,,depot_south,,True,23.36364178296374,9.444444444444446,32.59808622740818,0.7,0,5.666666666666668
43,trip,2290,2302.0089706448603,z22,z31,toy-0005256,,,False,20.640480298559453,0.0,19.559672940522017,0.35,3.2526911934581184,0
12,trip,2290,2302.0089706448603,z11,z20,toy-0005249,,,False,19.03178808043853,0.0,17.950980722401095,0.35,3.2526911934581184,0
33,trip,2290,2315.410795394624,z01,z32,toy-0005247,,,False,46.22919264196249,0.0,43.94222105644631,0.35,7.273238618387272,0
23,trip,2290,2315.410795394624,z00,z31,toy-0005244,,,False,26.278519099243542,0.0,23.99154751372736,0.35,7.273238618387272,0
74,trip,2290,2306.5,z11,z31,toy-0005251,,,False,27.31737690822176,0.0,25.83237690822176,0.35,4.6,0
2,trip,2290,2305.3333333333335,z12,z21,toy-0005250,,,False,46.457113095525415,0.0,45.07711309552541,2.3,2.3,0
42,trip,2290,2298.8333333333335,z32,z22,toy-0005257,,,False,8.720700458720154,0.0,7.925700458720154,0.35,2.3,0
18,trip,2290,2308.309854494165,z20,z01,toy-0005245,,,False,43.154192641962574,0.0,41.50630573748772,0.35,5.142956348249516,0
30,trip,2290,2314.809854494165,z02,z22,toy-0005246,,,False,13.123862792694228,0.0,10.890975888219373,2.3,5.142956348249516,0
3,trip,2290,2298.8333333333335,z21,z20,toy-0005252,,,False,11.80050242430644,0.0,11.00550242430644,0.35,2.3,0
28,trip,2290,2306.5,z12,z10,toy-0005255,,,False,19.513204110399936,0.0,18.028204110399937,0.35,4.6,0
14,trip,2290,2306.5,z21,z01,toy-0005253,,,False,19.122458348163846,0.0,17.637458348163847,0.35,4.6,0
48,trip,2290,2308.5089706448603,z21,z00,toy-0005248,,,False,15.75635991545959,0.0,14.090552557422155,2.3,3.2526911934581184,0
44,trip,2290,2306.5,z02,z22,toy-0005254,,,False,36.20969102141288,0.0,34.72469102141288,0.35,4.6,0
88,trip,2290,2298.8333333333335,z21,z31,toy-0005264,,,False,17.03640208160613,0.0,16.241402081606132,0.35,2.3,0
5,trip,2290,2306.5,z31,z11,toy-0005266,,,False,36.90180411693792,0.0,35.41680411693792,0.35,4.6,0
22,trip,2290,2308.309854494165,z30,z11,toy-0005262,,,False,45.664942823894854,0.0,44.01705591942,0.35,5.142956348249516,0
59,trip,2290,2308.309854494165,z10,z31,toy-0005258,,,False,18.524571443688977,0.0,16.87668453921412,0.35,5.142956348249516,0
24,trip,2290,2298.8333333333335,z31,z21,toy-0005267,,,False,24.817152263538134,0.0,24.022152263538132,0.35,2.3,0
60,trip,2290,2302.0089706448603,z20,z31,toy-0005260,,,False,18.934941129162297,0.0,17.85413377112486,0.35,3.2526911934581184,0
54,trip,2290,2298.8333333333335,z32,z31,toy-0005274,,,False,27.079092271560075,0.0,26.284092271560077,0.35,2.3,0
26,trip,2290,2298.8333333333335,z31,z32,toy-0005268,,,False,10.136826049222952,0.0,9.341826049222952,0.35,2.3,0
55,trip,2290,2308.309854494165,z32,z20,toy-0005272,,,False,17.42725524235299,0.0,15.779368337878136,0.35,5.142956348249516,0
53,trip,2290,2319.351274623054,z30,z02,toy-0005261,,,False,42.52508433390354,0.0,39.88346961782867,2.3,6.505382386916237,0
45,trip,2290,2298.8333333333335,z22,z21,toy-0005270,,,False,33.61015585177526,0.0,32.81515585177526,0.35,2.3,0
69,trip,2290,2298.8333333333335,z22,z32,toy-0005271,,,False,17.935331473282133,0.0,17.14033147328213,0.35,2.3,0
81,trip,2290,2305.3333333333335,z02,z00,toy-0005263,,,False,19.512693477327428,0.0,18.13269347732743,2.3,2.3,0
37,trip,2290,2315.410795394624,z31,z00,toy-0005265,,,False,17.912528340301233,0.0,15.625556754785052,0.35,7.273238618387272,0
79,trip,2290,2308.309854494165,z22,z10,toy-0005269,,,False,14.8725855164062,0.0,13.224698611931345,0.35,5.142956348249516,0
65,trip,2290,2308.309854494165,z32,z11,toy-0005273,,,False,15.932662822201847,0.0,14.284775917726993,0.35,5.142956348249516,0
70,trip,2290,2305.3333333333335,z30,z21,toy-0005259,,,False,32.598086227407954,0.0,31.218086227407955,2.3,2.3,0
29,visit,2290,2339.8096082737616,z21,z21,,depot_south,local,False,10.434140162413884,38.54166719562355,47.024192641962564,6.505382386916237,0,23.125000317374134
62,visit,2290,2350.410266548718,z12,z12,,depot_west,local,False,14.336402081606085,35.206484822868774,46.457113095525145,10.285912696499032,0,21.123890893721263
11,visit,2290,2310.3333333333335,z10,z10,,depot_west,local,False,35.07067343854703,0.0,33.69067343854703,4.6,0,0
7,visit,2290,2316.6846079563875,z21,z21,,depot_south,local,False,46.81419264196241,0.0,44.862577925887535,6.505382386916237,0,0
8,visit,2290,2332.0438718547543,z31,z31,,depot_south,,False,7.505769130965089,41.18423086903491,47.31,4.6,0,24.71053852142095
3,trip,2300,2318.309854494165,z20,z32,toy-0005276,,,False,11.005502424306467,0.0,9.357615519831612,0.35,5.142956348249516,0
1,trip,2300,2329.351274623054,z12,z20,toy-0005282,,,False,14.564322535168897,0.0,11.922707819094025,2.3,6.505382386916237,0
68,trip,2300,2322.851274623054,z10,z32,toy-0005275,,,False,45.94338528392529,0.0,43.88677056785042,0.35,6.505382386916237,0
34,trip,2300,2318.309854494165,z31,z12,toy-0005280,,,False,47.31000000000019,0.0,45.662113095525335,0.35,5.142956348249516,0
13,trip,2300,2312.0089706448603,z21,z32,toy-0005279,,,False,13.676858946609965,0.0,12.596051588572529,0.35,3.2526911934581184,0
20,trip,2300,2325.410795394624,z32,z01,toy-0005283,,,False,13.50006982313904,0.0,11.213098237622859,0.35,7.273238618387272,0
21,trip,2300,2312.0089706448603,z32,z21,toy-0005284,,,False,12.901060222123268,0.0,11.820252864085832,0.35,3.2526911934581184,0
17,trip,2300,2312.0089706448603,z21,z30,toy-0005278,,,False,7.559494048602863,0.0,6.478686690565428,0.35,3.2526911934581184,0
46,trip,2300,2312.0089706448603,z31,z22,toy-0005281,,,False,12.843284913522242,0.0,11.762477555484805,0.35,3.2526911934581184,0
4,trip,2300,2318.309854494165,z11,z30,toy-0005277,,,False,39.91177056785029,0.0,38.26388366337544,0.35,5.142956348249516,0
6,trip,2300,2308.8333333333335,z11,z10,toy-0005288,,,False,35.763503166916315,0.0,34.968503166916314,0.35,2.3,0
25,trip,2300,2308.8333333333335,z32,z31,toy-0005299,,,False,46.619999999999614,0.0,45.82499999999961,0.35,2.3,0
54,trip,2300,2308.8333333333335,z31,z32,toy-0005295,,,False,26.2840922715601,0.0,25.489092271560104,0.35,2.3,0
15,trip,2300,2308.8333333333335,z22,z12,toy-0005298,,,False,16.253389328781548,0.0,15.458389328781548,0.35,2.3,0
49,trip,2300,2308.8333333333335,z11,z01,toy-0005289,,,False,39.08846961782896,0.0,38.29346961782896,0.35,2.3,0
9,trip,2300,2318.309854494165,z01,z20,toy-0005286,,,False,9.250375320890376,0.0,7.602488416415521,0.35,5.142956348249516,0
57,trip,2300,2325.410795394624,z31,z02,toy-0005294,,,False,34.22475811958829,0.0,31.937786534072107,0.35,7.273238618387272,0
66,trip,2300,2312.0089706448603,z31,z20,toy-0005293,,,False,24.27441559191365,0.0,23.193608233876216,0.35,3.2526911934581184,0
42,trip,2300,2312.0089706448603,z22,z31,toy-0005297,,,False,7.925700458720182,0.0,6.8448931006827465,0.35,3.2526911934581184,0
72,trip,2300,2318.309854494165,z11,z32,toy-0005291,,,False,21.826828943184726,0.0,20.17894203870987,0.35,5.142956348249516,0
69,trip,2300,2324.1666666666665,z32,z02,toy-0005300,,,False,17.14033147328216,0.0,14.96533147328216,0.35,6.8999999999999995,0
89,trip,2300,2324.1666666666665,z01,z31,toy-0005287,,,False,15.366012982969597,0.0,13.191012982969596,0.35,6.8999999999999995,0
36,trip,2300,2308.8333333333335,z20,z10,toy-0005285,,,False,27.61655166275572,0.0,26.821551662755724,0.35,2.3,0
24,trip,2300,2315.3333333333335,z21,z12,toy-0005290,,,False,24.02215226353816,0.0,22.64215226353816,2.3,2.3,0
87,trip,2300,2322.851274623054,z22,z00,toy-0005296,,,False,16.954661517181226,0.0,14.898046801106355,0.35,6.505382386916237,0
45,trip,2300,2318.309854494165,z21,z00,toy-0005292,,,False,32.81515585177529,0.0,31.167268947300432,0.35,5.142956348249516,0
39,visit,2300,2310.0,z30,z30,,depot_south,local,True,16.009784625686518,4.444444444444445,20.244229070130963,0.7,0,2.666666666666667
26,visit,2300,2356.6895710371327,z32,z32,,depot_south,,False,9.341826049222979,40.03817395077702,46.620000000000005,9.2,0,24.02290437046621
47,visit,2300,2310.0,z00,z00,,depot_west,,True,34.07377626486456,9.444444444444446,43.308220709309005,0.7,0,5.666666666666668
80,visit,2300,2310.0,z30,z30,,depot_south,,True,35.572281763331986,9.444444444444446,44.80672620777643,0.7,0,5.666666666666668
14,trip,2310,2340.6666666666665,z01,z32,toy-0005311,,,False,17.637458348163847,0.0,14.877458348163847,2.3,6.8999999999999995,0
2,trip,2310,2318.8333333333335,z21,z22,toy-0005308,,,False,45.07711309552544,0.0,44.28211309552544,0.35,2.3,0
54,trip,2310,2332.851274623054,z32,z10,toy-0005315,,,False,25.48909227156013,0.0,23.432477555485256,0.35,6.505382386916237,0
12,trip,2310,2326.5,z20,z22,toy-0005302,,,False,17.95098072240111,0.0,16.46598072240111,0.35,4.6,0
18,trip,2310,2318.8333333333335,z01,z11,toy-0005303,,,False,41.50630573748772,0.0,40.71130573748772,0.35,2.3,0
27,trip,2310,2318.8333333333335,z21,z11,toy-0005305,,,False,11.94787592449127,0.0,11.15287592449127,0.35,2.3,0
15,trip,2310,2326.5,z12,z32,toy-0005314,,,False,15.458389328781575,0.0,13.973389328781575,0.35,4.6,0
6,trip,2310,2328.309854494165,z10,z22,toy-0005301,,,False,34.96850316691634,0.0,33.32061626244149,0.35,5.142956348249516,0
73,trip,2310,2318.8333333333335,z32,z22,toy-0005316,,,False,41.07341883301295,0.0,40.27841883301295,0.35,2.3,0
16,trip,2310,2322.0089706448603,z12,z01,toy-0005312,,,False,36.34599675890063,0.0,35.2651894008632,0.35,3.2526911934581184,0
25,trip,2310,2328.309854494165,z31,z10,toy-0005309,,,False,45.82499999999964,0.0,44.17711309552479,0.35,5.142956348249516,0
35,trip,2310,2322.0089706448603,z12,z21,toy-0005313,,,False,31.065973131882913,0.0,29.985165773845477,0.35,3.2526911934581184,0
5,trip,2310,2326.5,z11,z31,toy-0005304,,,False,35.41680411693791,0.0,33.93180411693791,0.35,4.6,0
70,trip,2310,2318.8333333333335,z21,z31,toy-0005306,,,False,31.21808622740798,0.0,30.42308622740798,0.35,2.3,0
10,trip,2310,2334.809854494165,z22,z02,toy-0005307,,,False,46.45711309552541,0.0,44.224226191050555,2.3,5.142956348249516,0
43,trip,2310,2318.8333333333335,z31,z21,toy-0005310,,,False,19.55967294052203,0.0,18.764672940522033,0.35,2.3,0
59,trip,2310,2322.0089706448603,z31,z22,toy-0005323,,,False,16.876684539214136,0.0,15.7958771811767,0.35,3.2526911934581184,0
19,trip,2310,2322.0089706448603,z11,z22,toy-0005321,,,False,47.02419264196248,0.0,45.943385283925046,0.35,3.2526911934581184,0
58,trip,2310,2328.309854494165,z12,z31,toy-0005325,,,False,35.64641369840874,0.0,33.99852679393389,0.35,5.142956348249516,0
44,trip,2310,2326.5,z22,z20,toy-0005326,,,False,34.72469102141287,0.0,33.239691021412874,0.35,4.6,0
61,trip,2310,2328.5089706448603,z12,z11,toy-0005327,,,False,40.653418833013184,0.0,38.98761147497575,2.3,3.2526911934581184,0
49,trip,2310,2341.910795394624,z01,z31,toy-0005324,,,False,38.29346961782899,0.0,35.42149803231281,2.3,7.273238618387272,0
47,trip,2310,2332.851274623054,z00,z22,toy-0005317,,,False,43.30822070930878,0.0,41.25160599323391,0.35,6.505382386916237,0
28,trip,2310,2318.8333333333335,z10,z11,toy-0005318,,,False,18.028204110399937,0.0,17.23320411039994,0.35,2.3,0
41,trip,2310,2322.0089706448603,z20,z31,toy-0005319,,,False,36.28864691918625,0.0,35.207839561148816,0.35,3.2526911934581184,0
75,trip,2310,2326.5,z32,z12,toy-0005328,,,False,24.17183766602554,0.0,22.68683766602554,0.35,4.6,0
60,trip,2310,2326.5,z31,z11,toy-0005322,,,False,17.854133771124875,0.0,16.369133771124876,0.35,4.6,0
39,trip,2310,2318.8333333333335,z30,z31,toy-0005320,,,False,20.244229070130736,0.0,19.449229070130734,0.35,2.3,0
65,visit,2310,2357.4992268205738,z11,z11,,depot_west,local,False,14.284775917727002,34.69103144031043,47.024192641962564,6.505382386916237,0,20.814618864186258
81,visit,2310,2320.0,z00,z00,,depot_west,local,True,18.132693477327454,4.444444444444445,22.3671379217719,0.7,0,2.666666666666667
79,visit,2310,2348.6125141661746,z10,z10,,depot_west,,False,13.224698611931355,35.465301388068646,47.309999999999995,4.6,0,21.279180832841188
48,visit,2310,2334.74200179888,z00,z00,,depot_west,,False,14.090552557422168,34.01444744257783,47.895,0.7,0,20.4086684655467
80,trip,2320,2345.410795394624,z30,z01,toy-0005332,,,False,44.8067262077762,0.0,42.51975462226002,0.35,7.273238618387272,0
3,trip,2320,2338.309854494165,z32,z11,toy-0005345,,,False,9.357615519831622,0.0,7.7097286153567675,0.35,5.142956348249516,0
7,trip,2320,2332.0089706448603,z21,z12,toy-0005335,,,False,44.862577925887535,0.0,43.7817705678501,0.35,3.2526911934581184,0
21,trip,2320,2328.8333333333335,z21,z20,toy-0005334,,,False,11.820252864085845,0.0,11.025252864085845,0.35,2.3,0
13,trip,2320,2338.309854494165,z32,z20,toy-0005344,,,False,12.596051588572541,0.0,10.948164684097687,0.35,5.142956348249516,0
2,trip,2320,2332.0089706448603,z22,z31,toy-0005342,,,False,44.28211309552547,0.0,43.201305737488035,0.35,3.2526911934581184,0
23,trip,2320,2344.1666666666665,z31,z01,toy-0005337,,,False,23.99154751372738,0.0,21.81654751372738,0.35,6.8999999999999995,0
72,trip,2320,2328.8333333333335,z32,z31,toy-0005347,,,False,20.178942038709884,0.0,19.383942038709883,0.35,2.3,0
24,trip,2320,2328.8333333333335,z12,z11,toy-0005339,,,False,22.642152263538186,0.0,21.847152263538185,0.35,2.3,0
18,trip,2320,2328.8333333333335,z11,z21,toy-0005333,,,False,40.71130573748775,0.0,39.91630573748775,0.35,2.3,0
34,trip,2320,2328.8333333333335,z12,z22,toy-0005340,,,False,45.662113095525335,0.0,44.86711309552533,0.35,2.3,0
77,trip,2320,2332.0089706448603,z32,z21,toy-0005346,,,False,44.048328107819735,0.0,42.9675207497823,0.35,3.2526911934581184,0
32,trip,2320,2332.0089706448603,z21,z32,toy-0005336,,,False,47.02419264196257,0.0,45.94338528392514,0.35,3.2526911934581184,0
30,trip,2320,2328.8333333333335,z22,z32,toy-0005343,,,False,10.890975888219382,0.0,10.095975888219382,0.35,2.3,0
11,trip,2320,2332.0089706448603,z10,z21,toy-0005330,,,False,33.690673438547066,0.0,32.60986608050963,0.35,3.2526911934581184,0
40,trip,2320,2338.309854494165,z20,z12,toy-0005331,,,False,46.62000000000026,0.0,44.97211309552541,0.35,5.142956348249516,0
39,trip,2320,2328.8333333333335,z31,z32,toy-0005338,,,False,19.449229070130762,0.0,18.65422907013076,0.35,2.3,0
37,trip,2320,2348.809226445224,z00,z32,toy-0005329,,,False,15.62555675478507,0.0,13.032726374714917,0.35,8.292767933567175,0
46,trip,2320,2328.8333333333335,z22,z21,toy-0005341,,,False,11.762477555484818,0.0,10.967477555484818,0.35,2.3,0
70,trip,2320,2328.8333333333335,z31,z21,toy-0005352,,,False,30.423086227408007,0.0,29.628086227408005,0.35,2.3,0
43,trip,2320,2344.809854494165,z21,z30,toy-0005353,,,False,18.764672940522058,0.0,16.5317860360472,2.3,5.142956348249516,0
22,trip,2320,2335.3333333333335,z11,z31,toy-0005350,,,False,44.01705591942,0.0,42.63705591942,2.3,2.3,0
74,trip,2320,2332.0089706448603,z31,z20,toy-0005351,,,False,25.83237690822176,0.0,24.751569550184325,0.35,3.2526911934581184,0
85,trip,2320,2348.809226445224,z32,z00,toy-0005354,,,False,27.771528687438614,0.0,25.178698307368464,0.35,8.292767933567175,0
51,trip,2320,2336.5,z01,z21,toy-0005349,,,False,27.464866080509804,0.0,25.979866080509805,0.35,4.6,0
36,trip,2320,2338.309854494165,z10,z31,toy-0005348,,,False,26.82155166275575,0.0,25.173664758280893,0.35,5.142956348249516,0
42,visit,2320,2365.440397472924,z31,z31,,depot_south,local,False,6.844893100682759,41.845106899317244,47.31,4.6,0,25.10706413959035
27,visit,2320,2369.378366816515,z11,z11,,depot_west,local,False,11.152875924491296,37.82293143354614,47.024192641962564,6.505382386916237,0,22.693758860127684
4,visit,2320,2330.0,z30,z30,,depot_south,local,True,38.26388366337544,4.444444444444445,42.49832810781988,0.7,0,2.666666666666667
73,visit,2320,2359.286375654997,z22,z22,,depot_south,local,False,40.27841883301298,0.0,37.19264502406327,10.285912696499032,0,0
33,visit,2320,2355.6666666666665,z32,z32,,depot_south,local,False,43.94222105644632,0.0,41.18222105644632,9.2,0,0
17,visit,2320,2349.309121318994,z30,z30,,depot_south,,False,6.478686690565439,41.626313309434565,47.895,0.7,0,24.97578798566074
9,visit,2320,2361.985840283484,z20,z20,,depot_south,,False,7.602488416415531,41.08751158358447,47.31,4.6,0,24.65250695015068
81,visit,2320,2330.0,z00,z00,,depot_west,,True,22.367137921771672,9.444444444444446,31.601582366216117,0.7,0,5.666666666666668
45,visit,2320,2330.0,z00,z00,,depot_west,,True,31.167268947300443,9.444444444444446,40.401713391744885,0.7,0,5.666666666666668
1,trip,2330,2338.8333333333335,z20,z21,toy-0005359,,,False,11.922707819094036,0.0,11.127707819094036,0.35,2.3,0
5,trip,2330,2342.0089706448603,z31,z22,toy-0005365,,,False,33.931804116937904,0.0,32.85099675890047,0.35,3.2526911934581184,0
0,trip,2330,2338.8333333333335,z32,z22,toy-0005370,,,False,46.61999999999987,0.0,45.82499999999987,0.35,2.3,0
31,trip,2330,2348.309854494165,z02,z10,toy-0005367,,,False,46.61999999999993,0.0,44.97211309552508,0.35,5.142956348249516,0
45,trip,2330,2354.1666666666665,z00,z30,toy-0005355,,,False,40.40171339174466,0.0,38.22671339174466,0.35,6.8999999999999995,0
21,trip,2330,2342.0089706448603,z20,z11,toy-0005358,,,False,11.025252864085871,0.0,9.944445506048435,0.35,3.2526911934581184,0
71,trip,2330,2352.851274623054,z12,z30,toy-0005368,,,False,45.662113095524994,0.0,43.605498379450125,0.35,6.505382386916237,0
41,trip,2330,2338.8333333333335,z31,z32,toy-0005366,,,False,35.20783956114882,0.0,34.41283956114882,0.35,2.3,0
15,trip,2330,2338.8333333333335,z32,z31,toy-0005369,,,False,13.973389328781575,0.0,13.178389328781575,0.35,2.3,0
25,trip,2330,2338.8333333333335,z10,z20,toy-0005356,,,False,44.17711309552479,0.0,43.38211309552479,0.35,2.3,0
4,trip,2330,2346.5,z30,z32,toy-0005361,,,False,42.49832810781965,0.0,41.01332810781965,0.35,4.6,0
58,trip,2330,2338.8333333333335,z31,z30,toy-0005363,,,False,33.99852679393389,0.0,33.20352679393389,0.35,2.3,0
24,trip,2330,2346.5,z11,z31,toy-0005362,,,False,21.847152263538213,0.0,20.362152263538214,0.35,4.6,0
44,trip,2330,2348.309854494165,z20,z32,toy-0005360,,,False,33.23969102141287,0.0,31.59180411693801,0.35,5.142956348249516,0
55,trip,2330,2346.5,z20,z00,toy-0005357,,,False,15.779368337878148,0.0,14.294368337878149,0.35,4.6,0
72,trip,2330,2348.309854494165,z31,z12,toy-0005364,,,False,19.38394203870991,0.0,17.736055134235055,0.35,5.142956348249516,0
18,trip,2330,2338.8333333333335,z21,z22,toy-0005376,,,False,39.916305737487775,0.0,39.12130573748777,0.35,2.3,0
64,trip,2330,2354.809854494165,z20,z22,toy-0005371,,,False,31.41563923775851,0.0,29.182752333283652,2.3,5.142956348249516,0
28,trip,2330,2348.309854494165,z11,z32,toy-0005374,,,False,17.233204110399964,0.0,15.585317205925108,0.35,5.142956348249516,0
16,trip,2330,2355.410795394624,z01,z32,toy-0005373,,,False,35.26518940086321,0.0,32.97821781534702,0.35,7.273238618387272,0
20,trip,2330,2355.410795394624,z01,z30,toy-0005372,,,False,11.213098237622873,0.0,8.926126652106692,0.35,7.273238618387272,0
30,trip,2330,2346.5,z32,z30,toy-0005378,,,False,10.095975888219408,0.0,8.610975888219409,0.35,4.6,0
76,trip,2330,2346.5,z31,z11,toy-0005377,,,False,24.28117471195904,0.0,22.79617471195904,0.35,4.6,0
35,trip,2330,2342.0089706448603,z21,z10,toy-0005375,,,False,29.98516577384549,0.0,28.904358415808055,0.35,3.2526911934581184,0
46,visit,2330,2376.489605837919,z21,z21,,depot_south,,False,10.967477555484844,38.008329802552595,47.02419264196257,6.505382386916237,0,22.80499788153156
89,visit,2330,2368.6327255435517,z31,z31,,depot_south,,False,13.19101298296961,35.49898701703039,47.309999999999995,4.6,0,21.299392210218233
87,visit,2330,2354.2575052526695,z00,z00,,depot_west,,False,14.898046801106368,33.20695319889363,47.894999999999996,0.7,0,19.924171919336178
69,visit,2330,2383.3154677826974,z02,z02,,depot_west,,False,14.965331473282175,34.414668526717826,46.620000000000005,9.2,0,20.648801116030697
81,visit,2330,2340.0,z00,z00,,depot_west,,True,31.60158236621589,9.444444444444446,40.836026810660336,0.7,0,5.666666666666668
48,trip,2340,2365.410795394624,z00,z31,toy-0005380,,,False,47.895000000000074,0.0,45.60802841448389,0.35,7.273238618387272,0
1,trip,2340,2348.8333333333335,z21,z31,toy-0005386,,,False,11.127707819094063,0.0,10.332707819094063,0.35,2.3,0
81,trip,2340,2356.5,z00,z20,toy-0005379,,,False,40.83602681066011,0.0,39.35102681066011,0.35,4.6,0
2,trip,2340,2348.8333333333335,z31,z21,toy-0005390,,,False,43.20130573748804,0.0,42.40630573748804,0.35,2.3,0
0,trip,2340,2352.0089706448603,z22,z31,toy-0005393,,,False,45.824999999999896,0.0,44.744192641962464,0.35,3.2526911934581184,0
6,trip,2340,2348.8333333333335,z22,z21,toy-0005392,,,False,33.32061626244149,0.0,32.52561626244149,0.35,2.3,0
10,trip,2340,2370.6666666666665,z02,z31,toy-0005383,,,False,44.22422619105057,0.0,41.46422619105057,2.3,6.8999999999999995,0
50,trip,2340,2352.0089706448603,z11,z20,toy-0005384,,,False,47.02419264196289,0.0,45.94338528392546,0.35,3.2526911934581184,0
32,trip,2340,2352.0089706448603,z32,z21,toy-0005395,,,False,45.943385283925146,0.0,44.86257792588771,0.35,3.2526911934581184,0
11,trip,2340,2348.8333333333335,z21,z11,toy-0005385,,,False,32.60986608050964,0.0,31.81486608050964,0.35,2.3,0
13,trip,2340,2352.0089706448603,z20,z31,toy-0005381,,,False,10.948164684097696,0.0,9.86735732606026,0.35,3.2526911934581184,0
12,trip,2340,2348.8333333333335,z22,z32,toy-0005394,,,False,16.46598072240111,0.0,15.67098072240111,0.35,2.3,0
8,trip,2340,2358.309854494165,z31,z10,toy-0005389,,,False,47.30999999999988,0.0,45.66211309552503,0.35,5.142956348249516,0
15,trip,2340,2365.410795394624,z31,z00,toy-0005388,,,False,13.178389328781602,0.0,10.891417743265421,0.35,7.273238618387272,0
58,trip,2340,2352.0089706448603,z30,z21,toy-0005382,,,False,33.20352679393392,0.0,32.122719435896485,0.35,3.2526911934581184,0
29,trip,2340,2352.0089706448603,z21,z32,toy-0005387,,,False,47.02419264196249,0.0,45.94338528392506,0.35,3.2526911934581184,0
19,trip,2340,2358.309854494165,z22,z01,toy-0005391,,,False,45.94338528392505,0.0,44.2954983794502,0.35,5.142956348249516,0
54,trip,2340,2362.851274623054,z10,z32,toy-0005396,,,False,23.43247755548527,0.0,21.3758628394104,0.35,6.505382386916237,0
22,trip,2340,2348.8333333333335,z31,z32,toy-0005402,,,False,42.63705591942003,0.0,41.84205591942003,0.35,2.3,0
36,trip,2340,2352.0089706448603,z31,z22,toy-0005401,,,False,25.173664758280907,0.0,24.09285740024347,0.35,3.2526911934581184,0
7,trip,2340,2358.309854494165,z12,z31,toy-0005403,,,False,43.78177056785011,0.0,42.13388366337526,0.35,5.142956348249516,0
39,trip,2340,2358.309854494165,z32,z11,toy-0005406,,,False,18.65422907013079,0.0,17.006342165655933,0.35,5.142956348249516,0
25,trip,2340,2356.5,z20,z22,toy-0005397,,,False,43.382113095524815,0.0,41.897113095524816,0.35,4.6,0
40,trip,2340,2356.5,z12,z32,toy-0005404,,,False,44.97211309552541,0.0,43.48711309552541,0.35,4.6,0
38,trip,2340,2356.5,z21,z01,toy-0005399,,,False,46.457113095525195,0.0,44.972113095525195,0.35,4.6,0
41,trip,2340,2365.410795394624,z32,z01,toy-0005405,,,False,34.41283956114885,0.0,32.125867975632666,0.35,7.273238618387272,0
66,trip,2340,2370.6666666666665,z20,z00,toy-0005398,,,False,23.19360823387623,0.0,20.433608233876228,2.3,6.8999999999999995,0
68,trip,2340,2348.8333333333335,z32,z31,toy-0005407,,,False,43.88677056785043,0.0,43.091770567850425,0.35,2.3,0
82,trip,2340,2352.0089706448603,z31,z20,toy-0005400,,,False,47.310000000000116,0.0,46.22919264196268,0.35,3.2526911934581184,0
3,visit,2340,2391.444255201996,z11,z11,,depot_west,local,False,7.709728615356777,41.26607874268066,47.02419264196257,6.505382386916237,0,24.7596472456084
18,visit,2340,2379.286375654997,z22,z22,,depot_south,local,False,39.1213057374878,0.0,36.03553192853809,10.285912696499032,0,0
34,trip,2350,2358.8333333333335,z22,z12,toy-0005422,,,False,44.86711309552536,0.0,44.07211309552536,0.35,2.3,0
11,trip,2350,2358.8333333333335,z11,z21,toy-0005410,,,False,31.814866080509663,0.0,31.019866080509665,0.35,2.3,0
24,trip,2350,2374.1666666666665,z31,z01,toy-0005414,,,False,20.362152263538214,0.0,18.187152263538213,0.35,6.8999999999999995,0
21,trip,2350,2366.5,z11,z31,toy-0005411,,,False,9.944445506048448,0.0,8.459445506048448,0.35,4.6,0
2,trip,2350,2358.8333333333335,z21,z31,toy-0005413,,,False,42.40630573748807,0.0,41.61130573748807,0.35,2.3,0
47,trip,2350,2368.309854494165,z22,z10,toy-0005418,,,False,41.251605993233916,0.0,39.603719088759064,0.35,5.142956348249516,0
4,trip,2350,2372.851274623054,z32,z10,toy-0005423,,,False,41.013328107819646,0.0,38.95671339174478,0.35,6.505382386916237,0
12,trip,2350,2368.309854494165,z32,z20,toy-0005424,,,False,15.670980722401136,0.0,14.02309381792628,0.35,5.142956348249516,0
55,trip,2350,2368.309854494165,z00,z21,toy-0005408,,,False,14.294368337878149,0.0,12.646481433403295,0.35,5.142956348249516,0
72,trip,2350,2368.309854494165,z12,z20,toy-0005417,,,False,17.73605513423507,0.0,16.088168229760214,0.35,5.142956348249516,0
49,trip,2350,2358.8333333333335,z31,z21,toy-0005415,,,False,35.421498032312826,0.0,34.626498032312824,0.35,2.3,0
59,trip,2350,2366.5,z22,z20,toy-0005419,,,False,15.795877181176712,0.0,14.310877181176712,0.35,4.6,0
63,trip,2350,2362.0089706448603,z22,z31,toy-0005421,,,False,46.45711309552522,0.0,45.37630573748779,0.35,3.2526911934581184,0
23,trip,2350,2368.309854494165,z01,z22,toy-0005409,,,False,21.816547513727397,0.0,20.16866060925254,0.35,5.142956348249516,0
22,trip,2350,2358.8333333333335,z32,z22,toy-0005426,,,False,41.842055919420055,0.0,41.04705591942005,0.35,2.3,0
75,trip,2350,2368.309854494165,z12,z00,toy-0005416,,,False,22.68683766602554,0.0,21.038950761550684,0.35,5.142956348249516,0
28,trip,2350,2366.5,z32,z12,toy-0005425,,,False,15.58531720592512,0.0,14.100317205925121,0.35,4.6,0
52,trip,2350,2362.0089706448603,z11,z22,toy-0005412,,,False,34.443166378830654,0.0,33.36235902079322,0.35,3.2526911934581184,0
6,trip,2350,2368.5089706448603,z21,z11,toy-0005420,,,False,32.52561626244152,0.0,30.85980890440408,2.3,3.2526911934581184,0
67,trip,2350,2358.8333333333335,z20,z30,toy-0005429,,,False,44.80922619104992,0.0,44.01422619104992,0.35,2.3,0
74,trip,2350,2368.309854494165,z20,z32,toy-0005430,,,False,24.75156955018434,0.0,23.103682645709483,0.35,5.142956348249516,0
83,trip,2350,2362.0089706448603,z12,z21,toy-0005439,,,False,25.47117181799737,0.0,24.390364459959933,0.35,3.2526911934581184,0
85,trip,2350,2358.8333333333335,z00,z10,toy-0005427,,,False,25.178698307368467,0.0,24.38369830736847,0.35,2.3,0
51,trip,2350,2362.0089706448603,z21,z32,toy-0005435,,,False,25.979866080509805,0.0,24.89905872247237,0.35,3.2526911934581184,0
68,trip,2350,2358.8333333333335,z31,z32,toy-0005438,,,False,43.09177056785045,0.0,42.29677056785045,0.35,2.3,0
84,trip,2350,2368.309854494165,z31,z12,toy-0005437,,,False,27.58810985442575,0.0,25.940222949950893,0.35,5.142956348249516,0
37,trip,2350,2362.0089706448603,z32,z21,toy-0005441,,,False,13.032726374714919,0.0,11.951919016677483,0.35,3.2526911934581184,0
60,trip,2350,2368.309854494165,z11,z32,toy-0005432,,,False,16.369133771124876,0.0,14.72124686665002,0.35,5.142956348249516,0
70,trip,2350,2358.8333333333335,z21,z20,toy-0005433,,,False,29.628086227408033,0.0,28.83308622740803,0.35,2.3,0
44,trip,2350,2358.8333333333335,z32,z31,toy-0005442,,,False,31.591804116938018,0.0,30.79680411693802,0.35,2.3,0
86,trip,2350,2366.5,z31,z11,toy-0005436,,,False,38.9935833183392,0.0,37.5085833183392,0.35,4.6,0
77,trip,2350,2365.3333333333335,z21,z32,toy-0005440,,,False,42.96752074978231,0.0,41.58752074978231,2.3,2.3,0
61,trip,2350,2365.3333333333335,z11,z22,toy-0005434,,,False,38.987611474975765,0.0,37.60761147497576,2.3,2.3,0
17,trip,2350,2358.8333333333335,z30,z31,toy-0005431,,,False,47.894999999999875,0.0,47.09999999999987,0.35,2.3,0
31,trip,2350,2368.309854494165,z10,z31,toy-0005428,,,False,44.97211309552508,0.0,43.32422619105023,0.35,5.142956348249516,0
1,visit,2350,2393.347708641877,z31,z31,,depot_south,local,False,10.33270781909409,38.35729218090591,47.309999999999995,4.6,0,23.014375308543546
14,visit,2350,2428.3681916577684,z32,z32,,depot_south,central,False,14.877458348163858,34.50254165183614,46.62,9.2,0,20.70152499110168
5,visit,2350,2389.286375654997,z22,z22,,depot_south,local,False,32.85099675890048,0.0,29.76522294995077,10.285912696499032,0,0
30,visit,2350,2422.8754144670684,z30,z30,,depot_west,,False,8.610975888219409,41.4590241117806,45.93000000000001,13.799999999999999,0,24.875414467068357
0,trip,2360,2372.0089706448603,z31,z22,toy-0005449,,,False,44.74419264196247,0.0,43.66338528392504,0.35,3.2526911934581184,0
35,trip,2360,2378.309854494165,z10,z22,toy-0005443,,,False,28.90435841580807,0.0,27.256471511333213,0.35,5.142956348249516,0
11,trip,2360,2372.0089706448603,z21,z12,toy-0005447,,,False,31.01986608050969,0.0,29.939058722472254,0.35,3.2526911934581184,0
50,trip,2360,2372.0089706448603,z20,z31,toy-0005445,,,False,45.943385283925466,0.0,44.86257792588803,0.35,3.2526911934581184,0
2,trip,2360,2385.410795394624,z31,z02,toy-0005448,,,False,41.611305737488095,0.0,39.32433415197191,0.35,7.273238618387272,0
70,trip,2360,2368.8333333333335,z20,z21,toy-0005444,,,False,28.83308622740806,0.0,28.03808622740806,0.35,2.3,0
32,trip,2360,2372.0089706448603,z21,z30,toy-0005446,,,False,44.86257792588772,0.0,43.78177056785029,0.35,3.2526911934581184,0
34,trip,2360,2368.8333333333335,z12,z22,toy-0005460,,,False,44.07211309552539,0.0,43.27711309552539,0.35,2.3,0
20,trip,2360,2368.8333333333335,z30,z20,toy-0005452,,,False,8.926126652106706,0.0,8.131126652106706,0.35,2.3,0
39,trip,2360,2368.8333333333335,z11,z12,toy-0005453,,,False,17.006342165655948,0.0,16.21134216565595,0.35,2.3,0
78,trip,2360,2378.309854494165,z20,z01,toy-0005451,,,False,46.61999999999969,0.0,44.97211309552484,0.35,5.142956348249516,0
7,trip,2360,2368.8333333333335,z31,z30,toy-0005457,,,False,42.13388366337526,0.0,41.338883663375256,0.35,2.3,0
22,trip,2360,2372.0089706448603,z22,z31,toy-0005462,,,False,41.04705591942008,0.0,39.96624856138265,0.35,3.2526911934581184,0
44,trip,2360,2368.8333333333335,z31,z32,toy-0005459,,,False,30.796804116938045,0.0,30.001804116938047,0.35,2.3,0
26,trip,2360,2368.8333333333335,z32,z31,toy-0005463,,,False,46.62,0.0,45.824999999999996,0.35,2.3,0
88,trip,2360,2372.0089706448603,z31,z20,toy-0005456,,,False,16.241402081606157,0.0,15.160594723568721,0.35,3.2526911934581184,0
58,trip,2360,2368.8333333333335,z21,z31,toy-0005455,,,False,32.12271943589649,0.0,31.32771943589649,0.35,2.3,0
25,trip,2360,2368.8333333333335,z22,z21,toy-0005461,,,False,41.89711309552481,0.0,41.10211309552481,0.35,2.3,0
79,trip,2360,2372.0089706448603,z10,z21,toy-0005450,,,False,47.309999999999924,0.0,46.22919264196249,0.35,3.2526911934581184,0
64,trip,2360,2375.3333333333335,z22,z11,toy-0005454,,,False,29.182752333283663,0.0,27.802752333283664,2.3,2.3,0
29,trip,2360,2375.3333333333335,z32,z21,toy-0005458,,,False,45.94338528392507,0.0,44.563385283925065,2.3,2.3,0
13,visit,2360,2403.626918937697,z31,z31,,depot_south,local,False,9.867357326060272,38.822642673939725,47.309999999999995,4.6,0,23.293585604363834
36,visit,2360,2399.286375654997,z22,z22,,depot_south,local,False,24.092857400243485,0.0,21.007083591293775,10.285912696499032,0,0
16,visit,2360,2417.6666666666665,z32,z32,,depot_south,central,False,32.97821781534704,0.0,30.21821781534704,9.2,0,0
49,visit,2360,2399.286375654997,z21,z21,,depot_west,local,False,34.62649803231285,0.0,31.540724223363142,10.285912696499032,0,0
8,visit,2360,2380.3333333333335,z10,z10,,depot_west,local,False,45.66211309552503,0.0,44.28211309552503,4.6,0,0
17,visit,2360,2413.488257455915,z31,z31,,depot_west,local,False,47.0999999999999,0.0,42.73605682896754,14.546477236774544,0,0
47,trip,2370,2386.5,z10,z12,toy-0005464,,,False,39.603719088759064,0.0,38.118719088759065,0.35,4.6,0
6,trip,2370,2386.5,z11,z31,toy-0005469,,,False,30.85980890440409,0.0,29.37480890440409,0.35,4.6,0
7,trip,2370,2386.5,z30,z10,toy-0005466,,,False,41.338883663375285,0.0,39.853883663375285,0.35,4.6,0
33,trip,2370,2388.309854494165,z32,z11,toy-0005478,,,False,41.1822210564463,0.0,39.53433415197145,0.35,5.142956348249516,0
19,trip,2370,2394.1666666666665,z01,z31,toy-0005467,,,False,44.2954983794502,0.0,42.120498379450204,0.35,6.8999999999999995,0
28,trip,2370,2378.8333333333335,z12,z02,toy-0005476,,,False,14.100317205925121,0.0,13.305317205925121,0.35,2.3,0
25,trip,2370,2382.0089706448603,z21,z32,toy-0005471,,,False,41.102113095524835,0.0,40.0213057374874,0.35,3.2526911934581184,0
40,trip,2370,2382.0089706448603,z32,z21,toy-0005479,,,False,43.4871130955254,0.0,42.40630573748797,0.35,3.2526911934581184,0
55,trip,2370,2388.309854494165,z21,z00,toy-0005470,,,False,12.646481433403304,0.0,10.99859452892845,0.35,5.142956348249516,0
23,trip,2370,2386.5,z22,z02,toy-0005477,,,False,20.168660609252555,0.0,18.683660609252556,0.35,4.6,0
53,trip,2370,2395.410795394624,z02,z31,toy-0005474,,,False,39.88346961782869,0.0,37.5964980323125,0.35,7.273238618387272,0
9,trip,2370,2382.0089706448603,z20,z11,toy-0005465,,,False,47.31000000000028,0.0,46.22919264196285,0.35,3.2526911934581184,0
39,trip,2370,2388.309854494165,z12,z31,toy-0005475,,,False,16.211342165655974,0.0,14.563455261181119,0.35,5.142956348249516,0
44,trip,2370,2378.8333333333335,z32,z22,toy-0005480,,,False,30.00180411693807,0.0,29.206804116938073,0.35,2.3,0
56,trip,2370,2388.309854494165,z02,z21,toy-0005473,,,False,45.512169619929985,0.0,43.86428271545513,0.35,5.142956348249516,0
27,trip,2370,2378.8333333333335,z11,z10,toy-0005468,,,False,47.02419264196255,0.0,46.22919264196255,0.35,2.3,0
21,trip,2370,2388.309854494165,z31,z10,toy-0005472,,,False,8.459445506048448,0.0,6.811558601573593,0.35,5.142956348249516,0
83,trip,2370,2378.8333333333335,z21,z22,toy-0005490,,,False,24.390364459959947,0.0,23.595364459959946,0.35,2.3,0
31,trip,2370,2378.8333333333335,z31,z21,toy-0005492,,,False,43.32422619105023,0.0,42.52922619105023,0.35,2.3,0
51,trip,2370,2388.309854494165,z32,z20,toy-0005498,,,False,24.899058722472382,0.0,23.251171817997527,0.35,5.142956348249516,0
54,trip,2370,2394.1666666666665,z32,z02,toy-0005500,,,False,21.375862839410413,0.0,19.200862839410412,0.35,6.8999999999999995,0
57,trip,2370,2378.8333333333335,z02,z01,toy-0005495,,,False,31.937786534072117,0.0,31.142786534072116,0.35,2.3,0
34,trip,2370,2378.8333333333335,z22,z32,toy-0005497,,,False,43.277113095525415,0.0,42.48211309552541,0.35,2.3,0
12,trip,2370,2385.3333333333335,z20,z31,toy-0005489,,,False,14.023093817926291,0.0,12.643093817926292,2.3,2.3,0
42,trip,2370,2388.5089706448603,z31,z10,toy-0005488,,,False,47.310000000000144,0.0,45.64419264196271,2.3,3.2526911934581184,0
60,trip,2370,2378.8333333333335,z32,z31,toy-0005499,,,False,14.72124686665003,0.0,13.92624686665003,0.35,2.3,0
38,trip,2370,2382.0089706448603,z01,z10,toy-0005485,,,False,44.97211309552519,0.0,43.891305737487755,0.35,3.2526911934581184,0
48,trip,2370,2378.8333333333335,z31,z32,toy-0005494,,,False,45.608028414483904,0.0,44.8130284144839,0.35,2.3,0
65,trip,2370,2378.8333333333335,z11,z01,toy-0005487,,,False,47.024192641962614,0.0,46.22919264196261,0.35,2.3,0
15,trip,2370,2398.809226445224,z00,z32,toy-0005482,,,False,10.891417743265436,0.0,8.298587363195283,0.35,8.292767933567175,0
43,trip,2370,2386.5,z30,z32,toy-0005484,,,False,16.53178603604721,0.0,15.046786036047212,0.35,4.6,0
58,trip,2370,2382.0089706448603,z31,z22,toy-0005493,,,False,31.327719435896515,0.0,30.24691207785908,0.35,3.2526911934581184,0
75,trip,2370,2382.0089706448603,z00,z11,toy-0005481,,,False,21.038950761550698,0.0,19.95814340351326,0.35,3.2526911934581184,0
62,trip,2370,2388.5089706448603,z12,z11,toy-0005496,,,False,46.457113095525,0.0,44.79130573748757,2.3,3.2526911934581184,0
63,trip,2370,2386.5,z31,z11,toy-0005491,,,False,45.3763057374878,0.0,43.8913057374878,0.35,4.6,0
80,trip,2370,2386.5,z01,z21,toy-0005486,,,False,42.51975462226003,0.0,41.03475462226003,0.35,4.6,0
20,trip,2370,2378.8333333333335,z20,z10,toy-0005483,,,False,8.131126652106733,0.0,7.336126652106733,0.35,2.3,0
37,visit,2370,2440.8989409612036,z21,z21,,depot_south,central,False,11.951919016677495,37.02388834135994,47.024192641962564,6.505382386916237,0,22.214333004815966
70,visit,2370,2396.6846079563875,z21,z21,,depot_south,local,False,28.038086227408087,0.0,26.086471511333215,6.505382386916237,0,0
41,visit,2370,2390.3333333333335,z01,z01,,depot_west,local,False,32.12586797563268,0.0,30.74586797563268,4.6,0,0
26,visit,2370,2390.3333333333335,z31,z31,,depot_south,local,False,45.825000000000024,0.0,44.44500000000002,4.6,0,0
59,visit,2370,2407.9608070246272,z20,z20,,depot_south,,False,14.310877181176712,34.37912281882329,47.31,4.6,0,20.627473691293975
29,trip,2380,2388.8333333333335,z21,z20,toy-0005516,,,False,44.56338528392509,0.0,43.76838528392509,0.35,2.3,0
72,trip,2380,2396.5,z20,z22,toy-0005506,,,False,16.088168229760228,0.0,14.603168229760229,0.35,4.6,0
24,trip,2380,2405.410795394624,z01,z32,toy-0005510,,,False,18.18715226353823,0.0,15.90018067802205,0.35,7.273238618387272,0
0,trip,2380,2392.0089706448603,z22,z11,toy-0005524,,,False,43.663385283925045,0.0,42.58257792588761,0.35,3.2526911934581184,0
34,trip,2380,2408.809226445224,z32,z00,toy-0005526,,,False,42.48211309552544,0.0,39.88928271545529,0.35,8.292767933567175,0
28,trip,2380,2396.5,z02,z22,toy-0005518,,,False,13.305317205925148,0.0,11.820317205925148,0.35,4.6,0
87,trip,2380,2405.410795394624,z00,z31,toy-0005501,,,False,47.89499999999973,0.0,45.60802841448355,0.35,7.273238618387272,0
10,trip,2380,2398.309854494165,z31,z12,toy-0005517,,,False,41.464226191050585,0.0,39.81633928657573,0.35,5.142956348249516,0
11,trip,2380,2388.8333333333335,z12,z11,toy-0005521,,,False,29.939058722472268,0.0,29.144058722472266,0.35,2.3,0
18,trip,2380,2392.0089706448603,z22,z31,toy-0005525,,,False,36.035531928538084,0.0,34.95472457050065,0.35,3.2526911934581184,0
84,trip,2380,2396.5,z12,z10,toy-0005520,,,False,25.940222949950908,0.0,24.455222949950908,0.35,4.6,0
64,trip,2380,2392.0089706448603,z11,z22,toy-0005514,,,False,27.80275233328369,0.0,26.721944975246252,0.35,3.2526911934581184,0
81,trip,2380,2392.0089706448603,z20,z31,toy-0005504,,,False,39.3510268106601,0.0,38.27021945262267,0.35,3.2526911934581184,0
4,trip,2380,2388.8333333333335,z10,z11,toy-0005502,,,False,38.956713391744785,0.0,38.16171339174478,0.35,2.3,0
52,trip,2380,2402.851274623054,z22,z00,toy-0005523,,,False,33.36235902079323,0.0,31.305744304718356,0.35,6.505382386916237,0
32,trip,2380,2398.309854494165,z30,z11,toy-0005508,,,False,43.781770567850295,0.0,42.13388366337544,0.35,5.142956348249516,0
57,trip,2380,2388.8333333333335,z01,z11,toy-0005509,,,False,31.142786534072144,0.0,30.347786534072142,0.35,2.3,0
76,trip,2380,2392.0089706448603,z11,z20,toy-0005511,,,False,22.79617471195904,0.0,21.715367353921604,0.35,3.2526911934581184,0
86,trip,2380,2398.309854494165,z11,z32,toy-0005515,,,False,37.50858331833919,0.0,35.86069641386434,0.35,5.142956348249516,0
27,trip,2380,2395.3333333333335,z10,z21,toy-0005513,,,False,46.22919264196258,0.0,44.849192641962574,2.3,2.3,0
82,trip,2380,2398.309854494165,z20,z12,toy-0005505,,,False,46.22919264196269,0.0,44.58130573748784,0.35,5.142956348249516,0
61,trip,2380,2403.0,z22,z32,toy-0005522,,,False,37.60761147497579,0.0,35.53761147497579,2.3,4.6,0
65,trip,2380,2410.6666666666665,z01,z32,toy-0005519,,,False,46.22919264196264,0.0,43.46919264196264,2.3,6.8999999999999995,0
85,trip,2380,2402.851274623054,z10,z32,toy-0005503,,,False,24.383698307368494,0.0,22.327083591293622,0.35,6.505382386916237,0
31,trip,2380,2404.809854494165,z21,z30,toy-0005512,,,False,42.529226191050256,0.0,40.2963392865754,2.3,5.142956348249516,0
88,trip,2380,2398.309854494165,z20,z32,toy-0005507,,,False,15.160594723568733,0.0,13.51270781909388,0.35,5.142956348249516,0
46,trip,2380,2407.985491805692,z21,z31,toy-0005527,,,False,47.02419264196258,0.0,44.50549837945029,3.2526911934581184,5.142956348249516,0
22,trip,2380,2392.0089706448603,z31,z22,toy-0005536,,,False,39.966248561382656,0.0,38.88544120334522,0.35,3.2526911934581184,0
50,trip,2380,2392.0089706448603,z31,z20,toy-0005534,,,False,44.86257792588804,0.0,43.78177056785061,0.35,3.2526911934581184,0
78,trip,2380,2403.0,z01,z31,toy-0005531,,,False,44.97211309552484,0.0,42.90211309552484,2.3,4.6,0
73,trip,2380,2388.8333333333335,z22,z21,toy-0005539,,,False,37.19264502406326,0.0,36.39764502406326,0.35,2.3,0
68,trip,2380,2405.410795394624,z32,z01,toy-0005542,,,False,42.29677056785048,0.0,40.009798982334296,0.35,7.273238618387272,0
79,trip,2380,2406.175637311527,z21,z12,toy-0005529,,,False,46.2291926419625,0.0,43.87338528392506,4.6,3.2526911934581184,0
60,trip,2380,2388.8333333333335,z31,z32,toy-0005537,,,False,13.926246866650057,0.0,13.131246866650057,0.35,2.3,0
74,trip,2380,2396.5,z32,z12,toy-0005544,,,False,23.103682645709497,0.0,21.618682645709498,0.35,4.6,0
77,trip,2380,2388.8333333333335,z32,z31,toy-0005543,,,False,41.587520749782335,0.0,40.792520749782334,0.35,2.3,0
89,trip,2380,2404.1666666666665,z31,z01,toy-0005535,,,False,47.310000000000024,0.0,45.135000000000026,0.35,6.8999999999999995,0
83,trip,2380,2401.6846079563875,z22,z02,toy-0005532,,,False,23.595364459959974,0.0,21.643749743885103,3.2526911934581184,3.2526911934581184,0
45,trip,2380,2421.387316555456,z30,z20,toy-0005528,,,False,38.22671339174467,0.0,34.50185490175363,7.273238618387272,5.142956348249516,0
67,trip,2380,2411.910795394624,z30,z00,toy-0005533,,,False,44.01422619104995,0.0,41.142254605533765,2.3,7.273238618387272,0
71,trip,2380,2417.017941289721,z30,z10,toy-0005540,,,False,43.60549837945013,0.0,40.27388366337526,4.6,6.505382386916237,0
66,visit,2380,2390.0,z00,z00,,depot_west,local,True,20.433608233876242,4.444444444444445,24.668052678320684,0.7,0,2.666666666666667
35,visit,2380,2419.286375654997,z22,z22,,depot_south,local,False,27.256471511333228,0.0,24.170697702383517,10.285912696499032,0,0
44,visit,2380,2441.286375654997,z22,z22,,depot_south,central,False,29.2068041169381,0.0,26.121030307988388,10.285912696499032,0,0
48,visit,2380,2440.2851195571143,z32,z32,,depot_west,local,False,44.81302841448393,0.0,39.83736765434362,16.58553586713435,0,0
20,visit,2380,2422.145657342069,z10,z10,,depot_west,,False,7.336126652106761,41.35387334789324,47.31,4.6,0,24.812324008735946
6,trip,2390,2406.5,z31,z11,toy-0005555,,,False,29.37480890440409,0.0,27.88980890440409,0.35,4.6,0
40,trip,2390,2406.5,z21,z01,toy-0005551,,,False,42.406305737487976,0.0,40.92130573748798,0.35,4.6,0
73,trip,2390,2408.309854494165,z21,z02,toy-0005553,,,False,36.39764502406329,0.0,34.749758119588435,0.35,5.142956348249516,0
12,trip,2390,2398.8333333333335,z31,z21,toy-0005556,,,False,12.643093817926319,0.0,11.848093817926319,0.35,2.3,0
7,trip,2390,2402.0089706448603,z10,z01,toy-0005547,,,False,39.85388366337528,0.0,38.773076305337845,0.35,3.2526911934581184,0
29,trip,2390,2398.8333333333335,z20,z21,toy-0005548,,,False,43.76838528392512,0.0,42.97338528392512,0.35,2.3,0
4,trip,2390,2408.5089706448603,z11,z32,toy-0005554,,,False,38.16171339174481,0.0,36.49590603370738,2.3,3.2526911934581184,0
39,trip,2390,2405.3333333333335,z31,z31,toy-0005550,,,False,14.56345526118113,0.0,13.18345526118113,2.3,2.3,0
25,trip,2390,2402.0089706448603,z32,z21,toy-0005559,,,False,40.02130573748741,0.0,38.94049837944998,0.35,3.2526911934581184,0
47,trip,2390,2402.0089706448603,z12,z21,toy-0005557,,,False,38.11871908875906,0.0,37.037911730721625,0.35,3.2526911934581184,0
5,trip,2390,2405.3333333333335,z22,z31,toy-0005552,,,False,29.765222949950765,0.0,28.385222949950766,2.3,2.3,0
55,trip,2390,2412.851274623054,z00,z22,toy-0005546,,,False,10.998594528928459,0.0,8.941979812853589,0.35,6.505382386916237,0
58,trip,2390,2408.309854494165,z22,z30,toy-0005558,,,False,30.246912077859093,0.0,28.599025173384238,0.35,5.142956348249516,0
51,trip,2390,2408.5089706448603,z20,z21,toy-0005549,,,False,23.25117181799754,0.0,21.585364459960104,2.3,3.2526911934581184,0
8,trip,2390,2398.8333333333335,z10,z20,toy-0005560,,,False,44.28211309552506,0.0,43.48711309552506,0.35,2.3,0
2,trip,2390,2414.809854494165,z02,z31,toy-0005568,,,False,39.324334151971925,0.0,37.09144724749707,2.3,5.142956348249516,0
38,trip,2390,2406.5,z10,z30,toy-0005561,,,False,43.89130573748776,0.0,42.40630573748776,0.35,4.6,0
43,trip,2390,2405.3333333333335,z32,z12,toy-0005572,,,False,15.046786036047212,0.0,13.666786036047213,2.3,2.3,0
11,trip,2390,2411.6846079563875,z11,z31,toy-0005571,,,False,29.144058722472295,0.0,27.192444006397423,3.2526911934581184,3.2526911934581184,0
77,trip,2390,2414.809854494165,z31,z22,toy-0005564,,,False,40.79252074978236,0.0,38.55963384530751,2.3,5.142956348249516,0
42,trip,2390,2408.309854494165,z10,z02,toy-0005562,,,False,45.644192641962725,0.0,43.99630573748787,0.35,5.142956348249516,0
33,trip,2390,2408.5089706448603,z11,z32,toy-0005573,,,False,39.53433415197145,0.0,37.868526793934016,3.2526911934581184,2.3,0
57,trip,2390,2411.6846079563875,z11,z31,toy-0005563,,,False,30.34778653407217,0.0,28.3961718179973,3.2526911934581184,3.2526911934581184,0
62,trip,2390,2405.3333333333335,z11,z11,toy-0005565,,,False,44.79130573748758,0.0,43.41130573748758,2.3,2.3,0
63,trip,2390,2417.985491805692,z11,z10,toy-0005569,,,False,43.89130573748779,0.0,41.3726114749755,3.2526911934581184,5.142956348249516,0
75,trip,2390,2424.286375654997,z11,z11,toy-0005574,,,False,19.958143403513276,0.0,16.872369594563565,5.142956348249516,5.142956348249516,0
66,trip,2390,2414.809854494165,z00,z22,toy-0005566,,,False,24.66805267832046,0.0,22.435165773845604,5.142956348249516,2.3,0
69,trip,2390,2431.387316555456,z02,z10,toy-0005567,,,False,46.620000000000296,0.0,42.89514151000926,7.273238618387272,5.142956348249516,0
60,visit,2390,2447.4159185466765,z32,z32,,depot_south,local,False,13.131246866650084,36.248753133349915,46.62,9.2,0,21.749251880009947
23,visit,2390,2425.6666666666665,z02,z02,,depot_west,local,False,18.683660609252556,0.0,15.923660609252556,9.2,0,0
80,visit,2390,2429.286375654997,z21,z21,,depot_west,local,False,41.034754622260024,0.0,37.948980813310314,10.285912696499032,0,0
56,visit,2390,2429.286375654997,z21,z21,,depot_west,local,False,43.86428271545513,0.0,40.77850890650542,10.285912696499032,0,0
9,visit,2390,2416.6846079563875,z11,z11,,depot_west,local,False,46.229192641962854,0.0,44.27757792588798,6.505382386916237,0,0
21,visit,2390,2432.460398172389,z10,z10,,depot_west,,False,6.811558601573603,41.878441398426396,47.309999999999995,4.6,0,25.127064839055837
1,trip,2400,2412.0089706448603,z31,z20,toy-0005580,,,False,47.31000000000003,0.0,46.2291926419626,0.35,3.2526911934581184,0
86,trip,2400,2418.309854494165,z32,z20,toy-0005587,,,False,35.86069641386434,0.0,34.21280950938949,0.35,5.142956348249516,0
18,trip,2400,2408.8333333333335,z31,z32,toy-0005586,,,False,34.95472457050066,0.0,34.15972457050066,0.35,2.3,0
84,trip,2400,2408.8333333333335,z10,z00,toy-0005575,,,False,24.455222949950908,0.0,23.660222949950906,0.35,2.3,0
26,trip,2400,2408.8333333333335,z31,z21,toy-0005582,,,False,44.44500000000006,0.0,43.650000000000055,0.35,2.3,0
41,trip,2400,2418.309854494165,z01,z22,toy-0005577,,,False,30.745867975632706,0.0,29.09798107115785,0.35,5.142956348249516,0
88,trip,2400,2408.8333333333335,z32,z31,toy-0005588,,,False,13.512707819093889,0.0,12.717707819093889,0.35,2.3,0
53,trip,2400,2425.410795394624,z31,z02,toy-0005583,,,False,37.59649803231252,0.0,35.30952644679633,0.35,7.273238618387272,0
12,trip,2400,2412.0089706448603,z21,z12,toy-0005579,,,False,11.848093817926346,0.0,10.76728645988891,0.35,3.2526911934581184,0
81,trip,2400,2412.0089706448603,z31,z22,toy-0005585,,,False,38.270219452622676,0.0,37.18941209458524,0.35,3.2526911934581184,0
27,trip,2400,2424.809854494165,z21,z12,toy-0005584,,,False,44.8491926419626,0.0,42.61630573748775,2.3,5.142956348249516,0
8,trip,2400,2429.351274623054,z20,z12,toy-0005576,,,False,43.48711309552509,0.0,40.84549837945022,2.3,6.505382386916237,0
29,trip,2400,2408.8333333333335,z21,z31,toy-0005578,,,False,42.97338528392515,0.0,42.178385283925145,0.35,2.3,0
49,trip,2400,2415.3333333333335,z21,z30,toy-0005581,,,False,31.540724223363135,0.0,30.160724223363136,2.3,2.3,0
22,trip,2400,2408.8333333333335,z22,z21,toy-0005606,,,False,38.88544120334523,0.0,38.09044120334523,0.35,2.3,0
0,trip,2400,2424.809854494165,z11,z22,toy-0005589,,,False,42.58257792588762,0.0,40.34969102141277,2.3,5.142956348249516,0
70,trip,2400,2431.910795394624,z21,z00,toy-0005599,,,False,26.086471511333215,0.0,23.214499925817034,2.3,7.273238618387272,0
28,trip,2400,2418.5089706448603,z22,z32,toy-0005602,,,False,11.820317205925148,0.0,10.154509847887713,3.2526911934581184,2.3,0
3,trip,2400,2418.5089706448603,z11,z30,toy-0005597,,,False,47.02419264196265,0.0,45.358385283925216,2.3,3.2526911934581184,0
36,trip,2400,2415.3333333333335,z22,z20,toy-0005596,,,False,21.00708359129377,0.0,19.627083591293772,2.3,2.3,0
64,trip,2400,2433.8423039781937,z22,z01,toy-0005600,,,False,26.721944975246267,0.0,23.67613761720883,3.2526911934581184,6.8999999999999995,0
72,trip,2400,2418.5089706448603,z22,z21,toy-0005607,,,False,14.603168229760229,0.0,12.937360871722793,2.3,3.2526911934581184,0
10,trip,2400,2430.6666666666665,z12,z12,toy-0005608,,,False,39.81633928657573,0.0,37.056339286575735,4.6,4.6,0
76,trip,2400,2422.851274623054,z20,z02,toy-0005590,,,False,21.715367353921618,0.0,19.658752637846746,0.35,6.505382386916237,0
82,trip,2400,2412.0089706448603,z12,z01,toy-0005604,,,False,44.58130573748784,0.0,43.500498379450406,0.35,3.2526911934581184,0
54,trip,2400,2430.6666666666665,z02,z31,toy-0005592,,,False,19.20086283941043,0.0,16.44086283941043,2.3,6.8999999999999995,0
15,visit,2400,2482.3155142487494,z32,z32,,depot_south,central,False,8.298587363195285,41.08141263680471,46.62,9.2,0,24.648847582082826
74,visit,2400,2439.286375654997,z12,z12,,depot_west,local,False,21.618682645709498,0.0,18.532908836759788,10.285912696499032,0,0
19,visit,2400,2420.3333333333335,z31,z31,,depot_south,local,False,42.12049837945021,0.0,40.74049837945021,4.6,0,0
32,visit,2400,2426.6846079563875,z11,z11,,depot_west,local,False,42.13388366337544,0.0,40.18226894730057,6.505382386916237,0,0
50,visit,2400,2420.3333333333335,z20,z20,,depot_south,local,False,43.781770567850614,0.0,42.40177056785061,4.6,0,0
59,trip,2410,2422.0089706448603,z20,z11,toy-0005611,,,False,47.31000000000041,0.0,46.229192641962975,0.35,3.2526911934581184,0
22,trip,2410,2433.0,z21,z22,toy-0005612,,,False,38.09044120334526,0.0,36.02044120334526,2.3,4.6,0
4,trip,2410,2428.309854494165,z32,z11,toy-0005627,,,False,36.49590603370739,0.0,34.84801912923254,0.35,5.142956348249516,0
18,trip,2410,2428.5089706448603,z32,z31,toy-0005622,,,False,34.159724570500686,0.0,32.49391721246325,2.3,3.2526911934581184,0
5,trip,2410,2418.8333333333335,z31,z21,toy-0005618,,,False,28.38522294995079,0.0,27.590222949950792,0.35,2.3,0
62,trip,2410,2422.0089706448603,z11,z22,toy-0005614,,,False,43.41130573748761,0.0,42.33049837945018,0.35,3.2526911934581184,0
25,trip,2410,2422.0089706448603,z21,z10,toy-0005615,,,False,38.940498379449984,0.0,37.85969102141255,0.35,3.2526911934581184,0
24,trip,2410,2433.0,z32,z20,toy-0005621,,,False,15.900180678022068,0.0,13.830180678022067,2.3,4.6,0
33,trip,2410,2418.8333333333335,z32,z31,toy-0005628,,,False,37.86852679393403,0.0,37.07352679393403,0.35,2.3,0
85,trip,2410,2426.5,z32,z30,toy-0005625,,,False,22.327083591293636,0.0,20.842083591293637,0.35,4.6,0
43,trip,2410,2418.8333333333335,z12,z22,toy-0005620,,,False,13.66678603604724,0.0,12.87178603604724,0.35,2.3,0
7,trip,2410,2425.3333333333335,z01,z12,toy-0005613,,,False,38.77307630533785,0.0,37.39307630533785,2.3,2.3,0
34,trip,2410,2428.5089706448603,z00,z21,toy-0005610,,,False,39.88928271545529,0.0,38.223475357417854,2.3,3.2526911934581184,0
13,trip,2410,2441.910795394624,z31,z01,toy-0005626,,,False,47.30999999999975,0.0,44.43802841448357,2.3,7.273238618387272,0
29,trip,2410,2422.0089706448603,z31,z22,toy-0005619,,,False,42.178385283925174,0.0,41.09757792588774,0.35,3.2526911934581184,0
39,trip,2410,2422.0089706448603,z31,z20,toy-0005617,,,False,13.183455261181157,0.0,12.10264790314372,0.35,3.2526911934581184,0
46,trip,2410,2428.309854494165,z31,z10,toy-0005616,,,False,44.50549837945029,0.0,42.857611474975435,0.35,5.142956348249516,0
26,trip,2410,2425.3333333333335,z21,z32,toy-0005623,,,False,43.650000000000084,0.0,42.27000000000008,2.3,2.3,0
78,trip,2410,2439.351274623054,z31,z10,toy-0005624,,,False,42.90211309552484,0.0,40.26049837944997,2.3,6.505382386916237,0
87,trip,2410,2422.0089706448603,z31,z22,toy-0005641,,,False,45.60802841448356,0.0,44.52722105644613,0.35,3.2526911934581184,0
88,trip,2410,2435.410795394624,z31,z02,toy-0005639,,,False,12.717707819093915,0.0,10.430736233577733,0.35,7.273238618387272,0
47,trip,2410,2428.5089706448603,z21,z22,toy-0005647,,,False,37.03791173072163,0.0,35.3721043726842,3.2526911934581184,2.3,0
31,trip,2410,2428.5089706448603,z30,z22,toy-0005634,,,False,40.29633928657542,0.0,38.630531928537984,3.2526911934581184,2.3,0
38,trip,2410,2440.6666666666665,z30,z01,toy-0005636,,,False,42.406305737487756,0.0,39.64630573748776,2.3,6.8999999999999995,0
58,trip,2410,2434.809854494165,z30,z12,toy-0005640,,,False,28.599025173384252,0.0,26.366138268909395,2.3,5.142956348249516,0
79,trip,2410,2428.5089706448603,z12,z11,toy-0005632,,,False,43.87338528392505,0.0,42.20757792588762,3.2526911934581184,2.3,0
40,trip,2410,2440.6666666666665,z01,z30,toy-0005635,,,False,40.92130573748797,0.0,38.16130573748797,6.8999999999999995,2.3,0
42,trip,2410,2443.8423039781937,z02,z21,toy-0005645,,,False,43.99630573748787,0.0,40.95049837945044,6.8999999999999995,3.2526911934581184,0
73,trip,2410,2456.0,z02,z02,toy-0005646,,,False,34.749758119588435,0.0,30.609758119588435,6.8999999999999995,6.8999999999999995,0
83,trip,2410,2460.6425597785574,z02,z00,toy-0005643,,,False,21.6437497438851,0.0,17.085919363814945,6.8999999999999995,8.292767933567175,0
68,trip,2410,2442.476521160832,z01,z00,toy-0005631,,,False,40.00979898233431,0.0,37.08691207785945,4.6,5.142956348249516,0
89,trip,2410,2451.387316555456,z01,z20,toy-0005644,,,False,45.13500000000003,0.0,41.410141510009,7.273238618387272,5.142956348249516,0
52,trip,2410,2434.809854494165,z00,z31,toy-0005633,,,False,31.305744304718363,0.0,29.072857400243507,5.142956348249516,2.3,0
84,trip,2410,2440.6666666666665,z00,z00,toy-0005629,,,False,23.660222949950935,0.0,20.900222949950937,4.6,4.6,0
51,visit,2410,2436.6846079563875,z21,z21,,depot_south,local,False,21.585364459960115,0.0,19.633749743885243,6.505382386916237,0,0
6,visit,2410,2436.6846079563875,z11,z11,,depot_west,local,False,27.88980890440409,0.0,25.93819418832922,6.505382386916237,0,0
61,visit,2410,2445.6666666666665,z32,z32,,depot_south,local,False,35.53761147497579,0.0,32.77761147497579,9.2,0,0
2,trip,2420,2445.410795394624,z31,z00,toy-0005657,,,False,37.091447247497086,0.0,34.8044756619809,0.35,7.273238618387272,0
5,trip,2420,2436.5,z21,z01,toy-0005654,,,False,27.590222949950817,0.0,26.105222949950818,0.35,4.6,0
35,trip,2420,2436.5,z22,z02,toy-0005664,,,False,24.170697702383514,0.0,22.685697702383514,0.35,4.6,0
1,trip,2420,2428.8333333333335,z20,z21,toy-0005650,,,False,46.229192641962605,0.0,45.4341926419626,0.35,2.3,0
72,trip,2420,2432.0089706448603,z21,z12,toy-0005655,,,False,12.937360871722806,0.0,11.85655351368537,0.35,3.2526911934581184,0
11,trip,2420,2432.0089706448603,z31,z20,toy-0005659,,,False,27.19244400639742,0.0,26.111636648359983,0.35,3.2526911934581184,0
17,trip,2420,2438.309854494165,z31,z10,toy-0005658,,,False,42.73605682896754,0.0,41.08816992449269,0.35,5.142956348249516,0
36,trip,2420,2432.0089706448603,z20,z31,toy-0005651,,,False,19.627083591293797,0.0,18.54627623325636,0.35,3.2526911934581184,0
9,trip,2420,2438.5089706448603,z11,z32,toy-0005656,,,False,44.27757792588798,0.0,42.61177056785055,2.3,3.2526911934581184,0
12,trip,2420,2435.3333333333335,z12,z10,toy-0005653,,,False,10.767286459888922,0.0,9.387286459888923,2.3,2.3,0
41,trip,2420,2428.8333333333335,z22,z21,toy-0005663,,,False,29.097981071157864,0.0,28.302981071157866,0.35,2.3,0
33,trip,2420,2428.8333333333335,z31,z32,toy-0005660,,,False,37.07352679393406,0.0,36.278526793934056,0.35,2.3,0
66,trip,2420,2428.8333333333335,z22,z12,toy-0005665,,,False,22.43516577384562,0.0,21.640165773845617,0.35,2.3,0
63,trip,2420,2438.309854494165,z10,z31,toy-0005648,,,False,41.3726114749755,0.0,39.72472457050065,0.35,5.142956348249516,0
82,trip,2420,2428.8333333333335,z01,z02,toy-0005652,,,False,43.50049837945041,0.0,42.70549837945041,0.35,2.3,0
16,trip,2420,2428.8333333333335,z32,z31,toy-0005666,,,False,30.21821781534701,0.0,29.42321781534701,0.35,2.3,0
77,trip,2420,2438.309854494165,z22,z10,toy-0005662,,,False,38.55963384530752,0.0,36.91174694083267,0.35,5.142956348249516,0
81,trip,2420,2443.0,z22,z32,toy-0005661,,,False,37.18941209458525,0.0,35.11941209458525,2.3,4.6,0
86,trip,2420,2428.8333333333335,z20,z30,toy-0005649,,,False,34.21280950938949,0.0,33.417809509389485,0.35,2.3,0
71,trip,2420,2435.3333333333335,z10,z01,toy-0005674,,,False,40.27388366337525,0.0,38.89388366337525,2.3,2.3,0
65,trip,2420,2449.351274623054,z32,z00,toy-0005684,,,False,43.46919264196266,0.0,40.82757792588779,2.3,6.505382386916237,0
67,trip,2420,2449.351274623054,z00,z32,toy-0005670,,,False,41.142254605533786,0.0,38.50063988945892,2.3,6.505382386916237,0
3,trip,2420,2454.286375654997,z30,z01,toy-0005686,,,False,45.35838528392523,0.0,42.27261147497552,5.142956348249516,5.142956348249516,0
49,trip,2420,2438.5089706448603,z30,z31,toy-0005677,,,False,30.16072422336316,0.0,28.494916865325724,3.2526911934581184,2.3,0
55,visit,2420,2483.6469199099697,z22,z22,,depot_south,local,False,8.9419798128536,40.60090709162125,46.457113095525145,10.285912696499032,0,24.36054425497275
28,visit,2420,2479.201960757934,z32,z32,,depot_south,local,False,10.154509847887724,39.22549015211227,46.62,9.2,0,23.535294091267364
43,visit,2420,2503.2890361760533,z22,z22,,depot_south,central,False,12.871786036047267,36.67110086842759,46.457113095525145,10.285912696499032,0,22.00266052105655
57,visit,2420,2473.488257455915,z31,z31,,depot_west,local,False,28.396171817997296,0.0,24.03222864696493,14.546477236774544,0,0
4,trip,2430,2438.8333333333335,z11,z21,toy-0005694,,,False,34.84801912923254,0.0,34.05301912923254,0.35,2.3,0
1,trip,2430,2438.8333333333335,z21,z22,toy-0005699,,,False,45.43419264196263,0.0,44.63919264196263,0.35,2.3,0
16,trip,2430,2446.5,z31,z11,toy-0005703,,,False,29.423217815347037,0.0,27.938217815347038,0.35,4.6,0
14,trip,2430,2438.8333333333335,z32,z22,toy-0005714,,,False,46.62000000000033,0.0,45.82500000000033,0.35,2.3,0
23,trip,2430,2458.809226445224,z02,z30,toy-0005707,,,False,15.92366060925253,0.0,13.330830229182377,0.35,8.292767933567175,0
18,trip,2430,2454.1666666666665,z31,z01,toy-0005702,,,False,32.493917212463266,0.0,30.318917212463266,0.35,6.8999999999999995,0
34,trip,2430,2442.0089706448603,z21,z32,toy-0005700,,,False,38.22347535741787,0.0,37.142667999380436,0.35,3.2526911934581184,0
26,trip,2430,2452.851274623054,z32,z10,toy-0005711,,,False,42.27000000000011,0.0,40.21338528392524,0.35,6.505382386916237,0
19,trip,2430,2438.8333333333335,z31,z32,toy-0005705,,,False,40.740498379450244,0.0,39.94549837945024,0.35,2.3,0
33,trip,2430,2455.410795394624,z32,z01,toy-0005713,,,False,36.278526793934084,0.0,33.9915552084179,0.35,7.273238618387272,0
41,trip,2430,2442.0089706448603,z21,z30,toy-0005697,,,False,28.30298107115789,0.0,27.222173713120455,0.35,3.2526911934581184,0
0,trip,2430,2454.809854494165,z22,z20,toy-0005712,,,False,40.34969102141278,0.0,38.11680411693793,2.3,5.142956348249516,0
29,trip,2430,2442.0089706448603,z22,z11,toy-0005710,,,False,41.09757792588775,0.0,40.016770567850315,0.35,3.2526911934581184,0
56,trip,2430,2442.0089706448603,z21,z10,toy-0005696,,,False,40.778508906505415,0.0,39.69770154846798,0.35,3.2526911934581184,0
7,trip,2430,2452.851274623054,z12,z30,toy-0005708,,,False,37.39307630533788,0.0,35.33646158926301,0.35,6.505382386916237,0
32,trip,2430,2461.910795394624,z11,z32,toy-0005693,,,False,40.18226894730057,0.0,37.31029736178439,2.3,7.273238618387272,0
79,trip,2430,2448.309854494165,z11,z32,toy-0005695,,,False,42.207577925887634,0.0,40.55969102141278,0.35,5.142956348249516,0
30,trip,2430,2445.3333333333335,z30,z21,toy-0005704,,,False,45.93000000000002,0.0,44.55000000000002,2.3,2.3,0
53,trip,2430,2452.851274623054,z02,z20,toy-0005706,,,False,35.30952644679635,0.0,33.25291173072148,0.35,6.505382386916237,0
80,trip,2430,2438.8333333333335,z21,z11,toy-0005698,,,False,37.94898081331031,0.0,37.153980813310305,0.35,2.3,0
8,trip,2430,2448.309854494165,z12,z31,toy-0005709,,,False,40.845498379450234,0.0,39.19761147497538,0.35,5.142956348249516,0
85,trip,2430,2448.5089706448603,z30,z20,toy-0005701,,,False,20.842083591293637,0.0,19.1762762332562,2.3,3.2526911934581184,0
86,trip,2430,2454.809854494165,z30,z10,toy-0005720,,,False,33.417809509389514,0.0,31.18492260491466,2.3,5.142956348249516,0
20,trip,2430,2454.809854494165,z10,z30,toy-0005717,,,False,47.31000000000035,0.0,45.0771130955255,2.3,5.142956348249516,0
31,trip,2430,2451.6846079563875,z22,z22,toy-0005723,,,False,38.630531928538,0.0,36.678917212463126,3.2526911934581184,3.2526911934581184,0
47,trip,2430,2465.309226445224,z22,z00,toy-0005728,,,False,35.37210437268421,0.0,32.19427399261406,2.3,8.292767933567175,0
62,trip,2430,2453.0,z22,z30,toy-0005729,,,False,42.330498379450184,0.0,40.26049837945018,2.3,4.6,0
39,trip,2430,2465.0864327061513,z20,z02,toy-0005721,,,False,12.102647903143733,0.0,8.944868959590117,3.2526911934581184,7.273238618387272,0
27,trip,2430,2453.0,z12,z31,toy-0005730,,,False,42.616305737487764,0.0,40.546305737487764,4.6,2.3,0
50,trip,2430,2448.5089706448603,z20,z32,toy-0005724,,,False,42.40177056785065,0.0,40.735963209813214,3.2526911934581184,2.3,0
46,trip,2430,2448.5089706448603,z10,z22,toy-0005718,,,False,42.857611474975435,0.0,41.191804116938,2.3,3.2526911934581184,0
76,trip,2430,2453.0,z02,z21,toy-0005716,,,False,19.65875263784676,0.0,17.58875263784676,2.3,4.6,0
66,trip,2430,2453.0,z12,z20,toy-0005727,,,False,21.640165773845645,0.0,19.570165773845645,2.3,4.6,0
82,trip,2430,2471.387316555456,z02,z12,toy-0005722,,,False,42.70549837945044,0.0,38.980639889459404,7.273238618387272,5.142956348249516,0
75,visit,2430,2456.6846079563875,z11,z11,,depot_west,local,False,16.872369594563565,0.0,14.920754878488694,6.505382386916237,0,0
45,visit,2430,2450.3333333333335,z20,z20,,depot_south,local,False,34.501854901753624,0.0,33.12185490175362,4.6,0,0
25,visit,2430,2450.3333333333335,z10,z10,,depot_west,local,False,37.85969102141256,0.0,36.479691021412556,4.6,0,0
87,visit,2430,2469.286375654997,z22,z22,,depot_south,local,False,44.52722105644614,0.0,41.44144724749643,10.285912696499032,0,0
59,visit,2430,2456.6846079563875,z11,z11,,depot_west,local,False,46.22919264196298,0.0,44.27757792588811,6.505382386916237,0,0
36,trip,2440,2452.0089706448603,z31,z22,toy-0005742,,,False,18.546276233256375,0.0,17.46546887521894,0.35,3.2526911934581184,0
9,trip,2440,2452.0089706448603,z32,z21,toy-0005747,,,False,42.61177056785056,0.0,41.53096320981313,0.35,3.2526911934581184,0
1,trip,2440,2452.0089706448603,z22,z31,toy-0005745,,,False,44.63919264196266,0.0,43.558385283925226,0.35,3.2526911934581184,0
49,trip,2440,2456.5,z31,z11,toy-0005740,,,False,28.494916865325738,0.0,27.00991686532574,0.35,4.6,0
11,trip,2440,2456.5,z20,z22,toy-0005731,,,False,26.111636648359998,0.0,24.626636648359998,0.35,4.6,0
52,trip,2440,2448.8333333333335,z31,z32,toy-0005743,,,False,29.07285740024352,0.0,28.27785740024352,0.35,2.3,0
63,trip,2440,2448.8333333333335,z31,z21,toy-0005741,,,False,39.72472457050065,0.0,38.929724570500646,0.35,2.3,0
4,trip,2440,2466.175637311527,z21,z32,toy-0005732,,,False,34.05301912923257,0.0,31.697211771195132,3.2526911934581184,4.6,0
51,trip,2440,2458.309854494165,z21,z00,toy-0005734,,,False,19.633749743885243,0.0,17.985862839410387,0.35,5.142956348249516,0
19,trip,2440,2456.5,z32,z12,toy-0005749,,,False,39.94549837945027,0.0,38.46049837945027,0.35,4.6,0
6,trip,2440,2452.0089706448603,z11,z00,toy-0005733,,,False,25.93819418832922,0.0,24.857386830291784,0.35,3.2526911934581184,0
14,trip,2440,2455.3333333333335,z22,z31,toy-0005735,,,False,45.82500000000036,0.0,44.445000000000356,2.3,2.3,0
10,trip,2440,2455.3333333333335,z12,z21,toy-0005744,,,False,37.05633928657571,0.0,35.676339286575704,2.3,2.3,0
72,trip,2440,2463.0,z12,z22,toy-0005750,,,False,11.856553513685382,0.0,9.786553513685382,4.6,2.3,0
80,trip,2440,2463.0,z11,z30,toy-0005738,,,False,37.15398081331033,0.0,35.08398081331033,4.6,2.3,0
74,trip,2440,2478.3333333333335,z12,z02,toy-0005748,,,False,18.532908836759784,0.0,15.082908836759785,4.6,6.8999999999999995,0
17,trip,2440,2480.1431878274984,z10,z01,toy-0005739,,,False,41.08816992449269,0.0,37.475283020017834,5.142956348249516,6.8999999999999995,0
21,trip,2440,2467.985491805692,z10,z20,toy-0005737,,,False,47.310000000000215,0.0,44.791305737487924,5.142956348249516,3.2526911934581184,0
69,trip,2440,2461.6846079563875,z10,z12,toy-0005736,,,False,42.89514151000925,0.0,40.94352679393438,3.2526911934581184,3.2526911934581184,0
77,trip,2440,2478.827795783886,z10,z11,toy-0005746,,,False,36.91174694083267,0.0,33.417245320282944,6.505382386916237,5.142956348249516,0
70,trip,2440,2466.175637311527,z00,z31,toy-0005753,,,False,23.214499925817048,0.0,20.858692567779613,4.6,3.2526911934581184,0
5,trip,2440,2480.1431878274984,z01,z10,toy-0005761,,,False,26.105222949950818,0.0,22.492336045475962,6.8999999999999995,5.142956348249516,0
35,trip,2440,2463.0,z02,z12,toy-0005764,,,False,22.685697702383514,0.0,20.615697702383514,4.6,2.3,0
64,trip,2440,2466.175637311527,z01,z32,toy-0005760,,,False,23.67613761720883,0.0,21.320330259171396,4.6,3.2526911934581184,0
88,trip,2440,2470.6666666666665,z02,z31,toy-0005768,,,False,10.430736233577749,0.0,7.670736233577749,6.8999999999999995,2.3,0
12,visit,2440,2483.9149614574,z10,z10,,depot_west,local,False,9.38728645988895,39.30271354011105,47.309999999999995,4.6,0,23.58162812406663
24,visit,2440,2481.24922492652,z20,z20,,depot_south,local,False,13.830180678022067,34.85981932197793,47.309999999999995,4.6,0,20.915891593186757
54,visit,2440,2460.3333333333335,z31,z31,,depot_south,local,False,16.440862839410443,0.0,15.060862839410444,4.6,0,0
58,visit,2440,2479.286375654997,z12,z12,,depot_west,local,False,26.366138268909406,0.0,23.280364459959696,10.285912696499032,0,0
22,visit,2440,2488.369215912775,z22,z22,,depot_west,local,False,36.02044120334526,0.0,32.117211771195514,13.010764773832474,0,0
71,visit,2440,2460.3333333333335,z01,z01,,depot_west,local,False,38.89388366337528,0.0,37.513883663375275,4.6,0,0
78,visit,2440,2460.3333333333335,z10,z10,,depot_west,local,False,40.260498379449984,0.0,38.88049837944998,4.6,0,0
48,trip,2450,2475.410795394624,z32,z01,toy-0005790,,,False,39.837367654343616,0.0,37.55039606882743,0.35,7.273238618387272,0
16,trip,2450,2466.5,z11,z31,toy-0005774,,,False,27.938217815347038,0.0,26.45321781534704,0.35,4.6,0
8,trip,2450,2462.0089706448603,z31,z20,toy-0005779,,,False,39.19761147497538,0.0,38.11680411693795,0.35,3.2526911934581184,0
56,trip,2450,2466.5,z10,z12,toy-0005771,,,False,39.69770154846799,0.0,38.21270154846799,0.35,4.6,0
30,trip,2450,2468.5089706448603,z21,z22,toy-0005783,,,False,44.55000000000005,0.0,42.88419264196261,2.3,3.2526911934581184,0
29,trip,2450,2462.0089706448603,z11,z20,toy-0005773,,,False,40.01677056785032,0.0,38.93596320981289,0.35,3.2526911934581184,0
37,trip,2450,2465.3333333333335,z21,z21,toy-0005781,,,False,47.02419264196283,0.0,45.644192641962825,2.3,2.3,0
41,trip,2450,2465.3333333333335,z30,z32,toy-0005784,,,False,27.22217371312047,0.0,25.84217371312047,2.3,2.3,0
44,trip,2450,2468.309854494165,z22,z10,toy-0005786,,,False,26.121030307988388,0.0,24.473143403513532,0.35,5.142956348249516,0
42,trip,2450,2458.8333333333335,z21,z31,toy-0005777,,,False,40.95049837945044,0.0,40.155498379450435,0.35,2.3,0
50,trip,2450,2481.910795394624,z32,z00,toy-0005778,,,False,40.73596320981323,0.0,37.86399162429704,2.3,7.273238618387272,0
13,trip,2450,2477.985491805692,z01,z00,toy-0005785,,,False,44.43802841448358,0.0,41.91933415197129,3.2526911934581184,5.142956348249516,0
52,trip,2450,2468.5089706448603,z32,z11,toy-0005788,,,False,28.277857400243548,0.0,26.61205004220611,2.3,3.2526911934581184,0
63,trip,2450,2458.8333333333335,z21,z11,toy-0005776,,,False,38.929724570500674,0.0,38.13472457050067,0.35,2.3,0
38,trip,2450,2465.3333333333335,z01,z12,toy-0005775,,,False,39.64630573748777,0.0,38.26630573748777,2.3,2.3,0
60,trip,2450,2468.5089706448603,z32,z31,toy-0005789,,,False,46.62000000000002,0.0,44.954192641962585,2.3,3.2526911934581184,0
61,trip,2450,2473.0,z32,z11,toy-0005780,,,False,32.77761147497577,0.0,30.70761147497577,2.3,4.6,0
65,trip,2450,2473.0,z00,z21,toy-0005772,,,False,40.8275779258878,0.0,38.7575779258878,4.6,2.3,0
79,trip,2450,2462.0089706448603,z32,z21,toy-0005791,,,False,40.55969102141278,0.0,39.47888366337535,0.35,3.2526911934581184,0
68,trip,2450,2475.410795394624,z00,z31,toy-0005770,,,False,37.086912077859445,0.0,34.79994049234326,0.35,7.273238618387272,0
84,trip,2450,2466.5,z00,z20,toy-0005769,,,False,20.90022294995091,0.0,19.41522294995091,0.35,4.6,0
81,trip,2450,2481.910795394624,z32,z02,toy-0005782,,,False,35.11941209458525,0.0,32.247440509069065,2.3,7.273238618387272,0
85,visit,2450,2470.3333333333335,z20,z20,,depot_south,local,False,19.17627623325621,0.0,17.79627623325621,4.6,0,0
2,visit,2450,2460.0,z00,z00,,depot_west,local,True,34.804475661980916,4.444444444444445,39.03892010642536,0.7,0,2.666666666666667
34,visit,2450,2485.6666666666665,z32,z32,,depot_south,local,False,37.14266799938044,0.0,34.382667999380445,9.2,0,0
40,visit,2450,2479.3333333333335,z30,z30,,depot_south,central,False,38.16130573748798,0.0,37.95130573748798,0.7,0,0
67,visit,2450,2507.6666666666665,z32,z32,,depot_south,central,False,38.50063988945893,0.0,35.74063988945893,9.2,0,0
46,visit,2450,2498.369215912775,z22,z22,,depot_west,local,False,41.191804116938016,0.0,37.28857468478827,13.010764773832474,0,0
1,trip,2460,2472.0089706448603,z31,z20,toy-0005824,,,False,43.55838528392523,0.0,42.4775779258878,0.35,3.2526911934581184,0
31,trip,2460,2468.8333333333335,z22,z21,toy-0005831,,,False,36.678917212463126,0.0,35.883917212463125,0.35,2.3,0
14,trip,2460,2484.809854494165,z31,z20,toy-0005834,,,False,44.445000000000384,0.0,42.21211309552553,2.3,5.142956348249516,0
73,trip,2460,2468.8333333333335,z02,z12,toy-0005828,,,False,30.609758119588435,0.0,29.814758119588433,0.35,2.3,0
27,trip,2460,2483.0,z31,z12,toy-0005836,,,False,40.546305737487764,0.0,38.47630573748776,2.3,4.6,0
49,trip,2460,2468.8333333333335,z11,z21,toy-0005819,,,False,27.00991686532574,0.0,26.21491686532574,0.35,2.3,0
42,trip,2460,2472.0089706448603,z31,z22,toy-0005827,,,False,40.155498379450464,0.0,39.07469102141303,0.35,3.2526911934581184,0
3,trip,2460,2485.410795394624,z01,z30,toy-0005816,,,False,42.27261147497552,0.0,39.985639889459335,0.35,7.273238618387272,0
18,trip,2460,2484.1666666666665,z01,z31,toy-0005817,,,False,30.31891721246328,0.0,28.14391721246328,0.35,6.8999999999999995,0
9,trip,2460,2472.0089706448603,z21,z12,toy-0005821,,,False,41.53096320981314,0.0,40.450155851775705,0.35,3.2526911934581184,0
19,trip,2460,2468.8333333333335,z12,z22,toy-0005829,,,False,38.460498379450264,0.0,37.66549837945026,0.35,2.3,0
36,trip,2460,2495.309226445224,z22,z00,toy-0005833,,,False,17.465468875218953,0.0,14.287638495148801,2.3,8.292767933567175,0
59,trip,2460,2468.8333333333335,z11,z10,toy-0005818,,,False,44.27757792588811,0.0,43.48257792588811,0.35,2.3,0
2,trip,2460,2488.809226445224,z00,z32,toy-0005813,,,False,39.03892010642513,0.0,36.44608972635498,0.35,8.292767933567175,0
10,trip,2460,2475.3333333333335,z21,z32,toy-0005832,,,False,35.67633928657573,0.0,34.29633928657573,2.3,2.3,0
7,trip,2460,2468.8333333333335,z30,z20,toy-0005815,,,False,35.33646158926302,0.0,34.541461589263015,0.35,2.3,0
23,trip,2460,2484.809854494165,z30,z12,toy-0005826,,,False,13.330830229182379,0.0,11.097943324707524,2.3,5.142956348249516,0
62,trip,2460,2483.0,z30,z11,toy-0005825,,,False,40.26049837945018,0.0,38.19049837945018,2.3,4.6,0
76,trip,2460,2468.8333333333335,z21,z20,toy-0005820,,,False,17.58875263784676,0.0,16.793752637846758,0.35,2.3,0
25,trip,2460,2472.0089706448603,z10,z21,toy-0005814,,,False,36.47969102141259,0.0,35.39888366337516,0.35,3.2526911934581184,0
63,trip,2460,2483.0,z11,z32,toy-0005830,,,False,38.1347245705007,0.0,36.0647245705007,2.3,4.6,0
0,trip,2460,2478.5089706448603,z20,z32,toy-0005823,,,False,38.11680411693794,0.0,36.45099675890051,2.3,3.2526911934581184,0
45,trip,2460,2475.3333333333335,z20,z22,toy-0005822,,,False,33.12185490175366,0.0,31.74185490175366,2.3,2.3,0
53,trip,2460,2500.1431878274984,z20,z02,toy-0005835,,,False,33.252911730721486,0.0,29.64002482624663,5.142956348249516,6.8999999999999995,0
66,trip,2460,2498.827795783886,z20,z10,toy-0005858,,,False,19.570165773845645,0.0,16.075664153295918,5.142956348249516,6.505382386916237,0
89,trip,2460,2478.309854494165,z20,z32,toy-0005841,,,False,41.41014151000899,0.0,39.76225460553414,0.35,5.142956348249516,0
75,trip,2460,2501.387316555456,z11,z01,toy-0005859,,,False,14.92075487848869,0.0,11.195896388497655,5.142956348249516,7.273238618387272,0
26,trip,2460,2486.175637311527,z10,z01,toy-0005844,,,False,40.21338528392525,0.0,37.85757792588781,3.2526911934581184,4.6,0
86,trip,2460,2489.351274623054,z10,z22,toy-0005863,,,False,31.18492260491467,0.0,28.543307888839802,6.505382386916237,2.3,0
33,trip,2460,2493.8423039781937,z01,z22,toy-0005853,,,False,33.991555208417914,0.0,30.945747850380478,6.8999999999999995,3.2526911934581184,0
6,trip,2460,2491.910795394624,z00,z32,toy-0005854,,,False,24.857386830291798,0.0,21.985415244775616,7.273238618387272,2.3,0
51,trip,2460,2484.809854494165,z00,z11,toy-0005845,,,False,17.9858628394104,0.0,15.752975934935547,5.142956348249516,2.3,0
11,visit,2460,2521.286375654997,z22,z22,,depot_south,central,False,24.626636648359998,0.0,21.540862839410288,10.285912696499032,0,0
8,trip,2470,2486.5,z20,z00,toy-0005865,,,False,38.116804116937956,0.0,36.63180411693796,0.35,4.6,0
71,trip,2470,2488.309854494165,z01,z22,toy-0005874,,,False,37.51388366337531,0.0,35.86599675890046,0.35,5.142956348249516,0
16,trip,2470,2482.0089706448603,z31,z20,toy-0005879,,,False,26.45321781534704,0.0,25.372410457309602,0.35,3.2526911934581184,0
4,trip,2470,2486.5,z32,z30,toy-0005888,,,False,31.697211771195118,0.0,30.21221177119512,0.35,4.6,0
76,trip,2470,2478.8333333333335,z20,z10,toy-0005866,,,False,16.793752637846787,0.0,15.998752637846787,0.35,2.3,0
37,trip,2470,2488.5089706448603,z21,z31,toy-0005869,,,False,45.64419264196285,0.0,43.97838528392542,2.3,3.2526911934581184,0
80,trip,2470,2488.309854494165,z30,z11,toy-0005872,,,False,35.08398081331033,0.0,33.43609390883548,0.35,5.142956348249516,0
44,trip,2470,2492.851274623054,z10,z32,toy-0005864,,,False,24.473143403513546,0.0,22.416528687438674,0.35,6.505382386916237,0
49,trip,2470,2485.3333333333335,z21,z30,toy-0005867,,,False,26.214916865325765,0.0,24.834916865325766,2.3,2.3,0
79,trip,2470,2488.309854494165,z21,z00,toy-0005877,,,False,39.478883663375356,0.0,37.830996758900504,0.35,5.142956348249516,0
19,trip,2470,2482.0089706448603,z22,z11,toy-0005885,,,False,37.66549837945029,0.0,36.58469102141286,0.35,3.2526911934581184,0
52,trip,2470,2488.5089706448603,z11,z32,toy-0005878,,,False,26.61205004220612,0.0,24.946242684168684,2.3,3.2526911934581184,0
87,trip,2470,2478.8333333333335,z22,z12,toy-0005886,,,False,41.44144724749642,0.0,40.64644724749642,0.35,2.3,0
35,trip,2470,2478.8333333333335,z12,z02,toy-0005884,,,False,20.615697702383514,0.0,19.820697702383512,0.35,2.3,0
59,trip,2470,2494.809854494165,z10,z12,toy-0005870,,,False,43.48257792588814,0.0,41.249691021413284,2.3,5.142956348249516,0
54,trip,2470,2478.8333333333335,z31,z32,toy-0005883,,,False,15.060862839410468,0.0,14.265862839410469,0.35,2.3,0
78,trip,2470,2493.0,z10,z22,toy-0005871,,,False,38.88049837945002,0.0,36.81049837945002,2.3,4.6,0
60,trip,2470,2497.985491805692,z31,z01,toy-0005868,,,False,44.9541926419626,0.0,42.43549837945031,3.2526911934581184,5.142956348249516,0
70,trip,2470,2478.8333333333335,z31,z21,toy-0005881,,,False,20.858692567779595,0.0,20.063692567779597,0.35,2.3,0
56,trip,2470,2493.0,z12,z31,toy-0005876,,,False,38.21270154846798,0.0,36.14270154846798,2.3,4.6,0
73,trip,2470,2485.3333333333335,z12,z01,toy-0005875,,,False,29.81475811958846,0.0,28.434758119588462,2.3,2.3,0
32,trip,2470,2493.0,z32,z11,toy-0005880,,,False,37.31029736178441,0.0,35.24029736178441,2.3,4.6,0
41,trip,2470,2496.175637311527,z32,z21,toy-0005873,,,False,25.842173713120495,0.0,23.48636635508306,4.6,3.2526911934581184,0
64,trip,2470,2488.309854494165,z32,z20,toy-0005887,,,False,21.320330259171378,0.0,19.672443354696522,0.35,5.142956348249516,0
47,trip,2470,2511.387316555456,z00,z12,toy-0005882,,,False,32.194273992614065,0.0,28.46941550262303,7.273238618387272,5.142956348249516,0
83,trip,2470,2512.9758931118904,z00,z12,toy-0005913,,,False,17.08591936381494,0.0,13.218088983744789,8.292767933567175,4.6,0
39,visit,2470,2529.9277452909128,z02,z02,,depot_west,local,False,8.944868959590115,40.43513104040988,46.62,9.2,0,24.26107862424593
72,visit,2470,2555.1401756894707,z22,z22,,depot_south,central,False,9.786553513685384,39.75633339078947,46.457113095525145,10.285912696499032,0,23.853800034473682
84,visit,2470,2512.3333333333335,z20,z20,,depot_south,central,False,19.41522294995091,0.0,18.03522294995091,4.6,0,0
7,visit,2470,2505.6666666666665,z20,z20,,depot_west,local,False,34.541461589263044,0.0,31.781461589263046,9.2,0,0
31,visit,2470,2509.286375654997,z21,z21,,depot_west,local,False,35.88391721246315,0.0,32.79814340351344,10.285912696499032,0,0
38,visit,2470,2509.286375654997,z12,z12,,depot_west,local,False,38.2663057374878,0.0,35.18053192853809,10.285912696499032,0,0
29,visit,2470,2505.6666666666665,z20,z20,,depot_west,local,False,38.9359632098129,0.0,36.1759632098129,9.2,0,0
69,visit,2470,2509.286375654997,z12,z12,,depot_west,local,False,40.94352679393438,0.0,37.85775298498467,10.285912696499032,0,0
30,visit,2470,2518.369215912775,z22,z22,,depot_west,local,False,42.88419264196263,0.0,38.980963209812884,13.010764773832474,0,0
57,trip,2480,2498.309854494165,z31,z10,toy-0005924,,,False,24.032228646964942,0.0,22.384341742490086,0.35,5.142956348249516,0
68,trip,2480,2498.309854494165,z31,z12,toy-0005927,,,False,34.799940492343275,0.0,33.15205358786842,0.35,5.142956348249516,0
61,trip,2480,2488.8333333333335,z11,z21,toy-0005919,,,False,30.707611474975774,0.0,29.912611474975776,0.35,2.3,0
42,trip,2480,2492.0089706448603,z22,z31,toy-0005934,,,False,39.07469102141304,0.0,37.993883663375605,0.35,3.2526911934581184,0
0,trip,2480,2498.309854494165,z32,z11,toy-0005936,,,False,36.45099675890052,0.0,34.80310985442567,0.35,5.142956348249516,0
25,trip,2480,2488.8333333333335,z21,z20,toy-0005920,,,False,35.398883663375166,0.0,34.603883663375164,0.35,2.3,0
65,trip,2480,2492.0089706448603,z21,z12,toy-0005923,,,False,38.7575779258878,0.0,37.67677056785037,0.35,3.2526911934581184,0
40,trip,2480,2498.309854494165,z30,z22,toy-0005917,,,False,37.951305737488,0.0,36.30341883301315,0.35,5.142956348249516,0
35,trip,2480,2496.5,z02,z00,toy-0005929,,,False,19.82069770238354,0.0,18.33569770238354,0.35,4.6,0
9,trip,2480,2492.0089706448603,z12,z21,toy-0005931,,,False,40.45015585177571,0.0,39.36934849373828,0.35,3.2526911934581184,0
10,trip,2480,2498.5089706448603,z32,z22,toy-0005928,,,False,34.29633928657576,0.0,32.630531928538325,2.3,3.2526911934581184,0
28,trip,2480,2502.851274623054,z32,z10,toy-0005935,,,False,46.62000000000034,0.0,44.56338528392547,0.35,6.505382386916237,0
1,trip,2480,2492.0089706448603,z20,z11,toy-0005916,,,False,42.47757792588781,0.0,41.396770567850375,0.35,3.2526911934581184,0
45,trip,2480,2498.309854494165,z22,z01,toy-0005933,,,False,31.741854901753687,0.0,30.09396799727883,0.35,5.142956348249516,0
70,trip,2480,2492.0089706448603,z21,z30,toy-0005921,,,False,20.063692567779622,0.0,18.982885209742186,0.35,3.2526911934581184,0
77,trip,2480,2495.3333333333335,z11,z11,toy-0005922,,,False,33.417245320282944,0.0,32.03724532028294,2.3,2.3,0
13,trip,2480,2496.5,z00,z02,toy-0005915,,,False,41.91933415197129,0.0,40.43433415197129,0.35,4.6,0
48,trip,2480,2498.5089706448603,z01,z20,toy-0005918,,,False,37.550396068827446,0.0,35.88458871079001,2.3,3.2526911934581184,0
54,trip,2480,2511.910795394624,z32,z02,toy-0005926,,,False,14.265862839410495,0.0,11.393891253894314,2.3,7.273238618387272,0
58,trip,2480,2504.809854494165,z12,z30,toy-0005932,,,False,23.280364459959692,0.0,21.04747755548484,2.3,5.142956348249516,0
89,trip,2480,2498.5089706448603,z32,z20,toy-0005925,,,False,39.76225460553414,0.0,38.096447247496705,2.3,3.2526911934581184,0
74,trip,2480,2498.309854494165,z02,z21,toy-0005930,,,False,15.082908836759769,0.0,13.435021932284915,0.35,5.142956348249516,0
87,trip,2480,2510.6666666666665,z12,z32,toy-0005950,,,False,40.64644724749645,0.0,37.88644724749645,2.3,6.8999999999999995,0
85,trip,2480,2520.1431878274984,z20,z02,toy-0005957,,,False,17.796276233256236,0.0,14.183389328781383,5.142956348249516,6.8999999999999995,0
76,trip,2480,2506.175637311527,z10,z01,toy-0005942,,,False,15.998752637846813,0.0,13.642945279809378,3.2526911934581184,4.6,0
82,visit,2480,2541.286375654997,z12,z12,,depot_west,central,False,38.9806398894594,0.0,35.894866080509686,10.285912696499032,0,0
21,visit,2480,2500.3333333333335,z20,z20,,depot_south,local,False,44.791305737487924,0.0,43.41130573748792,4.6,0,0
20,visit,2480,2490.0,z30,z30,,depot_south,local,True,45.07711309552551,3.027886904474485,47.894999999999996,0.7,0,1.8167321426846912
88,visit,2480,2521.9448915931866,z31,z31,,depot_south,,False,7.670736233577762,41.01926376642224,47.31,4.6,0,24.611558259853346
18,trip,2490,2508.309854494165,z31,z10,toy-0005966,,,False,28.143917212463297,0.0,26.49603030798844,0.35,5.142956348249516,0
2,trip,2490,2498.8333333333335,z32,z31,toy-0005982,,,False,36.44608972635498,0.0,35.651089726354975,0.35,2.3,0
37,trip,2490,2514.1666666666665,z31,z01,toy-0005968,,,False,43.978385283925434,0.0,41.80338528392544,0.35,6.8999999999999995,0
22,trip,2490,2498.8333333333335,z22,z32,toy-0005979,,,False,32.117211771195514,0.0,31.322211771195512,0.35,2.3,0
8,trip,2490,2502.0089706448603,z00,z11,toy-0005958,,,False,36.63180411693795,0.0,35.55099675890052,0.35,3.2526911934581184,0
3,trip,2490,2521.910795394624,z30,z00,toy-0005965,,,False,39.98563988945935,0.0,37.11366830394317,2.3,7.273238618387272,0
19,trip,2490,2506.5,z11,z31,toy-0005962,,,False,36.584691021412866,0.0,35.099691021412866,0.35,4.6,0
55,trip,2490,2498.8333333333335,z22,z21,toy-0005975,,,False,46.45711309552534,0.0,45.662113095525335,0.35,2.3,0
71,trip,2490,2506.5,z22,z02,toy-0005977,,,False,35.86599675890046,0.0,34.38099675890046,0.35,4.6,0
15,trip,2490,2521.910795394624,z32,z02,toy-0005970,,,False,46.620000000000104,0.0,43.748028414483926,2.3,7.273238618387272,0
50,trip,2490,2512.851274623054,z00,z22,toy-0005959,,,False,37.863991624297064,0.0,35.807376908222196,0.35,6.505382386916237,0
20,trip,2490,2505.3333333333335,z30,z30,toy-0005967,,,False,47.894999999999676,0.0,46.514999999999674,2.3,2.3,0
34,trip,2490,2508.5089706448603,z32,z22,toy-0005972,,,False,34.38266799938042,0.0,32.71686064134299,2.3,3.2526911934581184,0
14,trip,2490,2508.309854494165,z20,z32,toy-0005961,,,False,42.212113095525545,0.0,40.56422619105069,0.35,5.142956348249516,0
49,trip,2490,2505.3333333333335,z30,z32,toy-0005973,,,False,24.83491686532579,0.0,23.454916865325792,2.3,2.3,0
52,trip,2490,2508.309854494165,z32,z11,toy-0005981,,,False,24.946242684168695,0.0,23.29835577969384,0.35,5.142956348249516,0
16,trip,2490,2502.0089706448603,z20,z31,toy-0005960,,,False,25.372410457309616,0.0,24.29160309927218,0.35,3.2526911934581184,0
86,trip,2490,2498.8333333333335,z22,z12,toy-0005978,,,False,28.543307888839813,0.0,27.74830788883981,0.35,2.3,0
63,trip,2490,2498.8333333333335,z32,z22,toy-0005984,,,False,36.0647245705007,0.0,35.2697245705007,0.35,2.3,0
23,trip,2490,2508.5089706448603,z12,z11,toy-0005974,,,False,11.097943324707533,0.0,9.432135966670097,2.3,3.2526911934581184,0
61,trip,2490,2516.175637311527,z21,z30,toy-0005980,,,False,29.9126114749758,0.0,27.556804116938366,3.2526911934581184,4.6,0
24,trip,2490,2508.5089706448603,z20,z21,toy-0005969,,,False,47.30999999999983,0.0,45.6441926419624,3.2526911934581184,2.3,0
27,trip,2490,2508.5089706448603,z12,z31,toy-0005976,,,False,38.47630573748776,0.0,36.81049837945033,2.3,3.2526911934581184,0
25,trip,2490,2517.985491805692,z20,z12,toy-0005971,,,False,34.60388366337519,0.0,32.0851894008629,3.2526911934581184,5.142956348249516,0
51,trip,2490,2502.0089706448603,z11,z22,toy-0005963,,,False,15.75297593493556,0.0,14.672168576898123,0.35,3.2526911934581184,0
62,trip,2490,2522.476521160832,z11,z12,toy-0005983,,,False,38.19049837945018,0.0,35.267611474975325,5.142956348249516,4.6,0
64,trip,2490,2505.3333333333335,z20,z22,toy-0005964,,,False,19.672443354696536,0.0,18.292443354696537,2.3,2.3,0
80,trip,2490,2498.8333333333335,z11,z10,toy-0005987,,,False,33.43609390883548,0.0,32.64109390883548,0.35,2.3,0
5,trip,2490,2511.6846079563875,z10,z10,toy-0005990,,,False,22.492336045475966,0.0,20.540721329401094,3.2526911934581184,3.2526911934581184,0
12,trip,2490,2517.985491805692,z10,z20,toy-0005994,,,False,47.31000000000033,0.0,44.79130573748804,5.142956348249516,3.2526911934581184,0
17,trip,2490,2513.0,z01,z20,toy-0005991,,,False,37.475283020017834,0.0,35.40528302001783,4.6,2.3,0
26,trip,2490,2508.5089706448603,z01,z02,toy-0005988,,,False,37.8575779258878,0.0,36.19177056785037,2.3,3.2526911934581184,0
81,trip,2490,2523.8423039781937,z02,z21,toy-0006001,,,False,32.24744050906909,0.0,29.20163315103165,6.8999999999999995,3.2526911934581184,0
73,trip,2490,2516.175637311527,z01,z32,toy-0005993,,,False,28.434758119588487,0.0,26.078950761551052,4.6,3.2526911934581184,0
4,visit,2490,2500.0,z30,z30,,depot_south,local,True,30.21221177119512,4.444444444444445,34.446656215639564,0.7,0,2.666666666666667
79,visit,2490,2500.0,z00,z00,,depot_west,local,True,37.830996758900504,4.444444444444445,42.065441203344946,0.7,0,2.666666666666667
6,trip,2500,2508.8333333333335,z32,z31,toy-0006026,,,False,21.985415244775634,0.0,21.190415244775636,0.35,2.3,0
48,trip,2500,2516.5,z20,z22,toy-0006007,,,False,35.88458871079003,0.0,34.39958871079003,0.35,4.6,0
22,trip,2500,2518.309854494165,z32,z20,toy-0006024,,,False,31.322211771195537,0.0,29.67432486672068,0.35,5.142956348249516,0
2,trip,2500,2508.8333333333335,z31,z21,toy-0006017,,,False,35.651089726355,0.0,34.856089726355,0.35,2.3,0
59,trip,2500,2518.309854494165,z12,z31,toy-0006020,,,False,41.2496910214133,0.0,39.601804116938446,0.35,5.142956348249516,0
35,trip,2500,2508.8333333333335,z00,z10,toy-0006002,,,False,18.33569770238354,0.0,17.54069770238354,0.35,2.3,0
42,trip,2500,2524.1666666666665,z31,z01,toy-0006015,,,False,37.99388366337561,0.0,35.818883663375615,0.35,6.8999999999999995,0
36,trip,2500,2524.1666666666665,z00,z30,toy-0006003,,,False,14.2876384951488,0.0,12.1126384951488,0.35,6.8999999999999995,0
9,trip,2500,2512.0089706448603,z21,z30,toy-0006010,,,False,39.369348493738286,0.0,38.288541135700854,0.35,3.2526911934581184,0
44,trip,2500,2508.8333333333335,z32,z22,toy-0006027,,,False,22.41652868743869,0.0,21.62152868743869,0.35,2.3,0
56,trip,2500,2508.8333333333335,z31,z30,toy-0006014,,,False,36.14270154846798,0.0,35.34770154846798,0.35,2.3,0
65,trip,2500,2522.851274623054,z12,z30,toy-0006019,,,False,37.676770567850376,0.0,35.62015585177551,0.35,6.505382386916237,0
41,trip,2500,2508.8333333333335,z21,z11,toy-0006011,,,False,23.486366355083042,0.0,22.69136635508304,0.35,2.3,0
57,trip,2500,2508.8333333333335,z10,z11,toy-0006004,,,False,22.3843417424901,0.0,21.5893417424901,0.35,2.3,0
4,trip,2500,2524.1666666666665,z30,z00,toy-0006008,,,False,34.44665621563934,0.0,32.27165621563934,0.35,6.8999999999999995,0
86,trip,2500,2508.8333333333335,z12,z22,toy-0006021,,,False,27.74830788883984,0.0,26.953307888839838,0.35,2.3,0
55,trip,2500,2524.809854494165,z21,z12,toy-0006018,,,False,45.66211309552536,0.0,43.42922619105051,2.3,5.142956348249516,0
10,trip,2500,2518.309854494165,z22,z10,toy-0006023,,,False,32.63053192853834,0.0,30.982645024063483,0.35,5.142956348249516,0
66,trip,2500,2518.309854494165,z10,z02,toy-0006006,,,False,16.075664153295918,0.0,14.427777248821062,0.35,5.142956348249516,0
80,trip,2500,2518.309854494165,z10,z31,toy-0006005,,,False,32.64109390883551,0.0,30.993207004360652,0.35,5.142956348249516,0
70,trip,2500,2523.0,z30,z11,toy-0006016,,,False,18.9828852097422,0.0,16.9128852097422,2.3,4.6,0
33,trip,2500,2531.910795394624,z22,z01,toy-0006025,,,False,30.94574785038048,0.0,28.0737762648643,2.3,7.273238618387272,0
1,trip,2500,2523.0,z11,z32,toy-0006022,,,False,41.39677056785038,0.0,39.32677056785038,2.3,4.6,0
32,trip,2500,2518.309854494165,z11,z32,toy-0006009,,,False,35.24029736178441,0.0,33.592410457309555,0.35,5.142956348249516,0
74,trip,2500,2512.0089706448603,z21,z12,toy-0006012,,,False,13.435021932284924,0.0,12.354214574247488,0.35,3.2526911934581184,0
40,trip,2500,2527.985491805692,z22,z10,toy-0006013,,,False,36.30341883301315,0.0,33.784724570500856,3.2526911934581184,5.142956348249516,0
89,trip,2500,2508.8333333333335,z20,z21,toy-0006028,,,False,38.09644724749672,0.0,37.30144724749672,0.35,2.3,0
46,trip,2500,2518.5089706448603,z22,z21,toy-0006048,,,False,37.28857468478827,0.0,35.62276732675084,2.3,3.2526911934581184,0
78,trip,2500,2535.0864327061513,z22,z00,toy-0006035,,,False,36.81049837945002,0.0,33.6527194358964,3.2526911934581184,7.273238618387272,0
45,trip,2500,2530.6666666666665,z01,z32,toy-0006040,,,False,30.093967997278845,0.0,27.333967997278847,6.8999999999999995,2.3,0
13,trip,2500,2523.0,z02,z32,toy-0006046,,,False,40.434334151971285,0.0,38.364334151971285,4.6,2.3,0
60,trip,2500,2547.2441287279576,z01,z02,toy-0006038,,,False,42.43549837945031,0.0,38.18352679393413,6.8999999999999995,7.273238618387272,0
79,trip,2500,2532.476521160832,z00,z12,toy-0006029,,,False,42.06544120334472,0.0,39.14255429886986,4.6,5.142956348249516,0
77,visit,2500,2526.6846079563875,z11,z11,,depot_west,local,False,32.03724532028297,0.0,30.0856306042081,6.505382386916237,0,0
68,visit,2500,2539.286375654997,z12,z12,,depot_west,local,False,33.15205358786842,0.0,30.066279778918712,10.285912696499032,0,0
0,visit,2500,2526.6846079563875,z11,z11,,depot_west,local,False,34.80310985442567,0.0,32.8514951383508,6.505382386916237,0,0
63,visit,2500,2539.286375654997,z22,z22,,depot_south,local,False,35.26972457050073,0.0,32.18395076155102,10.285912696499032,0,0
6,trip,2510,2522.0089706448603,z31,z20,toy-0006063,,,False,21.19041524477566,0.0,20.109607886738225,0.35,3.2526911934581184,0
16,trip,2510,2528.309854494165,z31,z12,toy-0006067,,,False,24.291603099272194,0.0,22.64371619479734,0.35,5.142956348249516,0
14,trip,2510,2526.5,z32,z30,toy-0006073,,,False,40.56422619105069,0.0,39.079226191050694,0.35,4.6,0
19,trip,2510,2522.0089706448603,z31,z22,toy-0006068,,,False,35.09969102141286,0.0,34.018883663375426,0.35,3.2526911934581184,0
2,trip,2510,2518.8333333333335,z21,z20,toy-0006058,,,False,34.85608972635503,0.0,34.06108972635503,0.35,2.3,0
8,trip,2510,2526.5,z11,z31,toy-0006057,,,False,35.550996758900524,0.0,34.065996758900525,0.35,4.6,0
24,trip,2510,2526.5,z21,z01,toy-0006059,,,False,45.64419264196241,0.0,44.15919264196241,0.35,4.6,0
20,trip,2510,2526.5,z30,z32,toy-0006055,,,False,46.5149999999997,0.0,45.0299999999997,0.35,4.6,0
27,trip,2510,2518.8333333333335,z31,z32,toy-0006069,,,False,36.810498379450344,0.0,36.01549837945034,0.35,2.3,0
34,trip,2510,2528.309854494165,z22,z30,toy-0006070,,,False,32.716860641343004,0.0,31.06897373686815,0.35,5.142956348249516,0
31,trip,2510,2533.0,z21,z11,toy-0006065,,,False,32.798143403513436,0.0,30.728143403513435,2.3,4.6,0
49,trip,2510,2525.3333333333335,z32,z21,toy-0006066,,,False,23.454916865325817,0.0,22.074916865325818,2.3,2.3,0
67,trip,2510,2518.8333333333335,z32,z31,toy-0006074,,,False,35.74063988945891,0.0,34.94563988945891,0.35,2.3,0
23,trip,2510,2522.0089706448603,z11,z20,toy-0006056,,,False,9.43213596667011,0.0,8.351328608632674,0.35,3.2526911934581184,0
56,trip,2510,2534.809854494165,z30,z10,toy-0006062,,,False,35.34770154846801,0.0,33.11481464399316,2.3,5.142956348249516,0
7,trip,2510,2522.0089706448603,z20,z11,toy-0006053,,,False,31.781461589263024,0.0,30.700654231225588,0.35,3.2526911934581184,0
18,trip,2510,2522.0089706448603,z10,z21,toy-0006051,,,False,26.496030307988455,0.0,25.41522294995102,0.35,3.2526911934581184,0
43,trip,2510,2539.351274623054,z22,z10,toy-0006071,,,False,46.457113095524946,0.0,43.81549837945008,2.3,6.505382386916237,0
44,trip,2510,2534.809854494165,z22,z20,toy-0006072,,,False,21.621528687438715,0.0,19.38864178296386,2.3,5.142956348249516,0
58,trip,2510,2540.6666666666665,z30,z01,toy-0006064,,,False,21.047477555484846,0.0,18.28747755548485,2.3,6.8999999999999995,0
89,trip,2510,2522.0089706448603,z21,z32,toy-0006061,,,False,37.301447247496746,0.0,36.220639889459314,0.35,3.2526911934581184,0
21,trip,2510,2518.8333333333335,z20,z10,toy-0006052,,,False,43.41130573748796,0.0,42.616305737487956,0.35,2.3,0
51,trip,2510,2525.3333333333335,z22,z22,toy-0006075,,,False,14.672168576898136,0.0,13.292168576898135,2.3,2.3,0
29,trip,2510,2534.809854494165,z20,z02,toy-0006060,,,False,36.17596320981288,0.0,33.943076305338025,2.3,5.142956348249516,0
28,trip,2510,2547.017941289721,z10,z12,toy-0006054,,,False,44.56338528392548,0.0,41.2317705678506,4.6,6.505382386916237,0
35,trip,2510,2525.3333333333335,z10,z30,toy-0006078,,,False,17.540697702383568,0.0,16.16069770238357,2.3,2.3,0
41,trip,2510,2528.309854494165,z11,z30,toy-0006083,,,False,22.69136635508307,0.0,21.043479450608213,0.35,5.142956348249516,0
38,trip,2510,2526.5,z12,z10,toy-0006096,,,False,35.18053192853808,0.0,33.69553192853808,0.35,4.6,0
52,trip,2510,2539.351274623054,z11,z32,toy-0006077,,,False,23.298355779693853,0.0,20.656741063618984,2.3,6.505382386916237,0
57,trip,2510,2525.3333333333335,z11,z11,toy-0006088,,,False,21.589341742490127,0.0,20.20934174249013,2.3,2.3,0
69,trip,2510,2528.309854494165,z12,z20,toy-0006097,,,False,37.857752984984664,0.0,36.20986608050981,0.35,5.142956348249516,0
64,trip,2510,2528.5089706448603,z22,z32,toy-0006094,,,False,18.292443354696562,0.0,16.626635996659125,3.2526911934581184,2.3,0
26,trip,2510,2533.0,z02,z12,toy-0006100,,,False,36.191770567850384,0.0,34.12177056785038,4.6,2.3,0
75,trip,2510,2541.910795394624,z01,z31,toy-0006082,,,False,11.195896388497651,0.0,8.32392480298147,7.273238618387272,2.3,0
53,trip,2510,2545.0864327061513,z02,z22,toy-0006093,,,False,29.640024826246634,0.0,26.482245882693018,7.273238618387272,3.2526911934581184,0
71,trip,2510,2543.8423039781937,z02,z21,toy-0006102,,,False,34.38099675890045,0.0,31.335189400863015,6.8999999999999995,3.2526911934581184,0
76,visit,2510,2551.3615661654476,z01,z01,,depot_west,local,False,13.642945279809362,35.04705472019064,47.309999999999995,4.6,0,21.02823283211438
86,visit,2510,2549.286375654997,z22,z22,,depot_south,local,False,26.953307888839866,0.0,23.867534079890156,10.285912696499032,0,0
59,trip,2520,2538.309854494165,z31,z12,toy-0006115,,,False,39.601804116938446,0.0,37.953917212463594,0.35,5.142956348249516,0
30,trip,2520,2528.8333333333335,z22,z32,toy-0006122,,,False,38.980963209812884,0.0,38.18596320981288,0.35,2.3,0
25,trip,2520,2532.0089706448603,z12,z21,toy-0006117,,,False,32.0851894008629,0.0,31.004382042825466,0.35,3.2526911934581184,0
67,trip,2520,2545.410795394624,z31,z02,toy-0006114,,,False,34.94563988945894,0.0,32.658668303942754,0.35,7.273238618387272,0
46,trip,2520,2532.0089706448603,z21,z12,toy-0006108,,,False,35.622767326750854,0.0,34.54195996871342,0.35,3.2526911934581184,0
80,trip,2520,2536.5,z31,z11,toy-0006112,,,False,30.993207004360663,0.0,29.508207004360663,0.35,4.6,0
2,trip,2520,2542.851274623054,z20,z02,toy-0006106,,,False,34.06108972635506,0.0,32.00447501028019,0.35,6.505382386916237,0
5,trip,2520,2544.809854494165,z10,z21,toy-0006103,,,False,20.54072132940109,0.0,18.307834424926234,2.3,5.142956348249516,0
21,trip,2520,2536.5,z10,z12,toy-0006104,,,False,42.616305737487984,0.0,41.131305737487985,0.35,4.6,0
37,trip,2520,2544.809854494165,z01,z32,toy-0006107,,,False,41.803385283925444,0.0,39.57049837945059,2.3,5.142956348249516,0
27,trip,2520,2538.309854494165,z32,z11,toy-0006124,,,False,36.01549837945037,0.0,34.36761147497552,0.35,5.142956348249516,0
9,trip,2520,2550.6666666666665,z30,z01,toy-0006111,,,False,38.28854113570086,0.0,35.52854113570086,2.3,6.8999999999999995,0
54,trip,2520,2532.0089706448603,z02,z11,toy-0006116,,,False,11.393891253894328,0.0,10.313083895856892,0.35,3.2526911934581184,0
32,trip,2520,2536.5,z32,z12,toy-0006126,,,False,33.592410457309555,0.0,32.107410457309555,0.35,4.6,0
61,trip,2520,2538.5089706448603,z30,z20,toy-0006110,,,False,27.55680411693835,0.0,25.89099675890091,2.3,3.2526911934581184,0
73,trip,2520,2544.809854494165,z32,z10,toy-0006109,,,False,26.078950761551035,0.0,23.84606385707618,2.3,5.142956348249516,0
12,trip,2520,2536.5,z20,z00,toy-0006105,,,False,44.79130573748804,0.0,43.30630573748804,0.35,4.6,0
87,trip,2520,2535.3333333333335,z32,z21,toy-0006113,,,False,37.88644724749646,0.0,36.50644724749646,2.3,2.3,0
48,trip,2520,2538.309854494165,z22,z10,toy-0006118,,,False,34.39958871079002,0.0,32.75170180631517,0.35,5.142956348249516,0
50,trip,2520,2532.0089706448603,z22,z31,toy-0006120,,,False,35.8073769082222,0.0,34.72656955018477,0.35,3.2526911934581184,0
47,trip,2520,2535.3333333333335,z12,z21,toy-0006119,,,False,28.469415502623033,0.0,27.089415502623034,2.3,2.3,0
74,trip,2520,2543.0,z12,z02,toy-0006121,,,False,12.3542145742475,0.0,10.2842145742475,2.3,4.6,0
83,trip,2520,2543.0,z12,z31,toy-0006125,,,False,13.218088983744765,0.0,11.148088983744765,4.6,2.3,0
17,trip,2520,2561.387316555456,z20,z01,toy-0006123,,,False,35.40528302001783,0.0,31.680424530026798,5.142956348249516,7.273238618387272,0
22,trip,2520,2541.6846079563875,z20,z22,toy-0006134,,,False,29.674324866720696,0.0,27.722710150645824,3.2526911934581184,3.2526911934581184,0
66,trip,2520,2535.3333333333335,z02,z11,toy-0006129,,,False,14.427777248821073,0.0,13.047777248821074,2.3,2.3,0
84,trip,2520,2538.5089706448603,z20,z30,toy-0006132,,,False,18.035222949950935,0.0,16.369415591913498,3.2526911934581184,2.3,0
10,visit,2520,2540.3333333333335,z10,z10,,depot_west,local,False,30.982645024063494,0.0,29.602645024063495,4.6,0,0
0,trip,2530,2542.0089706448603,z11,z00,toy-0006144,,,False,32.8514951383508,0.0,31.770687780313363,0.35,3.2526911934581184,0
1,trip,2530,2542.0089706448603,z32,z21,toy-0006162,,,False,39.32677056785038,0.0,38.24596320981295,0.35,3.2526911934581184,0
8,trip,2530,2548.309854494165,z31,z10,toy-0006153,,,False,34.06599675890052,0.0,32.418109854425666,0.35,5.142956348249516,0
88,trip,2530,2546.5,z31,z11,toy-0006155,,,False,47.30999999999972,0.0,45.82499999999972,0.35,4.6,0
13,trip,2530,2561.910795394624,z32,z00,toy-0006152,,,False,38.364334151971285,0.0,35.4923625664551,2.3,7.273238618387272,0
7,trip,2530,2538.8333333333335,z11,z10,toy-0006145,,,False,30.700654231225602,0.0,29.905654231225604,0.35,2.3,0
20,trip,2530,2552.851274623054,z32,z10,toy-0006160,,,False,45.029999999999696,0.0,42.97338528392483,0.35,6.505382386916237,0
14,trip,2530,2548.5089706448603,z30,z20,toy-0006154,,,False,39.07922619105069,0.0,37.41341883301325,2.3,3.2526911934581184,0
11,trip,2530,2542.0089706448603,z22,z31,toy-0006159,,,False,21.540862839410288,0.0,20.46005548137285,0.35,3.2526911934581184,0
18,trip,2530,2545.3333333333335,z21,z32,toy-0006157,,,False,25.415222949951033,0.0,24.035222949951034,2.3,2.3,0
49,trip,2530,2538.8333333333335,z21,z11,toy-0006150,,,False,22.074916865325843,0.0,21.279916865325845,0.35,2.3,0
19,trip,2530,2548.309854494165,z22,z01,toy-0006158,,,False,34.01888366337543,0.0,32.37099675890058,0.35,5.142956348249516,0
81,trip,2530,2538.8333333333335,z21,z31,toy-0006151,,,False,29.201633151031654,0.0,28.406633151031656,0.35,2.3,0
6,trip,2530,2545.3333333333335,z20,z20,toy-0006148,,,False,20.10960788673824,0.0,18.72960788673824,2.3,2.3,0
69,trip,2530,2546.5,z20,z22,toy-0006143,,,False,36.20986608050981,0.0,34.72486608050981,0.35,4.6,0
30,trip,2530,2548.309854494165,z32,z11,toy-0006161,,,False,38.18596320981291,0.0,36.53807630533806,0.35,5.142956348249516,0
23,trip,2530,2538.8333333333335,z20,z21,toy-0006142,,,False,8.351328608632686,0.0,7.556328608632686,0.35,2.3,0
34,trip,2530,2554.809854494165,z30,z12,toy-0006156,,,False,31.06897373686816,0.0,28.836086832393306,2.3,5.142956348249516,0
89,trip,2530,2538.8333333333335,z32,z31,toy-0006163,,,False,36.22063988945932,0.0,35.42563988945932,0.35,2.3,0
57,trip,2530,2538.8333333333335,z11,z21,toy-0006146,,,False,20.209341742490153,0.0,19.41434174249015,0.35,2.3,0
70,trip,2530,2546.5,z11,z31,toy-0006147,,,False,16.9128852097422,0.0,15.4278852097422,0.35,4.6,0
51,trip,2530,2553.0,z22,z01,toy-0006149,,,False,13.292168576898163,0.0,11.222168576898163,2.3,4.6,0
16,trip,2530,2545.3333333333335,z12,z32,toy-0006179,,,False,22.643716194797353,0.0,21.263716194797354,2.3,2.3,0
35,trip,2530,2545.3333333333335,z30,z32,toy-0006174,,,False,16.160697702383594,0.0,14.780697702383595,2.3,2.3,0
55,trip,2530,2554.809854494165,z12,z30,toy-0006178,,,False,43.429226191050525,0.0,41.19633928657567,2.3,5.142956348249516,0
24,trip,2530,2548.309854494165,z01,z22,toy-0006166,,,False,44.159192641962406,0.0,42.511305737487554,0.35,5.142956348249516,0
36,trip,2530,2560.6666666666665,z30,z12,toy-0006181,,,False,12.112638495148813,0.0,9.352638495148813,4.6,4.6,0
41,trip,2530,2545.3333333333335,z30,z21,toy-0006171,,,False,21.043479450608228,0.0,19.66347945060823,2.3,2.3,0
38,trip,2530,2548.5089706448603,z10,z31,toy-0006164,,,False,33.695531928538074,0.0,32.02972457050064,2.3,3.2526911934581184,0
77,trip,2530,2548.5089706448603,z11,z32,toy-0006169,,,False,30.0856306042081,0.0,28.41982324617066,2.3,3.2526911934581184,0
65,trip,2530,2561.910795394624,z30,z02,toy-0006172,,,False,35.620155851775515,0.0,32.74818426625933,2.3,7.273238618387272,0
40,trip,2530,2557.985491805692,z10,z22,toy-0006173,,,False,33.784724570500856,0.0,31.266030307988565,5.142956348249516,3.2526911934581184,0
62,trip,2530,2553.0,z12,z22,toy-0006182,,,False,35.26761147497532,0.0,33.19761147497532,4.6,2.3,0
15,trip,2530,2554.809854494165,z02,z31,toy-0006176,,,False,43.74802841448394,0.0,41.51514151000909,2.3,5.142956348249516,0
42,trip,2530,2553.0,z01,z22,toy-0006168,,,False,35.81888366337562,0.0,33.74888366337562,4.6,2.3,0
3,trip,2530,2577.2441287279576,z00,z01,toy-0006170,,,False,37.113668303943186,0.0,32.861696718427005,7.273238618387272,6.8999999999999995,0
4,trip,2530,2554.809854494165,z00,z20,toy-0006165,,,False,32.27165621563935,0.0,30.038769311164494,2.3,5.142956348249516,0
39,trip,2530,2557.985491805692,z02,z10,toy-0006167,,,False,46.61999999999973,0.0,44.101305737487436,5.142956348249516,3.2526911934581184,0
85,trip,2530,2560.6666666666665,z02,z20,toy-0006177,,,False,14.18338932878138,0.0,11.423389328781381,4.6,4.6,0
64,visit,2530,2565.6666666666665,z32,z32,,depot_south,local,False,16.62663599665914,0.0,13.86663599665914,9.2,0,0
45,trip,2540,2568.809226445224,z32,z00,toy-0006199,,,False,27.33396799727886,0.0,24.741137617208707,0.35,8.292767933567175,0
25,trip,2540,2552.0089706448603,z21,z12,toy-0006189,,,False,31.00438204282548,0.0,29.923574684788043,0.35,3.2526911934581184,0
57,trip,2540,2558.309854494165,z21,z02,toy-0006188,,,False,19.41434174249018,0.0,17.766454838015324,0.35,5.142956348249516,0
50,trip,2540,2552.0089706448603,z31,z20,toy-0006190,,,False,34.72656955018478,0.0,33.645762192147345,0.35,3.2526911934581184,0
31,trip,2540,2552.0089706448603,z11,z20,toy-0006185,,,False,30.72814340351344,0.0,29.647336045476003,0.35,3.2526911934581184,0
63,trip,2540,2555.3333333333335,z22,z31,toy-0006202,,,False,32.18395076155101,0.0,30.80395076155101,2.3,2.3,0
81,trip,2540,2548.8333333333335,z31,z30,toy-0006191,,,False,28.40663315103168,0.0,27.611633151031683,0.35,2.3,0
84,trip,2540,2563.0,z30,z11,toy-0006192,,,False,16.369415591913512,0.0,14.299415591913512,2.3,4.6,0
23,trip,2540,2548.8333333333335,z21,z31,toy-0006187,,,False,7.556328608632714,0.0,6.761328608632714,0.35,2.3,0
21,trip,2540,2555.3333333333335,z12,z12,toy-0006198,,,False,41.13130573748798,0.0,39.751305737487975,2.3,2.3,0
26,trip,2540,2556.5,z12,z32,toy-0006196,,,False,34.12177056785038,0.0,32.636770567850384,0.35,4.6,0
87,trip,2540,2561.6846079563875,z21,z21,toy-0006201,,,False,36.50644724749649,0.0,34.55483253142162,3.2526911934581184,3.2526911934581184,0
44,trip,2540,2558.5089706448603,z20,z21,toy-0006193,,,False,19.38864178296387,0.0,17.722834424926432,3.2526911934581184,2.3,0
33,trip,2540,2548.8333333333335,z01,z02,toy-0006184,,,False,28.073776264864314,0.0,27.278776264864312,0.35,2.3,0
61,trip,2540,2567.985491805692,z20,z12,toy-0006194,,,False,25.890996758900922,0.0,23.37230249638863,3.2526911934581184,5.142956348249516,0
32,trip,2540,2555.3333333333335,z12,z21,toy-0006197,,,False,32.10741045730955,0.0,30.72741045730955,2.3,2.3,0
54,trip,2540,2566.175637311527,z11,z22,toy-0006195,,,False,10.313083895856904,0.0,7.957276537819469,4.6,3.2526911934581184,0
66,trip,2540,2552.0089706448603,z11,z22,toy-0006186,,,False,13.0477772488211,0.0,11.966969890783664,0.35,3.2526911934581184,0
7,trip,2540,2564.809854494165,z10,z32,toy-0006183,,,False,29.90565423122563,0.0,27.672767326750773,2.3,5.142956348249516,0
46,trip,2540,2572.476521160832,z12,z20,toy-0006200,,,False,34.54195996871343,0.0,31.619073064238574,4.6,5.142956348249516,0
43,trip,2540,2566.175637311527,z10,z21,toy-0006207,,,False,43.81549837945009,0.0,41.45969102141265,4.6,3.2526911934581184,0
80,trip,2540,2578.3333333333335,z11,z01,toy-0006215,,,False,29.508207004360663,0.0,26.058207004360664,4.6,6.8999999999999995,0
12,trip,2540,2568.809226445224,z00,z32,toy-0006203,,,False,43.30630573748803,0.0,40.71347535741788,0.35,8.292767933567175,0
48,trip,2540,2558.5089706448603,z10,z11,toy-0006205,,,False,32.75170180631517,0.0,31.08589444827773,2.3,3.2526911934581184,0
56,trip,2540,2564.809854494165,z10,z32,toy-0006211,,,False,33.11481464399317,0.0,30.881927739518318,2.3,5.142956348249516,0
59,trip,2540,2574.286375654997,z12,z10,toy-0006214,,,False,37.953917212463594,0.0,34.86814340351388,5.142956348249516,5.142956348249516,0
68,trip,2540,2558.5089706448603,z12,z02,toy-0006210,,,False,30.06627977891871,0.0,28.40047242088127,2.3,3.2526911934581184,0
79,trip,2540,2558.5089706448603,z12,z31,toy-0006221,,,False,39.142554298869854,0.0,37.47674694083242,2.3,3.2526911934581184,0
29,trip,2540,2558.5089706448603,z02,z01,toy-0006218,,,False,33.94307630533804,0.0,32.277268947300605,2.3,3.2526911934581184,0
78,trip,2540,2574.286375654997,z00,z00,toy-0006212,,,False,33.6527194358964,0.0,30.56694562694669,5.142956348249516,5.142956348249516,0
52,visit,2540,2597.6666666666665,z32,z32,,depot_south,central,False,20.656741063618995,0.0,17.896741063618997,9.2,0,0
49,visit,2540,2566.6846079563875,z11,z11,,depot_west,local,False,21.27991686532587,0.0,19.328302149250998,6.505382386916237,0,0
47,visit,2540,2566.6846079563875,z21,z21,,depot_south,local,False,27.08941550262306,0.0,25.137800786548187,6.505382386916237,0,0
27,visit,2540,2566.6846079563875,z11,z11,,depot_west,local,False,34.36761147497552,0.0,32.41599675890065,6.505382386916237,0,0
89,visit,2540,2560.3333333333335,z31,z31,,depot_south,local,False,35.42563988945935,0.0,34.045639889459345,4.6,0,0
11,trip,2550,2558.8333333333335,z31,z30,toy-0006234,,,False,20.460055481372866,0.0,19.665055481372868,0.35,2.3,0
22,trip,2550,2562.0089706448603,z22,z11,toy-0006242,,,False,27.72271015064582,0.0,26.641902792608384,0.35,3.2526911934581184,0
6,trip,2550,2565.3333333333335,z20,z20,toy-0006226,,,False,18.729607886738265,0.0,17.349607886738266,2.3,2.3,0
16,trip,2550,2562.0089706448603,z32,z21,toy-0006243,,,False,21.26371619479738,0.0,20.182908836759943,0.35,3.2526911934581184,0
35,trip,2550,2574.1666666666665,z32,z02,toy-0006244,,,False,14.780697702383621,0.0,12.605697702383623,0.35,6.8999999999999995,0
2,trip,2550,2575.410795394624,z02,z31,toy-0006240,,,False,32.004475010280196,0.0,29.717503424764015,0.35,7.273238618387272,0
38,trip,2550,2562.0089706448603,z31,z20,toy-0006233,,,False,32.029724570500655,0.0,30.94891721246322,0.35,3.2526911934581184,0
30,trip,2550,2566.5,z11,z31,toy-0006227,,,False,36.53807630533806,0.0,35.05307630533806,0.35,4.6,0
70,trip,2550,2558.8333333333335,z31,z21,toy-0006235,,,False,15.427885209742202,0.0,14.632885209742202,0.35,2.3,0
83,trip,2550,2568.309854494165,z31,z12,toy-0006237,,,False,11.148088983744767,0.0,9.500202079269911,0.35,5.142956348249516,0
5,trip,2550,2558.8333333333335,z21,z20,toy-0006228,,,False,18.307834424926245,0.0,17.512834424926247,0.35,2.3,0
71,trip,2550,2558.8333333333335,z21,z11,toy-0006230,,,False,31.335189400863015,0.0,30.540189400863014,0.35,2.3,0
14,trip,2550,2565.3333333333335,z20,z22,toy-0006231,,,False,37.41341883301327,0.0,36.033418833013265,2.3,2.3,0
37,trip,2550,2568.5089706448603,z32,z22,toy-0006238,,,False,39.570498379450605,0.0,37.90469102141317,2.3,3.2526911934581184,0
75,trip,2550,2558.8333333333335,z31,z32,toy-0006239,,,False,8.323924802981486,0.0,7.528924802981486,0.35,2.3,0
77,trip,2550,2558.8333333333335,z32,z22,toy-0006245,,,False,28.419823246170672,0.0,27.62482324617067,0.35,2.3,0
24,trip,2550,2568.5089706448603,z22,z32,toy-0006232,,,False,42.511305737487554,0.0,40.84549837945012,2.3,3.2526911934581184,0
53,trip,2550,2568.5089706448603,z22,z30,toy-0006229,,,False,26.48224588269302,0.0,24.816438524655585,2.3,3.2526911934581184,0
69,trip,2550,2568.309854494165,z22,z10,toy-0006241,,,False,34.724866080509805,0.0,33.07697917603495,0.35,5.142956348249516,0
86,trip,2550,2585.0864327061513,z22,z02,toy-0006236,,,False,23.867534079890152,0.0,20.709755136336536,3.2526911934581184,7.273238618387272,0
88,trip,2550,2582.476521160832,z11,z10,toy-0006255,,,False,45.82499999999971,0.0,42.902113095524854,4.6,5.142956348249516,0
28,trip,2550,2574.809854494165,z12,z01,toy-0006258,,,False,41.231770567850596,0.0,38.99888366337574,2.3,5.142956348249516,0
82,trip,2550,2565.3333333333335,z12,z32,toy-0006261,,,False,35.89486608050968,0.0,34.51486608050968,2.3,2.3,0
10,trip,2550,2562.0089706448603,z10,z01,toy-0006246,,,False,29.60264502406352,0.0,28.521837666026084,0.35,3.2526911934581184,0
19,trip,2550,2565.3333333333335,z01,z21,toy-0006251,,,False,32.37099675890058,0.0,30.990996758900582,2.3,2.3,0
73,trip,2550,2588.827795783886,z10,z20,toy-0006262,,,False,23.84606385707619,0.0,20.351562236526462,6.505382386916237,5.142956348249516,0
0,trip,2550,2573.0,z00,z10,toy-0006247,,,False,31.770687780313374,0.0,29.700687780313373,4.6,2.3,0
58,trip,2550,2565.3333333333335,z01,z12,toy-0006252,,,False,18.28747755548486,0.0,16.90747755548486,2.3,2.3,0
60,trip,2550,2565.3333333333335,z02,z00,toy-0006249,,,False,38.18352679393413,0.0,36.803526793934125,2.3,2.3,0
67,trip,2550,2573.0,z02,z21,toy-0006259,,,False,32.65866830394277,0.0,30.588668303942768,4.6,2.3,0
74,trip,2550,2565.3333333333335,z02,z02,toy-0006257,,,False,10.2842145742475,0.0,8.9042145742475,2.3,2.3,0
41,visit,2550,2576.6846079563875,z21,z21,,depot_south,local,False,19.663479450608254,0.0,17.711864734533382,6.505382386916237,0,0
18,visit,2550,2585.6666666666665,z32,z32,,depot_south,local,False,24.03522294995106,0.0,21.275222949951058,9.2,0,0
33,visit,2550,2585.6666666666665,z02,z02,,depot_west,local,False,27.27877626486434,0.0,24.518776264864343,9.2,0,0
81,visit,2550,2560.0,z30,z30,,depot_south,local,True,27.611633151031707,4.444444444444445,31.846077595476153,0.7,0,2.666666666666667
8,visit,2550,2570.3333333333335,z10,z10,,depot_west,local,False,32.418109854425666,0.0,31.038109854425667,4.6,0,0
1,visit,2550,2576.6846079563875,z21,z21,,depot_south,local,False,38.245963209812956,0.0,36.294348493738084,6.505382386916237,0,0
23,visit,2550,2592.4905361681535,z31,z31,,depot_south,,False,6.761328608632741,41.92867139136726,47.309999999999995,4.6,0,25.157202834820353
15,trip,2560,2568.8333333333335,z31,z21,toy-0006282,,,False,41.5151415100091,0.0,40.7201415100091,0.35,2.3,0
40,trip,2560,2576.5,z22,z20,toy-0006286,,,False,31.266030307988565,0.0,29.781030307988566,0.35,4.6,0
63,trip,2560,2568.8333333333335,z31,z32,toy-0006285,,,False,30.803950761551036,0.0,30.008950761551034,0.35,2.3,0
20,trip,2560,2572.0089706448603,z10,z21,toy-0006267,,,False,42.973385283924834,0.0,41.8925779258874,0.35,3.2526911934581184,0
9,trip,2560,2584.1666666666665,z01,z31,toy-0006274,,,False,35.52854113570088,0.0,33.35354113570088,0.35,6.8999999999999995,0
79,trip,2560,2578.309854494165,z31,z12,toy-0006283,,,False,37.476746940832435,0.0,35.82886003635758,0.35,5.142956348249516,0
11,trip,2560,2590.6666666666665,z30,z01,toy-0006281,,,False,19.665055481372892,0.0,16.90505548137289,2.3,6.8999999999999995,0
26,trip,2560,2591.910795394624,z32,z00,toy-0006279,,,False,32.63677056785038,0.0,29.764798982334195,2.3,7.273238618387272,0
29,trip,2560,2584.809854494165,z01,z12,toy-0006266,,,False,32.27726894730062,0.0,30.044382042825767,2.3,5.142956348249516,0
62,trip,2560,2572.0089706448603,z22,z31,toy-0006287,,,False,33.19761147497532,0.0,32.116804116937885,0.35,3.2526911934581184,0
4,trip,2560,2568.8333333333335,z20,z21,toy-0006269,,,False,30.0387693111645,0.0,29.2437693111645,0.35,2.3,0
32,trip,2560,2578.5089706448603,z21,z20,toy-0006280,,,False,30.727410457309574,0.0,29.061603099272137,2.3,3.2526911934581184,0
48,trip,2560,2578.309854494165,z11,z30,toy-0006276,,,False,31.085894448277745,0.0,29.43800754380289,0.35,5.142956348249516,0
44,trip,2560,2572.0089706448603,z21,z12,toy-0006278,,,False,17.722834424926447,0.0,16.64202706688901,0.35,3.2526911934581184,0
51,trip,2560,2572.0089706448603,z01,z12,toy-0006275,,,False,11.222168576898163,0.0,10.141361218860727,0.35,3.2526911934581184,0
66,trip,2560,2595.309226445224,z22,z00,toy-0006288,,,False,11.966969890783677,0.0,8.789139510713525,2.3,8.292767933567175,0
55,trip,2560,2578.5089706448603,z30,z22,toy-0006284,,,False,41.196339286575686,0.0,39.53053192853825,2.3,3.2526911934581184,0
5,trip,2560,2572.0089706448603,z20,z31,toy-0006270,,,False,17.51283442492627,0.0,16.432027066888836,0.35,3.2526911934581184,0
72,trip,2560,2584.809854494165,z22,z11,toy-0006289,,,False,46.45711309552535,0.0,44.2242261910505,2.3,5.142956348249516,0
81,trip,2560,2578.309854494165,z30,z11,toy-0006272,,,False,31.846077595475926,0.0,30.19819069100107,0.35,5.142956348249516,0
31,trip,2560,2576.5,z20,z22,toy-0006271,,,False,29.647336045476017,0.0,28.162336045476017,0.35,4.6,0
76,trip,2560,2585.410795394624,z01,z30,toy-0006273,,,False,47.310000000000315,0.0,45.02302841448413,0.35,7.273238618387272,0
50,trip,2560,2578.309854494165,z20,z01,toy-0006268,,,False,33.64576219214735,0.0,31.997875287672496,0.35,5.142956348249516,0
70,trip,2560,2572.0089706448603,z21,z10,toy-0006277,,,False,14.632885209742229,0.0,13.552077851704793,0.35,3.2526911934581184,0
77,trip,2560,2575.3333333333335,z22,z22,toy-0006290,,,False,27.6248232461707,0.0,26.2448232461707,2.3,2.3,0
71,trip,2560,2575.3333333333335,z11,z20,toy-0006296,,,False,30.540189400863042,0.0,29.160189400863043,2.3,2.3,0
21,trip,2560,2575.3333333333335,z12,z12,toy-0006310,,,False,39.751305737488,0.0,38.371305737488,2.3,2.3,0
25,trip,2560,2586.175637311527,z12,z21,toy-0006313,,,False,29.923574684788058,0.0,27.567767326750623,4.6,3.2526911934581184,0
34,trip,2560,2578.5089706448603,z12,z11,toy-0006297,,,False,28.836086832393313,0.0,27.170279474355876,3.2526911934581184,2.3,0
39,trip,2560,2584.809854494165,z10,z21,toy-0006304,,,False,44.101305737487436,0.0,41.86841883301258,5.142956348249516,2.3,0
57,trip,2560,2604.6846079563875,z02,z10,toy-0006311,,,False,17.76645483801534,0.0,13.744840121940467,6.8999999999999995,6.505382386916237,0
68,trip,2560,2578.5089706448603,z02,z21,toy-0006308,,,False,28.400472420881282,0.0,26.734665062843845,2.3,3.2526911934581184,0
75,trip,2560,2568.8333333333335,z32,z31,toy-0006314,,,False,7.528924802981513,0.0,6.733924802981513,0.35,2.3,0
42,visit,2560,2599.286375654997,z22,z22,,depot_south,local,False,33.74888366337562,0.0,30.66310985442591,10.285912696499032,0,0
30,trip,2570,2588.309854494165,z31,z12,toy-0006328,,,False,35.05307630533805,0.0,33.4051894008632,0.35,5.142956348249516,0
6,trip,2570,2586.5,z20,z00,toy-0006318,,,False,17.34960788673829,0.0,15.864607886738291,0.35,4.6,0
14,trip,2570,2582.0089706448603,z22,z11,toy-0006331,,,False,36.03341883301329,0.0,34.95261147497586,0.35,3.2526911934581184,0
4,trip,2570,2588.309854494165,z21,z00,toy-0006323,,,False,29.243769311164527,0.0,27.59588240668967,0.35,5.142956348249516,0
22,trip,2570,2578.8333333333335,z11,z10,toy-0006319,,,False,26.6419027926084,0.0,25.846902792608397,0.35,2.3,0
7,trip,2570,2586.5,z32,z12,toy-0006334,,,False,27.672767326750783,0.0,26.187767326750784,0.35,4.6,0
36,trip,2570,2588.309854494165,z12,z20,toy-0006329,,,False,9.352638495148787,0.0,7.704751590673932,0.35,5.142956348249516,0
89,trip,2570,2582.0089706448603,z31,z20,toy-0006326,,,False,34.04563988945938,0.0,32.96483253142195,0.35,3.2526911934581184,0
69,trip,2570,2586.5,z10,z30,toy-0006316,,,False,33.07697917603495,0.0,31.591979176034954,0.35,4.6,0
27,trip,2570,2582.0089706448603,z11,z22,toy-0006321,,,False,32.41599675890065,0.0,31.33518940086321,0.35,3.2526911934581184,0
37,trip,2570,2578.8333333333335,z22,z32,toy-0006332,,,False,37.904691021413186,0.0,37.109691021413184,0.35,2.3,0
49,trip,2570,2586.5,z11,z31,toy-0006320,,,False,19.328302149250998,0.0,17.843302149251,0.35,4.6,0
15,trip,2570,2588.309854494165,z21,z02,toy-0006324,,,False,40.72014151000913,0.0,39.072254605534276,0.35,5.142956348249516,0
12,trip,2570,2601.910795394624,z32,z00,toy-0006325,,,False,40.71347535741788,0.0,37.8415037719017,2.3,7.273238618387272,0
24,trip,2570,2588.309854494165,z32,z20,toy-0006333,,,False,40.845498379450135,0.0,39.19761147497528,0.35,5.142956348249516,0
58,trip,2570,2588.309854494165,z12,z31,toy-0006330,,,False,16.907477555484885,0.0,15.25959065101003,0.35,5.142956348249516,0
13,trip,2570,2586.5,z00,z20,toy-0006315,,,False,35.49236256645512,0.0,34.00736256645512,0.35,4.6,0
38,trip,2570,2594.809854494165,z20,z22,toy-0006317,,,False,30.948917212463233,0.0,28.716030307988376,2.3,5.142956348249516,0
43,trip,2570,2600.6666666666665,z21,z01,toy-0006327,,,False,41.459691021412645,0.0,38.69969102141265,2.3,6.8999999999999995,0
84,trip,2570,2588.309854494165,z11,z32,toy-0006322,,,False,14.299415591913512,0.0,12.651528687438656,0.35,5.142956348249516,0
56,trip,2570,2578.8333333333335,z32,z31,toy-0006356,,,False,30.88192773951833,0.0,30.08692773951833,0.35,2.3,0
47,trip,2570,2585.3333333333335,z21,z21,toy-0006345,,,False,25.137800786548187,0.0,23.757800786548188,2.3,2.3,0
54,trip,2570,2578.8333333333335,z22,z21,toy-0006351,,,False,7.957276537819455,0.0,7.162276537819455,0.35,2.3,0
53,trip,2570,2595.410795394624,z30,z01,toy-0006335,,,False,24.816438524655595,0.0,22.529466939139414,0.35,7.273238618387272,0
10,trip,2570,2588.5089706448603,z01,z20,toy-0006338,,,False,28.521837666026098,0.0,26.85603030798866,2.3,3.2526911934581184,0
87,trip,2570,2582.0089706448603,z21,z30,toy-0006339,,,False,34.55483253142162,0.0,33.474025173384184,0.35,3.2526911934581184,0
85,trip,2570,2593.0,z20,z01,toy-0006340,,,False,11.423389328781354,0.0,9.353389328781354,2.3,4.6,0
63,trip,2570,2588.5089706448603,z32,z22,toy-0006346,,,False,30.008950761551063,0.0,28.343143403513626,2.3,3.2526911934581184,0
17,trip,2570,2588.5089706448603,z01,z00,toy-0006337,,,False,31.6804245300268,0.0,30.014617171989364,2.3,3.2526911934581184,0
64,trip,2570,2585.3333333333335,z32,z30,toy-0006343,,,False,13.866635996659113,0.0,12.486635996659114,2.3,2.3,0
61,trip,2570,2592.851274623054,z12,z30,toy-0006348,,,False,23.372302496388627,0.0,21.315687780313755,0.35,6.505382386916237,0
82,trip,2570,2588.5089706448603,z32,z31,toy-0006341,,,False,34.514866080509705,0.0,32.84905872247227,3.2526911934581184,2.3,0
65,trip,2570,2602.476521160832,z02,z10,toy-0006350,,,False,32.74818426625935,0.0,29.825297361784497,4.6,5.142956348249516,0
45,trip,2570,2611.387316555456,z00,z10,toy-0006342,,,False,24.741137617208715,0.0,21.01627912721768,7.273238618387272,5.142956348249516,0
60,trip,2570,2613.369215912775,z00,z00,toy-0006349,,,False,36.803526793934154,0.0,32.90029736178441,6.505382386916237,6.505382386916237,0
83,visit,2570,2633.31198655012,z12,z12,,depot_west,local,False,9.500202079269922,40.04268482520493,46.457113095525145,10.285912696499032,0,24.02561089512296
16,visit,2570,2596.6846079563875,z21,z21,,depot_south,local,False,20.182908836759957,0.0,18.231294120685085,6.505382386916237,0,0
19,visit,2570,2596.6846079563875,z21,z21,,depot_south,local,False,30.990996758900607,0.0,29.039382042825736,6.505382386916237,0,0
75,visit,2570,2612.5069784515445,z31,z31,,depot_south,,False,6.733924802981541,41.95607519701846,47.309999999999995,4.6,0,25.173645118211073
74,visit,2570,2626.9521379221183,z02,z02,,depot_west,,False,8.904214574247527,40.47578542575247,46.62,9.2,0,24.28547125545148
2,trip,2580,2592.0089706448603,z31,z20,toy-0006365,,,False,29.717503424764033,0.0,28.636696066726596,0.35,3.2526911934581184,0
37,trip,2580,2602.851274623054,z32,z10,toy-0006372,,,False,37.10969102141321,0.0,35.053076305338344,0.35,6.505382386916237,0
1,trip,2580,2592.0089706448603,z21,z10,toy-0006362,,,False,36.294348493738084,0.0,35.21354113570065,0.35,3.2526911934581184,0
20,trip,2580,2592.0089706448603,z21,z32,toy-0006364,,,False,41.89257792588741,0.0,40.811770567849976,0.35,3.2526911934581184,0
21,trip,2580,2596.5,z12,z32,toy-0006369,,,False,38.37130573748803,0.0,36.88630573748803,0.35,4.6,0
44,trip,2580,2596.5,z12,z10,toy-0006368,,,False,16.642027066889025,0.0,15.157027066889025,0.35,4.6,0
32,trip,2580,2592.0089706448603,z20,z11,toy-0006360,,,False,29.061603099272148,0.0,27.98079574123471,0.35,3.2526911934581184,0
56,trip,2580,2588.8333333333335,z31,z21,toy-0006366,,,False,30.086927739518355,0.0,29.291927739518357,0.35,2.3,0
41,trip,2580,2588.8333333333335,z21,z22,toy-0006363,,,False,17.711864734533382,0.0,16.916864734533384,0.35,2.3,0
40,trip,2580,2602.851274623054,z20,z02,toy-0006361,,,False,29.781030307988566,0.0,27.724415591913694,0.35,6.505382386916237,0
31,trip,2580,2596.5,z22,z20,toy-0006370,,,False,28.162336045476017,0.0,26.677336045476018,0.35,4.6,0
55,trip,2580,2615.309226445224,z22,z00,toy-0006371,,,False,39.53053192853827,0.0,36.35270154846811,2.3,8.292767933567175,0
78,trip,2580,2588.8333333333335,z00,z01,toy-0006359,,,False,30.56694562694669,0.0,29.77194562694669,0.35,2.3,0
48,trip,2580,2595.3333333333335,z30,z32,toy-0006367,,,False,29.438007543802904,0.0,28.058007543802905,2.3,2.3,0
77,trip,2580,2595.3333333333335,z22,z22,toy-0006389,,,False,26.244823246170725,0.0,24.864823246170726,2.3,2.3,0
67,trip,2580,2598.5089706448603,z21,z22,toy-0006384,,,False,30.588668303942768,0.0,28.92286094590533,2.3,3.2526911934581184,0
68,trip,2580,2607.985491805692,z21,z20,toy-0006388,,,False,26.734665062843856,0.0,24.215970800331565,3.2526911934581184,5.142956348249516,0
34,trip,2580,2595.3333333333335,z11,z11,toy-0006377,,,False,27.17027947435589,0.0,25.79027947435589,2.3,2.3,0
46,trip,2580,2613.8423039781937,z20,z01,toy-0006380,,,False,31.61907306423856,0.0,28.573265706201123,3.2526911934581184,6.8999999999999995,0
71,trip,2580,2598.5089706448603,z20,z12,toy-0006378,,,False,29.160189400863068,0.0,27.49438204282563,2.3,3.2526911934581184,0
81,trip,2580,2595.3333333333335,z11,z20,toy-0006376,,,False,30.198190691001084,0.0,28.818190691001085,2.3,2.3,0
0,trip,2580,2621.387316555456,z10,z02,toy-0006382,,,False,29.700687780313373,0.0,25.975829290322338,5.142956348249516,7.273238618387272,0
51,trip,2580,2595.3333333333335,z12,z32,toy-0006387,,,False,10.14136121886074,0.0,8.761361218860738,2.3,2.3,0
8,trip,2580,2612.476521160832,z10,z11,toy-0006381,,,False,31.03810985442569,0.0,28.115222949950837,5.142956348249516,4.6,0
22,trip,2580,2621.387316555456,z10,z00,toy-0006379,,,False,25.846902792608425,0.0,22.12204430261739,5.142956348249516,7.273238618387272,0
3,trip,2580,2595.3333333333335,z01,z01,toy-0006385,,,False,32.861696718427005,0.0,31.481696718427006,2.3,2.3,0
79,trip,2580,2604.809854494165,z12,z01,toy-0006386,,,False,35.82886003635758,0.0,33.59597313188273,2.3,5.142956348249516,0
59,trip,2580,2598.5089706448603,z10,z31,toy-0006373,,,False,34.86814340351388,0.0,33.20233604547645,2.3,3.2526911934581184,0
28,trip,2580,2620.1431878274984,z01,z12,toy-0006383,,,False,38.99888366337576,0.0,35.3859967589009,6.8999999999999995,5.142956348249516,0
50,trip,2580,2619.577462061291,z01,z32,toy-0006374,,,False,31.997875287672503,0.0,28.43590370215632,7.273238618387272,4.6,0
80,trip,2580,2595.3333333333335,z01,z21,toy-0006375,,,False,26.05820700436065,0.0,24.67820700436065,2.3,2.3,0
35,visit,2580,2637.7312480452365,z02,z02,,depot_west,local,False,12.605697702383635,36.774302297616366,46.620000000000005,9.2,0,22.06458137856982
70,visit,2580,2621.4160866223106,z10,z10,,depot_west,local,False,13.552077851704805,35.137922148295196,47.309999999999995,4.6,0,21.08275328897712
5,visit,2580,2600.3333333333335,z31,z31,,depot_south,local,False,16.43202706688885,0.0,15.05202706688885,4.6,0,0
62,visit,2580,2600.3333333333335,z31,z31,,depot_south,local,False,32.11680411693789,0.0,30.736804116937893,4.6,0,0
54,visit,2580,2628.7727264485184,z21,z21,,depot_south,,False,7.162276537819483,41.813530820217956,47.024192641962564,6.505382386916237,0,25.088118492130775
9,trip,2590,2598.8333333333335,z31,z32,toy-0006400,,,False,33.35354113570089,0.0,32.558541135700885,0.35,2.3,0
49,trip,2590,2608.309854494165,z31,z10,toy-0006397,,,False,17.843302149251,0.0,16.195415244776143,0.35,5.142956348249516,0
72,trip,2590,2598.8333333333335,z11,z01,toy-0006395,,,False,44.22422619105051,0.0,43.42922619105051,0.35,2.3,0
58,trip,2590,2598.8333333333335,z31,z21,toy-0006399,,,False,15.259590651010042,0.0,14.464590651010042,0.35,2.3,0
18,trip,2590,2598.8333333333335,z32,z31,toy-0006408,,,False,21.275222949951033,0.0,20.480222949951035,0.35,2.3,0
4,trip,2590,2605.3333333333335,z00,z00,toy-0006390,,,False,27.595882406689686,0.0,26.215882406689687,2.3,2.3,0
82,trip,2590,2602.0089706448603,z31,z20,toy-0006398,,,False,32.849058722472286,0.0,31.76825136443485,0.35,3.2526911934581184,0
10,trip,2590,2608.309854494165,z20,z12,toy-0006394,,,False,26.85603030798867,0.0,25.208143403513816,0.35,5.142956348249516,0
25,trip,2590,2598.8333333333335,z21,z31,toy-0006396,,,False,27.567767326750605,0.0,26.772767326750603,0.35,2.3,0
6,trip,2590,2605.3333333333335,z00,z20,toy-0006391,,,False,15.864607886738293,0.0,14.484607886738292,2.3,2.3,0
27,trip,2590,2602.0089706448603,z22,z31,toy-0006403,,,False,31.33518940086322,0.0,30.254382042825785,0.35,3.2526911934581184,0
7,trip,2590,2598.8333333333335,z12,z11,toy-0006401,,,False,26.187767326750784,0.0,25.392767326750786,0.35,2.3,0
84,trip,2590,2602.0089706448603,z32,z21,toy-0006407,,,False,12.651528687438667,0.0,11.57072132940123,0.35,3.2526911934581184,0
41,trip,2590,2614.809854494165,z22,z11,toy-0006406,,,False,16.91686473453341,0.0,14.683977830058554,2.3,5.142956348249516,0
63,trip,2590,2598.8333333333335,z22,z12,toy-0006404,,,False,28.343143403513636,0.0,27.548143403513635,0.35,2.3,0
13,trip,2590,2614.809854494165,z20,z31,toy-0006392,,,False,34.007362566455114,0.0,31.77447566198026,2.3,5.142956348249516,0
24,trip,2590,2598.8333333333335,z20,z21,toy-0006393,,,False,39.19761147497528,0.0,38.40261147497528,0.35,2.3,0
29,trip,2590,2608.5089706448603,z12,z11,toy-0006402,,,False,30.044382042825774,0.0,28.378574684788337,2.3,3.2526911934581184,0
39,trip,2590,2616.175637311527,z21,z30,toy-0006405,,,False,41.8684188330126,0.0,39.51261147497516,3.2526911934581184,4.6,0
47,trip,2590,2616.175637311527,z21,z12,toy-0006409,,,False,23.757800786548213,0.0,21.401993428510778,3.2526911934581184,4.6,0
64,trip,2590,2608.5089706448603,z30,z22,toy-0006419,,,False,12.48663599665914,0.0,10.820828638621705,2.3,3.2526911934581184,0
89,trip,2590,2608.5089706448603,z20,z32,toy-0006415,,,False,32.964832531421955,0.0,31.299025173384518,2.3,3.2526911934581184,0
69,trip,2590,2613.0,z30,z22,toy-0006412,,,False,31.591979176034947,0.0,29.521979176034947,2.3,4.6,0
30,trip,2590,2605.3333333333335,z12,z12,toy-0006414,,,False,33.4051894008632,0.0,32.0251894008632,2.3,2.3,0
15,trip,2590,2613.0,z02,z21,toy-0006421,,,False,39.072254605534276,0.0,37.002254605534276,4.6,2.3,0
78,trip,2590,2613.0,z01,z31,toy-0006413,,,False,29.771945626946717,0.0,27.701945626946717,2.3,4.6,0
76,trip,2590,2613.0,z30,z11,toy-0006417,,,False,45.023028414484145,0.0,42.953028414484145,2.3,4.6,0
87,trip,2590,2614.809854494165,z30,z12,toy-0006418,,,False,33.47402517338419,0.0,31.24113826890934,2.3,5.142956348249516,0
33,trip,2590,2637.2441287279576,z02,z01,toy-0006423,,,False,24.518776264864314,0.0,20.266804679348134,6.8999999999999995,7.273238618387272,0
86,trip,2590,2605.3333333333335,z02,z22,toy-0006420,,,False,20.709755136336536,0.0,19.329755136336537,2.3,2.3,0
17,trip,2590,2612.851274623054,z00,z22,toy-0006410,,,False,30.014617171989375,0.0,27.958002455914503,0.35,6.505382386916237,0
73,visit,2590,2610.3333333333335,z20,z20,,depot_south,local,False,20.35156223652646,0.0,18.97156223652646,4.6,0,0
56,visit,2590,2638.6846079563875,z21,z21,,depot_south,central,False,29.291927739518382,0.0,27.34031302344351,6.505382386916237,0,0
14,visit,2590,2616.6846079563875,z11,z11,,depot_west,local,False,34.95261147497587,0.0,33.000996758900996,6.505382386916237,0,0
88,visit,2590,2610.3333333333335,z10,z10,,depot_west,local,False,42.90211309552485,0.0,41.522113095524844,4.6,0,0
36,visit,2590,2631.924482378929,z20,z20,,depot_south,,False,7.704751590673942,40.98524840932607,47.31000000000001,4.6,0,24.59114904559564
2,trip,2600,2618.309854494165,z20,z32,toy-0006425,,,False,28.63669606672661,0.0,26.988809162251755,0.35,5.142956348249516,0
16,trip,2600,2618.309854494165,z21,z00,toy-0006429,,,False,18.231294120685085,0.0,16.58340721621023,0.35,5.142956348249516,0
18,trip,2600,2608.8333333333335,z31,z32,toy-0006436,,,False,20.48022294995106,0.0,19.68522294995106,0.35,2.3,0
3,trip,2600,2629.351274623054,z01,z20,toy-0006437,,,False,31.481696718427035,0.0,28.840082002352165,2.3,6.505382386916237,0
38,trip,2600,2618.309854494165,z22,z30,toy-0006438,,,False,28.716030307988387,0.0,27.06814340351353,0.35,5.142956348249516,0
20,trip,2600,2608.8333333333335,z32,z31,toy-0006440,,,False,40.81177056784998,0.0,40.01677056784998,0.35,2.3,0
19,trip,2600,2618.309854494165,z21,z02,toy-0006430,,,False,29.039382042825736,0.0,27.39149513835088,0.35,5.142956348249516,0
21,trip,2600,2624.1666666666665,z32,z02,toy-0006441,,,False,36.88630573748802,0.0,34.711305737488026,0.35,6.8999999999999995,0
23,trip,2600,2625.410795394624,z31,z02,toy-0006435,,,False,47.31000000000028,0.0,45.023028414484095,0.35,7.273238618387272,0
25,trip,2600,2624.1666666666665,z31,z01,toy-0006433,,,False,26.772767326750632,0.0,24.59776732675063,0.35,6.8999999999999995,0
48,trip,2600,2608.8333333333335,z32,z22,toy-0006442,,,False,28.05800754380293,0.0,27.263007543802928,0.35,2.3,0
59,trip,2600,2612.0089706448603,z31,z20,toy-0006432,,,False,33.202336045476464,0.0,32.12152868743903,0.35,3.2526911934581184,0
24,trip,2600,2615.3333333333335,z21,z21,toy-0006434,,,False,38.40261147497531,0.0,37.02261147497531,2.3,2.3,0
7,trip,2600,2618.309854494165,z11,z32,toy-0006428,,,False,25.39276732675081,0.0,23.744880422275955,0.35,5.142956348249516,0
31,trip,2600,2608.8333333333335,z20,z10,toy-0006424,,,False,26.677336045476018,0.0,25.882336045476016,0.35,2.3,0
58,trip,2600,2608.8333333333335,z21,z22,toy-0006431,,,False,14.464590651010068,0.0,13.669590651010068,0.35,2.3,0
32,trip,2600,2612.0089706448603,z11,z22,toy-0006427,,,False,27.980795741234726,0.0,26.89998838319729,0.35,3.2526911934581184,0
34,trip,2600,2612.0089706448603,z11,z02,toy-0006426,,,False,25.790279474355916,0.0,24.70947211631848,0.35,3.2526911934581184,0
51,trip,2600,2622.851274623054,z32,z10,toy-0006439,,,False,8.761361218860767,0.0,6.704746502785897,0.35,6.505382386916237,0
42,trip,2600,2616.5,z22,z20,toy-0006458,,,False,30.663109854425908,0.0,29.17810985442591,0.35,4.6,0
52,trip,2600,2618.309854494165,z32,z11,toy-0006462,,,False,17.89674106361897,0.0,16.248854159144113,0.35,5.142956348249516,0
67,trip,2600,2618.5089706448603,z22,z30,toy-0006448,,,False,28.92286094590534,0.0,27.257053587867905,2.3,3.2526911934581184,0
11,trip,2600,2608.8333333333335,z01,z11,toy-0006445,,,False,16.905055481372905,0.0,16.110055481372903,0.35,2.3,0
61,trip,2600,2623.0,z30,z11,toy-0006454,,,False,21.31568778031377,0.0,19.24568778031377,2.3,4.6,0
77,trip,2600,2621.6846079563875,z22,z22,toy-0006455,,,False,24.86482324617075,0.0,22.91320853009588,3.2526911934581184,3.2526911934581184,0
81,trip,2600,2623.0,z20,z10,toy-0006443,,,False,28.81819069100111,0.0,26.74819069100111,2.3,4.6,0
63,trip,2600,2624.809854494165,z12,z10,toy-0006457,,,False,27.548143403513663,0.0,25.31525649903881,2.3,5.142956348249516,0
1,trip,2600,2621.6846079563875,z10,z10,toy-0006447,,,False,35.21354113570066,0.0,33.26192641962579,3.2526911934581184,3.2526911934581184,0
44,trip,2600,2618.5089706448603,z10,z31,toy-0006451,,,False,15.157027066889025,0.0,13.49121970885159,3.2526911934581184,2.3,0
71,trip,2600,2634.286375654997,z12,z10,toy-0006453,,,False,27.49438204282564,0.0,24.40860823387593,5.142956348249516,5.142956348249516,0
72,trip,2600,2630.6666666666665,z01,z32,toy-0006456,,,False,43.42922619105054,0.0,40.66922619105054,6.8999999999999995,2.3,0
85,trip,2600,2623.0,z01,z11,toy-0006450,,,False,9.353389328781354,0.0,7.283389328781354,4.6,2.3,0
66,visit,2600,2630.922849626905,z00,z00,,depot_west,local,False,8.789139510713525,39.31586048928648,47.895,0.7,0,23.589516293571887
53,visit,2600,2642.3333333333335,z01,z01,,depot_west,central,False,22.529466939139432,0.0,21.149466939139433,4.6,0,0
80,visit,2600,2648.6846079563875,z21,z21,,depot_south,central,False,24.678207004360676,0.0,22.726592288285804,6.505382386916237,0,0
26,visit,2600,2629.3333333333335,z00,z00,,depot_west,central,False,29.76479898233421,0.0,29.55479898233421,0.7,0,0
9,visit,2600,2635.6666666666665,z32,z32,,depot_south,local,False,32.558541135700914,0.0,29.798541135700916,9.2,0,0
5,trip,2610,2618.8333333333335,z31,z30,toy-0006473,,,False,15.052027066888876,0.0,14.257027066888876,0.35,2.3,0
11,trip,2610,2628.309854494165,z11,z30,toy-0006469,,,False,16.11005548137293,0.0,14.462168576898076,0.35,5.142956348249516,0
18,trip,2610,2618.8333333333335,z32,z31,toy-0006477,,,False,19.685222949951086,0.0,18.890222949951088,0.35,2.3,0
68,trip,2610,2628.309854494165,z20,z01,toy-0006466,,,False,24.21597080033156,0.0,22.568083895856706,0.35,5.142956348249516,0
89,trip,2610,2626.5,z32,z12,toy-0006478,,,False,31.299025173384532,0.0,29.814025173384533,0.35,4.6,0
20,trip,2610,2628.309854494165,z31,z12,toy-0006475,,,False,40.01677056785001,0.0,38.36888366337516,0.35,5.142956348249516,0
84,trip,2610,2622.0089706448603,z21,z12,toy-0006471,,,False,11.570721329401243,0.0,10.489913971363807,0.35,3.2526911934581184,0
58,trip,2610,2622.0089706448603,z22,z31,toy-0006476,,,False,13.669590651010095,0.0,12.588783292972659,0.35,3.2526911934581184,0
27,trip,2610,2625.3333333333335,z31,z20,toy-0006470,,,False,30.2543820428258,0.0,28.8743820428258,2.3,2.3,0
31,trip,2610,2628.309854494165,z10,z02,toy-0006465,,,False,25.882336045476045,0.0,24.23444914100119,0.35,5.142956348249516,0
43,trip,2610,2635.410795394624,z01,z32,toy-0006467,,,False,38.69969102141266,0.0,36.41271943589648,0.35,7.273238618387272,0
29,trip,2610,2622.0089706448603,z11,z20,toy-0006468,,,False,28.378574684788347,0.0,27.29776732675091,0.35,3.2526911934581184,0
62,trip,2610,2628.5089706448603,z31,z32,toy-0006472,,,False,30.73680411693792,0.0,29.07099675890048,2.3,3.2526911934581184,0
64,trip,2610,2628.5089706448603,z22,z21,toy-0006474,,,False,10.820828638621718,0.0,9.155021280584283,3.2526911934581184,2.3,0
4,trip,2610,2622.0089706448603,z00,z11,toy-0006464,,,False,26.215882406689712,0.0,25.135075048652276,0.35,3.2526911934581184,0
10,trip,2610,2628.309854494165,z12,z00,toy-0006490,,,False,25.20814340351383,0.0,23.560256499038974,0.35,5.142956348249516,0
82,trip,2610,2625.3333333333335,z20,z22,toy-0006484,,,False,31.76825136443486,0.0,30.38825136443486,2.3,2.3,0
86,trip,2610,2622.0089706448603,z22,z11,toy-0006494,,,False,19.329755136336562,0.0,18.248947778299126,0.35,3.2526911934581184,0
30,trip,2610,2628.309854494165,z12,z31,toy-0006492,,,False,32.025189400863226,0.0,30.37730249638837,0.35,5.142956348249516,0
37,trip,2610,2639.351274623054,z10,z22,toy-0006498,,,False,35.05307630533835,0.0,32.41146158926348,6.505382386916237,2.3,0
49,trip,2610,2628.5089706448603,z10,z31,toy-0006480,,,False,16.195415244776157,0.0,14.529607886738722,2.3,3.2526911934581184,0
57,trip,2610,2642.526911934581,z10,z21,toy-0006497,,,False,13.744840121940465,0.0,10.81741804782816,6.505382386916237,3.2526911934581184,0
79,trip,2610,2625.3333333333335,z01,z10,toy-0006482,,,False,33.595973131882744,0.0,32.21597313188274,2.3,2.3,0
40,trip,2610,2634.1666666666665,z02,z32,toy-0006489,,,False,27.724415591913708,0.0,25.549415591913707,0.35,6.8999999999999995,0
12,trip,2610,2637.985491805692,z00,z21,toy-0006491,,,False,37.84150377190171,0.0,35.32280950938942,5.142956348249516,3.2526911934581184,0
6,visit,2610,2650.8565686012903,z20,z20,,depot_south,local,False,14.48460788673832,34.20539211326168,47.309999999999995,4.6,0,20.523235267957006
48,visit,2610,2649.286375654997,z22,z22,,depot_south,local,False,27.263007543802956,0.0,24.177233734853246,10.285912696499032,0,0
65,visit,2610,2630.3333333333335,z10,z10,,depot_west,local,False,29.82529736178448,0.0,28.44529736178448,4.6,0,0
13,trip,2620,2636.5,z31,z11,toy-0006503,,,False,31.774475661980272,0.0,30.289475661980273,0.35,4.6,0
7,trip,2620,2628.8333333333335,z32,z31,toy-0006513,,,False,23.74488042227597,0.0,22.949880422275967,0.35,2.3,0
18,trip,2620,2632.0089706448603,z31,z22,toy-0006506,,,False,18.890222949951113,0.0,17.809415591913677,0.35,3.2526911934581184,0
17,trip,2620,2628.8333333333335,z22,z12,toy-0006510,,,False,27.958002455914517,0.0,27.163002455914516,0.35,2.3,0
50,trip,2620,2638.309854494165,z32,z20,toy-0006511,,,False,28.435903702156313,0.0,26.788016797681458,0.35,5.142956348249516,0
75,trip,2620,2645.410795394624,z31,z02,toy-0006505,,,False,47.30999999999985,0.0,45.02302841448367,0.35,7.273238618387272,0
8,trip,2620,2636.5,z11,z31,toy-0006499,,,False,28.115222949950823,0.0,26.630222949950824,0.35,4.6,0
78,trip,2620,2645.410795394624,z31,z00,toy-0006501,,,False,27.701945626946717,0.0,25.414974041430536,0.35,7.273238618387272,0
5,trip,2620,2635.3333333333335,z30,z21,toy-0006504,,,False,14.257027066888902,0.0,12.877027066888903,2.3,2.3,0
15,trip,2620,2628.8333333333335,z21,z31,toy-0006500,,,False,37.002254605534276,0.0,36.207254605534274,0.35,2.3,0
69,trip,2620,2651.910795394624,z22,z01,toy-0006512,,,False,29.521979176034947,0.0,26.650007590518765,2.3,7.273238618387272,0
19,trip,2620,2638.309854494165,z02,z21,toy-0006507,,,False,27.391495138350894,0.0,25.74360823387604,0.35,5.142956348249516,0
24,trip,2620,2644.809854494165,z21,z01,toy-0006509,,,False,37.022611474975335,0.0,34.78972457050048,2.3,5.142956348249516,0
47,trip,2620,2632.0089706448603,z12,z01,toy-0006508,,,False,21.40199342851076,0.0,20.321186070473324,0.35,3.2526911934581184,0
38,trip,2620,2644.809854494165,z30,z10,toy-0006502,,,False,27.068143403513545,0.0,24.835256499038692,2.3,5.142956348249516,0
14,trip,2620,2638.5089706448603,z11,z32,toy-0006521,,,False,33.000996758900996,0.0,31.33518940086356,2.3,3.2526911934581184,0
39,trip,2620,2657.017941289721,z30,z10,toy-0006528,,,False,39.51261147497515,0.0,36.18099675890028,4.6,6.505382386916237,0
67,trip,2620,2635.3333333333335,z30,z32,toy-0006525,,,False,27.257053587867915,0.0,25.877053587867916,2.3,2.3,0
87,trip,2620,2652.476521160832,z12,z11,toy-0006529,,,False,31.24113826890935,0.0,28.318251364434495,4.6,5.142956348249516,0
41,trip,2620,2641.6846079563875,z11,z31,toy-0006526,,,False,14.683977830058561,0.0,12.73236311398369,3.2526911934581184,3.2526911934581184,0
42,trip,2620,2628.8333333333335,z20,z30,toy-0006516,,,False,29.17810985442591,0.0,28.38310985442591,0.35,2.3,0
46,trip,2620,2638.309854494165,z01,z20,toy-0006519,,,False,28.573265706201123,0.0,26.925378801726268,0.35,5.142956348249516,0
59,trip,2620,2641.6846079563875,z20,z20,toy-0006522,,,False,32.12152868743904,0.0,30.169913971364167,3.2526911934581184,3.2526911934581184,0
73,trip,2620,2647.985491805692,z20,z12,toy-0006524,,,False,18.971562236526484,0.0,16.452867974014193,3.2526911934581184,5.142956348249516,0
52,trip,2620,2638.309854494165,z11,z32,toy-0006520,,,False,16.248854159144127,0.0,14.600967254669271,0.35,5.142956348249516,0
45,trip,2620,2632.0089706448603,z10,z21,toy-0006514,,,False,21.016279127217683,0.0,19.935471769180246,0.35,3.2526911934581184,0
88,trip,2620,2638.5089706448603,z10,z11,toy-0006517,,,False,41.52211309552488,0.0,39.856305737487446,2.3,3.2526911934581184,0
76,trip,2620,2638.5089706448603,z11,z32,toy-0006527,,,False,42.953028414484145,0.0,41.28722105644671,3.2526911934581184,2.3,0
16,trip,2620,2643.0,z00,z21,toy-0006518,,,False,16.583407216210244,0.0,14.513407216210243,4.6,2.3,0
55,trip,2620,2649.351274623054,z00,z32,toy-0006515,,,False,36.35270154846812,0.0,33.71108683239325,2.3,6.505382386916237,0
34,trip,2620,2651.910795394624,z02,z30,toy-0006523,,,False,24.709472116318494,0.0,21.837500530802313,7.273238618387272,2.3,0
44,visit,2620,2661.4526015080223,z31,z31,,depot_south,local,False,13.4912197088516,35.198780291148395,47.309999999999995,4.6,0,21.119268174689036
32,visit,2620,2659.286375654997,z22,z22,,depot_south,local,False,26.899988383197304,0.0,23.814214574247593,10.285912696499032,0,0
2,visit,2620,2655.6666666666665,z32,z32,,depot_south,local,False,26.98880916225177,0.0,24.22880916225177,9.2,0,0
60,visit,2620,2630.0,z00,z00,,depot_west,,True,32.90029736178441,9.444444444444446,42.13474180622885,0.7,0,5.666666666666668
54,trip,2630,2638.8333333333335,z21,z20,toy-0006536,,,False,47.024192641962756,0.0,46.229192641962754,0.35,2.3,0
7,trip,2630,2638.8333333333335,z31,z21,toy-0006541,,,False,22.949880422275996,0.0,22.154880422275994,0.35,2.3,0
11,trip,2630,2652.851274623054,z30,z12,toy-0006534,,,False,14.462168576898087,0.0,12.405553860823217,0.35,6.505382386916237,0
15,trip,2630,2648.309854494165,z31,z10,toy-0006538,,,False,36.2072546055343,0.0,34.55936770105945,0.35,5.142956348249516,0
77,trip,2630,2646.5,z22,z20,toy-0006545,,,False,22.913208530095876,0.0,21.428208530095876,0.35,4.6,0
17,trip,2630,2648.309854494165,z12,z20,toy-0006543,,,False,27.163002455914544,0.0,25.51511555143969,0.35,5.142956348249516,0
62,trip,2630,2654.1666666666665,z32,z02,toy-0006547,,,False,29.070996758900492,0.0,26.89599675890049,0.35,6.8999999999999995,0
30,trip,2630,2654.1666666666665,z31,z01,toy-0006539,,,False,30.377302496388385,0.0,28.202302496388384,0.35,6.8999999999999995,0
49,trip,2630,2653.0,z31,z12,toy-0006548,,,False,14.529607886738734,0.0,12.459607886738734,2.3,4.6,0
20,trip,2630,2646.5,z12,z32,toy-0006544,,,False,38.36888366337516,0.0,36.88388366337516,0.35,4.6,0
58,trip,2630,2648.5089706448603,z31,z21,toy-0006546,,,False,12.588783292972671,0.0,10.922975934935236,2.3,3.2526911934581184,0
64,trip,2630,2638.8333333333335,z21,z11,toy-0006537,,,False,9.155021280584293,0.0,8.360021280584293,0.35,2.3,0
10,trip,2630,2648.309854494165,z00,z21,toy-0006530,,,False,23.56025649903899,0.0,21.912369594564133,0.35,5.142956348249516,0
42,trip,2630,2648.5089706448603,z30,z22,toy-0006542,,,False,28.383109854425935,0.0,26.7173024963885,2.3,3.2526911934581184,0
3,trip,2630,2648.5089706448603,z20,z21,toy-0006533,,,False,28.840082002352176,0.0,27.17427464431474,2.3,3.2526911934581184,0
27,trip,2630,2656.175637311527,z20,z11,toy-0006540,,,False,28.874382042825825,0.0,26.51857468478839,3.2526911934581184,4.6,0
29,trip,2630,2646.5,z20,z22,toy-0006531,,,False,27.297767326750925,0.0,25.812767326750926,0.35,4.6,0
68,trip,2630,2646.5,z01,z21,toy-0006535,,,False,22.56808389585672,0.0,21.08308389585672,0.35,4.6,0
82,trip,2630,2645.3333333333335,z22,z22,toy-0006549,,,False,30.388251364434886,0.0,29.008251364434887,2.3,2.3,0
1,trip,2630,2654.809854494165,z10,z32,toy-0006532,,,False,33.26192641962579,0.0,31.029039515150934,2.3,5.142956348249516,0
4,trip,2630,2653.0,z11,z32,toy-0006566,,,False,25.13507504865229,0.0,23.06507504865229,4.6,2.3,0
61,trip,2630,2642.0089706448603,z11,z00,toy-0006553,,,False,19.24568778031377,0.0,18.164880422276333,0.35,3.2526911934581184,0
86,trip,2630,2648.5089706448603,z11,z12,toy-0006561,,,False,18.24894777829914,0.0,16.583140420261703,2.3,3.2526911934581184,0
28,trip,2630,2654.809854494165,z12,z21,toy-0006564,,,False,35.385996758900895,0.0,33.15310985442604,5.142956348249516,2.3,0
84,trip,2630,2654.809854494165,z12,z10,toy-0006567,,,False,10.48991397136382,0.0,8.257027066888964,2.3,5.142956348249516,0
63,trip,2630,2638.8333333333335,z10,z11,toy-0006550,,,False,25.315256499038817,0.0,24.520256499038815,0.35,2.3,0
89,trip,2630,2653.0,z12,z31,toy-0006573,,,False,29.814025173384533,0.0,27.744025173384532,4.6,2.3,0
70,trip,2630,2651.6846079563875,z10,z10,toy-0006556,,,False,47.30999999999997,0.0,45.358385283925095,3.2526911934581184,3.2526911934581184,0
79,trip,2630,2657.985491805692,z10,z20,toy-0006563,,,False,32.21597313188277,0.0,29.69727886937048,5.142956348249516,3.2526911934581184,0
81,trip,2630,2657.985491805692,z10,z00,toy-0006555,,,False,26.74819069100111,0.0,24.22949642848882,3.2526911934581184,5.142956348249516,0
22,trip,2630,2660.6666666666665,z00,z00,toy-0006552,,,False,22.122044302617393,0.0,19.36204430261739,4.6,4.6,0
0,trip,2630,2654.809854494165,z02,z31,toy-0006559,,,False,25.97582929032234,0.0,23.742942385847485,5.142956348249516,2.3,0
21,trip,2630,2653.0,z02,z21,toy-0006569,,,False,34.71130573748803,0.0,32.64130573748803,4.6,2.3,0
23,trip,2630,2662.476521160832,z02,z30,toy-0006568,,,False,45.02302841448411,0.0,42.10014151000925,4.6,5.142956348249516,0
26,trip,2630,2662.476521160832,z00,z01,toy-0006558,,,False,29.554798982334237,0.0,26.631912077859383,5.142956348249516,4.6,0
31,trip,2630,2664.286375654997,z02,z02,toy-0006560,,,False,24.234449141001203,0.0,21.148675332051493,5.142956348249516,5.142956348249516,0
74,trip,2630,2660.6666666666665,z02,z02,toy-0006570,,,False,46.619999999999635,0.0,43.85999999999964,4.6,4.6,0
60,trip,2630,2654.809854494165,z00,z22,toy-0006562,,,False,42.134741806228625,0.0,39.90185490175377,5.142956348249516,2.3,0
51,visit,2630,2675.524485431662,z10,z10,,depot_west,local,False,6.704746502785906,41.985253497214096,47.31,4.6,0,25.19115209832846
25,visit,2630,2650.3333333333335,z01,z01,,depot_west,local,False,24.59776732675065,0.0,23.21776732675065,4.6,0,0
85,visit,2630,2678.7000587739412,z11,z11,,depot_west,,False,7.283389328781354,41.69241802925608,47.024192641962564,6.505382386916237,0,25.015450817553653
36,trip,2640,2658.309854494165,z20,z12,toy-0006576,,,False,47.30999999999989,0.0,45.66211309552504,0.35,5.142956348249516,0
8,trip,2640,2648.8333333333335,z31,z30,toy-0006580,,,False,26.630222949950824,0.0,25.835222949950825,0.35,2.3,0
18,trip,2640,2652.0089706448603,z22,z11,toy-0006584,,,False,17.80941559191369,0.0,16.728608233876255,0.35,3.2526911934581184,0
5,trip,2640,2655.3333333333335,z21,z32,toy-0006583,,,False,12.87702706688893,0.0,11.49702706688893,2.3,2.3,0
63,trip,2640,2648.8333333333335,z11,z01,toy-0006577,,,False,24.520256499038844,0.0,23.725256499038842,0.35,2.3,0
64,trip,2640,2648.8333333333335,z11,z12,toy-0006578,,,False,8.36002128058432,0.0,7.56502128058432,0.35,2.3,0
9,trip,2640,2658.5089706448603,z32,z31,toy-0006585,,,False,29.798541135700887,0.0,28.13273377766345,2.3,3.2526911934581184,0
46,trip,2640,2652.0089706448603,z20,z31,toy-0006575,,,False,26.925378801726282,0.0,25.844571443688846,0.35,3.2526911934581184,0
12,trip,2640,2671.910795394624,z21,z02,toy-0006582,,,False,35.32280950938942,0.0,32.45083792387324,2.3,7.273238618387272,0
14,trip,2640,2658.309854494165,z32,z20,toy-0006586,,,False,31.335189400863573,0.0,29.687302496388718,0.35,5.142956348249516,0
19,trip,2640,2663.0,z21,z11,toy-0006581,,,False,25.743608233876053,0.0,23.673608233876053,2.3,4.6,0
65,trip,2640,2658.309854494165,z10,z31,toy-0006574,,,False,28.445297361784505,0.0,26.79741045730965,0.35,5.142956348249516,0
40,trip,2640,2671.910795394624,z32,z00,toy-0006579,,,False,25.549415591913725,0.0,22.677444006397543,2.3,7.273238618387272,0
43,trip,2640,2652.0089706448603,z32,z21,toy-0006597,,,False,36.41271943589649,0.0,35.33191207785906,0.35,3.2526911934581184,0
54,trip,2640,2664.809854494165,z20,z22,toy-0006589,,,False,46.22919264196278,0.0,43.99630573748793,2.3,5.142956348249516,0
52,trip,2640,2665.410795394624,z32,z01,toy-0006595,,,False,14.600967254669282,0.0,12.313995669153101,0.35,7.273238618387272,0
88,trip,2640,2656.5,z11,z31,toy-0006591,,,False,39.85630573748746,0.0,38.37130573748746,0.35,4.6,0
67,trip,2640,2658.309854494165,z32,z11,toy-0006596,,,False,25.87705358786794,0.0,24.229166683393085,0.35,5.142956348249516,0
45,trip,2640,2658.5089706448603,z21,z22,toy-0006593,,,False,19.93547176918026,0.0,18.269664411142823,2.3,3.2526911934581184,0
56,trip,2640,2652.0089706448603,z21,z32,toy-0006592,,,False,27.34031302344351,0.0,26.259505665406074,0.35,3.2526911934581184,0
72,trip,2640,2655.3333333333335,z32,z32,toy-0006594,,,False,40.66922619105055,0.0,39.289226191050545,2.3,2.3,0
33,trip,2640,2655.3333333333335,z01,z21,toy-0006590,,,False,20.26680467934814,0.0,18.886804679348142,2.3,2.3,0
71,trip,2640,2663.0,z10,z31,toy-0006588,,,False,24.40860823387593,0.0,22.33860823387593,4.6,2.3,0
66,trip,2640,2668.809226445224,z00,z32,toy-0006587,,,False,47.89499999999973,0.0,45.30216961992958,0.35,8.292767933567175,0
76,trip,2640,2648.8333333333335,z32,z31,toy-0006598,,,False,41.287221056446725,0.0,40.49222105644672,0.35,2.3,0
7,visit,2640,2666.6846079563875,z21,z21,,depot_south,local,False,22.154880422276023,0.0,20.20326570620115,6.505382386916237,0,0
50,visit,2640,2660.3333333333335,z20,z20,,depot_south,local,False,26.788016797681472,0.0,25.408016797681473,4.6,0,0
13,visit,2640,2666.6846079563875,z11,z11,,depot_west,local,False,30.289475661980273,0.0,28.3378609459054,6.505382386916237,0,0
37,visit,2640,2679.286375654997,z22,z22,,depot_south,local,False,32.411461589263496,0.0,29.325687780313785,10.285912696499032,0,0
10,trip,2650,2658.8333333333335,z21,z11,toy-0006601,,,False,21.912369594564147,0.0,21.117369594564146,0.35,2.3,0
73,trip,2650,2658.8333333333335,z12,z11,toy-0006607,,,False,16.45286797401419,0.0,15.65786797401419,0.35,2.3,0
55,trip,2650,2658.8333333333335,z32,z22,toy-0006611,,,False,33.71108683239326,0.0,32.91608683239326,0.35,2.3,0
41,trip,2650,2674.1666666666665,z31,z01,toy-0006603,,,False,12.732363113983688,0.0,10.557363113983687,0.35,6.8999999999999995,0
16,trip,2650,2658.8333333333335,z21,z31,toy-0006602,,,False,14.513407216210245,0.0,13.718407216210245,0.35,2.3,0
15,trip,2650,2668.5089706448603,z10,z20,toy-0006600,,,False,34.55936770105945,0.0,32.89356034302202,2.3,3.2526911934581184,0
83,trip,2650,2658.8333333333335,z12,z22,toy-0006609,,,False,46.45711309552522,0.0,45.66211309552522,0.35,2.3,0
35,trip,2650,2666.5,z02,z22,toy-0006606,,,False,46.62000000000024,0.0,45.13500000000024,0.35,4.6,0
75,trip,2650,2658.8333333333335,z02,z12,toy-0006605,,,False,45.02302841448368,0.0,44.22802841448368,0.35,2.3,0
38,trip,2650,2662.0089706448603,z10,z01,toy-0006599,,,False,24.8352564990387,0.0,23.754449141001263,0.35,3.2526911934581184,0
29,trip,2650,2679.351274623054,z22,z10,toy-0006610,,,False,25.812767326750926,0.0,23.171152610676057,2.3,6.505382386916237,0
86,trip,2650,2668.309854494165,z12,z31,toy-0006608,,,False,16.583140420261714,0.0,14.935253515786858,0.35,5.142956348249516,0
76,trip,2650,2658.8333333333335,z31,z21,toy-0006604,,,False,40.49222105644675,0.0,39.69722105644675,0.35,2.3,0
57,trip,2650,2658.8333333333335,z21,z22,toy-0006621,,,False,10.817418047828156,0.0,10.022418047828156,0.35,2.3,0
42,trip,2650,2673.0,z22,z12,toy-0006630,,,False,26.71730249638851,0.0,24.64730249638851,2.3,4.6,0
8,trip,2650,2674.1666666666665,z30,z00,toy-0006616,,,False,25.83522294995085,0.0,23.66022294995085,0.35,6.8999999999999995,0
47,trip,2650,2674.809854494165,z01,z32,toy-0006619,,,False,20.32118607047334,0.0,18.088299165998485,2.3,5.142956348249516,0
68,trip,2650,2674.809854494165,z21,z10,toy-0006622,,,False,21.08308389585672,0.0,18.850196991381864,2.3,5.142956348249516,0
77,trip,2650,2658.8333333333335,z20,z10,toy-0006613,,,False,21.428208530095876,0.0,20.633208530095878,0.35,2.3,0
80,trip,2650,2658.8333333333335,z21,z20,toy-0006620,,,False,22.726592288285804,0.0,21.931592288285806,0.35,2.3,0
48,trip,2650,2662.0089706448603,z22,z31,toy-0006627,,,False,24.177233734853242,0.0,23.096426376815806,0.35,3.2526911934581184,0
78,trip,2650,2658.8333333333335,z00,z10,toy-0006612,,,False,25.414974041430554,0.0,24.619974041430552,0.35,2.3,0
53,trip,2650,2681.910795394624,z01,z31,toy-0006625,,,False,21.149466939139458,0.0,18.277495353623276,2.3,7.273238618387272,0
82,trip,2650,2682.476521160832,z22,z32,toy-0006618,,,False,29.008251364434912,0.0,26.085364459960058,5.142956348249516,4.6,0
63,trip,2650,2674.809854494165,z01,z21,toy-0006626,,,False,23.72525649903887,0.0,21.492369594564018,5.142956348249516,2.3,0
58,visit,2650,2699.516306810249,z21,z21,,depot_south,local,False,10.922975934935248,38.0528314231022,47.02419264196257,6.505382386916237,0,22.831698853861315
61,visit,2650,2660.0,z00,z00,,depot_west,local,True,18.164880422276347,4.444444444444445,22.39932486672079,0.7,0,2.666666666666667
17,visit,2650,2670.3333333333335,z20,z20,,depot_south,local,False,25.515115551439703,0.0,24.135115551439704,4.6,0,0
3,visit,2650,2676.6846079563875,z21,z21,,depot_south,local,False,27.17427464431475,0.0,25.222659928239878,6.505382386916237,0,0
59,visit,2650,2670.3333333333335,z20,z20,,depot_south,local,False,30.169913971364164,0.0,28.789913971364165,4.6,0,0
24,visit,2650,2692.3333333333335,z01,z01,,depot_west,central,False,34.789724570500496,0.0,33.409724570500494,4.6,0,0
20,visit,2650,2685.6666666666665,z32,z32,,depot_south,local,False,36.88388366337515,0.0,34.12388366337515,9.2,0,0
64,visit,2650,2711.473095029331,z12,z12,,depot_west,,False,7.5650212805843475,41.97786562389051,46.457113095525145,10.285912696499032,0,25.186719374334306
0,trip,2660,2672.0089706448603,z31,z22,toy-0006643,,,False,23.7429423858475,0.0,22.662135027810063,0.35,3.2526911934581184,0
25,trip,2660,2684.1666666666665,z01,z31,toy-0006634,,,False,23.217767326750675,0.0,21.042767326750674,0.35,6.8999999999999995,0
34,trip,2660,2678.309854494165,z30,z11,toy-0006633,,,False,21.83750053080233,0.0,20.189613626327475,0.35,5.142956348249516,0
21,trip,2660,2672.0089706448603,z21,z32,toy-0006639,,,False,32.64130573748803,0.0,31.560498379450596,0.35,3.2526911934581184,0
62,trip,2660,2688.809226445224,z02,z30,toy-0006644,,,False,26.89599675890051,0.0,24.303166378830355,0.35,8.292767933567175,0
10,trip,2660,2676.5,z11,z31,toy-0006637,,,False,21.117369594564174,0.0,19.632369594564175,0.35,4.6,0
30,trip,2660,2685.410795394624,z01,z32,toy-0006636,,,False,28.202302496388402,0.0,25.91533091087222,0.35,7.273238618387272,0
32,trip,2660,2678.309854494165,z22,z01,toy-0006648,,,False,23.81421457424759,0.0,22.166327669772734,0.35,5.142956348249516,0
11,trip,2660,2672.0089706448603,z12,z21,toy-0006646,,,False,12.405553860823227,0.0,11.324746502785791,0.35,3.2526911934581184,0
9,trip,2660,2668.8333333333335,z31,z21,toy-0006641,,,False,28.13273377766346,0.0,27.33773377766346,0.35,2.3,0
49,trip,2660,2676.5,z12,z10,toy-0006645,,,False,12.459607886738734,0.0,10.974607886738735,0.35,4.6,0
6,trip,2660,2668.8333333333335,z20,z21,toy-0006631,,,False,47.3099999999997,0.0,46.514999999999695,0.35,2.3,0
16,trip,2660,2676.5,z31,z11,toy-0006640,,,False,13.718407216210272,0.0,12.233407216210272,0.35,4.6,0
14,trip,2660,2672.0089706448603,z20,z31,toy-0006632,,,False,29.68730249638873,0.0,28.606495138351296,0.35,3.2526911934581184,0
45,trip,2660,2676.5,z22,z20,toy-0006647,,,False,18.269664411142834,0.0,16.784664411142835,0.35,4.6,0
69,trip,2660,2672.0089706448603,z01,z12,toy-0006635,,,False,26.65000759051878,0.0,25.569200232481343,0.35,3.2526911934581184,0
46,trip,2660,2678.309854494165,z31,z12,toy-0006642,,,False,25.84457144368886,0.0,24.196684539214004,0.35,5.142956348249516,0
28,trip,2660,2668.8333333333335,z21,z31,toy-0006638,,,False,33.153109854426056,0.0,32.358109854426054,0.35,2.3,0
1,trip,2660,2678.309854494165,z32,z11,toy-0006661,,,False,31.029039515150945,0.0,29.38115261067609,0.35,5.142956348249516,0
55,trip,2660,2682.851274623054,z22,z00,toy-0006658,,,False,32.91608683239329,0.0,30.85947211631842,0.35,6.505382386916237,0
60,trip,2660,2668.8333333333335,z22,z32,toy-0006659,,,False,39.90185490175379,0.0,39.106854901753785,0.35,2.3,0
79,trip,2660,2672.0089706448603,z20,z11,toy-0006652,,,False,29.69727886937048,0.0,28.616471511333042,0.35,3.2526911934581184,0
75,trip,2660,2668.8333333333335,z12,z02,toy-0006656,,,False,44.22802841448371,0.0,43.43302841448371,0.35,2.3,0
65,trip,2660,2668.8333333333335,z31,z32,toy-0006655,,,False,26.797410457309663,0.0,26.002410457309665,0.35,2.3,0
18,trip,2660,2672.0089706448603,z11,z22,toy-0006654,,,False,16.72860823387627,0.0,15.647800875838833,0.35,3.2526911934581184,0
2,trip,2660,2668.8333333333335,z32,z31,toy-0006663,,,False,24.228809162251743,0.0,23.43380916225174,0.35,2.3,0
27,trip,2660,2683.0,z11,z32,toy-0006657,,,False,26.518574684788373,0.0,24.448574684788372,2.3,4.6,0
39,trip,2660,2682.851274623054,z10,z32,toy-0006651,,,False,36.18099675890027,0.0,34.1243820428254,0.35,6.505382386916237,0
4,trip,2660,2678.309854494165,z32,z20,toy-0006660,,,False,23.06507504865229,0.0,21.417188144177434,0.35,5.142956348249516,0
70,trip,2660,2668.8333333333335,z10,z20,toy-0006649,,,False,45.358385283925095,0.0,44.56338528392509,0.35,2.3,0
80,trip,2660,2676.5,z20,z22,toy-0006653,,,False,21.93159228828583,0.0,20.44659228828583,0.35,4.6,0
5,trip,2660,2672.0089706448603,z32,z21,toy-0006662,,,False,11.497027066888958,0.0,10.416219708851521,0.35,3.2526911934581184,0
77,trip,2660,2678.309854494165,z10,z31,toy-0006650,,,False,20.633208530095903,0.0,18.985321625621047,0.35,5.142956348249516,0
56,trip,2660,2668.8333333333335,z32,z22,toy-0006664,,,False,26.25950566540609,0.0,25.464505665406087,0.35,2.3,0
57,visit,2660,2722.998656968985,z22,z22,,depot_south,local,False,10.022418047828182,39.52046885664667,46.457113095525145,10.285912696499032,0,23.712281313988004
36,visit,2660,2699.286375654997,z12,z12,,depot_west,local,False,45.66211309552504,0.0,42.576339286575326,10.285912696499032,0,0
84,visit,2660,2701.5931170932,z10,z10,,depot_west,,False,8.257027066888973,40.432972933111024,47.309999999999995,4.6,0,24.259783759866615
61,visit,2660,2670.0,z00,z00,,depot_west,,True,22.399324866720566,9.444444444444446,31.63376931116501,0.7,0,5.666666666666668
81,visit,2660,2670.0,z00,z00,,depot_west,,True,24.229496428488815,9.444444444444446,33.46394087293326,0.7,0,5.666666666666668
35,trip,2670,2682.0089706448603,z22,z11,toy-0006676,,,False,45.13500000000023,0.0,44.0541926419628,0.35,3.2526911934581184,0
31,trip,2670,2682.0089706448603,z02,z11,toy-0006674,,,False,21.148675332051493,0.0,20.067867974014057,0.35,3.2526911934581184,0
13,trip,2670,2699.351274623054,z11,z30,toy-0006675,,,False,28.3378609459054,0.0,25.696246229830532,2.3,6.505382386916237,0
26,trip,2670,2682.0089706448603,z01,z10,toy-0006667,,,False,26.63191207785937,0.0,25.551104719821932,0.35,3.2526911934581184,0
6,trip,2670,2682.0089706448603,z21,z10,toy-0006671,,,False,46.51499999999972,0.0,45.43419264196229,0.35,3.2526911934581184,0
7,trip,2670,2682.0089706448603,z21,z12,toy-0006672,,,False,20.20326570620115,0.0,19.122458348163715,0.35,3.2526911934581184,0
78,trip,2670,2682.0089706448603,z10,z21,toy-0006666,,,False,24.61997404143058,0.0,23.539166683393145,0.35,3.2526911934581184,0
38,trip,2670,2688.309854494165,z01,z22,toy-0006668,,,False,23.754449141001277,0.0,22.106562236526422,0.35,5.142956348249516,0
22,trip,2670,2695.410795394624,z00,z31,toy-0006665,,,False,19.362044302617367,0.0,17.075072717101186,0.35,7.273238618387272,0
54,trip,2670,2682.0089706448603,z22,z31,toy-0006677,,,False,43.996305737487944,0.0,42.91549837945051,0.35,3.2526911934581184,0
19,trip,2670,2678.8333333333335,z11,z10,toy-0006669,,,False,23.673608233876053,0.0,22.87860823387605,0.35,2.3,0
67,trip,2670,2678.8333333333335,z11,z21,toy-0006670,,,False,24.2291666833931,0.0,23.4341666833931,0.35,2.3,0
2,trip,2670,2682.0089706448603,z31,z22,toy-0006673,,,False,23.43380916225177,0.0,22.353001804214333,0.35,3.2526911934581184,0
73,trip,2670,2688.309854494165,z11,z32,toy-0006680,,,False,15.657867974014216,0.0,14.00998106953936,0.35,5.142956348249516,0
9,trip,2670,2682.0089706448603,z21,z32,toy-0006684,,,False,27.337733777663487,0.0,26.25692641962605,0.35,3.2526911934581184,0
28,trip,2670,2678.8333333333335,z31,z32,toy-0006687,,,False,32.35810985442608,0.0,31.56310985442608,0.35,2.3,0
33,trip,2670,2678.8333333333335,z21,z22,toy-0006683,,,False,18.886804679348167,0.0,18.091804679348165,0.35,2.3,0
43,trip,2670,2678.8333333333335,z21,z31,toy-0006682,,,False,35.331912077859066,0.0,34.536912077859064,0.35,2.3,0
44,trip,2670,2682.0089706448603,z31,z20,toy-0006685,,,False,47.309999999999704,0.0,46.22919264196227,0.35,3.2526911934581184,0
56,trip,2670,2694.809854494165,z22,z31,toy-0006688,,,False,25.464505665406115,0.0,23.231618760931262,2.3,5.142956348249516,0
76,trip,2670,2686.5,z21,z01,toy-0006681,,,False,39.69722105644678,0.0,38.21222105644678,0.35,4.6,0
48,trip,2670,2678.8333333333335,z31,z21,toy-0006686,,,False,23.09642637681582,0.0,22.30142637681582,0.35,2.3,0
50,trip,2670,2688.309854494165,z20,z01,toy-0006678,,,False,25.408016797681498,0.0,23.760129893206642,0.35,5.142956348249516,0
87,trip,2670,2688.309854494165,z11,z30,toy-0006679,,,False,28.318251364434477,0.0,26.67036445995962,0.35,5.142956348249516,0
71,visit,2670,2690.3333333333335,z31,z31,,depot_south,local,False,22.33860823387593,0.0,20.958608233875932,4.6,0,0
15,visit,2670,2690.3333333333335,z20,z20,,depot_south,local,False,32.89356034302203,0.0,31.513560343022032,4.6,0,0
23,visit,2670,2680.0,z30,z30,,depot_south,local,True,42.100141510009244,4.444444444444445,46.334585954453686,0.7,0,2.666666666666667
52,visit,2670,2709.1589359318414,z01,z01,,depot_west,,False,12.313995669153115,36.37600433084688,47.309999999999995,4.6,0,21.82560259850813
86,visit,2670,2707.5861812238613,z31,z31,,depot_south,,False,14.935253515786869,33.75474648421313,47.309999999999995,4.6,0,20.252847890527878
61,visit,2670,2680.0,z00,z00,,depot_west,,True,31.633769311164787,9.444444444444446,40.86821375560923,0.7,0,5.666666666666668
81,visit,2670,2680.0,z00,z00,,depot_west,,True,33.46394087293303,9.444444444444446,42.69838531737748,0.7,0,5.666666666666668
28,trip,2680,2692.0089706448603,z32,z21,toy-0006707,,,False,31.563109854426106,0.0,30.48230249638867,0.35,3.2526911934581184,0
23,trip,2680,2688.8333333333335,z30,z31,toy-0006693,,,False,46.33458595445346,0.0,45.53958595445346,0.35,2.3,0
47,trip,2680,2688.8333333333335,z32,z31,toy-0006708,,,False,18.088299165998492,0.0,17.29329916599849,0.35,2.3,0
10,trip,2680,2698.309854494165,z31,z10,toy-0006700,,,False,19.632369594564175,0.0,17.98448269008932,0.35,5.142956348249516,0
14,trip,2680,2704.1666666666665,z31,z01,toy-0006702,,,False,28.60649513835131,0.0,26.43149513835131,0.35,6.8999999999999995,0
1,trip,2680,2696.5,z11,z31,toy-0006696,,,False,29.381152610676104,0.0,27.896152610676104,0.35,4.6,0
3,trip,2680,2688.8333333333335,z21,z11,toy-0006698,,,False,25.222659928239878,0.0,24.427659928239876,0.35,2.3,0
17,trip,2680,2692.0089706448603,z20,z31,toy-0006692,,,False,24.13511555143973,0.0,23.054308193402292,0.35,3.2526911934581184,0
32,trip,2680,2696.5,z01,z21,toy-0006695,,,False,22.16632766977275,0.0,20.68132766977275,0.35,4.6,0
41,trip,2680,2688.8333333333335,z01,z11,toy-0006694,,,False,10.557363113983701,0.0,9.762363113983701,0.35,2.3,0
43,trip,2680,2705.410795394624,z31,z00,toy-0006699,,,False,34.53691207785909,0.0,32.24994049234291,0.35,7.273238618387272,0
0,trip,2680,2688.8333333333335,z22,z32,toy-0006706,,,False,22.662135027810077,0.0,21.86713502781008,0.35,2.3,0
18,trip,2680,2688.8333333333335,z22,z21,toy-0006705,,,False,15.647800875838845,0.0,14.852800875838845,0.35,2.3,0
19,trip,2680,2698.309854494165,z10,z22,toy-0006691,,,False,22.87860823387608,0.0,21.230721329401224,0.35,5.142956348249516,0
33,trip,2680,2698.309854494165,z22,z10,toy-0006704,,,False,18.091804679348193,0.0,16.443917774873338,0.35,5.142956348249516,0
29,trip,2680,2696.5,z10,z12,toy-0006690,,,False,23.171152610676067,0.0,21.686152610676068,0.35,4.6,0
88,trip,2680,2688.8333333333335,z31,z30,toy-0006701,,,False,38.371305737487454,0.0,37.57630573748745,0.35,2.3,0
16,trip,2680,2692.0089706448603,z11,z02,toy-0006697,,,False,12.233407216210272,0.0,11.152599858172836,0.35,3.2526911934581184,0
49,trip,2680,2696.5,z10,z30,toy-0006689,,,False,10.974607886738735,0.0,9.489607886738735,0.35,4.6,0
89,trip,2680,2696.5,z31,z11,toy-0006703,,,False,27.744025173384532,0.0,26.259025173384533,0.35,4.6,0
59,trip,2680,2688.8333333333335,z20,z21,toy-0006711,,,False,28.78991397136419,0.0,27.99491397136419,0.35,2.3,0
5,trip,2680,2688.8333333333335,z21,z31,toy-0006715,,,False,10.416219708851534,0.0,9.621219708851534,0.35,2.3,0
8,trip,2680,2702.851274623054,z00,z22,toy-0006710,,,False,23.660222949950867,0.0,21.603608233875995,0.35,6.505382386916237,0
11,trip,2680,2688.8333333333335,z21,z20,toy-0006713,,,False,11.324746502785803,0.0,10.529746502785803,0.35,2.3,0
48,trip,2680,2692.0089706448603,z21,z30,toy-0006714,,,False,22.301426376815847,0.0,21.22061901877841,0.35,3.2526911934581184,0
60,trip,2680,2696.5,z32,z30,toy-0006723,,,False,39.10685490175381,0.0,37.621854901753814,0.35,4.6,0
65,trip,2680,2695.3333333333335,z32,z21,toy-0006716,,,False,26.00241045730969,0.0,24.62241045730969,2.3,2.3,0
66,trip,2680,2708.809226445224,z32,z00,toy-0006721,,,False,45.30216961992958,0.0,42.709339239859425,0.35,8.292767933567175,0
72,trip,2680,2704.1666666666665,z32,z02,toy-0006725,,,False,39.289226191050574,0.0,37.11422619105058,0.35,6.8999999999999995,0
37,trip,2680,2709.351274623054,z22,z10,toy-0006722,,,False,29.325687780313782,0.0,26.684073064238913,2.3,6.505382386916237,0
40,trip,2680,2704.1666666666665,z00,z30,toy-0006709,,,False,22.677444006397558,0.0,20.502444006397557,0.35,6.8999999999999995,0
80,trip,2680,2703.0,z22,z12,toy-0006726,,,False,20.44659228828583,0.0,18.37659228828583,2.3,4.6,0
70,trip,2680,2701.6846079563875,z20,z22,toy-0006718,,,False,44.56338528392512,0.0,42.61177056785025,3.2526911934581184,3.2526911934581184,0
83,trip,2680,2692.0089706448603,z22,z31,toy-0006720,,,False,45.66211309552525,0.0,44.58130573748782,0.35,3.2526911934581184,0
42,trip,2680,2719.577462061291,z12,z01,toy-0006724,,,False,24.64730249638851,0.0,21.085330910872326,4.6,7.273238618387272,0
79,trip,2680,2712.476521160832,z11,z12,toy-0006717,,,False,28.616471511333057,0.0,25.693584606858202,4.6,5.142956348249516,0
85,trip,2680,2703.0,z11,z32,toy-0006719,,,False,47.02419264196274,0.0,44.95419264196274,4.6,2.3,0
51,trip,2680,2704.809854494165,z10,z32,toy-0006712,,,False,47.31000000000016,0.0,45.077113095525306,2.3,5.142956348249516,0
46,trip,2680,2703.0,z12,z22,toy-0006727,,,False,24.19668453921402,0.0,22.12668453921402,4.6,2.3,0
45,visit,2680,2722.3333333333335,z20,z20,,depot_south,central,False,16.784664411142835,0.0,15.404664411142836,4.6,0,0
77,visit,2680,2700.3333333333335,z31,z31,,depot_south,local,False,18.98532162562106,0.0,17.605321625621063,4.6,0,0
34,visit,2680,2706.6846079563875,z11,z11,,depot_west,local,False,20.18961362632749,0.0,18.237998910252617,6.505382386916237,0,0
4,visit,2680,2700.3333333333335,z20,z20,,depot_south,local,False,21.417188144177448,0.0,20.03718814417745,4.6,0,0
63,visit,2680,2706.6846079563875,z21,z21,,depot_south,local,False,21.49236959456403,0.0,19.540754878489157,6.505382386916237,0,0
67,visit,2680,2706.6846079563875,z21,z21,,depot_south,local,False,23.434166683393126,0.0,21.482551967318255,6.505382386916237,0,0
21,visit,2680,2715.6666666666665,z32,z32,,depot_south,local,False,31.560498379450607,0.0,28.80049837945061,9.2,0,0
61,trip,2690,2706.5,z00,z20,toy-0006728,,,False,40.868213755609005,0.0,39.383213755609006,0.35,4.6,0
0,trip,2690,2698.8333333333335,z32,z31,toy-0006740,,,False,21.867135027810104,0.0,21.072135027810106,0.35,2.3,0
3,trip,2690,2702.0089706448603,z11,z20,toy-0006732,,,False,24.427659928239905,0.0,23.34685257020247,0.35,3.2526911934581184,0
2,trip,2690,2708.309854494165,z22,z30,toy-0006737,,,False,22.353001804214347,0.0,20.705114899739492,0.35,5.142956348249516,0
23,trip,2690,2715.410795394624,z31,z02,toy-0006734,,,False,45.539585954453486,0.0,43.2526143689373,0.35,7.273238618387272,0
7,trip,2690,2698.8333333333335,z12,z22,toy-0006736,,,False,19.12245834816373,0.0,18.32745834816373,0.35,2.3,0
62,trip,2690,2702.0089706448603,z30,z21,toy-0006729,,,False,24.303166378830362,0.0,23.222359020792926,0.35,3.2526911934581184,0
50,trip,2690,2714.1666666666665,z01,z31,toy-0006731,,,False,23.760129893206656,0.0,21.585129893206656,0.35,6.8999999999999995,0
9,trip,2690,2708.309854494165,z32,z20,toy-0006738,,,False,26.256926419626065,0.0,24.60903951515121,0.35,5.142956348249516,0
76,trip,2690,2715.410795394624,z01,z30,toy-0006730,,,False,38.21222105644677,0.0,35.92524947093059,0.35,7.273238618387272,0
35,trip,2690,2698.8333333333335,z11,z12,toy-0006733,,,False,44.05419264196281,0.0,43.259192641962805,0.35,2.3,0
69,trip,2690,2708.309854494165,z12,z20,toy-0006735,,,False,25.569200232481357,0.0,23.9213133280065,0.35,5.142956348249516,0
20,trip,2690,2708.309854494165,z32,z11,toy-0006739,,,False,34.12388366337513,0.0,32.47599675890028,0.35,5.142956348249516,0
44,trip,2690,2706.5,z20,z22,toy-0006745,,,False,46.22919264196228,0.0,44.74419264196228,0.35,4.6,0
81,trip,2690,2708.309854494165,z00,z21,toy-0006741,,,False,42.698385317377245,0.0,41.05049841290239,0.35,5.142956348249516,0
6,trip,2690,2714.809854494165,z10,z12,toy-0006744,,,False,45.4341926419623,0.0,43.201305737487445,2.3,5.142956348249516,0
18,trip,2690,2705.3333333333335,z21,z12,toy-0006756,,,False,14.852800875838872,0.0,13.472800875838871,2.3,2.3,0
5,trip,2690,2706.5,z31,z11,toy-0006751,,,False,9.62121970885156,0.0,8.136219708851561,0.35,4.6,0
59,trip,2690,2702.0089706448603,z21,z32,toy-0006749,,,False,27.994913971364216,0.0,26.91410661332678,0.35,3.2526911934581184,0
27,trip,2690,2702.0089706448603,z32,z21,toy-0006757,,,False,24.448574684788372,0.0,23.367767326750936,0.35,3.2526911934581184,0
12,trip,2690,2705.3333333333335,z02,z00,toy-0006746,,,False,32.45083792387326,0.0,31.07083792387326,2.3,2.3,0
25,trip,2690,2714.809854494165,z31,z00,toy-0006748,,,False,21.042767326750692,0.0,18.80988042227584,2.3,5.142956348249516,0
39,trip,2690,2708.5089706448603,z32,z31,toy-0006755,,,False,34.12438204282541,0.0,32.458574684787976,2.3,3.2526911934581184,0
74,trip,2690,2714.1666666666665,z02,z32,toy-0006753,,,False,43.85999999999961,0.0,41.68499999999961,0.35,6.8999999999999995,0
26,trip,2690,2708.309854494165,z10,z31,toy-0006743,,,False,25.551104719821947,0.0,23.90321781534709,0.35,5.142956348249516,0
41,trip,2690,2702.0089706448603,z11,z22,toy-0006747,,,False,9.762363113983728,0.0,8.681555755946292,0.35,3.2526911934581184,0
47,trip,2690,2698.8333333333335,z31,z32,toy-0006752,,,False,17.29329916599852,0.0,16.498299165998517,0.35,2.3,0
68,trip,2690,2698.8333333333335,z10,z11,toy-0006742,,,False,18.850196991381875,0.0,18.055196991381877,0.35,2.3,0
53,trip,2690,2702.0089706448603,z31,z20,toy-0006750,,,False,18.27749535362329,0.0,17.196687995585854,0.35,3.2526911934581184,0
73,trip,2690,2713.0,z32,z20,toy-0006754,,,False,14.009981069539371,0.0,11.939981069539371,2.3,4.6,0
11,visit,2690,2733.229485431662,z20,z20,,depot_south,local,False,10.52974650278583,38.16025349721417,47.309999999999995,4.6,0,22.896152098328503
31,visit,2690,2716.6846079563875,z11,z11,,depot_west,local,False,20.06786797401407,0.0,18.1162532579392,6.505382386916237,0,0
38,visit,2690,2738.369215912775,z22,z22,,depot_west,local,False,22.106562236526436,0.0,18.203332804376693,13.010764773832474,0,0
78,visit,2690,2729.286375654997,z21,z21,,depot_west,local,False,23.53916668339316,0.0,20.45339287444345,10.285912696499032,0,0
30,visit,2690,2750.2851195571143,z32,z32,,depot_west,local,False,25.91533091087224,0.0,20.939670150731935,16.58553586713435,0,0
55,visit,2690,2700.0,z00,z00,,depot_west,local,True,30.859472116318425,4.444444444444445,35.09391656076287,0.7,0,2.666666666666667
54,visit,2690,2765.488257455915,z31,z31,,depot_west,central,False,42.91549837945052,0.0,38.55155520841816,14.546477236774544,0,0
35,trip,2700,2718.309854494165,z12,z31,toy-0006772,,,False,43.259192641962834,0.0,41.61130573748798,0.35,5.142956348249516,0
7,trip,2700,2708.8333333333335,z22,z21,toy-0006774,,,False,18.327458348163756,0.0,17.532458348163757,0.35,2.3,0
47,trip,2700,2708.8333333333335,z32,z31,toy-0006776,,,False,16.498299165998546,0.0,15.703299165998546,0.35,2.3,0
32,trip,2700,2708.8333333333335,z21,z22,toy-0006768,,,False,20.68132766977275,0.0,19.886327669772747,0.35,2.3,0
33,trip,2700,2722.851274623054,z10,z32,toy-0006759,,,False,16.443917774873352,0.0,14.387303058798482,0.35,6.505382386916237,0
58,trip,2700,2708.8333333333335,z21,z31,toy-0006767,,,False,47.024192641962586,0.0,46.229192641962584,0.35,2.3,0
15,trip,2700,2712.0089706448603,z20,z31,toy-0006761,,,False,31.51356034302206,0.0,30.432752984984624,0.35,3.2526911934581184,0
68,trip,2700,2718.309854494165,z11,z32,toy-0006766,,,False,18.0551969913819,0.0,16.407310086907046,0.35,5.142956348249516,0
24,trip,2700,2708.8333333333335,z01,z02,toy-0006763,,,False,33.40972457050053,0.0,32.61472457050053,0.35,2.3,0
55,trip,2700,2728.809226445224,z00,z32,toy-0006758,,,False,35.09391656076264,0.0,32.50108618069249,0.35,8.292767933567175,0
89,trip,2700,2708.8333333333335,z11,z21,toy-0006764,,,False,26.259025173384533,0.0,25.464025173384535,0.35,2.3,0
36,trip,2700,2712.0089706448603,z12,z21,toy-0006771,,,False,42.57633928657532,0.0,41.495531928537886,0.35,3.2526911934581184,0
16,trip,2700,2723.0,z02,z32,toy-0006773,,,False,11.152599858172849,0.0,9.082599858172848,2.3,4.6,0
0,trip,2700,2708.8333333333335,z31,z21,toy-0006769,,,False,21.07213502781013,0.0,20.277135027810132,0.35,2.3,0
1,trip,2700,2712.0089706448603,z31,z22,toy-0006770,,,False,27.896152610676104,0.0,26.815345252638668,0.35,3.2526911934581184,0
13,trip,2700,2715.3333333333335,z30,z30,toy-0006760,,,False,25.696246229830543,0.0,24.316246229830544,2.3,2.3,0
75,trip,2700,2724.809854494165,z02,z20,toy-0006762,,,False,43.433028414483736,0.0,41.20014151000888,2.3,5.142956348249516,0
19,trip,2700,2708.8333333333335,z22,z32,toy-0006775,,,False,21.230721329401238,0.0,20.43572132940124,0.35,2.3,0
65,trip,2700,2723.0,z21,z31,toy-0006765,,,False,24.622410457309716,0.0,22.552410457309715,2.3,4.6,0
82,trip,2700,2740.1431878274984,z32,z21,toy-0006783,,,False,26.085364459960044,0.0,22.472477555485188,6.8999999999999995,5.142956348249516,0
17,trip,2700,2721.6846079563875,z31,z11,toy-0006786,,,False,23.054308193402306,0.0,21.102693477327435,3.2526911934581184,3.2526911934581184,0
48,trip,2700,2740.1431878274984,z30,z12,toy-0006778,,,False,21.220619018778425,0.0,17.60773211430357,6.8999999999999995,5.142956348249516,0
56,trip,2700,2715.3333333333335,z31,z22,toy-0006787,,,False,23.23161876093127,0.0,21.85161876093127,2.3,2.3,0
71,trip,2700,2747.2441287279576,z31,z32,toy-0006780,,,False,20.958608233875957,0.0,16.706636648359776,6.8999999999999995,7.273238618387272,0
49,trip,2700,2716.5,z30,z32,toy-0006779,,,False,9.489607886738735,0.0,8.004607886738736,0.35,4.6,0
83,trip,2700,2718.5089706448603,z31,z12,toy-0006782,,,False,44.581305737487824,0.0,42.91549837945039,2.3,3.2526911934581184,0
88,trip,2700,2724.809854494165,z30,z01,toy-0006781,,,False,37.57630573748748,0.0,35.34341883301263,5.142956348249516,2.3,0
22,visit,2700,2720.3333333333335,z31,z31,,depot_south,local,False,17.075072717101204,0.0,15.695072717101205,4.6,0,0
10,visit,2700,2720.3333333333335,z10,z10,,depot_west,local,False,17.984482690089333,0.0,16.604482690089334,4.6,0,0
29,visit,2700,2739.286375654997,z12,z12,,depot_west,local,False,21.686152610676068,0.0,18.600378801726357,10.285912696499032,0,0
87,visit,2700,2710.0,z30,z30,,depot_south,local,True,26.670364459959636,4.444444444444445,30.904808904404078,0.7,0,2.666666666666667
28,visit,2700,2726.6846079563875,z21,z21,,depot_south,local,False,30.482302496388684,0.0,28.530687780313812,6.505382386916237,0,0
3,trip,2710,2728.309854494165,z20,z32,toy-0006789,,,False,23.346852570202483,0.0,21.698965665727627,0.35,5.142956348249516,0
26,trip,2710,2728.309854494165,z31,z12,toy-0006794,,,False,23.903217815347105,0.0,22.25533091087225,0.35,5.142956348249516,0
39,trip,2710,2718.8333333333335,z31,z32,toy-0006795,,,False,32.45857468478799,0.0,31.66357468478799,0.35,2.3,0
47,trip,2710,2728.309854494165,z31,z10,toy-0006793,,,False,15.703299165998573,0.0,14.055412261523717,0.35,5.142956348249516,0
7,trip,2710,2722.0089706448603,z21,z32,toy-0006792,,,False,17.532458348163782,0.0,16.451650990126346,0.35,3.2526911934581184,0
4,trip,2710,2722.0089706448603,z20,z11,toy-0006788,,,False,20.037188144177474,0.0,18.956380786140038,0.35,3.2526911934581184,0
27,trip,2710,2718.8333333333335,z21,z11,toy-0006791,,,False,23.36776732675095,0.0,22.57276732675095,0.35,2.3,0
2,trip,2710,2728.309854494165,z30,z22,toy-0006790,,,False,20.705114899739506,0.0,19.05722799526465,0.35,5.142956348249516,0
58,trip,2710,2718.8333333333335,z31,z30,toy-0006805,,,False,46.22919264196261,0.0,45.43419264196261,0.35,2.3,0
62,trip,2710,2718.8333333333335,z21,z20,toy-0006801,,,False,23.22235902079294,0.0,22.42735902079294,0.35,2.3,0
19,trip,2710,2718.8333333333335,z32,z31,toy-0006816,,,False,20.435721329401265,0.0,19.640721329401266,0.35,2.3,0
12,trip,2710,2722.0089706448603,z00,z11,toy-0006796,,,False,31.070837923873285,0.0,29.99003056583585,0.35,3.2526911934581184,0
43,trip,2710,2735.410795394624,z00,z31,toy-0006797,,,False,32.24994049234292,0.0,29.96296890682674,0.35,7.273238618387272,0
8,trip,2710,2728.309854494165,z22,z01,toy-0006812,,,False,21.60360823387601,0.0,19.955721329401154,0.35,5.142956348249516,0
37,trip,2710,2722.0089706448603,z10,z21,toy-0006798,,,False,26.684073064238923,0.0,25.603265706201487,0.35,3.2526911934581184,0
77,trip,2710,2726.5,z31,z11,toy-0006807,,,False,17.605321625621087,0.0,16.120321625621088,0.35,4.6,0
86,trip,2710,2722.0089706448603,z31,z22,toy-0006809,,,False,47.30999999999997,0.0,46.229192641962534,0.35,3.2526911934581184,0
51,trip,2710,2725.3333333333335,z32,z21,toy-0006808,,,False,45.07711309552532,0.0,43.69711309552532,2.3,2.3,0
59,trip,2710,2722.0089706448603,z32,z21,toy-0006815,,,False,26.914106613326794,0.0,25.833299255289358,0.35,3.2526911934581184,0
24,trip,2710,2728.309854494165,z02,z10,toy-0006810,,,False,32.614724570500556,0.0,30.9668376660257,0.35,5.142956348249516,0
63,trip,2710,2740.6666666666665,z21,z01,toy-0006806,,,False,19.540754878489157,0.0,16.780754878489155,2.3,6.8999999999999995,0
67,trip,2710,2718.8333333333335,z21,z31,toy-0006802,,,False,21.482551967318255,0.0,20.687551967318257,0.35,2.3,0
85,trip,2710,2728.309854494165,z32,z11,toy-0006814,,,False,44.95419264196274,0.0,43.30630573748789,0.35,5.142956348249516,0
87,trip,2710,2735.410795394624,z30,z01,toy-0006799,,,False,30.904808904403854,0.0,28.617837318887673,0.35,7.273238618387272,0
81,trip,2710,2728.5089706448603,z21,z20,toy-0006804,,,False,41.05049841290239,0.0,39.38469105486496,2.3,3.2526911934581184,0
89,trip,2710,2722.0089706448603,z21,z10,toy-0006800,,,False,25.46402517338456,0.0,24.383217815347123,0.35,3.2526911934581184,0
80,trip,2710,2722.0089706448603,z12,z01,toy-0006811,,,False,18.37659228828583,0.0,17.295784930248395,0.35,3.2526911934581184,0
9,trip,2710,2734.809854494165,z20,z02,toy-0006803,,,False,24.609039515151224,0.0,22.37615261067637,2.3,5.142956348249516,0
32,trip,2710,2722.0089706448603,z22,z31,toy-0006813,,,False,19.886327669772776,0.0,18.80552031173534,0.35,3.2526911934581184,0
18,visit,2710,2770.9284272721784,z12,z12,,depot_west,local,False,13.4728008758389,36.070086028635956,46.457113095525145,10.285912696499032,0,21.642051617181572
0,visit,2710,2736.6846079563875,z21,z21,,depot_south,local,False,20.277135027810157,0.0,18.325520311735286,6.505382386916237,0,0
40,visit,2710,2720.0,z30,z30,,depot_south,local,True,20.502444006397575,4.444444444444445,24.736888450842017,0.7,0,2.666666666666667
46,visit,2710,2749.286375654997,z22,z22,,depot_south,local,False,22.12668453921402,0.0,19.040910730264308,10.285912696499032,0,0
69,visit,2710,2752.3333333333335,z20,z20,,depot_south,central,False,23.921313328006516,0.0,22.541313328006517,4.6,0,0
60,visit,2710,2720.0,z30,z30,,depot_south,local,True,37.62185490175381,4.444444444444445,41.85629934619825,0.7,0,2.666666666666667
5,visit,2710,2758.188360545899,z11,z11,,depot_west,,False,8.136219708851561,40.83958764918587,47.024192641962564,6.505382386916237,0,24.503752589511524
41,visit,2710,2770.803174344114,z22,z22,,depot_south,,False,8.681555755946304,40.86133114852855,46.457113095525145,10.285912696499032,0,24.51679868911713
53,trip,2720,2728.8333333333335,z20,z21,toy-0006817,,,False,17.19668799558587,0.0,16.401687995585867,0.35,2.3,0
21,trip,2720,2738.309854494165,z32,z20,toy-0006823,,,False,28.80049837945058,0.0,27.152611474975725,0.35,5.142956348249516,0
1,trip,2720,2728.8333333333335,z22,z32,toy-0006822,,,False,26.815345252638682,0.0,26.020345252638684,0.35,2.3,0
44,trip,2720,2736.5,z22,z02,toy-0006821,,,False,44.74419264196227,0.0,43.25919264196227,0.35,4.6,0
15,trip,2720,2728.8333333333335,z31,z32,toy-0006820,,,False,30.43275298498464,0.0,29.637752984984637,0.35,2.3,0
20,trip,2720,2736.5,z11,z31,toy-0006819,,,False,32.47599675890028,0.0,30.99099675890028,0.35,4.6,0
13,trip,2720,2728.8333333333335,z30,z31,toy-0006818,,,False,24.31624622983057,0.0,23.521246229830567,0.35,2.3,0
27,trip,2720,2738.309854494165,z11,z32,toy-0006831,,,False,22.572767326750977,0.0,20.92488042227612,0.35,5.142956348249516,0
84,trip,2720,2728.8333333333335,z10,z00,toy-0006824,,,False,47.309999999999704,0.0,46.5149999999997,0.35,2.3,0
36,trip,2720,2728.8333333333335,z21,z22,toy-0006832,,,False,41.49553192853789,0.0,40.70053192853789,0.35,2.3,0
14,trip,2720,2738.309854494165,z01,z22,toy-0006829,,,False,26.431495138351327,0.0,24.78360823387647,0.35,5.142956348249516,0
39,trip,2720,2728.8333333333335,z32,z22,toy-0006838,,,False,31.663574684788014,0.0,30.868574684788015,0.35,2.3,0
49,trip,2720,2728.8333333333335,z32,z31,toy-0006836,,,False,8.004607886738736,0.0,7.209607886738736,0.35,2.3,0
31,trip,2720,2732.0089706448603,z11,z00,toy-0006830,,,False,18.1162532579392,0.0,17.035445899901763,0.35,3.2526911934581184,0
42,trip,2720,2744.1666666666665,z01,z31,toy-0006828,,,False,21.085330910872315,0.0,18.910330910872315,0.35,6.8999999999999995,0
74,trip,2720,2742.851274623054,z32,z10,toy-0006835,,,False,41.68499999999962,0.0,39.62838528392475,0.35,6.505382386916237,0
25,trip,2720,2744.809854494165,z00,z31,toy-0006825,,,False,18.809880422275846,0.0,16.576993517800993,2.3,5.142956348249516,0
61,trip,2720,2728.8333333333335,z20,z10,toy-0006826,,,False,39.383213755609,0.0,38.588213755609,0.35,2.3,0
56,trip,2720,2728.8333333333335,z22,z21,toy-0006834,,,False,21.851618760931295,0.0,21.056618760931293,0.35,2.3,0
19,trip,2720,2743.0,z31,z12,toy-0006837,,,False,19.64072132940129,0.0,17.57072132940129,2.3,4.6,0
35,trip,2720,2745.410795394624,z31,z00,toy-0006833,,,False,41.61130573748798,0.0,39.3243341519718,0.35,7.273238618387272,0
62,trip,2720,2732.0089706448603,z20,z31,toy-0006827,,,False,22.427359020792967,0.0,21.34655166275553,0.35,3.2526911934581184,0
68,visit,2720,2755.6666666666665,z32,z32,,depot_south,local,False,16.40731008690706,0.0,13.64731008690706,9.2,0,0
79,visit,2720,2759.286375654997,z12,z12,,depot_west,local,False,25.693584606858185,0.0,22.607810797908474,10.285912696499032,0,0
73,visit,2720,2759.3833446916096,z20,z20,,depot_south,,False,11.939981069539371,36.75001893046063,47.309999999999995,4.6,0,22.050011358276375
40,visit,2720,2730.0,z30,z30,,depot_south,,True,24.736888450841793,9.444444444444446,33.97133289528624,0.7,0,5.666666666666668
6,trip,2730,2748.309854494165,z12,z31,toy-0006847,,,False,43.20130573748746,0.0,41.55341883301261,0.35,5.142956348249516,0
2,trip,2730,2746.5,z22,z20,toy-0006849,,,False,19.057227995264665,0.0,17.572227995264665,0.35,4.6,0
8,trip,2730,2746.5,z01,z21,toy-0006839,,,False,19.955721329401168,0.0,18.47072132940117,0.35,4.6,0
1,trip,2730,2755.410795394624,z32,z01,toy-0006851,,,False,26.02034525263871,0.0,23.733373667122528,0.35,7.273238618387272,0
28,trip,2730,2738.8333333333335,z21,z31,toy-0006843,,,False,28.530687780313812,0.0,27.73568778031381,0.35,2.3,0
37,trip,2730,2746.5,z21,z01,toy-0006842,,,False,25.6032657062015,0.0,24.118265706201502,0.35,4.6,0
13,trip,2730,2742.0089706448603,z31,z22,toy-0006846,,,False,23.521246229830595,0.0,22.44043887179316,0.35,3.2526911934581184,0
22,trip,2730,2738.8333333333335,z31,z21,toy-0006845,,,False,15.69507271710123,0.0,14.90007271710123,0.35,2.3,0
4,trip,2730,2742.0089706448603,z11,z22,toy-0006841,,,False,18.956380786140052,0.0,17.875573428102616,0.35,3.2526911934581184,0
36,trip,2730,2748.309854494165,z22,z10,toy-0006848,,,False,40.70053192853792,0.0,39.05264502406307,0.35,5.142956348249516,0
17,trip,2730,2738.8333333333335,z11,z21,toy-0006840,,,False,21.10269347732743,0.0,20.307693477327433,0.35,2.3,0
51,trip,2730,2742.0089706448603,z21,z32,toy-0006844,,,False,43.697113095525346,0.0,42.61630573748791,0.35,3.2526911934581184,0
57,trip,2730,2742.0089706448603,z22,z31,toy-0006850,,,False,46.45711309552533,0.0,45.3763057374879,0.35,3.2526911934581184,0
32,trip,2730,2738.8333333333335,z31,z32,toy-0006859,,,False,18.805520311735354,0.0,18.010520311735355,0.35,2.3,0
50,trip,2730,2746.5,z31,z11,toy-0006858,,,False,21.585129893206673,0.0,20.100129893206674,0.35,4.6,0
10,trip,2730,2748.309854494165,z10,z22,toy-0006853,,,False,16.60448269008936,0.0,14.956595785614503,0.35,5.142956348249516,0
3,trip,2730,2746.5,z32,z30,toy-0006862,,,False,21.69896566572764,0.0,20.213965665727642,0.35,4.6,0
24,trip,2730,2738.8333333333335,z10,z20,toy-0006852,,,False,30.96683766602571,0.0,30.17183766602571,0.35,2.3,0
23,trip,2730,2752.851274623054,z02,z20,toy-0006860,,,False,43.252614368937316,0.0,41.19599965286245,0.35,6.505382386916237,0
40,trip,2730,2746.5,z30,z10,toy-0006856,,,False,33.97133289528601,0.0,32.48633289528601,0.35,4.6,0
34,trip,2730,2738.8333333333335,z11,z10,toy-0006857,,,False,18.237998910252617,0.0,17.44299891025262,0.35,2.3,0
26,trip,2730,2746.5,z12,z32,toy-0006861,,,False,22.255330910872264,0.0,20.770330910872264,0.35,4.6,0
7,trip,2730,2742.0089706448603,z32,z21,toy-0006863,,,False,16.45165099012636,0.0,15.370843632088924,0.35,3.2526911934581184,0
45,trip,2730,2746.5,z20,z00,toy-0006854,,,False,15.404664411142862,0.0,13.919664411142863,0.35,4.6,0
81,trip,2730,2746.5,z20,z22,toy-0006855,,,False,39.38469105486497,0.0,37.899691054864974,0.35,4.6,0
49,visit,2730,2775.22156860129,z31,z31,,depot_south,local,False,7.209607886738763,41.48039211326124,47.31,4.6,0,24.888235267956745
47,visit,2730,2771.114085976419,z10,z10,,depot_west,local,False,14.055412261523728,34.63458773847627,47.309999999999995,4.6,0,20.780752643085762
12,visit,2730,2756.6846079563875,z11,z11,,depot_west,local,False,29.990030565835863,0.0,28.03841584976099,6.505382386916237,0,0
39,visit,2730,2769.286375654997,z22,z22,,depot_south,local,False,30.86857468478804,0.0,27.78280087583833,10.285912696499032,0,0
75,visit,2730,2750.3333333333335,z20,z20,,depot_south,local,False,41.2001415100089,0.0,39.820141510008895,4.6,0,0
16,visit,2730,2786.845106751763,z32,z32,,depot_south,,False,9.082599858172848,40.29740014182715,46.62,9.2,0,24.17844008509629
33,visit,2730,2783.6622848313878,z32,z32,,depot_south,,False,14.387303058798492,34.99269694120151,46.620000000000005,9.2,0,20.995618164720906
77,trip,2740,2756.5,z11,z31,toy-0006867,,,False,16.120321625621088,0.0,14.635321625621089,0.35,4.6,0
20,trip,2740,2758.309854494165,z31,z12,toy-0006871,,,False,30.990996758900277,0.0,29.34310985442542,0.35,5.142956348249516,0
28,trip,2740,2752.0089706448603,z31,z20,toy-0006870,,,False,27.73568778031384,0.0,26.654880422276403,0.35,3.2526911934581184,0
0,trip,2740,2748.8333333333335,z21,z31,toy-0006869,,,False,18.325520311735286,0.0,17.530520311735287,0.35,2.3,0
85,trip,2740,2752.0089706448603,z11,z20,toy-0006866,,,False,43.30630573748789,0.0,42.22549837945046,0.35,3.2526911934581184,0
58,trip,2740,2758.309854494165,z30,z11,toy-0006865,,,False,45.43419264196264,0.0,43.78630573748779,0.35,5.142956348249516,0
14,trip,2740,2752.0089706448603,z22,z11,toy-0006878,,,False,24.783608233876485,0.0,23.70280087583905,0.35,3.2526911934581184,0
9,trip,2740,2756.5,z02,z00,toy-0006872,,,False,22.376152610676378,0.0,20.89115261067638,0.35,4.6,0
17,trip,2740,2748.8333333333335,z21,z11,toy-0006868,,,False,20.307693477327458,0.0,19.51269347732746,0.35,2.3,0
29,trip,2740,2748.8333333333335,z12,z22,toy-0006876,,,False,18.600378801726354,0.0,17.805378801726356,0.35,2.3,0
38,trip,2740,2748.8333333333335,z22,z32,toy-0006879,,,False,18.20333280437669,0.0,17.40833280437669,0.35,2.3,0
11,trip,2740,2758.309854494165,z20,z32,toy-0006864,,,False,47.30999999999995,0.0,45.6621130955251,0.35,5.142956348249516,0
70,trip,2740,2762.851274623054,z22,z00,toy-0006877,,,False,42.61177056785025,0.0,40.55515585177538,0.35,6.505382386916237,0
64,trip,2740,2752.0089706448603,z12,z21,toy-0006875,,,False,46.45711309552495,0.0,45.37630573748752,0.35,3.2526911934581184,0
44,trip,2740,2756.5,z02,z22,toy-0006873,,,False,43.259192641962265,0.0,41.774192641962266,0.35,4.6,0
83,trip,2740,2758.309854494165,z12,z00,toy-0006874,,,False,42.915498379450405,0.0,41.26761147497555,0.35,5.142956348249516,0
15,trip,2740,2748.8333333333335,z32,z31,toy-0006880,,,False,29.637752984984665,0.0,28.842752984984664,0.35,2.3,0
86,trip,2740,2752.0089706448603,z22,z31,toy-0006890,,,False,46.22919264196254,0.0,45.14838528392511,0.35,3.2526911934581184,0
60,trip,2740,2748.8333333333335,z30,z20,toy-0006883,,,False,41.85629934619802,0.0,41.06129934619802,0.35,2.3,0
62,trip,2740,2758.309854494165,z31,z10,toy-0006887,,,False,21.346551662755544,0.0,19.69866475828069,0.35,5.142956348249516,0
34,trip,2740,2762.851274623054,z10,z32,toy-0006881,,,False,17.442998910252644,0.0,15.386384194177774,0.35,6.505382386916237,0
76,trip,2740,2762.851274623054,z30,z12,toy-0006884,,,False,35.9252494709306,0.0,33.868634754855734,0.35,6.505382386916237,0
22,trip,2740,2748.8333333333335,z21,z22,toy-0006886,,,False,14.900072717101256,0.0,14.105072717101256,0.35,2.3,0
32,trip,2740,2755.3333333333335,z32,z12,toy-0006891,,,False,18.01052031173538,0.0,16.63052031173538,2.3,2.3,0
55,trip,2740,2748.8333333333335,z32,z22,toy-0006895,,,False,32.50108618069249,0.0,31.706086180692488,0.35,2.3,0
21,trip,2740,2752.0089706448603,z20,z31,toy-0006882,,,False,27.15261147497574,0.0,26.071804116938303,0.35,3.2526911934581184,0
65,trip,2740,2775.309226445224,z31,z00,toy-0006892,,,False,22.552410457309715,0.0,19.374580077239564,2.3,8.292767933567175,0
67,trip,2740,2765.410795394624,z31,z02,toy-0006889,,,False,20.68755196731828,0.0,18.4005803818021,0.35,7.273238618387272,0
53,trip,2740,2752.0089706448603,z21,z30,toy-0006885,,,False,16.401687995585895,0.0,15.32088063754846,0.35,3.2526911934581184,0
56,trip,2740,2755.3333333333335,z21,z21,toy-0006888,,,False,21.056618760931322,0.0,19.676618760931323,2.3,2.3,0
59,trip,2740,2767.985491805692,z21,z20,toy-0006893,,,False,25.833299255289372,0.0,23.31460499277708,3.2526911934581184,5.142956348249516,0
78,trip,2740,2767.985491805692,z21,z11,toy-0006894,,,False,20.453392874443445,0.0,17.934698611931154,3.2526911934581184,5.142956348249516,0
27,visit,2740,2775.6666666666665,z32,z32,,depot_south,local,False,20.924880422276136,0.0,18.164880422276134,9.2,0,0
43,visit,2740,2760.3333333333335,z31,z31,,depot_south,local,False,29.962968906826756,0.0,28.582968906826757,4.6,0,0
31,visit,2740,2750.0,z00,z00,,depot_west,,True,17.035445899901777,9.444444444444446,26.269890344346223,0.7,0,5.666666666666668
0,trip,2750,2762.0089706448603,z31,z22,toy-0006902,,,False,17.530520311735312,0.0,16.449712953697876,0.35,3.2526911934581184,0
37,trip,2750,2775.410795394624,z01,z32,toy-0006897,,,False,24.118265706201502,0.0,21.83129412068532,0.35,7.273238618387272,0
6,trip,2750,2758.8333333333335,z31,z32,toy-0006903,,,False,41.55341883301261,0.0,40.758418833012605,0.35,2.3,0
7,trip,2750,2762.0089706448603,z21,z12,toy-0006899,,,False,15.370843632088937,0.0,14.2900362740515,0.35,3.2526911934581184,0
8,trip,2750,2758.8333333333335,z21,z20,toy-0006898,,,False,18.47072132940117,0.0,17.67572132940117,0.35,2.3,0
3,trip,2750,2762.0089706448603,z30,z21,toy-0006896,,,False,20.213965665727642,0.0,19.133158307690206,0.35,3.2526911934581184,0
82,trip,2750,2762.0089706448603,z21,z32,toy-0006900,,,False,22.47247755548519,0.0,21.391670197447755,0.35,3.2526911934581184,0
4,trip,2750,2758.8333333333335,z22,z21,toy-0006904,,,False,17.87557342810263,0.0,17.080573428102632,0.35,2.3,0
26,trip,2750,2758.8333333333335,z32,z31,toy-0006905,,,False,20.770330910872264,0.0,19.975330910872266,0.35,2.3,0
15,trip,2750,2774.1666666666665,z31,z01,toy-0006901,,,False,28.842752984984692,0.0,26.66775298498469,0.35,6.8999999999999995,0
38,trip,2750,2762.0089706448603,z32,z21,toy-0006914,,,False,17.408332804376716,0.0,16.32752544633928,0.35,3.2526911934581184,0
48,trip,2750,2768.309854494165,z12,z31,toy-0006913,,,False,17.607732114303573,0.0,15.959845209828718,0.35,5.142956348249516,0
17,trip,2750,2768.309854494165,z11,z32,toy-0006910,,,False,19.512693477327485,0.0,17.86480657285263,0.35,5.142956348249516,0
2,trip,2750,2758.8333333333335,z20,z21,toy-0006908,,,False,17.572227995264665,0.0,16.777227995264667,0.35,2.3,0
24,trip,2750,2768.309854494165,z20,z01,toy-0006906,,,False,30.171837666025738,0.0,28.523950761550882,0.35,5.142956348249516,0
10,trip,2750,2765.3333333333335,z22,z31,toy-0006911,,,False,14.956595785614514,0.0,13.576595785614515,2.3,2.3,0
60,trip,2750,2762.0089706448603,z20,z11,toy-0006907,,,False,41.06129934619805,0.0,39.980491988160615,0.35,3.2526911934581184,0
13,trip,2750,2773.0,z22,z10,toy-0006912,,,False,22.440438871793173,0.0,20.370438871793173,2.3,4.6,0
50,trip,2750,2758.8333333333335,z11,z12,toy-0006909,,,False,20.100129893206674,0.0,19.305129893206676,0.35,2.3,0
19,visit,2750,2789.286375654997,z12,z12,,depot_west,local,False,17.57072132940129,0.0,14.48494752045158,10.285912696499032,0,0
74,visit,2750,2770.3333333333335,z10,z10,,depot_west,local,False,39.62838528392476,0.0,38.248385283924755,4.6,0,0
45,visit,2750,2774.8445346866474,z00,z00,,depot_west,,False,13.919664411142863,34.185335588857136,47.894999999999996,0.7,0,20.51120135331428
22,visit,2750,2807.549064167421,z22,z22,,depot_south,,False,14.105072717101283,35.437814187373576,46.457113095525145,10.285912696499032,0,21.26268851242415
31,visit,2750,2760.0,z00,z00,,depot_west,,True,26.269890344346,9.444444444444446,35.504334788790445,0.7,0,5.666666666666668
53,trip,2760,2776.5,z30,z32,toy-0006917,,,False,15.320880637548472,0.0,13.835880637548472,0.35,4.6,0
21,trip,2760,2768.8333333333335,z31,z30,toy-0006923,,,False,26.071804116938317,0.0,25.276804116938315,0.35,2.3,0
5,trip,2760,2776.5,z11,z31,toy-0006921,,,False,47.02419264196227,0.0,45.53919264196227,0.35,4.6,0
20,trip,2760,2778.309854494165,z12,z20,toy-0006927,,,False,29.343109854425435,0.0,27.69522294995058,0.35,5.142956348249516,0
52,trip,2760,2784.1666666666665,z01,z31,toy-0006919,,,False,47.31000000000038,0.0,45.13500000000038,0.35,6.8999999999999995,0
63,trip,2760,2768.8333333333335,z01,z11,toy-0006918,,,False,16.78075487848917,0.0,15.98575487848917,0.35,2.3,0
29,trip,2760,2778.309854494165,z22,z30,toy-0006928,,,False,17.80537880172638,0.0,16.157491897251525,0.35,5.142956348249516,0
25,trip,2760,2768.8333333333335,z31,z21,toy-0006925,,,False,16.576993517801,0.0,15.781993517801,0.35,2.3,0
36,trip,2760,2778.309854494165,z10,z31,toy-0006916,,,False,39.05264502406307,0.0,37.404758119588216,0.35,5.142956348249516,0
26,trip,2760,2768.8333333333335,z31,z32,toy-0006926,,,False,19.97533091087229,0.0,19.180330910872293,0.35,2.3,0
42,trip,2760,2772.0089706448603,z31,z20,toy-0006922,,,False,18.910330910872332,0.0,17.829523552834896,0.35,3.2526911934581184,0
57,trip,2760,2776.5,z31,z11,toy-0006924,,,False,45.376305737487904,0.0,43.891305737487905,0.35,4.6,0
6,trip,2760,2784.1666666666665,z32,z02,toy-0006929,,,False,40.758418833012634,0.0,38.58341883301264,0.35,6.8999999999999995,0
12,trip,2760,2778.309854494165,z11,z30,toy-0006920,,,False,28.03841584976099,0.0,26.390528945286135,0.35,5.142956348249516,0
9,trip,2760,2768.8333333333335,z00,z01,toy-0006915,,,False,20.89115261067638,0.0,20.096152610676377,0.35,2.3,0
31,trip,2760,2788.809226445224,z00,z32,toy-0006932,,,False,35.50433478879022,0.0,32.91150440872006,0.35,8.292767933567175,0
11,trip,2760,2776.5,z32,z12,toy-0006945,,,False,45.6621130955251,0.0,44.1771130955251,0.35,4.6,0
23,trip,2760,2775.3333333333335,z20,z31,toy-0006936,,,False,41.195999652862454,0.0,39.81599965286245,2.3,2.3,0
2,trip,2760,2772.0089706448603,z21,z10,toy-0006939,,,False,16.777227995264692,0.0,15.696420637227256,0.35,3.2526911934581184,0
30,trip,2760,2768.8333333333335,z32,z31,toy-0006944,,,False,20.939670150731917,0.0,20.14467015073192,0.35,2.3,0
14,trip,2760,2772.0089706448603,z11,z22,toy-0006938,,,False,23.702800875839063,0.0,22.621993517801627,0.35,3.2526911934581184,0
28,trip,2760,2778.309854494165,z20,z12,toy-0006935,,,False,26.654880422276417,0.0,25.00699351780156,0.35,5.142956348249516,0
35,trip,2760,2785.410795394624,z00,z31,toy-0006930,,,False,39.32433415197181,0.0,37.03736256645563,0.35,7.273238618387272,0
44,trip,2760,2768.8333333333335,z22,z32,toy-0006943,,,False,41.77419264196226,0.0,40.97919264196226,0.35,2.3,0
58,trip,2760,2768.8333333333335,z11,z21,toy-0006937,,,False,43.78630573748779,0.0,42.991305737487785,0.35,2.3,0
66,trip,2760,2782.851274623054,z00,z22,toy-0006931,,,False,42.709339239859425,0.0,40.652724523784556,0.35,6.505382386916237,0
40,trip,2760,2772.0089706448603,z10,z21,toy-0006934,,,False,32.486332895286004,0.0,31.405525537248568,0.35,3.2526911934581184,0
61,trip,2760,2772.0089706448603,z10,z01,toy-0006933,,,False,38.588213755609026,0.0,37.50740639757159,0.35,3.2526911934581184,0
46,trip,2760,2772.0089706448603,z22,z31,toy-0006942,,,False,19.040910730264304,0.0,17.960103372226868,0.35,3.2526911934581184,0
72,trip,2760,2785.410795394624,z02,z31,toy-0006941,,,False,37.114226191050584,0.0,34.8272546055344,0.35,7.273238618387272,0
77,trip,2760,2772.0089706448603,z31,z22,toy-0006940,,,False,14.635321625621089,0.0,13.554514267583652,0.35,3.2526911934581184,0
8,visit,2760,2780.3333333333335,z20,z20,,depot_south,local,False,17.675721329401195,0.0,16.295721329401196,4.6,0,0
1,visit,2760,2802.3333333333335,z01,z01,,depot_west,central,False,23.733373667122546,0.0,22.353373667122547,4.6,0,0
68,visit,2760,2814.1062806145223,z32,z32,,depot_south,,False,13.647310086907034,35.73268991309297,46.620000000000005,9.2,0,21.439613947855783
3,trip,2770,2782.0089706448603,z21,z32,toy-0006952,,,False,19.13315830769022,0.0,18.052350949652784,0.35,3.2526911934581184,0
7,trip,2770,2778.8333333333335,z12,z11,toy-0006953,,,False,14.290036274051513,0.0,13.495036274051513,0.35,2.3,0
17,trip,2770,2778.8333333333335,z32,z22,toy-0006956,,,False,17.864806572852643,0.0,17.06980657285264,0.35,2.3,0
59,trip,2770,2788.309854494165,z20,z32,toy-0006949,,,False,23.314604992777078,0.0,21.666718088302222,0.35,5.142956348249516,0
4,trip,2770,2788.309854494165,z21,z00,toy-0006951,,,False,17.080573428102657,0.0,15.432686523627801,0.35,5.142956348249516,0
69,trip,2770,2782.0089706448603,z20,z31,toy-0006948,,,False,22.54131332800654,0.0,21.460505969969105,0.35,3.2526911934581184,0
0,trip,2770,2786.5,z22,z20,toy-0006954,,,False,16.44971295369789,0.0,14.964712953697891,0.35,4.6,0
62,trip,2770,2778.8333333333335,z10,z11,toy-0006947,,,False,19.698664758280703,0.0,18.903664758280705,0.35,2.3,0
70,trip,2770,2788.309854494165,z00,z21,toy-0006946,,,False,40.55515585177539,0.0,38.90726894730054,0.35,5.142956348249516,0
26,trip,2770,2792.851274623054,z32,z10,toy-0006955,,,False,19.180330910872318,0.0,17.123716194797446,0.35,6.505382386916237,0
9,trip,2770,2782.0089706448603,z01,z12,toy-0006950,,,False,20.096152610676405,0.0,19.01534525263897,0.35,3.2526911934581184,0
25,trip,2770,2778.8333333333335,z21,z31,toy-0006959,,,False,15.781993517801027,0.0,14.986993517801027,0.35,2.3,0
10,trip,2770,2788.309854494165,z31,z12,toy-0006962,,,False,13.576595785614542,0.0,11.928708881139688,0.35,5.142956348249516,0
38,trip,2770,2778.8333333333335,z21,z22,toy-0006960,,,False,16.327525446339294,0.0,15.532525446339294,0.35,2.3,0
67,trip,2770,2794.1666666666665,z02,z32,toy-0006964,,,False,18.40058038180212,0.0,16.225580381802118,0.35,6.8999999999999995,0
34,trip,2770,2782.0089706448603,z32,z21,toy-0006968,,,False,15.386384194177786,0.0,14.30557683614035,0.35,3.2526911934581184,0
39,trip,2770,2778.8333333333335,z22,z21,toy-0006966,,,False,27.782800875838326,0.0,26.987800875838325,0.35,2.3,0
56,trip,2770,2778.8333333333335,z21,z11,toy-0006958,,,False,19.676618760931348,0.0,18.881618760931346,0.35,2.3,0
55,trip,2770,2782.0089706448603,z22,z11,toy-0006965,,,False,31.706086180692512,0.0,30.625278822655076,0.35,3.2526911934581184,0
30,trip,2770,2778.8333333333335,z31,z21,toy-0006961,,,False,20.144670150731944,0.0,19.349670150731946,0.35,2.3,0
43,trip,2770,2778.8333333333335,z31,z32,toy-0006963,,,False,28.582968906826782,0.0,27.787968906826784,0.35,2.3,0
44,trip,2770,2788.309854494165,z32,z11,toy-0006967,,,False,40.979192641962285,0.0,39.33130573748743,0.35,5.142956348249516,0
73,trip,2770,2786.5,z20,z22,toy-0006957,,,False,47.309999999999654,0.0,45.824999999999655,0.35,4.6,0
82,visit,2770,2805.6666666666665,z32,z32,,depot_south,local,False,21.39167019744777,0.0,18.631670197447768,9.2,0,0
76,visit,2770,2809.286375654997,z12,z12,,depot_west,local,False,33.86863475485574,0.0,30.78286094590603,10.285912696499032,0,0
21,visit,2770,2780.0,z30,z30,,depot_south,,True,25.276804116938344,9.444444444444446,34.51124856138279,0.7,0,5.666666666666668
27,trip,2780,2788.8333333333335,z32,z31,toy-0006976,,,False,18.16488042227611,0.0,17.36988042227611,0.35,2.3,0
37,trip,2780,2805.410795394624,z32,z01,toy-0006975,,,False,21.83129412068534,0.0,19.544322535169158,0.35,7.273238618387272,0
11,trip,2780,2796.5,z12,z32,toy-0006972,,,False,44.177113095525094,0.0,42.692113095525094,0.35,4.6,0
43,trip,2780,2798.309854494165,z32,z20,toy-0006974,,,False,27.78796890682681,0.0,26.140082002351953,0.35,5.142956348249516,0
5,trip,2780,2805.410795394624,z31,z00,toy-0006970,,,False,45.539192641962266,0.0,43.25222105644608,0.35,7.273238618387272,0
14,trip,2780,2798.309854494165,z22,z01,toy-0006973,,,False,22.62199351780164,0.0,20.974106613326786,0.35,5.142956348249516,0
2,trip,2780,2796.5,z10,z12,toy-0006969,,,False,15.696420637227268,0.0,14.211420637227269,0.35,4.6,0
23,trip,2780,2798.309854494165,z31,z10,toy-0006971,,,False,39.81599965286248,0.0,38.16811274838763,0.35,5.142956348249516,0
17,trip,2780,2792.0089706448603,z22,z31,toy-0006981,,,False,17.06980657285267,0.0,15.988999214815234,0.35,3.2526911934581184,0
25,trip,2780,2796.5,z31,z11,toy-0006979,,,False,14.986993517801054,0.0,13.501993517801054,0.35,4.6,0
36,trip,2780,2792.0089706448603,z31,z22,toy-0006980,,,False,37.404758119588216,0.0,36.32395076155078,0.35,3.2526911934581184,0
12,trip,2780,2798.309854494165,z30,z22,toy-0006978,,,False,26.39052894528615,0.0,24.742642040811294,0.35,5.142956348249516,0
13,trip,2780,2798.309854494165,z10,z02,toy-0006977,,,False,20.370438871793173,0.0,18.722551967318317,0.35,5.142956348249516,0
62,visit,2780,2806.6846079563875,z11,z11,,depot_west,local,False,18.90366475828073,0.0,16.952050042205858,6.505382386916237,0,0
7,visit,2780,2824.973070606779,z11,z11,,depot_west,,False,13.49503627405154,35.4807710839859,47.02419264196257,6.505382386916237,0,21.288462650391537
77,visit,2780,2837.8793992371316,z22,z22,,depot_south,,False,13.554514267583665,35.98837263689119,46.457113095525145,10.285912696499032,0,21.593023582134716
53,visit,2780,2833.993138284138,z32,z32,,depot_south,,False,13.835880637548472,35.544119362451525,46.62,9.2,0,21.326471617470915
29,visit,2780,2790.0,z30,z30,,depot_south,,True,16.15749189725154,9.444444444444446,25.391936341695985,0.7,0,5.666666666666668
65,visit,2780,2790.0,z00,z00,,depot_west,,True,19.374580077239568,9.444444444444446,28.609024521684013,0.7,0,5.666666666666668
21,visit,2780,2790.0,z30,z30,,depot_south,,True,34.51124856138256,9.444444444444446,43.745693005827,0.7,0,5.666666666666668
0,trip,2790,2812.851274623054,z20,z02,toy-0006982,,,False,14.964712953697891,0.0,12.90809823762302,0.35,6.505382386916237,0
15,trip,2790,2808.309854494165,z01,z20,toy-0006983,,,False,26.66775298498471,0.0,25.019866080509853,0.35,5.142956348249516,0
38,trip,2790,2798.8333333333335,z22,z32,toy-0006989,,,False,15.53252544633932,0.0,14.73752544633932,0.35,2.3,0
44,trip,2790,2806.5,z11,z31,toy-0006984,,,False,39.33130573748743,0.0,37.846305737487434,0.35,4.6,0
30,trip,2790,2798.8333333333335,z21,z20,toy-0006986,,,False,19.34967015073197,0.0,18.554670150731972,0.35,2.3,0
55,trip,2790,2808.309854494165,z11,z32,toy-0006985,,,False,30.62527882265509,0.0,28.977391918180235,0.35,5.142956348249516,0
34,trip,2790,2806.5,z21,z01,toy-0006987,,,False,14.305576836140363,0.0,12.820576836140363,0.35,4.6,0
27,trip,2790,2802.0089706448603,z31,z20,toy-0006988,,,False,17.369880422276136,0.0,16.2890730642387,0.35,3.2526911934581184,0
39,trip,2790,2798.8333333333335,z21,z31,toy-0006997,,,False,26.987800875838353,0.0,26.19280087583835,0.35,2.3,0
35,trip,2790,2798.8333333333335,z31,z32,toy-0007001,,,False,37.03736256645564,0.0,36.24236256645564,0.35,2.3,0
8,trip,2790,2798.8333333333335,z20,z21,toy-0006992,,,False,16.29572132940122,0.0,15.500721329401221,0.35,2.3,0
10,trip,2790,2798.8333333333335,z12,z22,toy-0007004,,,False,11.928708881139697,0.0,11.133708881139697,0.35,2.3,0
56,trip,2790,2798.8333333333335,z11,z01,toy-0006996,,,False,18.881618760931374,0.0,18.086618760931373,0.35,2.3,0
57,trip,2790,2802.0089706448603,z11,z20,toy-0006995,,,False,43.8913057374879,0.0,42.810498379450465,0.35,3.2526911934581184,0
3,trip,2790,2806.5,z32,z30,toy-0007006,,,False,18.052350949652798,0.0,16.5673509496528,0.35,4.6,0
16,trip,2790,2798.8333333333335,z32,z31,toy-0007007,,,False,46.61999999999965,0.0,45.82499999999965,0.35,2.3,0
46,trip,2790,2798.8333333333335,z31,z21,toy-0007000,,,False,17.960103372226882,0.0,17.16510337222688,0.35,2.3,0
18,trip,2790,2802.0089706448603,z12,z21,toy-0007002,,,False,46.45711309552511,0.0,45.37630573748768,0.35,3.2526911934581184,0
48,trip,2790,2814.1666666666665,z31,z01,toy-0006999,,,False,15.95984520982873,0.0,13.784845209828731,0.35,6.8999999999999995,0
19,trip,2790,2808.309854494165,z12,z31,toy-0007003,,,False,14.484947520451579,0.0,12.837060615976725,0.35,5.142956348249516,0
31,trip,2790,2798.8333333333335,z32,z22,toy-0007008,,,False,32.91150440872006,0.0,32.11650440872006,0.35,2.3,0
47,trip,2790,2808.309854494165,z10,z22,toy-0006990,,,False,47.30999999999982,0.0,45.662113095524965,0.35,5.142956348249516,0
40,trip,2790,2802.0089706448603,z21,z32,toy-0006998,,,False,31.40552553724858,0.0,30.324718179211143,0.35,3.2526911934581184,0
41,trip,2790,2808.309854494165,z22,z10,toy-0007005,,,False,46.457113095524875,0.0,44.80922619105002,0.35,5.142956348249516,0
24,trip,2790,2808.309854494165,z01,z22,toy-0006994,,,False,28.523950761550896,0.0,26.87606385707604,0.35,5.142956348249516,0
74,trip,2790,2812.851274623054,z10,z32,toy-0006991,,,False,38.24838528392479,0.0,36.19177056784992,0.35,6.505382386916237,0
61,trip,2790,2806.5,z01,z21,toy-0006993,,,False,37.5074063975716,0.0,36.0224063975716,0.35,4.6,0
9,visit,2790,2829.286375654997,z12,z12,,depot_west,local,False,19.015345252638983,0.0,15.929571443689273,10.285912696499032,0,0
4,visit,2790,2800.0,z00,z00,,depot_west,,True,15.432686523627813,9.444444444444446,24.667130968072257,0.7,0,5.666666666666668
29,visit,2790,2800.0,z30,z30,,depot_south,,True,25.391936341695757,9.444444444444446,34.6263807861402,0.7,0,5.666666666666668
65,visit,2790,2800.0,z00,z00,,depot_west,,True,28.60902452168379,9.444444444444446,37.843468966128235,0.7,0,5.666666666666668
20,trip,2800,2812.0089706448603,z20,z31,toy-0007010,,,False,27.695222949950594,0.0,26.614415591913158,0.35,3.2526911934581184,0
11,trip,2800,2812.0089706448603,z32,z21,toy-0007013,,,False,42.69211309552509,0.0,41.611305737487655,0.35,3.2526911934581184,0
28,trip,2800,2822.851274623054,z12,z30,toy-0007012,,,False,25.006993517801575,0.0,22.950378801726703,0.35,6.505382386916237,0
80,trip,2800,2812.0089706448603,z01,z10,toy-0007011,,,False,17.29578493024841,0.0,16.214977572210973,0.35,3.2526911934581184,0
23,trip,2800,2818.309854494165,z10,z31,toy-0007009,,,False,38.16811274838763,0.0,36.520225843912776,0.35,5.142956348249516,0
6,trip,2800,2818.309854494165,z02,z21,toy-0007018,,,False,38.583418833012644,0.0,36.93553192853779,0.35,5.142956348249516,0
8,trip,2800,2808.8333333333335,z21,z22,toy-0007016,,,False,15.500721329401248,0.0,14.705721329401248,0.35,2.3,0
33,trip,2800,2818.309854494165,z32,z11,toy-0007022,,,False,46.61999999999977,0.0,44.97211309552492,0.35,5.142956348249516,0
10,trip,2800,2808.8333333333335,z22,z12,toy-0007021,,,False,11.133708881139723,0.0,10.338708881139723,0.35,2.3,0
12,trip,2800,2812.0089706448603,z22,z31,toy-0007020,,,False,24.742642040811308,0.0,23.661834682773872,0.35,3.2526911934581184,0
25,trip,2800,2808.8333333333335,z11,z21,toy-0007014,,,False,13.501993517801054,0.0,12.706993517801054,0.35,2.3,0
31,trip,2800,2808.8333333333335,z22,z21,toy-0007019,,,False,32.11650440872009,0.0,31.321504408720088,0.35,2.3,0
13,trip,2800,2812.0089706448603,z02,z11,toy-0007017,,,False,18.72255196731833,0.0,17.641744609280895,0.35,3.2526911934581184,0
46,trip,2800,2812.0089706448603,z21,z12,toy-0007015,,,False,17.16510337222691,0.0,16.084296014189473,0.35,3.2526911934581184,0
2,visit,2800,2860.4852554153454,z12,z12,,depot_west,local,False,14.211420637227269,35.331466267247585,46.457113095525145,10.285912696499032,0,21.19887976034855
26,visit,2800,2820.3333333333335,z10,z10,,depot_west,local,False,17.12371619479746,0.0,15.74371619479746,4.6,0,0
56,visit,2800,2820.3333333333335,z01,z01,,depot_west,local,False,18.0866187609314,0.0,16.706618760931402,4.6,0,0
14,visit,2800,2820.3333333333335,z01,z01,,depot_west,local,False,20.9741066133268,0.0,19.5941066133268,4.6,0,0
38,visit,2800,2853.452151398863,z32,z32,,depot_south,,False,14.737525446339347,34.64247455366065,46.62,9.2,0,20.785484732196387
4,visit,2800,2810.0,z00,z00,,depot_west,,True,24.667130968072033,9.444444444444446,33.90157541251648,0.7,0,5.666666666666668
29,visit,2800,2810.0,z30,z30,,depot_south,,True,34.626380786139975,9.444444444444446,43.86082523058442,0.7,0,5.666666666666668
65,visit,2800,2810.0,z00,z00,,depot_west,,True,37.84346896612801,9.444444444444446,47.07791341057246,0.7,0,5.666666666666668
18,trip,2810,2828.309854494165,z21,z02,toy-0007030,,,False,45.376305737487684,0.0,43.72841883301283,0.35,5.142956348249516,0
16,trip,2810,2818.8333333333335,z31,z32,toy-0007035,,,False,45.824999999999676,0.0,45.029999999999674,0.35,2.3,0
17,trip,2810,2828.309854494165,z31,z12,toy-0007033,,,False,15.988999214815248,0.0,14.341112310340392,0.35,5.142956348249516,0
35,trip,2810,2826.5,z32,z12,toy-0007036,,,False,36.24236256645567,0.0,34.75736256645567,0.35,4.6,0
19,trip,2810,2818.8333333333335,z31,z30,toy-0007031,,,False,12.837060615976734,0.0,12.042060615976734,0.35,2.3,0
39,trip,2810,2826.5,z31,z11,toy-0007032,,,False,26.19280087583838,0.0,24.70780087583838,0.35,4.6,0
44,trip,2810,2822.0089706448603,z31,z22,toy-0007034,,,False,37.84630573748743,0.0,36.765498379449994,0.35,3.2526911934581184,0
15,trip,2810,2828.309854494165,z20,z32,toy-0007025,,,False,25.019866080509868,0.0,23.371979176035012,0.35,5.142956348249516,0
60,trip,2810,2822.0089706448603,z11,z22,toy-0007028,,,False,39.98049198816062,0.0,38.89968463012319,0.35,3.2526911934581184,0
1,trip,2810,2834.1666666666665,z01,z31,toy-0007026,,,False,22.353373667122572,0.0,20.17837366712257,0.35,6.8999999999999995,0
27,trip,2810,2818.8333333333335,z20,z10,toy-0007023,,,False,16.289073064238714,0.0,15.494073064238714,0.35,2.3,0
25,trip,2810,2818.8333333333335,z21,z31,toy-0007029,,,False,12.70699351780108,0.0,11.911993517801081,0.35,2.3,0
30,trip,2810,2818.8333333333335,z20,z30,toy-0007024,,,False,18.554670150731997,0.0,17.759670150732,0.35,2.3,0
34,trip,2810,2835.410795394624,z01,z32,toy-0007027,,,False,12.820576836140363,0.0,10.53360525062418,0.35,7.273238618387272,0
3,trip,2810,2818.8333333333335,z30,z31,toy-0007039,,,False,16.5673509496528,0.0,15.772350949652798,0.35,2.3,0
49,trip,2810,2818.8333333333335,z31,z21,toy-0007044,,,False,47.30999999999978,0.0,46.51499999999978,0.35,2.3,0
4,trip,2810,2826.5,z00,z20,toy-0007037,,,False,33.90157541251625,0.0,32.41657541251625,0.35,4.6,0
62,trip,2810,2826.5,z11,z31,toy-0007041,,,False,16.952050042205858,0.0,15.467050042205859,0.35,4.6,0
42,trip,2810,2822.0089706448603,z20,z11,toy-0007038,,,False,17.82952355283491,0.0,16.748716194797474,0.35,3.2526911934581184,0
10,trip,2810,2825.3333333333335,z12,z01,toy-0007045,,,False,10.33870888113975,0.0,8.95870888113975,2.3,2.3,0
63,trip,2810,2822.0089706448603,z11,z02,toy-0007042,,,False,15.985754878489196,0.0,14.90494752045176,0.35,3.2526911934581184,0
31,trip,2810,2818.8333333333335,z21,z11,toy-0007043,,,False,31.321504408720113,0.0,30.526504408720115,0.35,2.3,0
40,trip,2810,2818.8333333333335,z32,z31,toy-0007046,,,False,30.324718179211157,0.0,29.52971817921116,0.35,2.3,0
78,trip,2810,2818.8333333333335,z11,z10,toy-0007040,,,False,17.93469861193115,0.0,17.139698611931152,0.35,2.3,0
5,visit,2810,2820.0,z00,z00,,depot_west,local,True,43.252221056446096,4.444444444444445,47.48666550089054,0.7,0,2.666666666666667
8,visit,2810,2867.188675000041,z22,z22,,depot_south,,False,14.705721329401275,34.83716557507358,46.457113095525145,10.285912696499032,0,20.90229934504415
6,trip,2820,2832.0089706448603,z21,z32,toy-0007048,,,False,36.93553192853779,0.0,35.85472457050036,0.35,3.2526911934581184,0
12,trip,2820,2832.0089706448603,z31,z20,toy-0007049,,,False,23.661834682773886,0.0,22.58102732473645,0.35,3.2526911934581184,0
51,trip,2820,2838.309854494165,z32,z20,toy-0007055,,,False,42.61630573748792,0.0,40.96841883301307,0.35,5.142956348249516,0
11,trip,2820,2832.0089706448603,z21,z30,toy-0007047,,,False,41.61130573748766,0.0,40.53049837945023,0.35,3.2526911934581184,0
22,trip,2820,2832.0089706448603,z22,z11,toy-0007052,,,False,46.457113095525095,0.0,45.37630573748766,0.35,3.2526911934581184,0
24,trip,2820,2828.8333333333335,z22,z32,toy-0007053,,,False,26.876063857076055,0.0,26.081063857076053,0.35,2.3,0
20,trip,2820,2845.410795394624,z31,z02,toy-0007050,,,False,26.614415591913172,0.0,24.32744400639699,0.35,7.273238618387272,0
55,trip,2820,2848.809226445224,z32,z00,toy-0007054,,,False,28.97739191818025,0.0,26.3845615381101,0.35,8.292767933567175,0
36,trip,2820,2836.5,z22,z20,toy-0007051,,,False,36.32395076155079,0.0,34.83895076155079,0.35,4.6,0
43,trip,2820,2836.5,z20,z22,toy-0007057,,,False,26.140082002351967,0.0,24.655082002351968,0.35,4.6,0
23,trip,2820,2838.309854494165,z31,z10,toy-0007059,,,False,36.520225843912776,0.0,34.872338939437924,0.35,5.142956348249516,0
59,trip,2820,2832.0089706448603,z32,z21,toy-0007060,,,False,21.666718088302236,0.0,20.5859107302648,0.35,3.2526911934581184,0
27,trip,2820,2828.8333333333335,z10,z20,toy-0007056,,,False,15.49407306423874,0.0,14.69907306423874,0.35,2.3,0
13,trip,2820,2838.309854494165,z11,z32,toy-0007058,,,False,17.64174460928091,0.0,15.993857704806054,0.35,5.142956348249516,0
67,trip,2820,2828.8333333333335,z32,z22,toy-0007061,,,False,16.225580381802136,0.0,15.430580381802136,0.35,2.3,0
25,visit,2820,2862.4001372226526,z31,z31,,depot_south,local,False,11.911993517801108,36.77800648219889,47.309999999999995,4.6,0,22.066803889319335
3,visit,2820,2840.3333333333335,z31,z31,,depot_south,local,False,15.772350949652825,0.0,14.392350949652826,4.6,0,0
16,visit,2820,2855.6666666666665,z32,z32,,depot_south,local,False,45.0299999999997,0.0,42.269999999999705,9.2,0,0
19,visit,2820,2845.971096963747,z30,z30,,depot_south,,False,12.04206061597676,36.06293938402324,47.894999999999996,0.7,0,21.637763630413943
0,visit,2820,2874.5498077240927,z02,z02,,depot_west,,False,12.908098237623031,36.47190176237697,46.620000000000005,9.2,0,21.883141057426183
48,visit,2820,2858.276426207436,z01,z01,,depot_west,,False,13.784845209828744,34.905154790171245,47.30999999999999,4.6,0,20.94309287410275
30,visit,2820,2830.0,z30,z30,,depot_south,,True,17.759670150732024,9.444444444444446,26.99411459517647,0.7,0,5.666666666666668
5,trip,2830,2838.8333333333335,z00,z10,toy-0007062,,,False,47.48666550089031,0.0,46.69166550089031,0.35,2.3,0
21,trip,2830,2842.0089706448603,z30,z21,toy-0007066,,,False,43.74569300582677,0.0,42.66488564778934,0.35,3.2526911934581184,0
9,trip,2830,2846.5,z12,z32,toy-0007069,,,False,15.929571443689271,0.0,14.444571443689272,0.35,4.6,0
47,trip,2830,2842.0089706448603,z22,z31,toy-0007070,,,False,45.662113095524965,0.0,44.58130573748753,0.35,3.2526911934581184,0
4,trip,2830,2842.0089706448603,z20,z31,toy-0007065,,,False,32.416575412516245,0.0,31.33576805447881,0.35,3.2526911934581184,0
28,trip,2830,2846.5,z30,z32,toy-0007067,,,False,22.950378801726718,0.0,21.465378801726718,0.35,4.6,0
40,trip,2830,2838.8333333333335,z31,z32,toy-0007068,,,False,29.529718179211184,0.0,28.734718179211185,0.35,2.3,0
15,trip,2830,2852.851274623054,z32,z10,toy-0007071,,,False,23.371979176035026,0.0,21.315364459960154,0.35,6.505382386916237,0
26,trip,2830,2842.0089706448603,z10,z21,toy-0007064,,,False,15.743716194797486,0.0,14.66290883676005,0.35,3.2526911934581184,0
45,trip,2830,2855.410795394624,z00,z31,toy-0007063,,,False,47.8950000000002,0.0,45.60802841448402,0.35,7.273238618387272,0
52,trip,2830,2842.0089706448603,z31,z22,toy-0007074,,,False,45.13500000000039,0.0,44.054192641962956,0.35,3.2526911934581184,0
49,trip,2830,2842.0089706448603,z21,z10,toy-0007072,,,False,46.51499999999981,0.0,45.434192641962376,0.35,3.2526911934581184,0
24,trip,2830,2838.8333333333335,z32,z31,toy-0007075,,,False,26.08106385707608,0.0,25.28606385707608,0.35,2.3,0
58,trip,2830,2838.8333333333335,z21,z31,toy-0007073,,,False,42.991305737487814,0.0,42.19630573748781,0.35,2.3,0
17,visit,2830,2890.4074404114776,z12,z12,,depot_west,local,False,14.341112310340403,35.20177459413445,46.457113095525145,10.285912696499032,0,21.121064756480667
42,visit,2830,2856.6846079563875,z11,z11,,depot_west,local,False,16.74871619479749,0.0,14.797101478722617,6.505382386916237,0,0
35,visit,2830,2869.286375654997,z12,z12,,depot_west,local,False,34.75736256645566,0.0,31.67158875750595,10.285912696499032,0,0
44,visit,2830,2869.286375654997,z22,z22,,depot_south,local,False,36.76549837945,0.0,33.67972457050029,10.285912696499032,0,0
10,visit,2830,2871.1721080046495,z01,z01,,depot_west,,False,8.958708881139778,39.73129111886022,47.309999999999995,4.6,0,23.83877467131613
27,visit,2830,2867.72788949479,z20,z20,,depot_south,,False,14.699073064238767,33.99092693576123,47.309999999999995,4.6,0,20.394556161456737
63,visit,2830,2883.3516981543958,z02,z02,,depot_west,,False,14.904947520451772,34.475052479548225,46.62,9.2,0,20.685031487728935
30,visit,2830,2840.0,z30,z30,,depot_south,,True,26.994114595176246,9.444444444444446,36.22855903962069,0.7,0,5.666666666666668
1,trip,2840,2848.8333333333335,z31,z21,toy-0007078,,,False,20.17837366712259,0.0,19.38337366712259,0.35,2.3,0
7,trip,2840,2848.8333333333335,z11,z12,toy-0007077,,,False,47.02419264196244,0.0,46.22919264196244,0.35,2.3,0
5,trip,2840,2856.5,z10,z30,toy-0007076,,,False,46.69166550089034,0.0,45.20666550089034,0.35,4.6,0
43,trip,2840,2856.5,z22,z02,toy-0007081,,,False,24.655082002351968,0.0,23.17008200235197,0.35,4.6,0
32,trip,2840,2858.309854494165,z12,z31,toy-0007080,,,False,16.630520311735406,0.0,14.98263340726055,0.35,5.142956348249516,0
18,trip,2840,2848.8333333333335,z02,z12,toy-0007079,,,False,43.72841883301283,0.0,42.93341883301283,0.35,2.3,0
59,trip,2840,2848.8333333333335,z21,z22,toy-0007085,,,False,20.585910730264814,0.0,19.790910730264812,0.35,2.3,0
65,trip,2840,2852.0089706448603,z00,z11,toy-0007082,,,False,47.07791341057222,0.0,45.99710605253479,0.35,3.2526911934581184,0
61,trip,2840,2848.8333333333335,z21,z20,toy-0007084,,,False,36.022406397571594,0.0,35.22740639757159,0.35,2.3,0
12,trip,2840,2848.8333333333335,z20,z21,toy-0007083,,,False,22.581027324736464,0.0,21.786027324736466,0.35,2.3,0
24,trip,2840,2856.5,z31,z11,toy-0007086,,,False,25.28606385707611,0.0,23.80106385707611,0.35,4.6,0
13,visit,2840,2875.6666666666665,z32,z32,,depot_south,local,False,15.993857704806066,0.0,13.233857704806066,9.2,0,0
6,visit,2840,2875.6666666666665,z32,z32,,depot_south,local,False,35.854724570500366,0.0,33.09472457050037,9.2,0,0
34,visit,2840,2895.9745035162923,z32,z32,,depot_south,,False,10.533605250624197,38.846394749375804,46.620000000000005,9.2,0,23.30783684962548
30,visit,2840,2850.0,z30,z30,,depot_south,,True,36.228559039620464,9.444444444444446,45.463003484064906,0.7,0,5.666666666666668
22,trip,2850,2866.5,z11,z31,toy-0007087,,,False,45.37630573748767,0.0,43.89130573748767,0.35,4.6,0
52,trip,2850,2858.8333333333335,z22,z21,toy-0007091,,,False,44.05419264196296,0.0,43.25919264196296,0.35,2.3,0
3,trip,2850,2874.1666666666665,z31,z01,toy-0007088,,,False,14.392350949652851,0.0,12.21735094965285,0.35,6.8999999999999995,0
59,trip,2850,2872.851274623054,z22,z00,toy-0007090,,,False,19.79091073026484,0.0,17.73429601418997,0.35,6.505382386916237,0
20,trip,2850,2875.410795394624,z02,z31,toy-0007089,,,False,24.32744400639701,0.0,22.04047242088083,0.35,7.273238618387272,0
31,trip,2850,2858.8333333333335,z11,z21,toy-0007093,,,False,30.52650440872014,0.0,29.73150440872014,0.35,2.3,0
18,trip,2850,2868.309854494165,z12,z20,toy-0007097,,,False,42.93341883301286,0.0,41.285531928538006,0.35,5.142956348249516,0
4,trip,2850,2858.8333333333335,z31,z32,toy-0007096,,,False,31.33576805447882,0.0,30.540768054478818,0.35,2.3,0
46,trip,2850,2862.0089706448603,z12,z01,toy-0007098,,,False,16.084296014189487,0.0,15.00348865615205,0.35,3.2526911934581184,0
23,trip,2850,2868.309854494165,z10,z31,toy-0007092,,,False,34.872338939437924,0.0,33.22445203496307,0.35,5.142956348249516,0
9,trip,2850,2875.410795394624,z32,z01,toy-0007099,,,False,14.444571443689272,0.0,12.15759985817309,0.35,7.273238618387272,0
47,trip,2850,2875.410795394624,z31,z00,toy-0007095,,,False,44.58130573748754,0.0,42.294334151971356,0.35,7.273238618387272,0
1,trip,2850,2862.0089706448603,z21,z32,toy-0007094,,,False,19.383373667122616,0.0,18.30256630908518,0.35,3.2526911934581184,0
28,trip,2850,2868.309854494165,z32,z11,toy-0007100,,,False,21.465378801726718,0.0,19.817491897251863,0.35,5.142956348249516,0
7,visit,2850,2889.286375654997,z12,z12,,depot_west,local,False,46.22919264196247,0.0,43.14341883301276,10.285912696499032,0,0
26,visit,2850,2894.272347069154,z21,z21,,depot_south,,False,14.662908836760062,34.312898521277376,47.024192641962564,6.505382386916237,0,20.587739112766425
55,visit,2850,2860.0,z00,z00,,depot_west,,True,26.384561538110102,9.444444444444446,35.61900598255455,0.7,0,5.666666666666668
36,trip,2860,2878.309854494165,z20,z32,toy-0007102,,,False,34.838950761550784,0.0,33.19106385707593,0.35,5.142956348249516,0
60,trip,2860,2872.0089706448603,z22,z31,toy-0007104,,,False,38.8996846301232,0.0,37.818877272085764,0.35,3.2526911934581184,0
66,trip,2860,2868.8333333333335,z22,z32,toy-0007105,,,False,40.65272452378456,0.0,39.85772452378456,0.35,2.3,0
4,trip,2860,2868.8333333333335,z32,z31,toy-0007106,,,False,30.540768054478846,0.0,29.745768054478845,0.35,2.3,0
32,trip,2860,2872.0089706448603,z31,z20,toy-0007103,,,False,14.982633407260561,0.0,13.901826049223125,0.35,3.2526911934581184,0
55,trip,2860,2888.809226445224,z00,z32,toy-0007101,,,False,35.61900598255432,0.0,33.026175602484166,0.35,8.292767933567175,0
45,trip,2860,2878.309854494165,z31,z12,toy-0007112,,,False,45.60802841448403,0.0,43.96014151000918,0.35,5.142956348249516,0
54,trip,2860,2872.0089706448603,z31,z22,toy-0007113,,,False,38.55155520841816,0.0,37.470747850380725,0.35,3.2526911934581184,0
33,trip,2860,2872.0089706448603,z11,z00,toy-0007109,,,False,44.97211309552492,0.0,43.891305737487485,0.35,3.2526911934581184,0
5,trip,2860,2878.309854494165,z30,z11,toy-0007108,,,False,45.20666550089033,0.0,43.55877859641548,0.35,5.142956348249516,0
50,trip,2860,2872.0089706448603,z12,z21,toy-0007114,,,False,19.3051298932067,0.0,18.224322535169264,0.35,3.2526911934581184,0
67,trip,2860,2878.309854494165,z22,z30,toy-0007115,,,False,15.430580381802162,0.0,13.782693477327307,0.35,5.142956348249516,0
16,trip,2860,2872.0089706448603,z32,z21,toy-0007116,,,False,42.26999999999968,0.0,41.18919264196225,0.35,3.2526911934581184,0
15,trip,2860,2882.851274623054,z10,z32,toy-0007107,,,False,21.31536445996017,0.0,19.258749743885296,0.35,6.505382386916237,0
58,trip,2860,2868.8333333333335,z31,z21,toy-0007111,,,False,42.19630573748784,0.0,41.40130573748784,0.35,2.3,0
12,trip,2860,2868.8333333333335,z21,z31,toy-0007110,,,False,21.78602732473649,0.0,20.991027324736493,0.35,2.3,0
38,trip,2860,2868.8333333333335,z32,z22,toy-0007117,,,False,46.620000000000054,0.0,45.82500000000005,0.35,2.3,0
24,visit,2860,2886.6846079563875,z11,z11,,depot_west,local,False,23.80106385707611,0.0,21.849449141001237,6.505382386916237,0,0
42,visit,2860,2904.1918314839763,z11,z11,,depot_west,,False,14.797101478722613,34.17870587931482,47.02419264196256,6.505382386916237,0,20.50722352758889
2,trip,2870,2878.8333333333335,z12,z11,toy-0007122,,,False,46.457113095525074,0.0,45.66211309552507,0.35,2.3,0
21,trip,2870,2878.8333333333335,z21,z11,toy-0007121,,,False,42.66488564778935,0.0,41.869885647789346,0.35,2.3,0
18,trip,2870,2888.309854494165,z20,z12,toy-0007118,,,False,41.285531928538006,0.0,39.637645024063154,0.35,5.142956348249516,0
11,trip,2870,2898.809226445224,z30,z02,toy-0007119,,,False,40.530498379450236,0.0,37.93766799938008,0.35,8.292767933567175,0
28,trip,2870,2882.0089706448603,z11,z22,toy-0007120,,,False,19.817491897251877,0.0,18.73668453921444,0.35,3.2526911934581184,0
14,trip,2870,2894.1666666666665,z01,z31,toy-0007126,,,False,19.594106613326826,0.0,17.419106613326825,0.35,6.8999999999999995,0
41,trip,2870,2878.8333333333335,z10,z11,toy-0007123,,,False,44.80922619105002,0.0,44.01422619105002,0.35,2.3,0
39,trip,2870,2882.0089706448603,z11,z20,toy-0007127,,,False,24.70780087583838,0.0,23.626993517800944,0.35,3.2526911934581184,0
37,trip,2870,2878.8333333333335,z01,z11,toy-0007125,,,False,19.544322535169176,0.0,18.749322535169178,0.35,2.3,0
27,trip,2870,2882.0089706448603,z20,z31,toy-0007124,,,False,47.31000000000025,0.0,46.22919264196282,0.35,3.2526911934581184,0
65,trip,2870,2888.309854494165,z11,z32,toy-0007128,,,False,45.9971060525348,0.0,44.349219148059944,0.35,5.142956348249516,0
1,trip,2870,2888.309854494165,z32,z20,toy-0007132,,,False,18.302566309085194,0.0,16.654679404610338,0.35,5.142956348249516,0
8,trip,2870,2888.309854494165,z22,z01,toy-0007131,,,False,46.457113095524825,0.0,44.80922619104997,0.35,5.142956348249516,0
35,trip,2870,2878.8333333333335,z12,z22,toy-0007130,,,False,31.671588757505944,0.0,30.876588757505942,0.35,2.3,0
43,trip,2870,2886.5,z02,z22,toy-0007129,,,False,23.17008200235197,0.0,21.68508200235197,0.35,4.6,0
4,visit,2870,2890.3333333333335,z31,z31,,depot_south,local,False,29.745768054478873,0.0,28.365768054478874,4.6,0,0
23,visit,2870,2890.3333333333335,z31,z31,,depot_south,local,False,33.22445203496307,0.0,31.844452034963073,4.6,0,0
6,trip,2880,2896.5,z32,z12,toy-0007137,,,False,33.09472457050035,0.0,31.609724570500347,0.35,4.6,0
12,trip,2880,2888.8333333333335,z31,z32,toy-0007134,,,False,20.991027324736518,0.0,20.19602732473652,0.35,2.3,0
45,trip,2880,2888.8333333333335,z12,z02,toy-0007135,,,False,43.96014151000918,0.0,43.16514151000918,0.35,2.3,0
13,trip,2880,2904.1666666666665,z32,z02,toy-0007136,,,False,13.23385770480604,0.0,11.05885770480604,0.35,6.8999999999999995,0
16,trip,2880,2896.5,z21,z01,toy-0007133,,,False,41.18919264196226,0.0,39.70419264196226,0.35,4.6,0
31,trip,2880,2898.309854494165,z21,z00,toy-0007138,,,False,29.731504408720166,0.0,28.08361750424531,0.35,5.142956348249516,0
50,trip,2880,2892.0089706448603,z21,z12,toy-0007139,,,False,18.22432253516928,0.0,17.143515177131842,0.35,3.2526911934581184,0
36,trip,2880,2888.8333333333335,z32,z31,toy-0007140,,,False,33.19106385707593,0.0,32.39606385707593,0.35,2.3,0
32,visit,2880,2921.2062377037996,z20,z20,,depot_south,local,False,13.901826049223137,34.78817395077687,47.31000000000001,4.6,0,20.87290437046612
59,visit,2880,2890.0,z00,z00,,depot_west,local,True,17.734296014189983,4.444444444444445,21.96874045863443,0.7,0,2.666666666666667
41,visit,2880,2906.6846079563875,z11,z11,,depot_west,local,False,44.01422619105005,0.0,42.06261147497518,6.505382386916237,0,0
9,visit,2880,2919.2527734184296,z01,z01,,depot_west,,False,12.157599858173105,36.5324001418269,47.31,4.6,0,21.919440085096138
3,visit,2880,2919.216922763542,z01,z01,,depot_west,,False,12.217350949652865,36.47264905034714,47.309999999999995,4.6,0,21.883589430208282
67,visit,2880,2904.9267172469367,z30,z30,,depot_south,,False,13.782693477327317,34.32230652267268,47.895,0.7,0,20.59338391360361
20,trip,2890,2906.5,z31,z11,toy-0007142,,,False,22.040472420880846,0.0,20.555472420880847,0.35,4.6,0
8,trip,2890,2906.5,z01,z21,toy-0007141,,,False,44.80922619104997,0.0,43.32422619104997,0.35,4.6,0
28,trip,2890,2908.309854494165,z22,z10,toy-0007143,,,False,18.736684539214455,0.0,17.0887976347396,0.35,5.142956348249516,0
1,trip,2890,2908.309854494165,z20,z01,toy-0007146,,,False,16.654679404610352,0.0,15.006792500135496,0.35,5.142956348249516,0
22,trip,2890,2898.8333333333335,z31,z30,toy-0007149,,,False,43.89130573748766,0.0,43.09630573748766,0.35,2.3,0
25,trip,2890,2908.309854494165,z31,z10,toy-0007148,,,False,47.31000000000038,0.0,45.66211309552553,0.35,5.142956348249516,0
33,trip,2890,2908.309854494165,z00,z21,toy-0007144,,,False,43.89130573748749,0.0,42.24341883301264,0.35,5.142956348249516,0
35,trip,2890,2898.8333333333335,z22,z12,toy-0007151,,,False,30.87658875750597,0.0,30.08158875750597,0.35,2.3,0
38,trip,2890,2902.0089706448603,z22,z11,toy-0007150,,,False,45.82500000000008,0.0,44.74419264196265,0.35,3.2526911934581184,0
49,trip,2890,2908.309854494165,z10,z22,toy-0007145,,,False,45.43419264196238,0.0,43.78630573748753,0.35,5.142956348249516,0
19,trip,2890,2898.8333333333335,z30,z20,toy-0007147,,,False,47.89500000000039,0.0,47.100000000000385,0.35,2.3,0
15,visit,2890,2925.6666666666665,z32,z32,,depot_south,local,False,19.25874974388531,0.0,16.498749743885313,9.2,0,0
36,visit,2890,2910.3333333333335,z31,z31,,depot_south,local,False,32.39606385707596,0.0,31.01606385707596,4.6,0,0
59,visit,2890,2900.0,z00,z00,,depot_west,,True,21.9687404586342,9.444444444444446,31.203184903078647,0.7,0,5.666666666666668
26,trip,2900,2912.0089706448603,z21,z32,toy-0007155,,,False,47.02419264196266,0.0,45.943385283925224,0.35,3.2526911934581184,0
12,trip,2900,2916.5,z32,z30,toy-0007158,,,False,20.196027324736544,0.0,18.711027324736545,0.35,4.6,0
43,trip,2900,2912.0089706448603,z22,z31,toy-0007157,,,False,21.68508200235197,0.0,20.604274644314533,0.35,3.2526911934581184,0
52,trip,2900,2908.8333333333335,z21,z22,toy-0007154,,,False,43.25919264196299,0.0,42.46419264196299,0.35,2.3,0
10,trip,2900,2925.410795394624,z01,z30,toy-0007152,,,False,47.3099999999999,0.0,45.02302841448372,0.35,7.273238618387272,0
44,trip,2900,2916.5,z22,z20,toy-0007156,,,False,33.679724570500284,0.0,32.194724570500284,0.35,4.6,0
2,trip,2900,2916.5,z11,z31,toy-0007153,,,False,45.6621130955251,0.0,44.1771130955251,0.35,4.6,0
22,trip,2900,2908.8333333333335,z30,z31,toy-0007161,,,False,43.09630573748769,0.0,42.30130573748769,0.35,2.3,0
54,trip,2900,2908.8333333333335,z22,z21,toy-0007167,,,False,37.47074785038073,0.0,36.67574785038073,0.35,2.3,0
31,trip,2900,2922.851274623054,z00,z22,toy-0007159,,,False,28.083617504245325,0.0,26.027002788170453,0.35,6.505382386916237,0
0,trip,2900,2924.1666666666665,z02,z32,toy-0007165,,,False,46.62000000000001,0.0,44.445000000000014,0.35,6.8999999999999995,0
19,trip,2900,2916.5,z20,z22,toy-0007160,,,False,47.10000000000041,0.0,45.615000000000414,0.35,4.6,0
58,trip,2900,2908.8333333333335,z21,z31,toy-0007162,,,False,41.40130573748787,0.0,40.606305737487865,0.35,2.3,0
4,trip,2900,2908.8333333333335,z31,z21,toy-0007163,,,False,28.3657680544789,0.0,27.570768054478897,0.35,2.3,0
14,trip,2900,2912.0089706448603,z31,z22,toy-0007164,,,False,17.419106613326843,0.0,16.338299255289407,0.35,3.2526911934581184,0
6,trip,2900,2918.309854494165,z12,z31,toy-0007166,,,False,31.60972457050034,0.0,29.961837666025485,0.35,5.142956348249516,0
59,visit,2900,2910.0,z00,z00,,depot_west,,True,31.20318490307842,9.444444444444446,40.437629347522865,0.7,0,5.666666666666668
29,trip,2910,2928.309854494165,z30,z22,toy-0007168,,,False,43.86082523058419,0.0,42.21293832610934,0.35,5.142956348249516,0
49,trip,2910,2918.8333333333335,z22,z32,toy-0007171,,,False,43.78630573748753,0.0,42.99130573748753,0.35,2.3,0
1,trip,2910,2928.309854494165,z01,z22,toy-0007169,,,False,15.006792500135507,0.0,13.358905595660651,0.35,5.142956348249516,0
16,trip,2910,2935.410795394624,z01,z32,toy-0007170,,,False,39.70419264196225,0.0,37.41722105644607,0.35,7.273238618387272,0
39,trip,2910,2926.5,z20,z00,toy-0007172,,,False,23.62699351780096,0.0,22.14199351780096,0.35,4.6,0
34,trip,2910,2922.0089706448603,z32,z21,toy-0007173,,,False,46.61999999999975,0.0,45.539192641962316,0.35,3.2526911934581184,0
28,visit,2910,2952.3333333333335,z10,z10,,depot_west,central,False,17.088797634739613,0.0,15.708797634739614,4.6,0,0
20,visit,2910,2936.6846079563875,z11,z11,,depot_west,local,False,20.555472420880847,0.0,18.603857704805975,6.505382386916237,0,0
33,visit,2910,2936.6846079563875,z21,z21,,depot_south,local,False,42.24341883301264,0.0,40.29180411693777,6.505382386916237,0,0
13,visit,2910,2965.659352043783,z02,z02,,depot_west,,False,11.058857704806053,38.32114229519395,46.620000000000005,9.2,0,22.992685377116374
5,trip,2920,2938.309854494165,z11,z30,toy-0007174,,,False,43.55877859641548,0.0,41.91089169194063,0.35,5.142956348249516,0
2,trip,2920,2928.8333333333335,z31,z32,toy-0007176,,,False,44.177113095525094,0.0,43.38211309552509,0.35,2.3,0
7,trip,2920,2936.5,z12,z10,toy-0007177,,,False,43.14341883301275,0.0,41.65841883301275,0.35,4.6,0
6,trip,2920,2932.0089706448603,z31,z20,toy-0007175,,,False,29.9618376660255,0.0,28.881030307988063,0.35,3.2526911934581184,0
17,trip,2920,2936.5,z12,z32,toy-0007178,,,False,46.45711309552535,0.0,44.97211309552535,0.35,4.6,0
4,trip,2920,2928.8333333333335,z21,z20,toy-0007180,,,False,27.570768054478926,0.0,26.775768054478924,0.35,2.3,0
26,trip,2920,2928.8333333333335,z32,z31,toy-0007182,,,False,45.94338528392523,0.0,45.14838528392523,0.35,2.3,0
40,trip,2920,2928.8333333333335,z32,z22,toy-0007183,,,False,28.73471817921121,0.0,27.939718179211212,0.35,2.3,0
49,trip,2920,2938.309854494165,z32,z11,toy-0007181,,,False,42.99130573748756,0.0,41.343418833012706,0.35,5.142956348249516,0
47,trip,2920,2938.309854494165,z00,z12,toy-0007179,,,False,42.29433415197137,0.0,40.64644724749652,0.35,5.142956348249516,0
12,visit,2920,2949.3333333333335,z30,z30,,depot_south,central,False,18.711027324736545,0.0,18.501027324736544,0.7,0,0
4,trip,2930,2942.0089706448603,z20,z11,toy-0007184,,,False,26.775768054478952,0.0,25.694960696441516,0.35,3.2526911934581184,0
0,trip,2930,2952.851274623054,z32,z10,toy-0007186,,,False,44.44500000000002,0.0,42.38838528392515,0.35,6.505382386916237,0
32,trip,2930,2938.8333333333335,z20,z21,toy-0007185,,,False,47.31000000000005,0.0,46.51500000000005,0.35,2.3,0
31,visit,2930,2991.286375654997,z22,z22,,depot_south,central,False,26.027002788170467,0.0,22.941228979220757,10.285912696499032,0,0
1,visit,2930,2987.9967644402855,z22,z22,,depot_south,,False,13.358905595660662,36.1839813088142,46.457113095525145,10.285912696499032,0,21.71038878528852
39,visit,2930,2940.0,z00,z00,,depot_west,,True,22.14199351780096,9.444444444444446,31.376437962245404,0.7,0,5.666666666666668
6,trip,2940,2958.309854494165,z20,z32,toy-0007187,,,False,28.881030307988077,0.0,27.23314340351322,0.35,5.142956348249516,0
5,trip,2940,2964.1666666666665,z30,z00,toy-0007188,,,False,41.91089169194063,0.0,39.73589169194063,0.35,6.8999999999999995,0
20,trip,2940,2948.8333333333335,z11,z21,toy-0007189,,,False,18.603857704805975,0.0,17.808857704805973,0.35,2.3,0
44,trip,2940,2952.0089706448603,z20,z31,toy-0007191,,,False,32.19472457050028,0.0,31.11391721246284,0.35,3.2526911934581184,0
7,trip,2940,2958.309854494165,z10,z31,toy-0007190,,,False,41.658418833012746,0.0,40.010531928537894,0.35,5.142956348249516,0
39,visit,2940,2950.0,z00,z00,,depot_west,,True,31.37643796224518,9.444444444444446,40.610882406689626,0.7,0,5.666666666666668
22,trip,2950,2968.309854494165,z31,z12,toy-0007192,,,False,42.301305737487716,0.0,40.653418833012864,0.35,5.142956348249516,0
23,trip,2950,2974.1666666666665,z31,z01,toy-0007196,,,False,31.8444520349631,0.0,29.6694520349631,0.35,6.8999999999999995,0
14,trip,2950,2962.0089706448603,z22,z31,toy-0007197,,,False,16.33829925528942,0.0,15.257491897251985,0.35,3.2526911934581184,0
8,trip,2950,2958.8333333333335,z21,z31,toy-0007195,,,False,43.324226191049966,0.0,42.529226191049965,0.35,2.3,0
25,trip,2950,2962.0089706448603,z10,z21,toy-0007194,,,False,45.66211309552553,0.0,44.581305737488094,0.35,3.2526911934581184,0
39,trip,2950,2975.410795394624,z00,z31,toy-0007193,,,False,40.6108824066894,0.0,38.323910821173214,0.35,7.273238618387272,0
12,visit,2950,2960.0,z30,z30,,depot_south,,True,18.501027324736572,9.444444444444446,27.735471769181018,0.7,0,5.666666666666668
7,trip,2960,2968.8333333333335,z31,z21,toy-0007198,,,False,40.010531928537894,0.0,39.21553192853789,0.35,2.3,0
8,trip,2960,2976.5,z31,z11,toy-0007199,,,False,42.52922619104999,0.0,41.044226191049994,0.35,4.6,0
26,trip,2960,2972.0089706448603,z31,z22,toy-0007200,,,False,45.14838528392526,0.0,44.067577925887825,0.35,3.2526911934581184,0
27,trip,2960,2968.8333333333335,z31,z32,toy-0007201,,,False,46.229192641962825,0.0,45.434192641962824,0.35,2.3,0
12,visit,2960,2970.0,z30,z30,,depot_south,,True,27.735471769180794,9.444444444444446,36.96991621362524,0.7,0,5.666666666666668
7,trip,2970,2982.0089706448603,z21,z10,toy-0007204,,,False,39.21553192853792,0.0,38.13472457050049,0.35,3.2526911934581184,0
20,trip,2970,2982.0089706448603,z21,z32,toy-0007205,,,False,17.808857704806,0.0,16.728050346768566,0.35,3.2526911934581184,0
14,trip,2970,2995.410795394624,z31,z02,toy-0007206,,,False,15.257491897251997,0.0,12.970520311735815,0.35,7.273238618387272,0
4,trip,2970,2978.8333333333335,z11,z01,toy-0007202,,,False,25.69496069644153,0.0,24.899960696441532,0.35,2.3,0
21,trip,2970,2988.309854494165,z11,z32,toy-0007203,,,False,41.869885647789374,0.0,40.22199874331452,0.35,5.142956348249516,0
2,trip,2970,2988.309854494165,z32,z20,toy-0007209,,,False,43.38211309552512,0.0,41.73422619105027,0.35,5.142956348249516,0
24,trip,2970,2986.5,z11,z31,toy-0007207,,,False,21.849449141001237,0.0,20.364449141001238,0.35,4.6,0
25,trip,2970,2978.8333333333335,z21,z11,toy-0007208,,,False,44.5813057374881,0.0,43.7863057374881,0.35,2.3,0
12,visit,2970,2980.0,z30,z30,,depot_south,,True,36.96991621362501,9.444444444444446,46.204360658069454,0.7,0,5.666666666666668
6,trip,2980,2988.8333333333335,z32,z31,toy-0007210,,,False,27.233143403513235,0.0,26.438143403513237,0.35,2.3,0
10,trip,2980,2996.5,z30,z32,toy-0007211,,,False,45.02302841448373,0.0,43.53802841448373,0.35,4.6,0
8,trip,2980,2992.0089706448603,z11,z22,toy-0007212,,,False,41.04422619104999,0.0,39.963418833012554,0.35,3.2526911934581184,0
15,trip,2990,3002.0089706448603,z32,z21,toy-0007213,,,False,16.498749743885284,0.0,15.417942385847848,0.35,3.2526911934581184,0
32,trip,2990,3002.0089706448603,z21,z30,toy-0007216,,,False,46.51500000000008,0.0,45.434192641962646,0.35,3.2526911934581184,0
33,trip,2990,2998.8333333333335,z21,z22,toy-0007217,,,False,40.29180411693777,0.0,39.49680411693777,0.35,2.3,0
1,trip,2990,2998.8333333333335,z22,z32,toy-0007218,,,False,46.4571130955253,0.0,45.6621130955253,0.35,2.3,0
12,trip,2990,3012.851274623054,z30,z12,toy-0007214,,,False,46.20436065806923,0.0,44.14774594199436,0.35,6.505382386916237,0
3,trip,2990,3008.309854494165,z01,z20,toy-0007215,,,False,47.31000000000007,0.0,45.66211309552522,0.35,5.142956348249516,0
8,trip,3000,3008.8333333333335,z22,z21,toy-0007219,,,False,39.96341883301256,0.0,39.16841883301256,0.35,2.3,0
4,trip,3000,3024.1666666666665,z01,z31,toy-0007220,,,False,24.899960696441557,0.0,22.724960696441556,0.35,6.8999999999999995,0
11,trip,3000,3022.851274623054,z02,z20,toy-0007221,,,False,37.93766799938008,0.0,35.881053283305214,0.35,6.505382386916237,0
1,trip,3000,3028.809226445224,z32,z00,toy-0007222,,,False,45.66211309552533,0.0,43.069282715455174,0.35,8.292767933567175,0
10,visit,3000,3057.6666666666665,z32,z32,,depot_south,central,False,43.538028414483726,0.0,40.77802841448373,9.2,0,0
14,visit,3000,3054.512354479625,z02,z02,,depot_west,,False,12.97052031173583,36.40947968826417,46.620000000000005,9.2,0,21.845687812958502
0,trip,3010,3032.851274623054,z10,z32,toy-0007223,,,False,42.38838528392516,0.0,40.33177056785029,0.35,6.505382386916237,0
6,trip,3010,3035.410795394624,z31,z00,toy-0007224,,,False,26.438143403513262,0.0,24.15117181799708,0.35,7.273238618387272,0
16,trip,3010,3035.410795394624,z32,z01,toy-0007226,,,False,37.41722105644608,0.0,35.1302494709299,0.35,7.273238618387272,0
17,trip,3010,3018.8333333333335,z32,z22,toy-0007227,,,False,44.972113095525344,0.0,44.17711309552534,0.35,2.3,0
24,trip,3010,3022.0089706448603,z31,z20,toy-0007225,,,False,20.364449141001238,0.0,19.2836417829638,0.35,3.2526911934581184,0
8,visit,3010,3036.6846079563875,z21,z21,,depot_south,local,False,39.16841883301259,0.0,37.216804116937716,6.505382386916237,0,0
30,trip,3020,3036.5,z30,z10,toy-0007228,,,False,45.46300348406468,0.0,43.97800348406468,0.35,4.6,0
12,trip,3020,3032.0089706448603,z12,z21,toy-0007231,,,False,44.147745941994366,0.0,43.06693858395693,0.35,3.2526911934581184,0
25,trip,3020,3028.8333333333335,z11,z10,toy-0007230,,,False,43.78630573748813,0.0,42.991305737488126,0.35,2.3,0
32,trip,3020,3045.410795394624,z30,z01,toy-0007229,,,False,45.43419264196265,0.0,43.14722105644647,0.35,7.273238618387272,0
15,trip,3020,3028.8333333333335,z21,z31,toy-0007234,,,False,15.41794238584786,0.0,14.62294238584786,0.35,2.3,0
67,trip,3020,3032.0089706448603,z30,z21,toy-0007233,,,False,47.895000000000174,0.0,46.81419264196274,0.35,3.2526911934581184,0
7,trip,3020,3036.5,z10,z12,toy-0007232,,,False,38.134724570500495,0.0,36.649724570500496,0.35,4.6,0
36,trip,3020,3038.309854494165,z31,z10,toy-0007235,,,False,31.016063857075984,0.0,29.36817695260113,0.35,5.142956348249516,0
18,trip,3020,3038.309854494165,z12,z31,toy-0007236,,,False,39.637645024063154,0.0,37.9897581195883,0.35,5.142956348249516,0
4,trip,3030,3038.8333333333335,z31,z32,toy-0007240,,,False,22.724960696441574,0.0,21.929960696441576,0.35,2.3,0
2,trip,3030,3038.8333333333335,z20,z10,toy-0007237,,,False,41.73422619105027,0.0,40.93922619105027,0.35,2.3,0
9,trip,3030,3042.0089706448603,z01,z12,toy-0007238,,,False,47.30999999999994,0.0,46.229192641962506,0.35,3.2526911934581184,0
15,trip,3030,3038.8333333333335,z31,z21,toy-0007239,,,False,14.622942385847887,0.0,13.827942385847887,0.35,2.3,0
17,trip,3030,3042.0089706448603,z22,z31,toy-0007241,,,False,44.17711309552537,0.0,43.09630573748794,0.35,3.2526911934581184,0
1,visit,3030,3040.0,z00,z00,,depot_west,local,True,43.069282715455174,4.444444444444445,47.303727159899616,0.7,0,2.666666666666667
0,trip,3040,3056.5,z32,z12,toy-0007243,,,False,40.3317705678503,0.0,38.8467705678503,0.35,4.6,0
19,trip,3040,3052.0089706448603,z22,z11,toy-0007242,,,False,45.61500000000041,0.0,44.534192641962974,0.35,3.2526911934581184,0
4,trip,3040,3048.8333333333335,z32,z31,toy-0007245,,,False,21.9299606964416,0.0,21.134960696441603,0.35,2.3,0
16,trip,3040,3048.8333333333335,z01,z00,toy-0007244,,,False,35.13024947092991,0.0,34.33524947092991,0.35,2.3,0
15,visit,3040,3084.7733269397013,z21,z21,,depot_south,,False,13.827942385847914,35.147864972189524,47.024192641962564,6.505382386916237,0,21.088718983313715
6,visit,3040,3050.0,z00,z00,,depot_west,,True,24.1511718179971,9.444444444444446,33.385616262441545,0.7,0,5.666666666666668
4,trip,3050,3062.0089706448603,z31,z22,toy-0007246,,,False,21.134960696441627,0.0,20.05415333840419,0.35,3.2526911934581184,0
20,trip,3050,3068.309854494165,z32,z11,toy-0007247,,,False,16.72805034676858,0.0,15.080163442293724,0.35,5.142956348249516,0
37,trip,3050,3058.8333333333335,z11,z12,toy-0007248,,,False,18.749322535169203,0.0,17.954322535169204,0.35,2.3,0
6,visit,3050,3060.0,z00,z00,,depot_west,,True,33.38561626244132,9.444444444444446,42.62006070688576,0.7,0,5.666666666666668
16,visit,3050,3060.0,z00,z00,,depot_west,,True,34.33524947092994,9.444444444444446,43.56969391537438,0.7,0,5.666666666666668
3,trip,3060,3072.0089706448603,z20,z31,toy-0007249,,,False,45.66211309552522,0.0,44.58130573748779,0.35,3.2526911934581184,0
13,trip,3060,3085.410795394624,z02,z31,toy-0007250,,,False,46.61999999999974,0.0,44.33302841448356,0.35,7.273238618387272,0
0,visit,3060,3099.286375654997,z12,z12,,depot_west,local,False,38.84677056785029,0.0,35.76099675890058,10.285912696499032,0,0
26,trip,3070,3086.5,z22,z20,toy-0007251,,,False,44.06757792588783,0.0,42.58257792588783,0.35,4.6,0
14,trip,3070,3088.309854494165,z02,z21,toy-0007253,,,False,46.62000000000024,0.0,44.97211309552539,0.35,5.142956348249516,0
8,trip,3070,3082.0089706448603,z21,z12,toy-0007252,,,False,37.216804116937716,0.0,36.13599675890028,0.35,3.2526911934581184,0
4,visit,3070,3131.286375654997,z22,z22,,depot_south,central,False,20.054153338404205,0.0,16.968379529454495,10.285912696499032,0,0
12,trip,3080,3092.0089706448603,z21,z32,toy-0007254,,,False,43.06693858395694,0.0,41.98613122591951,0.35,3.2526911934581184,0
11,trip,3080,3096.5,z20,z22,toy-0007255,,,False,35.88105328330522,0.0,34.39605328330522,0.35,4.6,0
3,trip,3080,3096.5,z31,z11,toy-0007256,,,False,44.581305737487796,0.0,43.096305737487796,0.35,4.6,0
19,trip,3090,3102.0089706448603,z11,z20,toy-0007257,,,False,44.53419264196298,0.0,43.45338528392555,0.35,3.2526911934581184,0
7,trip,3090,3108.309854494165,z12,z00,toy-0007259,,,False,36.64972457050049,0.0,35.00183766602564,0.35,5.142956348249516,0
13,trip,3090,3098.8333333333335,z31,z30,toy-0007258,,,False,44.33302841448357,0.0,43.53802841448357,0.35,2.3,0
8,trip,3090,3098.8333333333335,z12,z22,toy-0007261,,,False,36.13599675890029,0.0,35.34099675890029,0.35,2.3,0
2,trip,3090,3098.8333333333335,z10,z20,toy-0007260,,,False,40.939226191050295,0.0,40.14422619105029,0.35,2.3,0
25,trip,3100,3112.0089706448603,z10,z01,toy-0007263,,,False,42.991305737488155,0.0,41.91049837945072,0.35,3.2526911934581184,0
28,trip,3100,3108.8333333333335,z10,z00,toy-0007262,,,False,15.708797634739641,0.0,14.913797634739641,0.35,2.3,0
2,trip,3100,3118.309854494165,z20,z32,toy-0007264,,,False,40.14422619105032,0.0,38.49633928657547,0.35,5.142956348249516,0
3,trip,3100,3116.5,z11,z31,toy-0007265,,,False,43.09630573748779,0.0,41.61130573748779,0.35,4.6,0
14,trip,3100,3108.8333333333335,z21,z20,toy-0007266,,,False,44.97211309552539,0.0,44.177113095525385,0.35,2.3,0
11,visit,3100,3139.286375654997,z22,z22,,depot_south,local,False,34.396053283305214,0.0,31.310279474355504,10.285912696499032,0,0
10,trip,3110,3122.0089706448603,z32,z21,toy-0007267,,,False,40.77802841448371,0.0,39.697221056446274,0.35,3.2526911934581184,0
20,trip,3110,3118.8333333333335,z11,z21,toy-0007269,,,False,15.080163442293735,0.0,14.285163442293735,0.35,2.3,0
13,trip,3110,3118.8333333333335,z30,z31,toy-0007268,,,False,43.5380284144836,0.0,42.7430284144836,0.35,2.3,0
28,visit,3110,3134.2480547524897,z00,z00,,depot_west,,False,14.913797634739668,33.19120236526033,47.894999999999996,0.7,0,19.914721419156198
7,visit,3110,3120.0,z00,z00,,depot_west,,True,35.00183766602564,9.444444444444446,44.23628211047008,0.7,0,5.666666666666668
3,trip,3120,3128.8333333333335,z31,z32,toy-0007273,,,False,41.61130573748778,0.0,40.81630573748778,0.35,2.3,0
14,trip,3120,3128.8333333333335,z20,z21,toy-0007270,,,False,44.177113095525414,0.0,43.38211309552541,0.35,2.3,0
15,trip,3120,3138.309854494165,z21,z02,toy-0007271,,,False,47.02419264196271,0.0,45.37630573748786,0.35,5.142956348249516,0
13,trip,3120,3138.309854494165,z31,z12,toy-0007272,,,False,42.743028414483625,0.0,41.09514151000877,0.35,5.142956348249516,0
20,trip,3120,3128.8333333333335,z21,z31,toy-0007274,,,False,14.285163442293761,0.0,13.490163442293762,0.35,2.3,0
0,trip,3130,3146.5,z12,z32,toy-0007275,,,False,35.760996758900575,0.0,34.275996758900575,0.35,4.6,0
17,trip,3130,3138.8333333333335,z31,z21,toy-0007279,,,False,43.096305737487945,0.0,42.301305737487944,0.35,2.3,0
8,trip,3130,3138.8333333333335,z22,z32,toy-0007280,,,False,35.34099675890032,0.0,34.545996758900316,0.35,2.3,0
38,trip,3130,3148.309854494165,z11,z32,toy-0007278,,,False,44.744192641962655,0.0,43.0963057374878,0.35,5.142956348249516,0
30,trip,3130,3148.309854494165,z10,z31,toy-0007277,,,False,43.97800348406467,0.0,42.33011657958982,0.35,5.142956348249516,0
1,trip,3130,3154.1666666666665,z00,z30,toy-0007276,,,False,47.30372715989939,0.0,45.12872715989939,0.35,6.8999999999999995,0
20,visit,3130,3168.453235267957,z31,z31,,depot_south,,False,13.490163442293788,35.19983655770621,47.309999999999995,4.6,0,21.119901934623726
5,trip,3140,3168.809226445224,z00,z32,toy-0007281,,,False,39.73589169194064,0.0,37.14306131187048,0.35,8.292767933567175,0
2,trip,3140,3148.8333333333335,z32,z31,toy-0007282,,,False,38.49633928657547,0.0,37.70133928657547,0.35,2.3,0
4,trip,3140,3148.8333333333335,z22,z12,toy-0007283,,,False,16.968379529454495,0.0,16.173379529454493,0.35,2.3,0
11,trip,3150,3162.0089706448603,z22,z31,toy-0007285,,,False,31.310279474355497,0.0,30.22947211631806,0.35,3.2526911934581184,0
4,trip,3150,3168.309854494165,z12,z20,toy-0007284,,,False,16.17337952945452,0.0,14.525492624979666,0.35,5.142956348249516,0
10,trip,3150,3166.5,z21,z01,toy-0007286,,,False,39.69722105644628,0.0,38.21222105644628,0.35,4.6,0
14,trip,3150,3158.8333333333335,z21,z22,toy-0007287,,,False,43.38211309552544,0.0,42.58711309552544,0.35,2.3,0
2,visit,3150,3170.3333333333335,z31,z31,,depot_south,local,False,37.7013392865755,0.0,36.321339286575494,4.6,0,0
0,trip,3160,3178.309854494165,z32,z20,toy-0007289,,,False,34.27599675890057,0.0,32.628109854425716,0.35,5.142956348249516,0
19,trip,3160,3168.8333333333335,z20,z30,toy-0007288,,,False,43.453385283925556,0.0,42.658385283925554,0.35,2.3,0
3,trip,3160,3168.8333333333335,z32,z22,toy-0007290,,,False,40.81630573748781,0.0,40.02130573748781,0.35,2.3,0
29,trip,3160,3178.309854494165,z22,z10,toy-0007294,,,False,42.21293832610934,0.0,40.565051421634486,0.35,5.142956348249516,0
18,trip,3160,3172.0089706448603,z31,z22,toy-0007292,,,False,37.9897581195883,0.0,36.90895076155087,0.35,3.2526911934581184,0
23,trip,3160,3185.410795394624,z01,z32,toy-0007291,,,False,29.66945203496312,0.0,27.382480449446938,0.35,7.273238618387272,0
9,trip,3160,3168.8333333333335,z12,z11,toy-0007293,,,False,46.22919264196251,0.0,45.43419264196251,0.35,2.3,0
31,trip,3160,3168.8333333333335,z22,z21,toy-0007295,,,False,22.941228979220757,0.0,22.14622897922076,0.35,2.3,0
14,visit,3160,3199.286375654997,z22,z22,,depot_south,local,False,42.58711309552547,0.0,39.50133928657576,10.285912696499032,0,0
10,trip,3170,3186.5,z01,z21,toy-0007296,,,False,38.212221056446275,0.0,36.727221056446275,0.35,4.6,0
11,trip,3170,3182.0089706448603,z31,z20,toy-0007297,,,False,30.229472116318075,0.0,29.14866475828064,0.35,3.2526911934581184,0
5,trip,3170,3192.851274623054,z32,z10,toy-0007300,,,False,37.14306131187048,0.0,35.086446595795614,0.35,6.505382386916237,0
20,trip,3170,3194.1666666666665,z31,z01,toy-0007299,,,False,47.309999999999846,0.0,45.13499999999985,0.35,6.8999999999999995,0
17,trip,3170,3178.8333333333335,z21,z11,toy-0007298,,,False,42.30130573748797,0.0,41.50630573748797,0.35,2.3,0
4,visit,3170,3207.8320377583455,z20,z20,,depot_south,,False,14.525492624979677,34.16450737502032,47.309999999999995,4.6,0,20.498704425012193
29,trip,3180,3198.309854494165,z10,z22,toy-0007301,,,False,40.565051421634486,0.0,38.917164517159634,0.35,5.142956348249516,0
3,trip,3180,3198.309854494165,z22,z01,toy-0007302,,,False,40.021305737487836,0.0,38.373418833012984,0.35,5.142956348249516,0
8,trip,3180,3196.5,z32,z30,toy-0007303,,,False,34.545996758900344,0.0,33.060996758900345,0.35,4.6,0
18,trip,3190,3208.309854494165,z22,z30,toy-0007306,,,False,36.90895076155088,0.0,35.261063857076024,0.35,5.142956348249516,0
0,trip,3190,3208.309854494165,z20,z12,toy-0007304,,,False,32.628109854425716,0.0,30.98022294995086,0.35,5.142956348249516,0
2,trip,3190,3198.8333333333335,z31,z32,toy-0007305,,,False,36.32133928657553,0.0,35.52633928657553,0.35,2.3,0
11,trip,3190,3202.0089706448603,z20,z11,toy-0007307,,,False,29.148664758280653,0.0,28.067857400243216,0.35,3.2526911934581184,0
24,trip,3190,3202.0089706448603,z20,z31,toy-0007308,,,False,19.283641782963816,0.0,18.20283442492638,0.35,3.2526911934581184,0
9,trip,3190,3202.0089706448603,z11,z22,toy-0007309,,,False,45.43419264196254,0.0,44.35338528392511,0.35,3.2526911934581184,0
10,trip,3190,3202.0089706448603,z21,z32,toy-0007310,,,False,36.72722105644627,0.0,35.646413698408836,0.35,3.2526911934581184,0
31,trip,3200,3208.8333333333335,z21,z31,toy-0007311,,,False,22.146228979220783,0.0,21.351228979220785,0.35,2.3,0
30,trip,3200,3216.5,z31,z11,toy-0007312,,,False,42.33011657958982,0.0,40.84511657958982,0.35,4.6,0
2,trip,3200,3208.8333333333335,z32,z31,toy-0007314,,,False,35.526339286575556,0.0,34.731339286575555,0.35,2.3,0
13,trip,3200,3218.309854494165,z12,z31,toy-0007313,,,False,41.09514151000877,0.0,39.44725460553392,0.35,5.142956348249516,0
15,trip,3200,3228.809226445224,z02,z30,toy-0007317,,,False,45.37630573748786,0.0,42.78347535741771,0.35,8.292767933567175,0
39,trip,3200,3208.8333333333335,z31,z21,toy-0007316,,,False,38.32391082117323,0.0,37.52891082117323,0.35,2.3,0
12,trip,3200,3212.0089706448603,z32,z21,toy-0007319,,,False,41.986131225919515,0.0,40.90532386788208,0.35,3.2526911934581184,0
14,trip,3200,3222.851274623054,z22,z00,toy-0007318,,,False,39.50133928657575,0.0,37.44472457050088,0.35,6.505382386916237,0
5,trip,3200,3208.8333333333335,z10,z11,toy-0007315,,,False,35.08644659579562,0.0,34.29144659579562,0.35,2.3,0
3,visit,3200,3220.3333333333335,z01,z01,,depot_west,local,False,38.373418833012984,0.0,36.99341883301298,4.6,0,0
8,visit,3200,3210.0,z30,z30,,depot_south,,True,33.06099675890034,9.444444444444446,42.29544120334479,0.7,0,5.666666666666668
11,trip,3210,3226.5,z11,z31,toy-0007321,,,False,28.06785740024323,0.0,26.58285740024323,0.35,4.6,0
20,trip,3210,3228.309854494165,z01,z22,toy-0007320,,,False,45.134999999999856,0.0,43.487113095525004,0.35,5.142956348249516,0
10,trip,3210,3228.309854494165,z32,z11,toy-0007323,,,False,35.64641369840884,0.0,33.99852679393399,0.35,5.142956348249516,0
2,trip,3210,3228.309854494165,z31,z10,toy-0007322,,,False,34.73133928657558,0.0,33.08345238210073,0.35,5.142956348249516,0
9,trip,3210,3222.0089706448603,z22,z31,toy-0007327,,,False,44.353385283925114,0.0,43.27257792588768,0.35,3.2526911934581184,0
36,trip,3210,3222.0089706448603,z10,z21,toy-0007325,,,False,29.368176952601143,0.0,28.287369594563707,0.35,3.2526911934581184,0
6,trip,3210,3235.410795394624,z00,z31,toy-0007324,,,False,42.62006070688553,0.0,40.33308912136935,0.35,7.273238618387272,0
25,trip,3210,3234.1666666666665,z01,z31,toy-0007326,,,False,41.91049837945073,0.0,39.73549837945073,0.35,6.8999999999999995,0
5,visit,3210,3236.6846079563875,z11,z11,,depot_west,local,False,34.29144659579565,0.0,32.339831879720776,6.505382386916237,0,0
18,visit,3210,3220.0,z30,z30,,depot_south,local,True,35.261063857076024,4.444444444444445,39.495508301520466,0.7,0,2.666666666666667
29,trip,3220,3232.0089706448603,z22,z11,toy-0007332,,,False,38.917164517159634,0.0,37.8363571591222,0.35,3.2526911934581184,0
13,trip,3220,3232.0089706448603,z31,z22,toy-0007330,,,False,39.44725460553392,0.0,38.36644724749649,0.35,3.2526911934581184,0
12,trip,3220,3232.0089706448603,z21,z10,toy-0007329,,,False,40.90532386788209,0.0,39.824516509844656,0.35,3.2526911934581184,0
33,trip,3220,3228.8333333333335,z22,z32,toy-0007333,,,False,39.496804116937795,0.0,38.701804116937794,0.35,2.3,0
45,trip,3220,3238.309854494165,z02,z10,toy-0007331,,,False,43.16514151000921,0.0,41.517254605534355,0.35,5.142956348249516,0
32,trip,3220,3232.0089706448603,z01,z10,toy-0007328,,,False,43.14722105644648,0.0,42.06641369840905,0.35,3.2526911934581184,0
21,trip,3230,3254.1666666666665,z32,z02,toy-0007337,,,False,40.22199874331452,0.0,38.046998743314525,0.35,6.8999999999999995,0
34,trip,3230,3248.309854494165,z21,z00,toy-0007334,,,False,45.53919264196232,0.0,43.89130573748747,0.35,5.142956348249516,0
9,trip,3230,3238.8333333333335,z31,z32,toy-0007335,,,False,43.27257792588769,0.0,42.47757792588769,0.35,2.3,0
20,trip,3230,3246.5,z22,z02,toy-0007336,,,False,43.487113095525004,0.0,42.002113095525004,0.35,4.6,0
4,trip,3230,3248.309854494165,z20,z32,toy-0007340,,,False,47.31000000000041,0.0,45.662113095525555,0.35,5.142956348249516,0
2,trip,3230,3252.851274623054,z10,z32,toy-0007339,,,False,33.08345238210073,0.0,31.02683766602586,0.35,6.505382386916237,0
7,trip,3230,3246.5,z00,z20,toy-0007338,,,False,44.23628211046985,0.0,42.75128211046985,0.35,4.6,0
23,trip,3230,3246.5,z32,z12,toy-0007343,,,False,27.382480449446955,0.0,25.897480449446956,0.35,4.6,0
27,trip,3230,3238.8333333333335,z32,z22,toy-0007344,,,False,45.43419264196285,0.0,44.63919264196285,0.35,2.3,0
3,trip,3230,3238.8333333333335,z01,z11,toy-0007341,,,False,36.99341883301302,0.0,36.198418833013015,0.35,2.3,0
0,trip,3230,3252.851274623054,z12,z30,toy-0007342,,,False,30.98022294995087,0.0,28.923608233876,0.35,6.505382386916237,0
14,visit,3230,3240.0,z00,z00,,depot_west,,True,37.44472457050089,9.444444444444446,46.67916901494534,0.7,0,5.666666666666668
14,trip,3240,3258.309854494165,z00,z21,toy-0007345,,,False,46.6791690149451,0.0,45.03128211047025,0.35,5.142956348249516,0
3,trip,3240,3258.309854494165,z11,z32,toy-0007349,,,False,36.198418833013044,0.0,34.55053192853819,0.35,5.142956348249516,0
5,trip,3240,3248.8333333333335,z11,z21,toy-0007348,,,False,32.339831879720776,0.0,31.544831879720775,0.35,2.3,0
6,trip,3240,3252.0089706448603,z31,z20,toy-0007352,,,False,40.33308912136936,0.0,39.25228176333193,0.35,3.2526911934581184,0
9,trip,3240,3248.8333333333335,z32,z31,toy-0007357,,,False,42.477577925887715,0.0,41.68257792588771,0.35,2.3,0
36,trip,3240,3248.8333333333335,z21,z22,toy-0007351,,,False,28.28736959456372,0.0,27.49236959456372,0.35,2.3,0
46,trip,3240,3248.8333333333335,z01,z02,toy-0007347,,,False,15.003488656152063,0.0,14.208488656152063,0.35,2.3,0
11,trip,3240,3258.309854494165,z31,z12,toy-0007353,,,False,26.58285740024323,0.0,24.934970495768376,0.35,5.142956348249516,0
39,trip,3240,3248.8333333333335,z21,z31,toy-0007350,,,False,37.528910821173255,0.0,36.733910821173254,0.35,2.3,0
1,trip,3240,3258.309854494165,z30,z22,toy-0007346,,,False,45.1287271598994,0.0,43.480840255424546,0.35,5.142956348249516,0
13,trip,3240,3248.8333333333335,z22,z21,toy-0007356,,,False,38.366447247496495,0.0,37.571447247496494,0.35,2.3,0
22,trip,3240,3252.0089706448603,z12,z21,toy-0007355,,,False,40.653418833012864,0.0,39.57261147497543,0.35,3.2526911934581184,0
63,trip,3240,3252.0089706448603,z02,z11,toy-0007354,,,False,46.61999999999974,0.0,45.53919264196231,0.35,3.2526911934581184,0
27,trip,3240,3256.5,z22,z20,toy-0007368,,,False,44.63919264196288,0.0,43.15419264196288,0.35,4.6,0
24,trip,3240,3265.410795394624,z31,z00,toy-0007365,,,False,18.202834424926394,0.0,15.915862839410213,0.35,7.273238618387272,0
26,trip,3240,3262.851274623054,z20,z02,toy-0007359,,,False,42.582577925887826,0.0,40.52596320981296,0.35,6.505382386916237,0
51,trip,3240,3256.5,z20,z22,toy-0007360,,,False,40.96841883301307,0.0,39.48341883301307,0.35,4.6,0
54,trip,3240,3252.0089706448603,z21,z32,toy-0007364,,,False,36.67574785038076,0.0,35.594940492343326,0.35,3.2526911934581184,0
35,trip,3240,3270.6666666666665,z12,z32,toy-0007367,,,False,30.081588757505997,0.0,27.321588757506,2.3,6.8999999999999995,0
8,trip,3240,3256.5,z30,z32,toy-0007362,,,False,42.29544120334455,0.0,40.81044120334455,0.35,4.6,0
25,trip,3240,3248.8333333333335,z31,z21,toy-0007366,,,False,39.73549837945074,0.0,38.94049837945074,0.35,2.3,0
57,trip,3240,3248.8333333333335,z20,z21,toy-0007358,,,False,42.81049837945047,0.0,42.01549837945047,0.35,2.3,0
64,trip,3240,3248.8333333333335,z21,z20,toy-0007363,,,False,45.37630573748753,0.0,44.581305737487526,0.35,2.3,0
15,trip,3240,3258.309854494165,z30,z11,toy-0007361,,,False,42.78347535741771,0.0,41.135588452942855,0.35,5.142956348249516,0
33,trip,3240,3265.410795394624,z32,z01,toy-0007369,,,False,38.70180411693782,0.0,36.41483253142164,0.35,7.273238618387272,0
31,trip,3250,3266.5,z31,z11,toy-0007373,,,False,21.35122897922081,0.0,19.86622897922081,0.35,4.6,0
43,trip,3250,3275.410795394624,z31,z02,toy-0007374,,,False,20.604274644314547,0.0,18.317303058798366,0.35,7.273238618387272,0
16,trip,3250,3262.0089706448603,z00,z11,toy-0007370,,,False,43.56969391537415,0.0,42.48888655733672,0.35,3.2526911934581184,0
4,trip,3250,3268.309854494165,z32,z20,toy-0007376,,,False,45.662113095525555,0.0,44.0142261910507,0.35,5.142956348249516,0
38,trip,3250,3262.0089706448603,z32,z21,toy-0007377,,,False,43.0963057374878,0.0,42.01549837945037,0.35,3.2526911934581184,0
36,trip,3250,3262.0089706448603,z22,z31,toy-0007375,,,False,27.492369594563748,0.0,26.41156223652631,0.35,3.2526911934581184,0
12,trip,3250,3268.309854494165,z10,z31,toy-0007371,,,False,39.82451650984466,0.0,38.17662960536981,0.35,5.142956348249516,0
7,trip,3250,3262.0089706448603,z20,z31,toy-0007372,,,False,42.751282110469845,0.0,41.67047475243241,0.35,3.2526911934581184,0
10,trip,3250,3266.5,z11,z31,toy-0007380,,,False,33.99852679393399,0.0,32.51352679393399,0.35,4.6,0
23,trip,3250,3266.5,z12,z32,toy-0007387,,,False,25.897480449446956,0.0,24.412480449446956,0.35,4.6,0
44,trip,3250,3262.0089706448603,z31,z22,toy-0007385,,,False,31.11391721246285,0.0,30.033109854425415,0.35,3.2526911934581184,0
58,trip,3250,3258.8333333333335,z31,z30,toy-0007384,,,False,40.606305737487894,0.0,39.81130573748789,0.35,2.3,0
53,trip,3250,3258.8333333333335,z32,z31,toy-0007388,,,False,46.61999999999981,0.0,45.82499999999981,0.35,2.3,0
60,trip,3250,3258.8333333333335,z31,z32,toy-0007386,,,False,37.81887727208577,0.0,37.02387727208577,0.35,2.3,0
61,trip,3250,3268.309854494165,z20,z01,toy-0007379,,,False,35.22740639757162,0.0,33.57951949309677,0.35,5.142956348249516,0
17,trip,3250,3262.0089706448603,z11,z02,toy-0007381,,,False,41.506305737488,0.0,40.425498379450566,0.35,3.2526911934581184,0
5,trip,3250,3258.8333333333335,z21,z11,toy-0007382,,,False,31.5448318797208,0.0,30.7498318797208,0.35,2.3,0
25,trip,3250,3262.0089706448603,z21,z12,toy-0007383,,,False,38.940498379450766,0.0,37.85969102141333,0.35,3.2526911934581184,0
28,trip,3250,3272.851274623054,z00,z22,toy-0007378,,,False,47.89500000000002,0.0,45.83838528392515,0.35,6.505382386916237,0
39,visit,3250,3270.3333333333335,z31,z31,,depot_south,local,False,36.73391082117328,0.0,35.35391082117328,4.6,0,0
13,visit,3250,3276.6846079563875,z21,z21,,depot_south,local,False,37.57144724749652,0.0,35.61983253142165,6.505382386916237,0,0
9,visit,3250,3292.3333333333335,z31,z31,,depot_south,central,False,41.68257792588774,0.0,40.30257792588774,4.6,0,0
20,visit,3250,3285.6666666666665,z02,z02,,depot_west,local,False,42.002113095525,0.0,39.242113095525,9.2,0,0
46,visit,3250,3303.7695734729755,z02,z02,,depot_west,,False,14.20848865615209,35.17151134384791,46.620000000000005,9.2,0,21.10290680630875
0,trip,3260,3268.8333333333335,z30,z31,toy-0007389,,,False,28.923608233876013,0.0,28.128608233876015,0.35,2.3,0
14,trip,3260,3268.8333333333335,z21,z31,toy-0007392,,,False,45.03128211047025,0.0,44.23628211047025,0.35,2.3,0
5,trip,3260,3272.0089706448603,z11,z20,toy-0007390,,,False,30.749831879720826,0.0,29.66902452168339,0.35,3.2526911934581184,0
57,trip,3260,3272.0089706448603,z21,z30,toy-0007391,,,False,42.0154983794505,0.0,40.934691021413066,0.35,3.2526911934581184,0
53,trip,3260,3284.1666666666665,z31,z01,toy-0007394,,,False,45.82499999999984,0.0,43.64999999999984,0.35,6.8999999999999995,0
21,trip,3260,3276.5,z02,z22,toy-0007396,,,False,38.04699874331453,0.0,36.56199874331453,0.35,4.6,0
11,trip,3260,3278.309854494165,z12,z31,toy-0007398,,,False,24.93497049576839,0.0,23.287083591293534,0.35,5.142956348249516,0
2,trip,3260,3278.309854494165,z32,z11,toy-0007402,,,False,31.026837666025866,0.0,29.37895076155101,0.35,5.142956348249516,0
15,trip,3260,3272.0089706448603,z11,z00,toy-0007393,,,False,41.135588452942855,0.0,40.05478109490542,0.35,3.2526911934581184,0
1,trip,3260,3268.8333333333335,z22,z32,toy-0007400,,,False,43.480840255424546,0.0,42.685840255424544,0.35,2.3,0
37,trip,3260,3268.8333333333335,z12,z22,toy-0007399,,,False,17.95432253516923,0.0,17.15932253516923,0.35,2.3,0
3,trip,3260,3288.809226445224,z32,z00,toy-0007401,,,False,34.55053192853819,0.0,31.957701548468037,0.35,8.292767933567175,0
47,trip,3260,3272.0089706448603,z12,z01,toy-0007397,,,False,40.64644724749652,0.0,39.565639889459085,0.35,3.2526911934581184,0
62,trip,3260,3268.8333333333335,z31,z21,toy-0007395,,,False,15.46705004220586,0.0,14.67205004220586,0.35,2.3,0
6,visit,3260,3302.3333333333335,z20,z20,,depot_south,central,False,39.252281763331936,0.0,37.872281763331934,4.6,0,0
22,visit,3260,3286.6846079563875,z21,z21,,depot_south,local,False,39.57261147497544,0.0,37.62099675890057,6.505382386916237,0,0
58,visit,3260,3270.0,z30,z30,,depot_south,local,True,39.81130573748792,4.444444444444445,44.04575018193236,0.7,0,2.666666666666667
27,visit,3260,3280.3333333333335,z20,z20,,depot_south,local,False,43.15419264196287,0.0,41.77419264196287,4.6,0,0
18,trip,3270,3282.0089706448603,z30,z21,toy-0007403,,,False,39.49550830152024,0.0,38.414700943482806,0.35,3.2526911934581184,0
16,trip,3270,3282.0089706448603,z11,z22,toy-0007404,,,False,42.48888655733673,0.0,41.408079199299294,0.35,3.2526911934581184,0
17,trip,3270,3295.410795394624,z02,z31,toy-0007406,,,False,40.42549837945057,0.0,38.13852679393439,0.35,7.273238618387272,0
0,trip,3270,3278.8333333333335,z31,z32,toy-0007405,,,False,28.12860823387604,0.0,27.333608233876042,0.35,2.3,0
1,trip,3270,3278.8333333333335,z32,z22,toy-0007408,,,False,42.68584025542457,0.0,41.89084025542457,0.35,2.3,0
8,trip,3270,3292.851274623054,z32,z10,toy-0007407,,,False,40.810441203344546,0.0,38.75382648726968,0.35,6.505382386916237,0
29,trip,3270,3288.309854494165,z11,z30,toy-0007412,,,False,37.83635715912221,0.0,36.188470254647356,0.35,5.142956348249516,0
24,trip,3270,3278.8333333333335,z00,z01,toy-0007409,,,False,15.91586283941023,0.0,15.120862839410231,0.35,2.3,0
33,trip,3270,3295.410795394624,z01,z32,toy-0007411,,,False,36.41483253142165,0.0,34.12786094590547,0.35,7.273238618387272,0
62,trip,3270,3278.8333333333335,z21,z22,toy-0007415,,,False,14.672050042205887,0.0,13.877050042205887,0.35,2.3,0
40,trip,3270,3278.8333333333335,z22,z12,toy-0007420,,,False,27.939718179211237,0.0,27.14471817921124,0.35,2.3,0
10,trip,3270,3288.309854494165,z31,z10,toy-0007417,,,False,32.513526793933984,0.0,30.86563988945913,0.35,5.142956348249516,0
44,trip,3270,3282.0089706448603,z22,z31,toy-0007419,,,False,30.03310985442543,0.0,28.952302496387993,0.35,3.2526911934581184,0
67,trip,3270,3282.0089706448603,z21,z32,toy-0007416,,,False,46.81419264196275,0.0,45.733385283925315,0.35,3.2526911934581184,0
19,trip,3270,3278.8333333333335,z30,z20,toy-0007410,,,False,42.65838528392558,0.0,41.86338528392558,0.35,2.3,0
23,trip,3270,3278.8333333333335,z32,z31,toy-0007421,,,False,24.412480449446956,0.0,23.61748044944696,0.35,2.3,0
12,trip,3270,3282.0089706448603,z31,z20,toy-0007418,,,False,38.17662960536981,0.0,37.09582224733238,0.35,3.2526911934581184,0
30,trip,3270,3278.8333333333335,z11,z12,toy-0007414,,,False,40.84511657958981,0.0,40.05011657958981,0.35,2.3,0
31,trip,3270,3278.8333333333335,z11,z01,toy-0007413,,,False,19.86622897922081,0.0,19.071228979220813,0.35,2.3,0
37,visit,3270,3309.286375654997,z22,z22,,depot_south,local,False,17.159322535169256,0.0,14.073548726219546,10.285912696499032,0,0
25,visit,3270,3331.286375654997,z12,z12,,depot_west,central,False,37.85969102141334,0.0,34.77391721246363,10.285912696499032,0,0
7,visit,3270,3312.3333333333335,z31,z31,,depot_south,central,False,41.67047475243242,0.0,40.29047475243242,4.6,0,0
38,visit,3270,3296.6846079563875,z21,z21,,depot_south,local,False,42.01549837945038,0.0,40.063883663375506,6.505382386916237,0,0
2,trip,3280,3288.8333333333335,z11,z10,toy-0007424,,,False,29.378950761551025,0.0,28.583950761551023,0.35,2.3,0
1,trip,3280,3288.8333333333335,z22,z21,toy-0007428,,,False,41.8908402554246,0.0,41.0958402554246,0.35,2.3,0
4,trip,3280,3298.309854494165,z20,z32,toy-0007422,,,False,44.0142261910507,0.0,42.36633928657585,0.35,5.142956348249516,0
11,trip,3280,3292.0089706448603,z31,z22,toy-0007427,,,False,23.28708359129355,0.0,22.206276233256112,0.35,3.2526911934581184,0
0,trip,3280,3292.0089706448603,z32,z21,toy-0007429,,,False,27.333608233876067,0.0,26.25280087583863,0.35,3.2526911934581184,0
24,trip,3280,3304.1666666666665,z01,z31,toy-0007423,,,False,15.120862839410258,0.0,12.945862839410257,0.35,6.8999999999999995,0
41,trip,3280,3298.309854494165,z11,z32,toy-0007425,,,False,42.06261147497518,0.0,40.414724570500326,0.35,5.142956348249516,0
14,trip,3280,3296.5,z31,z11,toy-0007426,,,False,44.23628211047028,0.0,42.75128211047028,0.35,4.6,0
42,trip,3280,3296.5,z11,z31,toy-0007432,,,False,47.024192641962486,0.0,45.53919264196249,0.35,4.6,0
23,trip,3280,3288.8333333333335,z31,z21,toy-0007435,,,False,23.617480449446983,0.0,22.822480449446985,0.35,2.3,0
28,trip,3280,3292.0089706448603,z22,z11,toy-0007439,,,False,45.838385283925156,0.0,44.75757792588772,0.35,3.2526911934581184,0
51,trip,3280,3298.309854494165,z22,z10,toy-0007438,,,False,39.48341883301306,0.0,37.83553192853821,0.35,5.142956348249516,0
5,trip,3280,3292.0089706448603,z20,z31,toy-0007431,,,False,29.669024521683404,0.0,28.588217163645968,0.35,3.2526911934581184,0
13,trip,3280,3296.5,z21,z01,toy-0007433,,,False,35.61983253142165,0.0,34.13483253142165,0.35,4.6,0
64,trip,3280,3292.0089706448603,z20,z11,toy-0007430,,,False,44.581305737487554,0.0,43.50049837945012,0.35,3.2526911934581184,0
36,trip,3280,3298.309854494165,z31,z12,toy-0007436,,,False,26.411562236526326,0.0,24.76367533205147,0.35,5.142956348249516,0
40,trip,3280,3296.5,z12,z10,toy-0007437,,,False,27.144718179211264,0.0,25.659718179211264,0.35,4.6,0
70,trip,3280,3288.8333333333335,z21,z31,toy-0007434,,,False,38.90726894730054,0.0,38.112268947300535,0.35,2.3,0
21,visit,3280,3341.286375654997,z22,z22,,depot_south,central,False,36.561998743314525,0.0,33.476224934364815,10.285912696499032,0,0
30,visit,3280,3341.286375654997,z12,z12,,depot_west,central,False,40.05011657958984,0.0,36.96434277064013,10.285912696499032,0,0
19,visit,3280,3322.3333333333335,z20,z20,,depot_south,central,False,41.86338528392561,0.0,40.48338528392561,4.6,0,0
62,visit,3280,3337.6858777723583,z22,z22,,depot_south,,False,13.877050042205914,35.66583686226894,46.457113095525145,10.285912696499032,0,21.39950211736136
39,trip,3290,3298.8333333333335,z31,z32,toy-0007444,,,False,35.353910821173315,0.0,34.55891082117331,0.35,2.3,0
35,trip,3290,3308.309854494165,z32,z20,toy-0007445,,,False,27.32158875750601,0.0,25.673701853031154,0.35,5.142956348249516,0
2,trip,3290,3308.309854494165,z10,z22,toy-0007440,,,False,28.58395076155105,0.0,26.936063857076196,0.35,5.142956348249516,0
54,trip,3290,3306.5,z32,z12,toy-0007447,,,False,35.59494049234333,0.0,34.109940492343334,0.35,4.6,0
55,trip,3290,3306.5,z32,z30,toy-0007446,,,False,33.026175602484166,0.0,31.541175602484167,0.35,4.6,0
31,trip,3290,3306.5,z01,z21,toy-0007442,,,False,19.071228979220837,0.0,17.586228979220838,0.35,4.6,0
12,trip,3290,3298.8333333333335,z20,z10,toy-0007441,,,False,37.095822247332386,0.0,36.300822247332384,0.35,2.3,0
49,trip,3290,3298.8333333333335,z11,z21,toy-0007443,,,False,41.343418833012706,0.0,40.548418833012704,0.35,2.3,0
1,trip,3290,3298.8333333333335,z21,z20,toy-0007453,,,False,41.095840255424626,0.0,40.300840255424625,0.35,2.3,0
27,trip,3290,3298.8333333333335,z20,z21,toy-0007451,,,False,41.774192641962905,0.0,40.979192641962904,0.35,2.3,0
16,trip,3290,3298.8333333333335,z22,z32,toy-0007455,,,False,41.4080791992993,0.0,40.6130791992993,0.35,2.3,0
52,trip,3290,3306.5,z22,z20,toy-0007454,,,False,42.46419264196302,0.0,40.97919264196302,0.35,4.6,0
10,trip,3290,3308.309854494165,z10,z31,toy-0007449,,,False,30.86563988945914,0.0,29.217752984984283,0.35,5.142956348249516,0
32,trip,3290,3312.851274623054,z10,z32,toy-0007450,,,False,42.06641369840906,0.0,40.00979898233419,0.35,6.505382386916237,0
3,trip,3290,3318.809226445224,z00,z32,toy-0007448,,,False,31.957701548468037,0.0,29.364871168397883,0.35,8.292767933567175,0
60,trip,3290,3298.8333333333335,z32,z31,toy-0007456,,,False,37.0238772720858,0.0,36.228877272085796,0.35,2.3,0
47,trip,3290,3308.309854494165,z01,z20,toy-0007452,,,False,39.56563988945909,0.0,37.91775298498424,0.35,5.142956348249516,0
29,visit,3290,3300.0,z30,z30,,depot_south,,True,36.188470254647356,9.444444444444446,45.4229146990918,0.7,0,5.666666666666668
11,trip,3300,3312.0089706448603,z22,z31,toy-0007472,,,False,22.206276233256126,0.0,21.12546887521869,0.35,3.2526911934581184,0
4,trip,3300,3308.8333333333335,z32,z22,toy-0007474,,,False,42.36633928657585,0.0,41.57133928657585,0.35,2.3,0
8,trip,3300,3308.8333333333335,z10,z20,toy-0007458,,,False,38.753826487269684,0.0,37.95882648726968,0.35,2.3,0
36,trip,3300,3318.309854494165,z12,z20,toy-0007466,,,False,24.763675332051484,0.0,23.11578842757663,0.35,5.142956348249516,0
1,trip,3300,3316.5,z20,z22,toy-0007461,,,False,40.30084025542465,0.0,38.81584025542465,0.35,4.6,0
50,trip,3300,3318.309854494165,z12,z31,toy-0007469,,,False,17.143515177131857,0.0,15.495628272657001,0.35,5.142956348249516,0
0,trip,3300,3308.8333333333335,z21,z31,toy-0007463,,,False,26.252800875838645,0.0,25.457800875838643,0.35,2.3,0
45,trip,3300,3312.0089706448603,z10,z21,toy-0007460,,,False,41.517254605534355,0.0,40.43644724749692,0.35,3.2526911934581184,0
73,trip,3300,3318.309854494165,z22,z01,toy-0007471,,,False,45.82499999999965,0.0,44.177113095524795,0.35,5.142956348249516,0
15,trip,3300,3325.410795394624,z00,z31,toy-0007457,,,False,40.05478109490543,0.0,37.767809509389245,0.35,7.273238618387272,0
76,trip,3300,3308.8333333333335,z12,z11,toy-0007467,,,False,30.782860945906027,0.0,29.98786094590603,0.35,2.3,0
33,trip,3300,3318.309854494165,z32,z11,toy-0007473,,,False,34.12786094590548,0.0,32.47997404143063,0.35,5.142956348249516,0
79,trip,3300,3312.0089706448603,z12,z21,toy-0007468,,,False,22.60781079790847,0.0,21.527003439871034,0.35,3.2526911934581184,0
51,trip,3300,3316.5,z10,z30,toy-0007459,,,False,37.83553192853821,0.0,36.35053192853821,0.35,4.6,0
14,trip,3300,3323.0,z11,z32,toy-0007470,,,False,42.75128211047027,0.0,40.68128211047027,2.3,4.6,0
18,trip,3300,3312.0089706448603,z21,z32,toy-0007464,,,False,38.41470094348281,0.0,37.33389358544538,0.35,3.2526911934581184,0
5,trip,3300,3312.0089706448603,z31,z22,toy-0007465,,,False,28.588217163645982,0.0,27.507409805608546,0.35,3.2526911934581184,0
22,trip,3300,3308.8333333333335,z21,z11,toy-0007462,,,False,37.62099675890057,0.0,36.825996758900565,0.35,2.3,0
28,trip,3300,3318.309854494165,z11,z32,toy-0007482,,,False,44.75757792588773,0.0,43.10969102141288,0.35,5.142956348249516,0
75,trip,3300,3312.0089706448603,z20,z31,toy-0007476,,,False,39.82014151000893,0.0,38.7393341519715,0.35,3.2526911934581184,0
29,trip,3300,3316.5,z30,z32,toy-0007478,,,False,45.42291469909157,0.0,43.93791469909157,0.35,4.6,0
77,trip,3300,3308.8333333333335,z22,z21,toy-0007489,,,False,46.457113095525145,0.0,45.66211309552514,0.35,2.3,0
39,trip,3300,3308.8333333333335,z32,z31,toy-0007491,,,False,34.55891082117334,0.0,33.76391082117334,0.35,2.3,0
13,trip,3300,3318.309854494165,z01,z22,toy-0007480,,,False,34.134832531421644,0.0,32.48694562694679,0.35,5.142956348249516,0
9,trip,3300,3312.0089706448603,z31,z20,toy-0007485,,,False,40.302577925887775,0.0,39.22177056785034,0.35,3.2526911934581184,0
20,trip,3300,3318.309854494165,z02,z21,toy-0007488,,,False,39.24211309552498,0.0,37.594226191050126,0.35,5.142956348249516,0
41,trip,3300,3312.0089706448603,z32,z21,toy-0007490,,,False,40.414724570500326,0.0,39.33391721246289,0.35,3.2526911934581184,0
17,trip,3300,3308.8333333333335,z31,z32,toy-0007487,,,False,38.1385267939344,0.0,37.3435267939344,0.35,2.3,0
42,trip,3300,3308.8333333333335,z31,z21,toy-0007486,,,False,45.53919264196248,0.0,44.74419264196248,0.35,2.3,0
63,trip,3300,3316.5,z11,z31,toy-0007481,,,False,45.539192641962316,0.0,44.05419264196232,0.35,4.6,0
23,trip,3300,3312.0089706448603,z21,z10,toy-0007483,,,False,22.82248044944701,0.0,21.741673091409574,0.35,3.2526911934581184,0
27,trip,3300,3308.8333333333335,z21,z22,toy-0007484,,,False,40.97919264196293,0.0,40.18419264196293,0.35,2.3,0
48,trip,3300,3324.1666666666665,z01,z31,toy-0007479,,,False,47.30999999999978,0.0,45.134999999999785,0.35,6.8999999999999995,0
85,trip,3300,3316.5,z20,z00,toy-0007475,,,False,42.225498379450464,0.0,40.740498379450464,0.35,4.6,0
57,trip,3300,3308.8333333333335,z30,z31,toy-0007477,,,False,40.93469102141307,0.0,40.13969102141307,0.35,2.3,0
40,visit,3300,3320.3333333333335,z10,z10,,depot_west,local,False,25.659718179211264,0.0,24.279718179211265,4.6,0,0
12,visit,3300,3320.3333333333335,z10,z10,,depot_west,local,False,36.30082224733241,0.0,34.92082224733241,4.6,0,0
16,visit,3300,3335.6666666666665,z32,z32,,depot_south,local,False,40.61307919929933,0.0,37.85307919929933,9.2,0,0
64,visit,3300,3326.6846079563875,z11,z11,,depot_west,local,False,43.50049837945013,0.0,41.54888366337526,6.505382386916237,0,0
2,trip,3310,3322.0089706448603,z22,z31,toy-0007503,,,False,26.93606385707621,0.0,25.855256499038774,0.35,3.2526911934581184,0
22,trip,3310,3322.0089706448603,z11,z22,toy-0007499,,,False,36.825996758900594,0.0,35.74518940086316,0.35,3.2526911934581184,0
34,trip,3310,3328.309854494165,z00,z21,toy-0007493,,,False,43.89130573748747,0.0,42.24341883301262,0.35,5.142956348249516,0
6,trip,3310,3328.309854494165,z20,z12,toy-0007497,,,False,37.87228176333197,0.0,36.22439485885712,0.35,5.142956348249516,0
31,trip,3310,3318.8333333333335,z21,z31,toy-0007500,,,False,17.586228979220838,0.0,16.79122897922084,0.35,2.3,0
59,trip,3310,3318.8333333333335,z00,z10,toy-0007492,,,False,40.43762934752264,0.0,39.642629347522636,0.35,2.3,0
4,trip,3310,3318.8333333333335,z22,z32,toy-0007504,,,False,41.57133928657588,0.0,40.776339286575876,0.35,2.3,0
78,trip,3310,3326.5,z10,z12,toy-0007496,,,False,17.139698611931177,0.0,15.654698611931178,0.35,4.6,0
26,trip,3310,3335.410795394624,z02,z31,toy-0007502,,,False,40.525963209812964,0.0,38.23899162429678,0.35,7.273238618387272,0
80,trip,3310,3328.309854494165,z10,z31,toy-0007495,,,False,16.214977572210987,0.0,14.567090667736132,0.35,5.142956348249516,0
89,trip,3310,3318.8333333333335,z10,z11,toy-0007494,,,False,24.383217815347138,0.0,23.588217815347136,0.35,2.3,0
8,trip,3310,3328.309854494165,z20,z32,toy-0007498,,,False,37.95882648726971,0.0,36.31093958279486,0.35,5.142956348249516,0
24,trip,3310,3326.5,z31,z11,toy-0007501,,,False,12.945862839410271,0.0,11.460862839410272,0.35,4.6,0
27,trip,3310,3328.309854494165,z22,z30,toy-0007517,,,False,40.18419264196296,0.0,38.53630573748811,0.35,5.142956348249516,0
83,trip,3310,3335.410795394624,z00,z31,toy-0007505,,,False,41.26761147497555,0.0,38.98063988945937,0.35,7.273238618387272,0
39,trip,3310,3318.8333333333335,z31,z32,toy-0007513,,,False,33.76391082117337,0.0,32.96891082117337,0.35,2.3,0
38,trip,3310,3322.0089706448603,z21,z12,toy-0007511,,,False,40.063883663375506,0.0,38.983076305338074,0.35,3.2526911934581184,0
42,trip,3310,3322.0089706448603,z21,z32,toy-0007512,,,False,44.744192641962506,0.0,43.663385283925074,0.35,3.2526911934581184,0
54,trip,3310,3328.309854494165,z12,z31,toy-0007515,,,False,34.10994049234333,0.0,32.462053587868475,0.35,5.142956348249516,0
35,trip,3310,3322.0089706448603,z20,z31,toy-0007506,,,False,25.67370185303117,0.0,24.592894494993732,0.35,3.2526911934581184,0
55,trip,3310,3328.309854494165,z30,z22,toy-0007507,,,False,31.54117560248416,0.0,29.893288698009304,0.35,5.142956348249516,0
43,trip,3310,3334.1666666666665,z02,z32,toy-0007514,,,False,18.317303058798384,0.0,16.142303058798383,0.35,6.8999999999999995,0
76,trip,3310,3326.5,z11,z31,toy-0007510,,,False,29.987860945906053,0.0,28.502860945906054,0.35,4.6,0
49,trip,3310,3325.3333333333335,z21,z21,toy-0007509,,,False,40.54841883301273,0.0,39.16841883301273,2.3,2.3,0
37,trip,3310,3322.0089706448603,z22,z31,toy-0007518,,,False,14.073548726219542,0.0,12.992741368182106,0.35,3.2526911934581184,0
46,trip,3310,3325.3333333333335,z02,z22,toy-0007516,,,False,46.62000000000034,0.0,45.240000000000336,2.3,2.3,0
65,trip,3310,3318.8333333333335,z32,z31,toy-0007520,,,False,44.349219148059944,0.0,43.55421914805994,0.35,2.3,0
53,trip,3310,3335.410795394624,z01,z32,toy-0007508,,,False,43.64999999999985,0.0,41.363028414483665,0.35,7.273238618387272,0
66,trip,3310,3335.410795394624,z32,z01,toy-0007519,,,False,39.85772452378459,0.0,37.570752938268406,0.35,7.273238618387272,0
0,visit,3310,3330.3333333333335,z31,z31,,depot_south,local,False,25.45780087583867,0.0,24.077800875838673,4.6,0,0
10,visit,3310,3330.3333333333335,z31,z31,,depot_south,local,False,29.217752984984298,0.0,27.8377529849843,4.6,0,0
17,visit,3310,3345.6666666666665,z32,z32,,depot_south,local,False,37.34352679393443,0.0,34.58352679393443,9.2,0,0
52,visit,3310,3330.3333333333335,z20,z20,,depot_south,local,False,40.97919264196301,0.0,39.59919264196301,4.6,0,0
3,trip,3320,3328.8333333333335,z32,z22,toy-0007544,,,False,29.36487116839789,0.0,28.56987116839789,0.35,2.3,0
4,trip,3320,3328.8333333333335,z32,z31,toy-0007543,,,False,40.776339286575904,0.0,39.9813392865759,0.35,2.3,0
23,trip,3320,3342.851274623054,z10,z32,toy-0007524,,,False,21.741673091409588,0.0,19.685058375334716,0.35,6.505382386916237,0
59,trip,3320,3338.309854494165,z10,z02,toy-0007523,,,False,39.642629347522664,0.0,37.99474244304781,0.35,5.142956348249516,0
7,trip,3320,3344.1666666666665,z31,z01,toy-0007536,,,False,40.29047475243245,0.0,38.115474752432455,0.35,6.8999999999999995,0
31,trip,3320,3328.8333333333335,z31,z21,toy-0007537,,,False,16.791228979220865,0.0,15.996228979220865,0.35,2.3,0
56,trip,3320,3328.8333333333335,z01,z11,toy-0007528,,,False,16.706618760931427,0.0,15.911618760931427,0.35,2.3,0
44,trip,3320,3332.0089706448603,z31,z22,toy-0007538,,,False,28.952302496388008,0.0,27.87149513835057,0.35,3.2526911934581184,0
50,trip,3320,3338.309854494165,z31,z10,toy-0007534,,,False,15.495628272657013,0.0,13.84774136818216,0.35,5.142956348249516,0
84,trip,3320,3348.809226445224,z00,z32,toy-0007522,,,False,46.51499999999973,0.0,43.922169619929576,0.35,8.292767933567175,0
51,trip,3320,3332.0089706448603,z30,z21,toy-0007526,,,False,36.3505319285382,0.0,35.26972457050077,0.35,3.2526911934581184,0
61,trip,3320,3332.0089706448603,z01,z12,toy-0007531,,,False,33.57951949309677,0.0,32.498712135059336,0.35,3.2526911934581184,0
73,trip,3320,3336.5,z01,z21,toy-0007529,,,False,44.177113095524795,0.0,42.692113095524796,0.35,4.6,0
20,trip,3320,3328.8333333333335,z21,z31,toy-0007533,,,False,37.594226191050126,0.0,36.799226191050124,0.35,2.3,0
33,trip,3320,3332.0089706448603,z11,z20,toy-0007532,,,False,32.47997404143063,0.0,31.399166683393194,0.35,3.2526911934581184,0
87,trip,3320,3349.351274623054,z01,z22,toy-0007521,,,False,28.61783731888769,0.0,25.976222602812822,2.3,6.505382386916237,0
58,trip,3320,3328.8333333333335,z30,z31,toy-0007527,,,False,44.045750181932135,0.0,43.25075018193213,0.35,2.3,0
18,trip,3320,3332.0089706448603,z32,z21,toy-0007542,,,False,37.33389358544539,0.0,36.253086227407955,0.35,3.2526911934581184,0
88,trip,3320,3335.3333333333335,z01,z12,toy-0007539,,,False,35.34341883301264,0.0,33.96341883301264,2.3,2.3,0
1,trip,3320,3343.0,z22,z32,toy-0007540,,,False,38.815840255424646,0.0,36.745840255424646,2.3,4.6,0
57,trip,3320,3328.8333333333335,z31,z30,toy-0007535,,,False,40.1396910214131,0.0,39.3446910214131,0.35,2.3,0
9,trip,3320,3328.8333333333335,z20,z21,toy-0007525,,,False,39.22177056785035,0.0,38.42677056785035,0.35,2.3,0
5,trip,3320,3332.0089706448603,z22,z11,toy-0007541,,,False,27.50740980560856,0.0,26.426602447571124,0.35,3.2526911934581184,0
41,trip,3320,3358.3333333333335,z21,z31,toy-0007530,,,False,39.3339172124629,0.0,35.8839172124629,4.6,6.8999999999999995,0
36,trip,3320,3332.0089706448603,z20,z31,toy-0007549,,,False,23.115788427576643,0.0,22.034981069539207,0.35,3.2526911934581184,0
13,trip,3320,3328.8333333333335,z22,z32,toy-0007564,,,False,32.48694562694679,0.0,31.69194562694679,0.35,2.3,0
45,trip,3320,3344.809854494165,z21,z32,toy-0007554,,,False,40.43644724749693,0.0,38.203560343022076,2.3,5.142956348249516,0
81,trip,3320,3328.8333333333335,z22,z21,toy-0007562,,,False,37.89969105486497,0.0,37.104691054864965,0.35,2.3,0
47,trip,3320,3344.809854494165,z20,z31,toy-0007547,,,False,37.91775298498424,0.0,35.68486608050939,2.3,5.142956348249516,0
77,trip,3320,3358.827795783886,z21,z20,toy-0007559,,,False,45.66211309552517,0.0,42.167611474975445,5.142956348249516,6.505382386916237,0
79,trip,3320,3343.0,z21,z22,toy-0007550,,,False,21.52700343987105,0.0,19.45700343987105,2.3,4.6,0
60,trip,3320,3345.410795394624,z31,z00,toy-0007556,,,False,36.228877272085825,0.0,33.94190568656964,0.35,7.273238618387272,0
63,trip,3320,3354.286375654997,z31,z22,toy-0007548,,,False,44.05419264196231,0.0,40.9684188330126,5.142956348249516,5.142956348249516,0
69,trip,3320,3347.985491805692,z31,z32,toy-0007551,,,False,21.46050596996912,0.0,18.94181170745683,3.2526911934581184,5.142956348249516,0
28,trip,3320,3346.175637311527,z32,z21,toy-0007560,,,False,43.10969102141288,0.0,40.75388366337544,4.6,3.2526911934581184,0
32,trip,3320,3338.309854494165,z32,z20,toy-0007565,,,False,40.009798982334196,0.0,38.361912077859344,0.35,5.142956348249516,0
70,trip,3320,3349.351274623054,z31,z12,toy-0007552,,,False,38.112268947300564,0.0,35.470654231225694,2.3,6.505382386916237,0
72,trip,3320,3350.6666666666665,z31,z31,toy-0007553,,,False,34.827254605534414,0.0,32.067254605534416,4.6,4.6,0
75,trip,3320,3328.8333333333335,z31,z32,toy-0007558,,,False,38.739334151971505,0.0,37.9443341519715,0.35,2.3,0
86,trip,3320,3338.309854494165,z31,z12,toy-0007557,,,False,45.148385283925116,0.0,43.50049837945026,0.35,5.142956348249516,0
39,trip,3320,3364.785747606056,z32,z12,toy-0007545,,,False,32.968910821173395,0.0,28.93819353662839,8.292767933567175,5.142956348249516,0
67,trip,3320,3338.5089706448603,z32,z22,toy-0007555,,,False,45.73338528392532,0.0,44.06757792588789,3.2526911934581184,2.3,0
68,trip,3320,3338.5089706448603,z32,z31,toy-0007563,,,False,46.62000000000006,0.0,44.95419264196263,2.3,3.2526911934581184,0
71,trip,3320,3352.476521160832,z32,z31,toy-0007561,,,False,16.706636648359783,0.0,13.783749743884929,4.6,5.142956348249516,0
74,trip,3320,3352.526911934581,z32,z21,toy-0007546,,,False,36.19177056784993,0.0,33.26434849373762,6.505382386916237,3.2526911934581184,0
11,visit,3320,3340.3333333333335,z31,z31,,depot_south,local,False,21.125468875218704,0.0,19.745468875218705,4.6,0,0
89,visit,3320,3346.6846079563875,z11,z11,,depot_west,local,False,23.588217815347164,0.0,21.636603099272293,6.505382386916237,0,0
85,visit,3320,3330.0,z00,z00,,depot_west,local,True,40.74049837945046,4.444444444444445,44.9749428238949,0.7,0,2.666666666666667
65,visit,3320,3340.3333333333335,z31,z31,,depot_south,local,False,43.55421914805997,0.0,42.17421914805997,4.6,0,0
29,visit,3320,3377.6666666666665,z32,z32,,depot_south,central,False,43.937914699091564,0.0,41.177914699091566,9.2,0,0
27,trip,3330,3346.5,z30,z32,toy-0007569,,,False,38.53630573748811,0.0,37.05130573748811,0.35,4.6,0
19,trip,3330,3342.0089706448603,z20,z11,toy-0007567,,,False,40.48338528392564,0.0,39.40257792588821,0.35,3.2526911934581184,0
9,trip,3330,3338.8333333333335,z21,z31,toy-0007572,,,False,38.426770567850376,0.0,37.631770567850374,0.35,2.3,0
13,trip,3330,3338.8333333333335,z32,z31,toy-0007578,,,False,31.691945626946815,0.0,30.896945626946817,0.35,2.3,0
6,trip,3330,3361.910795394624,z12,z31,toy-0007574,,,False,36.22439485885712,0.0,33.35242327334093,2.3,7.273238618387272,0
85,trip,3330,3355.410795394624,z00,z31,toy-0007566,,,False,44.97494282389467,0.0,42.68797123837849,0.35,7.273238618387272,0
38,trip,3330,3353.0,z12,z22,toy-0007575,,,False,38.98307630533808,0.0,36.91307630533808,2.3,4.6,0
31,trip,3330,3342.0089706448603,z21,z32,toy-0007573,,,False,15.996228979220891,0.0,14.915421621183455,0.35,3.2526911934581184,0
57,trip,3330,3348.309854494165,z30,z11,toy-0007568,,,False,39.34469102141313,0.0,37.696804116938274,0.35,5.142956348249516,0
49,trip,3330,3338.8333333333335,z21,z20,toy-0007570,,,False,39.16841883301276,0.0,38.37341883301276,0.35,2.3,0
3,trip,3330,3345.3333333333335,z22,z11,toy-0007571,,,False,28.569871168397917,0.0,27.189871168397918,2.3,2.3,0
14,trip,3330,3348.309854494165,z32,z11,toy-0007577,,,False,40.68128211047027,0.0,39.03339520599542,0.35,5.142956348249516,0
42,trip,3330,3352.851274623054,z32,z10,toy-0007576,,,False,43.66338528392508,0.0,41.60677056785021,0.35,6.505382386916237,0
75,trip,3330,3342.0089706448603,z32,z21,toy-0007596,,,False,37.94433415197153,0.0,36.8635267939341,0.35,3.2526911934581184,0
20,trip,3330,3342.0089706448603,z31,z20,toy-0007589,,,False,36.79922619105015,0.0,35.71841883301272,0.35,3.2526911934581184,0
22,trip,3330,3338.8333333333335,z22,z12,toy-0007595,,,False,35.74518940086317,0.0,34.95018940086317,0.35,2.3,0
24,trip,3330,3342.0089706448603,z11,z22,toy-0007587,,,False,11.460862839410272,0.0,10.380055481372835,0.35,3.2526911934581184,0
35,trip,3330,3346.5,z31,z11,toy-0007590,,,False,24.592894494993747,0.0,23.107894494993747,0.35,4.6,0
46,trip,3330,3342.0089706448603,z22,z31,toy-0007594,,,False,45.240000000000364,0.0,44.15919264196293,0.35,3.2526911934581184,0
78,trip,3330,3353.0,z12,z20,toy-0007593,,,False,15.65469861193118,0.0,13.584698611931179,2.3,4.6,0
56,trip,3330,3346.5,z11,z31,toy-0007586,,,False,15.911618760931454,0.0,14.426618760931454,0.35,4.6,0
37,trip,3330,3354.809854494165,z31,z02,toy-0007588,,,False,12.992741368182118,0.0,10.759854463707264,2.3,5.142956348249516,0
48,trip,3330,3338.8333333333335,z31,z21,toy-0007591,,,False,45.13499999999979,0.0,44.33999999999979,0.35,2.3,0
12,trip,3330,3348.5089706448603,z10,z11,toy-0007579,,,False,34.920822247332445,0.0,33.25501488929501,2.3,3.2526911934581184,0
64,trip,3330,3361.910795394624,z11,z32,toy-0007584,,,False,41.54888366337526,0.0,38.67691207785907,2.3,7.273238618387272,0
40,trip,3330,3363.8423039781937,z10,z31,toy-0007582,,,False,24.27971817921129,0.0,21.233910821173854,3.2526911934581184,6.8999999999999995,0
54,trip,3330,3342.0089706448603,z31,z22,toy-0007592,,,False,32.462053587868475,0.0,31.38124622983104,0.35,3.2526911934581184,0
58,trip,3330,3345.3333333333335,z31,z31,toy-0007581,,,False,43.25075018193216,0.0,41.87075018193216,2.3,2.3,0
76,trip,3330,3353.0,z31,z21,toy-0007585,,,False,28.502860945906054,0.0,26.432860945906054,4.6,2.3,0
80,trip,3330,3370.1431878274984,z31,z22,toy-0007583,,,False,14.567090667736142,0.0,10.954203763261289,6.8999999999999995,5.142956348249516,0
82,trip,3330,3372.9758931118904,z32,z02,toy-0007580,,,False,18.631670197447743,0.0,14.76383981737759,8.292767933567175,4.6,0
2,visit,3330,3372.3333333333335,z31,z31,,depot_south,central,False,25.855256499038788,0.0,24.47525649903879,4.6,0,0
55,visit,3330,3369.286375654997,z22,z22,,depot_south,local,False,29.893288698009318,0.0,26.807514889059608,10.285912696499032,0,0
8,visit,3330,3390.2851195571143,z32,z32,,depot_west,local,False,36.31093958279486,0.0,31.335278822654555,16.58553586713435,0,0
81,visit,3330,3391.286375654997,z21,z21,,depot_west,central,False,37.10469105486499,0.0,34.01891724591528,10.285912696499032,0,0
15,visit,3330,3383.488257455915,z31,z31,,depot_west,local,False,37.76780950938926,0.0,33.4038663383569,14.546477236774544,0,0
4,visit,3330,3383.488257455915,z31,z31,,depot_west,local,False,39.98133928657593,0.0,35.61739611554357,14.546477236774544,0,0
34,visit,3330,3369.286375654997,z21,z21,,depot_west,local,False,42.24341883301262,0.0,39.15764502406291,10.285912696499032,0,0
22,trip,3340,3348.8333333333335,z12,z11,toy-0007612,,,False,34.950189400863195,0.0,34.15518940086319,0.35,2.3,0
5,trip,3340,3369.351274623054,z11,z32,toy-0007599,,,False,26.42660244757114,0.0,23.78498773149627,2.3,6.505382386916237,0
16,trip,3340,3348.8333333333335,z32,z31,toy-0007616,,,False,37.85307919929931,0.0,37.05807919929931,0.35,2.3,0
18,trip,3340,3348.8333333333335,z21,z31,toy-0007606,,,False,36.25308622740796,0.0,35.45808622740796,0.35,2.3,0
32,trip,3340,3348.8333333333335,z20,z21,toy-0007601,,,False,38.361912077859344,0.0,37.56691207785934,0.35,2.3,0
33,trip,3340,3352.0089706448603,z20,z31,toy-0007602,,,False,31.399166683393204,0.0,30.318359325355768,0.35,3.2526911934581184,0
66,trip,3340,3365.410795394624,z01,z30,toy-0007604,,,False,37.57075293826842,0.0,35.283781352752236,0.35,7.273238618387272,0
25,trip,3340,3364.809854494165,z12,z32,toy-0007605,,,False,34.77391721246362,0.0,32.54103030798877,2.3,5.142956348249516,0
61,trip,3340,3356.5,z12,z32,toy-0007614,,,False,32.49871213505934,0.0,31.013712135059343,0.35,4.6,0
52,trip,3340,3348.8333333333335,z20,z30,toy-0007600,,,False,39.59919264196304,0.0,38.80419264196304,0.35,2.3,0
0,trip,3340,3348.8333333333335,z31,z32,toy-0007608,,,False,24.077800875838697,0.0,23.282800875838696,0.35,2.3,0
73,trip,3340,3367.985491805692,z21,z31,toy-0007598,,,False,42.69211309552479,0.0,40.1734188330125,3.2526911934581184,5.142956348249516,0
88,trip,3340,3358.309854494165,z12,z31,toy-0007613,,,False,33.96341883301267,0.0,32.315531928537816,0.35,5.142956348249516,0
59,trip,3340,3358.309854494165,z02,z21,toy-0007610,,,False,37.99474244304781,0.0,36.34685553857296,0.35,5.142956348249516,0
44,trip,3340,3348.8333333333335,z22,z32,toy-0007615,,,False,27.871495138350586,0.0,27.076495138350587,0.35,2.3,0
9,trip,3340,3363.0,z31,z10,toy-0007603,,,False,37.6317705678504,0.0,35.5617705678504,2.3,4.6,0
10,trip,3340,3358.5089706448603,z31,z32,toy-0007607,,,False,27.837752984984323,0.0,26.171945626946886,2.3,3.2526911934581184,0
13,trip,3340,3355.3333333333335,z31,z22,toy-0007617,,,False,30.89694562694684,0.0,29.516945626946843,2.3,2.3,0
62,trip,3340,3377.017941289721,z22,z20,toy-0007597,,,False,46.45711309552521,0.0,43.125498379450335,6.505382386916237,4.6,0
26,trip,3340,3387.2441287279576,z31,z32,toy-0007611,,,False,38.238991624296794,0.0,33.987020038780614,7.273238618387272,6.8999999999999995,0
36,trip,3340,3375.0864327061513,z31,z11,toy-0007609,,,False,22.03498106953922,0.0,18.877202125985605,7.273238618387272,3.2526911934581184,0
68,trip,3340,3388.488257455915,z31,z31,toy-0007627,,,False,44.95419264196264,0.0,40.59024947093028,7.273238618387272,7.273238618387272,0
83,trip,3340,3361.6846079563875,z31,z31,toy-0007631,,,False,38.98063988945938,0.0,37.02902517338451,3.2526911934581184,3.2526911934581184,0
50,visit,3340,3403.2386885124242,z10,z10,,depot_west,central,False,13.847741368182168,34.84225863181783,47.309999999999995,4.6,0,20.905355179090698
43,visit,3340,3375.6666666666665,z32,z32,,depot_south,local,False,16.1423030587984,0.0,13.382303058798401,9.2,0,0
51,visit,3340,3366.6846079563875,z21,z21,,depot_south,local,False,35.26972457050078,0.0,33.318109854425906,6.505382386916237,0,0
49,visit,3340,3360.3333333333335,z20,z20,,depot_south,local,False,38.373418833012785,0.0,36.99341883301278,4.6,0,0
53,visit,3340,3375.6666666666665,z32,z32,,depot_south,local,False,41.36302841448368,0.0,38.60302841448368,9.2,0,0
86,visit,3340,3401.286375654997,z12,z12,,depot_west,central,False,43.50049837945026,0.0,40.41472457050055,10.285912696499032,0,0
67,visit,3340,3379.286375654997,z22,z22,,depot_south,local,False,44.0675779258879,0.0,40.98180411693819,10.285912696499032,0,0
48,visit,3340,3379.286375654997,z21,z21,,depot_west,local,False,44.33999999999982,0.0,41.25422619105011,10.285912696499032,0,0
28,trip,3350,3358.8333333333335,z21,z22,toy-0007647,,,False,40.75388366337543,0.0,39.95888366337543,0.35,2.3,0
7,trip,3350,3366.5,z01,z21,toy-0007644,,,False,38.11547475243246,0.0,36.63047475243246,0.35,4.6,0
3,trip,3350,3368.5089706448603,z11,z21,toy-0007636,,,False,27.189871168397943,0.0,25.524063810360506,2.3,3.2526911934581184,0
12,trip,3350,3374.809854494165,z11,z31,toy-0007637,,,False,33.255014889295026,0.0,31.022127984820173,2.3,5.142956348249516,0
60,trip,3350,3378.809226445224,z00,z32,toy-0007634,,,False,33.941905686569655,0.0,31.3490753064995,0.35,8.292767933567175,0
52,trip,3350,3368.309854494165,z30,z22,toy-0007642,,,False,38.80419264196307,0.0,37.15630573748822,0.35,5.142956348249516,0
14,trip,3350,3365.3333333333335,z11,z20,toy-0007635,,,False,39.03339520599542,0.0,37.653395205995416,2.3,2.3,0
30,trip,3350,3362.0089706448603,z12,z21,toy-0007651,,,False,36.96434277064012,0.0,35.88353541260269,0.35,3.2526911934581184,0
19,trip,3350,3380.6666666666665,z11,z31,toy-0007645,,,False,39.40257792588822,0.0,36.64257792588822,2.3,6.8999999999999995,0
70,trip,3350,3368.309854494165,z12,z31,toy-0007652,,,False,35.47065423122571,0.0,33.822767326750856,0.35,5.142956348249516,0
20,trip,3350,3366.5,z20,z22,toy-0007639,,,False,35.71841883301273,0.0,34.23341883301273,0.35,4.6,0
11,trip,3350,3368.5089706448603,z31,z21,toy-0007640,,,False,19.74546887521873,0.0,18.079661517181293,2.3,3.2526911934581184,0
21,trip,3350,3374.809854494165,z22,z20,toy-0007650,,,False,33.47622493436481,0.0,31.243338029889955,2.3,5.142956348249516,0
22,trip,3350,3366.5,z11,z31,toy-0007646,,,False,34.15518940086322,0.0,32.67018940086322,0.35,4.6,0
35,trip,3350,3385.0864327061513,z11,z31,toy-0007633,,,False,23.107894494993747,0.0,19.95011555144013,3.2526911934581184,7.273238618387272,0
32,trip,3350,3368.5089706448603,z21,z31,toy-0007638,,,False,37.56691207785937,0.0,35.90110471982194,2.3,3.2526911934581184,0
89,trip,3350,3374.809854494165,z11,z20,toy-0007643,,,False,21.636603099272293,0.0,19.40371619479744,2.3,5.142956348249516,0
0,trip,3350,3358.8333333333335,z32,z31,toy-0007653,,,False,23.282800875838724,0.0,22.487800875838722,0.35,2.3,0
16,trip,3350,3365.3333333333335,z31,z31,toy-0007641,,,False,37.058079199299335,0.0,35.67807919929933,2.3,2.3,0
18,trip,3350,3358.8333333333335,z31,z32,toy-0007649,,,False,35.45808622740799,0.0,34.66308622740799,0.35,2.3,0
46,trip,3350,3362.0089706448603,z31,z22,toy-0007648,,,False,44.15919264196294,0.0,43.078385283925506,0.35,3.2526911934581184,0
75,trip,3350,3358.8333333333335,z21,z31,toy-0007659,,,False,36.863526793934106,0.0,36.068526793934105,0.35,2.3,0
17,trip,3350,3358.8333333333335,z32,z31,toy-0007667,,,False,34.58352679393441,0.0,33.78852679393441,0.35,2.3,0
47,trip,3350,3368.5089706448603,z31,z32,toy-0007660,,,False,35.6848660805094,0.0,34.01905872247197,2.3,3.2526911934581184,0
54,trip,3350,3384.286375654997,z22,z22,toy-0007655,,,False,31.38124622983105,0.0,28.29547242088134,5.142956348249516,5.142956348249516,0
56,trip,3350,3374.809854494165,z31,z11,toy-0007654,,,False,14.426618760931454,0.0,12.1937318564566,5.142956348249516,2.3,0
27,trip,3350,3362.0089706448603,z32,z21,toy-0007666,,,False,37.0513057374881,0.0,35.97049837945067,0.35,3.2526911934581184,0
58,trip,3350,3375.410795394624,z31,z02,toy-0007661,,,False,41.87075018193219,0.0,39.583778596416,0.35,7.273238618387272,0
79,trip,3350,3368.5089706448603,z22,z21,toy-0007657,,,False,19.45700343987105,0.0,17.79119608183361,3.2526911934581184,2.3,0
65,trip,3350,3368.5089706448603,z31,z30,toy-0007658,,,False,42.174219148060004,0.0,40.50841179002257,2.3,3.2526911934581184,0
44,trip,3350,3358.8333333333335,z32,z22,toy-0007668,,,False,27.076495138350612,0.0,26.281495138350614,0.35,2.3,0
45,trip,3350,3380.6666666666665,z32,z32,toy-0007656,,,False,38.20356034302209,0.0,35.44356034302209,4.6,4.6,0
87,trip,3350,3362.0089706448603,z22,z11,toy-0007663,,,False,25.976222602812832,0.0,24.895415244775396,0.35,3.2526911934581184,0
69,trip,3350,3374.809854494165,z32,z10,toy-0007662,,,False,18.941811707456825,0.0,16.70892480298197,2.3,5.142956348249516,0
24,visit,3350,3412.784074508858,z22,z22,,depot_south,local,False,10.380055481372848,39.162831423102006,46.457113095525145,10.285912696499032,0,23.497698853861202
31,visit,3350,3406.3454136939567,z32,z32,,depot_south,local,False,14.915421621183468,34.46457837881653,46.620000000000005,9.2,0,20.67874702728992
23,visit,3350,3407.6666666666665,z32,z32,,depot_south,central,False,19.68505837533473,0.0,16.92505837533473,9.2,0,0
1,visit,3350,3385.6666666666665,z32,z32,,depot_south,local,False,36.745840255424646,0.0,33.98584025542465,9.2,0,0
57,visit,3350,3376.6846079563875,z11,z11,,depot_west,local,False,37.696804116938274,0.0,35.7451894008634,6.505382386916237,0,0
84,visit,3350,3410.2851195571143,z32,z32,,depot_west,local,False,43.922169619929576,0.0,38.94650885978927,16.58553586713435,0,0
77,trip,3360,3378.309854494165,z20,z32,toy-0007674,,,False,42.167611474975445,0.0,40.51972457050059,0.35,5.142956348249516,0
42,trip,3360,3382.851274623054,z10,z32,toy-0007670,,,False,41.60677056785022,0.0,39.55015585177535,0.35,6.505382386916237,0
13,trip,3360,3368.8333333333335,z22,z21,toy-0007691,,,False,29.516945626946868,0.0,28.72194562694687,0.35,2.3,0
59,trip,3360,3376.5,z21,z01,toy-0007683,,,False,36.34685553857296,0.0,34.86185553857296,0.35,4.6,0
10,trip,3360,3378.309854494165,z32,z11,toy-0007693,,,False,26.171945626946897,0.0,24.52405872247204,0.35,5.142956348249516,0
0,trip,3360,3368.8333333333335,z31,z21,toy-0007687,,,False,22.48780087583875,0.0,21.69280087583875,0.35,2.3,0
18,trip,3360,3378.309854494165,z32,z20,toy-0007692,,,False,34.663086227408016,0.0,33.015199322933164,0.35,5.142956348249516,0
37,trip,3360,3376.5,z02,z00,toy-0007689,,,False,10.759854463707272,0.0,9.274854463707273,0.35,4.6,0
74,trip,3360,3378.5089706448603,z21,z22,toy-0007681,,,False,33.26434849373762,0.0,31.598541135700184,2.3,3.2526911934581184,0
28,trip,3360,3383.0,z22,z32,toy-0007690,,,False,39.95888366337546,0.0,37.88888366337546,2.3,4.6,0
78,trip,3360,3372.0089706448603,z20,z31,toy-0007673,,,False,13.584698611931179,0.0,12.503891253893743,0.35,3.2526911934581184,0
76,trip,3360,3398.827795783886,z21,z22,toy-0007669,,,False,26.432860945906054,0.0,22.938359325356327,5.142956348249516,6.505382386916237,0
17,trip,3360,3368.8333333333335,z31,z32,toy-0007688,,,False,33.78852679393444,0.0,32.993526793934436,0.35,2.3,0
33,trip,3360,3391.910795394624,z31,z01,toy-0007675,,,False,30.318359325355782,0.0,27.4463877398396,2.3,7.273238618387272,0
38,trip,3360,3401.387316555456,z22,z32,toy-0007677,,,False,36.91307630533808,0.0,33.188217815347045,5.142956348249516,7.273238618387272,0
41,trip,3360,3372.0089706448603,z31,z20,toy-0007685,,,False,35.88391721246289,0.0,34.80310985442546,0.35,3.2526911934581184,0
71,trip,3360,3376.5,z31,z11,toy-0007686,,,False,13.783749743884913,0.0,12.298749743884914,0.35,4.6,0
44,trip,3360,3378.5089706448603,z22,z10,toy-0007678,,,False,26.28149513835064,0.0,24.615687780313202,3.2526911934581184,2.3,0
63,trip,3360,3375.3333333333335,z22,z11,toy-0007684,,,False,40.9684188330126,0.0,39.5884188330126,2.3,2.3,0
72,trip,3360,3387.985491805692,z31,z01,toy-0007671,,,False,32.06725460553439,0.0,29.548560343022096,3.2526911934581184,5.142956348249516,0
75,trip,3360,3393.8423039781937,z31,z10,toy-0007676,,,False,36.06852679393413,0.0,33.0227194358967,6.8999999999999995,3.2526911934581184,0
85,trip,3360,3390.6666666666665,z31,z31,toy-0007680,,,False,42.6879712383785,0.0,39.927971238378504,4.6,4.6,0
88,trip,3360,3386.175637311527,z31,z20,toy-0007679,,,False,32.315531928537816,0.0,29.95972457050038,4.6,3.2526911934581184,0
61,visit,3360,3420.2851195571143,z32,z32,,depot_west,local,False,31.01371213505934,0.0,26.038051374919036,16.58553586713435,0,0
14,trip,3370,3388.309854494165,z20,z12,toy-0007716,,,False,37.653395205995444,0.0,36.00550830152059,0.35,5.142956348249516,0
0,trip,3370,3378.8333333333335,z21,z31,toy-0007722,,,False,21.692800875838778,0.0,20.897800875838776,0.35,2.3,0
49,trip,3370,3382.0089706448603,z20,z31,toy-0007715,,,False,36.99341883301282,0.0,35.912611474975385,0.35,3.2526911934581184,0
87,trip,3370,3385.3333333333335,z11,z11,toy-0007717,,,False,24.89541524477541,0.0,23.51541524477541,2.3,2.3,0
39,trip,3370,3394.809854494165,z12,z21,toy-0007727,,,False,28.938193536628376,0.0,26.705306632153523,2.3,5.142956348249516,0
3,trip,3370,3393.0,z21,z31,toy-0007720,,,False,25.524063810360516,0.0,23.454063810360516,2.3,4.6,0
5,trip,3370,3398.809226445224,z32,z00,toy-0007735,,,False,23.78498773149628,0.0,21.192157351426125,0.35,8.292767933567175,0
20,trip,3370,3378.8333333333335,z22,z32,toy-0007734,,,False,34.23341883301272,0.0,33.43841883301272,0.35,2.3,0
6,trip,3370,3378.8333333333335,z31,z21,toy-0007725,,,False,33.35242327334095,0.0,32.55742327334095,0.35,2.3,0
7,trip,3370,3382.0089706448603,z21,z32,toy-0007723,,,False,36.630474752432455,0.0,35.54966739439502,0.35,3.2526911934581184,0
9,trip,3370,3397.985491805692,z10,z22,toy-0007718,,,False,35.5617705678504,0.0,33.04307630533811,3.2526911934581184,5.142956348249516,0
11,trip,3370,3394.809854494165,z21,z32,toy-0007721,,,False,18.079661517181304,0.0,15.846774612706449,2.3,5.142956348249516,0
16,trip,3370,3388.309854494165,z31,z10,toy-0007724,,,False,35.67807919929936,0.0,34.03019229482451,0.35,5.142956348249516,0
52,trip,3370,3385.3333333333335,z22,z02,toy-0007730,,,False,37.15630573748822,0.0,35.776305737488215,2.3,2.3,0
22,trip,3370,3378.8333333333335,z31,z32,toy-0007726,,,False,32.670189400863215,0.0,31.875189400863214,0.35,2.3,0
13,trip,3370,3414.785747606056,z21,z32,toy-0007714,,,False,28.721945626946894,0.0,24.691228342401885,5.142956348249516,8.292767933567175,0
55,trip,3370,3400.6666666666665,z22,z22,toy-0007728,,,False,26.807514889059604,0.0,24.047514889059606,4.6,4.6,0
17,trip,3370,3388.5089706448603,z32,z31,toy-0007733,,,False,32.993526793934464,0.0,31.327719435897027,2.3,3.2526911934581184,0
27,trip,3370,3385.3333333333335,z21,z01,toy-0007719,,,False,35.970498379450675,0.0,34.59049837945067,2.3,2.3,0
25,trip,3370,3378.8333333333335,z32,z31,toy-0007736,,,False,32.541030307988784,0.0,31.746030307988782,0.35,2.3,0
30,trip,3370,3388.5089706448603,z21,z22,toy-0007731,,,False,35.8835354126027,0.0,34.217728054565264,3.2526911934581184,2.3,0
34,trip,3370,3391.6846079563875,z21,z21,toy-0007729,,,False,39.1576450240629,0.0,37.20603030798803,3.2526911934581184,3.2526911934581184,0
51,trip,3370,3393.0,z21,z20,toy-0007732,,,False,33.318109854425906,0.0,31.248109854425905,2.3,4.6,0
79,trip,3370,3404.286375654997,z21,z21,toy-0007737,,,False,17.791196081833625,0.0,14.705422272883915,5.142956348249516,5.142956348249516,0
65,trip,3370,3378.8333333333335,z30,z31,toy-0007746,,,False,40.508411790022585,0.0,39.71341179002258,0.35,2.3,0
64,trip,3370,3402.476521160832,z32,z31,toy-0007755,,,False,38.67691207785909,0.0,35.754025173384235,4.6,5.142956348249516,0
40,trip,3370,3402.476521160832,z31,z10,toy-0007754,,,False,21.233910821173854,0.0,18.311023916699,5.142956348249516,4.6,0
66,trip,3370,3394.809854494165,z30,z32,toy-0007743,,,False,35.28378135275225,0.0,33.0508944482774,2.3,5.142956348249516,0
83,trip,3370,3404.286375654997,z31,z31,toy-0007740,,,False,37.02902517338451,0.0,33.9432513644348,5.142956348249516,5.142956348249516,0
70,visit,3370,3390.3333333333335,z31,z31,,depot_south,local,False,33.822767326750856,0.0,32.442767326750854,4.6,0,0
47,visit,3370,3405.6666666666665,z32,z32,,depot_south,local,False,34.01905872247198,0.0,31.259058722471984,9.2,0,0
32,visit,3370,3390.3333333333335,z31,z31,,depot_south,local,False,35.90110471982195,0.0,34.52110471982195,4.6,0,0
73,visit,3370,3445.488257455915,z31,z31,,depot_west,central,False,40.1734188330125,0.0,35.80947566198014,14.546477236774544,0,0
46,visit,3370,3440.369215912775,z22,z22,,depot_west,central,False,43.07838528392551,0.0,39.17515585177577,13.010764773832474,0,0
0,trip,3380,3388.8333333333335,z31,z32,toy-0007771,,,False,20.897800875838804,0.0,20.102800875838803,0.35,2.3,0
6,trip,3380,3392.0089706448603,z21,z32,toy-0007768,,,False,32.55742327334098,0.0,31.476615915303544,0.35,3.2526911934581184,0
18,trip,3380,3388.8333333333335,z20,z21,toy-0007763,,,False,33.015199322933164,0.0,32.22019932293316,0.35,2.3,0
48,trip,3380,3388.8333333333335,z21,z31,toy-0007767,,,False,41.2542261910501,0.0,40.4592261910501,0.35,2.3,0
58,trip,3380,3405.410795394624,z02,z31,toy-0007772,,,False,39.58377859641602,0.0,37.29680701089983,0.35,7.273238618387272,0
20,trip,3380,3392.0089706448603,z32,z21,toy-0007781,,,False,33.43841883301275,0.0,32.357611474975315,0.35,3.2526911934581184,0
2,trip,3380,3404.809854494165,z31,z22,toy-0007765,,,False,24.475256499038814,0.0,22.24236959456396,2.3,5.142956348249516,0
67,trip,3380,3392.0089706448603,z22,z31,toy-0007778,,,False,40.981804116938186,0.0,39.90099675890075,0.35,3.2526911934581184,0
74,trip,3380,3388.8333333333335,z22,z32,toy-0007779,,,False,31.5985411357002,0.0,30.8035411357002,0.35,2.3,0
10,trip,3380,3398.5089706448603,z11,z01,toy-0007775,,,False,24.524058722472056,0.0,22.85825136443462,2.3,3.2526911934581184,0
21,trip,3380,3392.0089706448603,z20,z31,toy-0007764,,,False,31.243338029889966,0.0,30.16253067185253,0.35,3.2526911934581184,0
22,trip,3380,3405.410795394624,z32,z01,toy-0007780,,,False,31.87518940086324,0.0,29.588217815347058,0.35,7.273238618387272,0
56,trip,3380,3395.3333333333335,z11,z11,toy-0007776,,,False,12.193731856456608,0.0,10.81373185645661,2.3,2.3,0
12,trip,3380,3392.0089706448603,z31,z22,toy-0007770,,,False,31.022127984820184,0.0,29.941320626782748,0.35,3.2526911934581184,0
57,trip,3380,3404.809854494165,z11,z00,toy-0007773,,,False,35.7451894008634,0.0,33.51230249638855,2.3,5.142956348249516,0
63,trip,3380,3392.0089706448603,z11,z22,toy-0007766,,,False,39.588418833012625,0.0,38.50761147497519,0.35,3.2526911934581184,0
69,trip,3380,3398.309854494165,z10,z22,toy-0007762,,,False,16.70892480298198,0.0,15.061037898507124,0.35,5.142956348249516,0
71,trip,3380,3409.351274623054,z11,z30,toy-0007774,,,False,12.298749743884914,0.0,9.657135027810043,2.3,6.505382386916237,0
25,trip,3380,3396.5,z31,z11,toy-0007769,,,False,31.746030307988807,0.0,30.261030307988808,0.35,4.6,0
80,trip,3380,3392.0089706448603,z22,z11,toy-0007777,,,False,10.954203763261283,0.0,9.873396405223847,0.35,3.2526911934581184,0
29,trip,3380,3398.309854494165,z32,z20,toy-0007799,,,False,41.177914699091545,0.0,39.53002779461669,0.35,5.142956348249516,0
59,trip,3380,3404.809854494165,z01,z30,toy-0007785,,,False,34.861855538572954,0.0,32.6289686340981,2.3,5.142956348249516,0
41,trip,3380,3407.985491805692,z20,z32,toy-0007787,,,False,34.803109854425465,0.0,32.284415591913174,3.2526911934581184,5.142956348249516,0
62,trip,3380,3395.3333333333335,z20,z11,toy-0007788,,,False,43.12549837945033,0.0,41.745498379450325,2.3,2.3,0
43,trip,3380,3403.0,z32,z02,toy-0007796,,,False,13.382303058798374,0.0,11.312303058798374,2.3,4.6,0
37,trip,3380,3392.0089706448603,z00,z11,toy-0007782,,,False,9.274854463707273,0.0,8.194047105669837,0.35,3.2526911934581184,0
53,trip,3380,3396.5,z32,z12,toy-0007802,,,False,38.60302841448366,0.0,37.11802841448366,0.35,4.6,0
65,trip,3380,3395.3333333333335,z31,z22,toy-0007790,,,False,39.71341179002261,0.0,38.33341179002261,2.3,2.3,0
82,trip,3380,3398.309854494165,z02,z10,toy-0007793,,,False,14.76383981737757,0.0,13.115952912902713,0.35,5.142956348249516,0
89,trip,3380,3423.369215912775,z20,z20,toy-0007794,,,False,19.403716194797447,0.0,15.500486762647705,6.505382386916237,6.505382386916237,0
78,trip,3380,3410.6666666666665,z31,z31,toy-0007786,,,False,12.503891253893755,0.0,9.743891253893755,4.6,4.6,0
77,trip,3380,3398.5089706448603,z32,z31,toy-0007789,,,False,40.51972457050059,0.0,38.85391721246316,3.2526911934581184,2.3,0
36,visit,3380,3406.6846079563875,z11,z11,,depot_west,local,False,18.877202125985608,0.0,16.925587409910737,6.505382386916237,0,0
44,visit,3380,3400.3333333333335,z10,z10,,depot_west,local,False,24.615687780313216,0.0,23.235687780313217,4.6,0,0
60,visit,3380,3437.6666666666665,z32,z32,,depot_south,central,False,31.3490753064995,0.0,28.589075306499502,9.2,0,0
30,trip,3390,3414.809854494165,z22,z20,toy-0007817,,,False,34.21772805456528,0.0,31.984841150090425,2.3,5.142956348249516,0
0,trip,3390,3398.8333333333335,z32,z31,toy-0007822,,,False,20.10280087583883,0.0,19.30780087583883,0.35,2.3,0
4,trip,3390,3405.3333333333335,z31,z31,toy-0007809,,,False,35.61739611554357,0.0,34.23739611554357,2.3,2.3,0
54,trip,3390,3402.0089706448603,z22,z31,toy-0007820,,,False,28.29547242088134,0.0,27.214665062843903,0.35,3.2526911934581184,0
88,trip,3390,3402.0089706448603,z20,z31,toy-0007807,,,False,29.959724570500363,0.0,28.878917212462927,0.35,3.2526911934581184,0
16,trip,3390,3414.809854494165,z10,z32,toy-0007808,,,False,34.03019229482451,0.0,31.797305390349656,2.3,5.142956348249516,0
15,trip,3390,3398.8333333333335,z31,z30,toy-0007814,,,False,33.4038663383569,0.0,32.6088663383569,0.35,2.3,0
27,trip,3390,3419.351274623054,z01,z22,toy-0007804,,,False,34.5904983794507,0.0,31.94888366337583,2.3,6.505382386916237,0
87,trip,3390,3425.0864327061513,z11,z31,toy-0007803,,,False,23.515415244775436,0.0,20.35763630122182,3.2526911934581184,7.273238618387272,0
17,trip,3390,3398.8333333333335,z31,z32,toy-0007815,,,False,31.32771943589704,0.0,30.532719435897043,0.35,2.3,0
18,trip,3390,3405.3333333333335,z21,z21,toy-0007811,,,False,32.22019932293319,0.0,30.84019932293319,2.3,2.3,0
19,trip,3390,3405.3333333333335,z31,z20,toy-0007812,,,False,36.64257792588823,0.0,35.26257792588823,2.3,2.3,0
52,trip,3390,3420.6666666666665,z02,z31,toy-0007810,,,False,35.776305737488244,0.0,33.016305737488246,2.3,6.8999999999999995,0
35,trip,3390,3441.886688506515,z31,z32,toy-0007805,,,False,19.95011555144013,0.0,15.280313585853797,7.273238618387272,8.292767933567175,0
1,trip,3390,3398.8333333333335,z32,z22,toy-0007823,,,False,33.98584025542463,0.0,33.190840255424625,0.35,2.3,0
7,trip,3390,3405.3333333333335,z32,z32,toy-0007821,,,False,35.54966739439503,0.0,34.16966739439503,2.3,2.3,0
28,trip,3390,3436.0,z32,z32,toy-0007816,,,False,37.88888366337546,0.0,33.74888366337546,6.8999999999999995,6.8999999999999995,0
42,trip,3390,3416.175637311527,z32,z21,toy-0007818,,,False,39.55015585177536,0.0,37.19434849373792,4.6,3.2526911934581184,0
48,trip,3390,3414.809854494165,z31,z00,toy-0007806,,,False,40.45922619105013,0.0,38.226339286575275,5.142956348249516,2.3,0
74,trip,3390,3405.3333333333335,z32,z21,toy-0007819,,,False,30.803541135700225,0.0,29.423541135700226,2.3,2.3,0
49,trip,3390,3408.5089706448603,z31,z32,toy-0007813,,,False,35.91261147497539,0.0,34.24680411693796,2.3,3.2526911934581184,0
68,trip,3390,3398.8333333333335,z31,z21,toy-0007844,,,False,40.59024947093028,0.0,39.79524947093028,0.35,2.3,0
72,visit,3390,3410.3333333333335,z01,z01,,depot_west,local,False,29.548560343022093,0.0,28.168560343022094,4.6,0,0
26,visit,3390,3425.6666666666665,z32,z32,,depot_south,local,False,33.987020038780614,0.0,31.227020038780616,9.2,0,0
45,visit,3390,3425.6666666666665,z32,z32,,depot_south,local,False,35.443560343022064,0.0,32.683560343022066,9.2,0,0
14,visit,3390,3429.286375654997,z12,z12,,depot_west,local,False,36.00550830152059,0.0,32.91973449257088,10.285912696499032,0,0
20,trip,3400,3408.8333333333335,z21,z31,toy-0007864,,,False,32.35761147497532,0.0,31.56261147497532,0.35,2.3,0
10,trip,3400,3424.809854494165,z01,z21,toy-0007853,,,False,22.85825136443463,0.0,20.625364459959776,2.3,5.142956348249516,0
25,trip,3400,3408.8333333333335,z11,z12,toy-0007861,,,False,30.261030307988808,0.0,29.46603030798881,0.35,2.3,0
29,trip,3400,3412.0089706448603,z20,z31,toy-0007855,,,False,39.53002779461669,0.0,38.44922043657926,0.35,3.2526911934581184,0
34,trip,3400,3412.0089706448603,z21,z32,toy-0007866,,,False,37.20603030798803,0.0,36.1252229499506,0.35,3.2526911934581184,0
0,trip,3400,3416.5,z31,z11,toy-0007867,,,False,19.307800875838858,0.0,17.82280087583886,0.35,4.6,0
51,trip,3400,3418.309854494165,z20,z32,toy-0007856,,,False,31.24810985442591,0.0,29.600222949951053,0.35,5.142956348249516,0
56,trip,3400,3430.6666666666665,z11,z31,toy-0007859,,,False,10.813731856456636,0.0,8.053731856456636,2.3,6.8999999999999995,0
53,trip,3400,3423.0,z12,z22,toy-0007870,,,False,37.11802841448365,0.0,35.04802841448365,2.3,4.6,0
15,trip,3400,3408.8333333333335,z30,z31,toy-0007858,,,False,32.608866338356925,0.0,31.813866338356924,0.35,2.3,0
6,trip,3400,3408.8333333333335,z32,z31,toy-0007872,,,False,31.476615915303555,0.0,30.681615915303553,0.35,2.3,0
21,trip,3400,3418.5089706448603,z31,z21,toy-0007857,,,False,30.162530671852544,0.0,28.496723313815107,2.3,3.2526911934581184,0
32,trip,3400,3408.8333333333335,z31,z32,toy-0007868,,,False,34.521104719821984,0.0,33.72610471982198,0.35,2.3,0
39,trip,3400,3418.5089706448603,z21,z11,toy-0007854,,,False,26.70530663215353,0.0,25.039499274116093,2.3,3.2526911934581184,0
1,trip,3400,3416.5,z22,z20,toy-0007871,,,False,33.19084025542465,0.0,31.705840255424654,0.35,4.6,0
62,trip,3400,3418.309854494165,z11,z32,toy-0007863,,,False,41.74549837945035,0.0,40.0976114749755,0.35,5.142956348249516,0
9,trip,3400,3432.476521160832,z22,z21,toy-0007869,,,False,33.04307630533811,0.0,30.120189400863257,4.6,5.142956348249516,0
68,trip,3400,3418.5089706448603,z21,z22,toy-0007862,,,False,39.79524947093031,0.0,38.129442112892875,2.3,3.2526911934581184,0
37,trip,3400,3412.0089706448603,z11,z00,toy-0007860,,,False,8.19404710566985,0.0,7.113239747632414,0.35,3.2526911934581184,0
81,trip,3400,3408.8333333333335,z21,z22,toy-0007865,,,False,34.018917245915276,0.0,33.223917245915274,0.35,2.3,0
12,trip,3400,3408.8333333333335,z22,z21,toy-0007885,,,False,29.941320626782762,0.0,29.14632062678276,0.35,2.3,0
8,trip,3400,3412.0089706448603,z32,z21,toy-0007889,,,False,31.335278822654544,0.0,30.254471464617108,0.35,3.2526911934581184,0
67,trip,3400,3424.809854494165,z31,z22,toy-0007878,,,False,39.90099675890076,0.0,37.66810985442591,2.3,5.142956348249516,0
11,trip,3400,3408.8333333333335,z32,z31,toy-0007890,,,False,15.846774612706458,0.0,15.051774612706458,0.35,2.3,0
70,trip,3400,3418.309854494165,z31,z12,toy-0007882,,,False,32.44276732675089,0.0,30.794880422276034,0.35,5.142956348249516,0
17,trip,3400,3408.8333333333335,z32,z22,toy-0007891,,,False,30.532719435897068,0.0,29.73771943589707,0.35,2.3,0
75,trip,3400,3423.0,z10,z31,toy-0007880,,,False,33.0227194358967,0.0,30.952719435896697,2.3,4.6,0
82,trip,3400,3418.309854494165,z10,z22,toy-0007875,,,False,13.115952912902724,0.0,11.468066008427868,0.35,5.142956348249516,0
77,trip,3400,3408.8333333333335,z31,z21,toy-0007881,,,False,38.85391721246317,0.0,38.05891721246317,0.35,2.3,0
65,trip,3400,3445.928736684345,z22,z31,toy-0007874,,,False,38.33341179002264,0.0,34.199825488431586,6.505382386916237,7.273238618387272,0
69,trip,3400,3408.8333333333335,z22,z32,toy-0007887,,,False,15.061037898507134,0.0,14.266037898507134,0.35,2.3,0
76,trip,3400,3418.309854494165,z22,z30,toy-0007884,,,False,22.938359325356327,0.0,21.29047242088147,0.35,5.142956348249516,0
66,trip,3400,3418.5089706448603,z32,z31,toy-0007886,,,False,33.05089444827741,0.0,31.385087090239974,2.3,3.2526911934581184,0
85,trip,3400,3421.6846079563875,z31,z31,toy-0007876,,,False,39.927971238378476,0.0,37.976356522303604,3.2526911934581184,3.2526911934581184,0
80,visit,3400,3450.1460545280756,z11,z11,,depot_west,local,False,9.87339640522386,39.10241095281358,47.024192641962564,6.505382386916237,0,23.461446571688146
5,visit,3400,3410.0,z00,z00,,depot_west,local,True,21.192157351426133,4.444444444444445,25.426601795870575,0.7,0,2.666666666666667
3,visit,3400,3420.3333333333335,z31,z31,,depot_south,local,False,23.454063810360516,0.0,22.074063810360517,4.6,0,0
33,visit,3400,3475.488257455915,z01,z01,,depot_south,central,False,27.446387739839615,0.0,23.08244456880725,14.546477236774544,0,0
63,visit,3400,3461.286375654997,z22,z22,,depot_south,central,False,38.5076114749752,0.0,35.42183766602549,10.285912696499032,0,0
4,trip,3410,3422.0089706448603,z31,z20,toy-0007906,,,False,34.237396115543596,0.0,33.156588757506164,0.35,3.2526911934581184,0
6,trip,3410,3422.0089706448603,z31,z22,toy-0007907,,,False,30.68161591530358,0.0,29.600808557266145,0.35,3.2526911934581184,0
36,trip,3410,3418.8333333333335,z11,z21,toy-0007900,,,False,16.925587409910737,0.0,16.13058740991074,0.35,2.3,0
25,trip,3410,3426.5,z12,z32,toy-0007911,,,False,29.466030307988834,0.0,27.981030307988835,0.35,4.6,0
12,trip,3410,3418.8333333333335,z21,z31,toy-0007903,,,False,29.14632062678279,0.0,28.351320626782787,0.35,2.3,0
22,trip,3410,3434.1666666666665,z01,z31,toy-0007898,,,False,29.588217815347075,0.0,27.413217815347075,0.35,6.8999999999999995,0
5,trip,3410,3441.910795394624,z00,z32,toy-0007899,,,False,25.42660179587035,0.0,22.55463021035417,2.3,7.273238618387272,0
59,trip,3410,3426.5,z30,z32,toy-0007897,,,False,32.628968634098115,0.0,31.143968634098115,0.35,4.6,0
40,trip,3410,3434.809854494165,z10,z32,toy-0007901,,,False,18.311023916698986,0.0,16.078137012224133,2.3,5.142956348249516,0
11,trip,3410,3418.8333333333335,z31,z32,toy-0007908,,,False,15.051774612706485,0.0,14.256774612706485,0.35,2.3,0
2,trip,3410,3422.0089706448603,z22,z11,toy-0007913,,,False,22.242369594563968,0.0,21.16156223652653,0.35,3.2526911934581184,0
86,trip,3410,3422.0089706448603,z12,z21,toy-0007910,,,False,40.414724570500546,0.0,39.33391721246311,0.35,3.2526911934581184,0
57,trip,3410,3428.309854494165,z00,z12,toy-0007893,,,False,33.512302496388564,0.0,31.86441559191371,0.35,5.142956348249516,0
7,trip,3410,3428.309854494165,z32,z20,toy-0007915,,,False,34.169667394395056,0.0,32.521780489920204,0.35,5.142956348249516,0
44,trip,3410,3445.309226445224,z10,z32,toy-0007894,,,False,23.235687780313242,0.0,20.05785740024309,2.3,8.292767933567175,0
17,trip,3410,3422.0089706448603,z22,z31,toy-0007914,,,False,29.737719435897095,0.0,28.65691207785966,0.35,3.2526911934581184,0
50,trip,3410,3428.309854494165,z10,z31,toy-0007895,,,False,47.3100000000001,0.0,45.66211309552525,0.35,5.142956348249516,0
55,trip,3410,3428.309854494165,z22,z10,toy-0007912,,,False,24.047514889059578,0.0,22.399627984584722,0.35,5.142956348249516,0
43,trip,3410,3435.410795394624,z02,z31,toy-0007909,,,False,11.312303058798374,0.0,9.025331473282193,0.35,7.273238618387272,0
74,trip,3410,3418.8333333333335,z21,z11,toy-0007902,,,False,29.42354113570025,0.0,28.628541135700253,0.35,2.3,0
79,trip,3410,3422.0089706448603,z21,z12,toy-0007904,,,False,14.705422272883911,0.0,13.624614914846475,0.35,3.2526911934581184,0
19,trip,3410,3439.351274623054,z20,z32,toy-0007896,,,False,35.26257792588826,0.0,32.62096320981339,2.3,6.505382386916237,0
23,trip,3410,3418.8333333333335,z32,z31,toy-0007916,,,False,16.925058375334704,0.0,16.130058375334706,0.35,2.3,0
15,trip,3410,3435.410795394624,z31,z00,toy-0007905,,,False,31.81386633835695,0.0,29.526894752840768,0.35,7.273238618387272,0
81,trip,3410,3439.351274623054,z22,z01,toy-0007892,,,False,33.2239172459153,0.0,30.582302529840433,6.505382386916237,2.3,0
31,trip,3410,3425.3333333333335,z32,z32,toy-0007936,,,False,46.61999999999972,0.0,45.23999999999972,2.3,2.3,0
20,trip,3410,3428.309854494165,z31,z10,toy-0007929,,,False,31.562611474975345,0.0,29.91472457050049,0.35,5.142956348249516,0
58,trip,3410,3418.8333333333335,z31,z32,toy-0007930,,,False,37.29680701089985,0.0,36.501807010899846,0.35,2.3,0
71,trip,3410,3428.5089706448603,z30,z31,toy-0007920,,,False,9.657135027810053,0.0,7.991327669772618,2.3,3.2526911934581184,0
64,trip,3410,3428.5089706448603,z31,z32,toy-0007928,,,False,35.75402517338423,0.0,34.088217815346795,2.3,3.2526911934581184,0
83,trip,3410,3428.5089706448603,z31,z10,toy-0007925,,,False,33.9432513644348,0.0,32.27744400639737,2.3,3.2526911934581184,0
32,trip,3410,3428.5089706448603,z32,z22,toy-0007927,,,False,33.72610471982201,0.0,32.06029736178458,3.2526911934581184,2.3,0
38,trip,3410,3456.0,z32,z32,toy-0007932,,,False,33.188217815347045,0.0,29.048217815347044,6.8999999999999995,6.8999999999999995,0
41,trip,3410,3445.309226445224,z32,z10,toy-0007917,,,False,32.284415591913174,0.0,29.106585211843022,8.292767933567175,2.3,0
47,trip,3410,3442.526911934581,z32,z21,toy-0007918,,,False,31.25905872247196,0.0,28.331636648359652,6.505382386916237,3.2526911934581184,0
49,trip,3410,3442.476521160832,z32,z22,toy-0007921,,,False,34.24680411693797,0.0,31.32391721246312,5.142956348249516,4.6,0
69,trip,3410,3440.6666666666665,z32,z12,toy-0007931,,,False,14.266037898507161,0.0,11.506037898507161,6.8999999999999995,2.3,0
54,visit,3410,3430.3333333333335,z31,z31,,depot_south,local,False,27.214665062843917,0.0,25.834665062843918,4.6,0,0
88,visit,3410,3430.3333333333335,z31,z31,,depot_south,local,False,28.87891721246294,0.0,27.498917212462942,4.6,0,0
18,visit,3410,3436.6846079563875,z21,z21,,depot_south,local,False,30.840199322933216,0.0,28.888584606858345,6.505382386916237,0,0
77,visit,3410,3436.6846079563875,z21,z21,,depot_south,local,False,38.0589172124632,0.0,36.10730249638833,6.505382386916237,0,0
24,trip,3420,3432.0089706448603,z22,z31,toy-0007949,,,False,46.45711309552486,0.0,45.37630573748743,0.35,3.2526911934581184,0
11,trip,3420,3428.8333333333335,z32,z31,toy-0007951,,,False,14.256774612706511,0.0,13.461774612706511,0.35,2.3,0
48,trip,3420,3445.410795394624,z00,z31,toy-0007937,,,False,38.22633928657529,0.0,35.939367701059105,0.35,7.273238618387272,0
76,trip,3420,3448.809226445224,z30,z02,toy-0007941,,,False,21.290472420881486,0.0,18.69764204081133,0.35,8.292767933567175,0
72,trip,3420,3438.309854494165,z01,z22,toy-0007943,,,False,28.16856034302212,0.0,26.520673438547263,0.35,5.142956348249516,0
13,trip,3420,3428.8333333333335,z32,z22,toy-0007952,,,False,24.691228342401878,0.0,23.896228342401876,0.35,2.3,0
0,trip,3420,3452.526911934581,z11,z22,toy-0007938,,,False,17.82280087583886,0.0,14.895378801726553,3.2526911934581184,6.505382386916237,0
39,trip,3420,3428.8333333333335,z11,z10,toy-0007944,,,False,25.039499274116103,0.0,24.2444992741161,0.35,2.3,0
1,trip,3420,3444.809854494165,z20,z11,toy-0007940,,,False,31.705840255424647,0.0,29.472953350949794,2.3,5.142956348249516,0
74,trip,3420,3443.0,z11,z21,toy-0007942,,,False,28.628541135700278,0.0,26.558541135700278,2.3,4.6,0
12,trip,3420,3428.8333333333335,z31,z21,toy-0007947,,,False,28.351320626782815,0.0,27.556320626782814,0.35,2.3,0
8,trip,3420,3428.8333333333335,z21,z20,toy-0007946,,,False,30.254471464617122,0.0,29.459471464617124,0.35,2.3,0
16,trip,3420,3432.0089706448603,z32,z21,toy-0007950,,,False,31.797305390349667,0.0,30.71649803231223,0.35,3.2526911934581184,0
27,trip,3420,3428.8333333333335,z22,z21,toy-0007948,,,False,31.948883663375845,0.0,31.153883663375844,0.35,2.3,0
21,trip,3420,3438.5089706448603,z21,z22,toy-0007945,,,False,28.496723313815117,0.0,26.83091595577768,2.3,3.2526911934581184,0
30,trip,3420,3444.809854494165,z20,z31,toy-0007939,,,False,31.984841150090435,0.0,29.75195424561558,2.3,5.142956348249516,0
36,trip,3420,3432.0089706448603,z21,z32,toy-0007962,,,False,16.130587409910763,0.0,15.049780051873327,0.35,3.2526911934581184,0
42,trip,3420,3446.175637311527,z21,z30,toy-0007954,,,False,37.19434849373791,0.0,34.838541135700474,3.2526911934581184,4.6,0
23,trip,3420,3443.0,z31,z01,toy-0007960,,,False,16.13005837533473,0.0,14.06005837533473,2.3,4.6,0
29,trip,3420,3435.3333333333335,z31,z31,toy-0007961,,,False,38.44922043657927,0.0,37.069220436579265,2.3,2.3,0
68,trip,3420,3452.476521160832,z22,z12,toy-0007955,,,False,38.12944211289289,0.0,35.20655520841803,4.6,5.142956348249516,0
70,trip,3420,3443.0,z12,z31,toy-0007959,,,False,30.794880422276044,0.0,28.724880422276044,2.3,4.6,0
82,trip,3420,3460.1431878274984,z22,z31,toy-0007957,,,False,11.46806600842788,0.0,7.855179103953025,5.142956348249516,6.8999999999999995,0
78,trip,3420,3438.5089706448603,z31,z21,toy-0007956,,,False,9.743891253893729,0.0,8.078083895856293,2.3,3.2526911934581184,0
34,trip,3420,3464.785747606056,z32,z21,toy-0007953,,,False,36.125222949950604,0.0,32.0945056654056,8.292767933567175,5.142956348249516,0
51,trip,3420,3444.809854494165,z32,z21,toy-0007958,,,False,29.600222949951068,0.0,27.367336045476215,5.142956348249516,2.3,0
58,trip,3420,3443.0,z32,z11,toy-0007963,,,False,36.501807010899874,0.0,34.431807010899874,2.3,4.6,0
62,trip,3420,3438.5089706448603,z32,z22,toy-0007964,,,False,40.0976114749755,0.0,38.43180411693807,2.3,3.2526911934581184,0
84,trip,3420,3467.2441287279576,z32,z31,toy-0007965,,,False,38.94650885978926,0.0,34.69453727427308,6.8999999999999995,7.273238618387272,0
66,visit,3420,3440.3333333333335,z31,z31,,depot_south,local,False,31.38508709023999,0.0,30.00508709023999,4.6,0,0
37,visit,3420,3448.928389484754,z00,z00,,depot_west,,False,7.113239747632425,40.99176025236758,47.895,0.7,0,24.595056151420543
2,trip,3430,3448.309854494165,z11,z32,toy-0007971,,,False,21.161562236526546,0.0,19.51367533205169,0.35,5.142956348249516,0
6,trip,3430,3442.0089706448603,z22,z31,toy-0007978,,,False,29.60080855726616,0.0,28.520001199228723,0.35,3.2526911934581184,0
3,trip,3430,3438.8333333333335,z31,z32,toy-0007973,,,False,22.074063810360542,0.0,21.27906381036054,0.35,2.3,0
10,trip,3430,3448.5089706448603,z21,z20,toy-0007970,,,False,20.625364459959783,0.0,18.959557101922346,2.3,3.2526911934581184,0
32,trip,3430,3446.5,z22,z20,toy-0007977,,,False,32.06029736178459,0.0,30.575297361784592,0.35,4.6,0
25,trip,3430,3446.5,z32,z12,toy-0007981,,,False,27.981030307988835,0.0,26.496030307988836,0.35,4.6,0
53,trip,3430,3438.8333333333335,z22,z32,toy-0007979,,,False,35.04802841448365,0.0,34.25302841448365,0.35,2.3,0
14,trip,3430,3448.309854494165,z12,z31,toy-0007975,,,False,32.919734492570875,0.0,31.27184758809602,0.35,5.142956348249516,0
26,trip,3430,3438.8333333333335,z32,z31,toy-0007980,,,False,31.22702003878059,0.0,30.432020038780593,0.35,2.3,0
4,trip,3430,3452.851274623054,z20,z02,toy-0007968,,,False,33.15658875750617,0.0,31.0999740414313,0.35,6.505382386916237,0
39,trip,3430,3452.851274623054,z10,z32,toy-0007966,,,False,24.24449927411613,0.0,22.187884558041258,0.35,6.505382386916237,0
57,trip,3430,3454.809854494165,z12,z21,toy-0007974,,,False,31.864415591913716,0.0,29.63152868743886,2.3,5.142956348249516,0
7,trip,3430,3445.3333333333335,z20,z31,toy-0007969,,,False,32.521780489920204,0.0,31.141780489920205,2.3,2.3,0
11,trip,3430,3454.1666666666665,z31,z01,toy-0007972,,,False,13.461774612706538,0.0,11.286774612706537,0.35,6.8999999999999995,0
79,trip,3430,3446.5,z12,z32,toy-0007976,,,False,13.624614914846488,0.0,12.139614914846488,0.35,4.6,0
8,trip,3430,3442.0089706448603,z20,z31,toy-0007967,,,False,29.45947146461715,0.0,28.378664106579713,0.35,3.2526911934581184,0
67,trip,3430,3438.8333333333335,z22,z12,toy-0008003,,,False,37.66810985442592,0.0,36.87310985442592,0.35,2.3,0
55,trip,3430,3448.309854494165,z10,z31,toy-0007985,,,False,22.399627984584736,0.0,20.75174108010988,0.35,5.142956348249516,0
89,trip,3430,3438.8333333333335,z20,z10,toy-0007987,,,False,15.5004867626477,0.0,14.7054867626477,0.35,2.3,0
12,trip,3430,3453.0,z21,z31,toy-0007994,,,False,27.556320626782842,0.0,25.48632062678284,2.3,4.6,0
86,trip,3430,3438.8333333333335,z21,z31,toy-0007997,,,False,39.33391721246312,0.0,38.53891721246312,0.35,2.3,0
17,trip,3430,3448.5089706448603,z31,z21,toy-0007989,,,False,28.656912077859673,0.0,26.991104719822236,3.2526911934581184,2.3,0
50,trip,3430,3457.985491805692,z31,z32,toy-0007990,,,False,45.66211309552525,0.0,43.14341883301296,3.2526911934581184,5.142956348249516,0
52,trip,3430,3464.286375654997,z31,z22,toy-0007986,,,False,33.01630573748826,0.0,29.93053192853855,5.142956348249516,5.142956348249516,0
71,trip,3430,3448.5089706448603,z31,z30,toy-0007996,,,False,7.99132766977263,0.0,6.325520311735195,2.3,3.2526911934581184,0
75,trip,3430,3456.175637311527,z31,z02,toy-0007995,,,False,30.9527194358967,0.0,28.596912077859265,4.6,3.2526911934581184,0
31,trip,3430,3438.8333333333335,z32,z31,toy-0008006,,,False,45.239999999999746,0.0,44.444999999999744,0.35,2.3,0
45,trip,3430,3452.851274623054,z32,z10,toy-0008004,,,False,32.683560343022044,0.0,30.626945626947172,0.35,6.505382386916237,0
59,trip,3430,3448.309854494165,z32,z11,toy-0008005,,,False,31.143968634098112,0.0,29.496081729623256,0.35,5.142956348249516,0
61,trip,3430,3462.476521160832,z32,z20,toy-0008001,,,False,26.038051374919018,0.0,23.115164470444164,4.6,5.142956348249516,0
85,trip,3430,3451.6846079563875,z31,z11,toy-0007988,,,False,37.976356522303604,0.0,36.02474180622873,3.2526911934581184,3.2526911934581184,0
87,trip,3430,3477.2441287279576,z31,z32,toy-0007993,,,False,20.35763630122182,0.0,16.10566471570564,6.8999999999999995,7.273238618387272,0
64,trip,3430,3445.3333333333335,z32,z21,toy-0007999,,,False,34.08821781534681,0.0,32.708217815346806,2.3,2.3,0
13,visit,3430,3469.286375654997,z22,z22,,depot_south,local,False,23.896228342401905,0.0,20.810454533452194,10.285912696499032,0,0
20,visit,3430,3450.3333333333335,z10,z10,,depot_west,local,False,29.914724570500503,0.0,28.534724570500504,4.6,0,0
27,visit,3430,3456.6846079563875,z21,z21,,depot_south,local,False,31.153883663375872,0.0,29.202268947301,6.505382386916237,0,0
83,visit,3430,3450.3333333333335,z10,z10,,depot_west,local,False,32.27744400639738,0.0,30.897444006397382,4.6,0,0
9,trip,3440,3463.0,z21,z22,toy-0008011,,,False,30.12018940086324,0.0,28.05018940086324,2.3,4.6,0
24,trip,3440,3464.809854494165,z31,z22,toy-0008012,,,False,45.376305737487435,0.0,43.14341883301258,2.3,5.142956348249516,0
15,trip,3440,3468.809226445224,z00,z32,toy-0008007,,,False,29.526894752840786,0.0,26.934064372770635,0.35,8.292767933567175,0
26,trip,3440,3452.0089706448603,z31,z22,toy-0008017,,,False,30.432020038780617,0.0,29.35121268074318,0.35,3.2526911934581184,0
16,trip,3440,3452.0089706448603,z21,z32,toy-0008016,,,False,30.716498032312245,0.0,29.63569067427481,0.35,3.2526911934581184,0
18,trip,3440,3464.809854494165,z21,z01,toy-0008009,,,False,28.888584606858345,0.0,26.655697702383492,2.3,5.142956348249516,0
29,trip,3440,3448.8333333333335,z31,z32,toy-0008018,,,False,37.06922043657929,0.0,36.27422043657929,0.35,2.3,0
77,trip,3440,3448.8333333333335,z21,z22,toy-0008015,,,False,36.10730249638833,0.0,35.31230249638833,0.35,2.3,0
21,trip,3440,3452.0089706448603,z22,z31,toy-0008023,,,False,26.83091595577769,0.0,25.750108597740255,0.35,3.2526911934581184,0
78,trip,3440,3448.8333333333335,z21,z11,toy-0008014,,,False,8.078083895856306,0.0,7.283083895856306,0.35,2.3,0
67,trip,3440,3463.0,z12,z22,toy-0008019,,,False,36.87310985442595,0.0,34.80310985442595,2.3,4.6,0
62,trip,3440,3452.0089706448603,z22,z11,toy-0008021,,,False,38.43180411693808,0.0,37.35099675890065,0.35,3.2526911934581184,0
81,trip,3440,3470.6666666666665,z01,z32,toy-0008020,,,False,30.582302529840444,0.0,27.822302529840442,2.3,6.8999999999999995,0
3,trip,3440,3448.8333333333335,z32,z22,toy-0008025,,,False,21.27906381036057,0.0,20.484063810360567,0.35,2.3,0
89,trip,3440,3458.5089706448603,z10,z31,toy-0008010,,,False,14.705486762647727,0.0,13.039679404610292,2.3,3.2526911934581184,0
72,trip,3440,3480.1431878274984,z22,z31,toy-0008013,,,False,26.520673438547277,0.0,22.90778653407242,5.142956348249516,6.8999999999999995,0
19,trip,3440,3452.0089706448603,z32,z21,toy-0008024,,,False,32.620963209813404,0.0,31.540155851775967,0.35,3.2526911934581184,0
36,trip,3440,3455.3333333333335,z32,z21,toy-0008022,,,False,15.04978005187334,0.0,13.669780051873339,2.3,2.3,0
31,trip,3440,3466.175637311527,z31,z00,toy-0008008,,,False,44.44499999999977,0.0,42.089192641962335,3.2526911934581184,4.6,0
40,trip,3440,3448.8333333333335,z32,z31,toy-0008041,,,False,16.07813701222414,0.0,15.28313701222414,0.35,2.3,0
43,trip,3440,3455.3333333333335,z31,z31,toy-0008030,,,False,9.025331473282208,0.0,7.645331473282208,2.3,2.3,0
54,trip,3440,3472.476521160832,z31,z32,toy-0008033,,,False,25.834665062843943,0.0,22.91177815836909,4.6,5.142956348249516,0
86,trip,3440,3464.809854494165,z31,z20,toy-0008026,,,False,38.53891721246315,0.0,36.306030307988294,5.142956348249516,2.3,0
53,trip,3440,3472.476521160832,z32,z31,toy-0008037,,,False,34.25302841448368,0.0,31.330141510008826,4.6,5.142956348249516,0
88,trip,3440,3467.985491805692,z31,z01,toy-0008027,,,False,27.498917212462967,0.0,24.980222949950676,5.142956348249516,3.2526911934581184,0
56,trip,3440,3458.5089706448603,z31,z30,toy-0008029,,,False,8.053731856456649,0.0,6.387924498419213,3.2526911934581184,2.3,0
60,trip,3440,3487.2441287279576,z32,z31,toy-0008036,,,False,28.589075306499474,0.0,24.337103720983293,6.8999999999999995,7.273238618387272,0
22,visit,3440,3460.3333333333335,z31,z31,,depot_south,local,False,27.413217815347092,0.0,26.033217815347093,4.6,0,0
28,visit,3440,3475.6666666666665,z32,z32,,depot_south,local,False,33.74888366337546,0.0,30.98888366337546,9.2,0,0
6,trip,3450,3466.5,z31,z11,toy-0008051,,,False,28.520001199228737,0.0,27.035001199228738,0.35,4.6,0
42,trip,3450,3458.8333333333335,z30,z20,toy-0008045,,,False,34.83854113570047,0.0,34.043541135700465,0.35,2.3,0
3,trip,3450,3462.0089706448603,z22,z31,toy-0008057,,,False,20.484063810360595,0.0,19.40325645232316,0.35,3.2526911934581184,0
76,trip,3450,3472.851274623054,z02,z20,toy-0008053,,,False,18.69764204081134,0.0,16.641027324736466,0.35,6.505382386916237,0
23,trip,3450,3468.309854494165,z01,z20,toy-0008047,,,False,14.06005837533473,0.0,12.412171470859874,0.35,5.142956348249516,0
1,trip,3450,3473.0,z11,z21,toy-0008048,,,False,29.4729533509498,0.0,27.4029533509498,2.3,4.6,0
25,trip,3450,3458.8333333333335,z12,z22,toy-0008054,,,False,26.496030307988836,0.0,25.701030307988837,0.35,2.3,0
37,trip,3450,3468.5089706448603,z00,z10,toy-0008046,,,False,47.89499999999998,0.0,46.22919264196255,2.3,3.2526911934581184,0
58,trip,3450,3458.8333333333335,z11,z21,toy-0008050,,,False,34.431807010899874,0.0,33.63680701089987,0.35,2.3,0
10,trip,3450,3462.0089706448603,z20,z31,toy-0008043,,,False,18.959557101922357,0.0,17.87874974388492,0.35,3.2526911934581184,0
32,trip,3450,3468.309854494165,z20,z32,toy-0008044,,,False,30.575297361784592,0.0,28.927410457309737,0.35,5.142956348249516,0
59,trip,3450,3458.8333333333335,z11,z01,toy-0008049,,,False,29.49608172962327,0.0,28.70108172962327,0.35,2.3,0
7,trip,3450,3458.8333333333335,z31,z21,toy-0008052,,,False,31.14178048992023,0.0,30.346780489920228,0.35,2.3,0
46,trip,3450,3468.309854494165,z22,z01,toy-0008056,,,False,39.17515585177577,0.0,37.52726894730092,0.35,5.142956348249516,0
41,trip,3450,3468.309854494165,z10,z31,toy-0008042,,,False,29.106585211843026,0.0,27.45869830736817,0.35,5.142956348249516,0
69,trip,3450,3466.5,z12,z32,toy-0008055,,,False,11.506037898507175,0.0,10.021037898507176,0.35,4.6,0
17,trip,3450,3482.476521160832,z21,z20,toy-0008058,,,False,26.99110471982225,0.0,24.068217815347396,5.142956348249516,4.6,0
47,trip,3450,3476.175637311527,z21,z12,toy-0008060,,,False,28.33163664835965,0.0,25.975829290322213,3.2526911934581184,4.6,0
51,trip,3450,3482.476521160832,z21,z22,toy-0008065,,,False,27.367336045476225,0.0,24.44444914100137,4.6,5.142956348249516,0
2,trip,3450,3458.8333333333335,z32,z31,toy-0008078,,,False,19.513675332051704,0.0,18.718675332051703,0.35,2.3,0
5,trip,3450,3462.0089706448603,z32,z21,toy-0008077,,,False,22.554630210354183,0.0,21.473822852316747,0.35,3.2526911934581184,0
64,trip,3450,3473.0,z21,z31,toy-0008067,,,False,32.708217815346835,0.0,30.638217815346835,2.3,4.6,0
49,trip,3450,3474.809854494165,z22,z31,toy-0008075,,,False,31.323917212463105,0.0,29.091030307988248,2.3,5.142956348249516,0
74,trip,3450,3458.8333333333335,z21,z20,toy-0008069,,,False,26.558541135700278,0.0,25.76354113570028,0.35,2.3,0
77,trip,3450,3490.1431878274984,z22,z31,toy-0008064,,,False,35.312302496388355,0.0,31.6994155919135,5.142956348249516,6.8999999999999995,0
8,trip,3450,3497.2441287279576,z31,z32,toy-0008066,,,False,28.378664106579727,0.0,24.126692521063546,6.8999999999999995,7.273238618387272,0
14,trip,3450,3465.3333333333335,z31,z31,toy-0008070,,,False,31.271847588096026,0.0,29.891847588096027,2.3,2.3,0
30,trip,3450,3458.8333333333335,z31,z32,toy-0008072,,,False,29.75195424561559,0.0,28.95695424561559,0.35,2.3,0
40,trip,3450,3488.827795783886,z31,z32,toy-0008061,,,False,15.283137012224167,0.0,11.78863539167444,5.142956348249516,6.505382386916237,0
48,trip,3450,3480.6666666666665,z31,z11,toy-0008063,,,False,35.93936770105912,0.0,33.17936770105912,6.8999999999999995,2.3,0
55,trip,3450,3498.488257455915,z31,z31,toy-0008059,,,False,20.751741080109895,0.0,16.38779790907753,7.273238618387272,7.273238618387272,0
29,trip,3450,3466.5,z32,z30,toy-0008076,,,False,36.27422043657932,0.0,34.78922043657932,0.35,4.6,0
65,trip,3450,3468.5089706448603,z31,z21,toy-0008062,,,False,34.19982548843159,0.0,32.53401813039416,2.3,3.2526911934581184,0
44,trip,3450,3480.6666666666665,z32,z10,toy-0008074,,,False,20.057857400243094,0.0,17.297857400243096,4.6,4.6,0
66,trip,3450,3474.809854494165,z31,z00,toy-0008068,,,False,30.005087090240014,0.0,27.772200185765158,2.3,5.142956348249516,0
70,trip,3450,3468.5089706448603,z31,z32,toy-0008071,,,False,28.724880422276044,0.0,27.059073064238607,2.3,3.2526911934581184,0
79,trip,3450,3483.8423039781937,z32,z11,toy-0008073,,,False,12.139614914846488,0.0,9.093807556809054,6.8999999999999995,3.2526911934581184,0
78,visit,3450,3523.700242033696,z11,z11,,depot_west,central,False,7.2830838958563335,41.6927234621811,47.024192641962564,6.505382386916237,0,25.01563407730866
35,visit,3450,3485.6666666666665,z32,z32,,depot_south,local,False,15.280313585853794,0.0,12.520313585853794,9.2,0,0
71,visit,3450,3479.4010211462924,z30,z30,,depot_south,,False,6.3255203117352075,41.77947968826479,47.895,0.7,0,25.067687812958876
25,trip,3460,3472.0089706448603,z22,z31,toy-0008093,,,False,25.701030307988862,0.0,24.620222949951426,0.35,3.2526911934581184,0
26,trip,3460,3468.8333333333335,z22,z32,toy-0008094,,,False,29.351212680743195,0.0,28.556212680743194,0.35,2.3,0
11,trip,3460,3484.809854494165,z01,z21,toy-0008079,,,False,11.286774612706552,0.0,9.053887708231697,2.3,5.142956348249516,0
7,trip,3460,3475.3333333333335,z21,z21,toy-0008081,,,False,30.346780489920256,0.0,28.966780489920257,2.3,2.3,0
2,trip,3460,3483.0,z31,z32,toy-0008083,,,False,18.71867533205173,0.0,16.64867533205173,2.3,4.6,0
16,trip,3460,3475.3333333333335,z32,z21,toy-0008092,,,False,29.635690674274823,0.0,28.255690674274824,2.3,2.3,0
68,trip,3460,3472.0089706448603,z12,z21,toy-0008090,,,False,35.206555208418024,0.0,34.12574785038059,0.35,3.2526911934581184,0
30,trip,3460,3468.8333333333335,z32,z22,toy-0008095,,,False,28.956954245615616,0.0,28.161954245615618,0.35,2.3,0
19,trip,3460,3468.8333333333335,z21,z22,toy-0008086,,,False,31.540155851775978,0.0,30.745155851775976,0.35,2.3,0
27,trip,3460,3472.0089706448603,z21,z12,toy-0008085,,,False,29.202268947301,0.0,28.121461589263564,0.35,3.2526911934581184,0
12,trip,3460,3472.0089706448603,z31,z22,toy-0008088,,,False,25.48632062678284,0.0,24.405513268745405,0.35,3.2526911934581184,0
80,trip,3460,3468.8333333333335,z11,z12,toy-0008084,,,False,47.024192641962586,0.0,46.229192641962584,0.35,2.3,0
4,trip,3460,3475.3333333333335,z02,z11,toy-0008089,,,False,31.099974041431306,0.0,29.719974041431307,2.3,2.3,0
20,trip,3460,3489.351274623054,z10,z22,toy-0008080,,,False,28.53472457050053,0.0,25.89310985442566,2.3,6.505382386916237,0
21,trip,3460,3468.8333333333335,z31,z30,toy-0008087,,,False,25.75010859774027,0.0,24.95510859774027,0.35,2.3,0
73,trip,3460,3475.3333333333335,z31,z31,toy-0008082,,,False,35.80947566198014,0.0,34.429475661980135,2.3,2.3,0
36,trip,3460,3489.351274623054,z21,z00,toy-0008091,,,False,13.669780051873367,0.0,11.028165335798496,2.3,6.505382386916237,0
45,trip,3460,3478.309854494165,z10,z31,toy-0008097,,,False,30.626945626947183,0.0,28.979058722472328,0.35,5.142956348249516,0
38,trip,3460,3468.8333333333335,z32,z31,toy-0008108,,,False,29.04821781534705,0.0,28.25321781534705,0.35,2.3,0
89,trip,3460,3478.309854494165,z31,z10,toy-0008101,,,False,13.039679404610304,0.0,11.391792500135448,0.35,5.142956348249516,0
75,trip,3460,3485.410795394624,z02,z31,toy-0008106,,,False,28.596912077859248,0.0,26.309940492343067,0.35,7.273238618387272,0
50,trip,3460,3475.3333333333335,z32,z21,toy-0008103,,,False,43.14341883301296,0.0,41.763418833012956,2.3,2.3,0
57,trip,3460,3475.3333333333335,z21,z32,toy-0008104,,,False,29.63152868743887,0.0,28.25152868743887,2.3,2.3,0
83,trip,3460,3495.309226445224,z10,z32,toy-0008096,,,False,30.897444006397407,0.0,27.719613626327256,2.3,8.292767933567175,0
85,trip,3460,3487.985491805692,z11,z21,toy-0008105,,,False,36.02474180622873,0.0,33.50604754371644,3.2526911934581184,5.142956348249516,0
58,trip,3460,3484.809854494165,z21,z32,toy-0008099,,,False,33.6368070108999,0.0,31.403920106425048,2.3,5.142956348249516,0
0,visit,3460,3520.074880516646,z22,z22,,depot_south,local,False,14.895378801726547,34.6475081027483,46.45711309552513,10.285912696499032,0,20.78850486164898
39,visit,3460,3517.6666666666665,z32,z32,,depot_south,central,False,22.187884558041272,0.0,19.42788455804127,9.2,0,0
74,visit,3460,3480.3333333333335,z20,z20,,depot_south,local,False,25.763541135700304,0.0,24.383541135700305,4.6,0,0
59,visit,3460,3480.3333333333335,z01,z01,,depot_west,local,False,28.701081729623297,0.0,27.321081729623298,4.6,0,0
42,visit,3460,3502.3333333333335,z20,z20,,depot_south,central,False,34.043541135700494,0.0,32.66354113570049,4.6,0,0
62,visit,3460,3486.6846079563875,z11,z11,,depot_west,local,False,37.350996758900656,0.0,35.399382042825785,6.505382386916237,0,0
56,visit,3460,3489.363578634282,z30,z30,,depot_south,,False,6.387924498419226,41.71707550158077,47.894999999999996,0.7,0,25.030245300948465
5,trip,3470,3488.5089706448603,z21,z22,toy-0008117,,,False,21.47382285231676,0.0,19.808015494279324,2.3,3.2526911934581184,0
18,trip,3470,3493.0,z01,z31,toy-0008116,,,False,26.6556977023835,0.0,24.5856977023835,2.3,4.6,0
34,trip,3470,3485.3333333333335,z21,z21,toy-0008115,,,False,32.09450566540559,0.0,30.714505665405593,2.3,2.3,0
37,trip,3470,3482.0089706448603,z10,z21,toy-0008110,,,False,46.22919264196256,0.0,45.14838528392513,0.35,3.2526911934581184,0
80,trip,3470,3488.309854494165,z12,z31,toy-0008120,,,False,46.22919264196261,0.0,44.58130573748776,0.35,5.142956348249516,0
46,trip,3470,3500.6666666666665,z01,z32,toy-0008119,,,False,37.52726894730092,0.0,34.76726894730092,2.3,6.8999999999999995,0
9,trip,3470,3482.0089706448603,z22,z31,toy-0008123,,,False,28.05018940086324,0.0,26.969382042825803,0.35,3.2526911934581184,0
13,trip,3470,3486.5,z22,z20,toy-0008122,,,False,20.81045453345219,0.0,19.32545453345219,0.35,4.6,0
31,trip,3470,3495.410795394624,z00,z31,toy-0008109,,,False,42.08919264196233,0.0,39.80222105644614,0.35,7.273238618387272,0
15,trip,3470,3482.0089706448603,z32,z21,toy-0008125,,,False,26.93406437277064,0.0,25.853257014733202,0.35,3.2526911934581184,0
23,trip,3470,3486.5,z20,z22,toy-0008112,,,False,12.412171470859885,0.0,10.927171470859886,0.35,4.6,0
61,trip,3470,3488.309854494165,z20,z32,toy-0008113,,,False,23.115164470444146,0.0,21.46727756596929,0.35,5.142956348249516,0
88,trip,3470,3494.1666666666665,z01,z31,toy-0008114,,,False,24.980222949950676,0.0,22.805222949950675,0.35,6.8999999999999995,0
86,trip,3470,3494.809854494165,z20,z22,toy-0008111,,,False,36.30603030798831,0.0,34.073143403513455,2.3,5.142956348249516,0
65,trip,3470,3482.0089706448603,z21,z32,toy-0008118,,,False,32.53401813039417,0.0,31.453210772356737,0.35,3.2526911934581184,0
19,trip,3470,3493.0,z22,z32,toy-0008121,,,False,30.745155851776005,0.0,28.675155851776005,2.3,4.6,0
26,trip,3470,3498.809226445224,z32,z00,toy-0008124,,,False,28.556212680743222,0.0,25.963382300673068,0.35,8.292767933567175,0
3,trip,3470,3495.410795394624,z31,z02,toy-0008136,,,False,19.403256452323173,0.0,17.116284866806993,0.35,7.273238618387272,0
21,trip,3470,3495.410795394624,z30,z01,toy-0008129,,,False,24.955108597740296,0.0,22.668137012224115,0.35,7.273238618387272,0
29,trip,3470,3488.5089706448603,z30,z11,toy-0008127,,,False,34.78922043657931,0.0,33.12341307854188,2.3,3.2526911934581184,0
24,trip,3470,3478.8333333333335,z22,z32,toy-0008141,,,False,43.143418833012596,0.0,42.348418833012595,0.35,2.3,0
10,trip,3470,3485.3333333333335,z31,z11,toy-0008133,,,False,17.878749743884935,0.0,16.498749743884936,2.3,2.3,0
14,trip,3470,3485.3333333333335,z31,z31,toy-0008134,,,False,29.891847588096052,0.0,28.511847588096053,2.3,2.3,0
22,trip,3470,3494.809854494165,z31,z11,toy-0008130,,,False,26.03321781534712,0.0,23.800330910872262,2.3,5.142956348249516,0
30,trip,3470,3482.0089706448603,z22,z11,toy-0008140,,,False,28.161954245615643,0.0,27.081146887578207,0.35,3.2526911934581184,0
38,trip,3470,3486.5,z31,z11,toy-0008135,,,False,28.253217815347078,0.0,26.76821781534708,0.35,4.6,0
41,trip,3470,3482.0089706448603,z31,z22,toy-0008137,,,False,27.458698307368184,0.0,26.377890949330748,0.35,3.2526911934581184,0
52,trip,3470,3497.985491805692,z22,z12,toy-0008131,,,False,29.93053192853855,0.0,27.41183766602626,5.142956348249516,3.2526911934581184,0
84,trip,3470,3491.6846079563875,z31,z31,toy-0008128,,,False,34.69453727427308,0.0,32.74292255819821,3.2526911934581184,3.2526911934581184,0
32,trip,3470,3485.3333333333335,z32,z32,toy-0008138,,,False,28.92741045730975,0.0,27.547410457309752,2.3,2.3,0
63,trip,3470,3491.6846079563875,z22,z20,toy-0008132,,,False,35.42183766602548,0.0,33.47022294995061,3.2526911934581184,3.2526911934581184,0
67,trip,3470,3488.309854494165,z22,z10,toy-0008139,,,False,34.80310985442595,0.0,33.155222949951096,0.35,5.142956348249516,0
70,trip,3470,3513.369215912775,z32,z32,toy-0008126,,,False,27.059073064238618,0.0,23.155843632088875,6.505382386916237,6.505382386916237,0
69,trip,3470,3478.8333333333335,z32,z31,toy-0008142,,,False,10.021037898507176,0.0,9.226037898507176,0.35,2.3,0
6,visit,3470,3496.6846079563875,z11,z11,,depot_west,local,False,27.035001199228738,0.0,25.083386483153866,6.505382386916237,0,0
43,visit,3470,3511.960134449364,z31,z31,,depot_south,,False,7.645331473282234,41.044668526717764,47.309999999999995,4.6,0,24.62680111603066
82,visit,3470,3511.8342258709617,z31,z31,,depot_south,,False,7.85517910395302,40.83482089604698,47.309999999999995,4.6,0,24.50089253762819
1,trip,3480,3495.3333333333335,z21,z21,toy-0008154,,,False,27.4029533509498,0.0,26.022953350949802,2.3,2.3,0
89,trip,3480,3498.309854494165,z10,z31,toy-0008143,,,False,11.391792500135459,0.0,9.743905595660603,0.35,5.142956348249516,0
71,trip,3480,3488.8333333333335,z30,z31,toy-0008144,,,False,47.895,0.0,47.1,0.35,2.3,0
16,trip,3480,3492.0089706448603,z21,z10,toy-0008149,,,False,28.25569067427485,0.0,27.174883316237413,0.35,3.2526911934581184,0
24,trip,3480,3488.8333333333335,z32,z22,toy-0008157,,,False,42.34841883301262,0.0,41.55341883301262,0.35,2.3,0
45,trip,3480,3504.809854494165,z31,z22,toy-0008145,,,False,28.97905872247234,0.0,26.746171817997485,2.3,5.142956348249516,0
27,trip,3480,3492.0089706448603,z12,z01,toy-0008152,,,False,28.12146158926358,0.0,27.040654231226142,0.35,3.2526911934581184,0
4,trip,3480,3496.5,z11,z31,toy-0008148,,,False,29.719974041431332,0.0,28.234974041431332,0.35,4.6,0
28,trip,3480,3496.5,z32,z12,toy-0008156,,,False,30.988883663375436,0.0,29.503883663375436,0.35,4.6,0
49,trip,3480,3488.8333333333335,z31,z21,toy-0008151,,,False,29.09103030798826,0.0,28.29603030798826,0.35,2.3,0
50,trip,3480,3498.309854494165,z21,z02,toy-0008150,,,False,41.763418833012985,0.0,40.11553192853813,0.35,5.142956348249516,0
33,trip,3480,3496.5,z01,z21,toy-0008147,,,False,23.08244456880726,0.0,21.597444568807262,0.35,4.6,0
66,trip,3480,3511.910795394624,z00,z30,toy-0008146,,,False,27.77220018576517,0.0,24.900228600248987,2.3,7.273238618387272,0
47,trip,3480,3488.8333333333335,z12,z22,toy-0008153,,,False,25.975829290322196,0.0,25.180829290322194,0.35,2.3,0
54,trip,3480,3498.309854494165,z32,z20,toy-0008155,,,False,22.91177815836907,0.0,21.263891253894215,0.35,5.142956348249516,0
68,trip,3480,3504.809854494165,z21,z01,toy-0008164,,,False,34.1257478503806,0.0,31.892860945905745,5.142956348249516,2.3,0
53,trip,3480,3498.309854494165,z31,z12,toy-0008163,,,False,31.33014151000881,0.0,29.682254605533956,0.35,5.142956348249516,0
57,trip,3480,3498.5089706448603,z32,z31,toy-0008165,,,False,28.251528687438896,0.0,26.58572132940146,2.3,3.2526911934581184,0
64,trip,3480,3495.3333333333335,z31,z31,toy-0008161,,,False,30.638217815346838,0.0,29.25821781534684,2.3,2.3,0
76,trip,3480,3507.985491805692,z20,z32,toy-0008160,,,False,16.64102732473648,0.0,14.12233306222419,3.2526911934581184,5.142956348249516,0
81,trip,3480,3488.8333333333335,z32,z31,toy-0008166,,,False,27.822302529840456,0.0,27.027302529840455,0.35,2.3,0
73,trip,3480,3498.5089706448603,z31,z21,toy-0008158,,,False,34.42947566198016,0.0,32.76366830394273,3.2526911934581184,2.3,0
87,trip,3480,3498.5089706448603,z32,z22,toy-0008162,,,False,16.105664715705647,0.0,14.439857357668211,3.2526911934581184,2.3,0
69,visit,3480,3524.011710594229,z31,z31,,depot_south,local,False,9.226037898507203,39.4639621014928,47.309999999999995,4.6,0,23.678377260895676
12,visit,3480,3519.286375654997,z22,z22,,depot_south,local,False,24.40551326874542,0.0,21.31973945979571,10.285912696499032,0,0
25,visit,3480,3500.3333333333335,z31,z31,,depot_south,local,False,24.62022294995144,0.0,23.24022294995144,4.6,0,0
7,visit,3480,3506.6846079563875,z21,z21,,depot_south,local,False,28.966780489920282,0.0,27.01516577384541,6.505382386916237,0,0
2,trip,3490,3514.1666666666665,z32,z02,toy-0008177,,,False,16.64867533205173,0.0,14.47367533205173,0.35,6.8999999999999995,0
5,trip,3490,3514.809854494165,z22,z20,toy-0008173,,,False,19.808015494279335,0.0,17.57512858980448,2.3,5.142956348249516,0
11,trip,3490,3502.0089706448603,z21,z32,toy-0008169,,,False,9.053887708231706,0.0,7.97308035019427,0.35,3.2526911934581184,0
20,trip,3490,3498.8333333333335,z22,z12,toy-0008174,,,False,25.89310985442567,0.0,25.098109854425672,0.35,2.3,0
14,trip,3490,3514.1666666666665,z31,z01,toy-0008171,,,False,28.511847588096078,0.0,26.336847588096077,0.35,6.8999999999999995,0
60,trip,3490,3498.8333333333335,z31,z32,toy-0008172,,,False,24.3371037209833,0.0,23.5421037209833,0.35,2.3,0
32,trip,3490,3502.0089706448603,z32,z21,toy-0008176,,,False,27.547410457309777,0.0,26.46660309927234,0.35,3.2526911934581184,0
35,trip,3490,3512.851274623054,z32,z10,toy-0008175,,,False,12.520313585853767,0.0,10.463698869778897,0.35,6.505382386916237,0
10,trip,3490,3508.309854494165,z11,z30,toy-0008168,,,False,16.49874974388496,0.0,14.850862839410105,0.35,5.142956348249516,0
71,trip,3490,3502.0089706448603,z31,z20,toy-0008170,,,False,47.10000000000003,0.0,46.0191926419626,0.35,3.2526911934581184,0
44,trip,3490,3498.8333333333335,z10,z11,toy-0008167,,,False,17.297857400243068,0.0,16.502857400243066,0.35,2.3,0
40,trip,3490,3508.309854494165,z32,z11,toy-0008196,,,False,11.788635391674434,0.0,10.14074848719958,0.35,5.142956348249516,0
59,trip,3490,3514.1666666666665,z01,z31,toy-0008183,,,False,27.321081729623323,0.0,25.146081729623322,0.35,6.8999999999999995,0
23,trip,3490,3508.309854494165,z22,z30,toy-0008195,,,False,10.927171470859886,0.0,9.27928456638503,0.35,5.142956348249516,0
13,trip,3490,3508.309854494165,z20,z32,toy-0008180,,,False,19.32545453345219,0.0,17.677567628977336,0.35,5.142956348249516,0
29,trip,3490,3498.8333333333335,z11,z10,toy-0008185,,,False,33.123413078541894,0.0,32.32841307854189,0.35,2.3,0
72,trip,3490,3515.410795394624,z31,z00,toy-0008188,,,False,22.907786534072425,0.0,20.620814948556244,0.35,7.273238618387272,0
15,trip,3490,3506.5,z21,z01,toy-0008187,,,False,25.853257014733217,0.0,24.368257014733217,0.35,4.6,0
74,trip,3490,3508.309854494165,z20,z12,toy-0008179,,,False,24.38354113570033,0.0,22.735654231225475,0.35,5.142956348249516,0
80,trip,3490,3498.8333333333335,z31,z21,toy-0008189,,,False,44.58130573748776,0.0,43.78630573748776,0.35,2.3,0
24,trip,3490,3508.5089706448603,z22,z21,toy-0008193,,,False,41.55341883301265,0.0,39.887611474975216,2.3,3.2526911934581184,0
34,trip,3490,3498.8333333333335,z21,z20,toy-0008186,,,False,30.714505665405618,0.0,29.919505665405616,0.35,2.3,0
37,trip,3490,3508.5089706448603,z21,z31,toy-0008178,,,False,45.14838528392514,0.0,43.4825779258877,2.3,3.2526911934581184,0
56,trip,3490,3502.0089706448603,z30,z21,toy-0008181,,,False,47.895000000000145,0.0,46.81419264196271,0.35,3.2526911934581184,0
30,trip,3490,3505.3333333333335,z11,z02,toy-0008184,,,False,27.08114688757822,0.0,25.701146887578222,2.3,2.3,0
38,trip,3490,3525.0864327061513,z11,z31,toy-0008191,,,False,26.76821781534708,0.0,23.610438871793463,3.2526911934581184,7.273238618387272,0
48,trip,3490,3516.175637311527,z11,z22,toy-0008192,,,False,33.17936770105913,0.0,30.823560343021693,3.2526911934581184,4.6,0
81,trip,3490,3502.0089706448603,z31,z22,toy-0008190,,,False,27.027302529840483,0.0,25.946495171803047,0.35,3.2526911934581184,0
47,trip,3490,3514.809854494165,z22,z31,toy-0008194,,,False,25.180829290322222,0.0,22.94794238584737,2.3,5.142956348249516,0
49,trip,3490,3516.175637311527,z21,z32,toy-0008182,,,False,28.296030307988286,0.0,25.94022294995085,3.2526911934581184,4.6,0
17,visit,3490,3510.3333333333335,z20,z20,,depot_south,local,False,24.06821781534738,0.0,22.688217815347382,4.6,0,0
75,visit,3490,3510.3333333333335,z31,z31,,depot_south,local,False,26.309940492343085,0.0,24.929940492343086,4.6,0,0
41,visit,3490,3529.286375654997,z22,z22,,depot_south,local,False,26.377890949330762,0.0,23.292117140381052,10.285912696499032,0,0
9,visit,3490,3543.488257455915,z31,z31,,depot_west,local,False,26.969382042825817,0.0,22.605438871793453,14.546477236774544,0,0
58,visit,3490,3572.2851195571143,z32,z32,,depot_west,central,False,31.40392010642506,0.0,26.428259346284754,16.58553586713435,0,0
79,visit,3490,3537.6138078371246,z11,z11,,depot_west,,False,9.09380755680905,39.88199980122839,47.02419264196257,6.505382386916237,0,23.929199880737034
36,visit,3490,3516.579434131854,z00,z00,,depot_west,,False,11.028165335798507,37.07683466420149,47.894999999999996,0.7,0,22.246100798520896
4,trip,3500,3516.5,z31,z11,toy-0008201,,,False,28.234974041431332,0.0,26.749974041431333,0.35,4.6,0
21,trip,3500,3518.309854494165,z01,z22,toy-0008198,,,False,22.668137012224133,0.0,21.020250107749277,0.35,5.142956348249516,0
6,trip,3500,3508.8333333333335,z11,z21,toy-0008199,,,False,25.083386483153866,0.0,24.288386483153865,0.35,2.3,0
8,trip,3500,3508.8333333333335,z32,z31,toy-0008204,,,False,24.126692521063553,0.0,23.33169252106355,0.35,2.3,0
1,trip,3500,3508.8333333333335,z21,z31,toy-0008200,,,False,26.022953350949827,0.0,25.227953350949825,0.35,2.3,0
51,trip,3500,3512.0089706448603,z22,z31,toy-0008202,,,False,24.444449141001353,0.0,23.363641782963917,0.35,3.2526911934581184,0
18,trip,3500,3529.351274623054,z31,z12,toy-0008197,,,False,24.5856977023835,0.0,21.94408298630863,2.3,6.505382386916237,0
86,trip,3500,3508.8333333333335,z22,z32,toy-0008203,,,False,34.07314340351347,0.0,33.27814340351347,0.35,2.3,0
19,trip,3500,3508.8333333333335,z32,z22,toy-0008214,,,False,28.675155851776005,0.0,27.880155851776003,0.35,2.3,0
29,trip,3500,3508.8333333333335,z10,z20,toy-0008205,,,False,32.32841307854192,0.0,31.53341307854192,0.35,2.3,0
20,trip,3500,3516.5,z12,z32,toy-0008211,,,False,25.098109854425697,0.0,23.613109854425698,0.35,4.6,0
31,trip,3500,3518.309854494165,z31,z10,toy-0008209,,,False,39.80222105644616,0.0,38.154334151971305,0.35,5.142956348249516,0
60,trip,3500,3525.410795394624,z32,z01,toy-0008213,,,False,23.542103720983327,0.0,21.255132135467147,0.35,7.273238618387272,0
87,trip,3500,3508.8333333333335,z22,z21,toy-0008212,,,False,14.439857357668222,0.0,13.644857357668222,0.35,2.3,0
55,trip,3500,3508.8333333333335,z31,z32,toy-0008210,,,False,16.38779790907754,0.0,15.592797909077541,0.35,2.3,0
22,trip,3500,3516.5,z11,z31,toy-0008207,,,False,23.800330910872272,0.0,22.315330910872273,0.35,4.6,0
34,trip,3500,3516.5,z20,z22,toy-0008206,,,False,29.919505665405644,0.0,28.434505665405645,0.35,4.6,0
44,trip,3500,3512.0089706448603,z11,z22,toy-0008208,,,False,16.502857400243094,0.0,15.422050042205658,0.35,3.2526911934581184,0
16,visit,3500,3520.3333333333335,z10,z10,,depot_west,local,False,27.174883316237427,0.0,25.794883316237428,4.6,0,0
89,visit,3500,3574.7510970498283,z31,z31,,depot_west,,False,9.743905595660614,40.438065989855566,45.81802841448382,14.546477236774544,0,24.26283959391334
26,visit,3500,3510.0,z00,z00,,depot_west,,True,25.963382300673075,9.444444444444446,35.19782674511752,0.7,0,5.666666666666668
45,trip,3510,3522.0089706448603,z22,z11,toy-0008228,,,False,26.746171817997496,0.0,25.66536445996006,0.35,3.2526911934581184,0
13,trip,3510,3528.309854494165,z32,z20,toy-0008229,,,False,17.67756762897735,0.0,16.029680724502494,0.35,5.142956348249516,0
6,trip,3510,3518.8333333333335,z21,z11,toy-0008219,,,False,24.288386483153893,0.0,23.49338648315389,0.35,2.3,0
7,trip,3510,3522.0089706448603,z21,z12,toy-0008220,,,False,27.01516577384541,0.0,25.934358415807974,0.35,3.2526911934581184,0
67,trip,3510,3528.309854494165,z10,z31,toy-0008217,,,False,33.155222949951096,0.0,31.50733604547624,0.35,5.142956348249516,0
26,trip,3510,3522.0089706448603,z00,z11,toy-0008215,,,False,35.19782674511729,0.0,34.11701938707986,0.35,3.2526911934581184,0
1,trip,3510,3518.8333333333335,z31,z21,toy-0008224,,,False,25.227953350949853,0.0,24.43295335094985,0.35,2.3,0
8,trip,3510,3522.0089706448603,z31,z22,toy-0008225,,,False,23.33169252106358,0.0,22.250885163026144,0.35,3.2526911934581184,0
24,trip,3510,3518.8333333333335,z21,z22,toy-0008221,,,False,39.88761147497523,0.0,39.09261147497523,0.35,2.3,0
46,trip,3510,3522.0089706448603,z32,z21,toy-0008230,,,False,34.767268947300934,0.0,33.6864615892635,0.35,3.2526911934581184,0
28,trip,3510,3532.851274623054,z12,z30,toy-0008226,,,False,29.503883663375436,0.0,27.447268947300564,0.35,6.505382386916237,0
25,trip,3510,3518.8333333333335,z31,z30,toy-0008223,,,False,23.240222949951466,0.0,22.445222949951464,0.35,2.3,0
15,trip,3510,3541.910795394624,z01,z31,toy-0008216,,,False,24.368257014733217,0.0,21.496285429217036,2.3,7.273238618387272,0
40,trip,3510,3528.309854494165,z11,z32,toy-0008218,,,False,10.14074848719959,0.0,8.492861582724736,0.35,5.142956348249516,0
32,trip,3510,3522.0089706448603,z21,z32,toy-0008222,,,False,26.466603099272355,0.0,25.38579574123492,0.35,3.2526911934581184,0
81,trip,3510,3526.5,z22,z20,toy-0008227,,,False,25.94649517180306,0.0,24.46149517180306,0.35,4.6,0
55,trip,3510,3518.8333333333335,z32,z31,toy-0008231,,,False,15.592797909077568,0.0,14.797797909077568,0.35,2.3,0
42,trip,3510,3518.8333333333335,z20,z10,toy-0008236,,,False,32.66354113570053,0.0,31.868541135700525,0.35,2.3,0
57,trip,3510,3522.0089706448603,z31,z20,toy-0008239,,,False,26.58572132940147,0.0,25.504913971364033,0.35,3.2526911934581184,0
27,trip,3510,3545.309226445224,z01,z32,toy-0008233,,,False,27.040654231226156,0.0,23.862823851156005,2.3,8.292767933567175,0
54,trip,3510,3539.351274623054,z20,z32,toy-0008235,,,False,21.26389125389423,0.0,18.62227653781936,2.3,6.505382386916237,0
64,trip,3510,3518.8333333333335,z31,z32,toy-0008241,,,False,29.258217815346864,0.0,28.463217815346866,0.35,2.3,0
33,trip,3510,3528.5089706448603,z21,z31,toy-0008242,,,False,21.597444568807262,0.0,19.931637210769825,2.3,3.2526911934581184,0
77,trip,3510,3528.309854494165,z31,z12,toy-0008240,,,False,31.699415591913503,0.0,30.051528687438648,0.35,5.142956348249516,0
68,trip,3510,3534.809854494165,z01,z21,toy-0008232,,,False,31.892860945905756,0.0,29.6599740414309,2.3,5.142956348249516,0
62,trip,3510,3528.5089706448603,z11,z21,toy-0008234,,,False,35.399382042825785,0.0,33.73357468478835,2.3,3.2526911934581184,0
56,trip,3510,3518.8333333333335,z21,z31,toy-0008238,,,False,46.81419264196272,0.0,46.01919264196272,0.35,2.3,0
73,trip,3510,3522.0089706448603,z21,z30,toy-0008237,,,False,32.763668303942744,0.0,31.682860945905308,0.35,3.2526911934581184,0
11,visit,3510,3570.51081845655,z32,z32,,depot_south,local,False,7.973080350194282,41.406919649805715,46.62,9.2,0,24.84415178988343
87,visit,3510,3579.883177956609,z21,z21,,depot_south,central,False,13.644857357668249,35.330950000369185,47.024192641962564,6.505382386916237,0,21.198570000221512
76,visit,3510,3566.821266829332,z32,z32,,depot_south,local,False,14.122333062224186,35.2576669377758,46.61999999999999,9.2,0,21.154600162665485
10,visit,3510,3582.131482296354,z30,z30,,depot_west,local,False,14.850862839410116,35.21913716058988,45.92999999999999,13.799999999999999,0,21.13148229635393
30,visit,3510,3545.6666666666665,z02,z02,,depot_west,local,False,25.701146887578247,0.0,22.94114688757825,9.2,0,0
19,visit,3510,3558.369215912775,z22,z22,,depot_west,local,False,27.88015585177603,0.0,23.976926419626288,13.010764773832474,0,0
29,visit,3510,3545.6666666666665,z20,z20,,depot_west,local,False,31.533413078541944,0.0,28.773413078541942,9.2,0,0
37,visit,3510,3563.488257455915,z31,z31,,depot_west,local,False,43.48257792588772,0.0,39.11863475485536,14.546477236774544,0,0
12,trip,3520,3538.309854494165,z22,z01,toy-0008248,,,False,21.319739459795706,0.0,19.67185255532085,0.35,5.142956348249516,0
5,trip,3520,3532.0089706448603,z20,z31,toy-0008245,,,False,17.57512858980449,0.0,16.494321231767053,0.35,3.2526911934581184,0
31,trip,3520,3538.309854494165,z10,z22,toy-0008243,,,False,38.154334151971305,0.0,36.50644724749645,0.35,5.142956348249516,0
20,trip,3520,3538.309854494165,z32,z11,toy-0008252,,,False,23.613109854425698,0.0,21.965222949950842,0.35,5.142956348249516,0
24,trip,3520,3528.8333333333335,z22,z32,toy-0008250,,,False,39.09261147497526,0.0,38.297611474975255,0.35,2.3,0
39,trip,3520,3536.5,z32,z12,toy-0008253,,,False,19.427884558041246,0.0,17.942884558041246,0.35,4.6,0
17,trip,3520,3528.8333333333335,z20,z21,toy-0008244,,,False,22.688217815347407,0.0,21.893217815347406,0.35,2.3,0
49,trip,3520,3536.5,z32,z30,toy-0008251,,,False,25.940222949950833,0.0,24.455222949950834,0.35,4.6,0
22,trip,3520,3536.5,z31,z11,toy-0008246,,,False,22.315330910872273,0.0,20.830330910872274,0.35,4.6,0
52,trip,3520,3528.8333333333335,z12,z11,toy-0008247,,,False,27.41183766602626,0.0,26.616837666026257,0.35,2.3,0
34,trip,3520,3536.5,z22,z02,toy-0008249,,,False,28.434505665405645,0.0,26.949505665405646,0.35,4.6,0
61,trip,3520,3528.8333333333335,z32,z22,toy-0008265,,,False,21.467277565969304,0.0,20.672277565969303,0.35,2.3,0
64,trip,3520,3528.8333333333335,z32,z31,toy-0008264,,,False,28.46321781534689,0.0,27.668217815346893,0.35,2.3,0
4,trip,3520,3536.5,z11,z31,toy-0008260,,,False,26.749974041431333,0.0,25.264974041431334,0.35,4.6,0
53,trip,3520,3538.309854494165,z12,z31,toy-0008263,,,False,29.68225460553397,0.0,28.034367701059114,0.35,5.142956348249516,0
6,trip,3520,3532.0089706448603,z11,z20,toy-0008259,,,False,23.49338648315392,0.0,22.412579125116483,0.35,3.2526911934581184,0
43,trip,3520,3544.1666666666665,z31,z01,toy-0008261,,,False,47.30999999999975,0.0,45.13499999999975,0.35,6.8999999999999995,0
23,trip,3520,3528.8333333333335,z30,z31,toy-0008256,,,False,9.27928456638504,0.0,8.48428456638504,0.35,2.3,0
14,trip,3520,3538.309854494165,z01,z20,toy-0008257,,,False,26.336847588096095,0.0,24.68896068362124,0.35,5.142956348249516,0
2,trip,3520,3535.3333333333335,z02,z11,toy-0008258,,,False,14.473675332051744,0.0,13.093675332051745,2.3,2.3,0
63,trip,3520,3532.0089706448603,z20,z11,toy-0008255,,,False,33.47022294995061,0.0,32.38941559191318,0.35,3.2526911934581184,0
47,trip,3520,3528.8333333333335,z31,z21,toy-0008262,,,False,22.947942385847377,0.0,22.152942385847375,0.35,2.3,0
36,trip,3520,3538.309854494165,z00,z12,toy-0008254,,,False,47.89499999999975,0.0,46.247113095524895,0.35,5.142956348249516,0
21,visit,3520,3559.286375654997,z22,z22,,depot_south,local,False,21.02025010774929,0.0,17.93447629879958,10.285912696499032,0,0
71,visit,3520,3540.3333333333335,z20,z20,,depot_south,local,False,46.019192641962604,0.0,44.6391926419626,4.6,0,0
56,visit,3520,3540.3333333333335,z31,z31,,depot_south,local,False,46.019192641962746,0.0,44.639192641962744,4.6,0,0
35,visit,3520,3560.269114011466,z10,z10,,depot_west,,False,10.463698869778908,38.22630113022108,47.30999999999999,4.6,0,22.93578067813265
55,visit,3520,3557.668654587887,z31,z31,,depot_south,,False,14.797797909077595,33.8922020909224,47.309999999999995,4.6,0,20.335321254553442
25,visit,3520,3530.0,z30,z30,,depot_south,,True,22.445222949951493,9.444444444444446,31.67966739439594,0.7,0,5.666666666666668
66,visit,3520,3530.0,z30,z30,,depot_south,,True,24.900228600249,9.444444444444446,34.13467304469345,0.7,0,5.666666666666668
3,trip,3530,3548.309854494165,z02,z10,toy-0008277,,,False,17.11628486680701,0.0,15.468397962332155,0.35,5.142956348249516,0
1,trip,3530,3542.0089706448603,z21,z10,toy-0008271,,,False,24.43295335094988,0.0,23.352145992912444,0.35,3.2526911934581184,0
0,trip,3530,3538.8333333333335,z22,z21,toy-0008279,,,False,46.4571130955252,0.0,45.6621130955252,0.35,2.3,0
17,trip,3530,3542.0089706448603,z21,z32,toy-0008274,,,False,21.893217815347434,0.0,20.812410457309998,0.35,3.2526911934581184,0
13,trip,3530,3548.309854494165,z20,z01,toy-0008267,,,False,16.02968072450251,0.0,14.381793820027653,0.35,5.142956348249516,0
33,trip,3530,3542.0089706448603,z31,z22,toy-0008275,,,False,19.931637210769836,0.0,18.8508298527324,0.35,3.2526911934581184,0
24,trip,3530,3542.0089706448603,z32,z21,toy-0008280,,,False,38.297611474975284,0.0,37.21680411693785,0.35,3.2526911934581184,0
26,trip,3530,3538.8333333333335,z11,z12,toy-0008270,,,False,34.117019387079864,0.0,33.32201938707986,0.35,2.3,0
72,trip,3530,3552.851274623054,z00,z22,toy-0008266,,,False,20.620814948556262,0.0,18.56420023248139,0.35,6.505382386916237,0
23,trip,3530,3538.8333333333335,z31,z32,toy-0008276,,,False,8.484284566385067,0.0,7.6892845663850675,0.35,2.3,0
7,trip,3530,3538.8333333333335,z12,z22,toy-0008278,,,False,25.93435841580799,0.0,25.13935841580799,0.35,2.3,0
45,trip,3530,3542.0089706448603,z11,z00,toy-0008269,,,False,25.665364459960074,0.0,24.584557101922638,0.35,3.2526911934581184,0
46,trip,3530,3538.8333333333335,z21,z31,toy-0008273,,,False,33.68646158926351,0.0,32.89146158926351,0.35,2.3,0
57,trip,3530,3548.309854494165,z20,z32,toy-0008268,,,False,25.504913971364047,0.0,23.85702706688919,0.35,5.142956348249516,0
47,trip,3530,3538.8333333333335,z21,z20,toy-0008272,,,False,22.152942385847403,0.0,21.3579423858474,0.35,2.3,0
60,trip,3530,3555.410795394624,z01,z32,toy-0008283,,,False,21.255132135467164,0.0,18.968160549950984,0.35,7.273238618387272,0
52,trip,3530,3538.8333333333335,z11,z21,toy-0008285,,,False,26.616837666026285,0.0,25.821837666026283,0.35,2.3,0
50,trip,3530,3560.6666666666665,z02,z31,toy-0008282,,,False,40.11553192853813,0.0,37.355531928538134,2.3,6.8999999999999995,0
62,trip,3530,3538.8333333333335,z21,z22,toy-0008286,,,False,33.733574684788366,0.0,32.938574684788364,0.35,2.3,0
32,trip,3530,3552.851274623054,z32,z10,toy-0008291,,,False,25.385795741234933,0.0,23.32918102516006,0.35,6.505382386916237,0
8,trip,3530,3548.309854494165,z22,z10,toy-0008289,,,False,22.250885163026158,0.0,20.602998258551303,0.35,5.142956348249516,0
18,trip,3530,3548.309854494165,z12,z00,toy-0008288,,,False,21.94408298630864,0.0,20.296196081833784,0.35,5.142956348249516,0
41,trip,3530,3542.0089706448603,z22,z31,toy-0008290,,,False,23.29211714038105,0.0,22.211309782343612,0.35,3.2526911934581184,0
78,trip,3530,3553.0,z11,z21,toy-0008281,,,False,47.024192641962685,0.0,44.954192641962685,2.3,4.6,0
38,trip,3530,3555.410795394624,z31,z02,toy-0008287,,,False,23.610438871793463,0.0,21.323467286277282,0.35,7.273238618387272,0
16,trip,3530,3545.3333333333335,z10,z01,toy-0008284,,,False,25.794883316237453,0.0,24.414883316237454,2.3,2.3,0
64,visit,3530,3550.3333333333335,z31,z31,,depot_south,local,False,27.668217815346917,0.0,26.28821781534692,4.6,0,0
40,visit,3530,3587.1989497170316,z32,z32,,depot_south,,False,8.492861582724744,40.887138417275246,46.61999999999999,9.2,0,24.532283050365148
25,visit,3530,3540.0,z30,z30,,depot_south,,True,31.67966739439571,9.444444444444446,40.91411183884016,0.7,0,5.666666666666668
73,visit,3530,3540.0,z30,z30,,depot_south,,True,31.68286094590532,9.444444444444446,40.91730539034976,0.7,0,5.666666666666668
66,visit,3530,3540.0,z30,z30,,depot_south,,True,34.134673044693216,9.444444444444446,43.36911748913766,0.7,0,5.666666666666668
34,trip,3540,3564.1666666666665,z02,z32,toy-0008302,,,False,26.949505665405646,0.0,24.774505665405645,0.35,6.8999999999999995,0
4,trip,3540,3548.8333333333335,z31,z21,toy-0008301,,,False,25.264974041431334,0.0,24.469974041431335,0.35,2.3,0
25,trip,3540,3548.8333333333335,z30,z20,toy-0008293,,,False,40.91411183883993,0.0,40.11911183883993,0.35,2.3,0
26,trip,3540,3556.5,z12,z32,toy-0008303,,,False,33.32201938707989,0.0,31.83701938707989,0.35,4.6,0
5,trip,3540,3558.309854494165,z31,z10,toy-0008298,,,False,16.494321231767067,0.0,14.846434327292211,0.35,5.142956348249516,0
23,trip,3540,3548.8333333333335,z32,z31,toy-0008307,,,False,7.689284566385095,0.0,6.894284566385095,0.35,2.3,0
2,trip,3540,3552.0089706448603,z11,z22,toy-0008294,,,False,13.093675332051772,0.0,12.012867974014336,0.35,3.2526911934581184,0
46,trip,3540,3556.5,z31,z11,toy-0008300,,,False,32.891461589263535,0.0,31.406461589263536,0.35,4.6,0
51,trip,3540,3552.0089706448603,z31,z20,toy-0008299,,,False,23.36364178296393,0.0,22.282834424926495,0.35,3.2526911934581184,0
7,trip,3540,3548.8333333333335,z22,z12,toy-0008304,,,False,25.139358415808015,0.0,24.344358415808017,0.35,2.3,0
54,trip,3540,3558.309854494165,z32,z20,toy-0008306,,,False,18.62227653781937,0.0,16.974389633344515,0.35,5.142956348249516,0
65,trip,3540,3568.809226445224,z32,z00,toy-0008305,,,False,31.453210772356748,0.0,28.860380392286594,0.35,8.292767933567175,0
20,trip,3540,3558.309854494165,z11,z32,toy-0008295,,,False,21.965222949950856,0.0,20.317336045476,0.35,5.142956348249516,0
0,trip,3540,3558.309854494165,z21,z00,toy-0008296,,,False,45.66211309552523,0.0,44.014226191050376,0.35,5.142956348249516,0
80,trip,3540,3548.8333333333335,z21,z11,toy-0008297,,,False,43.78630573748779,0.0,42.991305737487785,0.35,2.3,0
42,trip,3540,3558.309854494165,z10,z02,toy-0008292,,,False,31.86854113570055,0.0,30.220654231225694,0.35,5.142956348249516,0
53,trip,3540,3565.410795394624,z31,z00,toy-0008312,,,False,28.03436770105913,0.0,25.747396115542948,0.35,7.273238618387272,0
31,trip,3540,3548.8333333333335,z22,z32,toy-0008319,,,False,36.50644724749645,0.0,35.71144724749645,0.35,2.3,0
6,trip,3540,3552.0089706448603,z20,z31,toy-0008309,,,False,22.412579125116498,0.0,21.33177176707906,0.35,3.2526911934581184,0
44,trip,3540,3552.0089706448603,z22,z11,toy-0008318,,,False,15.42205004220567,0.0,14.341242684168234,0.35,3.2526911934581184,0
85,trip,3540,3548.8333333333335,z21,z31,toy-0008311,,,False,33.50604754371644,0.0,32.71104754371644,0.35,2.3,0
14,trip,3540,3556.5,z20,z22,toy-0008310,,,False,24.688960683621254,0.0,23.203960683621254,0.35,4.6,0
22,trip,3540,3564.809854494165,z11,z31,toy-0008308,,,False,20.830330910872274,0.0,18.597444006397417,2.3,5.142956348249516,0
36,trip,3540,3552.0089706448603,z12,z21,toy-0008317,,,False,46.247113095524895,0.0,45.16630573748746,0.35,3.2526911934581184,0
59,trip,3540,3552.0089706448603,z31,z22,toy-0008314,,,False,25.14608172962334,0.0,24.065274371585904,0.35,3.2526911934581184,0
67,trip,3540,3548.8333333333335,z31,z32,toy-0008315,,,False,31.507336045476247,0.0,30.71233604547625,0.35,2.3,0
69,trip,3540,3558.309854494165,z31,z12,toy-0008313,,,False,47.30999999999983,0.0,45.66211309552498,0.35,5.142956348249516,0
12,trip,3540,3564.809854494165,z01,z21,toy-0008316,,,False,19.671852555320864,0.0,17.438965650846008,2.3,5.142956348249516,0
52,visit,3540,3566.6846079563875,z21,z21,,depot_south,local,False,25.821837666026312,0.0,23.87022294995144,6.505382386916237,0,0
68,visit,3540,3566.6846079563875,z21,z21,,depot_south,local,False,29.65997404143091,0.0,27.70835932535604,6.505382386916237,0,0
49,visit,3540,3550.0,z30,z30,,depot_south,,True,24.455222949950834,9.444444444444446,33.68966739439528,0.7,0,5.666666666666668
63,trip,3550,3566.5,z11,z31,toy-0008324,,,False,32.389415591913185,0.0,30.904415591913185,0.35,4.6,0
28,trip,3550,3568.309854494165,z30,z22,toy-0008322,,,False,27.44726894730058,0.0,25.799382042825723,0.35,5.142956348249516,0
17,trip,3550,3568.309854494165,z32,z11,toy-0008329,,,False,20.812410457310012,0.0,19.164523552835156,0.35,5.142956348249516,0
33,trip,3550,3562.0089706448603,z22,z31,toy-0008328,,,False,18.850829852732414,0.0,17.770022494694977,0.35,3.2526911934581184,0
27,trip,3550,3558.8333333333335,z32,z22,toy-0008332,,,False,23.86282385115601,0.0,23.067823851156007,0.35,2.3,0
25,trip,3550,3558.8333333333335,z20,z30,toy-0008321,,,False,40.119111838839956,0.0,39.324111838839954,0.35,2.3,0
48,trip,3550,3566.5,z22,z20,toy-0008327,,,False,30.823560343021676,0.0,29.338560343021676,0.35,4.6,0
31,trip,3550,3562.0089706448603,z32,z21,toy-0008330,,,False,35.71144724749648,0.0,34.63063988945905,0.35,3.2526911934581184,0
18,trip,3550,3566.5,z00,z20,toy-0008320,,,False,20.2961960818338,0.0,18.8111960818338,0.35,4.6,0
49,trip,3550,3566.5,z30,z32,toy-0008323,,,False,33.68966739439505,0.0,32.20466739439505,0.35,4.6,0
61,trip,3550,3572.851274623054,z22,z00,toy-0008326,,,False,20.67227756596933,0.0,18.61566284989446,0.35,6.505382386916237,0
9,trip,3550,3568.5089706448603,z31,z32,toy-0008325,,,False,22.605438871793464,0.0,20.939631513756026,2.3,3.2526911934581184,0
57,trip,3550,3558.8333333333335,z32,z31,toy-0008331,,,False,23.857027066889206,0.0,23.062027066889208,0.35,2.3,0
62,trip,3550,3558.8333333333335,z22,z21,toy-0008345,,,False,32.93857468478839,0.0,32.14357468478839,0.35,2.3,0
30,trip,3550,3558.8333333333335,z02,z12,toy-0008342,,,False,22.94114688757822,0.0,22.14614688757822,0.35,2.3,0
15,trip,3550,3558.8333333333335,z31,z32,toy-0008340,,,False,21.49628542921705,0.0,20.70128542921705,0.35,2.3,0
29,trip,3550,3573.0,z20,z01,toy-0008336,,,False,28.773413078541918,0.0,26.703413078541917,2.3,4.6,0
7,trip,3550,3566.5,z12,z10,toy-0008343,,,False,24.344358415808042,0.0,22.859358415808043,0.35,4.6,0
47,trip,3550,3558.8333333333335,z20,z21,toy-0008335,,,False,21.35794238584743,0.0,20.56294238584743,0.35,2.3,0
41,trip,3550,3558.8333333333335,z31,z21,toy-0008339,,,False,22.211309782343626,0.0,21.416309782343625,0.35,2.3,0
39,trip,3550,3568.309854494165,z12,z31,toy-0008344,,,False,17.942884558041246,0.0,16.29499765356639,0.35,5.142956348249516,0
67,trip,3550,3575.410795394624,z32,z01,toy-0008346,,,False,30.712336045476274,0.0,28.425364459960093,0.35,7.273238618387272,0
13,trip,3550,3581.910795394624,z01,z31,toy-0008341,,,False,14.381793820027664,0.0,11.509822234511482,2.3,7.273238618387272,0
45,trip,3550,3558.8333333333335,z00,z10,toy-0008333,,,False,24.584557101922652,0.0,23.789557101922654,0.35,2.3,0
3,trip,3550,3566.5,z10,z12,toy-0008334,,,False,15.468397962332167,0.0,13.983397962332168,0.35,4.6,0
56,trip,3550,3558.8333333333335,z31,z30,toy-0008338,,,False,44.63919264196278,0.0,43.84419264196278,0.35,2.3,0
71,trip,3550,3568.5089706448603,z20,z12,toy-0008337,,,False,44.63919264196264,0.0,42.973385283925204,2.3,3.2526911934581184,0
23,visit,3550,3595.410762593502,z31,z31,,depot_south,local,False,6.894284566385123,41.79571543361487,47.309999999999995,4.6,0,25.077429260168923
1,visit,3550,3570.3333333333335,z10,z10,,depot_west,local,False,23.352145992912458,0.0,21.97214599291246,4.6,0,0
4,visit,3550,3576.6846079563875,z21,z21,,depot_south,local,False,24.46997404143136,0.0,22.51835932535649,6.505382386916237,0,0
24,visit,3550,3576.6846079563875,z21,z21,,depot_south,local,False,37.21680411693786,0.0,35.26518940086299,6.505382386916237,0,0
30,trip,3560,3578.309854494165,z12,z20,toy-0008358,,,False,22.146146887578247,0.0,20.49825998310339,0.35,5.142956348249516,0
36,trip,3560,3568.8333333333335,z21,z22,toy-0008354,,,False,45.16630573748747,0.0,44.37130573748747,0.35,2.3,0
20,trip,3560,3576.5,z32,z12,toy-0008359,,,False,20.317336045476015,0.0,18.832336045476016,0.35,4.6,0
25,trip,3560,3572.0089706448603,z30,z21,toy-0008352,,,False,39.32411183883998,0.0,38.24330448080255,0.35,3.2526911934581184,0
42,trip,3560,3572.0089706448603,z02,z11,toy-0008357,,,False,30.22065423122571,0.0,29.139846873188272,0.35,3.2526911934581184,0
0,trip,3560,3585.410795394624,z00,z31,toy-0008347,,,False,44.014226191050376,0.0,41.72725460553419,0.35,7.273238618387272,0
41,trip,3560,3568.8333333333335,z21,z31,toy-0008353,,,False,21.416309782343653,0.0,20.62130978234365,0.35,2.3,0
5,trip,3560,3568.8333333333335,z10,z00,toy-0008348,,,False,14.846434327292222,0.0,14.051434327292222,0.35,2.3,0
6,trip,3560,3572.0089706448603,z31,z20,toy-0008355,,,False,21.331771767079076,0.0,20.25096440904164,0.35,3.2526911934581184,0
8,trip,3560,3582.851274623054,z10,z32,toy-0008350,,,False,20.602998258551317,0.0,18.546383542476445,0.35,6.505382386916237,0
51,trip,3560,3578.309854494165,z20,z32,toy-0008351,,,False,22.28283442492651,0.0,20.634947520451654,0.35,5.142956348249516,0
55,trip,3560,3572.0089706448603,z31,z22,toy-0008356,,,False,47.31000000000011,0.0,46.229192641962676,0.35,3.2526911934581184,0
45,trip,3560,3568.8333333333335,z10,z11,toy-0008349,,,False,23.78955710192268,0.0,22.99455710192268,0.35,2.3,0
47,trip,3560,3568.8333333333335,z21,z20,toy-0008369,,,False,20.562942385847457,0.0,19.767942385847455,0.35,2.3,0
54,trip,3560,3576.5,z20,z00,toy-0008361,,,False,16.97438963334453,0.0,15.48938963334453,0.35,4.6,0
64,trip,3560,3584.1666666666665,z31,z01,toy-0008371,,,False,26.288217815346943,0.0,24.113217815346943,0.35,6.8999999999999995,0
56,trip,3560,3568.8333333333335,z30,z31,toy-0008366,,,False,43.844192641962806,0.0,43.049192641962804,0.35,2.3,0
75,trip,3560,3576.5,z31,z11,toy-0008372,,,False,24.92994049234311,0.0,23.44494049234311,0.35,4.6,0
81,trip,3560,3572.0089706448603,z20,z31,toy-0008362,,,False,24.46149517180306,0.0,23.380687813765626,0.35,3.2526911934581184,0
16,trip,3560,3589.351274623054,z01,z20,toy-0008373,,,False,24.41488331623748,0.0,21.77326860016261,2.3,6.505382386916237,0
62,trip,3560,3572.0089706448603,z21,z32,toy-0008370,,,False,32.14357468478842,0.0,31.062767326750983,0.35,3.2526911934581184,0
14,trip,3560,3572.0089706448603,z22,z31,toy-0008375,,,False,23.203960683621254,0.0,22.123153325583818,0.35,3.2526911934581184,0
66,trip,3560,3584.809854494165,z30,z12,toy-0008363,,,False,43.36911748913743,0.0,41.13623058466258,2.3,5.142956348249516,0
69,trip,3560,3568.8333333333335,z12,z02,toy-0008374,,,False,45.66211309552498,0.0,44.86711309552498,0.35,2.3,0
43,trip,3560,3578.309854494165,z01,z22,toy-0008367,,,False,45.134999999999756,0.0,43.487113095524904,0.35,5.142956348249516,0
73,trip,3560,3578.309854494165,z30,z11,toy-0008365,,,False,40.91730539034953,0.0,39.26941848587468,0.35,5.142956348249516,0
44,trip,3560,3568.8333333333335,z11,z21,toy-0008368,,,False,14.341242684168247,0.0,13.546242684168247,0.35,2.3,0
82,trip,3560,3583.0,z31,z10,toy-0008364,,,False,47.31000000000015,0.0,45.24000000000015,2.3,4.6,0
26,trip,3560,3568.8333333333335,z32,z31,toy-0008377,,,False,31.837019387079884,0.0,31.042019387079883,0.35,2.3,0
19,trip,3560,3568.8333333333335,z22,z32,toy-0008376,,,False,23.976926419626285,0.0,23.181926419626286,0.35,2.3,0
46,trip,3560,3578.5089706448603,z11,z21,toy-0008360,,,False,31.406461589263532,0.0,29.740654231226095,2.3,3.2526911934581184,0
2,visit,3560,3621.8043870132733,z22,z22,,depot_south,local,False,12.012867974014348,37.53001893046051,46.457113095525145,10.285912696499032,0,22.518011358276304
15,visit,3560,3595.6666666666665,z32,z32,,depot_south,local,False,20.701285429217076,0.0,17.941285429217075,9.2,0,0
38,visit,3560,3595.6666666666665,z02,z02,,depot_west,local,False,21.3234672862773,0.0,18.5634672862773,9.2,0,0
57,visit,3560,3602.3333333333335,z31,z31,,depot_south,central,False,23.062027066889232,0.0,21.682027066889233,4.6,0,0
32,visit,3560,3580.3333333333335,z10,z10,,depot_west,local,False,23.329181025160075,0.0,21.949181025160076,4.6,0,0
22,trip,3570,3578.8333333333335,z31,z21,toy-0008389,,,False,18.597444006397428,0.0,17.80244400639743,0.35,2.3,0
33,trip,3570,3578.8333333333335,z31,z32,toy-0008390,,,False,17.77002249469499,0.0,16.97502249469499,0.35,2.3,0
17,trip,3570,3586.5,z11,z31,toy-0008384,,,False,19.16452355283517,0.0,17.67952355283517,0.35,4.6,0
7,trip,3570,3586.5,z10,z30,toy-0008378,,,False,22.859358415808043,0.0,21.374358415808043,0.35,4.6,0
35,trip,3570,3582.0089706448603,z10,z01,toy-0008379,,,False,47.31000000000009,0.0,46.229192641962655,0.35,3.2526911934581184,0
18,trip,3570,3582.0089706448603,z20,z11,toy-0008380,,,False,18.8111960818338,0.0,17.730388723796363,0.35,3.2526911934581184,0
12,trip,3570,3588.309854494165,z21,z02,toy-0008387,,,False,17.43896565084602,0.0,15.791078746371163,0.35,5.142956348249516,0
5,trip,3570,3588.5089706448603,z00,z10,toy-0008381,,,False,14.051434327292249,0.0,12.385626969254814,2.3,3.2526911934581184,0
9,trip,3570,3582.0089706448603,z32,z21,toy-0008393,,,False,20.939631513756037,0.0,19.8588241557186,0.35,3.2526911934581184,0
19,trip,3570,3588.309854494165,z32,z20,toy-0008392,,,False,23.18192641962631,0.0,21.534039515151456,0.35,5.142956348249516,0
60,trip,3570,3578.8333333333335,z32,z22,toy-0008395,,,False,18.968160549951,0.0,18.173160549951,0.35,2.3,0
37,trip,3570,3588.309854494165,z31,z10,toy-0008388,,,False,39.11863475485536,0.0,37.470747850380505,0.35,5.142956348249516,0
70,trip,3570,3594.1666666666665,z32,z02,toy-0008394,,,False,23.155843632088875,0.0,20.980843632088874,0.35,6.8999999999999995,0
21,trip,3570,3588.309854494165,z22,z30,toy-0008391,,,False,17.934476298799577,0.0,16.28658939432472,0.35,5.142956348249516,0
45,trip,3570,3588.309854494165,z11,z32,toy-0008385,,,False,22.994557101922705,0.0,21.34667019744785,0.35,5.142956348249516,0
53,trip,3570,3600.6666666666665,z00,z31,toy-0008382,,,False,25.747396115542966,0.0,22.987396115542964,2.3,6.8999999999999995,0
79,trip,3570,3578.8333333333335,z11,z10,toy-0008383,,,False,47.02419264196266,0.0,46.229192641962655,0.35,2.3,0
44,trip,3570,3578.8333333333335,z21,z11,toy-0008386,,,False,13.546242684168273,0.0,12.751242684168274,0.35,2.3,0
48,trip,3570,3594.809854494165,z20,z22,toy-0008397,,,False,29.338560343021676,0.0,27.105673438546823,2.3,5.142956348249516,0
80,trip,3570,3582.0089706448603,z11,z22,toy-0008399,,,False,42.991305737487814,0.0,41.91049837945038,0.35,3.2526911934581184,0
52,trip,3570,3578.8333333333335,z21,z31,toy-0008400,,,False,23.87022294995144,0.0,23.07522294995144,0.35,2.3,0
39,trip,3570,3582.0089706448603,z31,z22,toy-0008402,,,False,16.294997653566405,0.0,15.214190295528969,0.35,3.2526911934581184,0
76,trip,3570,3588.309854494165,z32,z11,toy-0008404,,,False,46.62000000000033,0.0,44.97211309552548,0.35,5.142956348249516,0
65,trip,3570,3598.809226445224,z00,z32,toy-0008396,,,False,28.8603803922866,0.0,26.267550012216446,0.35,8.292767933567175,0
41,trip,3570,3588.309854494165,z31,z12,toy-0008401,,,False,20.62130978234368,0.0,18.973422877868824,0.35,5.142956348249516,0
3,trip,3570,3588.5089706448603,z12,z20,toy-0008398,,,False,13.983397962332168,0.0,12.317590604294733,2.3,3.2526911934581184,0
83,trip,3570,3586.5,z32,z30,toy-0008403,,,False,27.71961362632726,0.0,26.23461362632726,0.35,4.6,0
86,trip,3570,3578.8333333333335,z32,z31,toy-0008405,,,False,33.278143403513496,0.0,32.483143403513495,0.35,2.3,0
47,visit,3570,3590.3333333333335,z20,z20,,depot_south,local,False,19.767942385847483,0.0,18.387942385847484,4.6,0,0
34,visit,3570,3605.6666666666665,z32,z32,,depot_south,local,False,24.774505665405663,0.0,22.014505665405665,9.2,0,0
26,visit,3570,3590.3333333333335,z31,z31,,depot_south,local,False,31.04201938707991,0.0,29.662019387079912,4.6,0,0
49,visit,3570,3652.2851195571143,z32,z32,,depot_west,central,False,32.204667394395045,0.0,27.22900663425474,16.58553586713435,0,0
31,visit,3570,3609.286375654997,z21,z21,,depot_west,local,False,34.630639889459054,0.0,31.544866080509344,10.285912696499032,0,0
42,trip,3580,3598.309854494165,z11,z30,toy-0008410,,,False,29.139846873188286,0.0,27.49195996871343,0.35,5.142956348249516,0
4,trip,3580,3592.0089706448603,z21,z10,toy-0008412,,,False,22.51835932535649,0.0,21.437551967319052,0.35,3.2526911934581184,0
6,trip,3580,3596.5,z20,z22,toy-0008408,,,False,20.250964409041654,0.0,18.765964409041654,0.35,4.6,0
44,trip,3580,3592.0089706448603,z11,z02,toy-0008411,,,False,12.7512426841683,0.0,11.670435326130864,0.35,3.2526911934581184,0
27,trip,3580,3588.8333333333335,z22,z21,toy-0008420,,,False,23.067823851156035,0.0,22.272823851156033,0.35,2.3,0
20,trip,3580,3598.309854494165,z12,z31,toy-0008415,,,False,18.832336045476016,0.0,17.18444914100116,0.35,5.142956348249516,0
1,trip,3580,3598.309854494165,z10,z31,toy-0008407,,,False,21.972145992912484,0.0,20.32425908843763,0.35,5.142956348249516,0
22,trip,3580,3592.0089706448603,z21,z30,toy-0008413,,,False,17.802444006397455,0.0,16.72163664836002,0.35,3.2526911934581184,0
71,trip,3580,3596.5,z12,z32,toy-0008417,,,False,42.97338528392522,0.0,41.48838528392522,0.35,4.6,0
54,trip,3580,3588.8333333333335,z00,z01,toy-0008406,,,False,15.489389633344532,0.0,14.694389633344532,0.35,2.3,0
28,trip,3580,3598.309854494165,z22,z01,toy-0008418,,,False,25.799382042825737,0.0,24.15149513835088,0.35,5.142956348249516,0
29,trip,3580,3605.410795394624,z01,z32,toy-0008409,,,False,26.703413078541917,0.0,24.416441493025737,0.35,7.273238618387272,0
11,trip,3580,3602.851274623054,z32,z10,toy-0008421,,,False,46.620000000000346,0.0,44.56338528392548,0.35,6.505382386916237,0
74,trip,3580,3588.8333333333335,z12,z22,toy-0008416,,,False,22.73565423122549,0.0,21.940654231225487,0.35,2.3,0
14,trip,3580,3588.8333333333335,z31,z32,toy-0008414,,,False,22.123153325583832,0.0,21.328153325583834,0.35,2.3,0
36,trip,3580,3592.0089706448603,z22,z11,toy-0008419,,,False,44.371305737487496,0.0,43.290498379450064,0.35,3.2526911934581184,0
24,trip,3580,3592.0089706448603,z21,z32,toy-0008427,,,False,35.26518940086299,0.0,34.184382042825554,0.35,3.2526911934581184,0
30,trip,3580,3595.3333333333335,z20,z20,toy-0008422,,,False,20.498259983103406,0.0,19.118259983103407,2.3,2.3,0
25,trip,3580,3588.8333333333335,z21,z22,toy-0008426,,,False,38.24330448080256,0.0,37.448304480802555,0.35,2.3,0
50,trip,3580,3588.8333333333335,z31,z21,toy-0008430,,,False,37.35553192853815,0.0,36.56053192853815,0.35,2.3,0
46,trip,3580,3609.351274623054,z21,z02,toy-0008423,,,False,29.740654231226106,0.0,27.099039515151237,2.3,6.505382386916237,0
43,trip,3580,3596.5,z22,z20,toy-0008433,,,False,43.487113095524904,0.0,42.002113095524905,0.35,4.6,0
61,trip,3580,3595.3333333333335,z00,z00,toy-0008425,,,False,18.615662849894473,0.0,17.235662849894474,2.3,2.3,0
68,trip,3580,3604.809854494165,z21,z32,toy-0008424,,,False,27.70835932535604,0.0,25.475472420881182,2.3,5.142956348249516,0
52,trip,3580,3596.5,z31,z11,toy-0008429,,,False,23.075222949951467,0.0,21.590222949951468,0.35,4.6,0
77,trip,3580,3588.8333333333335,z12,z11,toy-0008431,,,False,30.051528687438662,0.0,29.25652868743866,0.35,2.3,0
55,trip,3580,3592.0089706448603,z22,z31,toy-0008434,,,False,46.22919264196268,0.0,45.14838528392525,0.35,3.2526911934581184,0
59,trip,3580,3598.5089706448603,z22,z21,toy-0008432,,,False,24.065274371585918,0.0,22.39946701354848,2.3,3.2526911934581184,0
56,trip,3580,3592.0089706448603,z31,z20,toy-0008428,,,False,43.04919264196283,0.0,41.9683852839254,0.35,3.2526911934581184,0
60,trip,3580,3588.8333333333335,z22,z32,toy-0008435,,,False,18.173160549951028,0.0,17.378160549951026,0.35,2.3,0
67,visit,3580,3600.3333333333335,z01,z01,,depot_west,local,False,28.42536445996011,0.0,27.045364459960112,4.6,0,0
79,visit,3580,3622.3333333333335,z10,z10,,depot_west,central,False,46.22919264196268,0.0,44.84919264196268,4.6,0,0
25,trip,3590,3608.309854494165,z22,z10,toy-0008445,,,False,37.448304480802584,0.0,35.80041757632773,0.35,5.142956348249516,0
3,trip,3590,3598.8333333333335,z20,z10,toy-0008437,,,False,12.317590604294745,0.0,11.522590604294745,0.35,2.3,0
33,trip,3590,3598.8333333333335,z32,z31,toy-0008448,,,False,16.97502249469502,0.0,16.180022494695017,0.35,2.3,0
18,trip,3590,3606.5,z11,z31,toy-0008442,,,False,17.730388723796377,0.0,16.245388723796378,0.35,4.6,0
40,trip,3590,3602.0089706448603,z32,z21,toy-0008447,,,False,46.619999999999884,0.0,45.53919264196245,0.35,3.2526911934581184,0
35,trip,3590,3602.0089706448603,z01,z12,toy-0008441,,,False,46.22919264196266,0.0,45.14838528392523,0.35,3.2526911934581184,0
73,trip,3590,3598.8333333333335,z11,z12,toy-0008443,,,False,39.26941848587468,0.0,38.47441848587468,0.35,2.3,0
16,trip,3590,3602.0089706448603,z20,z31,toy-0008439,,,False,21.77326860016262,0.0,20.692461242125184,0.35,3.2526911934581184,0
54,trip,3590,3606.5,z01,z21,toy-0008440,,,False,14.694389633344558,0.0,13.209389633344559,0.35,4.6,0
32,trip,3590,3614.809854494165,z10,z21,toy-0008436,,,False,21.9491810251601,0.0,19.716294120685248,2.3,5.142956348249516,0
9,trip,3590,3598.8333333333335,z21,z31,toy-0008444,,,False,19.858824155718615,0.0,19.063824155718613,0.35,2.3,0
39,trip,3590,3598.8333333333335,z22,z12,toy-0008446,,,False,15.214190295528981,0.0,14.419190295528981,0.35,2.3,0
19,trip,3590,3598.8333333333335,z20,z21,toy-0008438,,,False,21.53403951515147,0.0,20.739039515151468,0.35,2.3,0
51,trip,3590,3598.8333333333335,z32,z22,toy-0008449,,,False,20.634947520451668,0.0,19.839947520451666,0.35,2.3,0
0,trip,3590,3615.410795394624,z31,z02,toy-0008455,,,False,41.727254605534206,0.0,39.44028302001802,0.35,7.273238618387272,0
13,trip,3590,3602.0089706448603,z31,z22,toy-0008456,,,False,11.509822234511496,0.0,10.42901487647406,0.35,3.2526911934581184,0
17,trip,3590,3598.8333333333335,z31,z32,toy-0008457,,,False,17.67952355283517,0.0,16.88452355283517,0.35,2.3,0
12,trip,3590,3606.5,z02,z22,toy-0008458,,,False,15.791078746371175,0.0,14.306078746371176,0.35,4.6,0
58,trip,3590,3606.5,z32,z12,toy-0008460,,,False,26.428259346284737,0.0,24.943259346284737,0.35,4.6,0
75,trip,3590,3608.309854494165,z11,z32,toy-0008451,,,False,23.44494049234311,0.0,21.797053587868255,0.35,5.142956348249516,0
63,trip,3590,3615.410795394624,z31,z00,toy-0008453,,,False,30.90441559191318,0.0,28.617444006397,0.35,7.273238618387272,0
81,trip,3590,3598.8333333333335,z31,z30,toy-0008454,,,False,23.38068781376564,0.0,22.585687813765638,0.35,2.3,0
27,trip,3590,3598.8333333333335,z21,z20,toy-0008452,,,False,22.272823851156062,0.0,21.47782385115606,0.35,2.3,0
41,trip,3590,3602.0089706448603,z12,z01,toy-0008459,,,False,18.97342287786884,0.0,17.892615519831402,0.35,3.2526911934581184,0
76,trip,3590,3598.8333333333335,z11,z21,toy-0008450,,,False,44.97211309552548,0.0,44.17711309552548,0.35,2.3,0
5,visit,3590,3654.1159571517805,z10,z10,,depot_west,central,False,12.385626969254826,36.304373030745175,47.309999999999995,4.6,0,21.782623818447107
8,visit,3590,3625.6666666666665,z32,z32,,depot_south,local,False,18.54638354247646,0.0,15.78638354247646,9.2,0,0
14,visit,3590,3625.6666666666665,z32,z32,,depot_south,local,False,21.32815332558386,0.0,18.568153325583857,9.2,0,0
45,visit,3590,3625.6666666666665,z32,z32,,depot_south,local,False,21.346670197447864,0.0,18.586670197447866,9.2,0,0
21,visit,3590,3600.0,z30,z30,,depot_south,,True,16.286589394324736,9.444444444444446,25.52103383876918,0.7,0,5.666666666666668
7,visit,3590,3600.0,z30,z30,,depot_south,,True,21.374358415808043,9.444444444444446,30.60880286025249,0.7,0,5.666666666666668
4,trip,3600,3622.851274623054,z10,z32,toy-0008462,,,False,21.437551967319067,0.0,19.380937251244195,0.35,6.505382386916237,0
15,trip,3600,3618.309854494165,z32,z20,toy-0008470,,,False,17.94128542921705,0.0,16.293398524742194,0.35,5.142956348249516,0
17,trip,3600,3608.8333333333335,z32,z31,toy-0008472,,,False,16.884523552835198,0.0,16.089523552835196,0.35,2.3,0
7,trip,3600,3624.1666666666665,z30,z00,toy-0008463,,,False,30.608802860252265,0.0,28.433802860252264,0.35,6.8999999999999995,0
6,trip,3600,3612.0089706448603,z22,z31,toy-0008469,,,False,18.765964409041654,0.0,17.685157051004218,0.35,3.2526911934581184,0
1,trip,3600,3624.1666666666665,z31,z01,toy-0008467,,,False,20.324259088437643,0.0,18.149259088437642,0.35,6.8999999999999995,0
19,trip,3600,3612.0089706448603,z21,z12,toy-0008465,,,False,20.739039515151497,0.0,19.65823215711406,0.35,3.2526911934581184,0
9,trip,3600,3618.309854494165,z31,z10,toy-0008466,,,False,19.063824155718642,0.0,17.415937251243786,0.35,5.142956348249516,0
20,trip,3600,3608.8333333333335,z31,z21,toy-0008468,,,False,17.184449141001174,0.0,16.389449141001172,0.35,2.3,0
61,trip,3600,3624.1666666666665,z00,z30,toy-0008461,,,False,17.2356628498945,0.0,15.060662849894499,0.35,6.8999999999999995,0
24,trip,3600,3625.410795394624,z32,z01,toy-0008471,,,False,34.18438204282556,0.0,31.89741045730938,0.35,7.273238618387272,0
50,trip,3600,3608.8333333333335,z21,z11,toy-0008464,,,False,36.560531928538175,0.0,35.765531928538174,0.35,2.3,0
28,trip,3600,3608.8333333333335,z01,z11,toy-0008477,,,False,24.151495138350896,0.0,23.356495138350894,0.35,2.3,0
64,trip,3600,3618.309854494165,z01,z20,toy-0008476,,,False,24.11321781534696,0.0,22.465330910872105,0.35,5.142956348249516,0
23,trip,3600,3608.8333333333335,z31,z32,toy-0008486,,,False,47.310000000000294,0.0,46.51500000000029,0.35,2.3,0
26,trip,3600,3616.5,z31,z11,toy-0008484,,,False,29.662019387079937,0.0,28.177019387079937,0.35,4.6,0
59,trip,3600,3612.0089706448603,z21,z32,toy-0008482,,,False,22.39946701354849,0.0,21.318659655511055,0.35,3.2526911934581184,0
38,trip,3600,3630.6666666666665,z02,z31,toy-0008478,,,False,18.563467286277273,0.0,15.803467286277273,2.3,6.8999999999999995,0
10,trip,3600,3616.5,z30,z32,toy-0008475,,,False,45.93000000000025,0.0,44.44500000000025,0.35,4.6,0
48,trip,3600,3608.8333333333335,z22,z32,toy-0008488,,,False,27.10567343854683,0.0,26.31067343854683,0.35,2.3,0
37,trip,3600,3631.910795394624,z10,z31,toy-0008473,,,False,37.470747850380505,0.0,34.59877626486433,2.3,7.273238618387272,0
21,trip,3600,3608.8333333333335,z30,z31,toy-0008474,,,False,25.521033838768954,0.0,24.726033838768956,0.35,2.3,0
72,trip,3600,3608.8333333333335,z22,z21,toy-0008487,,,False,18.564200232481404,0.0,17.769200232481403,0.35,2.3,0
76,trip,3600,3608.8333333333335,z21,z22,toy-0008481,,,False,44.177113095525506,0.0,43.382113095525504,0.35,2.3,0
33,trip,3600,3618.309854494165,z31,z12,toy-0008485,,,False,16.180022494695045,0.0,14.53213559022019,0.35,5.142956348249516,0
84,trip,3600,3612.0089706448603,z31,z20,toy-0008483,,,False,32.74292255819821,0.0,31.662115200160773,0.35,3.2526911934581184,0
78,trip,3600,3608.8333333333335,z21,z31,toy-0008480,,,False,44.954192641962685,0.0,44.15919264196268,0.35,2.3,0
60,trip,3600,3618.309854494165,z32,z11,toy-0008490,,,False,17.378160549951055,0.0,15.730273645476199,0.35,5.142956348249516,0
87,trip,3600,3616.5,z21,z01,toy-0008479,,,False,47.024192641962514,0.0,45.539192641962515,0.35,4.6,0
62,trip,3600,3612.0089706448603,z32,z21,toy-0008491,,,False,31.062767326750993,0.0,29.981959968713557,0.35,3.2526911934581184,0
71,trip,3600,3628.809226445224,z32,z00,toy-0008489,,,False,41.48838528392521,0.0,38.89555490385506,0.35,8.292767933567175,0
3,visit,3600,3642.6337789707563,z10,z10,,depot_west,local,False,11.522590604294772,37.16740939570523,47.309999999999995,4.6,0,22.300445637423135
44,visit,3600,3658.2924054709883,z02,z02,,depot_west,local,False,11.670435326130876,37.70956467386912,46.62,9.2,0,22.62573880432147
51,visit,3600,3639.286375654997,z22,z22,,depot_south,local,False,19.839947520451695,0.0,16.754173711501984,10.285912696499032,0,0
81,visit,3600,3610.0,z30,z30,,depot_south,local,True,22.585687813765666,4.444444444444445,26.82013225821011,0.7,0,2.666666666666667
65,visit,3600,3635.6666666666665,z32,z32,,depot_south,local,False,26.267550012216454,0.0,23.507550012216456,9.2,0,0
36,visit,3600,3648.6846079563875,z11,z11,,depot_west,central,False,43.29049837945007,0.0,41.3388836633752,6.505382386916237,0,0
55,visit,3600,3620.3333333333335,z31,z31,,depot_south,local,False,45.14838528392526,0.0,43.768385283925255,4.6,0,0
39,visit,3600,3657.3605936203644,z12,z12,,depot_west,,False,14.419190295529008,35.12369660894585,46.457113095525145,10.285912696499032,0,21.07421796536751
22,visit,3600,3610.0,z30,z30,,depot_south,,True,16.721636648360032,9.444444444444446,25.956081092804478,0.7,0,5.666666666666668
83,visit,3600,3610.0,z30,z30,,depot_south,,True,26.23461362632726,9.444444444444446,35.4690580707717,0.7,0,5.666666666666668
16,trip,3610,3622.0089706448603,z31,z22,toy-0008501,,,False,20.692461242125198,0.0,19.61165388408776,0.35,3.2526911934581184,0
46,trip,3610,3635.410795394624,z02,z31,toy-0008502,,,False,27.099039515151247,0.0,24.812067929635067,0.35,7.273238618387272,0
28,trip,3610,3618.8333333333335,z11,z01,toy-0008496,,,False,23.356495138350923,0.0,22.56149513835092,0.35,2.3,0
31,trip,3610,3628.309854494165,z21,z00,toy-0008499,,,False,31.544866080509337,0.0,29.89697917603448,0.35,5.142956348249516,0
11,trip,3610,3622.0089706448603,z10,z21,toy-0008493,,,False,44.563385283925484,0.0,43.48257792588805,0.35,3.2526911934581184,0
17,trip,3610,3618.8333333333335,z31,z21,toy-0008500,,,False,16.089523552835225,0.0,15.294523552835225,0.35,2.3,0
50,trip,3610,3622.0089706448603,z11,z22,toy-0008498,,,False,35.7655319285382,0.0,34.68472457050077,0.35,3.2526911934581184,0
35,trip,3610,3628.309854494165,z12,z31,toy-0008504,,,False,45.148385283925236,0.0,43.500498379450384,0.35,5.142956348249516,0
69,trip,3610,3634.1666666666665,z02,z32,toy-0008503,,,False,44.867113095525006,0.0,42.69211309552501,0.35,6.8999999999999995,0
25,trip,3610,3639.351274623054,z10,z22,toy-0008492,,,False,35.80041757632773,0.0,33.15880286025286,2.3,6.505382386916237,0
27,trip,3610,3622.0089706448603,z20,z31,toy-0008495,,,False,21.47782385115609,0.0,20.397016493118652,0.35,3.2526911934581184,0
23,trip,3610,3618.8333333333335,z32,z31,toy-0008505,,,False,46.51500000000032,0.0,45.72000000000032,0.35,2.3,0
29,trip,3610,3618.8333333333335,z32,z22,toy-0008506,,,False,24.416441493025754,0.0,23.621441493025756,0.35,2.3,0
52,trip,3610,3626.5,z11,z31,toy-0008497,,,False,21.590222949951468,0.0,20.105222949951468,0.35,4.6,0
82,trip,3610,3628.309854494165,z10,z31,toy-0008494,,,False,45.24000000000015,0.0,43.5921130955253,0.35,5.142956348249516,0
30,trip,3610,3628.309854494165,z20,z01,toy-0008508,,,False,19.11825998310343,0.0,17.470373078628576,0.35,5.142956348249516,0
58,trip,3610,3626.5,z12,z32,toy-0008516,,,False,24.943259346284737,0.0,23.458259346284738,0.35,4.6,0
22,trip,3610,3628.309854494165,z30,z22,toy-0008512,,,False,25.95608109280425,0.0,24.308194188329395,0.35,5.142956348249516,0
18,trip,3610,3618.8333333333335,z31,z32,toy-0008514,,,False,16.245388723796378,0.0,15.450388723796378,0.35,2.3,0
54,trip,3610,3618.8333333333335,z21,z31,toy-0008513,,,False,13.209389633344559,0.0,12.414389633344559,0.35,2.3,0
43,trip,3610,3628.309854494165,z20,z32,toy-0008511,,,False,42.0021130955249,0.0,40.354226191050046,0.35,5.142956348249516,0
12,trip,3610,3622.0089706448603,z22,z11,toy-0008517,,,False,14.306078746371176,0.0,13.22527138833374,0.35,3.2526911934581184,0
47,trip,3610,3622.0089706448603,z20,z11,toy-0008509,,,False,18.38794238584751,0.0,17.307135027810073,0.35,3.2526911934581184,0
13,trip,3610,3626.5,z22,z02,toy-0008519,,,False,10.429014876474072,0.0,8.944014876474073,0.35,4.6,0
56,trip,3610,3626.5,z20,z22,toy-0008510,,,False,41.96838528392541,0.0,40.48338528392541,0.35,4.6,0
41,trip,3610,3628.5089706448603,z01,z11,toy-0008507,,,False,17.892615519831416,0.0,16.22680816179398,2.3,3.2526911934581184,0
74,trip,3610,3622.0089706448603,z22,z31,toy-0008518,,,False,21.940654231225516,0.0,20.85984687318808,0.35,3.2526911934581184,0
70,trip,3610,3626.5,z02,z00,toy-0008515,,,False,20.98084363208889,0.0,19.495843632088892,0.35,4.6,0
20,visit,3610,3658.6846079563875,z21,z21,,depot_south,central,False,16.3894491410012,0.0,14.43783442492633,6.505382386916237,0,0
53,visit,3610,3630.3333333333335,z31,z31,,depot_south,local,False,22.98739611554298,0.0,21.60739611554298,4.6,0,0
48,visit,3610,3645.6666666666665,z32,z32,,depot_south,local,False,26.310673438546857,0.0,23.55067343854686,9.2,0,0
40,visit,3610,3636.6846079563875,z21,z21,,depot_south,local,False,45.53919264196246,0.0,43.58757792588759,6.505382386916237,0,0
81,visit,3610,3620.0,z30,z30,,depot_south,,True,26.820132258209885,9.444444444444446,36.05457670265433,0.7,0,5.666666666666668
6,trip,3620,3636.5,z31,z11,toy-0008527,,,False,17.685157051004232,0.0,16.200157051004233,0.35,4.6,0
42,trip,3620,3632.0089706448603,z30,z21,toy-0008522,,,False,27.491959968713445,0.0,26.41115261067601,0.35,3.2526911934581184,0
29,trip,3620,3636.5,z22,z20,toy-0008529,,,False,23.62144149302578,0.0,22.13644149302578,0.35,4.6,0
21,trip,3620,3632.0089706448603,z31,z22,toy-0008528,,,False,24.72603383876898,0.0,23.645226480731544,0.35,3.2526911934581184,0
17,trip,3620,3632.0089706448603,z21,z32,toy-0008526,,,False,15.294523552835251,0.0,14.213716194797815,0.35,3.2526911934581184,0
26,trip,3620,3632.0089706448603,z11,z20,toy-0008524,,,False,28.177019387079937,0.0,27.0962120290425,0.35,3.2526911934581184,0
10,trip,3620,3642.851274623054,z32,z10,toy-0008530,,,False,44.44500000000024,0.0,42.38838528392537,0.35,6.505382386916237,0
60,trip,3620,3638.309854494165,z11,z32,toy-0008525,,,False,15.730273645476212,0.0,14.082386741001358,0.35,5.142956348249516,0
28,trip,3620,3638.309854494165,z01,z22,toy-0008523,,,False,22.56149513835095,0.0,20.913608233876094,0.35,5.142956348249516,0
63,trip,3620,3636.5,z00,z02,toy-0008520,,,False,28.61744400639702,0.0,27.13244400639702,0.35,4.6,0
15,trip,3620,3628.8333333333335,z20,z21,toy-0008521,,,False,16.29339852474221,0.0,15.498398524742209,0.35,2.3,0
34,trip,3620,3632.0089706448603,z32,z21,toy-0008554,,,False,22.014505665405636,0.0,20.9336983073682,0.35,3.2526911934581184,0
59,trip,3620,3638.309854494165,z32,z20,toy-0008551,,,False,21.31865965551107,0.0,19.670772751036214,0.35,5.142956348249516,0
77,trip,3620,3636.5,z11,z31,toy-0008536,,,False,29.25652868743869,0.0,27.77152868743869,0.35,4.6,0
9,trip,3620,3635.3333333333335,z10,z21,toy-0008535,,,False,17.4159372512438,0.0,16.0359372512438,2.3,2.3,0
68,trip,3620,3636.5,z32,z30,toy-0008552,,,False,25.475472420881193,0.0,23.990472420881193,0.35,4.6,0
75,trip,3620,3628.8333333333335,z32,z31,toy-0008555,,,False,21.79705358786827,0.0,21.002053587868268,0.35,2.3,0
32,trip,3620,3632.0089706448603,z21,z10,toy-0008537,,,False,19.716294120685255,0.0,18.63548676264782,0.35,3.2526911934581184,0
81,trip,3620,3642.851274623054,z30,z12,toy-0008533,,,False,36.0545767026541,0.0,33.997961986579234,0.35,6.505382386916237,0
76,trip,3620,3632.0089706448603,z22,z31,toy-0008549,,,False,43.38211309552553,0.0,42.3013057374881,0.35,3.2526911934581184,0
19,trip,3620,3632.0089706448603,z12,z21,toy-0008545,,,False,19.658232157114075,0.0,18.57742479907664,0.35,3.2526911934581184,0
33,trip,3620,3628.8333333333335,z12,z22,toy-0008546,,,False,14.5321355902202,0.0,13.7371355902202,0.35,2.3,0
62,trip,3620,3628.8333333333335,z21,z22,toy-0008539,,,False,29.98195996871357,0.0,29.186959968713573,0.35,2.3,0
23,trip,3620,3628.8333333333335,z31,z21,toy-0008541,,,False,45.72000000000035,0.0,44.925000000000345,0.35,2.3,0
66,trip,3620,3638.309854494165,z12,z20,toy-0008544,,,False,41.13623058466259,0.0,39.48834368018774,0.35,5.142956348249516,0
57,trip,3620,3632.0089706448603,z31,z20,toy-0008540,,,False,21.68202706688926,0.0,20.601219708851822,0.35,3.2526911934581184,0
78,trip,3620,3644.809854494165,z31,z11,toy-0008553,,,False,44.15919264196271,0.0,41.92630573748786,2.3,5.142956348249516,0
85,trip,3620,3628.8333333333335,z31,z32,toy-0008542,,,False,32.71104754371647,0.0,31.916047543716466,0.35,2.3,0
72,trip,3620,3628.8333333333335,z21,z20,toy-0008538,,,False,17.76920023248143,0.0,16.97420023248143,0.35,2.3,0
67,trip,3620,3645.410795394624,z01,z32,toy-0008534,,,False,27.045364459960137,0.0,24.758392874443956,0.35,7.273238618387272,0
64,trip,3620,3644.809854494165,z20,z22,toy-0008532,,,False,22.46533091087212,0.0,20.232444006397266,2.3,5.142956348249516,0
80,trip,3620,3642.851274623054,z22,z00,toy-0008547,,,False,41.91049837945039,0.0,39.85388366337552,0.35,6.505382386916237,0
73,trip,3620,3635.3333333333335,z12,z32,toy-0008550,,,False,38.47441848587471,0.0,37.094418485874705,2.3,2.3,0
84,trip,3620,3635.3333333333335,z20,z11,toy-0008531,,,False,31.662115200160784,0.0,30.282115200160785,2.3,2.3,0
0,trip,3620,3638.309854494165,z02,z21,toy-0008543,,,False,39.440283020018036,0.0,37.792396115543184,0.35,5.142956348249516,0
86,trip,3620,3638.5089706448603,z31,z21,toy-0008548,,,False,32.48314340351352,0.0,30.817336045476086,3.2526911934581184,2.3,0
54,visit,3620,3662.0986995533267,z31,z31,,depot_south,local,False,12.414389633344586,36.275610366655414,47.309999999999995,4.6,0,21.765366219993247
18,visit,3620,3680.2851195571143,z32,z32,,depot_west,local,False,15.450388723796404,0.0,10.4747279636561,16.58553586713435,0,0
11,trip,3630,3638.8333333333335,z21,z31,toy-0008563,,,False,43.48257792588806,0.0,42.68757792588806,0.35,2.3,0
72,trip,3630,3642.0089706448603,z20,z31,toy-0008556,,,False,16.974200232481458,0.0,15.893392874444022,0.35,3.2526911934581184,0
27,trip,3630,3648.309854494165,z31,z10,toy-0008564,,,False,20.397016493118667,0.0,18.74912958864381,0.35,5.142956348249516,0
2,trip,3630,3659.351274623054,z22,z30,toy-0008567,,,False,46.457113095525386,0.0,43.81549837945052,2.3,6.505382386916237,0
35,trip,3630,3648.309854494165,z31,z12,toy-0008566,,,False,43.500498379450384,0.0,41.85261147497553,0.35,5.142956348249516,0
4,trip,3630,3638.8333333333335,z32,z22,toy-0008569,,,False,19.38093725124421,0.0,18.58593725124421,0.35,2.3,0
15,trip,3630,3654.809854494165,z21,z12,toy-0008557,,,False,15.498398524742235,0.0,13.26551162026738,2.3,5.142956348249516,0
12,trip,3630,3642.0089706448603,z11,z00,toy-0008561,,,False,13.225271388333752,0.0,12.144464030296316,0.35,3.2526911934581184,0
52,trip,3630,3654.1666666666665,z31,z01,toy-0008565,,,False,20.105222949951468,0.0,17.930222949951467,0.35,6.8999999999999995,0
23,trip,3630,3638.8333333333335,z21,z11,toy-0008562,,,False,44.925000000000374,0.0,44.13000000000037,0.35,2.3,0
8,trip,3630,3646.5,z32,z12,toy-0008568,,,False,15.786383542476432,0.0,14.301383542476433,0.35,4.6,0
61,trip,3630,3655.410795394624,z30,z01,toy-0008559,,,False,15.060662849894515,0.0,12.773691264378332,0.35,7.273238618387272,0
83,trip,3630,3638.8333333333335,z30,z20,toy-0008558,,,False,35.469058070771474,0.0,34.67405807077147,0.35,2.3,0
1,trip,3630,3655.410795394624,z01,z30,toy-0008560,,,False,18.14925908843766,0.0,15.862287502921479,0.35,7.273238618387272,0
55,trip,3630,3642.0089706448603,z31,z22,toy-0008579,,,False,43.76838528392529,0.0,42.68757792588786,0.35,3.2526911934581184,0
79,trip,3630,3648.309854494165,z10,z31,toy-0008571,,,False,44.849192641962716,0.0,43.201305737487864,0.35,5.142956348249516,0
7,trip,3630,3658.809226445224,z00,z32,toy-0008570,,,False,28.433802860252282,0.0,25.84097248018213,0.35,8.292767933567175,0
16,trip,3630,3648.309854494165,z22,z01,toy-0008583,,,False,19.611653884087776,0.0,17.96376697961292,0.35,5.142956348249516,0
74,trip,3630,3638.8333333333335,z31,z30,toy-0008577,,,False,20.859846873188093,0.0,20.064846873188095,0.35,2.3,0
75,trip,3630,3655.410795394624,z31,z00,toy-0008576,,,False,21.002053587868296,0.0,18.715082002352116,0.35,7.273238618387272,0
22,trip,3630,3648.5089706448603,z22,z32,toy-0008575,,,False,24.30819418832941,0.0,22.642386830291972,2.3,3.2526911934581184,0
41,trip,3630,3648.5089706448603,z11,z30,toy-0008573,,,False,16.22680816179399,0.0,14.561000803756555,2.3,3.2526911934581184,0
56,trip,3630,3648.309854494165,z22,z10,toy-0008581,,,False,40.4833852839254,0.0,38.83549837945055,0.35,5.142956348249516,0
62,trip,3630,3638.8333333333335,z22,z12,toy-0008584,,,False,29.186959968713598,0.0,28.3919599687136,0.35,2.3,0
13,trip,3630,3654.809854494165,z02,z31,toy-0008580,,,False,8.944014876474073,0.0,6.711127971999218,2.3,5.142956348249516,0
47,trip,3630,3638.8333333333335,z11,z10,toy-0008572,,,False,17.307135027810087,0.0,16.51213502781009,0.35,2.3,0
82,trip,3630,3638.8333333333335,z31,z21,toy-0008578,,,False,43.5921130955253,0.0,42.7971130955253,0.35,2.3,0
88,trip,3630,3648.5089706448603,z31,z12,toy-0008574,,,False,22.805222949950693,0.0,21.139415591913256,2.3,3.2526911934581184,0
14,trip,3630,3638.8333333333335,z32,z31,toy-0008585,,,False,18.568153325583832,0.0,17.773153325583834,0.35,2.3,0
43,trip,3630,3654.809854494165,z32,z30,toy-0008582,,,False,40.354226191050046,0.0,38.12133928657519,2.3,5.142956348249516,0
33,visit,3630,3690.7698264435494,z22,z22,,depot_south,local,False,13.737135590220227,35.80575131425463,46.457113095525145,10.285912696499032,0,21.483450788552776
50,visit,3630,3669.286375654997,z22,z22,,depot_south,local,False,34.68472457050078,0.0,31.598950761551066,10.285912696499032,0,0
70,visit,3630,3640.0,z00,z00,,depot_west,,True,19.495843632088892,9.444444444444446,28.730288076533338,0.7,0,5.666666666666668
31,visit,3630,3640.0,z00,z00,,depot_west,,True,29.896979176034495,9.444444444444446,39.13142362047894,0.7,0,5.666666666666668
71,visit,3630,3640.0,z00,z00,,depot_west,,True,38.89555490385506,9.20944509614494,47.894999999999996,0.7,0,5.525667057686963
23,trip,3640,3652.0089706448603,z11,z22,toy-0008592,,,False,44.1300000000004,0.0,43.04919264196297,0.35,3.2526911934581184,0
24,trip,3640,3656.5,z01,z21,toy-0008590,,,False,31.89741045730939,0.0,30.41241045730939,0.35,4.6,0
45,trip,3640,3652.0089706448603,z32,z21,toy-0008601,,,False,18.586670197447837,0.0,17.5058628394104,0.35,3.2526911934581184,0
11,trip,3640,3656.5,z31,z11,toy-0008595,,,False,42.687577925888085,0.0,41.202577925888086,0.35,4.6,0
14,trip,3640,3648.8333333333335,z31,z32,toy-0008596,,,False,17.77315332558386,0.0,16.97815332558386,0.35,2.3,0
58,trip,3640,3665.410795394624,z32,z01,toy-0008600,,,False,23.458259346284738,0.0,21.171287760768557,0.35,7.273238618387272,0
0,trip,3640,3648.8333333333335,z21,z31,toy-0008594,,,False,37.792396115543184,0.0,36.99739611554318,0.35,2.3,0
32,trip,3640,3662.851274623054,z10,z32,toy-0008586,,,False,18.635486762647833,0.0,16.57887204657296,0.35,6.505382386916237,0
62,trip,3640,3648.8333333333335,z12,z11,toy-0008597,,,False,28.391959968713625,0.0,27.596959968713627,0.35,2.3,0
30,trip,3640,3664.1666666666665,z01,z31,toy-0008591,,,False,17.47037307862859,0.0,15.29537307862859,0.35,6.8999999999999995,0
4,trip,3640,3648.8333333333335,z22,z32,toy-0008599,,,False,18.585937251244236,0.0,17.790937251244237,0.35,2.3,0
84,trip,3640,3658.309854494165,z11,z32,toy-0008593,,,False,30.28211520016081,0.0,28.634228295685954,0.35,5.142956348249516,0
68,trip,3640,3648.8333333333335,z30,z31,toy-0008589,,,False,23.990472420881193,0.0,23.195472420881195,0.35,2.3,0
21,trip,3640,3652.0089706448603,z22,z31,toy-0008598,,,False,23.64522648073156,0.0,22.564419122694122,0.35,3.2526911934581184,0
26,trip,3640,3648.8333333333335,z20,z30,toy-0008587,,,False,27.096212029042515,0.0,26.301212029042517,0.35,2.3,0
65,trip,3640,3664.1666666666665,z32,z02,toy-0008602,,,False,23.507550012216427,0.0,21.332550012216426,0.35,6.8999999999999995,0
29,trip,3640,3658.309854494165,z20,z32,toy-0008588,,,False,22.13644149302578,0.0,20.488554588550926,0.35,5.142956348249516,0
25,trip,3640,3652.0089706448603,z22,z11,toy-0008610,,,False,33.15880286025288,0.0,32.077995502215444,0.35,3.2526911934581184,0
47,trip,3640,3656.5,z10,z12,toy-0008603,,,False,16.512135027810114,0.0,15.027135027810115,0.35,4.6,0
37,trip,3640,3665.410795394624,z31,z02,toy-0008608,,,False,34.59877626486434,0.0,32.31180467934816,0.35,7.273238618387272,0
9,trip,3640,3663.0,z21,z31,toy-0008605,,,False,16.035937251243826,0.0,13.965937251243826,2.3,4.6,0
28,trip,3640,3663.0,z22,z10,toy-0008609,,,False,20.913608233876108,0.0,18.843608233876108,2.3,4.6,0
19,trip,3640,3655.3333333333335,z21,z12,toy-0008606,,,False,18.577424799076653,0.0,17.197424799076654,2.3,2.3,0
38,trip,3640,3652.0089706448603,z31,z20,toy-0008607,,,False,15.803467286277286,0.0,14.72265992823985,0.35,3.2526911934581184,0
69,trip,3640,3648.8333333333335,z32,z31,toy-0008612,,,False,42.692113095525016,0.0,41.897113095525015,0.35,2.3,0
57,trip,3640,3656.5,z20,z22,toy-0008604,,,False,20.601219708851836,0.0,19.116219708851837,0.35,4.6,0
51,trip,3640,3648.8333333333335,z22,z21,toy-0008611,,,False,16.75417371150198,0.0,15.95917371150198,0.35,2.3,0
73,trip,3640,3648.8333333333335,z32,z22,toy-0008613,,,False,37.09441848587473,0.0,36.29941848587473,0.35,2.3,0
60,visit,3640,3696.845234622066,z32,z32,,depot_south,local,False,14.082386741001367,35.297613258998645,46.62000000000001,9.2,0,21.178567955399185
17,visit,3640,3718.766436949788,z32,z32,,depot_south,central,False,14.213716194797827,35.16628380520217,46.62,9.2,0,21.099770283121302
6,visit,3640,3666.6846079563875,z11,z11,,depot_west,local,False,16.200157051004233,0.0,14.248542334929361,6.505382386916237,0,0
46,visit,3640,3660.3333333333335,z31,z31,,depot_south,local,False,24.812067929635084,0.0,23.432067929635085,4.6,0,0
74,visit,3640,3650.0,z30,z30,,depot_south,,True,20.06484687318812,9.444444444444446,29.299291317632566,0.7,0,5.666666666666668
70,visit,3640,3650.0,z00,z00,,depot_west,,True,28.73028807653311,9.444444444444446,37.964732520977556,0.7,0,5.666666666666668
36,trip,3650,3658.8333333333335,z11,z21,toy-0008620,,,False,41.3388836633752,0.0,40.5438836633752,0.35,2.3,0
55,trip,3650,3666.5,z22,z20,toy-0008627,,,False,42.687577925887865,0.0,41.202577925887866,0.35,4.6,0
4,trip,3650,3668.309854494165,z32,z20,toy-0008628,,,False,17.790937251244262,0.0,16.143050346769407,0.35,5.142956348249516,0
8,trip,3650,3666.5,z12,z32,toy-0008626,,,False,14.301383542476433,0.0,12.816383542476434,0.35,4.6,0
26,trip,3650,3668.309854494165,z30,z11,toy-0008618,,,False,26.301212029042542,0.0,24.653325124567687,0.35,5.142956348249516,0
34,trip,3650,3668.309854494165,z21,z02,toy-0008621,,,False,20.933698307368214,0.0,19.28581140289336,0.35,5.142956348249516,0
3,trip,3650,3658.8333333333335,z10,z20,toy-0008615,,,False,47.31000000000031,0.0,46.515000000000306,0.35,2.3,0
0,trip,3650,3658.8333333333335,z31,z32,toy-0008625,,,False,36.99739611554321,0.0,36.20239611554321,0.35,2.3,0
12,trip,3650,3675.410795394624,z00,z31,toy-0008614,,,False,12.144464030296328,0.0,9.857492444780146,0.35,7.273238618387272,0
53,trip,3650,3662.0089706448603,z31,z22,toy-0008624,,,False,21.607396115543004,0.0,20.526588757505568,0.35,3.2526911934581184,0
40,trip,3650,3658.8333333333335,z21,z22,toy-0008622,,,False,43.58757792588759,0.0,42.792577925887585,0.35,2.3,0
59,trip,3650,3662.0089706448603,z20,z31,toy-0008617,,,False,19.67077275103623,0.0,18.589965392998792,0.35,3.2526911934581184,0
68,trip,3650,3658.8333333333335,z31,z21,toy-0008623,,,False,23.19547242088122,0.0,22.400472420881222,0.35,2.3,0
41,trip,3650,3666.5,z30,z32,toy-0008619,,,False,14.561000803756567,0.0,13.076000803756568,0.35,4.6,0
14,trip,3650,3668.309854494165,z32,z11,toy-0008629,,,False,16.978153325583886,0.0,15.33026642110903,0.35,5.142956348249516,0
66,trip,3650,3658.8333333333335,z20,z21,toy-0008616,,,False,39.48834368018774,0.0,38.69334368018774,0.35,2.3,0
42,trip,3650,3666.5,z21,z01,toy-0008635,,,False,26.411152610676023,0.0,24.926152610676024,0.35,4.6,0
48,trip,3650,3658.8333333333335,z32,z31,toy-0008643,,,False,23.55067343854683,0.0,22.75567343854683,0.35,2.3,0
67,trip,3650,3662.0089706448603,z32,z21,toy-0008642,,,False,24.758392874443974,0.0,23.677585516406538,0.35,3.2526911934581184,0
64,trip,3650,3662.0089706448603,z22,z31,toy-0008640,,,False,20.232444006397273,0.0,19.151636648359837,0.35,3.2526911934581184,0
51,trip,3650,3662.0089706448603,z21,z32,toy-0008638,,,False,15.959173711502007,0.0,14.878366353464571,0.35,3.2526911934581184,0
69,trip,3650,3668.309854494165,z31,z12,toy-0008639,,,False,41.89711309552504,0.0,40.24922619105019,0.35,5.142956348249516,0
31,trip,3650,3666.5,z00,z20,toy-0008630,,,False,39.131423620478714,0.0,37.646423620478714,0.35,4.6,0
82,trip,3650,3658.8333333333335,z21,z31,toy-0008637,,,False,42.797113095525326,0.0,42.002113095525324,0.35,2.3,0
10,trip,3650,3662.0089706448603,z10,z21,toy-0008632,,,False,42.38838528392538,0.0,41.30757792588795,0.35,3.2526911934581184,0
86,trip,3650,3658.8333333333335,z21,z11,toy-0008636,,,False,30.8173360454761,0.0,30.022336045476102,0.35,2.3,0
72,trip,3650,3665.3333333333335,z31,z20,toy-0008634,,,False,15.893392874444036,0.0,14.513392874444037,2.3,2.3,0
83,trip,3650,3658.8333333333335,z20,z10,toy-0008633,,,False,34.6740580707715,0.0,33.8790580707715,0.35,2.3,0
85,trip,3650,3672.851274623054,z32,z10,toy-0008641,,,False,31.91604754371649,0.0,29.85943282764162,0.35,6.505382386916237,0
70,trip,3650,3668.309854494165,z00,z21,toy-0008631,,,False,37.96473252097733,0.0,36.316845616502476,0.35,5.142956348249516,0
27,visit,3650,3670.3333333333335,z10,z10,,depot_west,local,False,18.749129588643825,0.0,17.369129588643826,4.6,0,0
22,visit,3650,3707.6666666666665,z32,z32,,depot_south,central,False,22.642386830291983,0.0,19.882386830291985,9.2,0,0
62,visit,3650,3676.6846079563875,z11,z11,,depot_west,local,False,27.59695996871365,0.0,25.64534525263878,6.505382386916237,0,0
74,visit,3650,3660.0,z30,z30,,depot_south,,True,29.299291317632342,9.444444444444446,38.53373576207679,0.7,0,5.666666666666668
23,trip,3660,3668.8333333333335,z22,z32,toy-0008652,,,False,43.049192641962975,0.0,42.25419264196297,0.35,2.3,0
11,trip,3660,3672.0089706448603,z11,z20,toy-0008645,,,False,41.20257792588808,0.0,40.121770567850646,0.35,3.2526911934581184,0
21,trip,3660,3668.8333333333335,z31,z21,toy-0008649,,,False,22.564419122694137,0.0,21.76941912269414,0.35,2.3,0
0,trip,3660,3688.809226445224,z32,z00,toy-0008653,,,False,36.20239611554324,0.0,33.60956573547308,0.35,8.292767933567175,0
3,trip,3660,3672.0089706448603,z20,z11,toy-0008644,,,False,46.515000000000335,0.0,45.4341926419629,0.35,3.2526911934581184,0
15,trip,3660,3678.309854494165,z12,z31,toy-0008651,,,False,13.26551162026739,0.0,11.617624715792534,0.35,5.142956348249516,0
48,trip,3660,3678.309854494165,z31,z10,toy-0008647,,,False,22.755673438546857,0.0,21.107786534072,0.35,5.142956348249516,0
76,trip,3660,3676.5,z31,z11,toy-0008648,,,False,42.30130573748811,0.0,40.81630573748811,0.35,4.6,0
78,trip,3660,3678.309854494165,z11,z30,toy-0008646,,,False,41.92630573748787,0.0,40.27841883301302,0.35,5.142956348249516,0
77,trip,3660,3668.8333333333335,z31,z32,toy-0008650,,,False,27.77152868743869,0.0,26.976528687438687,0.35,2.3,0
19,trip,3660,3672.0089706448603,z12,z21,toy-0008665,,,False,17.19742479907668,0.0,16.116617441039242,0.35,3.2526911934581184,0
44,trip,3660,3688.809226445224,z02,z30,toy-0008663,,,False,46.61999999999981,0.0,44.02716961992966,0.35,8.292767933567175,0
7,trip,3660,3676.5,z32,z12,toy-0008668,,,False,25.840972480182135,0.0,24.355972480182135,0.35,4.6,0
35,trip,3660,3668.8333333333335,z12,z22,toy-0008666,,,False,41.85261147497553,0.0,41.05761147497553,0.35,2.3,0
71,trip,3660,3678.309854494165,z00,z12,toy-0008654,,,False,47.89499999999985,0.0,46.247113095524995,0.35,5.142956348249516,0
29,trip,3660,3668.8333333333335,z32,z31,toy-0008667,,,False,20.48855458855094,0.0,19.69355458855094,0.35,2.3,0
38,trip,3660,3678.309854494165,z20,z32,toy-0008656,,,False,14.722659928239862,0.0,13.074773023765008,0.35,5.142956348249516,0
79,trip,3660,3672.0089706448603,z31,z22,toy-0008662,,,False,43.201305737487864,0.0,42.12049837945043,0.35,3.2526911934581184,0
5,trip,3660,3678.309854494165,z10,z31,toy-0008655,,,False,47.30999999999996,0.0,45.66211309552511,0.35,5.142956348249516,0
16,trip,3660,3685.410795394624,z01,z32,toy-0008657,,,False,17.963766979612934,0.0,15.676795394096754,0.35,7.273238618387272,0
89,trip,3660,3672.0089706448603,z31,z20,toy-0008660,,,False,45.818028414483614,0.0,44.73722105644618,0.35,3.2526911934581184,0
49,trip,3660,3668.8333333333335,z32,z22,toy-0008669,,,False,27.229006634254723,0.0,26.43400663425472,0.35,2.3,0
20,trip,3660,3684.809854494165,z21,z32,toy-0008659,,,False,14.437834424926326,0.0,12.204947520451471,2.3,5.142956348249516,0
63,trip,3660,3685.410795394624,z02,z31,toy-0008664,,,False,27.13244400639702,0.0,24.84547242088084,0.35,7.273238618387272,0
1,trip,3660,3690.6666666666665,z30,z01,toy-0008661,,,False,15.862287502921497,0.0,13.102287502921497,2.3,6.8999999999999995,0
24,trip,3660,3683.0,z21,z31,toy-0008658,,,False,30.41241045730939,0.0,28.34241045730939,2.3,4.6,0
13,visit,3660,3727.520656550134,z31,z31,,depot_south,central,False,6.711127971999228,41.97887202800077,47.309999999999995,4.6,0,25.187323216800465
86,visit,3660,3686.6846079563875,z11,z11,,depot_west,local,False,30.022336045476127,0.0,28.070721329401255,6.505382386916237,0,0
25,visit,3660,3686.6846079563875,z11,z11,,depot_west,local,False,32.07799550221545,0.0,30.12638078614058,6.505382386916237,0,0
43,visit,3660,3670.0,z30,z30,,depot_south,local,True,38.12133928657521,4.444444444444445,42.35578373101965,0.7,0,2.666666666666667
82,visit,3660,3680.3333333333335,z31,z31,,depot_south,local,False,42.00211309552535,0.0,40.62211309552535,4.6,0,0
61,visit,3660,3698.8831185747063,z01,z01,,depot_west,,False,12.773691264378348,35.916308735621655,47.31,4.6,0,21.54978524137299
75,visit,3660,3670.0,z00,z00,,depot_west,,True,18.715082002352133,9.444444444444446,27.94952644679658,0.7,0,5.666666666666668
74,visit,3660,3670.0,z30,z30,,depot_south,,True,38.53373576207656,9.444444444444446,47.768180206521,0.7,0,5.666666666666668
39,trip,3670,3688.309854494165,z12,z00,toy-0008682,,,False,46.457113095525216,0.0,44.809226191050364,0.35,5.142956348249516,0
35,trip,3670,3682.0089706448603,z22,z31,toy-0008684,,,False,41.05761147497556,0.0,39.976804116938126,0.35,3.2526911934581184,0
4,trip,3670,3682.0089706448603,z20,z31,toy-0008672,,,False,16.14305034676942,0.0,15.062242988731985,0.35,3.2526911934581184,0
6,trip,3670,3682.0089706448603,z11,z22,toy-0008676,,,False,14.248542334929358,0.0,13.167734976891921,0.35,3.2526911934581184,0
31,trip,3670,3686.5,z20,z00,toy-0008671,,,False,37.64642362047871,0.0,36.16142362047871,0.35,4.6,0
42,trip,3670,3678.8333333333335,z01,z11,toy-0008674,,,False,24.926152610676024,0.0,24.131152610676025,0.35,2.3,0
10,trip,3670,3682.0089706448603,z21,z32,toy-0008680,,,False,41.307577925887955,0.0,40.22677056785052,0.35,3.2526911934581184,0
40,trip,3670,3678.8333333333335,z22,z21,toy-0008683,,,False,42.79257792588761,0.0,41.99757792588761,0.35,2.3,0
21,trip,3670,3678.8333333333335,z21,z22,toy-0008679,,,False,21.769419122694163,0.0,20.974419122694165,0.35,2.3,0
36,trip,3670,3682.0089706448603,z21,z10,toy-0008677,,,False,40.543883663375226,0.0,39.46307630533779,0.35,3.2526911934581184,0
9,trip,3670,3678.8333333333335,z31,z30,toy-0008681,,,False,13.965937251243826,0.0,13.170937251243826,0.35,2.3,0
56,trip,3670,3688.309854494165,z10,z22,toy-0008670,,,False,38.83549837945055,0.0,37.1876114749757,0.35,5.142956348249516,0
2,trip,3670,3698.809226445224,z30,z02,toy-0008673,,,False,43.81549837945053,0.0,41.22266799938038,0.35,8.292767933567175,0
45,trip,3670,3678.8333333333335,z21,z31,toy-0008678,,,False,17.505862839410415,0.0,16.710862839410417,0.35,2.3,0
52,trip,3670,3694.1666666666665,z01,z31,toy-0008675,,,False,17.930222949951485,0.0,15.755222949951484,0.35,6.8999999999999995,0
8,trip,3670,3688.309854494165,z32,z11,toy-0008696,,,False,12.816383542476434,0.0,11.168496638001578,0.35,5.142956348249516,0
66,trip,3670,3688.309854494165,z21,z00,toy-0008688,,,False,38.693343680187766,0.0,37.045456775712914,0.35,5.142956348249516,0
67,trip,3670,3682.0089706448603,z21,z12,toy-0008689,,,False,23.677585516406552,0.0,22.596778158369116,0.35,3.2526911934581184,0
58,trip,3670,3688.309854494165,z01,z22,toy-0008687,,,False,21.171287760768575,0.0,19.52340085629372,0.35,5.142956348249516,0
83,trip,3670,3692.851274623054,z10,z32,toy-0008685,,,False,33.87905807077153,0.0,31.822443354696656,0.35,6.505382386916237,0
29,trip,3670,3678.8333333333335,z31,z21,toy-0008690,,,False,19.693554588550967,0.0,18.898554588550965,0.35,2.3,0
23,trip,3670,3686.5,z32,z30,toy-0008695,,,False,42.254192641963,0.0,40.769192641963,0.35,4.6,0
43,trip,3670,3682.0089706448603,z30,z21,toy-0008686,,,False,42.35578373101942,0.0,41.27497637298199,0.35,3.2526911934581184,0
30,trip,3670,3678.8333333333335,z31,z32,toy-0008691,,,False,15.295373078628606,0.0,14.500373078628606,0.35,2.3,0
49,trip,3670,3682.0089706448603,z22,z11,toy-0008693,,,False,26.43400663425475,0.0,25.353199276217314,0.35,3.2526911934581184,0
32,trip,3670,3688.309854494165,z32,z20,toy-0008694,,,False,16.578872046572975,0.0,14.93098514209812,0.35,5.142956348249516,0
51,trip,3670,3682.0089706448603,z32,z21,toy-0008697,,,False,14.878366353464584,0.0,13.797558995427147,0.35,3.2526911934581184,0
34,trip,3670,3682.0089706448603,z02,z11,toy-0008692,,,False,19.285811402893373,0.0,18.205004044855936,0.35,3.2526911934581184,0
41,visit,3670,3749.449066184413,z32,z32,,depot_south,central,False,13.076000803756568,36.30399919624343,46.62,9.2,0,21.782399517746057
72,visit,3670,3710.839297608667,z20,z20,,depot_south,local,False,14.513392874444063,34.17660712555593,47.309999999999995,4.6,0,20.505964275333557
28,visit,3670,3690.3333333333335,z10,z10,,depot_west,local,False,18.843608233876108,0.0,17.46360823387611,4.6,0,0
75,visit,3670,3680.0,z00,z00,,depot_west,,True,27.94952644679635,9.444444444444446,37.1839708912408,0.7,0,5.666666666666668
5,trip,3680,3692.0089706448603,z31,z22,toy-0008712,,,False,45.66211309552511,0.0,44.581305737487675,0.35,3.2526911934581184,0
27,trip,3680,3692.0089706448603,z10,z01,toy-0008699,,,False,17.36912958864385,0.0,16.288322230606415,0.35,3.2526911934581184,0
37,trip,3680,3704.1666666666665,z02,z32,toy-0008714,,,False,32.31180467934817,0.0,30.13680467934817,0.35,6.8999999999999995,0
65,trip,3680,3696.5,z02,z22,toy-0008713,,,False,21.332550012216444,0.0,19.847550012216445,0.35,4.6,0
11,trip,3680,3688.8333333333335,z20,z21,toy-0008700,,,False,40.12177056785065,0.0,39.32677056785065,0.35,2.3,0
12,trip,3680,3696.5,z31,z11,toy-0008710,,,False,9.857492444780162,0.0,8.372492444780162,0.35,4.6,0
55,trip,3680,3696.5,z20,z22,toy-0008701,,,False,41.20257792588786,0.0,39.71757792588786,0.35,4.6,0
15,trip,3680,3705.410795394624,z31,z00,toy-0008709,,,False,11.617624715792545,0.0,9.330653130276364,0.35,7.273238618387272,0
30,trip,3680,3688.8333333333335,z32,z31,toy-0008717,,,False,14.500373078628632,0.0,13.705373078628632,0.35,2.3,0
9,trip,3680,3688.8333333333335,z30,z31,toy-0008702,,,False,13.170937251243853,0.0,12.375937251243853,0.35,2.3,0
21,trip,3680,3688.8333333333335,z22,z12,toy-0008715,,,False,20.97441912269419,0.0,20.179419122694192,0.35,2.3,0
45,trip,3680,3698.309854494165,z31,z12,toy-0008711,,,False,16.710862839410442,0.0,15.062975934935587,0.35,5.142956348249516,0
3,trip,3680,3688.8333333333335,z11,z01,toy-0008706,,,False,45.43419264196291,0.0,44.63919264196291,0.35,2.3,0
87,trip,3680,3692.0089706448603,z01,z10,toy-0008704,,,False,45.53919264196251,0.0,44.458385283925075,0.35,3.2526911934581184,0
75,trip,3680,3702.851274623054,z00,z22,toy-0008698,,,False,37.18397089124057,0.0,35.1273561751657,0.35,6.505382386916237,0
50,trip,3680,3688.8333333333335,z22,z32,toy-0008716,,,False,31.59895076155106,0.0,30.803950761551057,0.35,2.3,0
19,trip,3680,3688.8333333333335,z21,z31,toy-0008708,,,False,16.116617441039256,0.0,15.321617441039256,0.35,2.3,0
14,trip,3680,3704.809854494165,z11,z20,toy-0008705,,,False,15.330266421109043,0.0,13.097379516634188,2.3,5.142956348249516,0
74,trip,3680,3698.309854494165,z30,z22,toy-0008703,,,False,47.768180206520775,0.0,46.12029330204592,0.35,5.142956348249516,0
26,trip,3680,3688.8333333333335,z11,z21,toy-0008707,,,False,24.6533251245677,0.0,23.8583251245677,0.35,2.3,0
53,trip,3680,3696.5,z22,z20,toy-0008727,,,False,20.526588757505582,0.0,19.041588757505583,0.35,4.6,0
42,trip,3680,3696.5,z11,z31,toy-0008719,,,False,24.13115261067605,0.0,22.64615261067605,0.35,4.6,0
29,trip,3680,3688.8333333333335,z21,z11,toy-0008721,,,False,18.898554588550994,0.0,18.103554588550992,0.35,2.3,0
47,trip,3680,3698.309854494165,z12,z20,toy-0008724,,,False,15.027135027810115,0.0,13.379248123335259,0.35,5.142956348249516,0
62,trip,3680,3698.5089706448603,z11,z12,toy-0008718,,,False,25.64534525263878,0.0,23.979537894601343,2.3,3.2526911934581184,0
69,trip,3680,3696.5,z12,z32,toy-0008725,,,False,40.24922619105019,0.0,38.76422619105019,0.35,4.6,0
57,trip,3680,3698.309854494165,z22,z10,toy-0008726,,,False,19.116219708851837,0.0,17.46833280437698,0.35,5.142956348249516,0
40,trip,3680,3688.8333333333335,z21,z20,toy-0008720,,,False,41.99757792588764,0.0,41.20257792588764,0.35,2.3,0
38,trip,3680,3705.410795394624,z32,z01,toy-0008729,,,False,13.074773023765017,0.0,10.787801438248835,0.35,7.273238618387272,0
46,trip,3680,3692.0089706448603,z31,z20,toy-0008722,,,False,23.43206792963511,0.0,22.351260571597674,0.35,3.2526911934581184,0
73,trip,3680,3692.0089706448603,z22,z31,toy-0008728,,,False,36.29941848587476,0.0,35.21861112783733,0.35,3.2526911934581184,0
77,trip,3680,3688.8333333333335,z32,z22,toy-0008730,,,False,26.976528687438716,0.0,26.181528687438714,0.35,2.3,0
54,trip,3680,3688.8333333333335,z31,z32,toy-0008723,,,False,47.30999999999996,0.0,46.51499999999996,0.35,2.3,0
7,visit,3680,3719.286375654997,z12,z12,,depot_west,local,False,24.355972480182135,0.0,21.270198671232425,10.285912696499032,0,0
85,visit,3680,3700.3333333333335,z10,z10,,depot_west,local,False,29.859432827641633,0.0,28.479432827641634,4.6,0,0
11,trip,3690,3702.0089706448603,z21,z32,toy-0008738,,,False,39.32677056785068,0.0,38.24596320981325,0.35,3.2526911934581184,0
4,trip,3690,3698.8333333333335,z31,z21,toy-0008740,,,False,15.062242988731997,0.0,14.267242988731997,0.35,2.3,0
10,trip,3690,3698.8333333333335,z32,z31,toy-0008747,,,False,40.22677056785053,0.0,39.43177056785053,0.35,2.3,0
3,trip,3690,3719.351274623054,z01,z20,toy-0008741,,,False,44.639192641962936,0.0,41.997577925888066,2.3,6.505382386916237,0
8,trip,3690,3702.0089706448603,z11,z02,toy-0008736,,,False,11.168496638001589,0.0,10.087689279964152,0.35,3.2526911934581184,0
25,trip,3690,3708.309854494165,z11,z32,toy-0008737,,,False,30.12638078614058,0.0,28.478493881665724,0.35,5.142956348249516,0
21,trip,3690,3702.0089706448603,z12,z01,toy-0008742,,,False,20.179419122694217,0.0,19.09861176465678,0.35,3.2526911934581184,0
32,trip,3690,3708.309854494165,z20,z01,toy-0008732,,,False,14.93098514209813,0.0,13.283098237623275,0.35,5.142956348249516,0
67,trip,3690,3708.309854494165,z12,z31,toy-0008743,,,False,22.59677815836913,0.0,20.948891253894274,0.35,5.142956348249516,0
24,trip,3690,3708.309854494165,z31,z10,toy-0008739,,,False,28.34241045730939,0.0,26.694523552834536,0.35,5.142956348249516,0
31,trip,3690,3713.0,z00,z21,toy-0008735,,,False,36.1614236204787,0.0,34.0914236204787,2.3,4.6,0
6,trip,3690,3708.309854494165,z22,z01,toy-0008744,,,False,13.167734976891934,0.0,11.51984807241708,0.35,5.142956348249516,0
40,trip,3690,3702.0089706448603,z20,z31,toy-0008733,,,False,41.20257792588767,0.0,40.121770567850234,0.35,3.2526911934581184,0
56,trip,3690,3698.8333333333335,z22,z21,toy-0008745,,,False,37.1876114749757,0.0,36.392611474975695,0.35,2.3,0
16,trip,3690,3702.0089706448603,z32,z21,toy-0008746,,,False,15.676795394096771,0.0,14.595988036059335,0.35,3.2526911934581184,0
36,trip,3690,3698.8333333333335,z10,z11,toy-0008731,,,False,39.4630763053378,0.0,38.6680763053378,0.35,2.3,0
89,trip,3690,3708.309854494165,z20,z12,toy-0008734,,,False,44.73722105644619,0.0,43.089334151971336,0.35,5.142956348249516,0
23,trip,3690,3706.5,z30,z10,toy-0008753,,,False,40.769192641962995,0.0,39.284192641962996,0.35,4.6,0
58,trip,3690,3708.309854494165,z22,z30,toy-0008762,,,False,19.523400856293733,0.0,17.875513951818878,0.35,5.142956348249516,0
34,trip,3690,3698.8333333333335,z11,z10,toy-0008754,,,False,18.20500404485595,0.0,17.410004044855953,0.35,2.3,0
48,trip,3690,3706.5,z10,z30,toy-0008750,,,False,21.107786534072016,0.0,19.622786534072016,0.35,4.6,0
39,trip,3690,3715.410795394624,z00,z31,toy-0008748,,,False,44.809226191050364,0.0,42.52225460553418,0.35,7.273238618387272,0
18,trip,3690,3712.851274623054,z32,z10,toy-0008763,,,False,10.474727963656076,0.0,8.418113247581205,0.35,6.505382386916237,0
26,trip,3690,3702.0089706448603,z21,z30,toy-0008755,,,False,23.858325124567727,0.0,22.77751776653029,0.35,3.2526911934581184,0
43,trip,3690,3698.8333333333335,z21,z31,toy-0008756,,,False,41.274976372981996,0.0,40.479976372981994,0.35,2.3,0
51,trip,3690,3698.8333333333335,z21,z22,toy-0008757,,,False,13.79755899542716,0.0,13.00255899542716,0.35,2.3,0
30,trip,3690,3702.0089706448603,z31,z22,toy-0008759,,,False,13.705373078628659,0.0,12.624565720591223,0.35,3.2526911934581184,0
44,trip,3690,3714.809854494165,z30,z32,toy-0008752,,,False,44.02716961992966,0.0,41.794282715454806,2.3,5.142956348249516,0
66,trip,3690,3718.809226445224,z00,z32,toy-0008749,,,False,37.045456775712914,0.0,34.45262639564276,0.35,8.292767933567175,0
35,trip,3690,3706.5,z31,z11,toy-0008758,,,False,39.97680411693813,0.0,38.491804116938134,0.35,4.6,0
71,trip,3690,3705.3333333333335,z12,z01,toy-0008761,,,False,46.247113095524995,0.0,44.86711309552499,2.3,2.3,0
59,trip,3690,3698.8333333333335,z31,z32,toy-0008760,,,False,18.589965392998806,0.0,17.794965392998805,0.35,2.3,0
49,trip,3690,3714.809854494165,z11,z31,toy-0008751,,,False,25.353199276217328,0.0,23.12031237174247,2.3,5.142956348249516,0
9,visit,3690,3732.121770982587,z31,z31,,depot_south,local,False,12.37593725124388,36.31406274875612,47.309999999999995,4.6,0,21.788437649253673
19,visit,3690,3710.3333333333335,z31,z31,,depot_south,local,False,15.321617441039283,0.0,13.941617441039284,4.6,0,0
29,visit,3690,3716.6846079563875,z11,z11,,depot_west,local,False,18.10355458855102,0.0,16.15193987247615,6.505382386916237,0,0
0,visit,3690,3719.3333333333335,z00,z00,,depot_west,central,False,33.60956573547308,0.0,33.39956573547308,0.7,0,0
20,visit,3690,3744.9716981543957,z32,z32,,depot_south,,False,12.20494752045148,37.17505247954852,46.62,9.2,0,22.30503148772911
45,trip,3700,3708.8333333333335,z12,z11,toy-0008767,,,False,15.062975934935597,0.0,14.267975934935597,0.35,2.3,0
28,trip,3700,3712.0089706448603,z10,z21,toy-0008764,,,False,17.463608233876133,0.0,16.382800875838697,0.35,3.2526911934581184,0
50,trip,3700,3716.5,z32,z12,toy-0008772,,,False,30.803950761551086,0.0,29.318950761551086,0.35,4.6,0
10,trip,3700,3724.1666666666665,z31,z01,toy-0008765,,,False,39.431770567850556,0.0,37.25677056785056,0.35,6.8999999999999995,0
5,trip,3700,3722.851274623054,z22,z00,toy-0008768,,,False,44.58130573748768,0.0,42.52469102141281,0.35,6.505382386916237,0
33,trip,3700,3708.8333333333335,z22,z32,toy-0008770,,,False,46.45711309552551,0.0,45.662113095525505,0.35,2.3,0
51,trip,3700,3712.0089706448603,z22,z31,toy-0008769,,,False,13.002558995427187,0.0,11.92175163738975,0.35,3.2526911934581184,0
54,trip,3700,3718.309854494165,z32,z11,toy-0008771,,,False,46.514999999999986,0.0,44.867113095525134,0.35,5.142956348249516,0
43,trip,3700,3725.410795394624,z31,z02,toy-0008766,,,False,40.47997637298202,0.0,38.19300478746584,0.35,7.273238618387272,0
4,trip,3700,3712.0089706448603,z21,z32,toy-0008784,,,False,14.267242988732024,0.0,13.186435630694588,0.35,3.2526911934581184,0
80,trip,3700,3708.8333333333335,z00,z10,toy-0008773,,,False,39.85388366337553,0.0,39.058883663375525,0.35,2.3,0
59,trip,3700,3708.8333333333335,z32,z31,toy-0008791,,,False,17.794965392998833,0.0,16.99996539299883,0.35,2.3,0
2,trip,3700,3718.309854494165,z02,z21,toy-0008787,,,False,41.22266799938038,0.0,39.574781094905525,0.35,5.142956348249516,0
60,trip,3700,3708.8333333333335,z32,z22,toy-0008792,,,False,46.61999999999985,0.0,45.82499999999985,0.35,2.3,0
55,trip,3700,3716.5,z22,z02,toy-0008789,,,False,39.71757792588785,0.0,38.23257792588785,0.35,4.6,0
52,trip,3700,3712.0089706448603,z31,z20,toy-0008785,,,False,15.755222949951502,0.0,14.674415591914066,0.35,3.2526911934581184,0
63,trip,3700,3708.8333333333335,z31,z21,toy-0008786,,,False,24.845472420880856,0.0,24.05047242088086,0.35,2.3,0
1,trip,3700,3724.1666666666665,z01,z31,toy-0008777,,,False,13.10228750292151,0.0,10.927287502921509,0.35,6.8999999999999995,0
69,trip,3700,3718.309854494165,z32,z20,toy-0008790,,,False,38.764226191050184,0.0,37.11633928657533,0.35,5.142956348249516,0
46,trip,3700,3722.851274623054,z20,z02,toy-0008775,,,False,22.351260571597688,0.0,20.294645855522816,0.35,6.505382386916237,0
36,trip,3700,3716.5,z11,z31,toy-0008780,,,False,38.66807630533783,0.0,37.18307630533783,0.35,4.6,0
47,trip,3700,3712.0089706448603,z20,z11,toy-0008774,,,False,13.37924812333527,0.0,12.298440765297833,0.35,3.2526911934581184,0
76,trip,3700,3708.8333333333335,z11,z12,toy-0008781,,,False,40.8163057374881,0.0,40.0213057374881,0.35,2.3,0
56,trip,3700,3716.5,z21,z01,toy-0008783,,,False,36.39261147497572,0.0,34.907611474975724,0.35,4.6,0
27,trip,3700,3708.8333333333335,z01,z02,toy-0008778,,,False,16.28832223060643,0.0,15.493322230606429,0.35,2.3,0
86,trip,3700,3712.0089706448603,z11,z20,toy-0008779,,,False,28.070721329401255,0.0,26.98991397136382,0.35,3.2526911934581184,0
34,trip,3700,3718.5089706448603,z10,z22,toy-0008782,,,False,17.410004044855977,0.0,15.744196686818542,2.3,3.2526911934581184,0
78,trip,3700,3716.5,z30,z32,toy-0008776,,,False,40.27841883301302,0.0,38.79341883301302,0.35,4.6,0
62,trip,3700,3712.0089706448603,z12,z21,toy-0008788,,,False,23.979537894601354,0.0,22.898730536563917,0.35,3.2526911934581184,0
12,visit,3700,3751.0465969043416,z11,z11,,depot_west,local,False,8.372492444780162,40.60331491325727,47.024192641962564,6.505382386916237,0,24.361988947954366
42,visit,3700,3720.3333333333335,z31,z31,,depot_south,local,False,22.64615261067605,0.0,21.266152610676052,4.6,0,0
73,visit,3700,3720.3333333333335,z31,z31,,depot_south,local,False,35.218611127837335,0.0,33.83861112783733,4.6,0,0
11,trip,3710,3734.1666666666665,z32,z02,toy-0008807,,,False,38.245963209813254,0.0,36.07096320981326,0.35,6.8999999999999995,0
40,trip,3710,3718.8333333333335,z31,z32,toy-0008803,,,False,40.12177056785024,0.0,39.32677056785024,0.35,2.3,0
64,trip,3710,3728.309854494165,z31,z12,toy-0008801,,,False,19.15163664835985,0.0,17.503749743884995,0.35,5.142956348249516,0
6,trip,3710,3735.410795394624,z01,z32,toy-0008797,,,False,11.519848072417089,0.0,9.232876486900906,0.35,7.273238618387272,0
67,trip,3710,3722.0089706448603,z31,z22,toy-0008802,,,False,20.94889125389429,0.0,19.868083895856852,0.35,3.2526911934581184,0
22,trip,3710,3722.0089706448603,z32,z21,toy-0008806,,,False,19.882386830291956,0.0,18.80157947225452,0.35,3.2526911934581184,0
15,trip,3710,3722.0089706448603,z00,z11,toy-0008793,,,False,9.330653130276378,0.0,8.249845772238942,0.35,3.2526911934581184,0
24,trip,3710,3718.8333333333335,z10,z00,toy-0008794,,,False,26.69452355283455,0.0,25.89952355283455,0.35,2.3,0
45,trip,3710,3718.8333333333335,z11,z21,toy-0008798,,,False,14.267975934935624,0.0,13.472975934935624,0.35,2.3,0
14,trip,3710,3722.0089706448603,z20,z31,toy-0008796,,,False,13.097379516634197,0.0,12.01657215859676,0.35,3.2526911934581184,0
60,trip,3710,3722.0089706448603,z22,z11,toy-0008805,,,False,45.824999999999875,0.0,44.74419264196244,0.35,3.2526911934581184,0
53,trip,3710,3718.8333333333335,z20,z21,toy-0008795,,,False,19.041588757505583,0.0,18.246588757505585,0.35,2.3,0
82,trip,3710,3718.8333333333335,z31,z30,toy-0008800,,,False,40.622113095525386,0.0,39.827113095525384,0.35,2.3,0
8,trip,3710,3728.309854494165,z02,z10,toy-0008804,,,False,10.087689279964165,0.0,8.439802375489311,0.35,5.142956348249516,0
16,trip,3710,3718.8333333333335,z21,z31,toy-0008799,,,False,14.595988036059348,0.0,13.800988036059348,0.35,2.3,0
76,trip,3710,3718.8333333333335,z12,z22,toy-0008816,,,False,40.02130573748813,0.0,39.226305737488126,0.35,2.3,0
63,trip,3710,3718.8333333333335,z21,z11,toy-0008811,,,False,24.050472420880883,0.0,23.255472420880885,0.35,2.3,0
57,trip,3710,3732.851274623054,z10,z32,toy-0008808,,,False,17.468332804376995,0.0,15.411718088302125,0.35,6.505382386916237,0
26,trip,3710,3733.0,z30,z22,toy-0008809,,,False,22.777517766530305,0.0,20.707517766530305,2.3,4.6,0
68,trip,3710,3722.0089706448603,z21,z10,toy-0008810,,,False,22.400472420881247,0.0,21.31966506284381,0.35,3.2526911934581184,0
27,trip,3710,3718.8333333333335,z02,z12,toy-0008814,,,False,15.493322230606456,0.0,14.698322230606456,0.35,2.3,0
65,trip,3710,3722.0089706448603,z22,z31,toy-0008818,,,False,19.847550012216445,0.0,18.76674265417901,0.35,3.2526911934581184,0
25,trip,3710,3733.0,z32,z11,toy-0008813,,,False,28.478493881665738,0.0,26.408493881665738,2.3,4.6,0
70,trip,3710,3718.8333333333335,z21,z22,toy-0008812,,,False,36.316845616502476,0.0,35.521845616502475,0.35,2.3,0
81,trip,3710,3728.309854494165,z12,z31,toy-0008815,,,False,33.99796198657924,0.0,32.35007508210439,0.35,5.142956348249516,0
74,trip,3710,3718.8333333333335,z22,z21,toy-0008817,,,False,46.12029330204592,0.0,45.32529330204592,0.35,2.3,0
33,trip,3710,3718.8333333333335,z32,z31,toy-0008819,,,False,45.662113095525534,0.0,44.86711309552553,0.35,2.3,0
30,visit,3710,3771.437368365327,z22,z22,,depot_south,local,False,12.624565720591235,36.91832118388363,46.45711309552515,10.285912696499032,0,22.150992710330176
59,visit,3710,3752.3333333333335,z31,z31,,depot_south,central,False,16.99996539299886,0.0,15.61996539299886,4.6,0,0
21,visit,3710,3730.3333333333335,z01,z01,,depot_west,local,False,19.098611764656795,0.0,17.718611764656796,4.6,0,0
35,visit,3710,3758.6846079563875,z11,z11,,depot_west,central,False,38.49180411693813,0.0,36.540189400863255,6.505382386916237,0,0
23,visit,3710,3730.3333333333335,z10,z10,,depot_west,local,False,39.28419264196299,0.0,37.904192641962986,4.6,0,0
89,visit,3710,3749.286375654997,z12,z12,,depot_west,local,False,43.089334151971336,0.0,40.003560343021626,10.285912696499032,0,0
38,visit,3710,3750.074652470384,z01,z01,,depot_west,,False,10.78780143824885,37.90219856175115,47.309999999999995,4.6,0,22.74131913705069
32,visit,3710,3748.5774743907596,z01,z01,,depot_west,,False,13.283098237623285,35.40690176237671,47.309999999999995,4.6,0,21.244141057426027
58,visit,3710,3720.0,z30,z30,,depot_south,,True,17.875513951818892,9.444444444444446,27.109958396263337,0.7,0,5.666666666666668
2,trip,3720,3728.8333333333335,z21,z20,toy-0008827,,,False,39.574781094905525,0.0,38.77978109490552,0.35,2.3,0
19,trip,3720,3728.8333333333335,z31,z21,toy-0008830,,,False,13.941617441039309,0.0,13.146617441039309,0.35,2.3,0
3,trip,3720,3738.309854494165,z20,z32,toy-0008823,,,False,41.99757792588808,0.0,40.34969102141323,0.35,5.142956348249516,0
17,trip,3720,3748.809226445224,z32,z00,toy-0008835,,,False,46.62000000000016,0.0,44.02716961993001,0.35,8.292767933567175,0
29,trip,3720,3738.309854494165,z11,z32,toy-0008826,,,False,16.15193987247615,0.0,14.504052968001293,0.35,5.142956348249516,0
0,trip,3720,3738.309854494165,z00,z21,toy-0008820,,,False,33.399565735473104,0.0,31.751678830998248,0.35,5.142956348249516,0
28,trip,3720,3732.0089706448603,z21,z12,toy-0008828,,,False,16.38280087583871,0.0,15.301993517801275,0.35,3.2526911934581184,0
33,trip,3720,3738.309854494165,z31,z10,toy-0008829,,,False,44.86711309552556,0.0,43.21922619105071,0.35,5.142956348249516,0
48,trip,3720,3728.8333333333335,z30,z20,toy-0008824,,,False,19.622786534072016,0.0,18.82778653407202,0.35,2.3,0
58,trip,3720,3728.8333333333335,z30,z31,toy-0008825,,,False,27.109958396263114,0.0,26.314958396263116,0.35,2.3,0
36,trip,3720,3728.8333333333335,z31,z32,toy-0008831,,,False,37.18307630533782,0.0,36.38807630533782,0.35,2.3,0
18,trip,3720,3728.8333333333335,z10,z20,toy-0008821,,,False,8.418113247581216,0.0,7.623113247581216,0.35,2.3,0
7,trip,3720,3736.5,z12,z32,toy-0008833,,,False,21.27019867123242,0.0,19.785198671232422,0.35,4.6,0
80,trip,3720,3738.309854494165,z10,z02,toy-0008822,,,False,39.05888366337555,0.0,37.4109967589007,0.35,5.142956348249516,0
34,trip,3720,3728.8333333333335,z22,z32,toy-0008834,,,False,15.744196686818553,0.0,14.949196686818553,0.35,2.3,0
55,trip,3720,3745.410795394624,z02,z31,toy-0008832,,,False,38.232577925887846,0.0,35.94560634037166,0.35,7.273238618387272,0
37,trip,3720,3736.5,z32,z30,toy-0008847,,,False,30.136804679348185,0.0,28.651804679348185,0.35,4.6,0
85,trip,3720,3738.309854494165,z10,z31,toy-0008836,,,False,28.47943282764166,0.0,26.831545923166804,0.35,5.142956348249516,0
52,trip,3720,3728.8333333333335,z20,z10,toy-0008838,,,False,14.674415591914078,0.0,13.879415591914078,0.35,2.3,0
47,trip,3720,3736.5,z11,z31,toy-0008840,,,False,12.298440765297846,0.0,10.813440765297846,0.35,4.6,0
75,trip,3720,3736.5,z22,z20,toy-0008845,,,False,35.12735617516571,0.0,33.64235617516571,0.35,4.6,0
31,trip,3720,3728.8333333333335,z21,z31,toy-0008841,,,False,34.0914236204787,0.0,33.2964236204787,0.35,2.3,0
76,trip,3720,3728.8333333333335,z22,z12,toy-0008846,,,False,39.226305737488154,0.0,38.43130573748815,0.35,2.3,0
39,trip,3720,3732.0089706448603,z31,z22,toy-0008844,,,False,42.522254605534194,0.0,41.44144724749676,0.35,3.2526911934581184,0
45,trip,3720,3732.0089706448603,z21,z32,toy-0008842,,,False,13.47297593493565,0.0,12.392168576898214,0.35,3.2526911934581184,0
87,trip,3720,3738.309854494165,z10,z22,toy-0008837,,,False,44.45838528392508,0.0,42.81049837945023,0.35,5.142956348249516,0
54,trip,3720,3732.0089706448603,z11,z00,toy-0008839,,,False,44.867113095525134,0.0,43.7863057374877,0.35,3.2526911934581184,0
49,trip,3720,3745.410795394624,z31,z00,toy-0008843,,,False,23.120312371742482,0.0,20.8333407862263,0.35,7.273238618387272,0
40,trip,3720,3728.8333333333335,z32,z22,toy-0008848,,,False,39.32677056785027,0.0,38.531770567850266,0.35,2.3,0
4,visit,3720,3777.38280528825,z32,z32,,depot_south,local,False,13.1864356306946,36.1935643693054,46.62,9.2,0,21.71613862158324
16,visit,3720,3761.2667405116977,z31,z31,,depot_south,local,False,13.800988036059374,34.889011963940625,47.309999999999995,4.6,0,20.933407178364373
63,visit,3720,3746.6846079563875,z11,z11,,depot_west,local,False,23.25547242088091,0.0,21.30385770480604,6.505382386916237,0,0
56,visit,3720,3740.3333333333335,z01,z01,,depot_west,local,False,34.90761147497572,0.0,33.527611474975714,4.6,0,0
70,visit,3720,3759.286375654997,z22,z22,,depot_south,local,False,35.5218456165025,0.0,32.43607180755279,10.285912696499032,0,0
51,visit,3720,3759.3942823508996,z31,z31,,depot_south,,False,11.921751637389763,36.76824836261024,47.309999999999995,4.6,0,22.06094901756614
27,visit,3720,3777.1931144593177,z12,z12,,depot_west,,False,14.698322230606482,34.844564673868376,46.457113095525145,10.285912696499032,0,20.906738804321026
24,visit,3720,3730.0,z00,z00,,depot_west,,True,25.899523552834577,9.444444444444446,35.13396799727902,0.7,0,5.666666666666668
34,trip,3730,3742.0089706448603,z32,z21,toy-0008857,,,False,14.94919668681858,0.0,13.868389328781143,0.35,3.2526911934581184,0
50,trip,3730,3738.8333333333335,z12,z02,toy-0008852,,,False,29.318950761551086,0.0,28.523950761551085,0.35,2.3,0
1,trip,3730,3742.0089706448603,z31,z20,toy-0008850,,,False,10.927287502921523,0.0,9.846480144884087,0.35,3.2526911934581184,0
40,trip,3730,3742.0089706448603,z22,z31,toy-0008853,,,False,38.531770567850295,0.0,37.45096320981286,0.35,3.2526911934581184,0
36,trip,3730,3748.309854494165,z32,z11,toy-0008856,,,False,36.38807630533785,0.0,34.740189400862995,0.35,5.142956348249516,0
44,trip,3730,3755.410795394624,z32,z01,toy-0008855,,,False,41.79428271545482,0.0,39.507311129938635,0.35,7.273238618387272,0
66,trip,3730,3738.8333333333335,z32,z31,toy-0008858,,,False,34.45262639564276,0.0,33.65762639564276,0.35,2.3,0
13,trip,3730,3738.8333333333335,z31,z21,toy-0008851,,,False,47.31,0.0,46.515,0.35,2.3,0
78,trip,3730,3748.309854494165,z32,z20,toy-0008854,,,False,38.793418833013014,0.0,37.14553192853816,0.35,5.142956348249516,0
2,trip,3730,3738.8333333333335,z20,z30,toy-0008849,,,False,38.77978109490555,0.0,37.98478109490555,0.35,2.3,0
60,trip,3730,3742.0089706448603,z11,z22,toy-0008864,,,False,44.74419264196245,0.0,43.66338528392502,0.35,3.2526911934581184,0
14,trip,3730,3738.8333333333335,z31,z32,toy-0008867,,,False,12.016572158596773,0.0,11.221572158596773,0.35,2.3,0
82,trip,3730,3748.309854494165,z30,z11,toy-0008861,,,False,39.82711309552541,0.0,38.17922619105056,0.35,5.142956348249516,0
48,trip,3730,3742.0089706448603,z20,z31,toy-0008860,,,False,18.827786534072043,0.0,17.746979176034607,0.35,3.2526911934581184,0
19,trip,3730,3748.309854494165,z21,z02,toy-0008865,,,False,13.146617441039336,0.0,11.49873053656448,0.35,5.142956348249516,0
10,trip,3730,3748.309854494165,z01,z22,toy-0008863,,,False,37.256770567850566,0.0,35.608883663375714,0.35,5.142956348249516,0
52,trip,3730,3746.5,z10,z12,toy-0008859,,,False,13.879415591914105,0.0,12.394415591914106,0.35,4.6,0
67,trip,3730,3748.309854494165,z22,z10,toy-0008869,,,False,19.868083895856866,0.0,18.22019699138201,0.35,5.142956348249516,0
64,trip,3730,3746.5,z12,z10,toy-0008868,,,False,17.50374974388501,0.0,16.01874974388501,0.35,4.6,0
31,trip,3730,3748.5089706448603,z31,z21,toy-0008862,,,False,33.29642362047873,0.0,31.63061626244129,2.3,3.2526911934581184,0
83,trip,3730,3752.851274623054,z32,z10,toy-0008870,,,False,31.822443354696663,0.0,29.76582863862179,0.35,6.505382386916237,0
42,trip,3730,3754.1666666666665,z31,z01,toy-0008866,,,False,21.266152610676077,0.0,19.091152610676076,0.35,6.8999999999999995,0
84,trip,3730,3746.5,z32,z12,toy-0008871,,,False,28.63422829568597,0.0,27.14922829568597,0.35,4.6,0
76,visit,3730,3769.286375654997,z12,z12,,depot_west,local,False,38.43130573748818,0.0,35.34553192853847,10.285912696499032,0,0
18,visit,3730,3771.9734653847845,z20,z20,,depot_south,,False,7.6231132475812435,41.06688675241875,47.309999999999995,4.6,0,24.64013205145125
15,visit,3730,3778.1201849078666,z11,z11,,depot_west,,False,8.249845772238954,40.72596158579848,47.024192641962564,6.505382386916237,0,24.43557695147909
8,visit,3730,3787.2307852413733,z10,z10,,depot_south,,False,8.43980237548932,40.94019762451068,46.620000000000005,9.2,0,24.56411857470641
5,trip,3740,3765.410795394624,z00,z31,toy-0008872,,,False,42.52469102141282,0.0,40.237719435896636,0.35,7.273238618387272,0
26,trip,3740,3752.0089706448603,z22,z11,toy-0008881,,,False,20.707517766530305,0.0,19.62671040849287,0.35,3.2526911934581184,0
21,trip,3740,3764.1666666666665,z01,z31,toy-0008875,,,False,17.71861176465682,0.0,15.54361176465682,0.35,6.8999999999999995,0
39,trip,3740,3748.8333333333335,z22,z21,toy-0008882,,,False,41.44144724749677,0.0,40.646447247496766,0.35,2.3,0
25,trip,3740,3748.8333333333335,z11,z21,toy-0008876,,,False,26.408493881665738,0.0,25.61349388166574,0.35,2.3,0
9,trip,3740,3756.5,z31,z11,toy-0008879,,,False,47.31000000000035,0.0,45.82500000000035,0.35,4.6,0
77,trip,3740,3748.8333333333335,z22,z32,toy-0008883,,,False,26.181528687438743,0.0,25.38652868743874,0.35,2.3,0
2,trip,3740,3762.851274623054,z30,z12,toy-0008873,,,False,37.98478109490558,0.0,35.92816637883071,0.35,6.505382386916237,0
0,trip,3740,3748.8333333333335,z21,z31,toy-0008877,,,False,31.751678830998255,0.0,30.956678830998257,0.35,2.3,0
61,trip,3740,3756.5,z01,z21,toy-0008874,,,False,47.30999999999967,0.0,45.82499999999967,0.35,4.6,0
3,trip,3740,3748.8333333333335,z32,z31,toy-0008884,,,False,40.34969102141323,0.0,39.55469102141323,0.35,2.3,0
47,trip,3740,3758.309854494165,z31,z12,toy-0008880,,,False,10.813440765297846,0.0,9.165553860822993,0.35,5.142956348249516,0
13,trip,3740,3748.8333333333335,z21,z22,toy-0008878,,,False,46.51500000000003,0.0,45.72000000000003,0.35,2.3,0
22,trip,3740,3764.809854494165,z21,z30,toy-0008888,,,False,18.801579472254534,0.0,16.568692567779678,2.3,5.142956348249516,0
23,trip,3740,3764.809854494165,z10,z32,toy-0008890,,,False,37.90419264196302,0.0,35.67130573748817,2.3,5.142956348249516,0
53,trip,3740,3748.8333333333335,z21,z11,toy-0008892,,,False,18.24658875750561,0.0,17.45158875750561,0.35,2.3,0
28,trip,3740,3763.0,z12,z31,toy-0008889,,,False,15.301993517801288,0.0,13.231993517801287,2.3,4.6,0
33,trip,3740,3752.0089706448603,z10,z21,toy-0008885,,,False,43.21922619105071,0.0,42.138418833013276,0.35,3.2526911934581184,0
6,trip,3740,3748.8333333333335,z32,z22,toy-0008900,,,False,9.232876486900922,0.0,8.437876486900922,0.35,2.3,0
37,trip,3740,3758.309854494165,z30,z22,toy-0008887,,,False,28.651804679348185,0.0,27.00391777487333,0.35,5.142956348249516,0
7,trip,3740,3752.0089706448603,z32,z21,toy-0008899,,,False,19.785198671232422,0.0,18.704391313194986,0.35,3.2526911934581184,0
58,trip,3740,3748.8333333333335,z31,z32,toy-0008896,,,False,26.31495839626314,0.0,25.519958396263142,0.35,2.3,0
62,trip,3740,3752.0089706448603,z21,z32,toy-0008893,,,False,22.89873053656393,0.0,21.817923178526495,0.35,3.2526911934581184,0
69,trip,3740,3748.8333333333335,z20,z21,toy-0008886,,,False,37.11633928657533,0.0,36.32133928657533,0.35,2.3,0
88,trip,3740,3758.309854494165,z12,z31,toy-0008898,,,False,21.139415591913266,0.0,19.49152868743841,0.35,5.142956348249516,0
65,trip,3740,3752.0089706448603,z31,z22,toy-0008895,,,False,18.766742654179023,0.0,17.685935296141587,0.35,3.2526911934581184,0
73,trip,3740,3748.8333333333335,z31,z21,toy-0008894,,,False,33.83861112783737,0.0,33.043611127837366,0.35,2.3,0
74,trip,3740,3758.309854494165,z21,z00,toy-0008891,,,False,45.32529330204595,0.0,43.6774063975711,0.35,5.142956348249516,0
43,trip,3740,3769.351274623054,z02,z30,toy-0008897,,,False,38.19300478746585,0.0,35.55139007139098,2.3,6.505382386916237,0
66,visit,3740,3760.3333333333335,z31,z31,,depot_south,local,False,33.65762639564279,0.0,32.277626395642784,4.6,0,0
11,visit,3740,3775.6666666666665,z02,z02,,depot_west,local,False,36.070963209813264,0.0,33.310963209813266,9.2,0,0
80,visit,3740,3775.6666666666665,z02,z02,,depot_west,local,False,37.4109967589007,0.0,34.6509967589007,9.2,0,0
14,visit,3740,3795.5617233715084,z32,z32,,depot_south,,False,11.2215721585968,38.158427841403196,46.62,9.2,0,22.895056704841917
0,trip,3750,3762.0089706448603,z31,z20,toy-0008907,,,False,30.956678830998282,0.0,29.875871472960846,0.35,3.2526911934581184,0
1,trip,3750,3762.0089706448603,z20,z11,toy-0008902,,,False,9.846480144884099,0.0,8.765672786846663,0.35,3.2526911934581184,0
17,trip,3750,3758.8333333333335,z00,z01,toy-0008901,,,False,44.02716961993001,0.0,43.232169619930005,0.35,2.3,0
6,trip,3750,3762.0089706448603,z22,z31,toy-0008912,,,False,8.437876486900949,0.0,7.357069128863514,0.35,3.2526911934581184,0
10,trip,3750,3768.309854494165,z22,z01,toy-0008911,,,False,35.608883663375714,0.0,33.96099675890086,0.35,5.142956348249516,0
3,trip,3750,3768.309854494165,z31,z10,toy-0008906,,,False,39.554691021413255,0.0,37.9068041169384,0.35,5.142956348249516,0
32,trip,3750,3758.8333333333335,z01,z11,toy-0008904,,,False,47.31000000000011,0.0,46.51500000000011,0.35,2.3,0
84,trip,3750,3762.0089706448603,z12,z21,toy-0008910,,,False,27.14922829568597,0.0,26.068420937648533,0.35,3.2526911934581184,0
40,trip,3750,3758.8333333333335,z31,z30,toy-0008908,,,False,37.45096320981287,0.0,36.65596320981287,0.35,2.3,0
72,trip,3750,3768.309854494165,z20,z32,toy-0008903,,,False,47.310000000000024,0.0,45.66211309552517,0.35,5.142956348249516,0
89,trip,3750,3768.309854494165,z12,z20,toy-0008909,,,False,40.00356034302162,0.0,38.355673438546766,0.35,5.142956348249516,0
25,trip,3750,3758.8333333333335,z21,z20,toy-0008905,,,False,25.613493881665764,0.0,24.818493881665766,0.35,2.3,0
20,trip,3750,3768.309854494165,z32,z11,toy-0008924,,,False,46.62000000000001,0.0,44.97211309552516,0.35,5.142956348249516,0
75,trip,3750,3762.0089706448603,z20,z31,toy-0008915,,,False,33.6423561751657,0.0,32.56154881712827,0.35,3.2526911934581184,0
48,trip,3750,3773.0,z31,z32,toy-0008918,,,False,17.74697917603462,0.0,15.67697917603462,2.3,4.6,0
24,trip,3750,3778.809226445224,z00,z32,toy-0008913,,,False,35.133967997278795,0.0,32.54113761720864,0.35,8.292767933567175,0
31,trip,3750,3762.0089706448603,z21,z30,toy-0008921,,,False,31.630616262441304,0.0,30.549808904403868,0.35,3.2526911934581184,0
78,trip,3750,3768.309854494165,z20,z12,toy-0008916,,,False,37.14553192853816,0.0,35.49764502406331,0.35,5.142956348249516,0
86,trip,3750,3766.5,z20,z22,toy-0008917,,,False,26.989913971363833,0.0,25.504913971363834,0.35,4.6,0
36,trip,3750,3762.0089706448603,z11,z20,toy-0008920,,,False,34.740189400862995,0.0,33.65938204282556,0.35,3.2526911934581184,0
19,trip,3750,3774.1666666666665,z02,z32,toy-0008923,,,False,11.49873053656449,0.0,9.32373053656449,0.35,6.8999999999999995,0
29,trip,3750,3758.8333333333335,z32,z31,toy-0008925,,,False,14.504052968001304,0.0,13.709052968001304,0.35,2.3,0
34,trip,3750,3758.8333333333335,z21,z31,toy-0008922,,,False,13.868389328781156,0.0,13.073389328781156,0.35,2.3,0
64,trip,3750,3758.8333333333335,z10,z11,toy-0008914,,,False,16.01874974388501,0.0,15.22374974388501,0.35,2.3,0
56,trip,3750,3758.8333333333335,z01,z00,toy-0008919,,,False,33.52761147497575,0.0,32.73261147497575,0.35,2.3,0
52,visit,3750,3811.575458442533,z12,z12,,depot_west,local,False,12.394415591914106,37.14847131256075,46.457113095525145,10.285912696499032,0,22.28908278753645
77,visit,3750,3785.6666666666665,z32,z32,,depot_south,local,False,25.38652868743877,0.0,22.62652868743877,9.2,0,0
69,visit,3750,3776.6846079563875,z21,z21,,depot_south,local,False,36.32133928657536,0.0,34.36972457050049,6.505382386916237,0,0
39,visit,3750,3789.286375654997,z21,z21,,depot_west,local,False,40.646447247496795,0.0,37.560673438547084,10.285912696499032,0,0
45,visit,3750,3830.1425166390177,z32,z32,,depot_west,,False,12.392168576898227,38.09566180317192,45.51216961992984,16.58553586713435,0,22.857397081903155
49,visit,3750,3760.0,z00,z00,,depot_west,,True,20.83334078622632,9.444444444444446,30.067785230670765,0.7,0,5.666666666666668
41,trip,3760,3778.309854494165,z32,z20,toy-0008944,,,False,46.619999999999784,0.0,44.97211309552493,0.35,5.142956348249516,0
7,trip,3760,3776.5,z21,z01,toy-0008933,,,False,18.704391313195,0.0,17.219391313195,0.35,4.6,0
13,trip,3760,3776.5,z22,z20,toy-0008943,,,False,45.720000000000056,0.0,44.235000000000056,0.35,4.6,0
67,trip,3760,3778.309854494165,z10,z31,toy-0008927,,,False,18.220196991382025,0.0,16.57231008690717,0.35,5.142956348249516,0
47,trip,3760,3768.8333333333335,z12,z11,toy-0008940,,,False,9.165553860823001,0.0,8.370553860823001,0.35,2.3,0
25,trip,3760,3775.3333333333335,z20,z31,toy-0008929,,,False,24.81849388166579,0.0,23.438493881665792,2.3,2.3,0
9,trip,3760,3768.8333333333335,z11,z01,toy-0008931,,,False,45.825000000000344,0.0,45.03000000000034,0.35,2.3,0
17,trip,3760,3785.410795394624,z01,z32,toy-0008930,,,False,43.23216961993003,0.0,40.94519803441385,0.35,7.273238618387272,0
12,trip,3760,3783.0,z11,z32,toy-0008942,,,False,47.02419264196222,0.0,44.95419264196222,2.3,4.6,0
29,trip,3760,3772.0089706448603,z31,z22,toy-0008938,,,False,13.70905296800133,0.0,12.628245609963894,0.35,3.2526911934581184,0
49,trip,3760,3782.851274623054,z00,z22,toy-0008926,,,False,30.06778523067054,0.0,28.01117051459567,0.35,6.505382386916237,0
51,trip,3760,3768.8333333333335,z31,z21,toy-0008936,,,False,47.31000000000004,0.0,46.515000000000036,0.35,2.3,0
33,trip,3760,3772.0089706448603,z21,z12,toy-0008934,,,False,42.13841883301328,0.0,41.05761147497585,0.35,3.2526911934581184,0
55,trip,3760,3785.410795394624,z31,z02,toy-0008937,,,False,35.945606340371675,0.0,33.65863475485549,0.35,7.273238618387272,0
59,trip,3760,3768.8333333333335,z31,z32,toy-0008939,,,False,15.619965392998887,0.0,14.824965392998887,0.35,2.3,0
32,trip,3760,3775.3333333333335,z11,z22,toy-0008941,,,False,46.515000000000136,0.0,45.13500000000013,2.3,2.3,0
81,trip,3760,3776.5,z31,z11,toy-0008935,,,False,32.35007508210439,0.0,30.86507508210439,0.35,4.6,0
68,trip,3760,3782.851274623054,z10,z32,toy-0008928,,,False,21.319665062843825,0.0,19.263050346768953,0.35,6.505382386916237,0
73,trip,3760,3772.0089706448603,z21,z10,toy-0008932,,,False,33.043611127837394,0.0,31.962803769799958,0.35,3.2526911934581184,0
37,trip,3760,3768.8333333333335,z22,z21,toy-0008954,,,False,27.003917774873344,0.0,26.208917774873342,0.35,2.3,0
54,trip,3760,3776.5,z00,z20,toy-0008945,,,False,43.78630573748771,0.0,42.30130573748771,0.35,4.6,0
60,trip,3760,3772.0089706448603,z22,z31,toy-0008955,,,False,43.663385283925024,0.0,42.58257792588759,0.35,3.2526911934581184,0
35,trip,3760,3768.8333333333335,z11,z10,toy-0008947,,,False,36.540189400863255,0.0,35.745189400863254,0.35,2.3,0
65,trip,3760,3778.309854494165,z22,z30,toy-0008953,,,False,17.6859352961416,0.0,16.038048391666745,0.35,5.142956348249516,0
38,trip,3760,3778.309854494165,z01,z20,toy-0008946,,,False,47.309999999999874,0.0,45.66211309552502,0.35,5.142956348249516,0
85,trip,3760,3778.309854494165,z31,z12,toy-0008952,,,False,26.831545923166818,0.0,25.183659018691962,0.35,5.142956348249516,0
70,trip,3760,3768.8333333333335,z22,z32,toy-0008956,,,False,32.436071807552786,0.0,31.641071807552784,0.35,2.3,0
53,trip,3760,3768.8333333333335,z11,z12,toy-0008949,,,False,17.451588757505636,0.0,16.656588757505638,0.35,2.3,0
57,trip,3760,3768.8333333333335,z32,z31,toy-0008958,,,False,15.411718088302138,0.0,14.616718088302138,0.35,2.3,0
63,trip,3760,3775.3333333333335,z11,z22,toy-0008950,,,False,21.30385770480604,0.0,19.92385770480604,2.3,2.3,0
64,trip,3760,3778.5089706448603,z11,z32,toy-0008951,,,False,15.223749743885037,0.0,13.557942385847602,2.3,3.2526911934581184,0
58,trip,3760,3772.0089706448603,z32,z21,toy-0008957,,,False,25.519958396263167,0.0,24.43915103822573,0.35,3.2526911934581184,0
82,trip,3760,3776.5,z11,z31,toy-0008948,,,False,38.17922619105056,0.0,36.69422619105056,0.35,4.6,0
34,visit,3760,3823.7032997360648,z31,z31,,depot_south,central,False,13.073389328781182,35.616610671218815,47.309999999999995,4.6,0,21.36996640273129
26,visit,3760,3786.6846079563875,z11,z11,,depot_west,local,False,19.626710408492883,0.0,17.67509569241801,6.505382386916237,0,0
40,visit,3760,3770.0,z30,z30,,depot_south,local,True,36.655963209812896,4.444444444444445,40.89040765425734,0.7,0,2.666666666666667
61,visit,3760,3808.6846079563875,z21,z21,,depot_south,central,False,45.82499999999966,0.0,43.87338528392479,6.505382386916237,0,0
56,visit,3760,3770.0,z00,z00,,depot_west,,True,32.732611474975776,9.444444444444446,41.967055919420226,0.7,0,5.666666666666668
37,trip,3770,3778.8333333333335,z21,z31,toy-0008963,,,False,26.20891777487337,0.0,25.41391777487337,0.35,2.3,0
5,trip,3770,3794.1666666666665,z31,z01,toy-0008964,,,False,40.23771943589665,0.0,38.06271943589665,0.35,6.8999999999999995,0
16,trip,3770,3778.8333333333335,z31,z32,toy-0008965,,,False,47.3099999999997,0.0,46.514999999999695,0.35,2.3,0
20,trip,3770,3788.309854494165,z11,z32,toy-0008962,,,False,44.97211309552516,0.0,43.32422619105031,0.35,5.142956348249516,0
1,trip,3770,3778.8333333333335,z11,z21,toy-0008960,,,False,8.765672786846675,0.0,7.970672786846675,0.35,2.3,0
23,trip,3770,3778.8333333333335,z32,z22,toy-0008966,,,False,35.67130573748818,0.0,34.87630573748818,0.35,2.3,0
2,trip,3770,3788.5089706448603,z12,z22,toy-0008961,,,False,35.92816637883072,0.0,34.26235902079328,2.3,3.2526911934581184,0
0,trip,3770,3788.309854494165,z20,z01,toy-0008959,,,False,29.87587147296086,0.0,28.227984568486004,0.35,5.142956348249516,0
46,trip,3770,3795.410795394624,z02,z31,toy-0008971,,,False,20.29464585552283,0.0,18.00767427000665,0.35,7.273238618387272,0
59,trip,3770,3786.5,z32,z12,toy-0008977,,,False,14.824965392998914,0.0,13.339965392998915,0.35,4.6,0
53,trip,3770,3788.309854494165,z12,z31,toy-0008973,,,False,16.656588757505663,0.0,15.008701853030807,0.35,5.142956348249516,0
21,trip,3770,3782.0089706448603,z31,z20,toy-0008968,,,False,15.543611764656836,0.0,14.4628044066194,0.35,3.2526911934581184,0
62,trip,3770,3792.851274623054,z32,z10,toy-0008976,,,False,21.81792317852651,0.0,19.761308462451638,0.35,6.505382386916237,0
79,trip,3770,3782.0089706448603,z22,z11,toy-0008974,,,False,42.12049837945044,0.0,41.039691021413006,0.35,3.2526911934581184,0
28,trip,3770,3795.410795394624,z31,z00,toy-0008967,,,False,13.231993517801287,0.0,10.945021932285105,0.35,7.273238618387272,0
50,trip,3770,3786.5,z02,z22,toy-0008972,,,False,28.523950761551113,0.0,27.038950761551114,0.35,4.6,0
86,trip,3770,3778.8333333333335,z22,z12,toy-0008975,,,False,25.504913971363834,0.0,24.709913971363832,0.35,2.3,0
57,trip,3770,3778.8333333333335,z31,z21,toy-0008969,,,False,14.616718088302164,0.0,13.821718088302164,0.35,2.3,0
66,trip,3770,3782.0089706448603,z31,z22,toy-0008970,,,False,32.27762639564282,0.0,31.196819037605383,0.35,3.2526911934581184,0
47,visit,3770,3821.047760054716,z11,z11,,depot_west,local,False,8.370553860823028,40.605253497214406,47.024192641962564,6.505382386916237,0,24.36315209832864
10,visit,3770,3790.3333333333335,z01,z01,,depot_west,local,False,33.96099675890086,0.0,32.58099675890086,4.6,0,0
6,visit,3770,3812.133091856015,z31,z31,,depot_south,,False,7.357069128863525,41.332930871136476,47.309999999999995,4.6,0,24.799758522681888
22,visit,3770,3780.0,z30,z30,,depot_south,,True,16.56869256777969,9.444444444444446,25.803137012224134,0.7,0,5.666666666666668
31,visit,3770,3780.0,z30,z30,,depot_south,,True,30.549808904403882,9.444444444444446,39.78425334884833,0.7,0,5.666666666666668
51,trip,3780,3792.0089706448603,z21,z32,toy-0008988,,,False,46.515000000000065,0.0,45.43419264196263,0.35,3.2526911934581184,0
3,trip,3780,3798.309854494165,z10,z22,toy-0008978,,,False,37.9068041169384,0.0,36.25891721246355,0.35,5.142956348249516,0
13,trip,3780,3798.309854494165,z20,z32,toy-0008982,,,False,44.23500000000005,0.0,42.5871130955252,0.35,5.142956348249516,0
25,trip,3780,3796.5,z31,z11,toy-0008989,,,False,23.438493881665817,0.0,21.953493881665818,0.35,4.6,0
7,trip,3780,3805.410795394624,z01,z30,toy-0008984,,,False,17.219391313195,0.0,14.93241972767882,0.35,7.273238618387272,0
23,trip,3780,3802.851274623054,z22,z00,toy-0008990,,,False,34.87630573748821,0.0,32.81969102141334,0.35,6.505382386916237,0
9,trip,3780,3804.1666666666665,z01,z31,toy-0008985,,,False,45.03000000000037,0.0,42.85500000000037,0.35,6.8999999999999995,0
18,trip,3780,3788.8333333333335,z20,z21,toy-0008980,,,False,47.31000000000039,0.0,46.51500000000039,0.35,2.3,0
4,trip,3780,3796.5,z32,z30,toy-0008993,,,False,46.620000000000346,0.0,45.135000000000346,0.35,4.6,0
16,trip,3780,3808.809226445224,z32,z00,toy-0008992,,,False,46.51499999999972,0.0,43.92216961992957,0.35,8.292767933567175,0
57,trip,3780,3788.8333333333335,z21,z11,toy-0008986,,,False,13.821718088302191,0.0,13.026718088302191,0.35,2.3,0
36,trip,3780,3792.0089706448603,z20,z31,toy-0008981,,,False,33.65938204282557,0.0,32.57857468478814,0.35,3.2526911934581184,0
29,trip,3780,3792.0089706448603,z22,z31,toy-0008991,,,False,12.628245609963907,0.0,11.54743825192647,0.35,3.2526911934581184,0
69,trip,3780,3788.8333333333335,z21,z31,toy-0008987,,,False,34.36972457050049,0.0,33.574724570500486,0.35,2.3,0
19,trip,3780,3788.8333333333335,z32,z31,toy-0008996,,,False,9.323730536564504,0.0,8.528730536564504,0.35,2.3,0
24,trip,3780,3805.410795394624,z32,z01,toy-0008994,,,False,32.54113761720864,0.0,30.25416603169246,0.35,7.273238618387272,0
38,trip,3780,3796.5,z20,z00,toy-0008979,,,False,45.66211309552502,0.0,44.17711309552502,0.35,4.6,0
48,trip,3780,3798.309854494165,z32,z11,toy-0008995,,,False,15.676979176034619,0.0,14.029092271559765,0.35,5.142956348249516,0
22,trip,3780,3805.410795394624,z30,z01,toy-0008983,,,False,25.80313701222391,0.0,23.51616542670773,0.35,7.273238618387272,0
60,trip,3780,3788.8333333333335,z31,z32,toy-0009000,,,False,42.5825779258876,0.0,41.7875779258876,0.35,2.3,0
70,trip,3780,3792.0089706448603,z32,z21,toy-0009003,,,False,31.64107180755281,0.0,30.560264449515373,0.35,3.2526911934581184,0
15,trip,3780,3796.5,z11,z31,toy-0008997,,,False,47.02419264196259,0.0,45.53919264196259,0.35,4.6,0
84,trip,3780,3788.8333333333335,z21,z20,toy-0008998,,,False,26.068420937648547,0.0,25.273420937648545,0.35,2.3,0
72,trip,3780,3804.1666666666665,z32,z02,toy-0009004,,,False,45.66211309552517,0.0,43.487113095525174,0.35,6.8999999999999995,0
67,trip,3780,3798.309854494165,z31,z10,toy-0008999,,,False,16.572310086907184,0.0,14.924423182432328,0.35,5.142956348249516,0
30,trip,3780,3788.8333333333335,z22,z21,toy-0009001,,,False,46.45711309552524,0.0,45.662113095525235,0.35,2.3,0
32,trip,3780,3788.8333333333335,z22,z32,toy-0009002,,,False,45.13500000000016,0.0,44.34000000000016,0.35,2.3,0
1,visit,3780,3831.287688699102,z21,z21,,depot_south,local,False,7.970672786846703,41.00513457119073,47.024192641962564,6.505382386916237,0,24.603080742714436
64,visit,3780,3837.159901235158,z32,z32,,depot_south,local,False,13.557942385847614,35.822057614152385,46.62,9.2,0,21.49323456849143
58,visit,3780,3806.6846079563875,z21,z21,,depot_south,local,False,24.439151038225745,0.0,22.487536322150874,6.505382386916237,0,0
37,visit,3780,3800.3333333333335,z31,z31,,depot_south,local,False,25.413917774873397,0.0,24.033917774873398,4.6,0,0
65,visit,3780,3790.0,z30,z30,,depot_south,,True,16.03804839166676,9.444444444444446,25.272492836111205,0.7,0,5.666666666666668
43,visit,3780,3790.0,z30,z30,,depot_south,,True,35.551390071391,9.444444444444446,44.78583451583544,0.7,0,5.666666666666668
18,trip,3790,3798.8333333333335,z21,z22,toy-0009008,,,False,46.51500000000042,0.0,45.72000000000042,0.35,2.3,0
8,trip,3790,3808.309854494165,z10,z31,toy-0009006,,,False,46.61999999999979,0.0,44.97211309552494,0.35,5.142956348249516,0
19,trip,3790,3798.8333333333335,z31,z30,toy-0009009,,,False,8.528730536564531,0.0,7.733730536564531,0.35,2.3,0
2,trip,3790,3808.309854494165,z22,z10,toy-0009014,,,False,34.2623590207933,0.0,32.614472116318446,0.35,5.142956348249516,0
21,trip,3790,3806.5,z20,z22,toy-0009007,,,False,14.462804406619412,0.0,12.977804406619413,0.35,4.6,0
53,trip,3790,3802.0089706448603,z31,z22,toy-0009011,,,False,15.008701853030818,0.0,13.927894494993382,0.35,3.2526911934581184,0
27,trip,3790,3802.0089706448603,z12,z21,toy-0009013,,,False,46.45711309552488,0.0,45.37630573748745,0.35,3.2526911934581184,0
11,trip,3790,3808.309854494165,z02,z21,toy-0009012,,,False,33.310963209813245,0.0,31.66307630533839,0.35,5.142956348249516,0
12,trip,3790,3798.8333333333335,z32,z22,toy-0009017,,,False,44.95419264196222,0.0,44.15919264196222,0.35,2.3,0
56,trip,3790,3815.410795394624,z00,z31,toy-0009005,,,False,41.96705591941999,0.0,39.68008433390381,0.35,7.273238618387272,0
69,trip,3790,3798.8333333333335,z31,z21,toy-0009010,,,False,33.574724570500514,0.0,32.77972457050051,0.35,2.3,0
17,trip,3790,3808.309854494165,z32,z20,toy-0009015,,,False,40.94519803441386,0.0,39.29731112993901,0.35,5.142956348249516,0
20,trip,3790,3798.8333333333335,z32,z31,toy-0009016,,,False,43.32422619105031,0.0,42.529226191050306,0.35,2.3,0
33,trip,3790,3802.0089706448603,z12,z01,toy-0009037,,,False,41.05761147497586,0.0,39.976804116938425,0.35,3.2526911934581184,0
0,trip,3790,3802.0089706448603,z01,z12,toy-0009028,,,False,28.22798456848602,0.0,27.147177210448582,0.35,3.2526911934581184,0
42,trip,3790,3808.309854494165,z01,z22,toy-0009029,,,False,19.091152610676094,0.0,17.443265706201238,0.35,5.142956348249516,0
59,trip,3790,3806.5,z12,z32,toy-0009038,,,False,13.339965392998915,0.0,11.854965392998915,0.35,4.6,0
35,trip,3790,3798.8333333333335,z10,z20,toy-0009020,,,False,35.74518940086328,0.0,34.95018940086328,0.35,2.3,0
74,trip,3790,3814.1666666666665,z00,z30,toy-0009018,,,False,43.6774063975711,0.0,41.5024063975711,0.35,6.8999999999999995,0
75,trip,3790,3802.0089706448603,z31,z20,toy-0009032,,,False,32.561548817128276,0.0,31.48074145909084,0.35,3.2526911934581184,0
73,trip,3790,3802.0089706448603,z10,z01,toy-0009021,,,False,31.962803769799965,0.0,30.88199641176253,0.35,3.2526911934581184,0
49,trip,3790,3806.5,z22,z20,toy-0009039,,,False,28.011170514595683,0.0,26.526170514595684,0.35,4.6,0
31,trip,3790,3802.0089706448603,z30,z21,toy-0009025,,,False,39.7842533488481,0.0,38.703445990810664,0.35,3.2526911934581184,0
83,trip,3790,3802.0089706448603,z10,z21,toy-0009022,,,False,29.765828638621805,0.0,28.68502128058437,0.35,3.2526911934581184,0
82,trip,3790,3798.8333333333335,z31,z32,toy-0009035,,,False,36.694226191050554,0.0,35.89922619105055,0.35,2.3,0
44,trip,3790,3802.0089706448603,z01,z10,toy-0009026,,,False,39.50731112993865,0.0,38.42650377190122,0.35,3.2526911934581184,0
88,trip,3790,3806.5,z31,z11,toy-0009033,,,False,19.491528687438425,0.0,18.006528687438426,0.35,4.6,0
71,trip,3790,3806.5,z01,z21,toy-0009027,,,False,44.86711309552502,0.0,43.38211309552502,0.35,4.6,0
55,trip,3790,3802.0089706448603,z02,z11,toy-0009036,,,False,33.658634754855505,0.0,32.57782739681807,0.35,3.2526911934581184,0
26,trip,3790,3817.985491805692,z11,z21,toy-0009019,,,False,17.67509569241801,0.0,15.15640142990572,3.2526911934581184,5.142956348249516,0
57,trip,3790,3808.309854494165,z11,z32,toy-0009030,,,False,13.026718088302218,0.0,11.378831183827362,0.35,5.142956348249516,0
40,trip,3790,3814.1666666666665,z30,z00,toy-0009024,,,False,40.89040765425711,0.0,38.71540765425711,0.35,6.8999999999999995,0
41,trip,3790,3802.0089706448603,z20,z11,toy-0009023,,,False,44.97211309552493,0.0,43.8913057374875,0.35,3.2526911934581184,0
30,trip,3790,3798.8333333333335,z21,z31,toy-0009031,,,False,45.662113095525264,0.0,44.86711309552526,0.35,2.3,0
50,trip,3790,3802.0089706448603,z22,z31,toy-0009040,,,False,27.038950761551114,0.0,25.958143403513677,0.35,3.2526911934581184,0
39,trip,3790,3814.809854494165,z21,z12,toy-0009034,,,False,37.56067343854708,0.0,35.327786534072224,2.3,5.142956348249516,0
84,visit,3790,3810.3333333333335,z20,z20,,depot_south,local,False,25.273420937648574,0.0,23.893420937648575,4.6,0,0
32,visit,3790,3847.6666666666665,z32,z32,,depot_south,central,False,44.34000000000019,0.0,41.58000000000019,9.2,0,0
65,visit,3790,3800.0,z30,z30,,depot_south,,True,25.27249283611098,9.444444444444446,34.50693728055543,0.7,0,5.666666666666668
25,trip,3800,3808.8333333333335,z11,z21,toy-0009047,,,False,21.953493881665818,0.0,21.15849388166582,0.35,2.3,0
13,trip,3800,3808.8333333333335,z32,z31,toy-0009057,,,False,42.5871130955252,0.0,41.792113095525195,0.35,2.3,0
5,trip,3800,3825.410795394624,z01,z32,toy-0009045,,,False,38.06271943589666,0.0,35.775747850380476,0.35,7.273238618387272,0
48,trip,3800,3812.0089706448603,z11,z20,toy-0009046,,,False,14.029092271559774,0.0,12.948284913522338,0.35,3.2526911934581184,0
12,trip,3800,3808.8333333333335,z22,z32,toy-0009055,,,False,44.15919264196225,0.0,43.36419264196225,0.35,2.3,0
69,trip,3800,3812.0089706448603,z21,z32,toy-0009050,,,False,32.77972457050054,0.0,31.698917212463105,0.35,3.2526911934581184,0
70,trip,3800,3812.0089706448603,z21,z12,toy-0009049,,,False,30.560264449515387,0.0,29.47945709147795,0.35,3.2526911934581184,0
79,trip,3800,3816.5,z11,z31,toy-0009048,,,False,41.03969102141301,0.0,39.554691021413014,0.35,4.6,0
15,trip,3800,3808.8333333333335,z31,z21,toy-0009052,,,False,45.539192641962586,0.0,44.744192641962584,0.35,2.3,0
18,trip,3800,3816.5,z22,z02,toy-0009054,,,False,45.72000000000045,0.0,44.23500000000045,0.35,4.6,0
35,trip,3800,3812.0089706448603,z20,z31,toy-0009043,,,False,34.95018940086331,0.0,33.869382042825876,0.35,3.2526911934581184,0
4,trip,3800,3808.8333333333335,z30,z31,toy-0009044,,,False,45.13500000000034,0.0,44.34000000000034,0.35,2.3,0
62,trip,3800,3822.851274623054,z10,z32,toy-0009041,,,False,19.76130846245165,0.0,17.70469374637678,0.35,6.505382386916237,0
76,trip,3800,3818.309854494165,z12,z31,toy-0009053,,,False,35.34553192853846,0.0,33.69764502406361,0.35,5.142956348249516,0
20,trip,3800,3824.1666666666665,z31,z01,toy-0009051,,,False,42.529226191050334,0.0,40.35422619105034,0.35,6.8999999999999995,0
54,trip,3800,3808.8333333333335,z20,z10,toy-0009042,,,False,42.3013057374877,0.0,41.5063057374877,0.35,2.3,0
14,trip,3800,3812.0089706448603,z32,z21,toy-0009056,,,False,46.619999999999884,0.0,45.53919264196245,0.35,3.2526911934581184,0
29,trip,3800,3812.0089706448603,z31,z22,toy-0009066,,,False,11.547438251926483,0.0,10.466630893889047,0.35,3.2526911934581184,0
89,trip,3800,3818.309854494165,z20,z32,toy-0009060,,,False,38.355673438546766,0.0,36.707786534071914,0.35,5.142956348249516,0
63,trip,3800,3812.0089706448603,z22,z11,toy-0009070,,,False,19.923857704806064,0.0,18.843050346768628,0.35,3.2526911934581184,0
66,trip,3800,3818.309854494165,z22,z01,toy-0009069,,,False,31.196819037605394,0.0,29.54893213313054,0.35,5.142956348249516,0
78,trip,3800,3808.8333333333335,z12,z22,toy-0009068,,,False,35.49764502406331,0.0,34.70264502406331,0.35,2.3,0
81,trip,3800,3812.0089706448603,z11,z22,toy-0009062,,,False,30.865075082104386,0.0,29.78426772406695,0.35,3.2526911934581184,0
30,trip,3800,3808.8333333333335,z31,z32,toy-0009067,,,False,44.86711309552529,0.0,44.07211309552529,0.35,2.3,0
87,trip,3800,3808.8333333333335,z22,z21,toy-0009071,,,False,42.81049837945023,0.0,42.01549837945023,0.35,2.3,0
43,trip,3800,3816.5,z30,z32,toy-0009061,,,False,44.78583451583521,0.0,43.30083451583521,0.35,4.6,0
51,trip,3800,3808.8333333333335,z32,z22,toy-0009073,,,False,45.43419264196264,0.0,44.63919264196264,0.35,2.3,0
46,trip,3800,3815.3333333333335,z31,z11,toy-0009064,,,False,18.007674270006667,0.0,16.62767427000667,2.3,2.3,0
60,trip,3800,3818.5089706448603,z32,z31,toy-0009065,,,False,41.787577925887625,0.0,40.12177056785019,3.2526911934581184,2.3,0
65,trip,3800,3821.6846079563875,z30,z10,toy-0009063,,,False,34.5069372805552,0.0,32.55532256448033,3.2526911934581184,3.2526911934581184,0
28,trip,3800,3818.309854494165,z00,z12,toy-0009058,,,False,10.94502193228512,0.0,9.297135027810267,0.35,5.142956348249516,0
68,trip,3800,3818.309854494165,z32,z11,toy-0009072,,,False,19.263050346768967,0.0,17.61516344229411,0.35,5.142956348249516,0
38,trip,3800,3823.0,z00,z21,toy-0009059,,,False,44.177113095525016,0.0,42.107113095525015,4.6,2.3,0
67,visit,3800,3840.592679423874,z10,z10,,depot_west,local,False,14.924423182432339,33.76557681756767,47.31000000000001,4.6,0,20.2593460905406
36,visit,3800,3820.3333333333335,z31,z31,,depot_south,local,False,32.578574684788144,0.0,31.198574684788145,4.6,0,0
3,visit,3800,3861.286375654997,z22,z22,,depot_south,central,False,36.25891721246355,0.0,33.17314340351384,10.285912696499032,0,0
19,visit,3800,3828.5560950113945,z30,z30,,depot_south,,False,7.7337305365645586,40.37126946343544,47.894999999999996,0.7,0,24.222761678061264
4,trip,3810,3835.410795394624,z31,z02,toy-0009084,,,False,44.340000000000366,0.0,42.05302841448418,0.35,7.273238618387272,0
41,trip,3810,3822.0089706448603,z11,z02,toy-0009078,,,False,43.89130573748751,0.0,42.810498379450074,0.35,3.2526911934581184,0
11,trip,3810,3826.5,z21,z01,toy-0009080,,,False,31.663076305338397,0.0,30.178076305338397,0.35,4.6,0
0,trip,3810,3828.309854494165,z12,z20,toy-0009086,,,False,27.147177210448596,0.0,25.49929030597374,0.35,5.142956348249516,0
8,trip,3810,3828.309854494165,z31,z10,toy-0009082,,,False,44.97211309552494,0.0,43.32422619105009,0.35,5.142956348249516,0
10,trip,3810,3834.1666666666665,z01,z31,toy-0009077,,,False,32.580996758900895,0.0,30.405996758900894,0.35,6.8999999999999995,0
21,trip,3810,3822.0089706448603,z22,z31,toy-0009087,,,False,12.977804406619413,0.0,11.896997048581976,0.35,3.2526911934581184,0
9,trip,3810,3822.0089706448603,z31,z20,toy-0009083,,,False,42.85500000000038,0.0,41.77419264196295,0.35,3.2526911934581184,0
7,trip,3810,3828.309854494165,z30,z22,toy-0009076,,,False,14.932419727678836,0.0,13.284532823203982,0.35,5.142956348249516,0
12,trip,3810,3826.5,z32,z12,toy-0009089,,,False,43.364192641962276,0.0,41.87919264196228,0.35,4.6,0
13,trip,3810,3825.3333333333335,z31,z20,toy-0009075,,,False,41.792113095525224,0.0,40.41211309552522,2.3,2.3,0
85,trip,3810,3828.309854494165,z12,z00,toy-0009085,,,False,25.183659018691976,0.0,23.53577211421712,0.35,5.142956348249516,0
25,trip,3810,3818.8333333333335,z21,z22,toy-0009081,,,False,21.158493881665844,0.0,20.363493881665846,0.35,2.3,0
30,trip,3810,3818.8333333333335,z32,z31,toy-0009088,,,False,44.07211309552532,0.0,43.277113095525316,0.35,2.3,0
27,trip,3810,3822.0089706448603,z21,z30,toy-0009079,,,False,45.376305737487456,0.0,44.295498379450024,0.35,3.2526911934581184,0
16,trip,3810,3822.0089706448603,z00,z11,toy-0009074,,,False,43.92216961992957,0.0,42.84136226189214,0.35,3.2526911934581184,0
72,trip,3810,3832.851274623054,z02,z20,toy-0009102,,,False,43.48711309552518,0.0,41.43049837945031,0.35,6.505382386916237,0
58,trip,3810,3818.8333333333335,z21,z20,toy-0009095,,,False,22.487536322150874,0.0,21.692536322150872,0.35,2.3,0
59,trip,3810,3822.0089706448603,z32,z21,toy-0009107,,,False,11.854965392998915,0.0,10.774158034961479,0.35,3.2526911934581184,0
37,trip,3810,3818.8333333333335,z31,z32,toy-0009101,,,False,24.033917774873423,0.0,23.23891777487342,0.35,2.3,0
17,trip,3810,3822.0089706448603,z20,z31,toy-0009091,,,False,39.29731112993901,0.0,38.21650377190158,0.35,3.2526911934581184,0
49,trip,3810,3834.809854494165,z20,z11,toy-0009093,,,False,26.526170514595684,0.0,24.29328361012083,2.3,5.142956348249516,0
44,trip,3810,3834.809854494165,z10,z12,toy-0009092,,,False,38.426503771901224,0.0,36.19361686742637,2.3,5.142956348249516,0
61,trip,3810,3822.0089706448603,z21,z32,toy-0009097,,,False,43.87338528392479,0.0,42.79257792588736,0.35,3.2526911934581184,0
77,trip,3810,3832.851274623054,z32,z10,toy-0009105,,,False,22.626528687438743,0.0,20.56991397136387,0.35,6.505382386916237,0
71,trip,3810,3828.309854494165,z21,z00,toy-0009094,,,False,43.382113095525014,0.0,41.73422619105016,0.35,5.142956348249516,0
50,trip,3810,3826.5,z31,z11,toy-0009098,,,False,25.95814340351369,0.0,24.473143403513692,0.35,4.6,0
42,trip,3810,3818.8333333333335,z22,z12,toy-0009104,,,False,17.443265706201252,0.0,16.64826570620125,0.35,2.3,0
83,trip,3810,3828.309854494165,z21,z02,toy-0009096,,,False,28.685021280584383,0.0,27.037134376109528,0.35,5.142956348249516,0
23,trip,3810,3838.809226445224,z00,z32,toy-0009090,,,False,32.81969102141335,0.0,30.226860641343194,0.35,8.292767933567175,0
82,trip,3810,3828.5089706448603,z32,z22,toy-0009100,,,False,35.89922619105058,0.0,34.23341883301315,2.3,3.2526911934581184,0
87,trip,3810,3825.3333333333335,z21,z21,toy-0009099,,,False,42.01549837945026,0.0,40.635498379450254,2.3,2.3,0
86,trip,3810,3818.8333333333335,z12,z11,toy-0009103,,,False,24.70991397136386,0.0,23.91491397136386,0.35,2.3,0
53,trip,3810,3834.809854494165,z22,z20,toy-0009106,,,False,13.927894494993394,0.0,11.69500759051854,2.3,5.142956348249516,0
57,visit,3810,3868.4673679563703,z32,z32,,depot_south,local,False,11.378831183827373,38.00116881617262,46.62,9.2,0,22.800701289703575
24,visit,3810,3830.3333333333335,z01,z01,,depot_west,local,False,30.254166031692474,0.0,28.874166031692475,4.6,0,0
75,visit,3810,3852.3333333333335,z20,z20,,depot_south,central,False,31.48074145909085,0.0,30.10074145909085,4.6,0,0
2,visit,3810,3830.3333333333335,z10,z10,,depot_west,local,False,32.614472116318446,0.0,31.234472116318447,4.6,0,0
78,visit,3810,3849.286375654997,z22,z22,,depot_south,local,False,34.70264502406334,0.0,31.616871215113626,10.285912696499032,0,0
31,visit,3810,3849.286375654997,z21,z21,,depot_west,local,False,38.70344599081067,0.0,35.61767218186096,10.285912696499032,0,0
51,visit,3810,3880.369215912775,z22,z22,,depot_west,central,False,44.639192641962666,0.0,40.73596320981292,13.010764773832474,0,0
15,visit,3810,3849.286375654997,z21,z21,,depot_west,local,False,44.74419264196261,0.0,41.6584188330129,10.285912696499032,0,0
58,trip,3820,3836.5,z20,z22,toy-0009111,,,False,21.6925363221509,0.0,20.2075363221509,0.35,4.6,0
84,trip,3820,3828.8333333333335,z20,z30,toy-0009110,,,False,23.8934209376486,0.0,23.098420937648598,0.35,2.3,0
14,trip,3820,3828.8333333333335,z21,z31,toy-0009117,,,False,45.53919264196246,0.0,44.74419264196246,0.35,2.3,0
46,trip,3820,3836.5,z11,z31,toy-0009114,,,False,16.627674270006693,0.0,15.142674270006694,0.35,4.6,0
37,trip,3820,3845.410795394624,z32,z01,toy-0009122,,,False,23.23891777487345,0.0,20.95194618935727,0.35,7.273238618387272,0
55,trip,3820,3832.0089706448603,z11,z00,toy-0009113,,,False,32.57782739681808,0.0,31.497020038780644,0.35,3.2526911934581184,0
6,trip,3820,3845.410795394624,z31,z00,toy-0009118,,,False,47.30999999999975,0.0,45.02302841448356,0.35,7.273238618387272,0
22,trip,3820,3828.8333333333335,z01,z11,toy-0009112,,,False,23.516165426707747,0.0,22.72116542670775,0.35,2.3,0
54,trip,3820,3838.309854494165,z10,z31,toy-0009109,,,False,41.50630573748773,0.0,39.85841883301288,0.35,5.142956348249516,0
63,trip,3820,3828.8333333333335,z11,z12,toy-0009115,,,False,18.843050346768642,0.0,18.04805034676864,0.35,2.3,0
68,trip,3820,3838.309854494165,z11,z32,toy-0009116,,,False,17.615163442294126,0.0,15.96727653781927,0.35,5.142956348249516,0
40,trip,3820,3835.3333333333335,z00,z11,toy-0009108,,,False,38.71540765425712,0.0,37.33540765425712,2.3,2.3,0
29,trip,3820,3828.8333333333335,z22,z32,toy-0009121,,,False,10.466630893889059,0.0,9.67163089388906,0.35,2.3,0
81,trip,3820,3832.0089706448603,z22,z31,toy-0009120,,,False,29.784267724066964,0.0,28.703460366029528,0.35,3.2526911934581184,0
30,trip,3820,3838.309854494165,z31,z12,toy-0009119,,,False,43.277113095525344,0.0,41.62922619105049,0.35,5.142956348249516,0
35,trip,3820,3828.8333333333335,z31,z21,toy-0009131,,,False,33.86938204282588,0.0,33.07438204282588,0.35,2.3,0
26,trip,3820,3843.0,z21,z20,toy-0009138,,,False,15.156401429905717,0.0,13.086401429905717,2.3,4.6,0
43,trip,3820,3828.8333333333335,z32,z31,toy-0009141,,,False,43.300834515835206,0.0,42.505834515835204,0.35,2.3,0
28,trip,3820,3836.5,z12,z32,toy-0009137,,,False,9.297135027810276,0.0,7.812135027810276,0.35,4.6,0
86,trip,3820,3843.0,z11,z12,toy-0009124,,,False,23.914913971363887,0.0,21.844913971363887,2.3,4.6,0
18,trip,3820,3845.410795394624,z02,z31,toy-0009133,,,False,44.23500000000044,0.0,41.948028414484256,0.35,7.273238618387272,0
39,trip,3820,3836.5,z12,z10,toy-0009135,,,False,35.32778653407224,0.0,33.84278653407224,0.35,4.6,0
56,trip,3820,3828.8333333333335,z31,z30,toy-0009130,,,False,39.68008433390382,0.0,38.88508433390382,0.35,2.3,0
60,trip,3820,3843.0,z31,z10,toy-0009126,,,False,40.121770567850206,0.0,38.051770567850205,2.3,4.6,0
88,trip,3820,3828.8333333333335,z11,z10,toy-0009127,,,False,18.006528687438426,0.0,17.211528687438424,0.35,2.3,0
69,trip,3820,3836.5,z32,z30,toy-0009140,,,False,31.698917212463115,0.0,30.213917212463116,0.35,4.6,0
33,trip,3820,3844.809854494165,z01,z30,toy-0009128,,,False,39.97680411693843,0.0,37.74391721246358,2.3,5.142956348249516,0
42,trip,3820,3838.309854494165,z12,z31,toy-0009136,,,False,16.64826570620128,0.0,15.000378801726423,0.35,5.142956348249516,0
66,trip,3820,3846.175637311527,z01,z30,toy-0009123,,,False,29.548932133130553,0.0,27.193124775093118,3.2526911934581184,4.6,0
52,trip,3820,3835.3333333333335,z12,z21,toy-0009129,,,False,46.457113095524804,0.0,45.0771130955248,2.3,2.3,0
70,trip,3820,3844.809854494165,z12,z30,toy-0009139,,,False,29.479457091477965,0.0,27.24657018700311,2.3,5.142956348249516,0
80,trip,3820,3844.1666666666665,z02,z32,toy-0009134,,,False,34.65099675890068,0.0,32.475996758900685,0.35,6.8999999999999995,0
89,trip,3820,3828.8333333333335,z32,z22,toy-0009142,,,False,36.707786534071914,0.0,35.91278653407191,0.35,2.3,0
76,trip,3820,3828.8333333333335,z31,z32,toy-0009132,,,False,33.69764502406361,0.0,32.90264502406361,0.35,2.3,0
73,trip,3820,3847.985491805692,z01,z22,toy-0009125,,,False,30.881996411762543,0.0,28.363302149250252,3.2526911934581184,5.142956348249516,0
48,visit,3820,3883.77836238522,z20,z20,,depot_south,central,False,12.94828491352235,35.74171508647765,47.309999999999995,4.6,0,21.44502905188659
25,visit,3820,3859.286375654997,z22,z22,,depot_south,local,False,20.36349388166587,0.0,17.27772007271616,10.285912696499032,0,0
74,visit,3820,3893.0,z30,z30,,depot_west,central,False,41.50240639757111,0.0,37.36240639757111,13.799999999999999,0,0
71,trip,3830,3852.851274623054,z00,z22,toy-0009144,,,False,41.73422619105016,0.0,39.67761147497529,0.35,6.505382386916237,0
12,trip,3830,3842.0089706448603,z12,z21,toy-0009154,,,False,41.87919264196227,0.0,40.79838528392484,0.35,3.2526911934581184,0
35,trip,3830,3838.8333333333335,z21,z22,toy-0009150,,,False,33.07438204282591,0.0,32.27938204282591,0.35,2.3,0
38,trip,3830,3842.0089706448603,z21,z32,toy-0009151,,,False,42.107113095525015,0.0,41.02630573748758,0.35,3.2526911934581184,0
17,trip,3830,3842.0089706448603,z31,z20,toy-0009152,,,False,38.216503771901586,0.0,37.13569641386415,0.35,3.2526911934581184,0
85,trip,3830,3855.410795394624,z00,z31,toy-0009143,,,False,23.535772114217135,0.0,21.248800528700954,0.35,7.273238618387272,0
7,trip,3830,3838.8333333333335,z22,z21,toy-0009155,,,False,13.28453282320399,0.0,12.48953282320399,0.35,2.3,0
16,trip,3830,3838.8333333333335,z11,z01,toy-0009147,,,False,42.841362261892144,0.0,42.04636226189214,0.35,2.3,0
21,trip,3830,3842.0089706448603,z31,z22,toy-0009153,,,False,11.896997048581989,0.0,10.816189690544553,0.35,3.2526911934581184,0
59,trip,3830,3838.8333333333335,z21,z11,toy-0009148,,,False,10.774158034961491,0.0,9.979158034961491,0.35,2.3,0
0,trip,3830,3852.851274623054,z20,z02,toy-0009145,,,False,25.499290305973755,0.0,23.442675589898883,0.35,6.505382386916237,0
87,trip,3830,3838.8333333333335,z21,z31,toy-0009149,,,False,40.63549837945028,0.0,39.84049837945028,0.35,2.3,0
9,trip,3830,3848.309854494165,z20,z32,toy-0009146,,,False,41.774192641962955,0.0,40.1263057374881,0.35,5.142956348249516,0
5,trip,3830,3848.309854494165,z32,z11,toy-0009156,,,False,35.77574785038049,0.0,34.12786094590564,0.35,5.142956348249516,0
34,trip,3830,3846.5,z31,z11,toy-0009164,,,False,47.31,0.0,45.825,0.35,4.6,0
19,trip,3830,3838.8333333333335,z30,z31,toy-0009161,,,False,47.895000000000394,0.0,47.10000000000039,0.35,2.3,0
29,trip,3830,3842.0089706448603,z32,z21,toy-0009169,,,False,9.671630893889086,0.0,8.59082353585165,0.35,3.2526911934581184,0
61,trip,3830,3858.809226445224,z32,z00,toy-0009168,,,False,42.792577925887365,0.0,40.19974754581721,0.35,8.292767933567175,0
22,trip,3830,3842.0089706448603,z11,z22,toy-0009162,,,False,22.721165426707774,0.0,21.640358068670338,0.35,3.2526911934581184,0
36,trip,3830,3854.1666666666665,z31,z01,toy-0009163,,,False,31.19857468478817,0.0,29.02357468478817,0.35,6.8999999999999995,0
8,trip,3830,3842.0089706448603,z10,z21,toy-0009157,,,False,43.32422619105009,0.0,42.243418833012655,0.35,3.2526911934581184,0
82,trip,3830,3848.309854494165,z22,z10,toy-0009165,,,False,34.23341883301316,0.0,32.58553192853831,0.35,5.142956348249516,0
13,trip,3830,3842.0089706448603,z20,z31,toy-0009160,,,False,40.41211309552525,0.0,39.33130573748782,0.35,3.2526911934581184,0
27,trip,3830,3845.3333333333335,z30,z21,toy-0009159,,,False,44.29549837945003,0.0,42.91549837945003,2.3,2.3,0
62,trip,3830,3838.8333333333335,z32,z31,toy-0009170,,,False,17.704693746376794,0.0,16.909693746376796,0.35,2.3,0
89,trip,3830,3842.0089706448603,z22,z31,toy-0009167,,,False,35.91278653407194,0.0,34.83197917603451,0.35,3.2526911934581184,0
65,trip,3830,3852.851274623054,z10,z32,toy-0009158,,,False,32.55532256448033,0.0,30.498707848405456,0.35,6.505382386916237,0
63,trip,3830,3848.5089706448603,z12,z11,toy-0009166,,,False,18.04805034676867,0.0,16.38224298873123,2.3,3.2526911934581184,0
83,visit,3830,3887.6666666666665,z02,z02,,depot_west,central,False,27.03713437610954,0.0,24.277134376109544,9.2,0,0
14,visit,3830,3872.3333333333335,z31,z31,,depot_south,central,False,44.744192641962485,0.0,43.36419264196248,4.6,0,0
84,visit,3830,3840.0,z30,z30,,depot_south,,True,23.098420937648626,9.444444444444446,32.33286538209307,0.7,0,5.666666666666668
56,visit,3830,3840.0,z30,z30,,depot_south,,True,38.88508433390385,9.21991566609615,47.894999999999996,0.7,0,5.53194939965769
23,trip,3840,3856.5,z32,z12,toy-0009185,,,False,30.226860641343197,0.0,28.741860641343198,0.35,4.6,0
40,trip,3840,3856.5,z11,z31,toy-0009174,,,False,37.335407654257146,0.0,35.85040765425715,0.35,4.6,0
10,trip,3840,3848.8333333333335,z31,z21,toy-0009178,,,False,30.40599675890091,0.0,29.61099675890091,0.35,2.3,0
19,trip,3840,3852.0089706448603,z31,z22,toy-0009180,,,False,47.10000000000042,0.0,46.01919264196299,0.35,3.2526911934581184,0
42,trip,3840,3858.309854494165,z31,z12,toy-0009179,,,False,15.000378801726434,0.0,13.352491897251578,0.35,5.142956348249516,0
35,trip,3840,3848.8333333333335,z22,z32,toy-0009182,,,False,32.27938204282594,0.0,31.484382042825935,0.35,2.3,0
1,trip,3840,3852.0089706448603,z21,z12,toy-0009176,,,False,47.02419264196285,0.0,45.943385283925416,0.35,3.2526911934581184,0
45,trip,3840,3858.309854494165,z32,z20,toy-0009183,,,False,45.51216961992948,0.0,43.86428271545463,0.35,5.142956348249516,0
72,trip,3840,3852.0089706448603,z20,z11,toy-0009171,,,False,41.43049837945032,0.0,40.34969102141289,0.35,3.2526911934581184,0
7,trip,3840,3848.8333333333335,z21,z20,toy-0009175,,,False,12.489532823204017,0.0,11.694532823204018,0.35,2.3,0
43,trip,3840,3848.8333333333335,z31,z32,toy-0009181,,,False,42.50583451583523,0.0,41.71083451583523,0.35,2.3,0
11,trip,3840,3858.309854494165,z01,z20,toy-0009172,,,False,30.178076305338397,0.0,28.53018940086354,0.35,5.142956348249516,0
64,trip,3840,3864.1666666666665,z32,z02,toy-0009184,,,False,46.620000000000125,0.0,44.44500000000013,0.35,6.8999999999999995,0
76,trip,3840,3848.8333333333335,z32,z22,toy-0009186,,,False,32.90264502406364,0.0,32.107645024063636,0.35,2.3,0
46,trip,3840,3858.309854494165,z31,z10,toy-0009177,,,False,15.142674270006694,0.0,13.494787365531838,0.35,5.142956348249516,0
47,trip,3840,3852.0089706448603,z11,z20,toy-0009173,,,False,47.024192641962415,0.0,45.94338528392498,0.35,3.2526911934581184,0
54,trip,3840,3865.410795394624,z31,z00,toy-0009196,,,False,39.85841883301288,0.0,37.57144724749669,0.35,7.273238618387272,0
52,trip,3840,3852.0089706448603,z21,z32,toy-0009195,,,False,45.07711309552483,0.0,43.9963057374874,0.35,3.2526911934581184,0
49,trip,3840,3858.5089706448603,z11,z10,toy-0009192,,,False,24.293283610120838,0.0,22.6274762520834,2.3,3.2526911934581184,0
58,trip,3840,3858.5089706448603,z22,z21,toy-0009207,,,False,20.2075363221509,0.0,18.541728964113464,2.3,3.2526911934581184,0
62,trip,3840,3865.410795394624,z31,z02,toy-0009201,,,False,16.90969374637682,0.0,14.62272216086064,0.35,7.273238618387272,0
79,trip,3840,3848.8333333333335,z31,z30,toy-0009198,,,False,39.55469102141301,0.0,38.759691021413005,0.35,2.3,0
81,trip,3840,3869.351274623054,z31,z10,toy-0009205,,,False,28.703460366029542,0.0,26.061845649954673,2.3,6.505382386916237,0
2,trip,3840,3864.809854494165,z10,z01,toy-0009187,,,False,31.23447211631847,0.0,29.00158521184362,2.3,5.142956348249516,0
16,trip,3840,3864.1666666666665,z01,z31,toy-0009189,,,False,42.04636226189217,0.0,39.87136226189217,0.35,6.8999999999999995,0
28,trip,3840,3848.8333333333335,z32,z31,toy-0009208,,,False,7.8121350278102755,0.0,7.0171350278102755,0.35,2.3,0
87,trip,3840,3852.0089706448603,z31,z20,toy-0009197,,,False,39.84049837945031,0.0,38.75969102141288,0.35,3.2526911934581184,0
56,trip,3840,3863.0,z30,z11,toy-0009199,,,False,47.894999999999875,0.0,45.824999999999875,2.3,4.6,0
50,trip,3840,3855.3333333333335,z11,z31,toy-0009194,,,False,24.473143403513692,0.0,23.093143403513693,2.3,2.3,0
69,trip,3840,3855.3333333333335,z30,z32,toy-0009202,,,False,30.213917212463116,0.0,28.833917212463117,2.3,2.3,0
59,trip,3840,3863.0,z11,z01,toy-0009193,,,False,9.979158034961518,0.0,7.909158034961518,2.3,4.6,0
20,trip,3840,3856.5,z01,z21,toy-0009188,,,False,40.354226191050344,0.0,38.869226191050345,0.35,4.6,0
84,trip,3840,3855.3333333333335,z30,z21,toy-0009200,,,False,32.33286538209284,0.0,30.952865382092842,2.3,2.3,0
30,trip,3840,3855.3333333333335,z12,z21,toy-0009204,,,False,41.62922619105049,0.0,40.24922619105049,2.3,2.3,0
24,trip,3840,3865.410795394624,z01,z32,toy-0009190,,,False,28.8741660316925,0.0,26.58719444617632,0.35,7.273238618387272,0
44,trip,3840,3869.351274623054,z12,z00,toy-0009203,,,False,36.193616867426385,0.0,33.552002151351516,2.3,6.505382386916237,0
39,trip,3840,3878.827795783886,z10,z11,toy-0009206,,,False,33.84278653407223,0.0,30.348284913522505,6.505382386916237,5.142956348249516,0
77,trip,3840,3864.809854494165,z10,z32,toy-0009191,,,False,20.569913971363885,0.0,18.33702706688903,2.3,5.142956348249516,0
53,visit,3840,3882.530328779022,z20,z20,,depot_south,local,False,11.695007590518548,36.994992409481455,47.31,4.6,0,22.19699544568887
68,visit,3840,3897.6666666666665,z32,z32,,depot_south,central,False,15.967276537819282,0.0,13.207276537819283,9.2,0,0
55,visit,3840,3850.0,z00,z00,,depot_west,local,True,31.497020038780654,4.444444444444445,35.731464483225096,0.7,0,2.666666666666667
13,trip,3850,3868.309854494165,z31,z10,toy-0009214,,,False,39.331305737487824,0.0,37.68341883301297,0.35,5.142956348249516,0
10,trip,3850,3862.0089706448603,z21,z30,toy-0009211,,,False,29.610996758900935,0.0,28.5301894008635,0.35,3.2526911934581184,0
18,trip,3850,3862.0089706448603,z31,z22,toy-0009217,,,False,41.94802841448427,0.0,40.86722105644684,0.35,3.2526911934581184,0
89,trip,3850,3874.1666666666665,z31,z01,toy-0009215,,,False,34.831979176034515,0.0,32.65697917603452,0.35,6.8999999999999995,0
21,trip,3850,3858.8333333333335,z22,z12,toy-0009221,,,False,10.816189690544565,0.0,10.021189690544565,0.35,2.3,0
22,trip,3850,3868.309854494165,z22,z01,toy-0009219,,,False,21.640358068670352,0.0,19.992471164195496,0.35,5.142956348249516,0
37,trip,3850,3868.309854494165,z01,z22,toy-0009210,,,False,20.951946189357287,0.0,19.30405928488243,0.35,5.142956348249516,0
60,trip,3850,3868.309854494165,z10,z31,toy-0009209,,,False,38.051770567850205,0.0,36.40388366337535,0.35,5.142956348249516,0
12,trip,3850,3858.8333333333335,z21,z22,toy-0009213,,,False,40.798385283924844,0.0,40.00338528392484,0.35,2.3,0
15,trip,3850,3858.8333333333335,z21,z11,toy-0009212,,,False,41.658418833012895,0.0,40.863418833012894,0.35,2.3,0
9,trip,3850,3874.809854494165,z32,z12,toy-0009216,,,False,40.1263057374881,0.0,37.89341883301325,2.3,5.142956348249516,0
32,trip,3850,3875.410795394624,z32,z01,toy-0009222,,,False,41.58000000000017,0.0,39.293028414483985,0.35,7.273238618387272,0
86,trip,3850,3858.8333333333335,z12,z22,toy-0009218,,,False,21.844913971363887,0.0,21.049913971363885,0.35,2.3,0
73,trip,3850,3862.0089706448603,z22,z31,toy-0009220,,,False,28.36330214925025,0.0,27.282494791212812,0.35,3.2526911934581184,0
7,trip,3850,3866.5,z20,z22,toy-0009226,,,False,11.694532823204044,0.0,10.209532823204045,0.35,4.6,0
33,trip,3850,3872.851274623054,z30,z12,toy-0009229,,,False,37.74391721246359,0.0,35.687302496388725,0.35,6.505382386916237,0
5,trip,3850,3858.8333333333335,z11,z21,toy-0009230,,,False,34.12786094590564,0.0,33.33286094590564,0.35,2.3,0
27,trip,3850,3873.0,z21,z11,toy-0009234,,,False,42.91549837945006,0.0,40.845498379450056,2.3,4.6,0
76,trip,3850,3866.5,z22,z02,toy-0009240,,,False,32.107645024063665,0.0,30.622645024063665,0.35,4.6,0
35,trip,3850,3858.8333333333335,z32,z31,toy-0009244,,,False,31.48438204282596,0.0,30.68938204282596,0.35,2.3,0
66,trip,3850,3862.0089706448603,z30,z21,toy-0009228,,,False,27.1931247750931,0.0,26.112317417055664,0.35,3.2526911934581184,0
17,trip,3850,3868.309854494165,z20,z32,toy-0009227,,,False,37.13569641386416,0.0,35.48780950938931,0.35,5.142956348249516,0
43,trip,3850,3866.5,z32,z30,toy-0009243,,,False,41.71083451583526,0.0,40.22583451583526,0.35,4.6,0
6,trip,3850,3858.8333333333335,z00,z10,toy-0009223,,,False,45.023028414483576,0.0,44.228028414483575,0.35,2.3,0
4,trip,3850,3879.351274623054,z02,z30,toy-0009237,,,False,42.053028414484196,0.0,39.411413698409326,2.3,6.505382386916237,0
78,trip,3850,3858.8333333333335,z22,z32,toy-0009241,,,False,31.61687121511362,0.0,30.821871215113617,0.35,2.3,0
80,trip,3850,3868.309854494165,z32,z20,toy-0009242,,,False,32.47599675890069,0.0,30.828109854425836,0.35,5.142956348249516,0
67,trip,3850,3858.8333333333335,z10,z00,toy-0009224,,,False,47.30999999999982,0.0,46.514999999999816,0.35,2.3,0
29,trip,3850,3868.309854494165,z21,z00,toy-0009231,,,False,8.590823535851662,0.0,6.942936631376807,0.35,5.142956348249516,0
31,trip,3850,3873.0,z21,z20,toy-0009239,,,False,35.617672181860954,0.0,33.54767218186095,2.3,4.6,0
26,trip,3850,3858.8333333333335,z20,z10,toy-0009225,,,False,13.086401429905717,0.0,12.291401429905717,0.35,2.3,0
70,trip,3850,3865.3333333333335,z30,z21,toy-0009235,,,False,27.24657018700312,0.0,25.86657018700312,2.3,2.3,0
79,trip,3850,3868.5089706448603,z30,z20,toy-0009233,,,False,38.75969102141303,0.0,37.0938836633756,2.3,3.2526911934581184,0
34,trip,3850,3873.0,z11,z32,toy-0009236,,,False,45.824999999999996,0.0,43.754999999999995,4.6,2.3,0
63,trip,3850,3882.476521160832,z11,z12,toy-0009245,,,False,16.382242988731242,0.0,13.459356084256388,5.142956348249516,4.6,0
82,trip,3850,3868.5089706448603,z10,z31,toy-0009232,,,False,32.58553192853831,0.0,30.919724570500872,3.2526911934581184,2.3,0
41,trip,3850,3874.809854494165,z02,z31,toy-0009238,,,False,42.81049837945008,0.0,40.57761147497523,2.3,5.142956348249516,0
88,trip,3850,3879.351274623054,z10,z22,toy-0009246,,,False,17.211528687438452,0.0,14.569913971363581,6.505382386916237,2.3,0
38,visit,3850,3885.6666666666665,z32,z32,,depot_south,local,False,41.02630573748759,0.0,38.26630573748759,9.2,0,0
8,visit,3850,3898.6846079563875,z21,z21,,depot_south,central,False,42.24341883301266,0.0,40.29180411693779,6.505382386916237,0,0
28,visit,3850,3892.3370523166473,z31,z31,,depot_south,,False,7.017135027810303,41.6728649721897,47.31,4.6,0,25.00371898331382
55,visit,3850,3860.0,z00,z00,,depot_west,,True,35.73146448322487,9.444444444444446,44.96590892766931,0.7,0,5.666666666666668
52,trip,3860,3882.851274623054,z32,z10,toy-0009267,,,False,43.996305737487404,0.0,41.939691021412536,0.35,6.505382386916237,0
20,trip,3860,3868.8333333333335,z21,z20,toy-0009252,,,False,38.86922619105034,0.0,38.074226191050336,0.35,2.3,0
35,trip,3860,3868.8333333333335,z31,z32,toy-0009263,,,False,30.689382042825986,0.0,29.89438204282599,0.35,2.3,0
65,trip,3860,3888.809226445224,z32,z00,toy-0009266,,,False,30.498707848405466,0.0,27.905877468335312,0.35,8.292767933567175,0
15,trip,3860,3876.5,z11,z31,toy-0009250,,,False,40.86341883301292,0.0,39.37841883301292,0.35,4.6,0
11,trip,3860,3872.0089706448603,z20,z31,toy-0009249,,,False,28.530189400863556,0.0,27.44938204282612,0.35,3.2526911934581184,0
40,trip,3860,3872.0089706448603,z31,z22,toy-0009262,,,False,35.85040765425714,0.0,34.76960029621971,0.35,3.2526911934581184,0
50,trip,3860,3885.410795394624,z31,z00,toy-0009256,,,False,23.093143403513718,0.0,20.806171817997537,0.35,7.273238618387272,0
6,trip,3860,3868.8333333333335,z10,z20,toy-0009247,,,False,44.2280284144836,0.0,43.4330284144836,0.35,2.3,0
12,trip,3860,3878.309854494165,z22,z30,toy-0009264,,,False,40.00338528392487,0.0,38.35549837945002,0.35,5.142956348249516,0
85,trip,3860,3885.410795394624,z31,z02,toy-0009261,,,False,21.248800528700972,0.0,18.96182894318479,0.35,7.273238618387272,0
72,trip,3860,3872.0089706448603,z11,z22,toy-0009251,,,False,40.349691021412895,0.0,39.26888366337546,0.35,3.2526911934581184,0
30,trip,3860,3878.309854494165,z21,z02,toy-0009253,,,False,40.24922619105052,0.0,38.601339286575666,0.35,5.142956348249516,0
58,trip,3860,3875.3333333333335,z21,z21,toy-0009260,,,False,18.541728964113474,0.0,17.161728964113475,2.3,2.3,0
69,trip,3860,3878.309854494165,z32,z11,toy-0009268,,,False,28.83391721246314,0.0,27.186030307988286,0.35,5.142956348249516,0
19,trip,3860,3872.0089706448603,z22,z11,toy-0009265,,,False,46.019192641962995,0.0,44.93838528392556,0.35,3.2526911934581184,0
78,trip,3860,3890.6666666666665,z32,z01,toy-0009259,,,False,30.821871215113646,0.0,28.061871215113648,2.3,6.8999999999999995,0
25,trip,3860,3878.5089706448603,z22,z21,toy-0009269,,,False,17.277720072716157,0.0,15.611912714678722,2.3,3.2526911934581184,0
84,trip,3860,3875.3333333333335,z21,z30,toy-0009258,,,False,30.952865382092867,0.0,29.572865382092868,2.3,2.3,0
45,trip,3860,3876.5,z20,z00,toy-0009248,,,False,43.86428271545463,0.0,42.37928271545463,0.35,4.6,0
47,trip,3860,3878.5089706448603,z20,z12,toy-0009254,,,False,45.94338528392499,0.0,44.277577925887556,2.3,3.2526911934581184,0
75,trip,3860,3878.5089706448603,z20,z32,toy-0009255,,,False,30.100741459090877,0.0,28.43493410105344,2.3,3.2526911934581184,0
86,trip,3860,3887.985491805692,z22,z10,toy-0009257,,,False,21.049913971363914,0.0,18.531219708851623,3.2526911934581184,5.142956348249516,0
1,trip,3860,3876.5,z12,z32,toy-0009281,,,False,45.94338528392542,0.0,44.45838528392542,0.35,4.6,0
87,trip,3860,3875.3333333333335,z20,z22,toy-0009275,,,False,38.759691021412884,0.0,37.37969102141288,2.3,2.3,0
21,trip,3860,3883.0,z12,z22,toy-0009287,,,False,10.021189690544592,0.0,7.951189690544592,4.6,2.3,0
26,trip,3860,3875.3333333333335,z10,z21,toy-0009270,,,False,12.291401429905743,0.0,10.911401429905744,2.3,2.3,0
23,trip,3860,3875.3333333333335,z12,z12,toy-0009273,,,False,28.741860641343198,0.0,27.3618606413432,2.3,2.3,0
42,trip,3860,3887.985491805692,z12,z20,toy-0009276,,,False,13.35249189725159,0.0,10.833797634739298,5.142956348249516,3.2526911934581184,0
0,trip,3860,3892.476521160832,z02,z10,toy-0009282,,,False,23.442675589898897,0.0,20.519788685424043,4.6,5.142956348249516,0
46,trip,3860,3890.6666666666665,z10,z32,toy-0009272,,,False,13.494787365531849,0.0,10.734787365531849,4.6,4.6,0
36,trip,3860,3900.1431878274984,z01,z12,toy-0009278,,,False,29.023574684788187,0.0,25.41068778031333,6.8999999999999995,5.142956348249516,0
55,trip,3860,3892.526911934581,z00,z31,toy-0009284,,,False,44.96590892766908,0.0,42.038486853556776,6.505382386916237,3.2526911934581184,0
61,trip,3860,3895.309226445224,z00,z31,toy-0009285,,,False,40.19974754581721,0.0,37.021917165747055,8.292767933567175,2.3,0
67,trip,3860,3892.476521160832,z00,z12,toy-0009271,,,False,46.514999999999844,0.0,43.59211309552499,4.6,5.142956348249516,0
49,visit,3860,3880.3333333333335,z10,z10,,depot_west,local,False,22.62747625208341,0.0,21.247476252083413,4.6,0,0
5,visit,3860,3886.6846079563875,z21,z21,,depot_south,local,False,33.332860945905665,0.0,31.381246229830793,6.505382386916237,0,0
71,visit,3860,3899.286375654997,z22,z22,,depot_south,local,False,39.6776114749753,0.0,36.59183766602559,10.285912696499032,0,0
66,trip,3870,3878.8333333333335,z21,z31,toy-0009294,,,False,26.112317417055678,0.0,25.317317417055676,0.35,2.3,0
70,trip,3870,3886.5,z21,z01,toy-0009292,,,False,25.866570187003145,0.0,24.381570187003145,0.35,4.6,0
56,trip,3870,3888.309854494165,z11,z32,toy-0009291,,,False,45.824999999999875,0.0,44.17711309552502,0.35,5.142956348249516,0
2,trip,3870,3885.3333333333335,z01,z10,toy-0009290,,,False,29.001585211843626,0.0,27.621585211843627,2.3,2.3,0
44,trip,3870,3886.5,z00,z20,toy-0009288,,,False,33.55200215135153,0.0,32.06700215135153,0.35,4.6,0
16,trip,3870,3878.8333333333335,z31,z32,toy-0009296,,,False,39.87136226189218,0.0,39.07636226189218,0.35,2.3,0
17,trip,3870,3882.0089706448603,z32,z21,toy-0009303,,,False,35.48780950938931,0.0,34.407002151351875,0.35,3.2526911934581184,0
3,trip,3870,3885.3333333333335,z22,z11,toy-0009298,,,False,33.17314340351383,0.0,31.793143403513834,2.3,2.3,0
18,trip,3870,3888.5089706448603,z22,z21,toy-0009299,,,False,40.867221056446844,0.0,39.20141369840941,2.3,3.2526911934581184,0
73,trip,3870,3878.8333333333335,z31,z21,toy-0009295,,,False,27.282494791212827,0.0,26.487494791212825,0.35,2.3,0
24,trip,3870,3895.410795394624,z32,z01,toy-0009302,,,False,26.587194446176337,0.0,24.300222860660156,0.35,7.273238618387272,0
54,trip,3870,3888.309854494165,z00,z21,toy-0009289,,,False,37.57144724749671,0.0,35.923560343021855,0.35,5.142956348249516,0
20,trip,3870,3885.3333333333335,z20,z11,toy-0009293,,,False,38.074226191050364,0.0,36.69422619105036,2.3,2.3,0
37,trip,3870,3894.809854494165,z22,z20,toy-0009297,,,False,19.304059284882445,0.0,17.07117238040759,2.3,5.142956348249516,0
57,trip,3870,3888.309854494165,z32,z20,toy-0009301,,,False,46.62000000000024,0.0,44.97211309552539,0.35,5.142956348249516,0
77,trip,3870,3885.3333333333335,z32,z32,toy-0009300,,,False,18.33702706688904,0.0,16.95702706688904,2.3,2.3,0
22,trip,3870,3888.5089706448603,z01,z20,toy-0009308,,,False,19.99247116419551,0.0,18.326663806158074,2.3,3.2526911934581184,0
82,trip,3870,3886.5,z31,z11,toy-0009318,,,False,30.919724570500886,0.0,29.434724570500887,0.35,4.6,0
10,trip,3870,3888.5089706448603,z30,z20,toy-0009315,,,False,28.530189400863513,0.0,26.864382042826076,2.3,3.2526911934581184,0
79,trip,3870,3897.985491805692,z20,z12,toy-0009320,,,False,37.093883663375614,0.0,34.57518940086332,3.2526911934581184,5.142956348249516,0
81,trip,3870,3885.3333333333335,z10,z01,toy-0009310,,,False,26.061845649954684,0.0,24.681845649954685,2.3,2.3,0
80,trip,3870,3888.5089706448603,z20,z30,toy-0009311,,,False,30.828109854425847,0.0,29.16230249638841,2.3,3.2526911934581184,0
62,trip,3870,3918.488257455915,z02,z02,toy-0009319,,,False,14.622722160860656,0.0,10.258778989828294,7.273238618387272,7.273238618387272,0
64,trip,3870,3918.488257455915,z02,z00,toy-0009313,,,False,44.445000000000135,0.0,40.081056828967775,7.273238618387272,7.273238618387272,0
76,trip,3870,3908.3333333333335,z02,z30,toy-0009326,,,False,30.62264502406366,0.0,27.172645024063662,6.8999999999999995,4.6,0
29,visit,3870,3902.030571354507,z00,z00,,depot_west,local,False,6.942936631376817,41.16206336862318,47.894999999999996,0.7,0,24.697238021173906
7,visit,3870,3932.886388103759,z22,z22,,depot_south,local,False,10.209532823204045,39.33335408127081,46.457113095525145,10.285912696499032,0,23.600012448762484
35,visit,3870,3905.6666666666665,z32,z32,,depot_south,local,False,29.894382042826013,0.0,27.13438204282601,9.2,0,0
60,visit,3870,3890.3333333333335,z31,z31,,depot_south,local,False,36.40388366337535,0.0,35.02388366337535,4.6,0,0
13,visit,3870,3890.3333333333335,z10,z10,,depot_west,local,False,37.68341883301297,0.0,36.30341883301297,4.6,0,0
6,visit,3870,3905.6666666666665,z20,z20,,depot_west,local,False,43.43302841448363,0.0,40.67302841448363,9.2,0,0
59,visit,3870,3911.8018385123564,z01,z01,,depot_west,,False,7.909158034961518,40.78084196503848,47.309999999999995,4.6,0,24.46850517902309
40,trip,3880,3898.309854494165,z22,z01,toy-0009345,,,False,34.769600296219714,0.0,33.12171339174486,0.35,5.142956348249516,0
25,trip,3880,3888.8333333333335,z21,z22,toy-0009339,,,False,15.611912714678732,0.0,14.816912714678732,0.35,2.3,0
26,trip,3880,3888.8333333333335,z21,z31,toy-0009337,,,False,10.911401429905771,0.0,10.116401429905771,0.35,2.3,0
58,trip,3880,3898.309854494165,z21,z00,toy-0009335,,,False,17.1617289641135,0.0,15.513842059638645,0.35,5.142956348249516,0
30,trip,3880,3896.5,z02,z00,toy-0009342,,,False,38.601339286575666,0.0,37.116339286575666,0.35,4.6,0
73,trip,3880,3892.0089706448603,z21,z12,toy-0009338,,,False,26.487494791212853,0.0,25.406687433175417,0.35,3.2526911934581184,0
11,trip,3880,3888.8333333333335,z31,z32,toy-0009341,,,False,27.449382042826134,0.0,26.654382042826136,0.35,2.3,0
9,trip,3880,3892.0089706448603,z12,z01,toy-0009344,,,False,37.893418833013264,0.0,36.81261147497583,0.35,3.2526911934581184,0
27,trip,3880,3888.8333333333335,z11,z21,toy-0009332,,,False,40.845498379450056,0.0,40.050498379450055,0.35,2.3,0
31,trip,3880,3904.809854494165,z20,z22,toy-0009330,,,False,33.54767218186095,0.0,31.3147852773861,2.3,5.142956348249516,0
23,trip,3880,3903.0,z12,z22,toy-0009343,,,False,27.361860641343224,0.0,25.291860641343224,2.3,4.6,0
1,trip,3880,3902.851274623054,z32,z10,toy-0009349,,,False,44.458385283925416,0.0,42.40177056785055,0.35,6.505382386916237,0
39,trip,3880,3892.0089706448603,z11,z02,toy-0009334,,,False,30.3482849135225,0.0,29.267477555485065,0.35,3.2526911934581184,0
72,trip,3880,3892.0089706448603,z22,z11,toy-0009346,,,False,39.26888366337547,0.0,38.188076305338036,0.35,3.2526911934581184,0
14,trip,3880,3888.8333333333335,z31,z21,toy-0009340,,,False,43.36419264196252,0.0,42.569192641962516,0.35,2.3,0
69,trip,3880,3892.0089706448603,z11,z00,toy-0009331,,,False,27.1860303079883,0.0,26.105222949950864,0.35,3.2526911934581184,0
16,trip,3880,3908.809226445224,z32,z00,toy-0009348,,,False,39.07636226189221,0.0,36.48353188182205,0.35,8.292767933567175,0
88,trip,3880,3892.0089706448603,z22,z31,toy-0009347,,,False,14.569913971363594,0.0,13.489106613326157,0.35,3.2526911934581184,0
15,trip,3880,3895.3333333333335,z31,z20,toy-0009336,,,False,39.378418833012915,0.0,37.99841883301291,2.3,2.3,0
34,trip,3880,3888.8333333333335,z32,z22,toy-0009350,,,False,43.754999999999995,0.0,42.959999999999994,0.35,2.3,0
32,trip,3880,3903.0,z01,z31,toy-0009333,,,False,39.293028414484,0.0,37.223028414484,2.3,4.6,0
75,trip,3880,3905.410795394624,z32,z01,toy-0009371,,,False,28.43493410105345,0.0,26.14796251553727,0.35,7.273238618387272,0
89,trip,3880,3888.8333333333335,z01,z02,toy-0009358,,,False,32.656979176034525,0.0,31.861979176034524,0.35,2.3,0
47,trip,3880,3895.3333333333335,z12,z12,toy-0009368,,,False,44.27757792588757,0.0,42.89757792588757,2.3,2.3,0
4,trip,3880,3917.017941289721,z30,z32,toy-0009352,,,False,39.41141369840934,0.0,36.07979898233447,4.6,6.505382386916237,0
41,trip,3880,3895.3333333333335,z31,z31,toy-0009373,,,False,40.57761147497524,0.0,39.19761147497524,2.3,2.3,0
12,trip,3880,3898.5089706448603,z30,z31,toy-0009353,,,False,38.35549837945002,0.0,36.689691021412585,2.3,3.2526911934581184,0
84,trip,3880,3908.809226445224,z30,z02,toy-0009356,,,False,29.572865382092893,0.0,26.98003500202274,0.35,8.292767933567175,0
66,trip,3880,3907.985491805692,z31,z32,toy-0009355,,,False,25.317317417055705,0.0,22.798623154543414,3.2526911934581184,5.142956348249516,0
33,visit,3880,3919.286375654997,z12,z12,,depot_west,local,False,35.68730249638873,0.0,32.60152868743902,10.285912696499032,0,0
87,visit,3880,3919.286375654997,z22,z22,,depot_south,local,False,37.37969102141291,0.0,34.2939172124632,10.285912696499032,0,0
45,visit,3880,3890.0,z00,z00,,depot_west,local,True,42.37928271545462,4.444444444444445,46.613727159899064,0.7,0,2.666666666666667
19,visit,3880,3906.6846079563875,z11,z11,,depot_west,local,False,44.93838528392557,0.0,42.9867705678507,6.505382386916237,0,0
3,trip,3890,3902.0089706448603,z11,z22,toy-0009378,,,False,31.793143403513863,0.0,30.712336045476427,0.35,3.2526911934581184,0
26,trip,3890,3906.5,z31,z11,toy-0009384,,,False,10.116401429905798,0.0,8.631401429905798,0.35,4.6,0
83,trip,3890,3908.309854494165,z02,z21,toy-0009386,,,False,24.277134376109515,0.0,22.62924747163466,0.35,5.142956348249516,0
5,trip,3890,3898.8333333333335,z21,z11,toy-0009380,,,False,31.381246229830793,0.0,30.58624622983079,0.35,2.3,0
25,trip,3890,3898.8333333333335,z22,z32,toy-0009388,,,False,14.81691271467876,0.0,14.02191271467876,0.35,2.3,0
10,trip,3890,3908.309854494165,z20,z01,toy-0009377,,,False,26.864382042826087,0.0,25.21649513835123,0.35,5.142956348249516,0
11,trip,3890,3908.309854494165,z32,z11,toy-0009389,,,False,26.65438204282616,0.0,25.006495138351305,0.35,5.142956348249516,0
14,trip,3890,3902.0089706448603,z21,z32,toy-0009382,,,False,42.569192641962545,0.0,41.48838528392511,0.35,3.2526911934581184,0
38,trip,3890,3905.3333333333335,z32,z32,toy-0009385,,,False,38.26630573748757,0.0,36.88630573748757,2.3,2.3,0
56,trip,3890,3914.1666666666665,z32,z02,toy-0009390,,,False,44.17711309552502,0.0,42.002113095525026,0.35,6.8999999999999995,0
77,trip,3890,3898.8333333333335,z32,z22,toy-0009392,,,False,16.957027066889065,0.0,16.162027066889067,0.35,2.3,0
45,trip,3890,3918.809226445224,z00,z32,toy-0009374,,,False,46.613727159898836,0.0,44.02089677982868,0.35,8.292767933567175,0
2,trip,3890,3902.0089706448603,z10,z21,toy-0009376,,,False,27.62158521184365,0.0,26.540777853806215,0.35,3.2526911934581184,0
22,trip,3890,3914.809854494165,z20,z02,toy-0009381,,,False,18.326663806158084,0.0,16.093776901683228,2.3,5.142956348249516,0
34,trip,3890,3908.5089706448603,z22,z10,toy-0009379,,,False,42.96000000000002,0.0,41.29419264196259,2.3,3.2526911934581184,0
49,trip,3890,3902.0089706448603,z10,z01,toy-0009375,,,False,21.247476252083437,0.0,20.166668894046,0.35,3.2526911934581184,0
80,trip,3890,3921.910795394624,z30,z00,toy-0009383,,,False,29.16230249638842,0.0,26.29033091087224,2.3,7.273238618387272,0
51,trip,3890,3908.309854494165,z22,z10,toy-0009387,,,False,40.73596320981292,0.0,39.08807630533807,0.35,5.142956348249516,0
63,trip,3890,3920.6666666666665,z12,z12,toy-0009391,,,False,13.45935608425637,0.0,10.69935608425637,4.6,4.6,0
42,trip,3890,3922.476521160832,z20,z30,toy-0009413,,,False,10.833797634739295,0.0,7.91091073026444,5.142956348249516,4.6,0
44,trip,3890,3913.0,z20,z01,toy-0009400,,,False,32.067002151351524,0.0,29.997002151351523,2.3,4.6,0
48,trip,3890,3917.985491805692,z20,z21,toy-0009414,,,False,47.31000000000012,0.0,44.79130573748783,5.142956348249516,3.2526911934581184,0
53,trip,3890,3917.985491805692,z20,z12,toy-0009406,,,False,47.31000000000029,0.0,44.791305737487995,3.2526911934581184,5.142956348249516,0
21,trip,3890,3908.309854494165,z22,z30,toy-0009410,,,False,7.951189690544593,0.0,6.303302786069739,0.35,5.142956348249516,0
57,trip,3890,3925.0864327061513,z20,z02,toy-0009405,,,False,44.97211309552539,0.0,41.81433415197177,3.2526911934581184,7.273238618387272,0
85,trip,3890,3914.809854494165,z02,z31,toy-0009409,,,False,18.96182894318481,0.0,16.728942038709953,2.3,5.142956348249516,0
52,trip,3890,3908.5089706448603,z10,z31,toy-0009401,,,False,41.93969102141254,0.0,40.27388366337511,3.2526911934581184,2.3,0
86,trip,3890,3905.3333333333335,z10,z21,toy-0009394,,,False,18.53121970885162,0.0,17.15121970885162,2.3,2.3,0
70,trip,3890,3914.809854494165,z01,z32,toy-0009399,,,False,24.381570187003145,0.0,22.14868328252829,2.3,5.142956348249516,0
89,trip,3890,3920.6666666666665,z02,z02,toy-0009412,,,False,31.86197917603455,0.0,29.101979176034547,4.6,4.6,0
81,trip,3890,3923.8423039781937,z01,z20,toy-0009403,,,False,24.68184564995471,0.0,21.636038291917274,6.8999999999999995,3.2526911934581184,0
50,visit,3890,3900.0,z00,z00,,depot_west,local,True,20.806171817997555,4.444444444444445,25.040616262442,0.7,0,2.666666666666667
65,visit,3890,3919.3333333333335,z00,z00,,depot_west,central,False,27.90587746833532,0.0,27.69587746833532,0.7,0,0
82,visit,3890,3916.6846079563875,z11,z11,,depot_west,local,False,29.434724570500887,0.0,27.483109854426015,6.505382386916237,0,0
17,visit,3890,3916.6846079563875,z21,z21,,depot_south,local,False,34.40700215135188,0.0,32.45538743527701,6.505382386916237,0,0
54,visit,3890,3916.6846079563875,z21,z21,,depot_south,local,False,35.923560343021855,0.0,33.97194562694698,6.505382386916237,0,0
20,visit,3890,3916.6846079563875,z11,z11,,depot_west,local,False,36.69422619105039,0.0,34.74261147497552,6.505382386916237,0,0
18,visit,3890,3938.6846079563875,z21,z21,,depot_south,central,False,39.201413698409425,0.0,37.24979898233455,6.505382386916237,0,0
27,visit,3890,3938.6846079563875,z21,z21,,depot_south,central,False,40.05049837945008,0.0,38.09888366337521,6.505382386916237,0,0
8,trip,3900,3912.0089706448603,z21,z30,toy-0009422,,,False,40.29180411693779,0.0,39.21099675890036,0.35,3.2526911934581184,0
74,trip,3900,3908.8333333333335,z30,z31,toy-0009417,,,False,37.36240639757111,0.0,36.567406397571105,0.35,2.3,0
25,trip,3900,3922.851274623054,z32,z10,toy-0009438,,,False,14.021912714678786,0.0,11.965297998603916,0.35,6.505382386916237,0
71,trip,3900,3908.8333333333335,z22,z12,toy-0009437,,,False,36.59183766602558,0.0,35.79683766602558,0.35,2.3,0
47,trip,3900,3908.8333333333335,z12,z22,toy-0009433,,,False,42.897577925887596,0.0,42.102577925887594,0.35,2.3,0
28,trip,3900,3912.0089706448603,z31,z22,toy-0009429,,,False,47.30999999999995,0.0,46.22919264196252,0.35,3.2526911934581184,0
77,trip,3900,3916.5,z22,z20,toy-0009434,,,False,16.16202706688909,0.0,14.677027066889092,0.35,4.6,0
9,trip,3900,3924.1666666666665,z01,z31,toy-0009419,,,False,36.81261147497584,0.0,34.63761147497584,0.35,6.8999999999999995,0
24,trip,3900,3925.410795394624,z01,z30,toy-0009418,,,False,24.300222860660174,0.0,22.013251275143993,0.35,7.273238618387272,0
41,trip,3900,3916.5,z31,z11,toy-0009427,,,False,39.19761147497527,0.0,37.71261147497527,0.35,4.6,0
55,trip,3900,3908.8333333333335,z31,z21,toy-0009428,,,False,42.038486853556776,0.0,41.243486853556774,0.35,2.3,0
46,trip,3900,3915.3333333333335,z32,z21,toy-0009436,,,False,10.734787365531822,0.0,9.354787365531823,2.3,2.3,0
67,trip,3900,3916.5,z12,z10,toy-0009432,,,False,43.59211309552498,0.0,42.10711309552498,0.35,4.6,0
5,trip,3900,3918.5089706448603,z11,z32,toy-0009423,,,False,30.58624622983082,0.0,28.920438871793383,2.3,3.2526911934581184,0
15,trip,3900,3915.3333333333335,z20,z20,toy-0009421,,,False,37.99841883301294,0.0,36.61841883301294,2.3,2.3,0
68,trip,3900,3918.309854494165,z32,z20,toy-0009439,,,False,13.207276537819254,0.0,11.559389633344399,0.35,5.142956348249516,0
60,trip,3900,3924.1666666666665,z31,z01,toy-0009426,,,False,35.023883663375386,0.0,32.84888366337539,0.35,6.8999999999999995,0
39,trip,3900,3928.809226445224,z02,z30,toy-0009431,,,False,29.26747755548508,0.0,26.674647175414925,0.35,8.292767933567175,0
73,trip,3900,3918.5089706448603,z12,z11,toy-0009435,,,False,25.40668743317543,0.0,23.740880075137994,2.3,3.2526911934581184,0
72,trip,3900,3908.8333333333335,z11,z12,toy-0009420,,,False,38.18807630533804,0.0,37.39307630533804,0.35,2.3,0
40,trip,3900,3924.809854494165,z01,z10,toy-0009430,,,False,33.12171339174486,0.0,30.88882648727001,2.3,5.142956348249516,0
61,trip,3900,3918.309854494165,z31,z10,toy-0009424,,,False,37.02191716574706,0.0,35.37403026127221,0.35,5.142956348249516,0
37,trip,3900,3908.8333333333335,z20,z10,toy-0009416,,,False,17.0711723804076,0.0,16.2761723804076,0.35,2.3,0
13,trip,3900,3924.809854494165,z10,z30,toy-0009425,,,False,36.303418833013005,0.0,34.07053192853815,5.142956348249516,2.3,0
79,trip,3900,3941.387316555456,z12,z00,toy-0009453,,,False,34.57518940086332,0.0,30.850330910872287,5.142956348249516,7.273238618387272,0
78,trip,3900,3926.175637311527,z01,z12,toy-0009452,,,False,28.06187121511366,0.0,25.706063857076224,4.6,3.2526911934581184,0
50,trip,3900,3951.886688506515,z00,z01,toy-0009463,,,False,25.040616262441773,0.0,20.37081429685544,8.292767933567175,7.273238618387272,0
58,trip,3900,3923.0,z00,z12,toy-0009441,,,False,15.513842059638657,0.0,13.443842059638657,2.3,4.6,0
69,trip,3900,3924.809854494165,z00,z31,toy-0009451,,,False,26.10522294995088,0.0,23.872336045476025,5.142956348249516,2.3,0
88,visit,3900,3963.4538693653376,z31,z31,,depot_south,central,False,13.48910661332617,35.200893386673826,47.309999999999995,4.6,0,21.120536032004296
0,visit,3900,3920.3333333333335,z10,z10,,depot_west,local,False,20.519788685424025,0.0,19.139788685424026,4.6,0,0
12,visit,3900,3920.3333333333335,z31,z31,,depot_south,local,False,36.6896910214126,0.0,35.3096910214126,4.6,0,0
30,visit,3900,3910.0,z00,z00,,depot_west,local,True,37.11633928657566,4.444444444444445,41.3507837310201,0.7,0,2.666666666666667
43,visit,3900,3910.0,z30,z30,,depot_south,local,True,40.22583451583525,4.444444444444445,44.460278960279695,0.7,0,2.666666666666667
14,trip,3910,3928.309854494165,z32,z20,toy-0009490,,,False,41.48838528392512,0.0,39.84049837945027,0.35,5.142956348249516,0
32,trip,3910,3926.5,z31,z11,toy-0009483,,,False,37.223028414484,0.0,35.738028414484,0.35,4.6,0
2,trip,3910,3918.8333333333335,z21,z22,toy-0009478,,,False,26.54077785380623,0.0,25.74577785380623,0.35,2.3,0
6,trip,3910,3926.5,z20,z00,toy-0009470,,,False,40.67302841448361,0.0,39.18802841448361,0.35,4.6,0
1,trip,3910,3934.809854494165,z10,z32,toy-0009473,,,False,42.401770567850555,0.0,40.1688836633757,2.3,5.142956348249516,0
3,trip,3910,3932.851274623054,z22,z00,toy-0009488,,,False,30.71233604547644,0.0,28.65572132940157,0.35,6.505382386916237,0
43,trip,3910,3935.410795394624,z30,z01,toy-0009474,,,False,44.46027896027947,0.0,42.17330737476328,0.35,7.273238618387272,0
52,trip,3910,3918.8333333333335,z31,z30,toy-0009481,,,False,40.27388366337512,0.0,39.47888366337512,0.35,2.3,0
11,trip,3910,3918.8333333333335,z11,z10,toy-0009475,,,False,25.00649513835132,0.0,24.211495138351317,0.35,2.3,0
16,trip,3910,3918.8333333333335,z00,z01,toy-0009469,,,False,36.48353188182205,0.0,35.68853188182205,0.35,2.3,0
34,trip,3910,3928.5089706448603,z10,z11,toy-0009471,,,False,41.2941926419626,0.0,39.62838528392517,2.3,3.2526911934581184,0
36,trip,3910,3926.5,z12,z32,toy-0009487,,,False,25.410687780313335,0.0,23.925687780313336,0.35,4.6,0
23,trip,3910,3922.0089706448603,z22,z31,toy-0009489,,,False,25.291860641343224,0.0,24.211053283305787,0.35,3.2526911934581184,0
74,trip,3910,3928.309854494165,z31,z10,toy-0009479,,,False,36.56740639757113,0.0,34.91951949309628,0.35,5.142956348249516,0
35,trip,3910,3928.5089706448603,z32,z20,toy-0009480,,,False,27.134382042825987,0.0,25.46857468478855,2.3,3.2526911934581184,0
55,trip,3910,3928.309854494165,z21,z00,toy-0009476,,,False,41.2434868535568,0.0,39.59559994908195,0.35,5.142956348249516,0
38,trip,3910,3940.6666666666665,z32,z01,toy-0009482,,,False,36.886305737487596,0.0,34.1263057374876,2.3,6.8999999999999995,0
37,trip,3910,3928.5089706448603,z10,z31,toy-0009472,,,False,16.276172380407626,0.0,14.61036502237019,2.3,3.2526911934581184,0
66,trip,3910,3918.8333333333335,z32,z31,toy-0009491,,,False,22.79862315454341,0.0,22.003623154543412,0.35,2.3,0
76,trip,3910,3928.5089706448603,z30,z22,toy-0009485,,,False,27.17264502406365,0.0,25.506837666026215,2.3,3.2526911934581184,0
83,trip,3910,3925.3333333333335,z21,z21,toy-0009484,,,False,22.629247471634674,0.0,21.249247471634675,2.3,2.3,0
31,trip,3910,3928.5089706448603,z22,z32,toy-0009486,,,False,31.31478527738611,0.0,29.648977919348674,3.2526911934581184,2.3,0
19,trip,3910,3928.5089706448603,z11,z10,toy-0009477,,,False,42.9867705678507,0.0,41.320963209813264,2.3,3.2526911934581184,0
47,trip,3910,3928.5089706448603,z22,z21,toy-0009504,,,False,42.10257792588762,0.0,40.43677056785019,3.2526911934581184,2.3,0
71,trip,3910,3948.3333333333335,z12,z02,toy-0009516,,,False,35.79683766602561,0.0,32.34683766602561,4.6,6.8999999999999995,0
10,trip,3910,3934.809854494165,z01,z32,toy-0009497,,,False,25.216495138351245,0.0,22.98360823387639,2.3,5.142956348249516,0
51,trip,3910,3936.175637311527,z10,z01,toy-0009499,,,False,39.08807630533807,0.0,36.73226894730063,3.2526911934581184,4.6,0
72,trip,3910,3940.6666666666665,z12,z30,toy-0009513,,,False,37.39307630533807,0.0,34.63307630533807,4.6,4.6,0
26,trip,3910,3922.0089706448603,z11,z22,toy-0009496,,,False,8.631401429905798,0.0,7.550594071868363,0.35,3.2526911934581184,0
49,trip,3910,3957.2441287279576,z01,z00,toy-0009503,,,False,20.166668894046015,0.0,15.914697308529835,6.8999999999999995,7.273238618387272,0
75,trip,3910,3950.1431878274984,z01,z12,toy-0009505,,,False,26.147962515537287,0.0,22.53507561106243,6.8999999999999995,5.142956348249516,0
84,trip,3910,3950.1431878274984,z02,z11,toy-0009514,,,False,26.980035002022746,0.0,23.36714809754789,6.8999999999999995,5.142956348249516,0
29,trip,3910,3948.827795783886,z00,z10,toy-0009509,,,False,47.894999999999655,0.0,44.40049837944993,6.505382386916237,5.142956348249516,0
30,trip,3910,3934.809854494165,z00,z20,toy-0009498,,,False,41.350783731019874,0.0,39.11789682654502,5.142956348249516,2.3,0
21,visit,3910,3942.4143516616914,z30,z30,,depot_south,local,False,6.303302786069748,41.80169721393025,47.894999999999996,0.7,0,25.08101832835815
86,visit,3910,3936.6846079563875,z21,z21,,depot_south,local,False,17.151219708851645,0.0,15.199604992776774,6.505382386916237,0,0
64,trip,3920,3932.0089706448603,z00,z11,toy-0009518,,,False,40.081056828967775,0.0,39.00024947093034,0.35,3.2526911934581184,0
17,trip,3920,3932.0089706448603,z21,z12,toy-0009522,,,False,32.45538743527701,0.0,31.374580077239575,0.35,3.2526911934581184,0
66,trip,3920,3936.5,z31,z11,toy-0009526,,,False,22.003623154543437,0.0,20.518623154543437,0.35,4.6,0
4,trip,3920,3936.5,z32,z12,toy-0009535,,,False,36.07979898233446,0.0,34.59479898233446,0.35,4.6,0
2,trip,3920,3932.0089706448603,z22,z11,toy-0009529,,,False,25.745777853806256,0.0,24.66497049576882,0.35,3.2526911934581184,0
87,trip,3920,3938.309854494165,z22,z30,toy-0009528,,,False,34.29391721246319,0.0,32.64603030798834,0.35,5.142956348249516,0
48,trip,3920,3928.8333333333335,z21,z11,toy-0009521,,,False,44.79130573748783,0.0,43.99630573748783,0.35,2.3,0
5,trip,3920,3938.5089706448603,z32,z31,toy-0009530,,,False,28.920438871793394,0.0,27.254631513755957,2.3,3.2526911934581184,0
45,trip,3920,3928.8333333333335,z32,z31,toy-0009534,,,False,44.02089677982868,0.0,43.22589677982868,0.35,2.3,0
85,trip,3920,3944.1666666666665,z31,z01,toy-0009525,,,False,16.728942038709963,0.0,14.553942038709963,0.35,6.8999999999999995,0
11,trip,3920,3936.5,z10,z30,toy-0009519,,,False,24.211495138351346,0.0,22.726495138351346,0.35,4.6,0
8,trip,3920,3944.809854494165,z30,z10,toy-0009523,,,False,39.210996758900365,0.0,36.97810985442551,2.3,5.142956348249516,0
70,trip,3920,3948.809226445224,z32,z00,toy-0009532,,,False,22.1486832825283,0.0,19.55585290245815,0.35,8.292767933567175,0
54,trip,3920,3955.0864327061513,z21,z01,toy-0009533,,,False,33.97194562694698,0.0,30.814166683393367,3.2526911934581184,7.273238618387272,0
20,trip,3920,3938.309854494165,z11,z30,toy-0009520,,,False,34.74261147497552,0.0,33.09472457050067,0.35,5.142956348249516,0
52,trip,3920,3951.910795394624,z30,z02,toy-0009527,,,False,39.47888366337515,0.0,36.606912077858965,2.3,7.273238618387272,0
33,trip,3920,3935.3333333333335,z12,z32,toy-0009531,,,False,32.601528687439014,0.0,31.221528687439015,2.3,2.3,0
15,trip,3920,3941.6846079563875,z20,z20,toy-0009524,,,False,36.61841883301297,0.0,34.666804116938096,3.2526911934581184,3.2526911934581184,0
53,trip,3920,3943.0,z12,z02,toy-0009555,,,False,44.791305737487995,0.0,42.721305737487995,2.3,4.6,0
41,trip,3920,3949.351274623054,z11,z30,toy-0009552,,,False,37.71261147497526,0.0,35.07099675890039,2.3,6.505382386916237,0
68,trip,3920,3928.8333333333335,z20,z21,toy-0009538,,,False,11.55938963334441,0.0,10.76438963334441,0.35,2.3,0
61,trip,3920,3928.8333333333335,z10,z20,toy-0009536,,,False,35.37403026127221,0.0,34.57903026127221,0.35,2.3,0
77,trip,3920,3938.5089706448603,z20,z32,toy-0009549,,,False,14.677027066889092,0.0,13.011219708851657,3.2526911934581184,2.3,0
82,trip,3920,3935.3333333333335,z11,z22,toy-0009542,,,False,27.483109854426015,0.0,26.103109854426016,2.3,2.3,0
67,trip,3920,3944.809854494165,z10,z30,toy-0009544,,,False,42.10711309552497,0.0,39.87422619105012,5.142956348249516,2.3,0
59,trip,3920,3950.6666666666665,z01,z21,toy-0009546,,,False,47.30999999999979,0.0,44.54999999999979,6.8999999999999995,2.3,0
56,trip,3920,3945.410795394624,z02,z31,toy-0009550,,,False,42.00211309552503,0.0,39.71514151000885,0.35,7.273238618387272,0
65,trip,3920,3947.985491805692,z00,z32,toy-0009543,,,False,27.695877468335347,0.0,25.177183205823056,5.142956348249516,3.2526911934581184,0
46,visit,3920,3970.4572199518907,z21,z21,,depot_south,local,False,9.35478736553185,39.62101999250559,47.024192641962564,6.505382386916237,0,23.772611995503354
62,visit,3920,3979.13939927277,z02,z02,,depot_west,local,False,10.258778989828295,39.12122101017171,46.620000000000005,9.2,0,23.472732606103026
22,visit,3920,3955.6666666666665,z02,z02,,depot_west,local,False,16.09377690168324,0.0,13.333776901683239,9.2,0,0
73,visit,3920,3946.6846079563875,z11,z11,,depot_west,local,False,23.740880075138005,0.0,21.789265359063133,6.505382386916237,0,0
44,visit,3920,3940.3333333333335,z01,z01,,depot_west,local,False,29.997002151351523,0.0,28.617002151351524,4.6,0,0
16,visit,3920,3962.3333333333335,z01,z01,,depot_west,central,False,35.68853188182208,0.0,34.30853188182208,4.6,0,0
28,visit,3920,3959.286375654997,z22,z22,,depot_south,local,False,46.22919264196253,0.0,43.14341883301282,10.285912696499032,0,0
12,trip,3930,3955.410795394624,z31,z00,toy-0009568,,,False,35.30969102141263,0.0,33.02271943589645,0.35,7.273238618387272,0
57,trip,3930,3942.0089706448603,z02,z11,toy-0009575,,,False,41.81433415197177,0.0,40.73352679393434,0.35,3.2526911934581184,0
37,trip,3930,3942.0089706448603,z31,z20,toy-0009570,,,False,14.610365022370203,0.0,13.529557664332767,0.35,3.2526911934581184,0
47,trip,3930,3942.0089706448603,z21,z10,toy-0009565,,,False,40.4367705678502,0.0,39.35596320981277,0.35,3.2526911934581184,0
76,trip,3930,3948.309854494165,z22,z01,toy-0009576,,,False,25.506837666026225,0.0,23.85895076155137,0.35,5.142956348249516,0
0,trip,3930,3948.309854494165,z10,z22,toy-0009559,,,False,19.13978868542405,0.0,17.491901780949195,0.35,5.142956348249516,0
32,trip,3930,3942.0089706448603,z11,z02,toy-0009564,,,False,35.73802841448399,0.0,34.65722105644656,0.35,3.2526911934581184,0
13,trip,3930,3942.0089706448603,z30,z21,toy-0009562,,,False,34.070531928538166,0.0,32.989724570500734,0.35,3.2526911934581184,0
68,trip,3930,3938.8333333333335,z21,z20,toy-0009566,,,False,10.764389633344436,0.0,9.969389633344436,0.35,2.3,0
45,trip,3930,3942.0089706448603,z31,z22,toy-0009573,,,False,43.22589677982871,0.0,42.145089421791276,0.35,3.2526911934581184,0
24,trip,3930,3945.3333333333335,z30,z32,toy-0009574,,,False,22.01325127514401,0.0,20.633251275144012,2.3,2.3,0
31,trip,3930,3948.309854494165,z32,z11,toy-0009579,,,False,29.648977919348688,0.0,28.001091014873833,0.35,5.142956348249516,0
83,trip,3930,3938.8333333333335,z21,z31,toy-0009567,,,False,21.2492474716347,0.0,20.4542474716347,0.35,2.3,0
34,trip,3930,3938.8333333333335,z11,z21,toy-0009563,,,False,39.628385283925184,0.0,38.83338528392518,0.35,2.3,0
36,trip,3930,3954.809854494165,z32,z10,toy-0009569,,,False,23.925687780313336,0.0,21.69280087583848,2.3,5.142956348249516,0
39,trip,3930,3945.3333333333335,z30,z21,toy-0009572,,,False,26.674647175414933,0.0,25.294647175414934,2.3,2.3,0
14,trip,3930,3963.8423039781937,z20,z01,toy-0009571,,,False,39.84049837945027,0.0,36.79469102141283,3.2526911934581184,6.8999999999999995,0
58,trip,3930,3953.0,z12,z31,toy-0009581,,,False,13.443842059638657,0.0,11.373842059638656,4.6,2.3,0
63,trip,3930,3960.6666666666665,z12,z30,toy-0009578,,,False,10.699356084256344,0.0,7.939356084256344,4.6,4.6,0
19,trip,3930,3952.851274623054,z10,z32,toy-0009560,,,False,41.32096320981328,0.0,39.26434849373841,0.35,6.505382386916237,0
78,trip,3930,3956.175637311527,z12,z21,toy-0009580,,,False,25.706063857076206,0.0,23.35025649903877,4.6,3.2526911934581184,0
35,trip,3930,3942.0089706448603,z20,z31,toy-0009561,,,False,25.46857468478856,0.0,24.387767326751124,0.35,3.2526911934581184,0
48,trip,3930,3968.827795783886,z11,z10,toy-0009577,,,False,43.99630573748786,0.0,40.50180411693813,5.142956348249516,6.505382386916237,0
61,trip,3930,3953.0,z20,z32,toy-0009603,,,False,34.57903026127224,0.0,32.50903026127224,4.6,2.3,0
25,trip,3930,3971.387316555456,z10,z02,toy-0009594,,,False,11.965297998603926,0.0,8.24043950861289,5.142956348249516,7.273238618387272,0
40,trip,3930,3974.6846079563875,z10,z02,toy-0009604,,,False,30.88882648727002,0.0,26.867211771195148,6.505382386916237,6.8999999999999995,0
89,trip,3930,3956.175637311527,z02,z31,toy-0009602,,,False,29.101979176034522,0.0,26.746171817997087,4.6,3.2526911934581184,0
60,trip,3930,3962.476521160832,z01,z20,toy-0009600,,,False,32.848883663375396,0.0,29.925996758900542,5.142956348249516,4.6,0
74,trip,3930,3954.809854494165,z10,z01,toy-0009584,,,False,34.91951949309628,0.0,32.68663258862143,2.3,5.142956348249516,0
6,trip,3930,3971.387316555456,z00,z12,toy-0009595,,,False,39.188028414483604,0.0,35.46316992449257,7.273238618387272,5.142956348249516,0
55,trip,3930,3948.5089706448603,z00,z12,toy-0009588,,,False,39.59559994908195,0.0,37.92979259104452,3.2526911934581184,2.3,0
80,trip,3930,3954.809854494165,z00,z11,toy-0009590,,,False,26.290330910872253,0.0,24.057444006397397,5.142956348249516,2.3,0
42,trip,3930,3945.3333333333335,z30,z30,toy-0009591,,,False,7.910910730264422,0.0,6.530910730264422,2.3,2.3,0
81,visit,3930,3950.3333333333335,z20,z20,,depot_south,local,False,21.636038291917277,0.0,20.256038291917278,4.6,0,0
69,visit,3930,3950.3333333333335,z31,z31,,depot_south,local,False,23.872336045476036,0.0,22.492336045476037,4.6,0,0
23,visit,3930,3950.3333333333335,z31,z31,,depot_south,local,False,24.2110532833058,0.0,22.831053283305803,4.6,0,0
9,visit,3930,3950.3333333333335,z31,z31,,depot_south,local,False,34.63761147497585,0.0,33.257611474975846,4.6,0,0
1,trip,3940,3958.309854494165,z32,z11,toy-0009629,,,False,40.168883663375716,0.0,38.520996758900864,0.35,5.142956348249516,0
30,trip,3940,3948.8333333333335,z20,z10,toy-0009609,,,False,39.117896826545035,0.0,38.32289682654503,0.35,2.3,0
10,trip,3940,3952.0089706448603,z32,z21,toy-0009630,,,False,22.9836082338764,0.0,21.902800875838963,0.35,3.2526911934581184,0
2,trip,3940,3956.5,z11,z31,toy-0009612,,,False,24.664970495768834,0.0,23.179970495768835,0.35,4.6,0
18,trip,3940,3948.8333333333335,z21,z31,toy-0009616,,,False,37.24979898233455,0.0,36.45479898233455,0.35,2.3,0
5,trip,3940,3952.0089706448603,z31,z20,toy-0009622,,,False,27.254631513755967,0.0,26.17382415571853,0.35,3.2526911934581184,0
68,trip,3940,3952.0089706448603,z20,z11,toy-0009610,,,False,9.969389633344463,0.0,8.888582275307026,0.35,3.2526911934581184,0
33,trip,3940,3948.8333333333335,z32,z31,toy-0009631,,,False,31.22152868743904,0.0,30.42652868743904,0.35,2.3,0
27,trip,3940,3956.5,z21,z01,toy-0009615,,,False,38.09888366337521,0.0,36.61388366337521,0.35,4.6,0
77,trip,3940,3958.309854494165,z32,z20,toy-0009627,,,False,13.011219708851668,0.0,11.363332804376814,0.35,5.142956348249516,0
7,trip,3940,3952.0089706448603,z22,z11,toy-0009625,,,False,46.45711309552483,0.0,45.3763057374874,0.35,3.2526911934581184,0
64,trip,3940,3958.309854494165,z11,z32,toy-0009614,,,False,39.00024947093035,0.0,37.3523625664555,0.35,5.142956348249516,0
20,trip,3940,3956.5,z30,z10,toy-0009611,,,False,33.09472457050067,0.0,31.609724570500667,0.35,4.6,0
34,trip,3940,3948.8333333333335,z21,z22,toy-0009618,,,False,38.83338528392521,0.0,38.03838528392521,0.35,2.3,0
82,trip,3940,3958.309854494165,z22,z10,toy-0009624,,,False,26.10310985442604,0.0,24.455222949951185,0.35,5.142956348249516,0
83,trip,3940,3955.3333333333335,z31,z22,toy-0009632,,,False,20.454247471634726,0.0,19.074247471634727,2.3,2.3,0
3,trip,3940,3958.309854494165,z00,z12,toy-0009606,,,False,28.655721329401583,0.0,27.007834424926727,0.35,5.142956348249516,0
86,trip,3940,3952.0089706448603,z21,z12,toy-0009617,,,False,15.199604992776772,0.0,14.118797634739336,0.35,3.2526911934581184,0
4,trip,3940,3979.577462061291,z12,z01,toy-0009628,,,False,34.59479898233445,0.0,31.03282739681827,4.6,7.273238618387272,0
43,trip,3940,3958.5089706448603,z01,z11,toy-0009607,,,False,42.1733073747633,0.0,40.507500016725864,3.2526911934581184,2.3,0
17,trip,3940,3948.8333333333335,z12,z22,toy-0009623,,,False,31.374580077239585,0.0,30.579580077239584,0.35,2.3,0
87,trip,3940,3971.910795394624,z30,z00,toy-0009620,,,False,32.64603030798834,0.0,29.77405872247216,2.3,7.273238618387272,0
51,trip,3940,3961.6846079563875,z01,z21,toy-0009608,,,False,36.732268947300625,0.0,34.78065423122575,3.2526911934581184,3.2526911934581184,0
66,visit,3940,3988.6846079563875,z11,z11,,depot_west,central,False,20.518623154543437,0.0,18.567008438468566,6.505382386916237,0,0
11,visit,3940,3969.3333333333335,z30,z30,,depot_south,central,False,22.726495138351346,0.0,22.516495138351345,0.7,0,0
26,visit,3940,4001.481751354561,z22,z22,,depot_south,,False,7.550594071868375,41.99229283260648,46.457113095525145,10.285912696499032,0,25.195375699563886
0,trip,3950,3958.8333333333335,z22,z32,toy-0009673,,,False,17.49190178094921,0.0,16.69690178094921,0.35,2.3,0
13,trip,3950,3962.0089706448603,z21,z32,toy-0009663,,,False,32.98972457050074,0.0,31.908917212463304,0.35,3.2526911934581184,0
31,trip,3950,3958.8333333333335,z11,z01,toy-0009658,,,False,28.001091014873847,0.0,27.20609101487385,0.35,2.3,0
24,trip,3950,3958.8333333333335,z32,z22,toy-0009678,,,False,20.633251275144037,0.0,19.83825127514404,0.35,2.3,0
39,trip,3950,3958.8333333333335,z21,z31,toy-0009661,,,False,25.29464717541496,0.0,24.499647175414957,0.35,2.3,0
65,trip,3950,3966.5,z32,z12,toy-0009677,,,False,25.177183205823056,0.0,23.692183205823056,0.35,4.6,0
15,trip,3950,3972.851274623054,z20,z02,toy-0009657,,,False,34.666804116938096,0.0,32.61018940086323,0.35,6.505382386916237,0
18,trip,3950,3975.410795394624,z31,z02,toy-0009668,,,False,36.45479898233458,0.0,34.167827396818396,0.35,7.273238618387272,0
33,trip,3950,3958.8333333333335,z31,z32,toy-0009670,,,False,30.426528687439067,0.0,29.631528687439065,0.35,2.3,0
35,trip,3950,3966.5,z31,z11,toy-0009666,,,False,24.38776732675114,0.0,22.90276732675114,0.35,4.6,0
56,trip,3950,3958.8333333333335,z31,z21,toy-0009667,,,False,39.71514151000886,0.0,38.92014151000886,0.35,2.3,0
37,trip,3950,3958.8333333333335,z20,z21,toy-0009655,,,False,13.52955766433278,0.0,12.73455766433278,0.35,2.3,0
21,trip,3950,3968.5089706448603,z30,z22,toy-0009669,,,False,47.895000000000394,0.0,46.22919264196296,2.3,3.2526911934581184,0
17,trip,3950,3965.3333333333335,z22,z22,toy-0009662,,,False,30.579580077239612,0.0,29.199580077239613,2.3,2.3,0
41,trip,3950,3965.3333333333335,z30,z30,toy-0009665,,,False,35.07099675890041,0.0,33.690996758900404,2.3,2.3,0
34,trip,3950,3974.809854494165,z22,z20,toy-0009674,,,False,38.03838528392524,0.0,35.805498379450384,2.3,5.142956348249516,0
67,trip,3950,3974.809854494165,z30,z10,toy-0009664,,,False,39.874226191050134,0.0,37.64133928657528,2.3,5.142956348249516,0
8,trip,3950,3968.5089706448603,z10,z31,toy-0009656,,,False,36.978109854425526,0.0,35.31230249638809,2.3,3.2526911934581184,0
45,trip,3950,3965.3333333333335,z22,z20,toy-0009660,,,False,42.14508942179128,0.0,40.76508942179128,2.3,2.3,0
55,trip,3950,3976.175637311527,z12,z21,toy-0009676,,,False,37.92979259104453,0.0,35.57398523300709,4.6,3.2526911934581184,0
57,trip,3950,3968.5089706448603,z11,z21,toy-0009672,,,False,40.733526793934345,0.0,39.06771943589691,3.2526911934581184,2.3,0
73,trip,3950,3968.5089706448603,z11,z10,toy-0009659,,,False,21.789265359063133,0.0,20.123458001025696,2.3,3.2526911934581184,0
29,trip,3950,3987.017941289721,z10,z30,toy-0009675,,,False,44.40049837944993,0.0,41.068883663375054,6.505382386916237,4.6,0
32,trip,3950,3965.3333333333335,z02,z02,toy-0009671,,,False,34.657221056446566,0.0,33.277221056446564,2.3,2.3,0
30,trip,3950,3991.387316555456,z10,z00,toy-0009681,,,False,38.32289682654506,0.0,34.598038336554026,5.142956348249516,7.273238618387272,0
47,trip,3950,3984.286375654997,z10,z12,toy-0009684,,,False,39.35596320981278,0.0,36.27018940086307,5.142956348249516,5.142956348249516,0
38,trip,3950,3973.0,z01,z11,toy-0009680,,,False,34.12630573748761,0.0,32.05630573748761,4.6,2.3,0
53,trip,3950,3997.2441287279576,z02,z01,toy-0009690,,,False,42.721305737487995,0.0,38.469334151971815,6.8999999999999995,7.273238618387272,0
71,trip,3950,3996.0,z02,z02,toy-0009693,,,False,32.3468376660256,0.0,28.2068376660256,6.8999999999999995,6.8999999999999995,0
44,trip,3950,3981.910795394624,z01,z31,toy-0009692,,,False,28.61700215135155,0.0,25.745030565835368,7.273238618387272,2.3,0
76,trip,3950,3983.8423039781937,z01,z20,toy-0009682,,,False,23.858950761551384,0.0,20.813143403513948,6.8999999999999995,3.2526911934581184,0
85,trip,3950,3965.3333333333335,z01,z21,toy-0009679,,,False,14.553942038709977,0.0,13.173942038709978,2.3,2.3,0
42,visit,3950,3982.277786895175,z30,z30,,depot_south,local,False,6.530910730264449,41.57408926973555,47.895,0.7,0,24.944453561841332
70,visit,3950,3960.0,z00,z00,,depot_west,local,True,19.555852902458152,4.444444444444445,23.790297346902598,0.7,0,2.666666666666667
79,visit,3950,3960.0,z00,z00,,depot_west,local,True,30.85033091087229,4.444444444444445,35.08477535531674,0.7,0,2.666666666666667
72,visit,3950,3960.0,z30,z30,,depot_south,local,True,34.633076305338044,4.444444444444445,38.867520749782486,0.7,0,2.666666666666667
0,trip,3960,3968.8333333333335,z32,z22,toy-0009720,,,False,16.696901780949236,0.0,15.901901780949236,0.35,2.3,0
3,trip,3960,3976.5,z12,z10,toy-0009713,,,False,27.00783442492674,0.0,25.522834424926742,0.35,4.6,0
5,trip,3960,3978.309854494165,z20,z32,toy-0009696,,,False,26.173824155718545,0.0,24.52593725124369,0.35,5.142956348249516,0
2,trip,3960,3968.8333333333335,z31,z21,toy-0009711,,,False,23.179970495768835,0.0,22.384970495768833,0.35,2.3,0
24,trip,3960,3972.0089706448603,z22,z11,toy-0009716,,,False,19.838251275144064,0.0,18.757443917106627,0.35,3.2526911934581184,0
12,trip,3960,3984.1666666666665,z00,z30,toy-0009694,,,False,33.02271943589646,0.0,30.84771943589646,0.35,6.8999999999999995,0
19,trip,3960,3972.0089706448603,z32,z21,toy-0009719,,,False,39.26434849373842,0.0,38.183541135700985,0.35,3.2526911934581184,0
10,trip,3960,3976.5,z21,z01,toy-0009705,,,False,21.902800875838977,0.0,20.417800875838978,0.35,4.6,0
72,trip,3960,3968.8333333333335,z30,z31,toy-0009697,,,False,38.86752074978226,0.0,38.07252074978226,0.35,2.3,0
59,trip,3960,3968.8333333333335,z21,z31,toy-0009706,,,False,44.5499999999998,0.0,43.7549999999998,0.35,2.3,0
1,trip,3960,3976.5,z11,z31,toy-0009702,,,False,38.520996758900864,0.0,37.035996758900865,0.35,4.6,0
77,trip,3960,3976.5,z20,z00,toy-0009695,,,False,11.363332804376823,0.0,9.878332804376823,0.35,4.6,0
78,trip,3960,3972.0089706448603,z21,z12,toy-0009707,,,False,23.350256499038753,0.0,22.269449141001317,0.35,3.2526911934581184,0
9,trip,3960,3972.0089706448603,z31,z22,toy-0009712,,,False,33.25761147497588,0.0,32.17680411693845,0.35,3.2526911934581184,0
7,trip,3960,3978.309854494165,z11,z30,toy-0009701,,,False,45.37630573748741,0.0,43.728418833012555,0.35,5.142956348249516,0
23,trip,3960,3984.809854494165,z31,z22,toy-0009699,,,False,22.831053283305828,0.0,20.598166378830975,2.3,5.142956348249516,0
39,trip,3960,3968.8333333333335,z31,z30,toy-0009709,,,False,24.499647175414985,0.0,23.704647175414983,0.35,2.3,0
58,trip,3960,3978.309854494165,z31,z10,toy-0009708,,,False,11.373842059638658,0.0,9.725955155163803,0.35,5.142956348249516,0
28,trip,3960,3984.809854494165,z22,z00,toy-0009704,,,False,43.14341883301281,0.0,40.91053192853796,2.3,5.142956348249516,0
27,trip,3960,3985.410795394624,z01,z32,toy-0009700,,,False,36.613883663375205,0.0,34.32691207785902,0.35,7.273238618387272,0
83,trip,3960,3978.309854494165,z22,z10,toy-0009715,,,False,19.074247471634752,0.0,17.426360567159897,0.35,5.142956348249516,0
69,trip,3960,3976.5,z31,z11,toy-0009710,,,False,22.492336045476062,0.0,21.007336045476062,0.35,4.6,0
33,trip,3960,3978.5089706448603,z32,z31,toy-0009717,,,False,29.631528687439094,0.0,27.965721329401656,2.3,3.2526911934581184,0
43,trip,3960,3978.309854494165,z11,z32,toy-0009703,,,False,40.50750001672588,0.0,38.859613112251026,0.35,5.142956348249516,0
81,trip,3960,3989.351274623054,z20,z12,toy-0009698,,,False,20.256038291917303,0.0,17.614423575842434,2.3,6.505382386916237,0
75,trip,3960,3978.309854494165,z12,z31,toy-0009714,,,False,22.535075611062435,0.0,20.88718870658758,0.35,5.142956348249516,0
61,trip,3960,3988.809226445224,z32,z00,toy-0009718,,,False,32.50903026127224,0.0,29.916199881202083,0.35,8.292767933567175,0
80,trip,3960,3975.3333333333335,z11,z22,toy-0009727,,,False,24.05744400639741,0.0,22.677444006397412,2.3,2.3,0
64,trip,3960,3991.910795394624,z32,z02,toy-0009732,,,False,37.3523625664555,0.0,34.48039098093932,2.3,7.273238618387272,0
68,trip,3960,3972.0089706448603,z11,z20,toy-0009724,,,False,8.888582275307039,0.0,7.807774917269604,0.35,3.2526911934581184,0
84,trip,3960,3978.5089706448603,z11,z32,toy-0009728,,,False,23.367148097547894,0.0,21.701340739510457,2.3,3.2526911934581184,0
86,trip,3960,3989.351274623054,z12,z00,toy-0009735,,,False,14.118797634739348,0.0,11.477182918664477,2.3,6.505382386916237,0
20,trip,3960,3987.985491805692,z10,z20,toy-0009729,,,False,31.60972457050066,0.0,29.09103030798837,5.142956348249516,3.2526911934581184,0
36,trip,3960,3984.809854494165,z10,z21,toy-0009731,,,False,21.69280087583849,0.0,19.459913971363633,5.142956348249516,2.3,0
82,trip,3960,3989.351274623054,z10,z31,toy-0009740,,,False,24.4552229499512,0.0,21.81360823387633,6.505382386916237,2.3,0
22,trip,3960,3983.0,z02,z21,toy-0009736,,,False,13.333776901683212,0.0,11.263776901683212,4.6,2.3,0
31,trip,3960,4006.0,z01,z01,toy-0009730,,,False,27.206091014873873,0.0,23.066091014873873,6.8999999999999995,6.8999999999999995,0
50,trip,3960,3983.0,z01,z20,toy-0009726,,,False,20.370814296855432,0.0,18.30081429685543,4.6,2.3,0
54,trip,3960,3978.5089706448603,z01,z22,toy-0009725,,,False,30.81416668339337,0.0,29.148359325355933,2.3,3.2526911934581184,0
52,trip,3960,4000.1431878274984,z02,z20,toy-0009739,,,False,36.606912077858986,0.0,32.99402517338413,6.8999999999999995,5.142956348249516,0
49,trip,3960,3978.309854494165,z00,z21,toy-0009721,,,False,15.91469730852984,0.0,14.266810404054986,0.35,5.142956348249516,0
74,trip,3960,3990.6666666666665,z01,z32,toy-0009734,,,False,32.68663258862144,0.0,29.926632588621445,6.8999999999999995,2.3,0
70,trip,3960,4009.327167734945,z00,z10,toy-0009738,,,False,23.79029734690237,0.0,19.35085225075735,8.292767933567175,6.505382386916237,0
79,trip,3960,3975.3333333333335,z00,z11,toy-0009722,,,False,35.08477535531651,0.0,33.70477535531651,2.3,2.3,0
37,visit,3960,4008.4293577726103,z21,z21,,depot_south,local,False,12.734557664332806,36.24124969370463,47.024192641962564,6.505382386916237,0,21.74474981622278
89,visit,3960,3980.3333333333335,z31,z31,,depot_south,local,False,26.74617181799707,0.0,25.36617181799707,4.6,0,0
56,visit,3960,3986.6846079563875,z21,z21,,depot_south,local,False,38.92014151000889,0.0,36.96852679393402,6.505382386916237,0,0
8,trip,3970,3982.0089706448603,z31,z22,toy-0009754,,,False,35.31230249638811,0.0,34.231495138350674,0.35,3.2526911934581184,0
35,trip,3970,3982.0089706448603,z11,z00,toy-0009745,,,False,22.90276732675114,0.0,21.821959968713703,0.35,3.2526911934581184,0
0,trip,3970,3978.8333333333335,z22,z12,toy-0009758,,,False,15.901901780949263,0.0,15.106901780949263,0.35,2.3,0
2,trip,3970,3982.0089706448603,z21,z30,toy-0009748,,,False,22.38497049576886,0.0,21.304163137731425,0.35,3.2526911934581184,0
13,trip,3970,3988.309854494165,z32,z11,toy-0009760,,,False,31.90891721246331,0.0,30.261030307988456,0.35,5.142956348249516,0
32,trip,3970,3992.851274623054,z02,z20,toy-0009756,,,False,33.27722105644659,0.0,31.22060634037172,0.35,6.505382386916237,0
48,trip,3970,3986.5,z10,z12,toy-0009742,,,False,40.50180411693813,0.0,39.01680411693813,0.35,4.6,0
45,trip,3970,3978.8333333333335,z20,z30,toy-0009743,,,False,40.76508942179131,0.0,39.97008942179131,0.35,2.3,0
14,trip,3970,3982.0089706448603,z01,z12,toy-0009744,,,False,36.79469102141284,0.0,35.713883663375405,0.35,3.2526911934581184,0
72,trip,3970,3995.410795394624,z31,z00,toy-0009751,,,False,38.072520749782285,0.0,35.7855491642661,0.35,7.273238618387272,0
51,trip,3970,3978.8333333333335,z21,z11,toy-0009749,,,False,34.78065423122575,0.0,33.98565423122575,0.35,2.3,0
17,trip,3970,3993.0,z22,z30,toy-0009759,,,False,29.199580077239638,0.0,27.129580077239638,2.3,4.6,0
73,trip,3970,3982.0089706448603,z10,z01,toy-0009741,,,False,20.123458001025707,0.0,19.04265064298827,0.35,3.2526911934581184,0
88,trip,3970,3988.309854494165,z31,z10,toy-0009752,,,False,47.30999999999971,0.0,45.66211309552486,0.35,5.142956348249516,0
21,trip,3970,3988.5089706448603,z22,z21,toy-0009761,,,False,46.229192641962975,0.0,44.56338528392554,2.3,3.2526911934581184,0
57,trip,3970,3988.309854494165,z21,z02,toy-0009750,,,False,39.067719435896926,0.0,37.419832531422074,0.35,5.142956348249516,0
11,trip,3970,3985.3333333333335,z30,z32,toy-0009755,,,False,22.516495138351374,0.0,21.136495138351375,2.3,2.3,0
60,trip,3970,3988.5089706448603,z20,z10,toy-0009747,,,False,29.925996758900528,0.0,28.26018940086309,2.3,3.2526911934581184,0
65,trip,3970,3978.8333333333335,z12,z11,toy-0009757,,,False,23.692183205823056,0.0,22.897183205823055,0.35,2.3,0
16,trip,3970,4008.3333333333335,z01,z11,toy-0009753,,,False,34.30853188182211,0.0,30.858531881822113,6.8999999999999995,4.6,0
63,trip,3970,3985.3333333333335,z30,z30,toy-0009772,,,False,7.939356084256318,0.0,6.559356084256318,2.3,2.3,0
85,visit,3970,4040.165727147984,z21,z21,,depot_south,central,False,13.173942038710004,35.80186531932743,47.024192641962564,6.505382386916237,0,21.48111919159646
39,visit,3970,3980.0,z30,z30,,depot_south,local,True,23.704647175415012,4.444444444444445,27.939091619859454,0.7,0,2.666666666666667
41,visit,3970,3980.0,z30,z30,,depot_south,local,True,33.69099675890043,4.444444444444445,37.925441203344874,0.7,0,2.666666666666667
59,visit,3970,3990.3333333333335,z31,z31,,depot_south,local,False,43.754999999999825,0.0,42.37499999999982,4.6,0,0
1,trip,3980,4005.410795394624,z31,z00,toy-0009791,,,False,37.03599675890086,0.0,34.74902517338467,0.35,7.273238618387272,0
0,trip,3980,3998.309854494165,z12,z00,toy-0009797,,,False,15.10690178094929,0.0,13.459014876474434,0.35,5.142956348249516,0
33,trip,3980,3996.5,z31,z11,toy-0009793,,,False,27.965721329401667,0.0,26.480721329401668,0.35,4.6,0
9,trip,3980,3988.8333333333335,z22,z21,toy-0009801,,,False,32.176804116938456,0.0,31.381804116938454,0.35,2.3,0
54,trip,3980,3998.309854494165,z22,z01,toy-0009799,,,False,29.148359325355944,0.0,27.50047242088109,0.35,5.142956348249516,0
24,trip,3980,3988.8333333333335,z11,z21,toy-0009788,,,False,18.75744391710664,0.0,17.96244391710664,0.35,2.3,0
87,trip,3980,4008.809226445224,z00,z32,toy-0009782,,,False,29.774058722472173,0.0,27.181228342402022,0.35,8.292767933567175,0
4,trip,3980,3998.309854494165,z01,z22,toy-0009786,,,False,31.032827396818263,0.0,29.384940492343407,0.35,5.142956348249516,0
38,trip,3980,3988.8333333333335,z11,z10,toy-0009787,,,False,32.05630573748761,0.0,31.26130573748761,0.35,2.3,0
80,trip,3980,3992.0089706448603,z22,z11,toy-0009800,,,False,22.677444006397437,0.0,21.59663664836,0.35,3.2526911934581184,0
5,trip,3980,4002.851274623054,z32,z10,toy-0009803,,,False,24.525937251243704,0.0,22.469322535168832,0.35,6.505382386916237,0
43,trip,3980,4004.1666666666665,z32,z02,toy-0009805,,,False,38.859613112251026,0.0,36.68461311225103,0.35,6.8999999999999995,0
68,trip,3980,3988.8333333333335,z20,z10,toy-0009783,,,False,7.807774917269615,0.0,7.012774917269615,0.35,2.3,0
3,trip,3980,4004.809854494165,z10,z01,toy-0009784,,,False,25.522834424926742,0.0,23.28994752045189,2.3,5.142956348249516,0
6,trip,3980,3995.3333333333335,z12,z32,toy-0009802,,,False,35.46316992449256,0.0,34.08316992449256,2.3,2.3,0
75,trip,3980,3988.8333333333335,z31,z21,toy-0009794,,,False,20.887188706587594,0.0,20.092188706587592,0.35,2.3,0
7,trip,3980,4010.6666666666665,z30,z01,toy-0009792,,,False,43.728418833012555,0.0,40.96841883301256,2.3,6.8999999999999995,0
84,trip,3980,3998.309854494165,z32,z20,toy-0009804,,,False,21.701340739510467,0.0,20.05345383503561,0.35,5.142956348249516,0
19,trip,3980,4011.910795394624,z21,z02,toy-0009795,,,False,38.18354113570099,0.0,35.311569550184814,2.3,7.273238618387272,0
46,trip,3980,3992.0089706448603,z21,z32,toy-0009790,,,False,47.02419264196234,0.0,45.943385283924904,0.35,3.2526911934581184,0
49,trip,3980,4003.0,z21,z20,toy-0009798,,,False,14.266810404054995,0.0,12.196810404054995,2.3,4.6,0
39,trip,3980,4004.809854494165,z30,z12,toy-0009796,,,False,27.93909161985923,0.0,25.706204715384374,2.3,5.142956348249516,0
41,trip,3980,3995.3333333333335,z30,z21,toy-0009785,,,False,37.92544120334465,0.0,36.545441203344645,2.3,2.3,0
55,trip,3980,3992.0089706448603,z21,z12,toy-0009789,,,False,35.573985233007086,0.0,34.49317787496965,0.35,3.2526911934581184,0
45,trip,3980,3998.5089706448603,z30,z20,toy-0009819,,,False,39.970089421791336,0.0,38.3042820637539,2.3,3.2526911934581184,0
78,trip,3980,3996.5,z12,z32,toy-0009824,,,False,22.26944914100133,0.0,20.784449141001332,0.35,4.6,0
67,trip,3980,4004.809854494165,z10,z12,toy-0009809,,,False,37.641339286575295,0.0,35.40845238210044,2.3,5.142956348249516,0
51,trip,3980,3995.3333333333335,z11,z31,toy-0009816,,,False,33.98565423122578,0.0,32.60565423122578,2.3,2.3,0
65,trip,3980,3998.309854494165,z11,z32,toy-0009812,,,False,22.897183205823083,0.0,21.249296301348227,0.35,5.142956348249516,0
69,trip,3980,3996.5,z11,z31,toy-0009811,,,False,21.007336045476062,0.0,19.522336045476063,0.35,4.6,0
83,trip,3980,3998.309854494165,z10,z22,toy-0009808,,,False,17.42636056715991,0.0,15.778473662685055,0.35,5.142956348249516,0
79,trip,3980,4007.985491805692,z11,z21,toy-0009827,,,False,33.704775355316535,0.0,31.186081092804244,5.142956348249516,3.2526911934581184,0
15,trip,3980,4010.6666666666665,z02,z22,toy-0009830,,,False,32.610189400863234,0.0,29.850189400863236,6.8999999999999995,2.3,0
18,trip,3980,4018.3333333333335,z02,z12,toy-0009829,,,False,34.16782739681841,0.0,30.71782739681841,6.8999999999999995,4.6,0
40,trip,3980,4011.910795394624,z02,z30,toy-0009820,,,False,26.867211771195148,0.0,23.995240185678966,7.273238618387272,2.3,0
62,trip,3980,4004.809854494165,z02,z22,toy-0009817,,,False,46.61999999999978,0.0,44.387113095524924,5.142956348249516,2.3,0
58,visit,3980,4023.711760240235,z10,z10,,depot_west,local,False,9.725955155163813,38.96404484483619,47.309999999999995,4.6,0,23.378426906901712
77,visit,3980,4032.2693336507073,z00,z00,,depot_west,central,False,9.878332804376823,38.226667195623186,47.89500000000001,0.7,0,22.93600031737391
10,visit,3980,4000.3333333333335,z01,z01,,depot_west,local,False,20.417800875838978,0.0,19.03780087583898,4.6,0,0
34,visit,3980,4000.3333333333335,z20,z20,,depot_south,local,False,35.8054983794504,0.0,34.425498379450396,4.6,0,0
25,visit,3980,4037.3504029614987,z02,z02,,depot_west,,False,8.240439508612887,41.139560491387115,46.620000000000005,9.2,0,24.68373629483227
44,trip,3990,4014.1666666666665,z31,z01,toy-0009836,,,False,25.745030565835386,0.0,23.570030565835385,0.35,6.8999999999999995,0
28,trip,3990,4006.5,z00,z20,toy-0009831,,,False,40.91053192853797,0.0,39.42553192853797,0.35,4.6,0
9,trip,3990,3998.8333333333335,z21,z11,toy-0009835,,,False,31.38180411693848,0.0,30.58680411693848,0.35,2.3,0
8,trip,3990,4002.0089706448603,z22,z31,toy-0009843,,,False,34.23149513835068,0.0,33.15068778031325,0.35,3.2526911934581184,0
23,trip,3990,4006.5,z22,z02,toy-0009844,,,False,20.59816637883098,0.0,19.113166378830982,0.35,4.6,0
38,trip,3990,4002.0089706448603,z10,z21,toy-0009832,,,False,31.26130573748764,0.0,30.180498379450203,0.35,3.2526911934581184,0
82,trip,3990,4006.5,z31,z11,toy-0009837,,,False,21.81360823387634,0.0,20.32860823387634,0.35,4.6,0
20,trip,3990,4008.309854494165,z20,z32,toy-0009833,,,False,29.09103030798837,0.0,27.443143403513513,0.35,5.142956348249516,0
11,trip,3990,4014.809854494165,z32,z10,toy-0009842,,,False,21.1364951383514,0.0,18.903608233876547,2.3,5.142956348249516,0
89,trip,3990,3998.8333333333335,z31,z21,toy-0009838,,,False,25.366171817997095,0.0,24.571171817997097,0.35,2.3,0
12,trip,3990,4008.5089706448603,z30,z22,toy-0009840,,,False,30.847719435896472,0.0,29.181912077859035,2.3,3.2526911934581184,0
27,trip,3990,4006.5,z32,z30,toy-0009845,,,False,34.326912077859035,0.0,32.841912077859035,0.35,4.6,0
21,trip,3990,4014.809854494165,z21,z12,toy-0009839,,,False,44.563385283925555,0.0,42.3304983794507,2.3,5.142956348249516,0
73,trip,3990,4008.309854494165,z01,z20,toy-0009834,,,False,19.042650642988285,0.0,17.39476373851343,0.35,5.142956348249516,0
22,trip,3990,4005.3333333333335,z21,z32,toy-0009841,,,False,11.263776901683213,0.0,9.883776901683213,2.3,2.3,0
14,trip,3990,4005.3333333333335,z12,z32,toy-0009864,,,False,35.71388366337541,0.0,34.33388366337541,2.3,2.3,0
24,trip,3990,4021.910795394624,z21,z00,toy-0009856,,,False,17.96244391710667,0.0,15.090472331590487,2.3,7.273238618387272,0
36,trip,3990,4025.0864327061513,z21,z01,toy-0009866,,,False,19.459913971363648,0.0,16.30213502781003,3.2526911934581184,7.273238618387272,0
29,trip,3990,4013.0,z30,z11,toy-0009859,,,False,41.06888366337505,0.0,38.99888366337505,2.3,4.6,0
42,trip,3990,4021.910795394624,z30,z02,toy-0009861,,,False,47.895000000000024,0.0,45.023028414483846,2.3,7.273238618387272,0
56,trip,3990,4008.5089706448603,z21,z31,toy-0009869,,,False,36.96852679393402,0.0,35.302719435896584,3.2526911934581184,2.3,0
47,trip,3990,4005.3333333333335,z12,z12,toy-0009863,,,False,36.27018940086307,0.0,34.890189400863065,2.3,2.3,0
50,trip,3990,4014.809854494165,z20,z11,toy-0009847,,,False,18.30081429685543,0.0,16.067927392380575,2.3,5.142956348249516,0
75,trip,3990,4017.985491805692,z21,z20,toy-0009865,,,False,20.09218870658762,0.0,17.57349444407533,3.2526911934581184,5.142956348249516,0
13,trip,3990,4002.0089706448603,z11,z20,toy-0009849,,,False,30.26103030798847,0.0,29.180222949951034,0.35,3.2526911934581184,0
66,trip,3990,3998.8333333333335,z11,z01,toy-0009850,,,False,18.567008438468566,0.0,17.772008438468568,0.35,2.3,0
48,trip,3990,4011.6846079563875,z12,z30,toy-0009853,,,False,39.016804116938125,0.0,37.065189400863254,3.2526911934581184,3.2526911934581184,0
60,trip,3990,4008.5089706448603,z10,z31,toy-0009854,,,False,28.2601894008631,0.0,26.594382042825664,3.2526911934581184,2.3,0
81,trip,3990,4017.985491805692,z12,z20,toy-0009858,,,False,17.614423575842444,0.0,15.095729313330153,5.142956348249516,3.2526911934581184,0
88,trip,3990,4011.6846079563875,z10,z10,toy-0009852,,,False,45.66211309552486,0.0,43.71049837944999,3.2526911934581184,3.2526911934581184,0
35,trip,3990,4011.6846079563875,z00,z22,toy-0009851,,,False,21.821959968713717,0.0,19.870345252638845,3.2526911934581184,3.2526911934581184,0
57,trip,3990,4023.8423039781937,z02,z21,toy-0009868,,,False,37.419832531422074,0.0,34.37402517338464,6.8999999999999995,3.2526911934581184,0
61,trip,3990,4034.785747606056,z00,z11,toy-0009867,,,False,29.916199881202086,0.0,25.885482596657077,8.292767933567175,5.142956348249516,0
86,trip,3990,4031.387316555456,z00,z10,toy-0009857,,,False,11.477182918664488,0.0,7.752324428673452,7.273238618387272,5.142956348249516,0
63,visit,3990,4022.2607196827794,z30,z30,,depot_south,local,False,6.559356084256345,41.54564391574365,47.894999999999996,0.7,0,24.92738634944619
76,visit,3990,4010.3333333333335,z20,z20,,depot_south,local,False,20.81314340351395,0.0,19.433143403513952,4.6,0,0
2,visit,3990,4000.0,z30,z30,,depot_south,local,True,21.30416313773144,4.444444444444445,25.538607582175885,0.7,0,2.666666666666667
68,visit,3990,4032.3396683829715,z10,z10,,depot_west,,False,7.012774917269643,41.67722508273036,47.31,4.6,0,25.006335049638214
83,trip,4000,4022.851274623054,z22,z00,toy-0009884,,,False,15.778473662685068,0.0,13.721858946610197,0.35,6.505382386916237,0
6,trip,4000,4018.5089706448603,z32,z11,toy-0009886,,,False,34.08316992449259,0.0,32.417362566455154,2.3,3.2526911934581184,0
55,trip,4000,4012.0089706448603,z12,z21,toy-0009883,,,False,34.49317787496966,0.0,33.41237051693223,0.35,3.2526911934581184,0
51,trip,4000,4012.0089706448603,z31,z22,toy-0009880,,,False,32.605654231225806,0.0,31.52484687318837,0.35,3.2526911934581184,0
0,trip,4000,4008.8333333333335,z00,z10,toy-0009870,,,False,13.459014876474445,0.0,12.664014876474445,0.35,2.3,0
46,trip,4000,4016.5,z32,z12,toy-0009889,,,False,45.94338528392491,0.0,44.45838528392491,0.35,4.6,0
65,trip,4000,4022.851274623054,z32,z10,toy-0009888,,,False,21.24929630134824,0.0,19.19268158527337,0.35,6.505382386916237,0
59,trip,4000,4008.8333333333335,z31,z32,toy-0009881,,,False,42.37499999999986,0.0,41.579999999999856,0.35,2.3,0
32,trip,4000,4012.0089706448603,z20,z31,toy-0009871,,,False,31.220606340371727,0.0,30.13979898233429,0.35,3.2526911934581184,0
69,trip,4000,4012.0089706448603,z31,z20,toy-0009876,,,False,19.522336045476063,0.0,18.441528687438627,0.35,3.2526911934581184,0
9,trip,4000,4029.351274623054,z11,z30,toy-0009882,,,False,30.586804116938506,0.0,27.945189400863637,2.3,6.505382386916237,0
2,trip,4000,4015.3333333333335,z30,z30,toy-0009877,,,False,25.538607582175658,0.0,24.15860758217566,2.3,2.3,0
74,trip,4000,4008.8333333333335,z32,z22,toy-0009890,,,False,29.92663258862146,0.0,29.131632588621457,0.35,2.3,0
17,trip,4000,4030.6666666666665,z30,z01,toy-0009878,,,False,27.129580077239638,0.0,24.36958007723964,2.3,6.8999999999999995,0
41,trip,4000,4023.0,z21,z20,toy-0009885,,,False,36.54544120334467,0.0,34.47544120334467,2.3,4.6,0
89,trip,4000,4008.8333333333335,z21,z22,toy-0009875,,,False,24.571171817997122,0.0,23.776171817997124,0.35,2.3,0
33,trip,4000,4015.3333333333335,z11,z20,toy-0009872,,,False,26.480721329401668,0.0,25.10072132940167,2.3,2.3,0
78,trip,4000,4015.3333333333335,z32,z21,toy-0009887,,,False,20.784449141001332,0.0,19.404449141001333,2.3,2.3,0
45,trip,4000,4027.985491805692,z20,z12,toy-0009879,,,False,38.30428206375392,0.0,35.785587801241626,3.2526911934581184,5.142956348249516,0
80,trip,4000,4024.809854494165,z11,z02,toy-0009873,,,False,21.596636648360015,0.0,19.36374974388516,2.3,5.142956348249516,0
84,trip,4000,4018.5089706448603,z20,z12,toy-0009874,,,False,20.053453835035626,0.0,18.38764647699819,2.3,3.2526911934581184,0
53,trip,4000,4008.8333333333335,z01,z02,toy-0009899,,,False,38.469334151971815,0.0,37.67433415197181,0.35,2.3,0
54,trip,4000,4024.809854494165,z01,z30,toy-0009900,,,False,27.500472420881103,0.0,25.26758551640625,2.3,5.142956348249516,0
66,trip,4000,4040.1431878274984,z01,z10,toy-0009907,,,False,17.772008438468593,0.0,14.159121533993739,6.8999999999999995,5.142956348249516,0
30,trip,4000,4031.910795394624,z00,z30,toy-0009898,,,False,34.598038336554026,0.0,31.726066751037845,2.3,7.273238618387272,0
64,trip,4000,4039.577462061291,z02,z11,toy-0009908,,,False,34.48039098093933,0.0,30.91841939542315,7.273238618387272,4.6,0
71,trip,4000,4031.910795394624,z02,z21,toy-0009909,,,False,28.206837666025606,0.0,25.334866080509425,7.273238618387272,2.3,0
72,trip,4000,4015.3333333333335,z00,z11,toy-0009892,,,False,35.785549164266115,0.0,34.40554916426611,2.3,2.3,0
4,visit,4000,4039.286375654997,z22,z22,,depot_south,local,False,29.38494049234342,0.0,26.29916668339371,10.285912696499032,0,0
14,trip,4010,4018.8333333333335,z32,z22,toy-0009934,,,False,34.33388366337544,0.0,33.53888366337544,0.35,2.3,0
20,trip,4010,4028.309854494165,z32,z11,toy-0009933,,,False,27.443143403513528,0.0,25.795256499038672,0.35,5.142956348249516,0
22,trip,4010,4026.5,z32,z30,toy-0009931,,,False,9.883776901683241,0.0,8.398776901683242,0.35,4.6,0
37,trip,4010,4018.8333333333335,z21,z31,toy-0009921,,,False,47.02419264196259,0.0,46.22919264196259,0.35,2.3,0
13,trip,4010,4018.8333333333335,z20,z21,toy-0009918,,,False,29.180222949951048,0.0,28.38522294995105,0.35,2.3,0
8,trip,4010,4035.410795394624,z31,z02,toy-0009926,,,False,33.150687780313255,0.0,30.863716194797075,0.35,7.273238618387272,0
56,trip,4010,4018.8333333333335,z31,z21,toy-0009925,,,False,35.3027194358966,0.0,34.5077194358966,0.35,2.3,0
28,trip,4010,4022.0089706448603,z20,z11,toy-0009917,,,False,39.425531928537964,0.0,38.34472457050053,0.35,3.2526911934581184,0
12,trip,4010,4028.309854494165,z22,z01,toy-0009929,,,False,29.181912077859046,0.0,27.53402517338419,0.35,5.142956348249516,0
60,trip,4010,4028.309854494165,z31,z12,toy-0009927,,,False,26.59438204282568,0.0,24.946495138350823,0.35,5.142956348249516,0
16,trip,4010,4028.309854494165,z11,z32,toy-0009919,,,False,30.8585318818221,0.0,29.210644977347243,0.35,5.142956348249516,0
59,trip,4010,4028.309854494165,z32,z20,toy-0009930,,,False,41.579999999999885,0.0,39.93211309552503,0.35,5.142956348249516,0
87,trip,4010,4035.410795394624,z32,z01,toy-0009932,,,False,27.181228342402026,0.0,24.894256756885845,0.35,7.273238618387272,0
27,trip,4010,4028.5089706448603,z30,z22,toy-0009928,,,False,32.84191207785903,0.0,31.17610471982159,2.3,3.2526911934581184,0
38,trip,4010,4025.3333333333335,z21,z30,toy-0009924,,,False,30.180498379450217,0.0,28.800498379450218,2.3,2.3,0
79,trip,4010,4041.910795394624,z21,z00,toy-0009922,,,False,31.186081092804244,0.0,28.314109507288062,2.3,7.273238618387272,0
26,trip,4010,4034.809854494165,z22,z00,toy-0009920,,,False,46.45711309552535,0.0,44.2242261910505,2.3,5.142956348249516,0
34,trip,4010,4031.6846079563875,z20,z20,toy-0009923,,,False,34.42549837945043,0.0,32.47388366337556,3.2526911934581184,3.2526911934581184,0
62,trip,4010,4018.8333333333335,z22,z32,toy-0009949,,,False,44.38711309552494,0.0,43.59211309552494,0.35,2.3,0
49,trip,4010,4028.5089706448603,z20,z32,toy-0009943,,,False,12.196810404054995,0.0,10.53100304601756,3.2526911934581184,2.3,0
74,trip,4010,4028.309854494165,z22,z10,toy-0009946,,,False,29.131632588621486,0.0,27.48374568414663,0.35,5.142956348249516,0
89,trip,4010,4039.351274623054,z22,z10,toy-0009950,,,False,23.77617181799715,0.0,21.13455710192228,2.3,6.505382386916237,0
52,trip,4010,4028.309854494165,z20,z32,toy-0009936,,,False,32.994025173384124,0.0,31.346138268909268,0.35,5.142956348249516,0
73,trip,4010,4026.5,z20,z00,toy-0009935,,,False,17.394763738513443,0.0,15.909763738513444,0.35,4.6,0
82,trip,4010,4028.5089706448603,z11,z10,toy-0009938,,,False,20.32860823387634,0.0,18.662800875838904,2.3,3.2526911934581184,0
0,trip,4010,4037.985491805692,z10,z22,toy-0009942,,,False,12.664014876474472,0.0,10.14532061396218,5.142956348249516,3.2526911934581184,0
5,trip,4010,4050.1431878274984,z10,z01,toy-0009940,,,False,22.469322535168846,0.0,18.85643563069399,5.142956348249516,6.8999999999999995,0
39,trip,4010,4042.476521160832,z12,z11,toy-0009941,,,False,25.706204715384384,0.0,22.78331781090953,5.142956348249516,4.6,0
23,trip,4010,4026.5,z02,z22,toy-0009944,,,False,19.113166378830982,0.0,17.628166378830983,0.35,4.6,0
67,trip,4010,4025.3333333333335,z12,z21,toy-0009947,,,False,35.40845238210046,0.0,34.028452382100454,2.3,2.3,0
43,trip,4010,4036.175637311527,z02,z31,toy-0009948,,,False,36.684613112251036,0.0,34.3288057542136,4.6,3.2526911934581184,0
70,trip,4010,4039.351274623054,z10,z31,toy-0009951,,,False,19.350852250757335,0.0,16.709237534682465,6.505382386916237,2.3,0
3,trip,4010,4033.0,z01,z22,toy-0009939,,,False,23.289947520451896,0.0,21.219947520451896,4.6,2.3,0
53,trip,4010,4028.5089706448603,z02,z01,toy-0009945,,,False,37.67433415197184,0.0,36.00852679393441,2.3,3.2526911934581184,0
10,trip,4010,4028.5089706448603,z01,z00,toy-0009937,,,False,19.037800875839004,0.0,17.371993517801567,2.3,3.2526911934581184,0
47,visit,4010,4071.286375654997,z12,z12,,depot_west,central,False,34.89018940086309,0.0,31.804415591913383,10.285912696499032,0,0
1,visit,4010,4020.0,z00,z00,,depot_west,,True,34.74902517338469,9.444444444444446,43.98346961782914,0.7,0,5.666666666666668
7,trip,4020,4045.410795394624,z01,z32,toy-0009954,,,False,40.96841883301257,0.0,38.681447247496386,0.35,7.273238618387272,0
32,trip,4020,4038.309854494165,z31,z10,toy-0009961,,,False,30.139798982334305,0.0,28.49191207785945,0.35,5.142956348249516,0
62,trip,4020,4036.5,z32,z12,toy-0009971,,,False,43.592113095524965,0.0,42.107113095524966,0.35,4.6,0
14,trip,4020,4036.5,z22,z20,toy-0009967,,,False,33.538883663375465,0.0,32.053883663375466,0.35,4.6,0
15,trip,4020,4038.5089706448603,z22,z21,toy-0009970,,,False,29.85018940086325,0.0,28.184382042825813,2.3,3.2526911934581184,0
33,trip,4020,4028.8333333333335,z20,z30,toy-0009953,,,False,25.100721329401694,0.0,24.305721329401692,0.35,2.3,0
37,trip,4020,4032.0089706448603,z31,z20,toy-0009962,,,False,46.22919264196262,0.0,45.14838528392519,0.35,3.2526911934581184,0
13,trip,4020,4032.0089706448603,z21,z32,toy-0009960,,,False,28.385222949951075,0.0,27.30441559191364,0.35,3.2526911934581184,0
55,trip,4020,4028.8333333333335,z21,z20,toy-0009957,,,False,33.412370516932235,0.0,32.61737051693223,0.35,2.3,0
6,trip,4020,4032.0089706448603,z11,z22,toy-0009956,,,False,32.41736256645517,0.0,31.33655520841773,0.35,3.2526911934581184,0
56,trip,4020,4032.0089706448603,z21,z30,toy-0009958,,,False,34.507719435896625,0.0,33.42691207785919,0.35,3.2526911934581184,0
11,trip,4020,4038.309854494165,z10,z31,toy-0009952,,,False,18.903608233876554,0.0,17.2557213294017,0.35,5.142956348249516,0
19,trip,4020,4038.309854494165,z02,z21,toy-0009966,,,False,35.31156955018483,0.0,33.663682645709976,0.35,5.142956348249516,0
2,trip,4020,4035.3333333333335,z30,z32,toy-0009965,,,False,24.158607582175684,0.0,22.778607582175685,2.3,2.3,0
35,trip,4020,4032.0089706448603,z22,z11,toy-0009968,,,False,19.87034525263884,0.0,18.789537894601406,0.35,3.2526911934581184,0
48,trip,4020,4035.3333333333335,z30,z21,toy-0009963,,,False,37.065189400863254,0.0,35.68518940086325,2.3,2.3,0
29,trip,4020,4028.8333333333335,z11,z10,toy-0009955,,,False,38.99888366337505,0.0,38.203883663375045,0.35,2.3,0
78,trip,4020,4044.809854494165,z21,z12,toy-0009964,,,False,19.404449141001358,0.0,17.171562236526505,2.3,5.142956348249516,0
51,trip,4020,4028.8333333333335,z22,z12,toy-0009969,,,False,31.52484687318838,0.0,30.72984687318838,0.35,2.3,0
50,trip,4020,4035.3333333333335,z11,z31,toy-0009959,,,False,16.067927392380586,0.0,14.687927392380587,2.3,2.3,0
18,trip,4020,4028.8333333333335,z12,z11,toy-0009984,,,False,30.717827396818397,0.0,29.9228273968184,0.35,2.3,0
69,trip,4020,4035.3333333333335,z20,z11,toy-0009976,,,False,18.44152868743864,0.0,17.061528687438642,2.3,2.3,0
21,trip,4020,4052.476521160832,z12,z11,toy-0009986,,,False,42.33049837945072,0.0,39.40761147497586,4.6,5.142956348249516,0
46,trip,4020,4036.5,z12,z10,toy-0009983,,,False,44.458385283924905,0.0,42.973385283924905,0.35,4.6,0
72,trip,4020,4044.809854494165,z11,z22,toy-0009988,,,False,34.40554916426614,0.0,32.17266225979129,5.142956348249516,2.3,0
75,trip,4020,4046.175637311527,z20,z11,toy-0009980,,,False,17.573494444075326,0.0,15.217687086037891,3.2526911934581184,4.6,0
76,trip,4020,4044.809854494165,z20,z31,toy-0009987,,,False,19.433143403513977,0.0,17.20025649903912,5.142956348249516,2.3,0
81,trip,4020,4038.309854494165,z20,z01,toy-0009972,,,False,15.095729313330153,0.0,13.447842408855298,0.35,5.142956348249516,0
88,trip,4020,4061.387316555456,z10,z00,toy-0009978,,,False,43.71049837944999,0.0,39.98563988945895,5.142956348249516,7.273238618387272,0
31,trip,4020,4067.2441287279576,z01,z02,toy-0009981,,,False,23.06609101487388,0.0,18.8141194293577,6.8999999999999995,7.273238618387272,0
44,trip,4020,4046.175637311527,z01,z12,toy-0009977,,,False,23.570030565835403,0.0,21.214223207797968,4.6,3.2526911934581184,0
1,trip,4020,4055.0864327061513,z00,z22,toy-0009982,,,False,43.9834696178289,0.0,40.825690674275286,7.273238618387272,3.2526911934581184,0
84,visit,4020,4059.286375654997,z12,z12,,depot_west,local,False,18.3876464769982,0.0,15.301872668048489,10.285912696499032,0,0
40,visit,4020,4030.0,z30,z30,,depot_south,local,True,23.995240185678984,4.444444444444445,28.22968463012343,0.7,0,2.666666666666667
41,trip,4030,4048.309854494165,z20,z12,toy-0009991,,,False,34.47544120334467,0.0,32.82755429886982,0.35,5.142956348249516,0
45,trip,4030,4046.5,z12,z32,toy-0010002,,,False,35.785587801241626,0.0,34.300587801241626,0.35,4.6,0
23,trip,4030,4038.8333333333335,z22,z32,toy-0010004,,,False,17.628166378830983,0.0,16.83316637883098,0.35,2.3,0
16,trip,4030,4046.5,z32,z30,toy-0010006,,,False,29.210644977347258,0.0,27.725644977347258,0.35,4.6,0
49,trip,4030,4054.1666666666665,z32,z02,toy-0010007,,,False,10.53100304601757,0.0,8.35600304601757,0.35,6.8999999999999995,0
57,trip,4030,4038.8333333333335,z21,z22,toy-0009997,,,False,34.37402517338464,0.0,33.579025173384636,0.35,2.3,0
9,trip,4030,4045.3333333333335,z30,z21,toy-0010000,,,False,27.945189400863647,0.0,26.565189400863648,2.3,2.3,0
29,trip,4030,4052.851274623054,z10,z32,toy-0009989,,,False,38.20388366337507,0.0,36.147268947300205,0.35,6.505382386916237,0
27,trip,4030,4046.5,z22,z02,toy-0010003,,,False,31.176104719821605,0.0,29.691104719821606,0.35,4.6,0
33,trip,4030,4045.3333333333335,z30,z32,toy-0010001,,,False,24.30572132940172,0.0,22.92572132940172,2.3,2.3,0
38,trip,4030,4055.410795394624,z30,z01,toy-0009992,,,False,28.800498379450243,0.0,26.513526793934062,0.35,7.273238618387272,0
67,trip,4030,4046.5,z21,z01,toy-0009996,,,False,34.02845238210048,0.0,32.54345238210048,0.35,4.6,0
40,trip,4030,4072.9758931118904,z30,z00,toy-0010005,,,False,28.229684630123202,0.0,24.36185425005305,4.6,8.292767933567175,0
59,trip,4030,4038.8333333333335,z20,z10,toy-0009990,,,False,39.93211309552503,0.0,39.13711309552503,0.35,2.3,0
12,trip,4030,4046.5,z01,z21,toy-0009993,,,False,27.534025173384205,0.0,26.049025173384205,0.35,4.6,0
18,trip,4030,4042.0089706448603,z11,z02,toy-0009995,,,False,29.922827396818423,0.0,28.842020038780987,0.35,3.2526911934581184,0
20,trip,4030,4042.0089706448603,z11,z20,toy-0009994,,,False,25.795256499038686,0.0,24.71444914100125,0.35,3.2526911934581184,0
54,trip,4030,4060.6666666666665,z30,z01,toy-0009999,,,False,25.267585516406257,0.0,22.50758551640626,2.3,6.8999999999999995,0
63,trip,4030,4054.809854494165,z30,z10,toy-0009998,,,False,47.89500000000029,0.0,45.662113095525434,2.3,5.142956348249516,0
51,trip,4030,4067.017941289721,z12,z10,toy-0010025,,,False,30.729846873188407,0.0,27.398232157113537,4.6,6.505382386916237,0
28,trip,4030,4048.5089706448603,z11,z32,toy-0010013,,,False,38.34472457050054,0.0,36.678917212463105,2.3,3.2526911934581184,0
60,trip,4030,4056.175637311527,z12,z21,toy-0010027,,,False,24.946495138350837,0.0,22.590687780313402,4.6,3.2526911934581184,0
42,trip,4030,4054.809854494165,z02,z20,toy-0010019,,,False,45.02302841448386,0.0,42.79014151000901,2.3,5.142956348249516,0
36,trip,4030,4045.3333333333335,z01,z21,toy-0010009,,,False,16.30213502781003,0.0,14.922135027810032,2.3,2.3,0
22,trip,4030,4048.5089706448603,z30,z20,toy-0010014,,,False,8.398776901683242,0.0,6.732969543645806,2.3,3.2526911934581184,0
58,trip,4030,4075.928736684345,z10,z01,toy-0010026,,,False,47.30999999999967,0.0,43.176413698408616,6.505382386916237,7.273238618387272,0
53,trip,4030,4064.286375654997,z01,z30,toy-0010023,,,False,36.00852679393442,0.0,32.92275298498471,5.142956348249516,5.142956348249516,0
65,trip,4030,4059.351274623054,z10,z31,toy-0010028,,,False,19.192681585273384,0.0,16.551066869198515,6.505382386916237,2.3,0
74,trip,4030,4045.3333333333335,z10,z01,toy-0010008,,,False,27.483745684146644,0.0,26.103745684146645,2.3,2.3,0
82,trip,4030,4064.286375654997,z10,z12,toy-0010016,,,False,18.662800875838915,0.0,15.577027066889205,5.142956348249516,5.142956348249516,0
10,trip,4030,4062.526911934581,z00,z31,toy-0010024,,,False,17.371993517801577,0.0,14.444571443689272,6.505382386916237,3.2526911934581184,0
73,trip,4030,4054.809854494165,z00,z31,toy-0010011,,,False,15.909763738513446,0.0,13.676876834038591,5.142956348249516,2.3,0
83,trip,4030,4064.286375654997,z00,z02,toy-0010012,,,False,13.721858946610208,0.0,10.636085137660498,5.142956348249516,5.142956348249516,0
24,visit,4030,4040.0,z00,z00,,depot_west,local,True,15.090472331590501,4.444444444444445,19.324916776034947,0.7,0,2.666666666666667
80,visit,4030,4065.6666666666665,z02,z02,,depot_west,local,False,19.36374974388517,0.0,16.603749743885167,9.2,0,0
52,visit,4030,4065.6666666666665,z32,z32,,depot_south,local,False,31.346138268909275,0.0,28.586138268909274,9.2,0,0
55,visit,4030,4072.3333333333335,z20,z20,,depot_south,central,False,32.61737051693226,0.0,31.237370516932263,4.6,0,0
11,trip,4040,4048.8333333333335,z31,z21,toy-0010039,,,False,17.255721329401712,0.0,16.460721329401714,0.35,2.3,0
2,trip,4040,4048.8333333333335,z32,z22,toy-0010044,,,False,22.77860758217571,0.0,21.983607582175708,0.35,2.3,0
34,trip,4040,4056.5,z20,z22,toy-0010032,,,False,32.47388366337556,0.0,30.98888366337556,0.35,4.6,0
37,trip,4040,4048.8333333333335,z20,z21,toy-0010031,,,False,45.148385283925194,0.0,44.35338528392519,0.35,2.3,0
19,trip,4040,4052.0089706448603,z21,z10,toy-0010035,,,False,33.663682645709976,0.0,32.58287528767254,0.35,3.2526911934581184,0
30,trip,4040,4068.809226445224,z30,z02,toy-0010033,,,False,31.726066751037862,0.0,29.13323637096771,0.35,8.292767933567175,0
43,trip,4040,4048.8333333333335,z31,z30,toy-0010038,,,False,34.32880575421359,0.0,33.53380575421359,0.35,2.3,0
48,trip,4040,4058.309854494165,z21,z00,toy-0010034,,,False,35.68518940086328,0.0,34.03730249638843,0.35,5.142956348249516,0
71,trip,4040,4048.8333333333335,z21,z20,toy-0010036,,,False,25.334866080509443,0.0,24.53986608050944,0.35,2.3,0
50,trip,4040,4065.410795394624,z31,z00,toy-0010037,,,False,14.687927392380614,0.0,12.400955806864431,0.35,7.273238618387272,0
70,trip,4040,4048.8333333333335,z31,z32,toy-0010040,,,False,16.709237534682476,0.0,15.914237534682476,0.35,2.3,0
13,trip,4040,4056.5,z32,z12,toy-0010043,,,False,27.304415591913653,0.0,25.819415591913653,0.35,4.6,0
24,trip,4040,4062.851274623054,z00,z22,toy-0010030,,,False,19.32491677603472,0.0,17.268302059959847,0.35,6.505382386916237,0
77,trip,4040,4052.0089706448603,z00,z11,toy-0010029,,,False,47.89499999999982,0.0,46.814192641962386,0.35,3.2526911934581184,0
0,trip,4040,4048.8333333333335,z22,z21,toy-0010042,,,False,10.145320613962177,0.0,9.350320613962177,0.35,2.3,0
3,trip,4040,4058.309854494165,z22,z01,toy-0010041,,,False,21.219947520451896,0.0,19.57206061597704,0.35,5.142956348249516,0
4,trip,4040,4052.0089706448603,z22,z11,toy-0010059,,,False,26.299166683393707,0.0,25.21835932535627,0.35,3.2526911934581184,0
23,trip,4040,4058.5089706448603,z32,z22,toy-0010055,,,False,16.83316637883101,0.0,15.167359020793574,2.3,3.2526911934581184,0
56,trip,4040,4071.910795394624,z30,z02,toy-0010054,,,False,33.4269120778592,0.0,30.554940492343018,2.3,7.273238618387272,0
6,trip,4040,4058.5089706448603,z22,z32,toy-0010056,,,False,31.336555208417742,0.0,29.670747850380305,3.2526911934581184,2.3,0
57,trip,4040,4067.985491805692,z22,z10,toy-0010050,,,False,33.579025173384665,0.0,31.060330910872374,3.2526911934581184,5.142956348249516,0
62,trip,4040,4055.3333333333335,z12,z12,toy-0010060,,,False,42.10711309552496,0.0,40.727113095524956,2.3,2.3,0
35,trip,4040,4067.985491805692,z11,z10,toy-0010058,,,False,18.78953789460142,0.0,16.27084363208913,3.2526911934581184,5.142956348249516,0
64,trip,4040,4063.0,z11,z21,toy-0010053,,,False,30.91841939542314,0.0,28.84841939542314,4.6,2.3,0
69,trip,4040,4064.809854494165,z11,z31,toy-0010063,,,False,17.061528687438667,0.0,14.828641782963812,5.142956348249516,2.3,0
46,trip,4040,4048.8333333333335,z10,z00,toy-0010045,,,False,42.9733852839249,0.0,42.1783852839249,0.35,2.3,0
59,trip,4040,4058.309854494165,z10,z22,toy-0010047,,,False,39.13711309552506,0.0,37.48922619105021,0.35,5.142956348249516,0
17,trip,4040,4048.8333333333335,z01,z11,toy-0010048,,,False,24.36958007723965,0.0,23.574580077239652,0.35,2.3,0
8,trip,4040,4055.3333333333335,z02,z02,toy-0010057,,,False,30.863716194797085,0.0,29.483716194797086,2.3,2.3,0
68,trip,4040,4067.985491805692,z10,z20,toy-0010051,,,False,47.31000000000039,0.0,44.7913057374881,5.142956348249516,3.2526911934581184,0
89,trip,4040,4052.0089706448603,z10,z21,toy-0010046,,,False,21.13455710192229,0.0,20.053749743884854,0.35,3.2526911934581184,0
25,trip,4040,4080.1431878274984,z02,z20,toy-0010061,,,False,46.61999999999989,0.0,43.007113095525035,6.8999999999999995,5.142956348249516,0
81,trip,4040,4081.387316555456,z01,z11,toy-0010062,,,False,13.447842408855308,0.0,9.722983918864273,7.273238618387272,5.142956348249516,0
87,trip,4040,4063.0,z01,z11,toy-0010049,,,False,24.894256756885863,0.0,22.824256756885863,4.6,2.3,0
61,visit,4040,4066.6846079563875,z11,z11,,depot_west,local,False,25.885482596657067,0.0,23.933867880582195,6.505382386916237,0,0
15,visit,4040,4088.6846079563875,z21,z21,,depot_south,central,False,28.184382042825824,0.0,26.232767326750952,6.505382386916237,0,0
32,visit,4040,4060.3333333333335,z10,z10,,depot_west,local,False,28.491912077859464,0.0,27.111912077859465,4.6,0,0
14,visit,4040,4060.3333333333335,z20,z20,,depot_south,local,False,32.05388366337546,0.0,30.67388366337546,4.6,0,0
26,visit,4040,4050.0,z00,z00,,depot_west,local,True,44.22422619105051,3.8807738089494848,47.894999999999996,0.7,0,2.328464285369691
86,visit,4040,4081.8959386761294,z10,z10,,depot_west,,False,7.752324428673449,40.93767557132655,47.309999999999995,4.6,0,24.562605342795933
9,trip,4050,4058.8333333333335,z21,z31,toy-0010071,,,False,26.565189400863673,0.0,25.77018940086367,0.35,2.3,0
16,trip,4050,4068.309854494165,z30,z22,toy-0010067,,,False,27.725644977347258,0.0,26.077758072872403,0.35,5.142956348249516,0
2,trip,4050,4066.5,z22,z20,toy-0010077,,,False,21.983607582175736,0.0,20.498607582175737,0.35,4.6,0
72,trip,4050,4058.8333333333335,z22,z32,toy-0010079,,,False,32.1726622597913,0.0,31.3776622597913,0.35,2.3,0
66,trip,4050,4066.5,z10,z12,toy-0010064,,,False,14.159121533993735,0.0,12.674121533993736,0.35,4.6,0
41,trip,4050,4062.0089706448603,z12,z21,toy-0010076,,,False,32.82755429886982,0.0,31.746746940832384,0.35,3.2526911934581184,0
20,trip,4050,4062.0089706448603,z20,z11,toy-0010065,,,False,24.714449141001264,0.0,23.633641782963828,0.35,3.2526911934581184,0
7,trip,4050,4062.0089706448603,z32,z21,toy-0010080,,,False,38.6814472474964,0.0,37.60063988945897,0.35,3.2526911934581184,0
11,trip,4050,4062.0089706448603,z21,z12,toy-0010072,,,False,16.46072132940174,0.0,15.379913971364303,0.35,3.2526911934581184,0
12,trip,4050,4062.0089706448603,z21,z30,toy-0010070,,,False,26.049025173384205,0.0,24.96821781534677,0.35,3.2526911934581184,0
17,trip,4050,4058.8333333333335,z11,z12,toy-0010069,,,False,23.574580077239677,0.0,22.77958007723968,0.35,2.3,0
76,trip,4050,4068.309854494165,z31,z12,toy-0010075,,,False,17.200256499039135,0.0,15.55236959456428,0.35,5.142956348249516,0
74,trip,4050,4068.309854494165,z01,z22,toy-0010068,,,False,26.10374568414667,0.0,24.455858779671814,0.35,5.142956348249516,0
28,trip,4050,4073.0,z32,z11,toy-0010074,,,False,36.67891721246312,0.0,34.60891721246312,2.3,4.6,0
36,trip,4050,4068.5089706448603,z21,z31,toy-0010078,,,False,14.922135027810059,0.0,13.256327669772624,2.3,3.2526911934581184,0
37,trip,4050,4058.8333333333335,z21,z22,toy-0010073,,,False,44.35338528392522,0.0,43.55838528392522,0.35,2.3,0
71,trip,4050,4068.309854494165,z20,z32,toy-0010066,,,False,24.53986608050947,0.0,22.891979176034614,0.35,5.142956348249516,0
43,trip,4050,4068.5089706448603,z30,z31,toy-0010082,,,False,33.53380575421362,0.0,31.86799839617618,2.3,3.2526911934581184,0
39,trip,4050,4068.309854494165,z11,z30,toy-0010084,,,False,22.783317810909516,0.0,21.13543090643466,0.35,5.142956348249516,0
70,trip,4050,4075.410795394624,z32,z01,toy-0010096,,,False,15.914237534682503,0.0,13.627265949166322,0.35,7.273238618387272,0
85,trip,4050,4082.526911934581,z21,z10,toy-0010094,,,False,47.02419264196257,0.0,44.096770567850264,3.2526911934581184,6.505382386916237,0
18,trip,4050,4080.6666666666665,z02,z31,toy-0010083,,,False,28.842020038781,0.0,26.082020038781003,2.3,6.8999999999999995,0
75,trip,4050,4073.0,z11,z21,toy-0010090,,,False,15.217687086037877,0.0,13.147687086037877,4.6,2.3,0
44,trip,4050,4074.809854494165,z12,z32,toy-0010092,,,False,21.21422320779795,0.0,18.981336303323097,5.142956348249516,2.3,0
26,trip,4050,4085.0864327061513,z00,z22,toy-0010091,,,False,47.894999999999854,0.0,44.73722105644624,7.273238618387272,3.2526911934581184,0
27,trip,4050,4081.910795394624,z02,z30,toy-0010089,,,False,29.691104719821606,0.0,26.819133134305424,7.273238618387272,2.3,0
46,trip,4050,4076.175637311527,z00,z31,toy-0010085,,,False,42.178385283924925,0.0,39.82257792588749,3.2526911934581184,4.6,0
79,trip,4050,4085.309226445224,z00,z22,toy-0010098,,,False,28.314109507288077,0.0,25.136279127217925,8.292767933567175,2.3,0
0,visit,4050,4100.459900002833,z21,z21,,depot_south,local,False,9.350320613962204,39.62548674407523,47.024192641962564,6.505382386916237,0,23.775292046445138
78,visit,4050,4089.286375654997,z12,z12,,depot_west,local,False,17.171562236526512,0.0,14.085788427576801,10.285912696499032,0,0
33,visit,4050,4085.6666666666665,z32,z32,,depot_south,local,False,22.925721329401746,0.0,20.165721329401748,9.2,0,0
67,visit,4050,4070.3333333333335,z01,z01,,depot_west,local,False,32.543452382100476,0.0,31.163452382100477,4.6,0,0
45,visit,4050,4085.6666666666665,z32,z32,,depot_south,local,False,34.30058780124162,0.0,31.54058780124162,9.2,0,0
22,visit,4050,4092.5075516071456,z20,z20,,depot_south,,False,6.732969543645819,41.95703045635418,47.309999999999995,4.6,0,25.174218273812507
9,trip,4060,4084.1666666666665,z31,z01,toy-0010104,,,False,25.7701894008637,0.0,23.5951894008637,0.35,6.8999999999999995,0
6,trip,4060,4076.5,z32,z12,toy-0010112,,,False,29.67074785038032,0.0,28.18574785038032,0.35,4.6,0
65,trip,4060,4085.410795394624,z31,z00,toy-0010102,,,False,16.551066869198525,0.0,14.264095283682344,0.35,7.273238618387272,0
73,trip,4060,4078.309854494165,z31,z10,toy-0010103,,,False,13.6768768340386,0.0,12.028989929563746,0.35,5.142956348249516,0
29,trip,4060,4083.0,z32,z11,toy-0010105,,,False,36.14726894730021,0.0,34.07726894730021,2.3,4.6,0
72,trip,4060,4068.8333333333335,z32,z31,toy-0010111,,,False,31.377662259791325,0.0,30.582662259791327,0.35,2.3,0
23,trip,4060,4078.5089706448603,z22,z21,toy-0010110,,,False,15.167359020793587,0.0,13.501551662756151,2.3,3.2526911934581184,0
34,trip,4060,4084.809854494165,z22,z11,toy-0010109,,,False,30.988883663375557,0.0,28.7559967589007,2.3,5.142956348249516,0
37,trip,4060,4068.8333333333335,z22,z21,toy-0010107,,,False,43.55838528392525,0.0,42.763385283925246,0.35,2.3,0
42,trip,4060,4083.0,z20,z10,toy-0010100,,,False,42.79014151000902,0.0,40.72014151000902,2.3,4.6,0
60,trip,4060,4076.5,z21,z01,toy-0010101,,,False,22.590687780313385,0.0,21.105687780313385,0.35,4.6,0
89,trip,4060,4084.809854494165,z21,z12,toy-0010106,,,False,20.053749743884868,0.0,17.82086283941001,2.3,5.142956348249516,0
59,trip,4060,4084.809854494165,z22,z20,toy-0010108,,,False,37.48922619105021,0.0,35.256339286575354,2.3,5.142956348249516,0
19,trip,4060,4072.0089706448603,z10,z01,toy-0010099,,,False,32.58287528767255,0.0,31.502067929635114,0.35,3.2526911934581184,0
4,trip,4060,4099.577462061291,z11,z02,toy-0010120,,,False,25.218359325356285,0.0,21.656387739840103,4.6,7.273238618387272,0
21,trip,4060,4083.0,z11,z32,toy-0010122,,,False,39.40761147497585,0.0,37.33761147497585,4.6,2.3,0
77,trip,4060,4075.3333333333335,z11,z20,toy-0010116,,,False,46.81419264196239,0.0,45.43419264196239,2.3,2.3,0
8,trip,4060,4084.1666666666665,z02,z32,toy-0010123,,,False,29.48371619479711,0.0,27.30871619479711,0.35,6.8999999999999995,0
5,trip,4060,4084.809854494165,z01,z32,toy-0010114,,,False,18.856435630693994,0.0,16.62354872621914,2.3,5.142956348249516,0
17,trip,4060,4078.5089706448603,z12,z31,toy-0010118,,,False,22.779580077239704,0.0,21.113772719202267,3.2526911934581184,2.3,0
62,trip,4060,4081.6846079563875,z12,z10,toy-0010115,,,False,40.727113095524984,0.0,38.77549837945011,3.2526911934581184,3.2526911934581184,0
38,trip,4060,4075.3333333333335,z01,z21,toy-0010113,,,False,26.51352679393408,0.0,25.13352679393408,2.3,2.3,0
63,trip,4060,4084.809854494165,z10,z21,toy-0010119,,,False,45.66211309552545,0.0,43.429226191050596,5.142956348249516,2.3,0
84,trip,4060,4078.5089706448603,z12,z11,toy-0010117,,,False,15.301872668048487,0.0,13.636065310011052,3.2526911934581184,2.3,0
48,trip,4060,4095.0864327061513,z00,z22,toy-0010121,,,False,34.03730249638843,0.0,30.87952355283481,7.273238618387272,3.2526911934581184,0
3,visit,4060,4080.3333333333335,z01,z01,,depot_west,local,False,19.572060615977055,0.0,18.192060615977056,4.6,0,0
13,visit,4060,4099.286375654997,z12,z12,,depot_west,local,False,25.819415591913653,0.0,22.733641782963943,10.285912696499032,0,0
1,visit,4060,4099.286375654997,z22,z22,,depot_south,local,False,40.82569067427528,0.0,37.73991686532557,10.285912696499032,0,0
49,visit,4060,4117.281064839056,z02,z02,,depot_west,,False,8.356003046017584,41.02399695398242,46.620000000000005,9.2,0,24.61439817238945
10,trip,4070,4086.5,z31,z11,toy-0010134,,,False,14.44457144368927,0.0,12.95957144368927,0.35,4.6,0
16,trip,4070,4082.0089706448603,z22,z11,toy-0010137,,,False,26.077758072872417,0.0,24.99695071483498,0.35,3.2526911934581184,0
7,trip,4070,4082.0089706448603,z21,z32,toy-0010131,,,False,37.600639889458975,0.0,36.51983253142154,0.35,3.2526911934581184,0
24,trip,4070,4086.5,z22,z02,toy-0010139,,,False,17.26830205995986,0.0,15.783302059959862,0.35,4.6,0
37,trip,4070,4078.8333333333335,z21,z22,toy-0010130,,,False,42.763385283925274,0.0,41.96838528392527,0.35,2.3,0
11,trip,4070,4085.3333333333335,z12,z32,toy-0010140,,,False,15.379913971364315,0.0,13.999913971364315,2.3,2.3,0
20,trip,4070,4078.8333333333335,z11,z10,toy-0010127,,,False,23.633641782963842,0.0,22.83864178296384,0.35,2.3,0
52,trip,4070,4078.8333333333335,z32,z31,toy-0010141,,,False,28.58613826890925,0.0,27.79113826890925,0.35,2.3,0
54,trip,4070,4082.0089706448603,z01,z12,toy-0010125,,,False,22.50758551640627,0.0,21.426778158368833,0.35,3.2526911934581184,0
61,trip,4070,4082.0089706448603,z11,z00,toy-0010126,,,False,23.933867880582195,0.0,22.85306052254476,0.35,3.2526911934581184,0
43,trip,4070,4094.1666666666665,z31,z01,toy-0010133,,,False,31.867998396176194,0.0,29.692998396176193,0.35,6.8999999999999995,0
87,trip,4070,4082.0089706448603,z11,z20,toy-0010128,,,False,22.824256756885863,0.0,21.743449398848426,0.35,3.2526911934581184,0
41,trip,4070,4099.351274623054,z21,z00,toy-0010136,,,False,31.746746940832395,0.0,29.105132224757526,2.3,6.505382386916237,0
71,trip,4070,4078.8333333333335,z32,z22,toy-0010142,,,False,22.891979176034628,0.0,22.09697917603463,0.35,2.3,0
64,trip,4070,4088.5089706448603,z21,z31,toy-0010138,,,False,28.84841939542314,0.0,27.182612037385702,2.3,3.2526911934581184,0
69,trip,4070,4082.0089706448603,z31,z20,toy-0010132,,,False,14.828641782963823,0.0,13.747834424926387,0.35,3.2526911934581184,0
66,trip,4070,4088.309854494165,z12,z00,toy-0010135,,,False,12.674121533993736,0.0,11.026234629518882,0.35,5.142956348249516,0
2,trip,4070,4094.809854494165,z20,z02,toy-0010129,,,False,20.498607582175737,0.0,18.265720677700884,2.3,5.142956348249516,0
32,trip,4070,4088.309854494165,z10,z31,toy-0010124,,,False,27.11191207785949,0.0,25.464025173384634,0.35,5.142956348249516,0
72,trip,4070,4088.309854494165,z31,z10,toy-0010154,,,False,30.582662259791352,0.0,28.934775355316496,0.35,5.142956348249516,0
50,trip,4070,4088.309854494165,z00,z21,toy-0010144,,,False,12.400955806864447,0.0,10.753068902389593,0.35,5.142956348249516,0
12,trip,4070,4085.3333333333335,z30,z32,toy-0010159,,,False,24.968217815346783,0.0,23.588217815346784,2.3,2.3,0
88,trip,4070,4078.8333333333335,z00,z01,toy-0010143,,,False,39.98563988945895,0.0,39.19063988945895,0.35,2.3,0
14,trip,4070,4092.851274623054,z20,z02,toy-0010148,,,False,30.673883663375484,0.0,28.617268947300612,0.35,6.505382386916237,0
39,trip,4070,4094.809854494165,z30,z12,toy-0010157,,,False,21.135430906434674,0.0,18.902544001959818,2.3,5.142956348249516,0
76,trip,4070,4094.809854494165,z12,z01,toy-0010163,,,False,15.552369594564292,0.0,13.319482690089437,2.3,5.142956348249516,0
68,trip,4070,4088.5089706448603,z20,z12,toy-0010152,,,False,44.7913057374881,0.0,43.12549837945067,2.3,3.2526911934581184,0
53,trip,4070,4102.476521160832,z30,z11,toy-0010165,,,False,32.92275298498471,0.0,29.999866080509857,4.6,5.142956348249516,0
35,trip,4070,4078.8333333333335,z10,z11,toy-0010146,,,False,16.270843632089125,0.0,15.475843632089125,0.35,2.3,0
82,trip,4070,4094.809854494165,z12,z21,toy-0010156,,,False,15.577027066889201,0.0,13.344140162414346,5.142956348249516,2.3,0
30,trip,4070,4105.086432706152,z02,z22,toy-0010158,,,False,29.133236370967715,0.0,25.9754574274141,7.273238618387272,3.2526911934581184,0
31,trip,4070,4104.286375654997,z02,z00,toy-0010151,,,False,18.814119429357707,0.0,15.728345620407996,5.142956348249516,5.142956348249516,0
80,trip,4070,4102.476521160832,z02,z10,toy-0010160,,,False,16.603749743885142,0.0,13.680862839410288,4.6,5.142956348249516,0
83,visit,4070,4128.91301558407,z02,z02,,depot_west,local,False,10.63608513766049,38.74391486233951,46.62,9.2,0,23.246348917403708
36,visit,4070,4111.59353673147,z31,z31,,depot_south,local,False,13.256327669772636,35.43367233022737,47.31,4.6,0,21.26020339813642
74,visit,4070,4109.286375654997,z22,z22,,depot_south,local,False,24.45585877967183,0.0,21.370084970722118,10.285912696499032,0,0
51,visit,4070,4090.3333333333335,z10,z10,,depot_west,local,False,27.398232157113522,0.0,26.018232157113523,4.6,0,0
57,visit,4070,4090.3333333333335,z10,z10,,depot_west,local,False,31.06033091087237,0.0,29.68033091087237,4.6,0,0
44,trip,4080,4108.809226445224,z32,z00,toy-0010182,,,False,18.981336303323108,0.0,16.388505923252957,0.35,8.292767933567175,0
56,trip,4080,4088.8333333333335,z02,z12,toy-0010178,,,False,30.554940492343036,0.0,29.759940492343034,0.35,2.3,0
37,trip,4080,4104.809854494165,z22,z20,toy-0010184,,,False,41.9683852839253,0.0,39.73549837945045,2.3,5.142956348249516,0
55,trip,4080,4092.0089706448603,z20,z31,toy-0010172,,,False,31.237370516932288,0.0,30.15656315889485,0.35,3.2526911934581184,0
6,trip,4080,4098.309854494165,z12,z31,toy-0010179,,,False,28.18574785038032,0.0,26.537860945905464,0.35,5.142956348249516,0
77,trip,4080,4096.5,z20,z00,toy-0010168,,,False,45.43419264196242,0.0,43.94919264196242,0.35,4.6,0
46,trip,4080,4111.910795394624,z31,z01,toy-0010186,,,False,39.82257792588748,0.0,36.950606340371294,2.3,7.273238618387272,0
23,trip,4080,4104.809854494165,z21,z32,toy-0010173,,,False,13.501551662756164,0.0,11.268664758281309,2.3,5.142956348249516,0
40,trip,4080,4108.809226445224,z00,z32,toy-0010167,,,False,24.361854250053028,0.0,21.769023869982874,0.35,8.292767933567175,0
73,trip,4080,4095.3333333333335,z10,z30,toy-0010170,,,False,12.028989929563755,0.0,10.648989929563754,2.3,2.3,0
28,trip,4080,4098.508970644861,z11,z10,toy-0010169,,,False,34.60891721246312,0.0,32.943109854425686,3.2526911934581184,2.3,0
52,trip,4080,4107.985491805692,z31,z01,toy-0010171,,,False,27.791138268909275,0.0,25.272444006396984,3.2526911934581184,5.142956348249516,0
19,trip,4080,4098.309854494165,z01,z20,toy-0010174,,,False,31.502067929635125,0.0,29.85418102516027,0.35,5.142956348249516,0
47,trip,4080,4096.5,z12,z32,toy-0010180,,,False,31.80441559191338,0.0,30.31941559191338,0.35,4.6,0
71,trip,4080,4088.8333333333335,z22,z21,toy-0010181,,,False,22.096979176034655,0.0,21.301979176034656,0.35,2.3,0
84,trip,4080,4112.476521160832,z11,z30,toy-0010185,,,False,13.636065310011062,0.0,10.713178405536208,5.142956348249516,4.6,0
58,trip,4080,4111.910795394624,z01,z31,toy-0010187,,,False,43.17641369840862,0.0,40.304442112892445,7.273238618387272,2.3,0
60,trip,4080,4103.0,z01,z31,toy-0010176,,,False,21.105687780313385,0.0,19.035687780313385,4.6,2.3,0
67,trip,4080,4125.928736684345,z01,z10,toy-0010183,,,False,31.163452382100502,0.0,27.02986608050945,7.273238618387272,6.505382386916237,0
70,trip,4080,4119.577462061291,z01,z12,toy-0010188,,,False,13.627265949166336,0.0,10.065294363650155,7.273238618387272,4.6,0
88,trip,4080,4113.842303978194,z01,z20,toy-0010177,,,False,39.19063988945898,0.0,36.14483253142154,6.8999999999999995,3.2526911934581184,0
75,visit,4080,4128.181480119587,z21,z21,,depot_south,local,False,13.147687086037879,35.82812027199956,47.024192641962564,6.505382386916237,0,21.496872163199736
35,visit,4080,4106.6846079563875,z11,z11,,depot_west,local,False,15.475843632089152,0.0,13.52422891601428,6.505382386916237,0,0
17,visit,4080,4100.333333333333,z31,z31,,depot_south,local,False,21.11377271920228,0.0,19.733772719202282,4.6,0,0
20,visit,4080,4100.333333333333,z10,z10,,depot_west,local,False,22.83864178296387,0.0,21.45864178296387,4.6,0,0
38,visit,4080,4128.6846079563875,z21,z21,,depot_south,central,False,25.133526793934106,0.0,23.181912077859234,6.505382386916237,0,0
7,trip,4090,4098.833333333333,z32,z31,toy-0010220,,,False,36.51983253142155,0.0,35.72483253142155,0.35,2.3,0
10,trip,4090,4108.309854494165,z11,z32,toy-0010208,,,False,12.95957144368927,0.0,11.311684539214415,0.35,5.142956348249516,0
15,trip,4090,4098.833333333333,z21,z11,toy-0010210,,,False,26.232767326750952,0.0,25.43776732675095,0.35,2.3,0
18,trip,4090,4102.008970644861,z31,z22,toy-0010214,,,False,26.082020038781014,0.0,25.001212680743578,0.35,3.2526911934581184,0
54,trip,4090,4112.851274623054,z12,z30,toy-0010215,,,False,21.426778158368847,0.0,19.370163442293975,0.35,6.505382386916237,0
11,trip,4090,4102.008970644861,z32,z21,toy-0010219,,,False,13.999913971364343,0.0,12.919106613326907,0.35,3.2526911934581184,0
61,trip,4090,4108.309854494165,z00,z12,toy-0010202,,,False,22.853060522544773,0.0,21.205173618069917,0.35,5.142956348249516,0
50,trip,4090,4098.833333333333,z21,z31,toy-0010211,,,False,10.753068902389602,0.0,9.958068902389602,0.35,2.3,0
25,trip,4090,4102.008970644861,z20,z11,toy-0010203,,,False,43.00711309552503,0.0,41.926305737487596,0.35,3.2526911934581184,0
56,trip,4090,4098.833333333333,z12,z11,toy-0010216,,,False,29.759940492343063,0.0,28.96494049234306,0.35,2.3,0
27,trip,4090,4098.833333333333,z30,z31,toy-0010205,,,False,26.819133134305442,0.0,26.024133134305444,0.35,2.3,0
32,trip,4090,4115.410795394624,z31,z02,toy-0010213,,,False,25.46402517338465,0.0,23.177053587868468,0.35,7.273238618387272,0
59,trip,4090,4108.508970644861,z20,z21,toy-0010204,,,False,35.25633928657537,0.0,33.590531928537935,2.3,3.2526911934581184,0
26,trip,4090,4098.833333333333,z22,z32,toy-0010218,,,False,44.73722105644623,0.0,43.94222105644623,0.35,2.3,0
3,trip,4090,4102.008970644861,z01,z10,toy-0010206,,,False,18.19206061597708,0.0,17.111253257939644,0.35,3.2526911934581184,0
63,trip,4090,4098.833333333333,z21,z20,toy-0010209,,,False,43.42922619105061,0.0,42.63422619105061,0.35,2.3,0
78,trip,4090,4098.833333333333,z12,z22,toy-0010217,,,False,14.085788427576798,0.0,13.290788427576798,0.35,2.3,0
16,trip,4090,4105.333333333333,z11,z22,toy-0010212,,,False,24.996950714834995,0.0,23.616950714834996,2.3,2.3,0
29,trip,4090,4098.833333333333,z11,z01,toy-0010207,,,False,34.07726894730021,0.0,33.28226894730021,0.35,2.3,0
12,trip,4090,4114.809854494165,z32,z10,toy-0010228,,,False,23.58821781534681,0.0,21.355330910871956,2.3,5.142956348249516,0
24,trip,4090,4102.008970644861,z02,z11,toy-0010231,,,False,15.783302059959864,0.0,14.702494701922427,0.35,3.2526911934581184,0
9,trip,4090,4114.166666666667,z01,z31,toy-0010223,,,False,23.595189400863717,0.0,21.420189400863716,0.35,6.8999999999999995,0
34,trip,4090,4098.833333333333,z11,z12,toy-0010226,,,False,28.75599675890071,0.0,27.960996758900713,0.35,2.3,0
69,trip,4090,4114.809854494165,z20,z11,toy-0010221,,,False,13.747834424926399,0.0,11.514947520451544,2.3,5.142956348249516,0
79,trip,4090,4113.0,z22,z01,toy-0010227,,,False,25.13627912721793,0.0,23.06627912721793,2.3,4.6,0
89,trip,4090,4108.309854494165,z12,z20,toy-0010232,,,False,17.820862839410022,0.0,16.172975934935167,0.35,5.142956348249516,0
81,trip,4090,4098.833333333333,z11,z21,toy-0010224,,,False,9.722983918864271,0.0,8.927983918864271,0.35,2.3,0
21,trip,4090,4105.333333333333,z32,z32,toy-0010230,,,False,37.33761147497585,0.0,35.95761147497585,2.3,2.3,0
33,trip,4090,4114.809854494165,z32,z12,toy-0010229,,,False,20.16572132940172,0.0,17.932834424926867,2.3,5.142956348249516,0
45,trip,4090,4114.166666666667,z32,z02,toy-0010234,,,False,31.5405878012416,0.0,29.3655878012416,0.35,6.8999999999999995,0
65,trip,4090,4113.0,z00,z21,toy-0010222,,,False,14.264095283682359,0.0,12.194095283682358,2.3,4.6,0
42,trip,4090,4113.0,z10,z31,toy-0010225,,,False,40.72014151000902,0.0,38.65014151000902,2.3,4.6,0
62,trip,4090,4116.175637311527,z10,z21,toy-0010233,,,False,38.77549837945011,0.0,36.419691021412675,4.6,3.2526911934581184,0
5,visit,4090,4125.666666666667,z32,z32,,depot_south,local,False,16.62354872621915,0.0,13.863548726219149,9.2,0,0
71,visit,4090,4116.6846079563875,z21,z21,,depot_south,local,False,21.30197917603468,0.0,19.35036445995981,6.505382386916237,0,0
64,visit,4090,4132.333333333333,z31,z31,,depot_south,central,False,27.182612037385713,0.0,25.802612037385714,4.6,0,0
8,visit,4090,4125.666666666667,z32,z32,,depot_south,local,False,27.308716194797128,0.0,24.54871619479713,9.2,0,0
68,visit,4090,4129.286375654997,z12,z12,,depot_west,local,False,43.12549837945068,0.0,40.03972457050097,10.285912696499032,0,0
66,visit,4090,4116.580592555622,z00,z00,,depot_west,,False,11.02623462951889,37.078765370481115,47.895,0.7,0,22.247259222288665
1,trip,4100,4112.008970644861,z22,z11,toy-0010249,,,False,37.73991686532556,0.0,36.65910950728813,0.35,3.2526911934581184,0
28,trip,4100,4112.008970644861,z10,z21,toy-0010235,,,False,32.94310985442566,0.0,31.86230249638822,0.35,3.2526911934581184,0
7,trip,4100,4112.008970644861,z31,z22,toy-0010246,,,False,35.724832531421576,0.0,34.644025173384144,0.35,3.2526911934581184,0
81,trip,4100,4112.008970644861,z21,z10,toy-0010241,,,False,8.927983918864298,0.0,7.847176560826862,0.35,3.2526911934581184,0
13,trip,4100,4112.008970644861,z12,z01,toy-0010248,,,False,22.73364178296394,0.0,21.652834424926503,0.35,3.2526911934581184,0
51,trip,4100,4118.309854494165,z10,z31,toy-0010236,,,False,26.018232157113548,0.0,24.370345252638693,0.35,5.142956348249516,0
27,trip,4100,4112.008970644861,z31,z20,toy-0010242,,,False,26.02413313430547,0.0,24.943325776268033,0.35,3.2526911934581184,0
78,trip,4100,4112.008970644861,z22,z31,toy-0010251,,,False,13.290788427576825,0.0,12.209981069539388,0.35,3.2526911934581184,0
22,trip,4100,4112.008970644861,z20,z31,toy-0010239,,,False,47.31000000000016,0.0,46.229192641962726,0.35,3.2526911934581184,0
57,trip,4100,4118.309854494165,z10,z02,toy-0010237,,,False,29.680330910872396,0.0,28.03244400639754,0.35,5.142956348249516,0
50,trip,4100,4108.833333333333,z31,z21,toy-0010245,,,False,9.958068902389629,0.0,9.163068902389629,0.35,2.3,0
2,trip,4100,4118.309854494165,z02,z10,toy-0010247,,,False,18.26572067770089,0.0,16.617833773226035,0.35,5.142956348249516,0
72,trip,4100,4118.309854494165,z10,z22,toy-0010238,,,False,28.93477535531651,0.0,27.286888450841655,0.35,5.142956348249516,0
73,trip,4100,4108.833333333333,z30,z20,toy-0010240,,,False,10.648989929563783,0.0,9.853989929563783,0.35,2.3,0
26,trip,4100,4115.333333333333,z32,z21,toy-0010250,,,False,43.94222105644626,0.0,42.562221056446255,2.3,2.3,0
47,trip,4100,4118.309854494165,z32,z11,toy-0010252,,,False,30.31941559191338,0.0,28.671528687438524,0.35,5.142956348249516,0
55,trip,4100,4116.5,z31,z11,toy-0010244,,,False,30.156563158894865,0.0,28.671563158894866,0.35,4.6,0
82,trip,4100,4130.666666666667,z21,z01,toy-0010243,,,False,13.344140162414355,0.0,10.584140162414355,2.3,6.8999999999999995,0
34,trip,4100,4123.0,z12,z22,toy-0010266,,,False,27.960996758900738,0.0,25.890996758900737,4.6,2.3,0
63,trip,4100,4130.666666666667,z20,z00,toy-0010255,,,False,42.63422619105064,0.0,39.87422619105064,2.3,6.8999999999999995,0
87,trip,4100,4118.508970644861,z20,z32,toy-0010260,,,False,21.74344939884844,0.0,20.077642040811003,3.2526911934581184,2.3,0
15,trip,4100,4118.508970644861,z11,z32,toy-0010258,,,False,25.43776732675098,0.0,23.771959968713542,2.3,3.2526911934581184,0
39,trip,4100,4123.0,z12,z31,toy-0010265,,,False,18.90254400195983,0.0,16.83254400195983,4.6,2.3,0
56,trip,4100,4134.286375654997,z11,z20,toy-0010264,,,False,28.96494049234309,0.0,25.87916668339338,5.142956348249516,5.142956348249516,0
4,trip,4100,4124.809854494165,z02,z31,toy-0010262,,,False,21.656387739840092,0.0,19.42350083536524,2.3,5.142956348249516,0
85,trip,4100,4115.333333333333,z10,z21,toy-0010253,,,False,44.096770567850264,0.0,42.71677056785026,2.3,2.3,0
86,trip,4100,4124.809854494165,z10,z30,toy-0010259,,,False,47.30999999999999,0.0,45.077113095525135,5.142956348249516,2.3,0
41,trip,4100,4132.476521160832,z00,z32,toy-0010254,,,False,29.105132224757575,0.0,26.18224532028272,4.6,5.142956348249516,0
29,trip,4100,4118.508970644861,z01,z02,toy-0010256,,,False,33.28226894730024,0.0,31.6164615892628,2.3,3.2526911934581184,0
76,trip,4100,4123.0,z01,z31,toy-0010257,,,False,13.319482690089446,0.0,11.249482690089446,4.6,2.3,0
14,trip,4100,4123.0,z02,z10,toy-0010261,,,False,28.617268947300627,0.0,26.547268947300626,2.3,4.6,0
77,trip,4100,4137.0179412897205,z00,z20,toy-0010263,,,False,43.94919264196241,0.0,40.61757792588754,6.505382386916237,4.6,0
6,visit,4100,4120.333333333333,z31,z31,,depot_south,local,False,26.53786094590548,0.0,25.15786094590548,4.6,0,0
43,visit,4100,4120.333333333333,z01,z01,,depot_west,local,False,29.69299839617621,0.0,28.312998396176212,4.6,0,0
19,visit,4100,4120.333333333333,z20,z20,,depot_south,local,False,29.854181025160283,0.0,28.474181025160284,4.6,0,0
48,visit,4100,4148.369215912775,z22,z22,,depot_west,local,False,30.879523552834815,0.0,26.976294120685072,13.010764773832474,0,0
61,trip,4110,4126.5,z12,z32,toy-0010273,,,False,21.20517361806993,0.0,19.720173618069932,0.35,4.6,0
24,trip,4110,4122.008970644861,z11,z20,toy-0010268,,,False,14.70249470192248,0.0,13.621687343885045,0.35,3.2526911934581184,0
10,trip,4110,4122.008970644861,z32,z21,toy-0010276,,,False,11.311684539214426,0.0,10.23087718117699,0.35,3.2526911934581184,0
21,trip,4110,4126.5,z32,z12,toy-0010277,,,False,35.9576114749758,0.0,34.4726114749758,0.35,4.6,0
0,trip,4110,4118.833333333333,z21,z22,toy-0010270,,,False,47.02419264196232,0.0,46.22919264196232,0.35,2.3,0
16,trip,4110,4118.833333333333,z22,z32,toy-0010275,,,False,23.616950714834942,0.0,22.82195071483494,0.35,2.3,0
18,trip,4110,4122.008970644861,z22,z31,toy-0010274,,,False,25.001212680743635,0.0,23.9204053227062,0.35,3.2526911934581184,0
52,trip,4110,4141.910795394624,z01,z31,toy-0010272,,,False,25.27244400639702,0.0,22.40047242088084,2.3,7.273238618387272,0
11,trip,4110,4122.008970644861,z21,z12,toy-0010269,,,False,12.91910661332696,0.0,11.838299255289524,0.35,3.2526911934581184,0
37,trip,4110,4126.5,z20,z22,toy-0010267,,,False,39.73549837945046,0.0,38.25049837945046,0.35,4.6,0
17,trip,4110,4118.833333333333,z31,z21,toy-0010271,,,False,19.733772719202307,0.0,18.938772719202305,0.35,2.3,0
59,trip,4110,4118.833333333333,z21,z31,toy-0010285,,,False,33.59053192853791,0.0,32.795531928537905,0.35,2.3,0
23,trip,4110,4125.333333333333,z32,z32,toy-0010288,,,False,11.268664758281318,0.0,9.888664758281319,2.3,2.3,0
44,trip,4110,4126.5,z00,z20,toy-0010278,,,False,16.388505923253003,0.0,14.903505923253004,0.35,4.6,0
25,trip,4110,4134.809854494165,z11,z22,toy-0010280,,,False,41.92630573748764,0.0,39.693418833012785,2.3,5.142956348249516,0
35,trip,4110,4126.5,z11,z31,toy-0010281,,,False,13.524228916014277,0.0,12.039228916014277,0.35,4.6,0
53,trip,4110,4128.309854494165,z11,z32,toy-0010283,,,False,29.99986608050984,0.0,28.351979176034984,0.35,5.142956348249516,0
40,trip,4110,4118.833333333333,z32,z31,toy-0010290,,,False,21.769023869982924,0.0,20.974023869982922,0.35,2.3,0
30,trip,4110,4145.086432706152,z22,z00,toy-0010286,,,False,25.975457427414142,0.0,22.817678483860526,3.2526911934581184,7.273238618387272,0
3,trip,4110,4128.508970644861,z10,z22,toy-0010282,,,False,17.1112532579397,0.0,15.445445899902266,2.3,3.2526911934581184,0
74,trip,4110,4139.351274623054,z22,z10,toy-0010289,,,False,21.370084970722115,0.0,18.728470254647245,2.3,6.505382386916237,0
89,trip,4110,4131.6846079563875,z20,z22,toy-0010287,,,False,16.17297593493518,0.0,14.22136121886031,3.2526911934581184,3.2526911934581184,0
20,trip,4110,4126.5,z10,z30,toy-0010279,,,False,21.458641782963895,0.0,19.973641782963895,0.35,4.6,0
80,trip,4110,4128.508970644861,z10,z20,toy-0010284,,,False,13.680862839410272,0.0,12.015055481372837,3.2526911934581184,2.3,0
50,visit,4110,4160.572251029776,z21,z21,,depot_south,local,False,9.163068902389574,39.81273845564786,47.024192641962564,6.505382386916237,0,23.887643073388716
73,visit,4110,4153.634939375595,z20,z20,,depot_south,local,False,9.853989929563728,38.836010070436274,47.309999999999995,4.6,0,23.301606042261763
31,visit,4110,4120.0,z00,z00,,depot_west,local,True,15.728345620407994,4.444444444444445,19.962790064852438,0.7,0,2.666666666666667
60,visit,4110,4130.333333333333,z31,z31,,depot_south,local,False,19.035687780313385,0.0,17.655687780313386,4.6,0,0
54,trip,4120,4138.309854494165,z30,z22,toy-0010294,,,False,19.370163442294032,0.0,17.722276537819177,0.35,5.142956348249516,0
15,trip,4120,4145.410795394624,z32,z01,toy-0010307,,,False,23.771959968713517,0.0,21.484988383197337,0.35,7.273238618387272,0
17,trip,4120,4132.008970644861,z21,z32,toy-0010299,,,False,18.93877271920225,0.0,17.857965361164815,0.35,3.2526911934581184,0
31,trip,4120,4145.410795394624,z00,z31,toy-0010291,,,False,19.96279006485297,0.0,17.67581847933679,0.35,7.273238618387272,0
26,trip,4120,4128.833333333333,z21,z11,toy-0010298,,,False,42.562221056446205,0.0,41.7672210564462,0.35,2.3,0
0,trip,4120,4138.309854494165,z22,z10,toy-0010304,,,False,46.22919264196227,0.0,44.58130573748742,0.35,5.142956348249516,0
16,trip,4120,4128.833333333333,z32,z22,toy-0010308,,,False,22.821950714834887,0.0,22.02695071483489,0.35,2.3,0
1,trip,4120,4128.833333333333,z11,z21,toy-0010297,,,False,36.6591095072881,0.0,35.8641095072881,0.35,2.3,0
13,trip,4120,4128.833333333333,z01,z11,toy-0010295,,,False,21.652834424926475,0.0,20.857834424926473,0.35,2.3,0
28,trip,4120,4135.333333333333,z21,z21,toy-0010305,,,False,31.862302496388196,0.0,30.482302496388197,2.3,2.3,0
33,trip,4120,4135.333333333333,z12,z12,toy-0010306,,,False,17.932834424926877,0.0,16.55283442492688,2.3,2.3,0
22,trip,4120,4136.5,z31,z11,toy-0010301,,,False,46.2291926419627,0.0,44.7441926419627,0.35,4.6,0
36,trip,4120,4132.008970644861,z31,z20,toy-0010300,,,False,47.3099999999995,0.0,46.229192641962065,0.35,3.2526911934581184,0
40,trip,4120,4138.309854494165,z31,z12,toy-0010302,,,False,20.97402386998287,0.0,19.326136965508013,0.35,5.142956348249516,0
88,trip,4120,4132.008970644861,z20,z31,toy-0010293,,,False,36.14483253142154,0.0,35.06402517338411,0.35,3.2526911934581184,0
2,trip,4120,4142.851274623054,z10,z32,toy-0010292,,,False,16.617833773226046,0.0,14.561219057151176,0.35,6.505382386916237,0
32,trip,4120,4128.833333333333,z02,z01,toy-0010303,,,False,23.177053587868485,0.0,22.382053587868484,0.35,2.3,0
47,trip,4120,4138.309854494165,z11,z30,toy-0010296,,,False,28.671528687438535,0.0,27.02364178296368,0.35,5.142956348249516,0
42,trip,4120,4138.309854494165,z31,z10,toy-0010313,,,False,38.65014151000902,0.0,37.00225460553417,0.35,5.142956348249516,0
87,trip,4120,4138.309854494165,z32,z11,toy-0010322,,,False,20.07764204081098,0.0,18.429755136336123,0.35,5.142956348249516,0
51,trip,4120,4135.333333333333,z31,z31,toy-0010324,,,False,24.370345252638703,0.0,22.990345252638704,2.3,2.3,0
62,trip,4120,4135.333333333333,z21,z32,toy-0010320,,,False,36.419691021412696,0.0,35.03969102141269,2.3,2.3,0
84,trip,4120,4128.833333333333,z30,z31,toy-0010310,,,False,10.713178405536272,0.0,9.918178405536272,0.35,2.3,0
45,trip,4120,4138.309854494165,z02,z21,toy-0010317,,,False,29.365587801241656,0.0,27.7177008967668,0.35,5.142956348249516,0
58,trip,4120,4138.508970644861,z31,z21,toy-0010323,,,False,40.30444211289238,0.0,38.63863475485495,2.3,3.2526911934581184,0
81,trip,4120,4128.833333333333,z10,z20,toy-0010309,,,False,7.847176560826833,0.0,7.052176560826833,0.35,2.3,0
70,trip,4120,4144.809854494165,z12,z01,toy-0010318,,,False,10.065294363650143,0.0,7.832407459175288,2.3,5.142956348249516,0
59,trip,4120,4128.833333333333,z31,z21,toy-0010314,,,False,32.795531928537855,0.0,32.00053192853785,0.35,2.3,0
55,trip,4120,4128.833333333333,z11,z10,toy-0010312,,,False,28.671563158894863,0.0,27.87656315889486,0.35,2.3,0
78,trip,4120,4143.0,z31,z30,toy-0010321,,,False,12.20998106953936,0.0,10.13998106953936,2.3,4.6,0
49,trip,4120,4142.851274623054,z02,z20,toy-0010316,,,False,46.619999999999976,0.0,44.56338528392511,0.35,6.505382386916237,0
71,trip,4120,4138.508970644861,z21,z31,toy-0010319,,,False,19.35036445995981,0.0,17.684557101922373,2.3,3.2526911934581184,0
46,trip,4120,4145.410795394624,z01,z32,toy-0010311,,,False,36.950606340371316,0.0,34.66363475485513,0.35,7.273238618387272,0
85,trip,4120,4135.333333333333,z21,z32,toy-0010315,,,False,42.71677056785021,0.0,41.33677056785021,2.3,2.3,0
65,visit,4120,4168.753635201,z21,z21,,depot_south,local,False,12.194095283682358,36.78171207435508,47.024192641962564,6.505382386916237,0,22.06902724461305
12,visit,4120,4140.333333333333,z10,z10,,depot_west,local,False,21.355330910871967,0.0,19.975330910871968,4.6,0,0
9,visit,4120,4140.333333333333,z31,z31,,depot_south,local,False,21.420189400863773,0.0,20.040189400863774,4.6,0,0
27,visit,4120,4155.666666666667,z20,z20,,depot_west,local,False,24.943325776268004,0.0,22.183325776268006,9.2,0,0
72,visit,4120,4168.369215912775,z22,z22,,depot_west,local,False,27.286888450841666,0.0,23.383659018691922,13.010764773832474,0,0
29,visit,4120,4155.666666666667,z02,z02,,depot_west,local,False,31.616461589262776,0.0,28.85646158926278,9.2,0,0
7,visit,4120,4168.369215912775,z22,z22,,depot_west,local,False,34.644025173384115,0.0,30.740795741234372,13.010764773832474,0,0
69,visit,4120,4166.161123858939,z11,z11,,depot_west,,False,11.514947520451553,37.460859837585886,47.02419264196257,6.505382386916237,0,22.476515902551533
1,trip,4130,4138.833333333333,z21,z31,toy-0010332,,,False,35.86410950728805,0.0,35.06910950728805,0.35,2.3,0
14,trip,4130,4148.309854494165,z10,z31,toy-0010326,,,False,26.54726894730063,0.0,24.899382042825774,0.35,5.142956348249516,0
66,trip,4130,4152.851274623054,z00,z22,toy-0010325,,,False,47.895000000000394,0.0,45.838385283925525,0.35,6.505382386916237,0
10,trip,4130,4138.833333333333,z21,z22,toy-0010333,,,False,10.230877181176961,0.0,9.435877181176961,0.35,2.3,0
3,trip,4130,4148.309854494165,z22,z30,toy-0010340,,,False,15.44544589990224,0.0,13.797558995427384,0.35,5.142956348249516,0
19,trip,4130,4148.309854494165,z20,z32,toy-0010327,,,False,28.47418102516023,0.0,26.826294120685375,0.35,5.142956348249516,0
57,trip,4130,4158.809226445224,z02,z30,toy-0010336,,,False,28.03244400639755,0.0,25.4396136263274,0.35,8.292767933567175,0
32,trip,4130,4154.166666666667,z01,z31,toy-0010330,,,False,22.38205358786843,0.0,20.20705358786843,0.35,6.8999999999999995,0
21,trip,4130,4148.309854494165,z12,z31,toy-0010338,,,False,34.4726114749758,0.0,32.82472457050095,0.35,5.142956348249516,0
4,trip,4130,4142.008970644861,z31,z22,toy-0010335,,,False,19.42350083536525,0.0,18.342693477327813,0.35,3.2526911934581184,0
5,trip,4130,4148.309854494165,z32,z20,toy-0010342,,,False,13.863548726219204,0.0,12.215661821744348,0.35,5.142956348249516,0
13,trip,4130,4146.5,z11,z31,toy-0010331,,,False,20.85783442492642,0.0,19.37283442492642,0.35,4.6,0
43,trip,4130,4155.410795394624,z01,z30,toy-0010329,,,False,28.31299839617616,0.0,26.026026810659978,0.35,7.273238618387272,0
68,trip,4130,4138.833333333333,z12,z22,toy-0010339,,,False,40.03972457050106,0.0,39.244724570501056,0.35,2.3,0
6,trip,4130,4154.166666666667,z31,z01,toy-0010334,,,False,25.157860945905426,0.0,22.982860945905426,0.35,6.8999999999999995,0
20,trip,4130,4146.5,z30,z32,toy-0010328,,,False,19.97364178296389,0.0,18.488641782963892,0.35,4.6,0
83,trip,4130,4146.5,z02,z22,toy-0010337,,,False,46.62000000000016,0.0,45.13500000000016,0.35,4.6,0
34,trip,4130,4142.008970644861,z22,z11,toy-0010341,,,False,25.89099675890074,0.0,24.810189400863305,0.35,3.2526911934581184,0
24,trip,4130,4138.833333333333,z20,z21,toy-0010346,,,False,13.621687343885016,0.0,12.826687343885016,0.35,2.3,0
38,trip,4130,4142.008970644861,z21,z32,toy-0010350,,,False,23.181912077859234,0.0,22.101104719821798,0.35,3.2526911934581184,0
75,trip,4130,4148.309854494165,z21,z00,toy-0010348,,,False,47.024192641962074,0.0,45.37630573748722,0.35,5.142956348249516,0
26,trip,4130,4148.508970644861,z11,z21,toy-0010355,,,False,41.767221056446154,0.0,40.10141369840872,2.3,3.2526911934581184,0
35,trip,4130,4154.809854494165,z31,z02,toy-0010349,,,False,12.039228916014277,0.0,9.806342011539423,2.3,5.142956348249516,0
39,trip,4130,4138.833333333333,z31,z21,toy-0010352,,,False,16.832544001959832,0.0,16.03754400195983,0.35,2.3,0
55,trip,4130,4165.309226445224,z10,z32,toy-0010343,,,False,27.876563158894808,0.0,24.698732778824656,2.3,8.292767933567175,0
44,trip,4130,4142.008970644861,z20,z11,toy-0010345,,,False,14.903505923253002,0.0,13.822698565215566,0.35,3.2526911934581184,0
8,trip,4130,4159.351274623054,z32,z00,toy-0010356,,,False,24.548716194797187,0.0,21.907101478722318,2.3,6.505382386916237,0
76,trip,4130,4146.5,z31,z11,toy-0010351,,,False,11.249482690089447,0.0,9.764482690089448,0.35,4.6,0
61,trip,4130,4138.833333333333,z32,z31,toy-0010358,,,False,19.72017361806993,0.0,18.925173618069927,0.35,2.3,0
67,trip,4130,4138.833333333333,z10,z11,toy-0010344,,,False,27.02986608050941,0.0,26.234866080509413,0.35,2.3,0
84,trip,4130,4138.833333333333,z31,z32,toy-0010353,,,False,9.918178405536217,0.0,9.123178405536217,0.35,2.3,0
80,trip,4130,4148.309854494165,z20,z12,toy-0010347,,,False,12.015055481372807,0.0,10.367168576897953,0.35,5.142956348249516,0
79,trip,4130,4153.0,z01,z00,toy-0010354,,,False,23.066279127217932,0.0,20.99627912721793,2.3,4.6,0
86,trip,4130,4172.97589311189,z30,z00,toy-0010357,,,False,45.07711309552515,0.0,41.209282715455,4.6,8.292767933567175,0
23,visit,4130,4189.361467811698,z32,z32,,depot_south,local,False,9.888664758281264,39.49133524171874,46.620000000000005,9.2,0,23.694801145031242
11,visit,4130,4191.909128244508,z12,z12,,depot_west,local,False,11.838299255289495,37.704587649185356,46.457113095525145,10.285912696499032,0,22.622752589511215
16,visit,4130,4169.286375654997,z22,z22,,depot_south,local,False,22.026950714834832,0.0,18.941176905885122,10.285912696499032,0,0
18,visit,4130,4150.333333333333,z31,z31,,depot_south,local,False,23.92040532270617,0.0,22.54040532270617,4.6,0,0
53,visit,4130,4165.666666666667,z32,z32,,depot_south,local,False,28.351979176034995,0.0,25.591979176034997,9.2,0,0
59,visit,4130,4156.6846079563875,z21,z21,,depot_south,local,False,32.000531928537804,0.0,30.048917212462932,6.505382386916237,0,0
37,visit,4130,4191.286375654997,z22,z22,,depot_south,central,False,38.25049837945046,0.0,35.16472457050075,10.285912696499032,0,0
0,trip,4140,4152.008970644861,z10,z21,toy-0010360,,,False,44.581305737487426,0.0,43.50049837944999,0.35,3.2526911934581184,0
24,trip,4140,4152.008970644861,z21,z30,toy-0010365,,,False,12.826687343884961,0.0,11.745879985847525,0.35,3.2526911934581184,0
17,trip,4140,4152.008970644861,z32,z21,toy-0010373,,,False,17.857965361164787,0.0,16.77715800312735,0.35,3.2526911934581184,0
41,trip,4140,4148.833333333333,z32,z22,toy-0010374,,,False,26.18224532028279,0.0,25.387245320282787,0.35,2.3,0
36,trip,4140,4152.008970644861,z20,z31,toy-0010362,,,False,46.22919264196204,0.0,45.148385283924604,0.35,3.2526911934581184,0
1,trip,4140,4165.410795394624,z31,z02,toy-0010369,,,False,35.069109507288,0.0,32.78213792177181,0.35,7.273238618387272,0
42,trip,4140,4156.5,z10,z12,toy-0010361,,,False,37.002254605534176,0.0,35.51725460553418,0.35,4.6,0
22,trip,4140,4158.309854494165,z11,z32,toy-0010364,,,False,44.7441926419627,0.0,43.096305737487846,0.35,5.142956348249516,0
56,trip,4140,4156.5,z20,z22,toy-0010363,,,False,25.879166683393457,0.0,24.394166683393458,0.35,4.6,0
10,trip,4140,4152.008970644861,z22,z31,toy-0010372,,,False,9.435877181176906,0.0,8.35506982313947,0.35,3.2526911934581184,0
51,trip,4140,4152.008970644861,z31,z20,toy-0010367,,,False,22.99034525263865,0.0,21.909537894601215,0.35,3.2526911934581184,0
60,trip,4140,4148.833333333333,z31,z30,toy-0010368,,,False,17.655687780313333,0.0,16.860687780313334,0.35,2.3,0
68,trip,4140,4156.5,z22,z20,toy-0010371,,,False,39.244724570501006,0.0,37.75972457050101,0.35,4.6,0
39,trip,4140,4156.5,z21,z01,toy-0010366,,,False,16.037544001959777,0.0,14.552544001959777,0.35,4.6,0
33,trip,4140,4170.666666666667,z12,z32,toy-0010370,,,False,16.552834424926825,0.0,13.792834424926825,2.3,6.8999999999999995,0
63,trip,4140,4158.309854494165,z00,z21,toy-0010359,,,False,39.87422619105061,0.0,38.22633928657576,0.35,5.142956348249516,0
74,trip,4140,4158.508970644861,z10,z11,toy-0010375,,,False,18.728470254647217,0.0,17.06266289660978,2.3,3.2526911934581184,0
40,trip,4140,4156.5,z12,z32,toy-0010384,,,False,19.326136965508024,0.0,17.841136965508024,0.35,4.6,0
45,trip,4140,4148.833333333333,z21,z31,toy-0010381,,,False,27.71770089676681,0.0,26.922700896766813,0.35,2.3,0
47,trip,4140,4152.008970644861,z30,z21,toy-0010377,,,False,27.02364178296369,0.0,25.942834424926254,0.35,3.2526911934581184,0
67,trip,4140,4163.0,z11,z21,toy-0010378,,,False,26.234866080509356,0.0,24.164866080509356,2.3,4.6,0
89,trip,4140,4148.833333333333,z22,z21,toy-0010385,,,False,14.221361218860308,0.0,13.426361218860308,0.35,2.3,0
77,trip,4140,4148.833333333333,z20,z10,toy-0010376,,,False,40.61757792588757,0.0,39.82257792588757,0.35,2.3,0
58,trip,4140,4148.833333333333,z21,z11,toy-0010380,,,False,38.63863475485492,0.0,37.84363475485492,0.35,2.3,0
61,trip,4140,4152.008970644861,z31,z22,toy-0010382,,,False,18.925173618069874,0.0,17.844366260032437,0.35,3.2526911934581184,0
64,trip,4140,4158.508970644861,z31,z10,toy-0010379,,,False,25.80261203738566,0.0,24.136804679348224,2.3,3.2526911934581184,0
62,trip,4140,4163.0,z32,z11,toy-0010383,,,False,35.039691021412644,0.0,32.96969102141264,4.6,2.3,0
84,trip,4140,4156.5,z32,z12,toy-0010387,,,False,9.123178405536162,0.0,7.638178405536163,0.35,4.6,0
85,trip,4140,4155.333333333333,z32,z32,toy-0010386,,,False,41.33677056785016,0.0,39.95677056785016,2.3,2.3,0
82,visit,4140,4183.196849235885,z01,z01,,depot_west,local,False,10.584140162414327,38.10585983758567,47.309999999999995,4.6,0,22.863515902551402
54,visit,4140,4179.286375654997,z22,z22,,depot_south,local,False,17.722276537819187,0.0,14.636502728869477,10.285912696499032,0,0
87,visit,4140,4166.6846079563875,z11,z11,,depot_west,local,False,18.429755136336134,0.0,16.478140420261262,6.505382386916237,0,0
28,visit,4140,4166.6846079563875,z21,z21,,depot_south,local,False,30.482302496388144,0.0,28.530687780313272,6.505382386916237,0,0
25,visit,4140,4188.369215912775,z22,z22,,depot_west,local,False,39.6934188330128,0.0,35.790189400863056,13.010764773832474,0,0
2,trip,4150,4158.833333333333,z32,z31,toy-0010400,,,False,14.561219057151144,0.0,13.766219057151144,0.35,2.3,0
34,trip,4150,4166.5,z11,z31,toy-0010391,,,False,24.810189400863276,0.0,23.325189400863277,0.35,4.6,0
9,trip,4150,4168.309854494165,z31,z12,toy-0010396,,,False,20.04018940086372,0.0,18.392302496388865,0.35,5.142956348249516,0
44,trip,4150,4162.008970644861,z11,z22,toy-0010392,,,False,13.822698565215537,0.0,12.741891207178101,0.35,3.2526911934581184,0
12,trip,4150,4168.309854494165,z10,z22,toy-0010389,,,False,19.975330910871914,0.0,18.32744400639706,0.35,5.142956348249516,0
13,trip,4150,4158.833333333333,z31,z32,toy-0010397,,,False,19.372834424926417,0.0,18.577834424926415,0.35,2.3,0
14,trip,4150,4158.833333333333,z31,z21,toy-0010395,,,False,24.899382042825785,0.0,24.104382042825783,0.35,2.3,0
19,trip,4150,4168.309854494165,z32,z11,toy-0010399,,,False,26.826294120685386,0.0,25.17840721621053,0.35,5.142956348249516,0
26,trip,4150,4158.833333333333,z21,z20,toy-0010393,,,False,40.10141369840869,0.0,39.30641369840869,0.35,2.3,0
4,trip,4150,4166.5,z22,z02,toy-0010398,,,False,18.342693477327785,0.0,16.857693477327786,0.35,4.6,0
5,trip,4150,4168.508970644861,z20,z12,toy-0010394,,,False,12.215661821744359,0.0,10.549854463706923,2.3,3.2526911934581184,0
58,trip,4150,4158.833333333333,z11,z21,toy-0010390,,,False,37.84363475485487,0.0,37.04863475485487,0.35,2.3,0
30,trip,4150,4174.166666666667,z00,z30,toy-0010388,,,False,22.817678483860483,0.0,20.642678483860482,0.35,6.8999999999999995,0
31,trip,4150,4165.333333333333,z31,z22,toy-0010406,,,False,17.675818479336723,0.0,16.295818479336724,2.3,2.3,0
15,trip,4150,4168.309854494165,z01,z20,toy-0010402,,,False,21.48498838319727,0.0,19.837101478722413,0.35,5.142956348249516,0
20,trip,4150,4172.851274623054,z32,z10,toy-0010410,,,False,18.48864178296389,0.0,16.432027066889017,0.35,6.505382386916237,0
70,trip,4150,4158.833333333333,z01,z00,toy-0010401,,,False,7.832407459175298,0.0,7.037407459175298,0.35,2.3,0
41,trip,4150,4165.333333333333,z22,z31,toy-0010405,,,False,25.387245320282734,0.0,24.007245320282735,2.3,2.3,0
76,trip,4150,4158.833333333333,z11,z12,toy-0010404,,,False,9.764482690089448,0.0,8.969482690089448,0.35,2.3,0
45,trip,4150,4168.508970644861,z31,z32,toy-0010407,,,False,26.922700896766756,0.0,25.25689353872932,2.3,3.2526911934581184,0
48,trip,4150,4162.008970644861,z22,z31,toy-0010409,,,False,26.97629412068507,0.0,25.895486762647632,0.35,3.2526911934581184,0
38,trip,4150,4168.309854494165,z32,z20,toy-0010411,,,False,22.10110471982177,0.0,20.453217815346914,0.35,5.142956348249516,0
52,trip,4150,4168.309854494165,z31,z10,toy-0010408,,,False,22.400472420880774,0.0,20.75258551640592,0.35,5.142956348249516,0
77,trip,4150,4168.508970644861,z10,z20,toy-0010403,,,False,39.82257792588752,0.0,38.15677056785009,2.3,3.2526911934581184,0
89,visit,4150,4220.014275639894,z21,z21,,depot_south,central,False,13.426361218860253,35.549446139177185,47.024192641962564,6.505382386916237,0,21.329667683506308
21,visit,4150,4203.488257455915,z31,z31,,depot_west,local,False,32.824724570500955,0.0,28.46078139946859,14.546477236774544,0,0
78,visit,4150,4221.958011358276,z30,z30,,depot_west,,False,10.13998106953936,39.93001893046064,45.93,13.799999999999999,0,23.958011358276384
80,visit,4150,4209.791806651543,z12,z12,,depot_west,,False,10.367168576897962,39.175718327576895,46.457113095525145,10.285912696499032,0,23.50543099654614
26,trip,4160,4178.309854494165,z20,z32,toy-0010417,,,False,39.30641369840864,0.0,37.65852679393379,0.35,5.142956348249516,0
18,trip,4160,4185.410795394624,z31,z00,toy-0010419,,,False,22.540405322706118,0.0,20.253433737189937,0.35,7.273238618387272,0
32,trip,4160,4172.008970644861,z31,z22,toy-0010422,,,False,20.2070535878684,0.0,19.126246229830965,0.35,3.2526911934581184,0
13,trip,4160,4168.833333333333,z32,z22,toy-0010427,,,False,18.577834424926362,0.0,17.782834424926364,0.35,2.3,0
36,trip,4160,4176.5,z31,z11,toy-0010421,,,False,45.148385283924576,0.0,43.663385283924576,0.35,4.6,0
42,trip,4160,4178.309854494165,z12,z31,toy-0010424,,,False,35.51725460553418,0.0,33.869367701059325,0.35,5.142956348249516,0
74,trip,4160,4168.833333333333,z11,z01,toy-0010418,,,False,17.062662896609755,0.0,16.267662896609757,0.35,2.3,0
27,trip,4160,4178.309854494165,z20,z01,toy-0010415,,,False,22.183325776268063,0.0,20.535438871793207,0.35,5.142956348249516,0
76,trip,4160,4178.309854494165,z12,z20,toy-0010423,,,False,8.969482690089393,0.0,7.321595785614538,0.35,5.142956348249516,0
10,trip,4160,4172.008970644861,z31,z20,toy-0010420,,,False,8.355069823139441,0.0,7.274262465102006,0.35,3.2526911934581184,0
49,trip,4160,4172.008970644861,z20,z31,toy-0010416,,,False,44.56338528392508,0.0,43.48257792588765,0.35,3.2526911934581184,0
64,trip,4160,4178.309854494165,z10,z31,toy-0010413,,,False,24.1368046793482,0.0,22.488917774873343,0.35,5.142956348249516,0
22,trip,4160,4172.008970644861,z32,z21,toy-0010425,,,False,43.09630573748785,0.0,42.01549837945042,0.35,3.2526911934581184,0
40,trip,4160,4168.833333333333,z32,z31,toy-0010426,,,False,17.84113696550802,0.0,17.04613696550802,0.35,2.3,0
8,trip,4160,4189.351274623054,z00,z32,toy-0010414,,,False,21.90710147872229,0.0,19.26548676264742,2.3,6.505382386916237,0
75,trip,4160,4168.833333333333,z00,z10,toy-0010412,,,False,45.37630573748723,0.0,44.58130573748723,0.35,2.3,0
71,trip,4160,4184.166666666667,z31,z01,toy-0010434,,,False,17.684557101922348,0.0,15.509557101922347,0.35,6.8999999999999995,0
29,trip,4160,4185.410795394624,z02,z31,toy-0010437,,,False,28.856461589262835,0.0,26.569490003746655,0.35,7.273238618387272,0
61,trip,4160,4172.008970644861,z22,z11,toy-0010438,,,False,17.84436626003241,0.0,16.763558901994973,0.35,3.2526911934581184,0
79,trip,4160,4185.410795394624,z00,z31,toy-0010428,,,False,20.996279127217935,0.0,18.709307541701754,0.35,7.273238618387272,0
66,trip,4160,4168.833333333333,z22,z12,toy-0010439,,,False,45.8383852839255,0.0,45.043385283925495,0.35,2.3,0
51,trip,4160,4178.508970644861,z20,z01,toy-0010429,,,False,21.909537894601186,0.0,20.24373053656375,2.3,3.2526911934581184,0
46,trip,4160,4185.410795394624,z32,z01,toy-0010441,,,False,34.66363475485507,0.0,32.37666316933888,0.35,7.273238618387272,0
0,trip,4160,4178.508970644861,z21,z00,toy-0010432,,,False,43.500498379449965,0.0,41.83469102141253,2.3,3.2526911934581184,0
83,trip,4160,4168.833333333333,z22,z32,toy-0010440,,,False,45.13500000000016,0.0,44.34000000000016,0.35,2.3,0
85,trip,4160,4184.166666666667,z32,z02,toy-0010442,,,False,39.95677056785011,0.0,37.78177056785011,0.35,6.8999999999999995,0
3,trip,4160,4168.833333333333,z30,z31,toy-0010430,,,False,13.797558995427394,0.0,13.002558995427394,0.35,2.3,0
88,trip,4160,4168.833333333333,z31,z32,toy-0010436,,,False,35.06402517338408,0.0,34.26902517338408,0.35,2.3,0
6,trip,4160,4184.166666666667,z01,z31,toy-0010431,,,False,22.982860945905397,0.0,20.807860945905396,0.35,6.8999999999999995,0
14,trip,4160,4175.333333333333,z21,z21,toy-0010435,,,False,24.10438204282573,0.0,22.72438204282573,2.3,2.3,0
17,trip,4160,4184.809854494165,z21,z32,toy-0010433,,,False,16.777158003127322,0.0,14.544271098652468,2.3,5.142956348249516,0
2,visit,4160,4201.287601899043,z31,z31,,depot_south,local,False,13.766219057151089,34.92378094284891,47.309999999999995,4.6,0,20.954268565709345
56,visit,4160,4199.286375654997,z22,z22,,depot_south,local,False,24.394166683393454,0.0,21.308392874443744,10.285912696499032,0,0
70,visit,4160,4188.973888857829,z00,z00,,depot_west,,False,7.037407459175244,41.067592540824755,47.894999999999996,0.7,0,24.640555524494854
81,visit,4160,4202.316027396837,z20,z20,,depot_south,,False,7.052176560826779,41.63782343917322,47.309999999999995,4.6,0,24.98269406350393
84,visit,4160,4221.42920075436,z12,z12,,depot_west,,False,7.638178405536162,41.90470849893869,46.45711309552514,10.285912696499032,0,25.14282509936321
28,trip,4170,4178.833333333333,z21,z31,toy-0010447,,,False,28.530687780313272,0.0,27.73568778031327,0.35,2.3,0
39,trip,4170,4188.309854494165,z01,z22,toy-0010446,,,False,14.552544001959777,0.0,12.904657097484922,0.35,5.142956348249516,0
15,trip,4170,4178.833333333333,z20,z21,toy-0010444,,,False,19.837101478722424,0.0,19.042101478722422,0.35,2.3,0
38,trip,4170,4178.833333333333,z20,z30,toy-0010443,,,False,20.453217815346925,0.0,19.658217815346923,0.35,2.3,0
74,trip,4170,4182.008970644861,z01,z12,toy-0010445,,,False,16.2676628966097,0.0,15.186855538572264,0.35,3.2526911934581184,0
7,trip,4170,4178.833333333333,z22,z21,toy-0010448,,,False,30.74079574123437,0.0,29.94579574123437,0.35,2.3,0
24,trip,4170,4195.410795394624,z30,z01,toy-0010449,,,False,11.745879985847496,0.0,9.458908400331314,0.35,7.273238618387272,0
12,trip,4170,4188.309854494165,z22,z10,toy-0010456,,,False,18.32744400639707,0.0,16.679557101922214,0.35,5.142956348249516,0
3,trip,4170,4182.008970644861,z31,z22,toy-0010454,,,False,13.00255899542734,0.0,11.921751637389903,0.35,3.2526911934581184,0
45,trip,4170,4178.833333333333,z32,z31,toy-0010460,,,False,25.256893538729294,0.0,24.461893538729292,0.35,2.3,0
1,trip,4170,4201.910795394624,z02,z32,toy-0010450,,,False,32.78213792177175,0.0,29.910166336255568,2.3,7.273238618387272,0
13,trip,4170,4182.008970644861,z22,z31,toy-0010458,,,False,17.782834424926307,0.0,16.70202706688887,0.35,3.2526911934581184,0
53,trip,4170,4188.309854494165,z32,z11,toy-0010459,,,False,25.591979176035053,0.0,23.944092271560198,0.35,5.142956348249516,0
16,trip,4170,4186.5,z22,z20,toy-0010457,,,False,18.941176905885197,0.0,17.456176905885197,0.35,4.6,0
19,trip,4170,4186.5,z11,z31,toy-0010451,,,False,25.17840721621054,0.0,23.69340721621054,0.35,4.6,0
47,trip,4170,4182.008970644861,z21,z32,toy-0010453,,,False,25.942834424926225,0.0,24.86202706688879,0.35,3.2526911934581184,0
34,trip,4170,4178.833333333333,z31,z32,toy-0010455,,,False,23.325189400863273,0.0,22.53018940086327,0.35,2.3,0
50,trip,4170,4178.833333333333,z21,z11,toy-0010452,,,False,47.02419264196299,0.0,46.22919264196299,0.35,2.3,0
44,visit,4170,4253.3669730733745,z22,z22,,depot_south,central,False,12.741891207178073,36.800995697296784,46.457113095525145,10.285912696499032,0,22.08059741837807
41,visit,4170,4190.333333333333,z31,z31,,depot_south,local,False,24.00724532028268,0.0,22.627245320282682,4.6,0,0
62,visit,4170,4218.6846079563875,z11,z11,,depot_west,central,False,32.969691021412636,0.0,31.018076305337765,6.505382386916237,0,0
35,visit,4170,4226.410861459743,z02,z02,,depot_west,,False,9.806342011539432,39.57365798846057,46.62,9.2,0,23.74419479307634
5,visit,4170,4229.682195119458,z12,z12,,depot_west,,False,10.549854463706895,38.99303244076796,46.457113095525145,10.285912696499032,0,23.39581946446078
60,visit,4170,4180.0,z30,z30,,depot_south,,True,16.860687780313278,9.444444444444446,26.095132224757723,0.7,0,5.666666666666668
57,visit,4170,4180.0,z30,z30,,depot_south,,True,25.43961362632736,9.444444444444446,34.67405807077181,0.7,0,5.666666666666668
43,visit,4170,4180.0,z30,z30,,depot_south,,True,26.02602681065991,9.444444444444446,35.260471255104356,0.7,0,5.666666666666668
26,trip,4180,4196.5,z32,z30,toy-0010475,,,False,37.658526793933795,0.0,36.173526793933796,0.35,4.6,0
68,trip,4180,4196.5,z20,z00,toy-0010461,,,False,37.75972457050101,0.0,36.27472457050101,0.35,4.6,0
7,trip,4180,4188.833333333333,z21,z22,toy-0010468,,,False,29.945795741234313,0.0,29.15079574123431,0.35,2.3,0
33,trip,4180,4192.008970644861,z32,z21,toy-0010476,,,False,13.792834424926797,0.0,12.71202706688936,0.35,3.2526911934581184,0
28,trip,4180,4188.833333333333,z31,z21,toy-0010471,,,False,27.735687780313217,0.0,26.94068778031322,0.35,2.3,0
40,trip,4180,4198.309854494165,z31,z12,toy-0010472,,,False,17.046136965507966,0.0,15.39825006103311,0.35,5.142956348249516,0
42,trip,4180,4196.5,z31,z11,toy-0010470,,,False,33.86936770105933,0.0,32.38436770105933,0.35,4.6,0
38,trip,4180,4198.309854494165,z30,z11,toy-0010464,,,False,19.65821781534687,0.0,18.010330910872014,0.35,5.142956348249516,0
9,trip,4180,4188.833333333333,z12,z22,toy-0010474,,,False,18.392302496388876,0.0,17.597302496388878,0.35,2.3,0
66,trip,4180,4192.008970644861,z12,z21,toy-0010473,,,False,45.043385283925446,0.0,43.96257792588801,0.35,3.2526911934581184,0
73,trip,4180,4196.5,z20,z22,toy-0010463,,,False,47.30999999999948,0.0,45.82499999999948,0.35,4.6,0
27,trip,4180,4188.833333333333,z01,z02,toy-0010465,,,False,20.535438871793218,0.0,19.740438871793216,0.35,2.3,0
45,trip,4180,4188.833333333333,z31,z30,toy-0010469,,,False,24.46189353872924,0.0,23.66689353872924,0.35,2.3,0
36,trip,4180,4188.833333333333,z11,z21,toy-0010466,,,False,43.663385283924576,0.0,42.868385283924574,0.35,2.3,0
14,trip,4180,4188.833333333333,z21,z20,toy-0010467,,,False,22.724382042825678,0.0,21.92938204282568,0.35,2.3,0
77,trip,4180,4192.008970644861,z20,z11,toy-0010462,,,False,38.15677056785006,0.0,37.07596320981263,0.35,3.2526911934581184,0
55,trip,4180,4196.5,z32,z12,toy-0010490,,,False,24.69873277882462,0.0,23.21373277882462,0.35,4.6,0
20,trip,4180,4188.833333333333,z10,z00,toy-0010477,,,False,16.43202706688899,0.0,15.637027066888988,0.35,2.3,0
4,trip,4180,4204.809854494165,z02,z31,toy-0010484,,,False,16.857693477327782,0.0,14.624806572852927,2.3,5.142956348249516,0
31,trip,4180,4203.0,z22,z32,toy-0010485,,,False,16.29581847933667,0.0,14.22581847933667,2.3,4.6,0
15,trip,4180,4198.508970644861,z21,z31,toy-0010478,,,False,19.04210147872237,0.0,17.376294120684932,2.3,3.2526911934581184,0
83,trip,4180,4198.309854494165,z32,z20,toy-0010488,,,False,44.34000000000011,0.0,42.69211309552526,0.35,5.142956348249516,0
48,trip,4180,4198.309854494165,z31,z10,toy-0010482,,,False,25.895486762647604,0.0,24.247599858172748,0.35,5.142956348249516,0
88,trip,4180,4188.833333333333,z32,z31,toy-0010489,,,False,34.26902517338403,0.0,33.47402517338403,0.35,2.3,0
32,trip,4180,4188.833333333333,z22,z32,toy-0010487,,,False,19.126246229830937,0.0,18.33124622983094,0.35,2.3,0
50,trip,4180,4192.008970644861,z11,z22,toy-0010480,,,False,46.22919264196294,0.0,45.148385283925506,0.35,3.2526911934581184,0
54,trip,4180,4198.309854494165,z22,z01,toy-0010486,,,False,14.636502728869555,0.0,12.9886158243947,0.35,5.142956348249516,0
58,trip,4180,4188.833333333333,z21,z31,toy-0010481,,,False,37.04863475485482,0.0,36.253634754854815,0.35,2.3,0
64,trip,4180,4192.008970644861,z31,z20,toy-0010483,,,False,22.488917774873354,0.0,21.408110416835918,0.35,3.2526911934581184,0
43,trip,4180,4196.5,z30,z32,toy-0010479,,,False,35.26047125510488,0.0,33.77547125510488,0.35,4.6,0
72,trip,4180,4195.333333333333,z22,z22,toy-0010491,,,False,23.38365901869192,0.0,22.00365901869192,2.3,2.3,0
10,visit,4180,4225.182775854272,z20,z20,,depot_south,local,False,7.274262465101978,41.41573753489802,47.309999999999995,4.6,0,24.849442520938815
30,visit,4180,4190.0,z30,z30,,depot_south,local,True,20.642678483860454,4.444444444444445,24.8771229283049,0.7,0,2.666666666666667
34,visit,4180,4215.666666666667,z32,z32,,depot_south,local,False,22.530189400863218,0.0,19.770189400863217,9.2,0,0
22,visit,4180,4206.6846079563875,z21,z21,,depot_south,local,False,42.01549837945039,0.0,40.06388366337552,6.505382386916237,0,0
49,visit,4180,4233.488257455915,z31,z31,,depot_west,local,False,43.48257792588762,0.0,39.11863475485526,14.546477236774544,0,0
30,trip,4190,4208.309854494165,z30,z22,toy-0010496,,,False,24.87712292830543,0.0,23.229236023830573,0.35,5.142956348249516,0
45,trip,4190,4206.5,z30,z10,toy-0010494,,,False,23.666893538729184,0.0,22.181893538729184,0.35,4.6,0
6,trip,4190,4198.833333333333,z31,z32,toy-0010499,,,False,20.807860945905368,0.0,20.012860945905366,0.35,2.3,0
12,trip,4190,4202.008970644861,z10,z21,toy-0010492,,,False,16.679557101922224,0.0,15.598749743884788,0.35,3.2526911934581184,0
74,trip,4190,4198.833333333333,z12,z02,toy-0010500,,,False,15.186855538572233,0.0,14.391855538572234,0.35,2.3,0
3,trip,4190,4198.833333333333,z22,z21,toy-0010501,,,False,11.921751637389875,0.0,11.126751637389875,0.35,2.3,0
53,trip,4190,4198.833333333333,z11,z10,toy-0010497,,,False,23.94409227156021,0.0,23.149092271560207,0.35,2.3,0
28,trip,4190,4202.008970644861,z21,z12,toy-0010498,,,False,26.940687780313162,0.0,25.859880422275726,0.35,3.2526911934581184,0
14,trip,4190,4208.309854494165,z20,z32,toy-0010493,,,False,21.929382042825623,0.0,20.281495138350767,0.35,5.142956348249516,0
7,trip,4190,4202.008970644861,z22,z31,toy-0010502,,,False,29.15079574123426,0.0,28.069988383196822,0.35,3.2526911934581184,0
57,trip,4190,4198.833333333333,z30,z20,toy-0010495,,,False,34.67405807077233,0.0,33.87905807077233,0.35,2.3,0
13,trip,4190,4198.833333333333,z31,z21,toy-0010509,,,False,16.702027066888842,0.0,15.907027066888842,0.35,2.3,0
61,trip,4190,4206.5,z11,z31,toy-0010504,,,False,16.763558901994944,0.0,15.278558901994945,0.35,4.6,0
36,trip,4190,4202.008970644861,z21,z10,toy-0010506,,,False,42.868385283924525,0.0,41.78757792588709,0.35,3.2526911934581184,0
69,trip,4190,4208.309854494165,z11,z32,toy-0010505,,,False,47.0241926419632,0.0,45.376305737488345,0.35,5.142956348249516,0
59,trip,4190,4206.5,z21,z01,toy-0010507,,,False,30.048917212462932,0.0,28.563917212462933,0.35,4.6,0
19,trip,4190,4202.008970644861,z31,z22,toy-0010510,,,False,23.693407216210538,0.0,22.612599858173102,0.35,3.2526911934581184,0
8,trip,4190,4212.851274623054,z32,z10,toy-0010511,,,False,19.26548676264739,0.0,17.20887204657252,0.35,6.505382386916237,0
63,trip,4190,4202.008970644861,z21,z32,toy-0010508,,,False,38.226339286575765,0.0,37.14553192853833,0.35,3.2526911934581184,0
52,trip,4190,4208.309854494165,z10,z31,toy-0010503,,,False,20.75258551640593,0.0,19.104698611931074,0.35,5.142956348249516,0
39,visit,4190,4251.269313539191,z22,z22,,depot_south,local,False,12.904657097484932,36.638229806989926,46.457113095525145,10.285912696499032,0,21.98293788419396
46,visit,4190,4210.333333333333,z01,z01,,depot_west,local,False,32.37666316933882,0.0,30.99666316933882,4.6,0,0
88,visit,4190,4210.333333333333,z31,z31,,depot_south,local,False,33.47402517338398,0.0,32.094025173383976,4.6,0,0
17,visit,4190,4268.8512551259655,z32,z32,,depot_west,,False,14.544271098652478,35.94355928141768,45.51216961992985,16.58553586713435,0,21.566135568850605
20,visit,4190,4200.0,z00,z00,,depot_west,,True,15.637027066888932,9.444444444444446,24.871471511333375,0.7,0,5.666666666666668
6,trip,4200,4212.008970644861,z32,z21,toy-0010531,,,False,20.012860945905313,0.0,18.932053587867877,0.35,3.2526911934581184,0
24,trip,4200,4224.166666666667,z01,z31,toy-0010519,,,False,9.458908400331246,0.0,7.283908400331247,0.35,6.8999999999999995,0
3,trip,4200,4208.833333333333,z21,z31,toy-0010521,,,False,11.12675163738982,0.0,10.33175163738982,0.35,2.3,0
11,trip,4200,4216.5,z12,z10,toy-0010527,,,False,46.457113095524925,0.0,44.972113095524925,0.35,4.6,0
13,trip,4200,4212.008970644861,z21,z30,toy-0010520,,,False,15.907027066888785,0.0,14.82621970885135,0.35,3.2526911934581184,0
0,trip,4200,4228.809226445224,z00,z32,toy-0010512,,,False,41.8346910214125,0.0,39.24186064134235,0.35,8.292767933567175,0
16,trip,4200,4208.833333333333,z20,z21,toy-0010514,,,False,17.456176905885194,0.0,16.661176905885192,0.35,2.3,0
15,trip,4200,4216.5,z31,z11,toy-0010523,,,False,17.376294120684907,0.0,15.891294120684908,0.35,4.6,0
48,trip,4200,4208.833333333333,z10,z20,toy-0010513,,,False,24.24759985817276,0.0,23.45259985817276,0.35,2.3,0
51,trip,4200,4216.5,z01,z21,toy-0010518,,,False,20.243730536563724,0.0,18.758730536563725,0.35,4.6,0
54,trip,4200,4208.833333333333,z01,z11,toy-0010517,,,False,12.98861582439471,0.0,12.19361582439471,0.35,2.3,0
29,trip,4200,4224.166666666667,z31,z01,toy-0010522,,,False,26.569490003746587,0.0,24.394490003746586,0.35,6.8999999999999995,0
57,trip,4200,4222.851274623054,z20,z02,toy-0010515,,,False,33.87905807077228,0.0,31.82244335469741,0.35,6.505382386916237,0
23,trip,4200,4208.833333333333,z32,z31,toy-0010532,,,False,46.62000000000016,0.0,45.82500000000016,0.35,2.3,0
40,trip,4200,4218.309854494165,z12,z00,toy-0010526,,,False,15.398250061033119,0.0,13.750363156558265,0.35,5.142956348249516,0
9,trip,4200,4218.309854494165,z22,z30,toy-0010528,,,False,17.59730249638882,0.0,15.949415591913965,0.35,5.142956348249516,0
41,trip,4200,4208.833333333333,z31,z32,toy-0010525,,,False,22.62724532028263,0.0,21.83224532028263,0.35,2.3,0
25,trip,4200,4212.008970644861,z22,z11,toy-0010529,,,False,35.790189400863056,0.0,34.709382042825624,0.35,3.2526911934581184,0
32,trip,4200,4228.809226445224,z32,z00,toy-0010530,,,False,18.33124622983088,0.0,15.73841584976073,0.35,8.292767933567175,0
60,trip,4200,4222.851274623054,z30,z12,toy-0010516,,,False,26.095132224758252,0.0,24.03851750868338,0.35,6.505382386916237,0
58,trip,4200,4225.410795394624,z31,z02,toy-0010524,,,False,36.253634754854765,0.0,33.96666316933858,0.35,7.273238618387272,0
43,trip,4200,4218.309854494165,z32,z11,toy-0010539,,,False,33.77547125510488,0.0,32.12758435063003,0.35,5.142956348249516,0
64,trip,4200,4218.309854494165,z20,z12,toy-0010535,,,False,21.40811041683589,0.0,19.760223512361033,0.35,5.142956348249516,0
38,trip,4200,4212.008970644861,z11,z20,toy-0010536,,,False,18.010330910872025,0.0,16.92952355283459,0.35,3.2526911934581184,0
55,trip,4200,4212.008970644861,z12,z01,toy-0010538,,,False,23.213732778824617,0.0,22.13292542078718,0.35,3.2526911934581184,0
53,trip,4200,4222.851274623054,z10,z32,toy-0010534,,,False,23.149092271560153,0.0,21.09247755548528,0.35,6.505382386916237,0
33,trip,4200,4208.833333333333,z21,z22,toy-0010537,,,False,12.712027066889332,0.0,11.917027066889332,0.35,2.3,0
47,trip,4200,4208.833333333333,z32,z22,toy-0010540,,,False,24.86202706688876,0.0,24.067027066888762,0.35,2.3,0
75,trip,4200,4218.309854494165,z10,z22,toy-0010533,,,False,44.58130573748718,0.0,42.933418833012325,0.35,5.142956348249516,0
42,visit,4200,4226.6846079563875,z11,z11,,depot_west,local,False,32.38436770105933,0.0,30.43275298498446,6.505382386916237,0,0
26,visit,4200,4229.333333333333,z30,z30,,depot_south,central,False,36.173526793933796,0.0,35.963526793933795,0.7,0,0
76,visit,4200,4242.154375861965,z20,z20,,depot_south,,False,7.321595785614548,41.36840421438545,47.309999999999995,4.6,0,24.82104252863127
74,visit,4200,4253.659553343523,z02,z02,,depot_west,,False,14.391855538572178,34.98814446142782,46.620000000000005,9.2,0,20.992886676856692
59,trip,4210,4222.008970644861,z01,z10,toy-0010546,,,False,28.56391721246293,0.0,27.483109854425493,0.35,3.2526911934581184,0
28,trip,4210,4232.851274623054,z12,z30,toy-0010554,,,False,25.859880422275697,0.0,23.803265706200825,0.35,6.505382386916237,0
12,trip,4210,4218.833333333333,z21,z11,toy-0010549,,,False,15.598749743884758,0.0,14.803749743884758,0.35,2.3,0
2,trip,4210,4225.333333333333,z31,z31,toy-0010545,,,False,47.31000000000063,0.0,45.930000000000625,2.3,2.3,0
36,trip,4210,4218.833333333333,z10,z11,toy-0010542,,,False,41.787577925887064,0.0,40.99257792588706,0.35,2.3,0
54,trip,4210,4228.309854494165,z11,z30,toy-0010547,,,False,12.193615824394655,0.0,10.5457289199198,0.35,5.142956348249516,0
19,trip,4210,4218.833333333333,z22,z32,toy-0010557,,,False,22.612599858173073,0.0,21.817599858173075,0.35,2.3,0
3,trip,4210,4235.410795394624,z31,z00,toy-0010550,,,False,10.331751637389765,0.0,8.044780051873584,0.35,7.273238618387272,0
80,trip,4210,4218.833333333333,z12,z11,toy-0010555,,,False,46.45711309552539,0.0,45.66211309552539,0.35,2.3,0
4,trip,4210,4228.309854494165,z31,z12,toy-0010552,,,False,14.624806572852938,0.0,12.976919668378084,0.35,5.142956348249516,0
30,trip,4210,4222.008970644861,z22,z31,toy-0010556,,,False,23.229236023830584,0.0,22.148428665793148,0.35,3.2526911934581184,0
16,trip,4210,4228.309854494165,z21,z00,toy-0010548,,,False,16.66117690588514,0.0,15.013290001410283,0.35,5.142956348249516,0
48,trip,4210,4222.008970644861,z20,z31,toy-0010543,,,False,23.452599858172704,0.0,22.371792500135268,0.35,3.2526911934581184,0
7,trip,4210,4228.508970644861,z31,z21,toy-0010544,,,False,28.069988383196794,0.0,26.404181025159357,2.3,3.2526911934581184,0
21,trip,4210,4222.008970644861,z31,z22,toy-0010553,,,False,28.46078139946852,0.0,27.379974041431083,0.35,3.2526911934581184,0
18,trip,4210,4232.851274623054,z00,z22,toy-0010541,,,False,20.25343373718987,0.0,18.196819021114997,0.35,6.505382386916237,0
23,trip,4210,4222.008970644861,z31,z20,toy-0010551,,,False,45.82500000000011,0.0,44.74419264196268,0.35,3.2526911934581184,0
22,trip,4210,4222.008970644861,z21,z32,toy-0010560,,,False,40.06388366337552,0.0,38.98307630533809,0.35,3.2526911934581184,0
1,trip,4210,4218.833333333333,z32,z31,toy-0010568,,,False,29.910166336255504,0.0,29.115166336255506,0.35,2.3,0
33,trip,4210,4226.5,z22,z20,toy-0010565,,,False,11.917027066889277,0.0,10.432027066889278,0.35,4.6,0
14,trip,4210,4235.410795394624,z32,z01,toy-0010567,,,False,20.281495138350778,0.0,17.994523552834597,0.35,7.273238618387272,0
37,trip,4210,4218.833333333333,z22,z12,toy-0010566,,,False,35.16472457050084,0.0,34.369724570500836,0.35,2.3,0
27,trip,4210,4222.008970644861,z02,z11,toy-0010563,,,False,19.740438871793163,0.0,18.659631513755727,0.35,3.2526911934581184,0
52,trip,4210,4218.833333333333,z31,z21,toy-0010561,,,False,19.104698611931084,0.0,18.309698611931083,0.35,2.3,0
20,trip,4210,4228.309854494165,z00,z21,toy-0010558,,,False,24.871471511333908,0.0,23.223584606859053,0.35,5.142956348249516,0
77,trip,4210,4218.833333333333,z11,z21,toy-0010559,,,False,37.0759632098126,0.0,36.2809632098126,0.35,2.3,0
85,trip,4210,4228.309854494165,z02,z21,toy-0010564,,,False,37.78177056785008,0.0,36.13388366337523,0.35,5.142956348249516,0
61,trip,4210,4218.833333333333,z31,z32,toy-0010562,,,False,15.278558901994943,0.0,14.483558901994943,0.35,2.3,0
69,visit,4210,4245.666666666667,z32,z32,,depot_south,local,False,45.37630573748835,0.0,42.616305737488354,9.2,0,0
31,visit,4210,4263.7591755790645,z32,z32,,depot_south,,False,14.22581847933667,35.15418152066333,46.62,9.2,0,21.092508912398
68,visit,4210,4220.0,z00,z00,,depot_west,,True,36.27472457050101,9.444444444444446,45.50916901494545,0.7,0,5.666666666666668
19,trip,4220,4238.309854494165,z32,z20,toy-0010579,,,False,21.81759985817302,0.0,20.169712953698163,0.35,5.142956348249516,0
6,trip,4220,4228.833333333333,z21,z31,toy-0010574,,,False,18.93205358786785,0.0,18.137053587867847,0.35,2.3,0
51,trip,4220,4228.833333333333,z21,z20,toy-0010573,,,False,18.75873053656372,0.0,17.963730536563723,0.35,2.3,0
38,trip,4220,4236.5,z20,z22,toy-0010570,,,False,16.92952355283456,0.0,15.44452355283456,0.35,4.6,0
37,trip,4220,4250.666666666667,z12,z32,toy-0010575,,,False,34.369724570500786,0.0,31.609724570500788,2.3,6.8999999999999995,0
12,trip,4220,4236.5,z11,z31,toy-0010571,,,False,14.803749743884703,0.0,13.318749743884704,0.35,4.6,0
47,trip,4220,4228.833333333333,z22,z21,toy-0010578,,,False,24.067027066888706,0.0,23.272027066888704,0.35,2.3,0
15,trip,4220,4228.833333333333,z11,z12,toy-0010572,,,False,15.891294120684906,0.0,15.096294120684906,0.35,2.3,0
68,trip,4220,4245.410795394624,z00,z31,toy-0010569,,,False,45.50916901494598,0.0,43.2221974294298,0.35,7.273238618387272,0
50,trip,4220,4242.851274623054,z22,z00,toy-0010577,,,False,45.14838528392548,0.0,43.09177056785061,0.35,6.505382386916237,0
64,trip,4220,4238.309854494165,z12,z31,toy-0010576,,,False,19.760223512361044,0.0,18.11233660788619,0.35,5.142956348249516,0
34,trip,4220,4232.008970644861,z32,z21,toy-0010586,,,False,19.770189400863277,0.0,18.68938204282584,0.35,3.2526911934581184,0
25,trip,4220,4238.309854494165,z11,z32,toy-0010583,,,False,34.709382042825595,0.0,33.06149513835074,0.35,5.142956348249516,0
1,trip,4220,4236.5,z31,z11,toy-0010585,,,False,29.11516633625545,0.0,27.63016633625545,0.35,4.6,0
36,trip,4220,4232.008970644861,z11,z22,toy-0010582,,,False,40.99257792588701,0.0,39.91177056784958,0.35,3.2526911934581184,0
81,trip,4220,4238.309854494165,z20,z32,toy-0010580,,,False,47.309999999999924,0.0,45.66211309552507,0.35,5.142956348249516,0
79,trip,4220,4238.309854494165,z31,z10,toy-0010584,,,False,18.709307541701687,0.0,17.06142063722683,0.35,5.142956348249516,0
46,trip,4220,4245.410795394624,z01,z32,toy-0010581,,,False,30.996663169338767,0.0,28.709691583822586,0.35,7.273238618387272,0
40,visit,4220,4269.946115439398,z00,z00,,depot_west,central,False,13.750363156558274,34.354636843441725,47.894999999999996,0.7,0,20.612782106065033
61,visit,4220,4276.60453132547,z32,z32,,depot_south,local,False,14.483558901994888,34.89644109800511,46.620000000000005,9.2,0,20.93786465880307
13,visit,4220,4247.300601508023,z30,z30,,depot_south,local,False,14.82621970885132,33.27878029114868,47.894999999999996,0.7,0,19.967268174689206
77,visit,4220,4246.6846079563875,z21,z21,,depot_south,local,False,36.28096320981255,0.0,34.329348493737676,6.505382386916237,0,0
9,visit,4220,4230.0,z30,z30,,depot_south,,True,15.949415591913974,9.444444444444446,25.183860036358418,0.7,0,5.666666666666668
2,trip,4230,4238.833333333333,z31,z21,toy-0010591,,,False,45.930000000000575,0.0,45.13500000000057,0.35,2.3,0
10,trip,4230,4238.833333333333,z20,z10,toy-0010588,,,False,47.31000000000057,0.0,46.51500000000057,0.35,2.3,0
21,trip,4230,4242.008970644861,z22,z31,toy-0010595,,,False,27.379974041431055,0.0,26.29916668339362,0.35,3.2526911934581184,0
16,trip,4230,4246.5,z00,z20,toy-0010587,,,False,15.013290001410292,0.0,13.528290001410292,0.35,4.6,0
6,trip,4230,4238.833333333333,z31,z30,toy-0010590,,,False,18.137053587867793,0.0,17.342053587867795,0.35,2.3,0
0,trip,4230,4246.5,z32,z12,toy-0010597,,,False,39.24186064134231,0.0,37.756860641342314,0.35,4.6,0
4,trip,4230,4246.5,z12,z32,toy-0010594,,,False,12.976919668378093,0.0,11.491919668378094,0.35,4.6,0
22,trip,4230,4238.833333333333,z32,z31,toy-0010596,,,False,38.98307630533806,0.0,38.18807630533806,0.35,2.3,0
5,trip,4230,4242.008970644861,z12,z21,toy-0010593,,,False,46.45711309552569,0.0,45.37630573748826,0.35,3.2526911934581184,0
7,trip,4230,4248.309854494165,z21,z02,toy-0010589,,,False,26.404181025159332,0.0,24.756294120684476,0.35,5.142956348249516,0
35,trip,4230,4255.410795394624,z02,z31,toy-0010592,,,False,46.620000000000374,0.0,44.33302841448419,0.35,7.273238618387272,0
41,trip,4230,4238.833333333333,z32,z22,toy-0010598,,,False,21.832245320282574,0.0,21.037245320282572,0.35,2.3,0
57,trip,4230,4246.5,z02,z22,toy-0010607,,,False,31.822443354697384,0.0,30.337443354697385,0.35,4.6,0
30,trip,4230,4242.008970644861,z31,z22,toy-0010605,,,False,22.14842866579312,0.0,21.067621307755683,0.35,3.2526911934581184,0
27,trip,4230,4242.008970644861,z11,z02,toy-0010603,,,False,18.6596315137557,0.0,17.578824155718262,0.35,3.2526911934581184,0
60,trip,4230,4238.833333333333,z12,z22,toy-0010609,,,False,24.038517508683352,0.0,23.243517508683354,0.35,2.3,0
56,trip,4230,4248.309854494165,z22,z10,toy-0010610,,,False,21.30839287444382,0.0,19.660505969968963,0.35,5.142956348249516,0
20,trip,4230,4238.833333333333,z21,z22,toy-0010604,,,False,23.223584606859063,0.0,22.42858460685906,0.35,2.3,0
84,trip,4230,4248.309854494165,z12,z20,toy-0010608,,,False,46.457113095525045,0.0,44.80922619105019,0.35,5.142956348249516,0
8,trip,4230,4248.309854494165,z10,z31,toy-0010600,,,False,17.20887204657249,0.0,15.560985142097636,0.35,5.142956348249516,0
23,trip,4230,4242.008970644861,z20,z31,toy-0010602,,,False,44.74419264196265,0.0,43.663385283925216,0.35,3.2526911934581184,0
32,trip,4230,4248.309854494165,z00,z12,toy-0010599,,,False,15.73841584976069,0.0,14.090528945285836,0.35,5.142956348249516,0
48,trip,4230,4238.833333333333,z31,z32,toy-0010606,,,False,22.37179250013524,0.0,21.57679250013524,0.35,2.3,0
33,trip,4230,4242.008970644861,z20,z11,toy-0010601,,,False,10.432027066889278,0.0,9.351219708851842,0.35,3.2526911934581184,0
24,visit,4230,4275.176988293135,z31,z31,,depot_south,local,False,7.283908400331218,41.406091599668784,47.31,4.6,0,24.84365495980127
15,visit,4230,4269.286375654997,z12,z12,,depot_west,local,False,15.09629412068485,0.0,12.010520311735142,10.285912696499032,0,0
54,visit,4230,4256.868895981382,z30,z30,,depot_south,,False,10.54572891991981,37.559271080080194,47.895,0.7,0,22.535562648048117
9,visit,4230,4240.0,z30,z30,,depot_south,,True,25.18386003635895,9.444444444444446,34.41830448080339,0.7,0,5.666666666666668
26,visit,4230,4240.0,z30,z30,,depot_south,,True,35.963526793933745,9.444444444444446,45.197971238378194,0.7,0,5.666666666666668
2,trip,4240,4252.008970644861,z21,z32,toy-0010613,,,False,45.135000000000524,0.0,44.05419264196309,0.35,3.2526911934581184,0
18,trip,4240,4248.833333333333,z22,z32,toy-0010616,,,False,18.19681902111497,0.0,17.401819021114967,0.35,2.3,0
20,trip,4240,4252.008970644861,z22,z11,toy-0010615,,,False,22.42858460685901,0.0,21.347777248821572,0.35,3.2526911934581184,0
34,trip,4240,4248.833333333333,z21,z31,toy-0010612,,,False,18.689382042825812,0.0,17.89438204282581,0.35,2.3,0
25,trip,4240,4258.309854494165,z32,z11,toy-0010618,,,False,33.06149513835075,0.0,31.413608233875895,0.35,5.142956348249516,0
12,trip,4240,4252.008970644861,z31,z20,toy-0010614,,,False,13.318749743884704,0.0,12.237942385847267,0.35,3.2526911934581184,0
48,trip,4240,4256.5,z32,z30,toy-0010617,,,False,21.576792500135184,0.0,20.091792500135185,0.35,4.6,0
29,trip,4240,4258.309854494165,z01,z22,toy-0010611,,,False,24.394490003746558,0.0,22.746603099271702,0.35,5.142956348249516,0
19,trip,4240,4248.833333333333,z20,z21,toy-0010620,,,False,20.169712953698173,0.0,19.37471295369817,0.35,2.3,0
10,trip,4240,4256.5,z10,z12,toy-0010619,,,False,46.51500000000052,0.0,45.03000000000052,0.35,4.6,0
53,trip,4240,4248.833333333333,z32,z31,toy-0010626,,,False,21.092477555485253,0.0,20.29747755548525,0.35,2.3,0
55,trip,4240,4264.166666666667,z01,z31,toy-0010621,,,False,22.132925420787153,0.0,19.957925420787152,0.35,6.8999999999999995,0
47,trip,4240,4252.008970644861,z21,z12,toy-0010623,,,False,23.27202706688865,0.0,22.191219708851214,0.35,3.2526911934581184,0
22,trip,4240,4258.309854494165,z31,z12,toy-0010624,,,False,38.18807630533801,0.0,36.540189400863156,0.35,5.142956348249516,0
63,trip,4240,4252.008970644861,z32,z21,toy-0010625,,,False,37.145531928538304,0.0,36.06472457050087,0.35,3.2526911934581184,0
1,trip,4240,4256.5,z11,z31,toy-0010622,,,False,27.630166336255446,0.0,26.145166336255446,0.35,4.6,0
3,visit,4240,4271.369465302209,z00,z00,,depot_west,local,False,8.044780051873515,40.06021994812649,47.895,0.7,0,24.036131968875893
79,visit,4240,4260.333333333333,z10,z10,,depot_west,local,False,17.061420637226842,0.0,15.681420637226843,4.6,0,0
14,visit,4240,4260.333333333333,z01,z01,,depot_west,local,False,17.99452355283453,0.0,16.61452355283453,4.6,0,0
81,visit,4240,4275.666666666667,z32,z32,,depot_south,local,False,45.66211309552508,0.0,42.90211309552508,9.2,0,0
6,visit,4240,4250.0,z30,z30,,depot_south,,True,17.34205358786774,9.444444444444446,26.576498032312184,0.7,0,5.666666666666668
18,trip,4250,4274.166666666667,z32,z02,toy-0010638,,,False,17.401819021114914,0.0,15.226819021114913,0.35,6.8999999999999995,0
71,trip,4250,4268.309854494165,z01,z20,toy-0010629,,,False,15.509557101922319,0.0,13.861670197447463,0.35,5.142956348249516,0
8,trip,4250,4274.166666666667,z31,z01,toy-0010632,,,False,15.560985142097644,0.0,13.385985142097645,0.35,6.8999999999999995,0
21,trip,4250,4258.833333333333,z31,z32,toy-0010634,,,False,26.29916668339359,0.0,25.504166683393592,0.35,2.3,0
5,trip,4250,4258.833333333333,z21,z11,toy-0010631,,,False,45.37630573748823,0.0,44.58130573748823,0.35,2.3,0
33,trip,4250,4258.833333333333,z11,z01,toy-0010630,,,False,9.351219708851813,0.0,8.556219708851813,0.35,2.3,0
30,trip,4250,4262.008970644861,z22,z31,toy-0010636,,,False,21.067621307755655,0.0,19.98681394971822,0.35,3.2526911934581184,0
36,trip,4250,4258.833333333333,z22,z21,toy-0010635,,,False,39.91177056784955,0.0,39.11677056784955,0.35,2.3,0
23,trip,4250,4258.833333333333,z31,z21,toy-0010633,,,False,43.66338528392519,0.0,42.868385283925186,0.35,2.3,0
46,trip,4250,4272.851274623054,z32,z10,toy-0010637,,,False,28.70969158382252,0.0,26.653076867747647,0.35,6.505382386916237,0
6,trip,4250,4266.5,z30,z32,toy-0010628,,,False,26.576498032312713,0.0,25.091498032312714,0.35,4.6,0
11,trip,4250,4262.008970644861,z10,z21,toy-0010627,,,False,44.972113095524925,0.0,43.89130573748749,0.35,3.2526911934581184,0
34,trip,4250,4262.008970644861,z31,z22,toy-0010645,,,False,17.894382042825757,0.0,16.81357468478832,0.35,3.2526911934581184,0
42,trip,4250,4258.833333333333,z11,z21,toy-0010641,,,False,30.43275298498446,0.0,29.63775298498446,0.35,2.3,0
69,trip,4250,4268.309854494165,z32,z20,toy-0010646,,,False,42.6163057374884,0.0,40.96841883301355,0.35,5.142956348249516,0
45,trip,4250,4272.851274623054,z10,z32,toy-0010639,,,False,22.18189353872918,0.0,20.12527882265431,0.35,6.505382386916237,0
49,trip,4250,4266.5,z31,z11,toy-0010644,,,False,39.11863475485519,0.0,37.63363475485519,0.35,4.6,0
19,trip,4250,4262.008970644861,z21,z10,toy-0010642,,,False,19.37471295369812,0.0,18.293905595660682,0.35,3.2526911934581184,0
52,trip,4250,4258.833333333333,z21,z31,toy-0010643,,,False,18.30969861193103,0.0,17.51469861193103,0.35,2.3,0
16,trip,4250,4268.309854494165,z20,z01,toy-0010640,,,False,13.528290001410292,0.0,11.880403096935439,0.35,5.142956348249516,0
4,visit,4250,4308.3995148656395,z32,z32,,depot_south,local,False,11.491919668378094,37.88808033162191,46.620000000000005,9.2,0,22.732848198973144
32,visit,4250,4310.55779043051,z12,z12,,depot_west,local,False,14.090528945285845,35.45235795918901,46.457113095525145,10.285912696499032,0,21.271414775513403
28,visit,4250,4260.0,z30,z30,,depot_south,,True,23.803265706200797,9.444444444444446,33.037710150645246,0.7,0,5.666666666666668
9,visit,4250,4260.0,z30,z30,,depot_south,,True,34.418304480803926,9.444444444444446,43.65274892524837,0.7,0,5.666666666666668
2,trip,4260,4268.833333333333,z32,z22,toy-0010651,,,False,44.05419264196306,0.0,43.25919264196306,0.35,2.3,0
12,trip,4260,4278.309854494165,z20,z32,toy-0010647,,,False,12.237942385847239,0.0,10.590055481372385,0.35,5.142956348249516,0
29,trip,4260,4276.5,z22,z02,toy-0010650,,,False,22.746603099271713,0.0,21.261603099271714,0.35,4.6,0
0,trip,4260,4278.309854494165,z12,z31,toy-0010648,,,False,37.756860641342314,0.0,36.10897373686746,0.35,5.142956348249516,0
38,trip,4260,4278.309854494165,z22,z01,toy-0010649,,,False,15.444523552834559,0.0,13.796636648359705,0.35,5.142956348249516,0
23,trip,4260,4272.008970644861,z21,z32,toy-0010658,,,False,42.868385283925136,0.0,41.7875779258877,0.35,3.2526911934581184,0
9,trip,4260,4268.833333333333,z30,z31,toy-0010655,,,False,43.6527489252489,0.0,42.8577489252489,0.35,2.3,0
21,trip,4260,4268.833333333333,z32,z31,toy-0010661,,,False,25.504166683393535,0.0,24.709166683393534,0.35,2.3,0
39,trip,4260,4276.5,z22,z20,toy-0010660,,,False,46.457113095525536,0.0,44.972113095525536,0.35,4.6,0
7,trip,4260,4268.833333333333,z02,z12,toy-0010659,,,False,24.756294120684487,0.0,23.961294120684485,0.35,2.3,0
42,trip,4260,4268.833333333333,z21,z20,toy-0010657,,,False,29.637752984984406,0.0,28.842752984984408,0.35,2.3,0
56,trip,4260,4276.5,z10,z30,toy-0010654,,,False,19.660505969968973,0.0,18.175505969968974,0.35,4.6,0
50,trip,4260,4272.008970644861,z00,z11,toy-0010653,,,False,43.09177056785058,0.0,42.01096320981315,0.35,3.2526911934581184,0
70,trip,4260,4268.833333333333,z00,z01,toy-0010652,,,False,47.89499999999958,0.0,47.099999999999575,0.35,2.3,0
5,trip,4260,4278.309854494165,z11,z32,toy-0010656,,,False,44.58130573748818,0.0,42.93341883301333,0.35,5.142956348249516,0
33,visit,4260,4304.413601508022,z01,z01,,depot_west,local,False,8.556219708851758,40.13378029114824,47.309999999999995,4.6,0,24.080268174688946
47,visit,4260,4299.286375654997,z12,z12,,depot_west,local,False,22.191219708851186,0.0,19.105445899901476,10.285912696499032,0,0
1,visit,4260,4302.333333333333,z31,z31,,depot_south,central,False,26.145166336255443,0.0,24.765166336255444,4.6,0,0
36,visit,4260,4286.6846079563875,z21,z21,,depot_south,local,False,39.1167705678495,0.0,37.16515585177463,6.505382386916237,0,0
48,visit,4260,4270.0,z30,z30,,depot_south,,True,20.09179250013518,9.444444444444446,29.326236944579627,0.7,0,5.666666666666668
28,visit,4260,4270.0,z30,z30,,depot_south,,True,33.03771015064577,9.444444444444446,42.27215459509022,0.7,0,5.666666666666668
9,trip,4270,4282.008970644861,z31,z20,toy-0010668,,,False,42.85774892524885,0.0,41.776941567211416,0.35,3.2526911934581184,0
42,trip,4270,4282.008970644861,z20,z31,toy-0010662,,,False,28.84275298498435,0.0,27.761945626946915,0.35,3.2526911934581184,0
20,trip,4270,4282.008970644861,z11,z20,toy-0010663,,,False,21.347777248821544,0.0,20.266969890784107,0.35,3.2526911934581184,0
21,trip,4270,4278.833333333333,z31,z32,toy-0010669,,,False,24.70916668339348,0.0,23.914166683393482,0.35,2.3,0
11,trip,4270,4278.833333333333,z21,z22,toy-0010666,,,False,43.891305737487464,0.0,43.09630573748746,0.35,2.3,0
30,trip,4270,4288.309854494165,z31,z10,toy-0010667,,,False,19.98681394971819,0.0,18.338927045243334,0.35,5.142956348249516,0
25,trip,4270,4282.008970644861,z11,z22,toy-0010664,,,False,31.41360823387591,0.0,30.332800875838473,0.35,3.2526911934581184,0
63,trip,4270,4286.5,z21,z01,toy-0010665,,,False,36.06472457050084,0.0,34.579724570500844,0.35,4.6,0
2,trip,4270,4278.833333333333,z22,z32,toy-0010670,,,False,43.25919264196301,0.0,42.46419264196301,0.35,2.3,0
35,trip,4270,4278.833333333333,z31,z21,toy-0010673,,,False,44.333028414484126,0.0,43.538028414484124,0.35,2.3,0
34,trip,4270,4282.008970644861,z22,z31,toy-0010674,,,False,16.813574684788293,0.0,15.732767326750857,0.35,3.2526911934581184,0
51,trip,4270,4286.5,z20,z22,toy-0010671,,,False,17.963730536563666,0.0,16.478730536563667,0.35,4.6,0
14,trip,4270,4286.5,z01,z21,toy-0010672,,,False,16.614523552834477,0.0,15.129523552834478,0.35,4.6,0
19,visit,4270,4290.333333333333,z10,z10,,depot_west,local,False,18.293905595660654,0.0,16.913905595660655,4.6,0,0
70,visit,4270,4312.333333333333,z01,z01,,depot_west,central,False,47.099999999999525,0.0,45.71999999999952,4.6,0,0
16,visit,4270,4309.419091475172,z01,z01,,depot_west,,False,11.880403096935447,36.80959690306455,47.309999999999995,4.6,0,22.08575814183873
15,visit,4270,4328.80579561064,z12,z12,,depot_west,,False,12.010520311735217,37.532366592739635,46.457113095525145,10.285912696499032,0,22.51941995564378
71,visit,4270,4308.230331214865,z20,z20,,depot_south,,False,13.861670197447474,34.828329802552524,47.309999999999995,4.6,0,20.896997881531515
48,visit,4270,4280.0,z30,z30,,depot_south,,True,29.326236944580153,9.444444444444446,38.5606813890246,0.7,0,5.666666666666668
0,trip,4280,4305.410795394624,z31,z00,toy-0010678,,,False,36.10897373686747,0.0,33.822002151351285,0.35,7.273238618387272,0
43,trip,4280,4296.5,z11,z31,toy-0010677,,,False,32.12758435063004,0.0,30.642584350630038,0.35,4.6,0
46,trip,4280,4298.309854494165,z10,z22,toy-0010675,,,False,26.653076867747618,0.0,25.005189963272763,0.35,5.142956348249516,0
2,trip,4280,4298.309854494165,z32,z11,toy-0010680,,,False,42.46419264196296,0.0,40.81630573748811,0.35,5.142956348249516,0
24,trip,4280,4292.008970644861,z31,z22,toy-0010679,,,False,47.309999999999356,0.0,46.22919264196192,0.35,3.2526911934581184,0
13,trip,4280,4298.309854494165,z30,z22,toy-0010676,,,False,47.894999999999264,0.0,46.24711309552441,0.35,5.142956348249516,0
5,trip,4280,4292.008970644861,z32,z21,toy-0010681,,,False,42.933418833013334,0.0,41.8526114749759,0.35,3.2526911934581184,0
35,trip,4280,4288.833333333333,z21,z31,toy-0010683,,,False,43.538028414484074,0.0,42.74302841448407,0.35,2.3,0
52,trip,4280,4305.410795394624,z31,z02,toy-0010684,,,False,17.514698611930974,0.0,15.227727026414794,0.35,7.273238618387272,0
7,trip,4280,4296.5,z12,z32,toy-0010686,,,False,23.961294120684432,0.0,22.476294120684432,0.35,4.6,0
6,trip,4280,4296.5,z32,z12,toy-0010688,,,False,25.09149803231271,0.0,23.60649803231271,0.35,4.6,0
12,trip,4280,4305.410795394624,z32,z01,toy-0010687,,,False,10.590055481372394,0.0,8.303083895856211,0.35,7.273238618387272,0
18,trip,4280,4302.851274623054,z02,z20,toy-0010685,,,False,15.226819021114885,0.0,13.170204305040015,0.35,6.505382386916237,0
59,trip,4280,4298.309854494165,z10,z31,toy-0010682,,,False,27.483109854425464,0.0,25.83522294995061,0.35,5.142956348249516,0
45,visit,4280,4315.666666666667,z32,z32,,depot_south,local,False,20.12527882265428,0.0,17.365278822654282,9.2,0,0
8,visit,4280,4318.515742248075,z01,z01,,depot_west,,False,13.385985142097617,35.30401485790238,47.309999999999995,4.6,0,21.182408914741426
38,visit,4280,4318.269351344317,z01,z01,,depot_west,,False,13.796636648359714,34.89336335164028,47.309999999999995,4.6,0,20.93601801098417
56,visit,4280,4290.0,z30,z30,,depot_south,,True,18.17550596996897,9.444444444444446,27.409950414413416,0.7,0,5.666666666666668
48,visit,4280,4290.0,z30,z30,,depot_south,,True,38.56068138902513,9.444444444444446,47.79512583346958,0.7,0,5.666666666666668
14,trip,4290,4302.008970644861,z21,z30,toy-0010692,,,False,15.129523552834476,0.0,14.04871619479704,0.35,3.2526911934581184,0
49,trip,4290,4298.833333333333,z11,z10,toy-0010691,,,False,37.63363475485519,0.0,36.838634754855185,0.35,2.3,0
11,trip,4290,4298.833333333333,z22,z12,toy-0010694,,,False,43.09630573748741,0.0,42.30130573748741,0.35,2.3,0
34,trip,4290,4306.5,z31,z11,toy-0010693,,,False,15.732767326750826,0.0,14.247767326750827,0.35,4.6,0
17,trip,4290,4298.833333333333,z32,z31,toy-0010695,,,False,45.5121696199301,0.0,44.7171696199301,0.35,2.3,0
3,trip,4290,4318.809226445224,z00,z32,toy-0010690,,,False,47.89499999999922,0.0,45.30216961992907,0.35,8.292767933567175,0
40,trip,4290,4315.410795394624,z00,z31,toy-0010689,,,False,47.89500000000059,0.0,45.60802841448441,0.35,7.273238618387272,0
35,trip,4290,4298.833333333333,z31,z32,toy-0010699,,,False,42.74302841448402,0.0,41.94802841448402,0.35,2.3,0
9,trip,4290,4298.833333333333,z20,z30,toy-0010696,,,False,41.77694156721139,0.0,40.981941567211386,0.35,2.3,0
42,trip,4290,4308.309854494165,z31,z12,toy-0010698,,,False,27.761945626946886,0.0,26.11405872247203,0.35,5.142956348249516,0
25,trip,4290,4298.833333333333,z22,z21,toy-0010701,,,False,30.332800875838444,0.0,29.537800875838442,0.35,2.3,0
21,trip,4290,4318.809226445224,z32,z00,toy-0010702,,,False,23.914166683393425,0.0,21.32133630332327,0.35,8.292767933567175,0
53,trip,4290,4298.833333333333,z31,z30,toy-0010697,,,False,20.297477555485198,0.0,19.5024775554852,0.35,2.3,0
10,trip,4290,4302.008970644861,z12,z21,toy-0010700,,,False,45.03000000000052,0.0,43.94919264196309,0.35,3.2526911934581184,0
20,visit,4290,4310.333333333333,z20,z20,,depot_south,local,False,20.26696989078408,0.0,18.88696989078408,4.6,0,0
63,visit,4290,4310.333333333333,z01,z01,,depot_west,local,False,34.579724570500844,0.0,33.19972457050084,4.6,0,0
56,visit,4290,4300.0,z30,z30,,depot_south,,True,27.40995041441394,9.444444444444446,36.644394858858384,0.7,0,5.666666666666668
7,trip,4300,4308.833333333333,z32,z22,toy-0010709,,,False,22.47629412068443,0.0,21.681294120684427,0.35,2.3,0
13,trip,4300,4312.008970644861,z22,z11,toy-0010708,,,False,46.24711309552442,0.0,45.16630573748699,0.35,3.2526911934581184,0
9,trip,4300,4318.309854494165,z30,z11,toy-0010703,,,False,40.98194156721134,0.0,39.334054662736484,0.35,5.142956348249516,0
2,trip,4300,4312.008970644861,z11,z00,toy-0010705,,,False,40.816305737488115,0.0,39.73549837945068,0.35,3.2526911934581184,0
17,trip,4300,4308.833333333333,z31,z21,toy-0010706,,,False,44.71716961993005,0.0,43.922169619930045,0.35,2.3,0
24,trip,4300,4318.309854494165,z22,z30,toy-0010707,,,False,46.229192641961895,0.0,44.58130573748704,0.35,5.142956348249516,0
82,trip,4300,4325.410795394624,z01,z32,toy-0010704,,,False,47.31000000000031,0.0,45.02302841448412,0.35,7.273238618387272,0
41,trip,4300,4312.008970644861,z22,z31,toy-0010717,,,False,21.03724532028252,0.0,19.956437962245083,0.35,3.2526911934581184,0
5,trip,4300,4308.833333333333,z21,z11,toy-0010714,,,False,41.85261147497587,0.0,41.05761147497587,0.35,2.3,0
39,trip,4300,4318.309854494165,z20,z12,toy-0010711,,,False,44.972113095525536,0.0,43.324226191050684,0.35,5.142956348249516,0
26,trip,4300,4328.809226445224,z30,z02,toy-0010713,,,False,45.19797123837872,0.0,42.605140858308566,0.35,8.292767933567175,0
25,trip,4300,4312.008970644861,z21,z32,toy-0010715,,,False,29.53780087583839,0.0,28.456993517800953,0.35,3.2526911934581184,0
69,trip,4300,4308.833333333333,z20,z21,toy-0010710,,,False,40.96841883301356,0.0,40.17341883301356,0.35,2.3,0
11,trip,4300,4308.833333333333,z12,z11,toy-0010716,,,False,42.30130573748736,0.0,41.50630573748736,0.35,2.3,0
28,trip,4300,4312.008970644861,z30,z21,toy-0010712,,,False,42.27215459509075,0.0,41.191347237053314,0.35,3.2526911934581184,0
6,visit,4300,4339.286375654997,z12,z12,,depot_west,local,False,23.606498032312707,0.0,20.520724223362997,10.285912696499032,0,0
53,visit,4300,4310.0,z30,z30,,depot_south,,True,19.502477555485143,9.444444444444446,28.73692199992959,0.7,0,5.666666666666668
56,visit,4300,4310.0,z30,z30,,depot_south,,True,36.64439485885892,9.444444444444446,45.87883930330336,0.7,0,5.666666666666668
44,trip,4310,4318.833333333333,z22,z32,toy-0010723,,,False,46.4571130955246,0.0,45.662113095524596,0.35,2.3,0
10,trip,4310,4318.833333333333,z21,z31,toy-0010722,,,False,43.94919264196306,0.0,43.15419264196306,0.35,2.3,0
19,trip,4310,4318.833333333333,z10,z20,toy-0010718,,,False,16.9139055956606,0.0,16.1189055956606,0.35,2.3,0
18,trip,4310,4322.008970644861,z20,z31,toy-0010719,,,False,13.170204305039984,0.0,12.089396947002548,0.35,3.2526911934581184,0
16,trip,4310,4334.166666666667,z01,z31,toy-0010720,,,False,47.30999999999972,0.0,45.13499999999972,0.35,6.8999999999999995,0
5,trip,4310,4318.833333333333,z11,z21,toy-0010721,,,False,41.05761147497582,0.0,40.26261147497582,0.35,2.3,0
4,trip,4310,4318.833333333333,z32,z31,toy-0010736,,,False,46.62000000000055,0.0,45.82500000000055,0.35,2.3,0
11,trip,4310,4328.309854494165,z11,z32,toy-0010727,,,False,41.50630573748731,0.0,39.85841883301246,0.35,5.142956348249516,0
23,trip,4310,4322.008970644861,z32,z21,toy-0010735,,,False,41.787577925887675,0.0,40.70677056785024,0.35,3.2526911934581184,0
22,trip,4310,4318.833333333333,z12,z22,toy-0010733,,,False,36.54018940086316,0.0,35.74518940086316,0.35,2.3,0
1,trip,4310,4322.008970644861,z31,z20,toy-0010729,,,False,24.76516633625539,0.0,23.684358978217954,0.35,3.2526911934581184,0
42,trip,4310,4328.309854494165,z12,z31,toy-0010732,,,False,26.11405872247204,0.0,24.466171817997186,0.35,5.142956348249516,0
43,trip,4310,4334.166666666667,z31,z01,toy-0010730,,,False,30.642584350630038,0.0,28.467584350630037,0.35,6.8999999999999995,0
17,trip,4310,4318.833333333333,z21,z22,toy-0010728,,,False,43.922169619929996,0.0,43.127169619929994,0.35,2.3,0
30,trip,4310,4318.833333333333,z10,z11,toy-0010724,,,False,18.338927045243345,0.0,17.543927045243343,0.35,2.3,0
55,trip,4310,4322.008970644861,z31,z22,toy-0010731,,,False,19.957925420787124,0.0,18.877118062749688,0.35,3.2526911934581184,0
33,trip,4310,4318.833333333333,z01,z11,toy-0010726,,,False,47.31000000000018,0.0,46.51500000000018,0.35,2.3,0
31,trip,4310,4328.309854494165,z32,z20,toy-0010734,,,False,46.6200000000008,0.0,44.97211309552595,0.35,5.142956348249516,0
71,trip,4310,4328.309854494165,z20,z32,toy-0010725,,,False,47.30999999999943,0.0,45.662113095524575,0.35,5.142956348249516,0
12,visit,4310,4376.565482995819,z01,z01,,depot_west,central,False,8.303083895856144,40.38691610414386,47.309999999999995,4.6,0,24.232149662486314
52,visit,4310,4345.666666666667,z02,z02,,depot_west,local,False,15.227727026414723,0.0,12.467727026414723,9.2,0,0
7,visit,4310,4349.286375654997,z22,z22,,depot_south,local,False,21.681294120684374,0.0,18.595520311734663,10.285912696499032,0,0
0,visit,4310,4320.0,z00,z00,,depot_west,local,True,33.82200215135122,4.444444444444445,38.05644659579566,0.7,0,2.666666666666667
14,visit,4310,4334.767103616455,z30,z30,,depot_south,,False,14.048716194797011,34.05628380520299,47.894999999999996,0.7,0,20.433770283121792
34,visit,4310,4354.521431975159,z11,z11,,depot_west,,False,14.247767326750827,34.72804003128661,47.024192641962564,6.505382386916237,0,20.836824018771967
53,visit,4310,4320.0,z30,z30,,depot_south,,True,28.736921999930118,9.444444444444446,37.97136644437456,0.7,0,5.666666666666668
