request_id,time_minutes,origin,destination,distance_miles,duration_minutes,fare
toy-0000000,40,z31,z32,2.3,7.666666666666667,9.516666666666666
toy-0000001,40,z32,z31,2.3,7.666666666666667,9.516666666666666
toy-0000002,45,z21,z31,2.3,7.666666666666667,9.516666666666666
toy-0000003,45,z31,z21,2.3,7.666666666666667,9.516666666666666
toy-0000004,50,z31,z22,3.2526911934581184,10.842303978193728,12.215958381464668
toy-0000005,50,z22,z31,3.2526911934581184,10.842303978193728,12.215958381464668
toy-0000006,60,z21,z32,3.2526911934581184,10.842303978193728,12.215958381464668
toy-0000007,60,z32,z21,3.2526911934581184,10.842303978193728,12.215958381464668
toy-0000008,65,z11,z31,4.6,15.333333333333334,16.03333333333333
toy-0000009,65,z31,z11,4.6,15.333333333333334,16.03333333333333
toy-0000010,65,z22,z32,2.3,7.666666666666667,9.516666666666666
toy-0000011,65,z32,z22,2.3,7.666666666666667,9.516666666666666
toy-0000012,75,z20,z31,3.2526911934581184,10.842303978193728,12.215958381464668
toy-0000013,75,z31,z20,3.2526911934581184,10.842303978193728,12.215958381464668
toy-0000014,80,z21,z22,2.3,7.666666666666667,9.516666666666666
toy-0000015,80,z22,z21,2.3,7.666666666666667,9.516666666666666
toy-0000016,85,z31,z32,2.3,7.666666666666667,9.516666666666666
toy-0000017,85,z32,z31,2.3,7.666666666666667,9.516666666666666
toy-0000018,95,z11,z32,5.142956348249516,17.143187827498387,17.57170965337363
toy-0000019,95,z32,z11,5.142956348249516,17.143187827498387,17.57170965337363
toy-0000020,100,z20,z32,5.142956348249516,17.143187827498387,17.57170965337363
toy-0000021,100,z21,z31,2.3,7.666666666666667,9.516666666666666
toy-0000022,100,z31,z21,2.3,7.666666666666667,9.516666666666666
toy-0000023,100,z31,z12,5.142956348249516,17.143187827498387,17.57170965337363
toy-0000024,100,z12,z31,5.142956348249516,17.143187827498387,17.57170965337363
toy-0000025,100,z32,z20,5.142956348249516,17.143187827498387,17.57170965337363
toy-0000026,110,z11,z21,2.3,7.666666666666667,9.516666666666666
toy-0000027,110,z21,z11,2.3,7.666666666666667,9.516666666666666
toy-0000028,115,z10,z31,5.142956348249516,17.143187827498387,17.57170965337363
toy-0000029,115,z31,z10,5.142956348249516,17.143187827498387,17.57170965337363
toy-0000030,115,z31,z22,3.2526911934581184,10.842303978193728,12.215958381464668
toy-0000031,115,z22,z31,3.2526911934581184,10.842303978193728,12.215958381464668
toy-0000032,120,z20,z21,2.3,7.666666666666667,9.516666666666666
toy-0000033,120,z21,z20,2.3,7.666666666666667,9.516666666666666
toy-0000034,130,z11,z22,3.2526911934581184,10.842303978193728,12.215958381464668
toy-0000035,130,z22,z11,3.2526911934581184,10.842303978193728,12.215958381464668
toy-0000036,140,z01,z31,6.8999999999999995,22.999999999999996,22.549999999999997
toy-0000037,140,z31,z01,6.8999999999999995,22.999999999999996,22.549999999999997
toy-0000038,145,z20,z22,4.6,15.333333333333334,16.03333333333333
toy-0000039,145,z22,z20,4.6,15.333333333333334,16.03333333333333
toy-0000040,150,z21,z32,3.2526911934581184,10.842303978193728,12.215958381464668
toy-0000041,150,z31,z32,2.3,7.666666666666667,9.516666666666666
toy-0000042,150,z12,z32,4.6,15.333333333333334,16.03333333333333
toy-0000043,150,z32,z21,3.2526911934581184,10.842303978193728,12.215958381464668
toy-0000044,150,z32,z31,2.3,7.666666666666667,9.516666666666666
toy-0000045,150,z32,z12,4.6,15.333333333333334,16.03333333333333
toy-0000046,170,z30,z31,2.3,7.666666666666667,9.516666666666666
toy-0000047,170,z11,z31,4.6,15.333333333333334,16.03333333333333
toy-0000048,170,z31,z30,2.3,7.666666666666667,9.516666666666666
toy-0000049,170,z31,z11,4.6,15.333333333333334,16.03333333333333
toy-0000050,175,z10,z32,6.505382386916237,21.684607956387456,21.431916762929337
toy-0000051,175,z22,z32,2.3,7.666666666666667,9.516666666666666
toy-0000052,175,z32,z10,6.505382386916237,21.684607956387456,21.431916762929337
toy-0000053,175,z32,z22,2.3,7.666666666666667,9.516666666666666
toy-0000054,185,z21,z31,2.3,7.666666666666667,9.516666666666666
toy-0000055,185,z21,z12,3.2526911934581184,10.842303978193728,12.215958381464668
toy-0000056,185,z31,z21,2.3,7.666666666666667,9.516666666666666
toy-0000057,185,z12,z21,3.2526911934581184,10.842303978193728,12.215958381464668
toy-0000058,195,z20,z31,3.2526911934581184,10.842303978193728,12.215958381464668
toy-0000059,195,z31,z20,3.2526911934581184,10.842303978193728,12.215958381464668
toy-0000060,215,z01,z32,7.273238618387272,24.244128727957573,23.607509418763936
toy-0000061,215,z32,z01,7.273238618387272,24.244128727957573,23.607509418763936
toy-0000062,220,z00,z31,7.273238618387272,24.244128727957573,23.607509418763936
toy-0000063,220,z10,z21,3.2526911934581184,10.842303978193728,12.215958381464668
toy-0000064,220,z20,z11,3.2526911934581184,10.842303978193728,12.215958381464668
toy-0000065,220,z11,z20,3.2526911934581184,10.842303978193728,12.215958381464668
toy-0000066,220,z21,z10,3.2526911934581184,10.842303978193728,12.215958381464668
toy-0000067,220,z21,z22,2.3,7.666666666666667,9.516666666666666
toy-0000068,220,z31,z00,7.273238618387272,24.244128727957573,23.607509418763936
toy-0000069,220,z31,z22,3.2526911934581184,10.842303978193728,12.215958381464668
toy-0000070,220,z12,z22,2.3,7.666666666666667,9.516666666666666
toy-0000071,220,z22,z21,2.3,7.666666666666667,9.516666666666666
toy-0000072,220,z22,z31,3.2526911934581184,10.842303978193728,12.215958381464668
toy-0000073,220,z22,z12,2.3,7.666666666666667,9.516666666666666
toy-0000074,240,z31,z32,2.3,7.666666666666667,9.516666666666666
toy-0000075,240,z32,z31,2.3,7.666666666666667,9.516666666666666
toy-0000076,260,z10,z22,5.142956348249516,17.143187827498387,17.57170965337363
toy-0000077,260,z22,z10,5.142956348249516,17.143187827498387,17.57170965337363
toy-0000078,265,z30,z32,4.6,15.333333333333334,16.03333333333333
toy-0000079,265,z01,z21,4.6,15.333333333333334,16.03333333333333
toy-0000080,265,z11,z32,5.142956348249516,17.143187827498387,17.57170965337363
toy-0000081,265,z21,z01,4.6,15.333333333333334,16.03333333333333
toy-0000082,265,z32,z30,4.6,15.333333333333334,16.03333333333333
toy-0000083,265,z32,z11,5.142956348249516,17.143187827498387,17.57170965337363
toy-0000084,280,z21,z32,3.2526911934581184,10.842303978193728,12.215958381464668
toy-0000085,280,z32,z21,3.2526911934581184,10.842303978193728,12.215958381464668
toy-0000086,290,z20,z32,5.142956348249516,17.143187827498387,17.57170965337363
toy-0000087,290,z21,z31,2.3,7.666666666666667,9.516666666666666
toy-0000088,290,z31,z21,2.3,7.666666666666667,9.516666666666666
toy-0000089,290,z31,z02,7.273238618387272,24.244128727957573,23.607509418763936
toy-0000090,290,z31,z12,5.142956348249516,17.143187827498387,17.57170965337363
toy-0000091,290,z02,z31,7.273238618387272,24.244128727957573,23.607509418763936
toy-0000092,290,z12,z31,5.142956348249516,17.143187827498387,17.57170965337363
toy-0000093,290,z32,z20,5.142956348249516,17.143187827498387,17.57170965337363
toy-0000094,300,z01,z22,5.142956348249516,17.143187827498387,17.57170965337363
toy-0000095,300,z22,z01,5.142956348249516,17.143187827498387,17.57170965337363
toy-0000096,305,z30,z21,3.2526911934581184,10.842303978193728,12.215958381464668
toy-0000097,305,z11,z21,2.3,7.666666666666667,9.516666666666666
toy-0000098,305,z11,z31,4.6,15.333333333333334,16.03333333333333
toy-0000099,305,z11,z12,2.3,7.666666666666667,9.516666666666666
toy-0000100,305,z21,z30,3.2526911934581184,10.842303978193728,12.215958381464668
toy-0000101,305,z21,z11,2.3,7.666666666666667,9.516666666666666
toy-0000102,305,z31,z11,4.6,15.333333333333334,16.03333333333333
toy-0000103,305,z12,z11,2.3,7.666666666666667,9.516666666666666
toy-0000104,310,z00,z32,8.292767933567175,27.64255977855725,26.49617581177366
toy-0000105,310,z31,z32,2.3,7.666666666666667,9.516666666666666
toy-0000106,310,z22,z32,2.3,7.666666666666667,9.516666666666666
toy-0000107,310,z32,z00,8.292767933567175,27.64255977855725,26.49617581177366
toy-0000108,310,z32,z31,2.3,7.666666666666667,9.516666666666666
toy-0000109,310,z32,z22,2.3,7.666666666666667,9.516666666666666
toy-0000110,315,z10,z31,5.142956348249516,17.143187827498387,17.57170965337363
toy-0000111,315,z31,z10,5.142956348249516,17.143187827498387,17.57170965337363
toy-0000112,315,z31,z22,3.2526911934581184,10.842303978193728,12.215958381464668
toy-0000113,315,z22,z31,3.2526911934581184,10.842303978193728,12.215958381464668
toy-0000114,325,z20,z21,2.3,7.666666666666667,9.516666666666666
toy-0000115,325,z20,z31,3.2526911934581184,10.842303978193728,12.215958381464668
toy-0000116,325,z20,z12,5.142956348249516,17.143187827498387,17.57170965337363
toy-0000117,325,z21,z20,2.3,7.666666666666667,9.516666666666666
toy-0000118,325,z31,z20,3.2526911934581184,10.842303978193728,12.215958381464668
toy-0000119,325,z12,z20,5.142956348249516,17.143187827498387,17.57170965337363
toy-0000120,330,z10,z11,2.3,7.666666666666667,9.516666666666666
toy-0000121,330,z30,z22,5.142956348249516,17.143187827498387,17.57170965337363
toy-0000122,330,z11,z10,2.3,7.666666666666667,9.516666666666666
toy-0000123,330,z11,z22,3.2526911934581184,10.842303978193728,12.215958381464668
toy-0000124,330,z22,z30,5.142956348249516,17.143187827498387,17.57170965337363
toy-0000125,330,z22,z11,3.2526911934581184,10.842303978193728,12.215958381464668
toy-0000126,340,z00,z21,5.142956348249516,17.143187827498387,17.57170965337363
toy-0000127,340,z01,z31,6.8999999999999995,22.999999999999996,22.549999999999997
toy-0000128,340,z21,z00,5.142956348249516,17.143187827498387,17.57170965337363
toy-0000129,340,z21,z31,2.3,7.666666666666667,9.516666666666666
toy-0000130,340,z21,z22,2.3,7.666666666666667,9.516666666666666
toy-0000131,340,z31,z01,6.8999999999999995,22.999999999999996,22.549999999999997
toy-0000132,340,z31,z21,2.3,7.666666666666667,9.516666666666666
toy-0000133,340,z22,z21,2.3,7.666666666666667,9.516666666666666
toy-0000134,345,z10,z20,2.3,7.666666666666667,9.516666666666666
toy-0000135,345,z20,z10,2.3,7.666666666666667,9.516666666666666
toy-0000136,345,z20,z22,4.6,15.333333333333334,16.03333333333333
toy-0000137,345,z22,z20,4.6,15.333333333333334,16.03333333333333
toy-0000138,350,z21,z32,3.2526911934581184,10.842303978193728,12.215958381464668
toy-0000139,350,z31,z32,2.3,7.666666666666667,9.516666666666666
toy-0000140,350,z02,z32,6.8999999999999995,22.999999999999996,22.549999999999997
toy-0000141,350,z12,z32,4.6,15.333333333333334,16.03333333333333
toy-0000142,350,z32,z21,3.2526911934581184,10.842303978193728,12.215958381464668
toy-0000143,350,z32,z31,2.3,7.666666666666667,9.516666666666666
toy-0000144,350,z32,z02,6.8999999999999995,22.999999999999996,22.549999999999997
toy-0000145,350,z32,z12,4.6,15.333333333333334,16.03333333333333
toy-0000146,355,z01,z11,2.3,7.666666666666667,9.516666666666666
toy-0000147,355,z11,z01,2.3,7.666666666666667,9.516666666666666
toy-0000148,360,z00,z22,6.505382386916237,21.684607956387456,21.431916762929337
toy-0000149,360,z11,z32,5.142956348249516,17.143187827498387,17.57170965337363
toy-0000150,360,z31,z22,3.2526911934581184,10.842303978193728,12.215958381464668
toy-0000151,360,z22,z00,6.505382386916237,21.684607956387456,21.431916762929337
toy-0000152,360,z22,z31,3.2526911934581184,10.842303978193728,12.215958381464668
toy-0000153,360,z32,z11,5.142956348249516,17.143187827498387,17.57170965337363
toy-0000154,365,z10,z32,6.505382386916237,21.684607956387456,21.431916762929337
toy-0000155,365,z20,z01,5.142956348249516,17.143187827498387,17.57170965337363
toy-0000156,365,z30,z31,2.3,7.666666666666667,9.516666666666666
toy-0000157,365,z01,z20,5.142956348249516,17.143187827498387,17.57170965337363
toy-0000158,365,z11,z31,4.6,15.333333333333334,16.03333333333333
toy-0000159,365,z31,z30,2.3,7.666666666666667,9.516666666666666
toy-0000160,365,z31,z11,4.6,15.333333333333334,16.03333333333333
toy-0000161,365,z22,z32,2.3,7.666666666666667,9.516666666666666
toy-0000162,365,z32,z10,6.505382386916237,21.684607956387456,21.431916762929337
toy-0000163,365,z32,z22,2.3,7.666666666666667,9.516666666666666
toy-0000164,370,z20,z32,5.142956348249516,17.143187827498387,17.57170965337363
toy-0000165,370,z21,z31,2.3,7.666666666666667,9.516666666666666
toy-0000166,370,z21,z02,5.142956348249516,17.143187827498387,17.57170965337363
toy-0000167,370,z21,z12,3.2526911934581184,10.842303978193728,12.215958381464668
toy-0000168,370,z31,z21,2.3,7.666666666666667,9.516666666666666
toy-0000169,370,z31,z12,5.142956348249516,17.143187827498387,17.57170965337363
toy-0000170,370,z02,z21,5.142956348249516,17.143187827498387,17.57170965337363
toy-0000171,370,z12,z21,3.2526911934581184,10.842303978193728,12.215958381464668
toy-0000172,370,z12,z31,5.142956348249516,17.143187827498387,17.57170965337363
toy-0000173,370,z32,z20,5.142956348249516,17.143187827498387,17.57170965337363
toy-0000174,375,z20,z31,3.2526911934581184,10.842303978193728,12.215958381464668
toy-0000175,375,z30,z11,5.142956348249516,17.143187827498387,17.57170965337363
toy-0000176,375,z11,z30,5.142956348249516,17.143187827498387,17.57170965337363
toy-0000177,375,z31,z20,3.2526911934581184,10.842303978193728,12.215958381464668
toy-0000178,375,z31,z32,2.3,7.666666666666667,9.516666666666666
toy-0000179,375,z32,z31,2.3,7.666666666666667,9.516666666666666
toy-0000180,380,z01,z32,7.273238618387272,24.244128727957573,23.607509418763936
toy-0000181,380,z11,z21,2.3,7.666666666666667,9.516666666666666
toy-0000182,380,z21,z11,2.3,7.666666666666667,9.516666666666666
toy-0000183,380,z21,z32,3.2526911934581184,10.842303978193728,12.215958381464668
toy-0000184,380,z32,z01,7.273238618387272,24.244128727957573,23.607509418763936
toy-0000185,380,z32,z21,3.2526911934581184,10.842303978193728,12.215958381464668
toy-0000186,385,z00,z31,7.273238618387272,24.244128727957573,23.607509418763936
toy-0000187,385,z10,z21,3.2526911934581184,10.842303978193728,12.215958381464668
toy-0000188,385,z10,z31,5.142956348249516,17.143187827498387,17.57170965337363
toy-0000189,385,z10,z12,4.6,15.333333333333334,16.03333333333333
toy-0000190,385,z20,z30,2.3,7.666666666666667,9.516666666666666
toy-0000191,385,z20,z11,3.2526911934581184,10.842303978193728,12.215958381464668
toy-0000192,385,z30,z20,2.3,7.666666666666667,9.516666666666666
toy-0000193,385,z11,z20,3.2526911934581184,10.842303978193728,12.215958381464668
toy-0000194,385,z21,z10,3.2526911934581184,10.842303978193728,12.215958381464668
toy-0000195,385,z21,z22,2.3,7.666666666666667,9.516666666666666
toy-0000196,385,z31,z00,7.273238618387272,24.244128727957573,23.607509418763936
toy-0000197,385,z31,z10,5.142956348249516,17.143187827498387,17.57170965337363
toy-0000198,385,z31,z22,3.2526911934581184,10.842303978193728,12.215958381464668
toy-0000199,385,z02,z22,4.6,15.333333333333334,16.03333333333333
toy-0000200,385,z12,z10,4.6,15.333333333333334,16.03333333333333
toy-0000201,385,z12,z22,2.3,7.666666666666667,9.516666666666666
toy-0000202,385,z22,z21,2.3,7.666666666666667,9.516666666666666
toy-0000203,385,z22,z31,3.2526911934581184,10.842303978193728,12.215958381464668
toy-0000204,385,z22,z02,4.6,15.333333333333334,16.03333333333333
toy-0000205,385,z22,z12,2.3,7.666666666666667,9.516666666666666
toy-0000206,390,z20,z21,2.3,7.666666666666667,9.516666666666666
toy-0000207,390,z21,z20,2.3,7.666666666666667,9.516666666666666
toy-0000208,390,z21,z31,2.3,7.666666666666667,9.516666666666666
toy-0000209,390,z31,z21,2.3,7.666666666666667,9.516666666666666
toy-0000210,390,z31,z32,2.3,7.666666666666667,9.516666666666666
toy-0000211,390,z32,z31,2.3,7.666666666666667,9.516666666666666
toy-0000212,395,z00,z11,3.2526911934581184,10.842303978193728,12.215958381464668
toy-0000213,395,z11,z00,3.2526911934581184,10.842303978193728,12.215958381464668
toy-0000214,395,z11,z31,4.6,15.333333333333334,16.03333333333333
toy-0000215,395,z11,z22,3.2526911934581184,10.842303978193728,12.215958381464668
toy-0000216,395,z31,z11,4.6,15.333333333333334,16.03333333333333
toy-0000217,395,z22,z11,3.2526911934581184,10.842303978193728,12.215958381464668
toy-0000218,395,z22,z32,2.3,7.666666666666667,9.516666666666666
toy-0000219,395,z32,z22,2.3,7.666666666666667,9.516666666666666
toy-0000220,400,z10,z22,5.142956348249516,17.143187827498387,17.57170965337363
toy-0000221,400,z30,z32,4.6,15.333333333333334,16.03333333333333
toy-0000222,400,z11,z32,5.142956348249516,17.143187827498387,17.57170965337363
toy-0000223,400,z22,z10,5.142956348249516,17.143187827498387,17.57170965337363
toy-0000224,400,z32,z30,4.6,15.333333333333334,16.03333333333333
toy-0000225,400,z32,z11,5.142956348249516,17.143187827498387,17.57170965337363
toy-0000226,405,z00,z20,4.6,15.333333333333334,16.03333333333333
toy-0000227,405,z20,z00,4.6,15.333333333333334,16.03333333333333
toy-0000228,405,z20,z31,3.2526911934581184,10.842303978193728,12.215958381464668
toy-0000229,405,z20,z22,4.6,15.333333333333334,16.03333333333333
toy-0000230,405,z01,z21,4.6,15.333333333333334,16.03333333333333
toy-0000231,405,z01,z31,6.8999999999999995,22.999999999999996,22.549999999999997
toy-0000232,405,z01,z12,3.2526911934581184,10.842303978193728,12.215958381464668
toy-0000233,405,z21,z01,4.6,15.333333333333334,16.03333333333333
toy-0000234,405,z31,z20,3.2526911934581184,10.842303978193728,12.215958381464668
toy-0000235,405,z31,z01,6.8999999999999995,22.999999999999996,22.549999999999997
toy-0000236,405,z12,z01,3.2526911934581184,10.842303978193728,12.215958381464668
toy-0000237,405,z22,z20,4.6,15.333333333333334,16.03333333333333
toy-0000238,410,z21,z32,3.2526911934581184,10.842303978193728,12.215958381464668
toy-0000239,410,z31,z22,3.2526911934581184,10.842303978193728,12.215958381464668
toy-0000240,410,z31,z32,2.3,7.666666666666667,9.516666666666666
toy-0000241,410,z12,z32,4.6,15.333333333333334,16.03333333333333
toy-0000242,410,z22,z31,3.2526911934581184,10.842303978193728,12.215958381464668
toy-0000243,410,z32,z21,3.2526911934581184,10.842303978193728,12.215958381464668
toy-0000244,410,z32,z31,2.3,7.666666666666667,9.516666666666666
toy-0000245,410,z32,z12,4.6,15.333333333333334,16.03333333333333
toy-0000246,415,z20,z32,5.142956348249516,17.143187827498387,17.57170965337363
toy-0000247,415,z21,z31,2.3,7.666666666666667,9.516666666666666
toy-0000248,415,z31,z21,2.3,7.666666666666667,9.516666666666666
toy-0000249,415,z31,z02,7.273238618387272,24.244128727957573,23.607509418763936
toy-0000250,415,z31,z12,5.142956348249516,17.143187827498387,17.57170965337363
toy-0000251,415,z02,z31,7.273238618387272,24.244128727957573,23.607509418763936
toy-0000252,415,z12,z31,5.142956348249516,17.143187827498387,17.57170965337363
toy-0000253,415,z32,z20,5.142956348249516,17.143187827498387,17.57170965337363
toy-0000254,420,z00,z32,8.292767933567175,27.64255977855725,26.49617581177366
toy-0000255,420,z10,z01,3.2526911934581184,10.842303978193728,12.215958381464668
toy-0000256,420,z10,z31,5.142956348249516,17.143187827498387,17.57170965337363
toy-0000257,420,z10,z32,6.505382386916237,21.684607956387456,21.431916762929337
toy-0000258,420,z30,z21,3.2526911934581184,10.842303978193728,12.215958381464668
toy-0000259,420,z30,z31,2.3,7.666666666666667,9.516666666666666
toy-0000260,420,z30,z12,6.505382386916237,21.684607956387456,21.431916762929337
toy-0000261,420,z01,z10,3.2526911934581184,10.842303978193728,12.215958381464668
toy-0000262,420,z01,z22,5.142956348249516,17.143187827498387,17.57170965337363
toy-0000263,420,z11,z21,2.3,7.666666666666667,9.516666666666666
toy-0000264,420,z11,z31,4.6,15.333333333333334,16.03333333333333
toy-0000265,420,z21,z22,2.3,7.666666666666667,9.516666666666666
toy-0000266,420,z02,z11,3.2526911934581184,10.842303978193728,12.215958381464668
toy-0000267,420,z12,z11,2.3,7.666666666666667,9.516666666666666
toy-0000268,420,z22,z01,5.142956348249516,17.143187827498387,17.57170965337363
toy-0000269,420,z22,z21,2.3,7.666666666666667,9.516666666666666
toy-0000270,425,z00,z31,7.273238618387272,24.244128727957573,23.607509418763936
toy-0000271,425,z20,z21,2.3,7.666666666666667,9.516666666666666
toy-0000272,425,z20,z31,3.2526911934581184,10.842303978193728,12.215958381464668
toy-0000273,425,z30,z22,5.142956348249516,17.143187827498387,17.57170965337363
toy-0000274,425,z11,z02,3.2526911934581184,10.842303978193728,12.215958381464668
toy-0000275,425,z11,z12,2.3,7.666666666666667,9.516666666666666
toy-0000276,425,z21,z30,3.2526911934581184,10.842303978193728,12.215958381464668
toy-0000277,425,z21,z11,2.3,7.666666666666667,9.516666666666666
toy-0000278,425,z21,z31,2.3,7.666666666666667,9.516666666666666
toy-0000279,425,z31,z11,4.6,15.333333333333334,16.03333333333333
toy-0000280,425,z31,z32,2.3,7.666666666666667,9.516666666666666
toy-0000281,425,z02,z20,6.505382386916237,21.684607956387456,21.431916762929337
toy-0000282,425,z12,z30,6.505382386916237,21.684607956387456,21.431916762929337
toy-0000283,425,z12,z21,3.2526911934581184,10.842303978193728,12.215958381464668
toy-0000284,425,z22,z31,3.2526911934581184,10.842303978193728,12.215958381464668
toy-0000285,425,z22,z32,2.3,7.666666666666667,9.516666666666666
toy-0000286,425,z32,z31,2.3,7.666666666666667,9.516666666666666
toy-0000287,425,z32,z22,2.3,7.666666666666667,9.516666666666666
toy-0000288,430,z00,z21,5.142956348249516,17.143187827498387,17.57170965337363
toy-0000289,430,z10,z11,2.3,7.666666666666667,9.516666666666666
toy-0000290,430,z10,z21,3.2526911934581184,10.842303978193728,12.215958381464668
toy-0000291,430,z01,z31,6.8999999999999995,22.999999999999996,22.549999999999997
toy-0000292,430,z01,z32,7.273238618387272,24.244128727957573,23.607509418763936
toy-0000293,430,z11,z31,4.6,15.333333333333334,16.03333333333333
toy-0000294,430,z11,z22,3.2526911934581184,10.842303978193728,12.215958381464668
toy-0000295,430,z11,z32,5.142956348249516,17.143187827498387,17.57170965337363
toy-0000296,430,z21,z12,3.2526911934581184,10.842303978193728,12.215958381464668
toy-0000297,430,z21,z32,3.2526911934581184,10.842303978193728,12.215958381464668
toy-0000298,430,z31,z30,2.3,7.666666666666667,9.516666666666666
toy-0000299,430,z31,z21,2.3,7.666666666666667,9.516666666666666
toy-0000300,430,z31,z22,3.2526911934581184,10.842303978193728,12.215958381464668
toy-0000301,430,z02,z32,6.8999999999999995,22.999999999999996,22.549999999999997
toy-0000302,430,z12,z20,5.142956348249516,17.143187827498387,17.57170965337363
toy-0000303,430,z12,z31,5.142956348249516,17.143187827498387,17.57170965337363
toy-0000304,430,z32,z00,8.292767933567175,27.64255977855725,26.49617581177366
toy-0000305,430,z32,z10,6.505382386916237,21.684607956387456,21.431916762929337
toy-0000306,430,z32,z21,3.2526911934581184,10.842303978193728,12.215958381464668
toy-0000307,430,z32,z31,2.3,7.666666666666667,9.516666666666666
toy-0000308,435,z00,z12,5.142956348249516,17.143187827498387,17.57170965337363
toy-0000309,435,z10,z30,4.6,15.333333333333334,16.03333333333333
toy-0000310,435,z10,z31,5.142956348249516,17.143187827498387,17.57170965337363
toy-0000311,435,z20,z31,3.2526911934581184,10.842303978193728,12.215958381464668
toy-0000312,435,z20,z12,5.142956348249516,17.143187827498387,17.57170965337363
toy-0000313,435,z20,z32,5.142956348249516,17.143187827498387,17.57170965337363
toy-0000314,435,z30,z10,4.6,15.333333333333334,16.03333333333333
toy-0000315,435,z30,z31,2.3,7.666666666666667,9.516666666666666
toy-0000316,435,z30,z32,4.6,15.333333333333334,16.03333333333333
toy-0000317,435,z21,z20,2.3,7.666666666666667,9.516666666666666
toy-0000318,435,z21,z31,2.3,7.666666666666667,9.516666666666666
toy-0000319,435,z31,z10,5.142956348249516,17.143187827498387,17.57170965337363
toy-0000320,435,z31,z20,3.2526911934581184,10.842303978193728,12.215958381464668
toy-0000321,435,z31,z32,2.3,7.666666666666667,9.516666666666666
toy-0000322,435,z02,z31,7.273238618387272,24.244128727957573,23.607509418763936
toy-0000323,435,z12,z22,2.3,7.666666666666667,9.516666666666666
toy-0000324,435,z12,z32,4.6,15.333333333333334,16.03333333333333
toy-0000325,435,z22,z11,3.2526911934581184,10.842303978193728,12.215958381464668
toy-0000326,435,z22,z31,3.2526911934581184,10.842303978193728,12.215958381464668
toy-0000327,435,z32,z11,5.142956348249516,17.143187827498387,17.57170965337363
toy-0000328,440,z00,z22,6.505382386916237,21.684607956387456,21.431916762929337
toy-0000329,440,z10,z20,2.3,7.666666666666667,9.516666666666666
toy-0000330,440,z10,z22,5.142956348249516,17.143187827498387,17.57170965337363
toy-0000331,440,z10,z32,6.505382386916237,21.684607956387456,21.431916762929337
toy-0000332,440,z20,z11,3.2526911934581184,10.842303978193728,12.215958381464668
toy-0000333,440,z20,z02,6.505382386916237,21.684607956387456,21.431916762929337
toy-0000334,440,z20,z22,4.6,15.333333333333334,16.03333333333333
toy-0000335,440,z01,z11,2.3,7.666666666666667,9.516666666666666
toy-0000336,440,z01,z21,4.6,15.333333333333334,16.03333333333333
toy-0000337,440,z11,z10,2.3,7.666666666666667,9.516666666666666
toy-0000338,440,z11,z20,3.2526911934581184,10.842303978193728,12.215958381464668
toy-0000339,440,z11,z21,2.3,7.666666666666667,9.516666666666666
toy-0000340,440,z21,z22,2.3,7.666666666666667,9.516666666666666
toy-0000341,440,z21,z32,3.2526911934581184,10.842303978193728,12.215958381464668
toy-0000342,440,z02,z21,5.142956348249516,17.143187827498387,17.57170965337363
toy-0000343,440,z12,z31,5.142956348249516,17.143187827498387,17.57170965337363
toy-0000344,440,z22,z21,2.3,7.666666666666667,9.516666666666666
toy-0000345,440,z22,z32,2.3,7.666666666666667,9.516666666666666
toy-0000346,440,z32,z31,2.3,7.666666666666667,9.516666666666666
toy-0000347,445,z00,z31,7.273238618387272,24.244128727957573,23.607509418763936
toy-0000348,445,z00,z32,8.292767933567175,27.64255977855725,26.49617581177366
toy-0000349,445,z01,z31,6.8999999999999995,22.999999999999996,22.549999999999997
toy-0000350,445,z11,z31,4.6,15.333333333333334,16.03333333333333
toy-0000351,445,z11,z32,5.142956348249516,17.143187827498387,17.57170965337363
toy-0000352,445,z21,z31,2.3,7.666666666666667,9.516666666666666
toy-0000353,445,z31,z21,2.3,7.666666666666667,9.516666666666666
toy-0000354,445,z31,z22,3.2526911934581184,10.842303978193728,12.215958381464668
toy-0000355,445,z31,z32,2.3,7.666666666666667,9.516666666666666
toy-0000356,445,z22,z20,4.6,15.333333333333334,16.03333333333333
toy-0000357,445,z22,z30,5.142956348249516,17.143187827498387,17.57170965337363
toy-0000358,445,z22,z31,3.2526911934581184,10.842303978193728,12.215958381464668
toy-0000359,445,z32,z21,3.2526911934581184,10.842303978193728,12.215958381464668
toy-0000360,445,z32,z22,2.3,7.666666666666667,9.516666666666666
toy-0000361,450,z00,z10,2.3,7.666666666666667,9.516666666666666
toy-0000362,450,z10,z31,5.142956348249516,17.143187827498387,17.57170965337363
toy-0000363,450,z20,z10,2.3,7.666666666666667,9.516666666666666
toy-0000364,450,z20,z21,2.3,7.666666666666667,9.516666666666666
toy-0000365,450,z20,z31,3.2526911934581184,10.842303978193728,12.215958381464668
toy-0000366,450,z20,z32,5.142956348249516,17.143187827498387,17.57170965337363
toy-0000367,450,z30,z01,7.273238618387272,24.244128727957573,23.607509418763936
toy-0000368,450,z30,z21,3.2526911934581184,10.842303978193728,12.215958381464668
toy-0000369,450,z30,z31,2.3,7.666666666666667,9.516666666666666
toy-0000370,450,z01,z20,5.142956348249516,17.143187827498387,17.57170965337363
toy-0000371,450,z01,z22,5.142956348249516,17.143187827498387,17.57170965337363
toy-0000372,450,z01,z32,7.273238618387272,24.244128727957573,23.607509418763936
toy-0000373,450,z21,z10,3.2526911934581184,10.842303978193728,12.215958381464668
toy-0000374,450,z31,z11,4.6,15.333333333333334,16.03333333333333
toy-0000375,450,z02,z12,2.3,7.666666666666667,9.516666666666666
toy-0000376,450,z02,z22,4.6,15.333333333333334,16.03333333333333
toy-0000377,450,z12,z00,5.142956348249516,17.143187827498387,17.57170965337363
toy-0000378,450,z12,z21,3.2526911934581184,10.842303978193728,12.215958381464668
toy-0000379,450,z22,z12,2.3,7.666666666666667,9.516666666666666
toy-0000380,450,z32,z20,5.142956348249516,17.143187827498387,17.57170965337363
toy-0000381,450,z32,z01,7.273238618387272,24.244128727957573,23.607509418763936
toy-0000382,450,z32,z31,2.3,7.666666666666667,9.516666666666666
toy-0000383,455,z30,z11,5.142956348249516,17.143187827498387,17.57170965337363
toy-0000384,455,z01,z30,7.273238618387272,24.244128727957573,23.607509418763936
toy-0000385,455,z01,z31,6.8999999999999995,22.999999999999996,22.549999999999997
toy-0000386,455,z11,z31,4.6,15.333333333333334,16.03333333333333
toy-0000387,455,z11,z22,3.2526911934581184,10.842303978193728,12.215958381464668
toy-0000388,455,z21,z11,2.3,7.666666666666667,9.516666666666666
toy-0000389,455,z21,z31,2.3,7.666666666666667,9.516666666666666
toy-0000390,455,z21,z32,3.2526911934581184,10.842303978193728,12.215958381464668
toy-0000391,455,z31,z12,5.142956348249516,17.143187827498387,17.57170965337363
toy-0000392,455,z02,z31,7.273238618387272,24.244128727957573,23.607509418763936
toy-0000393,455,z12,z31,5.142956348249516,17.143187827498387,17.57170965337363
toy-0000394,455,z12,z32,4.6,15.333333333333334,16.03333333333333
toy-0000395,455,z22,z21,2.3,7.666666666666667,9.516666666666666
toy-0000396,455,z22,z31,3.2526911934581184,10.842303978193728,12.215958381464668
toy-0000397,455,z22,z32,2.3,7.666666666666667,9.516666666666666
toy-0000398,455,z32,z31,2.3,7.666666666666667,9.516666666666666
toy-0000399,460,z00,z21,5.142956348249516,17.143187827498387,17.57170965337363
toy-0000400,460,z00,z31,7.273238618387272,24.244128727957573,23.607509418763936
toy-0000401,460,z10,z21,3.2526911934581184,10.842303978193728,12.215958381464668
toy-0000402,460,z20,z31,3.2526911934581184,10.842303978193728,12.215958381464668
toy-0000403,460,z30,z32,4.6,15.333333333333334,16.03333333333333
toy-0000404,460,z11,z01,2.3,7.666666666666667,9.516666666666666
toy-0000405,460,z11,z32,5.142956348249516,17.143187827498387,17.57170965337363
toy-0000406,460,z21,z00,5.142956348249516,17.143187827498387,17.57170965337363
toy-0000407,460,z21,z31,2.3,7.666666666666667,9.516666666666666
toy-0000408,460,z21,z22,2.3,7.666666666666667,9.516666666666666
toy-0000409,460,z31,z21,2.3,7.666666666666667,9.516666666666666
toy-0000410,460,z31,z22,3.2526911934581184,10.842303978193728,12.215958381464668
toy-0000411,460,z31,z32,2.3,7.666666666666667,9.516666666666666
toy-0000412,460,z02,z32,6.8999999999999995,22.999999999999996,22.549999999999997
toy-0000413,460,z32,z21,3.2526911934581184,10.842303978193728,12.215958381464668
toy-0000414,460,z32,z12,4.6,15.333333333333334,16.03333333333333
toy-0000415,465,z00,z01,2.3,7.666666666666667,9.516666666666666
toy-0000416,465,z00,z11,3.2526911934581184,10.842303978193728,12.215958381464668
toy-0000417,465,z10,z00,2.3,7.666666666666667,9.516666666666666
toy-0000418,465,z10,z31,5.142956348249516,17.143187827498387,17.57170965337363
toy-0000419,465,z10,z32,6.505382386916237,21.684607956387456,21.431916762929337
toy-0000420,465,z20,z22,4.6,15.333333333333334,16.03333333333333
toy-0000421,465,z30,z20,2.3,7.666666666666667,9.516666666666666
toy-0000422,465,z30,z31,2.3,7.666666666666667,9.516666666666666
toy-0000423,465,z30,z22,5.142956348249516,17.143187827498387,17.57170965337363
toy-0000424,465,z11,z21,2.3,7.666666666666667,9.516666666666666
toy-0000425,465,z11,z31,4.6,15.333333333333334,16.03333333333333
toy-0000426,465,z31,z20,3.2526911934581184,10.842303978193728,12.215958381464668
toy-0000427,465,z31,z01,6.8999999999999995,22.999999999999996,22.549999999999997
toy-0000428,465,z02,z10,5.142956348249516,17.143187827498387,17.57170965337363
toy-0000429,465,z12,z11,2.3,7.666666666666667,9.516666666666666
toy-0000430,465,z12,z22,2.3,7.666666666666667,9.516666666666666
toy-0000431,465,z22,z31,3.2526911934581184,10.842303978193728,12.215958381464668
toy-0000432,465,z22,z32,2.3,7.666666666666667,9.516666666666666
toy-0000433,465,z32,z11,5.142956348249516,17.143187827498387,17.57170965337363
toy-0000434,465,z32,z31,2.3,7.666666666666667,9.516666666666666
toy-0000435,465,z32,z22,2.3,7.666666666666667,9.516666666666666
toy-0000436,470,z00,z32,8.292767933567175,27.64255977855725,26.49617581177366
toy-0000437,470,z20,z21,2.3,7.666666666666667,9.516666666666666
toy-0000438,470,z20,z31,3.2526911934581184,10.842303978193728,12.215958381464668
toy-0000439,470,z20,z32,5.142956348249516,17.143187827498387,17.57170965337363
toy-0000440,470,z01,z21,4.6,15.333333333333334,16.03333333333333
toy-0000441,470,z01,z31,6.8999999999999995,22.999999999999996,22.549999999999997
toy-0000442,470,z21,z20,2.3,7.666666666666667,9.516666666666666
toy-0000443,470,z21,z31,2.3,7.666666666666667,9.516666666666666
toy-0000444,470,z21,z32,3.2526911934581184,10.842303978193728,12.215958381464668
toy-0000445,470,z31,z00,7.273238618387272,24.244128727957573,23.607509418763936
toy-0000446,470,z31,z21,2.3,7.666666666666667,9.516666666666666
toy-0000447,470,z31,z32,2.3,7.666666666666667,9.516666666666666
toy-0000448,470,z02,z31,7.273238618387272,24.244128727957573,23.607509418763936
toy-0000449,470,z12,z31,5.142956348249516,17.143187827498387,17.57170965337363
toy-0000450,470,z22,z10,5.142956348249516,17.143187827498387,17.57170965337363
toy-0000451,470,z22,z11,3.2526911934581184,10.842303978193728,12.215958381464668
toy-0000452,470,z22,z31,3.2526911934581184,10.842303978193728,12.215958381464668
toy-0000453,475,z00,z31,7.273238618387272,24.244128727957573,23.607509418763936
toy-0000454,475,z00,z22,6.505382386916237,21.684607956387456,21.431916762929337
toy-0000455,475,z10,z11,2.3,7.666666666666667,9.516666666666666
toy-0000456,475,z10,z31,5.142956348249516,17.143187827498387,17.57170965337363
toy-0000457,475,z10,z22,5.142956348249516,17.143187827498387,17.57170965337363
toy-0000458,475,z20,z01,5.142956348249516,17.143187827498387,17.57170965337363
toy-0000459,475,z20,z11,3.2526911934581184,10.842303978193728,12.215958381464668
toy-0000460,475,z01,z32,7.273238618387272,24.244128727957573,23.607509418763936
toy-0000461,475,z11,z31,4.6,15.333333333333334,16.03333333333333
toy-0000462,475,z31,z11,4.6,15.333333333333334,16.03333333333333
toy-0000463,475,z02,z21,5.142956348249516,17.143187827498387,17.57170965337363
toy-0000464,475,z12,z21,3.2526911934581184,10.842303978193728,12.215958381464668
toy-0000465,475,z12,z32,4.6,15.333333333333334,16.03333333333333
toy-0000466,475,z22,z21,2.3,7.666666666666667,9.516666666666666
toy-0000467,475,z32,z31,2.3,7.666666666666667,9.516666666666666
toy-0000468,480,z00,z20,4.6,15.333333333333334,16.03333333333333
toy-0000469,480,z10,z12,4.6,15.333333333333334,16.03333333333333
toy-0000470,480,z20,z31,3.2526911934581184,10.842303978193728,12.215958381464668
toy-0000471,480,z30,z21,3.2526911934581184,10.842303978193728,12.215958381464668
toy-0000472,480,z30,z31,2.3,7.666666666666667,9.516666666666666
toy-0000473,480,z01,z00,2.3,7.666666666666667,9.516666666666666
toy-0000474,480,z11,z20,3.2526911934581184,10.842303978193728,12.215958381464668
toy-0000475,480,z11,z22,3.2526911934581184,10.842303978193728,12.215958381464668
toy-0000476,480,z11,z32,5.142956348249516,17.143187827498387,17.57170965337363
toy-0000477,480,z21,z01,4.6,15.333333333333334,16.03333333333333
toy-0000478,480,z21,z31,2.3,7.666666666666667,9.516666666666666
toy-0000479,480,z21,z22,2.3,7.666666666666667,9.516666666666666
toy-0000480,480,z31,z22,3.2526911934581184,10.842303978193728,12.215958381464668
toy-0000481,480,z31,z32,2.3,7.666666666666667,9.516666666666666
toy-0000482,480,z02,z11,3.2526911934581184,10.842303978193728,12.215958381464668
toy-0000483,480,z12,z20,5.142956348249516,17.143187827498387,17.57170965337363
toy-0000484,480,z12,z31,5.142956348249516,17.143187827498387,17.57170965337363
toy-0000485,480,z22,z31,3.2526911934581184,10.842303978193728,12.215958381464668
toy-0000486,480,z22,z32,2.3,7.666666666666667,9.516666666666666
toy-0000487,480,z32,z20,5.142956348249516,17.143187827498387,17.57170965337363
toy-0000488,480,z32,z21,3.2526911934581184,10.842303978193728,12.215958381464668
toy-0000489,480,z32,z31,2.3,7.666666666666667,9.516666666666666
toy-0000490,480,z32,z02,6.8999999999999995,22.999999999999996,22.549999999999997
toy-0000491,480,z32,z22,2.3,7.666666666666667,9.516666666666666
toy-0000492,485,z10,z21,3.2526911934581184,10.842303978193728,12.215958381464668
toy-0000493,485,z10,z32,6.505382386916237,21.684607956387456,21.431916762929337
toy-0000494,485,z20,z32,5.142956348249516,17.143187827498387,17.57170965337363
toy-0000495,485,z30,z32,4.6,15.333333333333334,16.03333333333333
toy-0000496,485,z01,z31,6.8999999999999995,22.999999999999996,22.549999999999997
toy-0000497,485,z01,z22,5.142956348249516,17.143187827498387,17.57170965337363
toy-0000498,485,z11,z21,2.3,7.666666666666667,9.516666666666666
toy-0000499,485,z11,z31,4.6,15.333333333333334,16.03333333333333
toy-0000500,485,z11,z12,2.3,7.666666666666667,9.516666666666666
toy-0000501,485,z21,z11,2.3,7.666666666666667,9.516666666666666
toy-0000502,485,z21,z31,2.3,7.666666666666667,9.516666666666666
toy-0000503,485,z21,z12,3.2526911934581184,10.842303978193728,12.215958381464668
toy-0000504,485,z21,z32,3.2526911934581184,10.842303978193728,12.215958381464668
toy-0000505,485,z31,z10,5.142956348249516,17.143187827498387,17.57170965337363
toy-0000506,485,z31,z21,2.3,7.666666666666667,9.516666666666666
toy-0000507,485,z02,z01,2.3,7.666666666666667,9.516666666666666
toy-0000508,485,z02,z32,6.8999999999999995,22.999999999999996,22.549999999999997
toy-0000509,485,z12,z10,4.6,15.333333333333334,16.03333333333333
toy-0000510,485,z22,z00,6.505382386916237,21.684607956387456,21.431916762929337
toy-0000511,485,z22,z20,4.6,15.333333333333334,16.03333333333333
toy-0000512,485,z32,z10,6.505382386916237,21.684607956387456,21.431916762929337
toy-0000513,485,z32,z30,4.6,15.333333333333334,16.03333333333333
toy-0000514,490,z00,z30,6.8999999999999995,22.999999999999996,22.549999999999997
toy-0000515,490,z00,z21,5.142956348249516,17.143187827498387,17.57170965337363
toy-0000516,490,z00,z31,7.273238618387272,24.244128727957573,23.607509418763936
toy-0000517,490,z10,z20,2.3,7.666666666666667,9.516666666666666
toy-0000518,490,z10,z31,5.142956348249516,17.143187827498387,17.57170965337363
toy-0000519,490,z20,z21,2.3,7.666666666666667,9.516666666666666
toy-0000520,490,z20,z31,3.2526911934581184,10.842303978193728,12.215958381464668
toy-0000521,490,z20,z22,4.6,15.333333333333334,16.03333333333333
toy-0000522,490,z01,z11,2.3,7.666666666666667,9.516666666666666
toy-0000523,490,z01,z12,3.2526911934581184,10.842303978193728,12.215958381464668
toy-0000524,490,z01,z32,7.273238618387272,24.244128727957573,23.607509418763936
toy-0000525,490,z11,z30,5.142956348249516,17.143187827498387,17.57170965337363
toy-0000526,490,z11,z32,5.142956348249516,17.143187827498387,17.57170965337363
toy-0000527,490,z31,z20,3.2526911934581184,10.842303978193728,12.215958381464668
toy-0000528,490,z31,z32,2.3,7.666666666666667,9.516666666666666
toy-0000529,490,z02,z20,6.505382386916237,21.684607956387456,21.431916762929337
toy-0000530,490,z02,z31,7.273238618387272,24.244128727957573,23.607509418763936
toy-0000531,490,z02,z22,4.6,15.333333333333334,16.03333333333333
toy-0000532,490,z12,z31,5.142956348249516,17.143187827498387,17.57170965337363
toy-0000533,490,z12,z02,2.3,7.666666666666667,9.516666666666666
toy-0000534,490,z12,z22,2.3,7.666666666666667,9.516666666666666
toy-0000535,490,z12,z32,4.6,15.333333333333334,16.03333333333333
toy-0000536,490,z22,z21,2.3,7.666666666666667,9.516666666666666
toy-0000537,490,z22,z31,3.2526911934581184,10.842303978193728,12.215958381464668
toy-0000538,490,z32,z11,5.142956348249516,17.143187827498387,17.57170965337363
toy-0000539,490,z32,z21,3.2526911934581184,10.842303978193728,12.215958381464668
toy-0000540,490,z32,z31,2.3,7.666666666666667,9.516666666666666
toy-0000541,495,z00,z32,8.292767933567175,27.64255977855725,26.49617581177366
toy-0000542,495,z20,z12,5.142956348249516,17.143187827498387,17.57170965337363
toy-0000543,495,z30,z31,2.3,7.666666666666667,9.516666666666666
toy-0000544,495,z30,z22,5.142956348249516,17.143187827498387,17.57170965337363
toy-0000545,495,z01,z21,4.6,15.333333333333334,16.03333333333333
toy-0000546,495,z01,z31,6.8999999999999995,22.999999999999996,22.549999999999997
toy-0000547,495,z11,z31,4.6,15.333333333333334,16.03333333333333
toy-0000548,495,z21,z31,2.3,7.666666666666667,9.516666666666666
toy-0000549,495,z21,z32,3.2526911934581184,10.842303978193728,12.215958381464668
toy-0000550,495,z31,z11,4.6,15.333333333333334,16.03333333333333
toy-0000551,495,z31,z21,2.3,7.666666666666667,9.516666666666666
toy-0000552,495,z31,z12,5.142956348249516,17.143187827498387,17.57170965337363
toy-0000553,495,z31,z22,3.2526911934581184,10.842303978193728,12.215958381464668
toy-0000554,495,z12,z21,3.2526911934581184,10.842303978193728,12.215958381464668
toy-0000555,495,z22,z01,5.142956348249516,17.143187827498387,17.57170965337363
toy-0000556,495,z22,z11,3.2526911934581184,10.842303978193728,12.215958381464668
toy-0000557,495,z22,z31,3.2526911934581184,10.842303978193728,12.215958381464668
toy-0000558,495,z22,z32,2.3,7.666666666666667,9.516666666666666
toy-0000559,495,z32,z31,2.3,7.666666666666667,9.516666666666666
toy-0000560,500,z10,z31,5.142956348249516,17.143187827498387,17.57170965337363
toy-0000561,500,z10,z22,5.142956348249516,17.143187827498387,17.57170965337363
toy-0000562,500,z10,z32,6.505382386916237,21.684607956387456,21.431916762929337
toy-0000563,500,z20,z30,2.3,7.666666666666667,9.516666666666666
toy-0000564,500,z20,z31,3.2526911934581184,10.842303978193728,12.215958381464668
toy-0000565,500,z20,z32,5.142956348249516,17.143187827498387,17.57170965337363
toy-0000566,500,z30,z00,6.8999999999999995,22.999999999999996,22.549999999999997
toy-0000567,500,z30,z11,5.142956348249516,17.143187827498387,17.57170965337363
toy-0000568,500,z30,z32,4.6,15.333333333333334,16.03333333333333
toy-0000569,500,z01,z20,5.142956348249516,17.143187827498387,17.57170965337363
toy-0000570,500,z11,z21,2.3,7.666666666666667,9.516666666666666
toy-0000571,500,z11,z22,3.2526911934581184,10.842303978193728,12.215958381464668
toy-0000572,500,z21,z20,2.3,7.666666666666667,9.516666666666666
toy-0000573,500,z21,z31,2.3,7.666666666666667,9.516666666666666
toy-0000574,500,z21,z22,2.3,7.666666666666667,9.516666666666666
toy-0000575,500,z31,z30,2.3,7.666666666666667,9.516666666666666
toy-0000576,500,z31,z32,2.3,7.666666666666667,9.516666666666666
toy-0000577,500,z12,z31,5.142956348249516,17.143187827498387,17.57170965337363
toy-0000578,500,z22,z12,2.3,7.666666666666667,9.516666666666666
toy-0000579,500,z32,z22,2.3,7.666666666666667,9.516666666666666
toy-0000580,505,z00,z31,7.273238618387272,24.244128727957573,23.607509418763936
toy-0000581,505,z00,z22,6.505382386916237,21.684607956387456,21.431916762929337
toy-0000582,505,z10,z21,3.2526911934581184,10.842303978193728,12.215958381464668
toy-0000583,505,z10,z02,5.142956348249516,17.143187827498387,17.57170965337363
toy-0000584,505,z30,z21,3.2526911934581184,10.842303978193728,12.215958381464668
toy-0000585,505,z30,z31,2.3,7.666666666666667,9.516666666666666
toy-0000586,505,z30,z12,6.505382386916237,21.684607956387456,21.431916762929337
toy-0000587,505,z11,z10,2.3,7.666666666666667,9.516666666666666
toy-0000588,505,z11,z31,4.6,15.333333333333334,16.03333333333333
toy-0000589,505,z11,z32,5.142956348249516,17.143187827498387,17.57170965337363
toy-0000590,505,z21,z32,3.2526911934581184,10.842303978193728,12.215958381464668
toy-0000591,505,z31,z22,3.2526911934581184,10.842303978193728,12.215958381464668
toy-0000592,505,z02,z21,5.142956348249516,17.143187827498387,17.57170965337363
toy-0000593,505,z02,z31,7.273238618387272,24.244128727957573,23.607509418763936
toy-0000594,505,z02,z32,6.8999999999999995,22.999999999999996,22.549999999999997
toy-0000595,505,z12,z11,2.3,7.666666666666667,9.516666666666666
toy-0000596,505,z12,z32,4.6,15.333333333333334,16.03333333333333
toy-0000597,505,z22,z21,2.3,7.666666666666667,9.516666666666666
toy-0000598,505,z22,z31,3.2526911934581184,10.842303978193728,12.215958381464668
toy-0000599,505,z22,z32,2.3,7.666666666666667,9.516666666666666
toy-0000600,505,z32,z20,5.142956348249516,17.143187827498387,17.57170965337363
toy-0000601,505,z32,z21,3.2526911934581184,10.842303978193728,12.215958381464668
toy-0000602,505,z32,z31,2.3,7.666666666666667,9.516666666666666
toy-0000603,505,z32,z12,4.6,15.333333333333334,16.03333333333333
toy-0000604,510,z10,z31,5.142956348249516,17.143187827498387,17.57170965337363
toy-0000605,510,z20,z11,3.2526911934581184,10.842303978193728,12.215958381464668
toy-0000606,510,z20,z21,2.3,7.666666666666667,9.516666666666666
toy-0000607,510,z20,z31,3.2526911934581184,10.842303978193728,12.215958381464668
toy-0000608,510,z20,z22,4.6,15.333333333333334,16.03333333333333
toy-0000609,510,z01,z10,3.2526911934581184,10.842303978193728,12.215958381464668
toy-0000610,510,z01,z31,6.8999999999999995,22.999999999999996,22.549999999999997
toy-0000611,510,z01,z22,5.142956348249516,17.143187827498387,17.57170965337363
toy-0000612,510,z01,z32,7.273238618387272,24.244128727957573,23.607509418763936
toy-0000613,510,z11,z31,4.6,15.333333333333334,16.03333333333333
toy-0000614,510,z21,z10,3.2526911934581184,10.842303978193728,12.215958381464668
toy-0000615,510,z21,z30,3.2526911934581184,10.842303978193728,12.215958381464668
toy-0000616,510,z21,z11,2.3,7.666666666666667,9.516666666666666
toy-0000617,510,z21,z31,2.3,7.666666666666667,9.516666666666666
toy-0000618,510,z21,z02,5.142956348249516,17.143187827498387,17.57170965337363
toy-0000619,510,z31,z21,2.3,7.666666666666667,9.516666666666666
toy-0000620,510,z31,z32,2.3,7.666666666666667,9.516666666666666
toy-0000621,510,z02,z30,8.292767933567175,27.64255977855725,26.49617581177366
toy-0000622,510,z12,z01,3.2526911934581184,10.842303978193728,12.215958381464668
toy-0000623,510,z12,z31,5.142956348249516,17.143187827498387,17.57170965337363
toy-0000624,510,z32,z31,2.3,7.666666666666667,9.516666666666666
toy-0000625,515,z00,z11,3.2526911934581184,10.842303978193728,12.215958381464668
toy-0000626,515,z00,z21,5.142956348249516,17.143187827498387,17.57170965337363
toy-0000627,515,z00,z32,8.292767933567175,27.64255977855725,26.49617581177366
toy-0000628,515,z10,z11,2.3,7.666666666666667,9.516666666666666
toy-0000629,515,z10,z32,6.505382386916237,21.684607956387456,21.431916762929337
toy-0000630,515,z20,z32,5.142956348249516,17.143187827498387,17.57170965337363
toy-0000631,515,z30,z20,2.3,7.666666666666667,9.516666666666666
toy-0000632,515,z01,z21,4.6,15.333333333333334,16.03333333333333
toy-0000633,515,z11,z20,3.2526911934581184,10.842303978193728,12.215958381464668
toy-0000634,515,z11,z21,2.3,7.666666666666667,9.516666666666666
toy-0000635,515,z21,z31,2.3,7.666666666666667,9.516666666666666
toy-0000636,515,z21,z22,2.3,7.666666666666667,9.516666666666666
toy-0000637,515,z21,z32,3.2526911934581184,10.842303978193728,12.215958381464668
toy-0000638,515,z31,z20,3.2526911934581184,10.842303978193728,12.215958381464668
toy-0000639,515,z31,z01,6.8999999999999995,22.999999999999996,22.549999999999997
toy-0000640,515,z31,z11,4.6,15.333333333333334,16.03333333333333
toy-0000641,515,z12,z21,3.2526911934581184,10.842303978193728,12.215958381464668
toy-0000642,515,z12,z22,2.3,7.666666666666667,9.516666666666666
toy-0000643,515,z22,z20,4.6,15.333333333333334,16.03333333333333
toy-0000644,515,z22,z31,3.2526911934581184,10.842303978193728,12.215958381464668
toy-0000645,515,z22,z32,2.3,7.666666666666667,9.516666666666666
toy-0000646,515,z32,z01,7.273238618387272,24.244128727957573,23.607509418763936
toy-0000647,515,z32,z11,5.142956348249516,17.143187827498387,17.57170965337363
toy-0000648,515,z32,z31,2.3,7.666666666666667,9.516666666666666
toy-0000649,515,z32,z22,2.3,7.666666666666667,9.516666666666666
toy-0000650,520,z00,z31,7.273238618387272,24.244128727957573,23.607509418763936
toy-0000651,520,z00,z12,5.142956348249516,17.143187827498387,17.57170965337363
toy-0000652,520,z10,z31,5.142956348249516,17.143187827498387,17.57170965337363
toy-0000653,520,z20,z10,2.3,7.666666666666667,9.516666666666666
toy-0000654,520,z20,z31,3.2526911934581184,10.842303978193728,12.215958381464668
toy-0000655,520,z30,z31,2.3,7.666666666666667,9.516666666666666
toy-0000656,520,z30,z32,4.6,15.333333333333334,16.03333333333333
toy-0000657,520,z01,z31,6.8999999999999995,22.999999999999996,22.549999999999997
toy-0000658,520,z11,z31,4.6,15.333333333333334,16.03333333333333
toy-0000659,520,z11,z22,3.2526911934581184,10.842303978193728,12.215958381464668
toy-0000660,520,z11,z32,5.142956348249516,17.143187827498387,17.57170965337363
toy-0000661,520,z31,z21,2.3,7.666666666666667,9.516666666666666
toy-0000662,520,z31,z22,3.2526911934581184,10.842303978193728,12.215958381464668
toy-0000663,520,z31,z32,2.3,7.666666666666667,9.516666666666666
toy-0000664,520,z02,z31,7.273238618387272,24.244128727957573,23.607509418763936
toy-0000665,520,z12,z20,5.142956348249516,17.143187827498387,17.57170965337363
toy-0000666,520,z22,z21,2.3,7.666666666666667,9.516666666666666
toy-0000667,520,z22,z31,3.2526911934581184,10.842303978193728,12.215958381464668
toy-0000668,520,z32,z21,3.2526911934581184,10.842303978193728,12.215958381464668
toy-0000669,525,z10,z01,3.2526911934581184,10.842303978193728,12.215958381464668
toy-0000670,525,z10,z21,3.2526911934581184,10.842303978193728,12.215958381464668
toy-0000671,525,z10,z22,5.142956348249516,17.143187827498387,17.57170965337363
toy-0000672,525,z20,z21,2.3,7.666666666666667,9.516666666666666
toy-0000673,525,z20,z32,5.142956348249516,17.143187827498387,17.57170965337363
toy-0000674,525,z30,z22,5.142956348249516,17.143187827498387,17.57170965337363
toy-0000675,525,z01,z02,2.3,7.666666666666667,9.516666666666666
toy-0000676,525,z21,z20,2.3,7.666666666666667,9.516666666666666
toy-0000677,525,z21,z31,2.3,7.666666666666667,9.516666666666666
toy-0000678,525,z21,z12,3.2526911934581184,10.842303978193728,12.215958381464668
toy-0000679,525,z31,z10,5.142956348249516,17.143187827498387,17.57170965337363
toy-0000680,525,z02,z22,4.6,15.333333333333334,16.03333333333333
toy-0000681,525,z12,z31,5.142956348249516,17.143187827498387,17.57170965337363
toy-0000682,525,z12,z32,4.6,15.333333333333334,16.03333333333333
toy-0000683,525,z22,z10,5.142956348249516,17.143187827498387,17.57170965337363
toy-0000684,525,z22,z11,3.2526911934581184,10.842303978193728,12.215958381464668
toy-0000685,525,z32,z31,2.3,7.666666666666667,9.516666666666666
toy-0000686,530,z00,z20,4.6,15.333333333333334,16.03333333333333
toy-0000687,530,z00,z31,7.273238618387272,24.244128727957573,23.607509418763936
toy-0000688,530,z10,z20,2.3,7.666666666666667,9.516666666666666
toy-0000689,530,z20,z31,3.2526911934581184,10.842303978193728,12.215958381464668
toy-0000690,530,z20,z22,4.6,15.333333333333334,16.03333333333333
toy-0000691,530,z30,z10,4.6,15.333333333333334,16.03333333333333
toy-0000692,530,z30,z21,3.2526911934581184,10.842303978193728,12.215958381464668
toy-0000693,530,z30,z31,2.3,7.666666666666667,9.516666666666666
toy-0000694,530,z01,z11,2.3,7.666666666666667,9.516666666666666
toy-0000695,530,z01,z31,6.8999999999999995,22.999999999999996,22.549999999999997
toy-0000696,530,z01,z32,7.273238618387272,24.244128727957573,23.607509418763936
toy-0000697,530,z11,z00,3.2526911934581184,10.842303978193728,12.215958381464668
toy-0000698,530,z11,z31,4.6,15.333333333333334,16.03333333333333
toy-0000699,530,z21,z31,2.3,7.666666666666667,9.516666666666666
toy-0000700,530,z21,z22,2.3,7.666666666666667,9.516666666666666
toy-0000701,530,z21,z32,3.2526911934581184,10.842303978193728,12.215958381464668
toy-0000702,530,z31,z21,2.3,7.666666666666667,9.516666666666666
toy-0000703,530,z31,z02,7.273238618387272,24.244128727957573,23.607509418763936
toy-0000704,530,z31,z12,5.142956348249516,17.143187827498387,17.57170965337363
toy-0000705,530,z31,z32,2.3,7.666666666666667,9.516666666666666
toy-0000706,530,z02,z11,3.2526911934581184,10.842303978193728,12.215958381464668
toy-0000707,530,z02,z32,6.8999999999999995,22.999999999999996,22.549999999999997
toy-0000708,530,z22,z30,5.142956348249516,17.143187827498387,17.57170965337363
toy-0000709,530,z22,z31,3.2526911934581184,10.842303978193728,12.215958381464668
toy-0000710,530,z22,z32,2.3,7.666666666666667,9.516666666666666
toy-0000711,530,z32,z00,8.292767933567175,27.64255977855725,26.49617581177366
toy-0000712,530,z32,z21,3.2526911934581184,10.842303978193728,12.215958381464668
toy-0000713,530,z32,z31,2.3,7.666666666666667,9.516666666666666
toy-0000714,530,z32,z22,2.3,7.666666666666667,9.516666666666666
toy-0000715,535,z00,z32,8.292767933567175,27.64255977855725,26.49617581177366
toy-0000716,535,z10,z31,5.142956348249516,17.143187827498387,17.57170965337363
toy-0000717,535,z10,z32,6.505382386916237,21.684607956387456,21.431916762929337
toy-0000718,535,z20,z31,3.2526911934581184,10.842303978193728,12.215958381464668
toy-0000719,535,z01,z22,5.142956348249516,17.143187827498387,17.57170965337363
toy-0000720,535,z11,z21,2.3,7.666666666666667,9.516666666666666
toy-0000721,535,z11,z12,2.3,7.666666666666667,9.516666666666666
toy-0000722,535,z11,z32,5.142956348249516,17.143187827498387,17.57170965337363
toy-0000723,535,z21,z11,2.3,7.666666666666667,9.516666666666666
toy-0000724,535,z31,z22,3.2526911934581184,10.842303978193728,12.215958381464668
toy-0000725,535,z31,z32,2.3,7.666666666666667,9.516666666666666
toy-0000726,535,z02,z21,5.142956348249516,17.143187827498387,17.57170965337363
toy-0000727,535,z02,z31,7.273238618387272,24.244128727957573,23.607509418763936
toy-0000728,535,z12,z21,3.2526911934581184,10.842303978193728,12.215958381464668
toy-0000729,535,z12,z31,5.142956348249516,17.143187827498387,17.57170965337363
toy-0000730,535,z12,z22,2.3,7.666666666666667,9.516666666666666
toy-0000731,535,z22,z21,2.3,7.666666666666667,9.516666666666666
toy-0000732,535,z22,z31,3.2526911934581184,10.842303978193728,12.215958381464668
toy-0000733,535,z22,z02,4.6,15.333333333333334,16.03333333333333
toy-0000734,535,z32,z10,6.505382386916237,21.684607956387456,21.431916762929337
toy-0000735,535,z32,z20,5.142956348249516,17.143187827498387,17.57170965337363
toy-0000736,535,z32,z11,5.142956348249516,17.143187827498387,17.57170965337363
toy-0000737,535,z32,z31,2.3,7.666666666666667,9.516666666666666
toy-0000738,540,z00,z22,6.505382386916237,21.684607956387456,21.431916762929337
toy-0000739,540,z20,z11,3.2526911934581184,10.842303978193728,12.215958381464668
toy-0000740,540,z20,z32,5.142956348249516,17.143187827498387,17.57170965337363
toy-0000741,540,z30,z32,4.6,15.333333333333334,16.03333333333333
toy-0000742,540,z01,z21,4.6,15.333333333333334,16.03333333333333
toy-0000743,540,z11,z01,2.3,7.666666666666667,9.516666666666666
toy-0000744,540,z11,z31,4.6,15.333333333333334,16.03333333333333
toy-0000745,540,z11,z22,3.2526911934581184,10.842303978193728,12.215958381464668
toy-0000746,540,z21,z01,4.6,15.333333333333334,16.03333333333333
toy-0000747,540,z21,z31,2.3,7.666666666666667,9.516666666666666
toy-0000748,540,z21,z32,3.2526911934581184,10.842303978193728,12.215958381464668
toy-0000749,540,z31,z20,3.2526911934581184,10.842303978193728,12.215958381464668
toy-0000750,540,z31,z11,4.6,15.333333333333334,16.03333333333333
toy-0000751,540,z12,z11,2.3,7.666666666666667,9.516666666666666
toy-0000752,540,z12,z32,4.6,15.333333333333334,16.03333333333333
toy-0000753,545,z00,z21,5.142956348249516,17.143187827498387,17.57170965337363
toy-0000754,545,z10,z31,5.142956348249516,17.143187827498387,17.57170965337363
toy-0000755,545,z10,z12,4.6,15.333333333333334,16.03333333333333
toy-0000756,545,z20,z00,4.6,15.333333333333334,16.03333333333333
toy-0000757,545,z20,z21,2.3,7.666666666666667,9.516666666666666
toy-0000758,545,z30,z11,5.142956348249516,17.143187827498387,17.57170965337363
toy-0000759,545,z30,z31,2.3,7.666666666666667,9.516666666666666
toy-0000760,545,z30,z02,8.292767933567175,27.64255977855725,26.49617581177366
toy-0000761,545,z01,z20,5.142956348249516,17.143187827498387,17.57170965337363
toy-0000762,545,z01,z31,6.8999999999999995,22.999999999999996,22.549999999999997
toy-0000763,545,z31,z21,2.3,7.666666666666667,9.516666666666666
toy-0000764,545,z02,z00,4.6,15.333333333333334,16.03333333333333
toy-0000765,545,z02,z12,2.3,7.666666666666667,9.516666666666666
toy-0000766,545,z12,z30,6.505382386916237,21.684607956387456,21.431916762929337
toy-0000767,545,z12,z31,5.142956348249516,17.143187827498387,17.57170965337363
toy-0000768,545,z22,z20,4.6,15.333333333333334,16.03333333333333
toy-0000769,545,z22,z31,3.2526911934581184,10.842303978193728,12.215958381464668
toy-0000770,545,z22,z12,2.3,7.666666666666667,9.516666666666666
toy-0000771,545,z22,z32,2.3,7.666666666666667,9.516666666666666
toy-0000772,545,z32,z21,3.2526911934581184,10.842303978193728,12.215958381464668
toy-0000773,545,z32,z31,2.3,7.666666666666667,9.516666666666666
toy-0000774,545,z32,z12,4.6,15.333333333333334,16.03333333333333
toy-0000775,545,z32,z22,2.3,7.666666666666667,9.516666666666666
toy-0000776,550,z00,z10,2.3,7.666666666666667,9.516666666666666
toy-0000777,550,z00,z31,7.273238618387272,24.244128727957573,23.607509418763936
toy-0000778,550,z10,z21,3.2526911934581184,10.842303978193728,12.215958381464668
toy-0000779,550,z20,z31,3.2526911934581184,10.842303978193728,12.215958381464668
toy-0000780,550,z20,z12,5.142956348249516,17.143187827498387,17.57170965337363
toy-0000781,550,z01,z32,7.273238618387272,24.244128727957573,23.607509418763936
toy-0000782,550,z11,z20,3.2526911934581184,10.842303978193728,12.215958381464668
toy-0000783,550,z11,z31,4.6,15.333333333333334,16.03333333333333
toy-0000784,550,z11,z32,5.142956348249516,17.143187827498387,17.57170965337363
toy-0000785,550,z21,z31,2.3,7.666666666666667,9.516666666666666
toy-0000786,550,z21,z22,2.3,7.666666666666667,9.516666666666666
toy-0000787,550,z31,z22,3.2526911934581184,10.842303978193728,12.215958381464668
toy-0000788,550,z31,z32,2.3,7.666666666666667,9.516666666666666
toy-0000789,550,z02,z20,6.505382386916237,21.684607956387456,21.431916762929337
toy-0000790,550,z02,z31,7.273238618387272,24.244128727957573,23.607509418763936
toy-0000791,555,z10,z11,2.3,7.666666666666667,9.516666666666666
toy-0000792,555,z10,z22,5.142956348249516,17.143187827498387,17.57170965337363
toy-0000793,555,z10,z32,6.505382386916237,21.684607956387456,21.431916762929337
toy-0000794,555,z20,z01,5.142956348249516,17.143187827498387,17.57170965337363
toy-0000795,555,z20,z22,4.6,15.333333333333334,16.03333333333333
toy-0000796,555,z30,z21,3.2526911934581184,10.842303978193728,12.215958381464668
toy-0000797,555,z30,z22,5.142956348249516,17.143187827498387,17.57170965337363
toy-0000798,555,z11,z21,2.3,7.666666666666667,9.516666666666666
toy-0000799,555,z21,z32,3.2526911934581184,10.842303978193728,12.215958381464668
toy-0000800,555,z31,z00,7.273238618387272,24.244128727957573,23.607509418763936
toy-0000801,555,z02,z32,6.8999999999999995,22.999999999999996,22.549999999999997
toy-0000802,555,z22,z11,3.2526911934581184,10.842303978193728,12.215958381464668
toy-0000803,555,z22,z21,2.3,7.666666666666667,9.516666666666666
toy-0000804,555,z22,z31,3.2526911934581184,10.842303978193728,12.215958381464668
toy-0000805,555,z32,z31,2.3,7.666666666666667,9.516666666666666
toy-0000806,560,z00,z32,8.292767933567175,27.64255977855725,26.49617581177366
toy-0000807,560,z10,z31,5.142956348249516,17.143187827498387,17.57170965337363
toy-0000808,560,z20,z31,3.2526911934581184,10.842303978193728,12.215958381464668
toy-0000809,560,z20,z32,5.142956348249516,17.143187827498387,17.57170965337363
toy-0000810,560,z30,z31,2.3,7.666666666666667,9.516666666666666
toy-0000811,560,z01,z31,6.8999999999999995,22.999999999999996,22.549999999999997
toy-0000812,560,z11,z31,4.6,15.333333333333334,16.03333333333333
toy-0000813,560,z21,z20,2.3,7.666666666666667,9.516666666666666
toy-0000814,560,z21,z31,2.3,7.666666666666667,9.516666666666666
toy-0000815,560,z31,z21,2.3,7.666666666666667,9.516666666666666
toy-0000816,560,z31,z32,2.3,7.666666666666667,9.516666666666666
toy-0000817,560,z02,z22,4.6,15.333333333333334,16.03333333333333
toy-0000818,560,z12,z21,3.2526911934581184,10.842303978193728,12.215958381464668
toy-0000819,560,z12,z31,5.142956348249516,17.143187827498387,17.57170965337363
toy-0000820,560,z12,z32,4.6,15.333333333333334,16.03333333333333
toy-0000821,560,z22,z32,2.3,7.666666666666667,9.516666666666666
toy-0000822,565,z00,z11,3.2526911934581184,10.842303978193728,12.215958381464668
toy-0000823,565,z00,z31,7.273238618387272,24.244128727957573,23.607509418763936
toy-0000824,565,z10,z30,4.6,15.333333333333334,16.03333333333333
toy-0000825,565,z30,z01,7.273238618387272,24.244128727957573,23.607509418763936
toy-0000826,565,z30,z32,4.6,15.333333333333334,16.03333333333333
toy-0000827,565,z01,z21,4.6,15.333333333333334,16.03333333333333
toy-0000828,565,z01,z12,3.2526911934581184,10.842303978193728,12.215958381464668
toy-0000829,565,z11,z32,5.142956348249516,17.143187827498387,17.57170965337363
toy-0000830,565,z21,z10,3.2526911934581184,10.842303978193728,12.215958381464668
toy-0000831,565,z21,z11,2.3,7.666666666666667,9.516666666666666
toy-0000832,565,z31,z20,3.2526911934581184,10.842303978193728,12.215958381464668
toy-0000833,565,z31,z11,4.6,15.333333333333334,16.03333333333333
toy-0000834,565,z12,z10,4.6,15.333333333333334,16.03333333333333
toy-0000835,565,z12,z20,5.142956348249516,17.143187827498387,17.57170965337363
toy-0000836,565,z22,z31,3.2526911934581184,10.842303978193728,12.215958381464668
toy-0000837,565,z32,z20,5.142956348249516,17.143187827498387,17.57170965337363
toy-0000838,565,z32,z30,4.6,15.333333333333334,16.03333333333333
toy-0000839,565,z32,z21,3.2526911934581184,10.842303978193728,12.215958381464668
toy-0000840,565,z32,z31,2.3,7.666666666666667,9.516666666666666
toy-0000841,565,z32,z22,2.3,7.666666666666667,9.516666666666666
toy-0000842,570,z20,z21,2.3,7.666666666666667,9.516666666666666
toy-0000843,570,z30,z20,2.3,7.666666666666667,9.516666666666666
toy-0000844,570,z01,z22,5.142956348249516,17.143187827498387,17.57170965337363
toy-0000845,570,z01,z32,7.273238618387272,24.244128727957573,23.607509418763936
toy-0000846,570,z11,z22,3.2526911934581184,10.842303978193728,12.215958381464668
toy-0000847,570,z21,z00,5.142956348249516,17.143187827498387,17.57170965337363
toy-0000848,570,z21,z31,2.3,7.666666666666667,9.516666666666666
toy-0000849,570,z21,z32,3.2526911934581184,10.842303978193728,12.215958381464668
toy-0000850,570,z31,z30,2.3,7.666666666666667,9.516666666666666
toy-0000851,570,z31,z22,3.2526911934581184,10.842303978193728,12.215958381464668
toy-0000852,570,z02,z21,5.142956348249516,17.143187827498387,17.57170965337363
toy-0000853,570,z02,z31,7.273238618387272,24.244128727957573,23.607509418763936
toy-0000854,570,z12,z22,2.3,7.666666666666667,9.516666666666666
toy-0000855,570,z22,z01,5.142956348249516,17.143187827498387,17.57170965337363
toy-0000856,570,z32,z11,5.142956348249516,17.143187827498387,17.57170965337363
toy-0000857,575,z10,z21,3.2526911934581184,10.842303978193728,12.215958381464668
toy-0000858,575,z10,z31,5.142956348249516,17.143187827498387,17.57170965337363
toy-0000859,575,z10,z32,6.505382386916237,21.684607956387456,21.431916762929337
toy-0000860,575,z20,z31,3.2526911934581184,10.842303978193728,12.215958381464668
toy-0000861,575,z01,z11,2.3,7.666666666666667,9.516666666666666
toy-0000862,575,z01,z31,6.8999999999999995,22.999999999999996,22.549999999999997
toy-0000863,575,z11,z21,2.3,7.666666666666667,9.516666666666666
toy-0000864,575,z11,z31,4.6,15.333333333333334,16.03333333333333
toy-0000865,575,z21,z22,2.3,7.666666666666667,9.516666666666666
toy-0000866,575,z31,z10,5.142956348249516,17.143187827498387,17.57170965337363
toy-0000867,575,z31,z01,6.8999999999999995,22.999999999999996,22.549999999999997
toy-0000868,575,z31,z21,2.3,7.666666666666667,9.516666666666666
toy-0000869,575,z31,z12,5.142956348249516,17.143187827498387,17.57170965337363
toy-0000870,575,z31,z32,2.3,7.666666666666667,9.516666666666666
toy-0000871,575,z12,z31,5.142956348249516,17.143187827498387,17.57170965337363
toy-0000872,575,z22,z21,2.3,7.666666666666667,9.516666666666666
toy-0000873,575,z22,z31,3.2526911934581184,10.842303978193728,12.215958381464668
toy-0000874,575,z22,z32,2.3,7.666666666666667,9.516666666666666
toy-0000875,575,z32,z31,2.3,7.666666666666667,9.516666666666666
toy-0000876,580,z00,z21,5.142956348249516,17.143187827498387,17.57170965337363
toy-0000877,580,z00,z02,4.6,15.333333333333334,16.03333333333333
toy-0000878,580,z00,z22,6.505382386916237,21.684607956387456,21.431916762929337
toy-0000879,580,z20,z11,3.2526911934581184,10.842303978193728,12.215958381464668
toy-0000880,580,z20,z22,4.6,15.333333333333334,16.03333333333333
toy-0000881,580,z20,z32,5.142956348249516,17.143187827498387,17.57170965337363
toy-0000882,580,z30,z31,2.3,7.666666666666667,9.516666666666666
toy-0000883,580,z11,z10,2.3,7.666666666666667,9.516666666666666
toy-0000884,580,z21,z31,2.3,7.666666666666667,9.516666666666666
toy-0000885,580,z21,z12,3.2526911934581184,10.842303978193728,12.215958381464668
toy-0000886,580,z02,z10,5.142956348249516,17.143187827498387,17.57170965337363
toy-0000887,580,z12,z32,4.6,15.333333333333334,16.03333333333333
toy-0000888,580,z32,z21,3.2526911934581184,10.842303978193728,12.215958381464668
toy-0000889,580,z32,z31,2.3,7.666666666666667,9.516666666666666
toy-0000890,585,z00,z31,7.273238618387272,24.244128727957573,23.607509418763936
toy-0000891,585,z10,z20,2.3,7.666666666666667,9.516666666666666
toy-0000892,585,z10,z22,5.142956348249516,17.143187827498387,17.57170965337363
toy-0000893,585,z20,z31,3.2526911934581184,10.842303978193728,12.215958381464668
toy-0000894,585,z30,z21,3.2526911934581184,10.842303978193728,12.215958381464668
toy-0000895,585,z11,z31,4.6,15.333333333333334,16.03333333333333
toy-0000896,585,z11,z32,5.142956348249516,17.143187827498387,17.57170965337363
toy-0000897,585,z21,z32,3.2526911934581184,10.842303978193728,12.215958381464668
toy-0000898,585,z31,z22,3.2526911934581184,10.842303978193728,12.215958381464668
toy-0000899,585,z31,z32,2.3,7.666666666666667,9.516666666666666
toy-0000900,585,z02,z32,6.8999999999999995,22.999999999999996,22.549999999999997
toy-0000901,585,z12,z11,2.3,7.666666666666667,9.516666666666666
toy-0000902,585,z12,z21,3.2526911934581184,10.842303978193728,12.215958381464668
toy-0000903,585,z12,z31,5.142956348249516,17.143187827498387,17.57170965337363
toy-0000904,585,z22,z20,4.6,15.333333333333334,16.03333333333333
toy-0000905,585,z22,z31,3.2526911934581184,10.842303978193728,12.215958381464668
toy-0000906,585,z32,z01,7.273238618387272,24.244128727957573,23.607509418763936
toy-0000907,585,z32,z22,2.3,7.666666666666667,9.516666666666666
toy-0000908,590,z00,z32,8.292767933567175,27.64255977855725,26.49617581177366
toy-0000909,590,z10,z31,5.142956348249516,17.143187827498387,17.57170965337363
toy-0000910,590,z20,z21,2.3,7.666666666666667,9.516666666666666
toy-0000911,590,z30,z12,6.505382386916237,21.684607956387456,21.431916762929337
toy-0000912,590,z30,z22,5.142956348249516,17.143187827498387,17.57170965337363
toy-0000913,590,z30,z32,4.6,15.333333333333334,16.03333333333333
toy-0000914,590,z01,z30,7.273238618387272,24.244128727957573,23.607509418763936
toy-0000915,590,z01,z31,6.8999999999999995,22.999999999999996,22.549999999999997
toy-0000916,590,z21,z31,2.3,7.666666666666667,9.516666666666666
toy-0000917,590,z31,z11,4.6,15.333333333333334,16.03333333333333
toy-0000918,590,z31,z21,2.3,7.666666666666667,9.516666666666666
toy-0000919,590,z02,z31,7.273238618387272,24.244128727957573,23.607509418763936
toy-0000920,590,z22,z10,5.142956348249516,17.143187827498387,17.57170965337363
toy-0000921,590,z22,z11,3.2526911934581184,10.842303978193728,12.215958381464668
toy-0000922,590,z22,z32,2.3,7.666666666666667,9.516666666666666
toy-0000923,590,z32,z31,2.3,7.666666666666667,9.516666666666666
toy-0000924,595,z00,z20,4.6,15.333333333333334,16.03333333333333
toy-0000925,595,z00,z01,2.3,7.666666666666667,9.516666666666666
toy-0000926,595,z20,z10,2.3,7.666666666666667,9.516666666666666
toy-0000927,595,z20,z31,3.2526911934581184,10.842303978193728,12.215958381464668
toy-0000928,595,z20,z32,5.142956348249516,17.143187827498387,17.57170965337363
toy-0000929,595,z30,z31,2.3,7.666666666666667,9.516666666666666
toy-0000930,595,z01,z21,4.6,15.333333333333334,16.03333333333333
toy-0000931,595,z01,z32,7.273238618387272,24.244128727957573,23.607509418763936
toy-0000932,595,z11,z20,3.2526911934581184,10.842303978193728,12.215958381464668
toy-0000933,595,z11,z30,5.142956348249516,17.143187827498387,17.57170965337363
toy-0000934,595,z11,z31,4.6,15.333333333333334,16.03333333333333
toy-0000935,595,z11,z22,3.2526911934581184,10.842303978193728,12.215958381464668
toy-0000936,595,z21,z20,2.3,7.666666666666667,9.516666666666666
toy-0000937,595,z21,z22,2.3,7.666666666666667,9.516666666666666
toy-0000938,595,z31,z20,3.2526911934581184,10.842303978193728,12.215958381464668
toy-0000939,595,z31,z32,2.3,7.666666666666667,9.516666666666666
toy-0000940,595,z02,z11,3.2526911934581184,10.842303978193728,12.215958381464668
toy-0000941,595,z22,z21,2.3,7.666666666666667,9.516666666666666
toy-0000942,595,z22,z31,3.2526911934581184,10.842303978193728,12.215958381464668
toy-0000943,595,z32,z10,6.505382386916237,21.684607956387456,21.431916762929337
toy-0000944,600,z10,z32,6.505382386916237,21.684607956387456,21.431916762929337
toy-0000945,600,z30,z11,5.142956348249516,17.143187827498387,17.57170965337363
toy-0000946,600,z11,z21,2.3,7.666666666666667,9.516666666666666
toy-0000947,600,z21,z30,3.2526911934581184,10.842303978193728,12.215958381464668
toy-0000948,600,z21,z11,2.3,7.666666666666667,9.516666666666666
toy-0000949,600,z21,z31,2.3,7.666666666666667,9.516666666666666
toy-0000950,600,z21,z32,3.2526911934581184,10.842303978193728,12.215958381464668
toy-0000951,600,z12,z22,2.3,7.666666666666667,9.516666666666666
toy-0000952,600,z22,z00,6.505382386916237,21.684607956387456,21.431916762929337
toy-0000953,600,z32,z20,5.142956348249516,17.143187827498387,17.57170965337363
toy-0000954,600,z32,z11,5.142956348249516,17.143187827498387,17.57170965337363
toy-0000955,600,z32,z21,3.2526911934581184,10.842303978193728,12.215958381464668
toy-0000956,600,z32,z31,2.3,7.666666666666667,9.516666666666666
toy-0000957,600,z32,z12,4.6,15.333333333333334,16.03333333333333
toy-0000958,605,z00,z31,7.273238618387272,24.244128727957573,23.607509418763936
toy-0000959,605,z11,z02,3.2526911934581184,10.842303978193728,12.215958381464668
toy-0000960,605,z11,z12,2.3,7.666666666666667,9.516666666666666
toy-0000961,605,z11,z32,5.142956348249516,17.143187827498387,17.57170965337363
toy-0000962,605,z31,z21,2.3,7.666666666666667,9.516666666666666
toy-0000963,605,z31,z22,3.2526911934581184,10.842303978193728,12.215958381464668
toy-0000964,605,z12,z00,5.142956348249516,17.143187827498387,17.57170965337363
toy-0000965,605,z12,z31,5.142956348249516,17.143187827498387,17.57170965337363
toy-0000966,605,z22,z12,2.3,7.666666666666667,9.516666666666666
toy-0000967,610,z10,z11,2.3,7.666666666666667,9.516666666666666
toy-0000968,610,z10,z21,3.2526911934581184,10.842303978193728,12.215958381464668
toy-0000969,610,z10,z31,5.142956348249516,17.143187827498387,17.57170965337363
toy-0000970,610,z20,z30,2.3,7.666666666666667,9.516666666666666
toy-0000971,610,z01,z10,3.2526911934581184,10.842303978193728,12.215958381464668
toy-0000972,610,z01,z20,5.142956348249516,17.143187827498387,17.57170965337363
toy-0000973,610,z01,z22,5.142956348249516,17.143187827498387,17.57170965337363
toy-0000974,610,z31,z32,2.3,7.666666666666667,9.516666666666666
toy-0000975,610,z12,z32,4.6,15.333333333333334,16.03333333333333
toy-0000976,610,z22,z32,2.3,7.666666666666667,9.516666666666666
toy-0000977,610,z32,z02,6.8999999999999995,22.999999999999996,22.549999999999997
toy-0000978,610,z32,z22,2.3,7.666666666666667,9.516666666666666
toy-0000979,615,z20,z22,4.6,15.333333333333334,16.03333333333333
toy-0000980,615,z11,z31,4.6,15.333333333333334,16.03333333333333
toy-0000981,615,z21,z01,4.6,15.333333333333334,16.03333333333333
toy-0000982,615,z21,z31,2.3,7.666666666666667,9.516666666666666
toy-0000983,615,z31,z11,4.6,15.333333333333334,16.03333333333333
toy-0000984,615,z31,z12,5.142956348249516,17.143187827498387,17.57170965337363
toy-0000985,615,z02,z21,5.142956348249516,17.143187827498387,17.57170965337363
toy-0000986,615,z02,z22,4.6,15.333333333333334,16.03333333333333
toy-0000987,615,z12,z01,3.2526911934581184,10.842303978193728,12.215958381464668
toy-0000988,615,z22,z21,2.3,7.666666666666667,9.516666666666666
toy-0000989,615,z22,z31,3.2526911934581184,10.842303978193728,12.215958381464668
toy-0000990,615,z32,z31,2.3,7.666666666666667,9.516666666666666
toy-0000991,620,z20,z21,2.3,7.666666666666667,9.516666666666666
toy-0000992,620,z20,z31,3.2526911934581184,10.842303978193728,12.215958381464668
toy-0000993,620,z20,z02,6.505382386916237,21.684607956387456,21.431916762929337
toy-0000994,620,z20,z12,5.142956348249516,17.143187827498387,17.57170965337363
toy-0000995,620,z01,z31,6.8999999999999995,22.999999999999996,22.549999999999997
toy-0000996,620,z21,z22,2.3,7.666666666666667,9.516666666666666
toy-0000997,620,z21,z32,3.2526911934581184,10.842303978193728,12.215958381464668
toy-0000998,620,z31,z10,5.142956348249516,17.143187827498387,17.57170965337363
toy-0000999,620,z31,z20,3.2526911934581184,10.842303978193728,12.215958381464668
toy-0001000,620,z31,z21,2.3,7.666666666666667,9.516666666666666
toy-0001001,620,z31,z22,3.2526911934581184,10.842303978193728,12.215958381464668
toy-0001002,620,z22,z20,4.6,15.333333333333334,16.03333333333333
toy-0001003,620,z32,z21,3.2526911934581184,10.842303978193728,12.215958381464668
toy-0001004,625,z20,z11,3.2526911934581184,10.842303978193728,12.215958381464668
toy-0001005,625,z20,z32,5.142956348249516,17.143187827498387,17.57170965337363
toy-0001006,625,z21,z10,3.2526911934581184,10.842303978193728,12.215958381464668
toy-0001007,625,z31,z30,2.3,7.666666666666667,9.516666666666666
toy-0001008,625,z31,z01,6.8999999999999995,22.999999999999996,22.549999999999997
toy-0001009,625,z31,z32,2.3,7.666666666666667,9.516666666666666
toy-0001010,625,z12,z20,5.142956348249516,17.143187827498387,17.57170965337363
toy-0001011,625,z12,z21,3.2526911934581184,10.842303978193728,12.215958381464668
toy-0001012,625,z22,z30,5.142956348249516,17.143187827498387,17.57170965337363
toy-0001013,625,z22,z11,3.2526911934581184,10.842303978193728,12.215958381464668
toy-0001014,625,z32,z00,8.292767933567175,27.64255977855725,26.49617581177366
toy-0001015,625,z32,z11,5.142956348249516,17.143187827498387,17.57170965337363
toy-0001016,630,z00,z21,5.142956348249516,17.143187827498387,17.57170965337363
toy-0001017,630,z00,z12,5.142956348249516,17.143187827498387,17.57170965337363
toy-0001018,630,z10,z00,2.3,7.666666666666667,9.516666666666666
toy-0001019,630,z11,z01,2.3,7.666666666666667,9.516666666666666
toy-0001020,630,z11,z22,3.2526911934581184,10.842303978193728,12.215958381464668
toy-0001021,630,z21,z11,2.3,7.666666666666667,9.516666666666666
toy-0001022,630,z21,z31,2.3,7.666666666666667,9.516666666666666
toy-0001023,630,z21,z12,3.2526911934581184,10.842303978193728,12.215958381464668
toy-0001024,630,z31,z00,7.273238618387272,24.244128727957573,23.607509418763936
toy-0001025,630,z31,z02,7.273238618387272,24.244128727957573,23.607509418763936
toy-0001026,630,z02,z31,7.273238618387272,24.244128727957573,23.607509418763936
toy-0001027,630,z22,z31,3.2526911934581184,10.842303978193728,12.215958381464668
toy-0001028,630,z22,z32,2.3,7.666666666666667,9.516666666666666
toy-0001029,630,z32,z20,5.142956348249516,17.143187827498387,17.57170965337363
toy-0001030,630,z32,z31,2.3,7.666666666666667,9.516666666666666
toy-0001031,630,z32,z22,2.3,7.666666666666667,9.516666666666666
toy-0001032,635,z10,z12,4.6,15.333333333333334,16.03333333333333
toy-0001033,635,z10,z22,5.142956348249516,17.143187827498387,17.57170965337363
toy-0001034,635,z30,z31,2.3,7.666666666666667,9.516666666666666
toy-0001035,635,z11,z21,2.3,7.666666666666667,9.516666666666666
toy-0001036,635,z11,z32,5.142956348249516,17.143187827498387,17.57170965337363
toy-0001037,635,z21,z20,2.3,7.666666666666667,9.516666666666666
toy-0001038,635,z31,z11,4.6,15.333333333333334,16.03333333333333
toy-0001039,635,z31,z21,2.3,7.666666666666667,9.516666666666666
toy-0001040,635,z31,z32,2.3,7.666666666666667,9.516666666666666
toy-0001041,635,z12,z31,5.142956348249516,17.143187827498387,17.57170965337363
toy-0001042,635,z32,z30,4.6,15.333333333333334,16.03333333333333
toy-0001043,640,z00,z22,6.505382386916237,21.684607956387456,21.431916762929337
toy-0001044,640,z10,z01,3.2526911934581184,10.842303978193728,12.215958381464668
toy-0001045,640,z30,z21,3.2526911934581184,10.842303978193728,12.215958381464668
toy-0001046,640,z30,z32,4.6,15.333333333333334,16.03333333333333
toy-0001047,640,z01,z32,7.273238618387272,24.244128727957573,23.607509418763936
toy-0001048,640,z11,z31,4.6,15.333333333333334,16.03333333333333
toy-0001049,640,z21,z02,5.142956348249516,17.143187827498387,17.57170965337363
toy-0001050,640,z21,z32,3.2526911934581184,10.842303978193728,12.215958381464668
toy-0001051,640,z31,z22,3.2526911934581184,10.842303978193728,12.215958381464668
toy-0001052,640,z22,z01,5.142956348249516,17.143187827498387,17.57170965337363
toy-0001053,640,z32,z10,6.505382386916237,21.684607956387456,21.431916762929337
toy-0001054,640,z32,z01,7.273238618387272,24.244128727957573,23.607509418763936
toy-0001055,640,z32,z21,3.2526911934581184,10.842303978193728,12.215958381464668
toy-0001056,640,z32,z31,2.3,7.666666666666667,9.516666666666666
toy-0001057,640,z32,z12,4.6,15.333333333333334,16.03333333333333
toy-0001058,645,z00,z32,8.292767933567175,27.64255977855725,26.49617581177366
toy-0001059,645,z10,z31,5.142956348249516,17.143187827498387,17.57170965337363
toy-0001060,645,z10,z32,6.505382386916237,21.684607956387456,21.431916762929337
toy-0001061,645,z20,z01,5.142956348249516,17.143187827498387,17.57170965337363
toy-0001062,645,z20,z31,3.2526911934581184,10.842303978193728,12.215958381464668
toy-0001063,645,z01,z11,2.3,7.666666666666667,9.516666666666666
toy-0001064,645,z11,z20,3.2526911934581184,10.842303978193728,12.215958381464668
toy-0001065,645,z21,z31,2.3,7.666666666666667,9.516666666666666
toy-0001066,645,z21,z22,2.3,7.666666666666667,9.516666666666666
toy-0001067,645,z31,z20,3.2526911934581184,10.842303978193728,12.215958381464668
toy-0001068,645,z31,z12,5.142956348249516,17.143187827498387,17.57170965337363
toy-0001069,645,z02,z01,2.3,7.666666666666667,9.516666666666666
toy-0001070,645,z12,z11,2.3,7.666666666666667,9.516666666666666
toy-0001071,645,z22,z21,2.3,7.666666666666667,9.516666666666666
toy-0001072,645,z22,z31,3.2526911934581184,10.842303978193728,12.215958381464668
toy-0001073,650,z00,z11,3.2526911934581184,10.842303978193728,12.215958381464668
toy-0001074,650,z30,z10,4.6,15.333333333333334,16.03333333333333
toy-0001075,650,z30,z20,2.3,7.666666666666667,9.516666666666666
toy-0001076,650,z01,z21,4.6,15.333333333333334,16.03333333333333
toy-0001077,650,z11,z10,2.3,7.666666666666667,9.516666666666666
toy-0001078,650,z31,z10,5.142956348249516,17.143187827498387,17.57170965337363
toy-0001079,650,z31,z21,2.3,7.666666666666667,9.516666666666666
toy-0001080,650,z31,z32,2.3,7.666666666666667,9.516666666666666
toy-0001081,650,z02,z20,6.505382386916237,21.684607956387456,21.431916762929337
toy-0001082,650,z02,z32,6.8999999999999995,22.999999999999996,22.549999999999997
toy-0001083,650,z12,z22,2.3,7.666666666666667,9.516666666666666
toy-0001084,650,z12,z32,4.6,15.333333333333334,16.03333333333333
toy-0001085,650,z22,z10,5.142956348249516,17.143187827498387,17.57170965337363
toy-0001086,650,z22,z32,2.3,7.666666666666667,9.516666666666666
toy-0001087,655,z00,z31,7.273238618387272,24.244128727957573,23.607509418763936
toy-0001088,655,z10,z20,2.3,7.666666666666667,9.516666666666666
toy-0001089,655,z20,z22,4.6,15.333333333333334,16.03333333333333
toy-0001090,655,z11,z00,3.2526911934581184,10.842303978193728,12.215958381464668
toy-0001091,655,z21,z00,5.142956348249516,17.143187827498387,17.57170965337363
toy-0001092,655,z31,z22,3.2526911934581184,10.842303978193728,12.215958381464668
toy-0001093,655,z22,z12,2.3,7.666666666666667,9.516666666666666
toy-0001094,655,z32,z11,5.142956348249516,17.143187827498387,17.57170965337363
toy-0001095,655,z32,z31,2.3,7.666666666666667,9.516666666666666
toy-0001096,655,z32,z22,2.3,7.666666666666667,9.516666666666666
toy-0001097,660,z10,z21,3.2526911934581184,10.842303978193728,12.215958381464668
toy-0001098,660,z20,z21,2.3,7.666666666666667,9.516666666666666
toy-0001099,660,z20,z32,5.142956348249516,17.143187827498387,17.57170965337363
toy-0001100,660,z30,z22,5.142956348249516,17.143187827498387,17.57170965337363
toy-0001101,660,z01,z31,6.8999999999999995,22.999999999999996,22.549999999999997
toy-0001102,660,z11,z31,4.6,15.333333333333334,16.03333333333333
toy-0001103,660,z11,z32,5.142956348249516,17.143187827498387,17.57170965337363
toy-0001104,660,z21,z31,2.3,7.666666666666667,9.516666666666666
toy-0001105,660,z21,z32,3.2526911934581184,10.842303978193728,12.215958381464668
toy-0001106,660,z31,z01,6.8999999999999995,22.999999999999996,22.549999999999997
toy-0001107,660,z31,z11,4.6,15.333333333333334,16.03333333333333
toy-0001108,660,z12,z10,4.6,15.333333333333334,16.03333333333333
toy-0001109,660,z22,z20,4.6,15.333333333333334,16.03333333333333
toy-0001110,660,z22,z11,3.2526911934581184,10.842303978193728,12.215958381464668
toy-0001111,660,z32,z20,5.142956348249516,17.143187827498387,17.57170965337363
toy-0001112,660,z32,z21,3.2526911934581184,10.842303978193728,12.215958381464668
toy-0001113,665,z00,z30,6.8999999999999995,22.999999999999996,22.549999999999997
toy-0001114,665,z20,z31,3.2526911934581184,10.842303978193728,12.215958381464668
toy-0001115,665,z01,z00,2.3,7.666666666666667,9.516666666666666
toy-0001116,665,z11,z21,2.3,7.666666666666667,9.516666666666666
toy-0001117,665,z11,z22,3.2526911934581184,10.842303978193728,12.215958381464668
toy-0001118,665,z21,z30,3.2526911934581184,10.842303978193728,12.215958381464668
toy-0001119,665,z21,z11,2.3,7.666666666666667,9.516666666666666
toy-0001120,665,z31,z21,2.3,7.666666666666667,9.516666666666666
toy-0001121,665,z31,z32,2.3,7.666666666666667,9.516666666666666
toy-0001122,665,z12,z31,5.142956348249516,17.143187827498387,17.57170965337363
toy-0001123,665,z22,z31,3.2526911934581184,10.842303978193728,12.215958381464668
toy-0001124,665,z22,z02,4.6,15.333333333333334,16.03333333333333
toy-0001125,670,z01,z12,3.2526911934581184,10.842303978193728,12.215958381464668
toy-0001126,670,z11,z12,2.3,7.666666666666667,9.516666666666666
toy-0001127,670,z21,z20,2.3,7.666666666666667,9.516666666666666
toy-0001128,670,z21,z01,4.6,15.333333333333334,16.03333333333333
toy-0001129,670,z21,z22,2.3,7.666666666666667,9.516666666666666
toy-0001130,670,z31,z20,3.2526911934581184,10.842303978193728,12.215958381464668
toy-0001131,670,z31,z30,2.3,7.666666666666667,9.516666666666666
toy-0001132,670,z31,z22,3.2526911934581184,10.842303978193728,12.215958381464668
toy-0001133,670,z12,z21,3.2526911934581184,10.842303978193728,12.215958381464668
toy-0001134,670,z22,z21,2.3,7.666666666666667,9.516666666666666
toy-0001135,670,z32,z31,2.3,7.666666666666667,9.516666666666666
toy-0001136,675,z10,z31,5.142956348249516,17.143187827498387,17.57170965337363
toy-0001137,675,z20,z00,4.6,15.333333333333334,16.03333333333333
toy-0001138,675,z20,z10,2.3,7.666666666666667,9.516666666666666
toy-0001139,675,z20,z11,3.2526911934581184,10.842303978193728,12.215958381464668
toy-0001140,675,z30,z31,2.3,7.666666666666667,9.516666666666666
toy-0001141,675,z01,z22,5.142956348249516,17.143187827498387,17.57170965337363
toy-0001142,675,z21,z10,3.2526911934581184,10.842303978193728,12.215958381464668
toy-0001143,675,z21,z31,2.3,7.666666666666667,9.516666666666666
toy-0001144,675,z21,z12,3.2526911934581184,10.842303978193728,12.215958381464668
toy-0001145,675,z31,z12,5.142956348249516,17.143187827498387,17.57170965337363
toy-0001146,675,z31,z32,2.3,7.666666666666667,9.516666666666666
toy-0001147,675,z12,z30,6.505382386916237,21.684607956387456,21.431916762929337
toy-0001148,675,z22,z32,2.3,7.666666666666667,9.516666666666666
toy-0001149,675,z32,z12,4.6,15.333333333333334,16.03333333333333
toy-0001150,675,z32,z22,2.3,7.666666666666667,9.516666666666666
toy-0001151,680,z10,z11,2.3,7.666666666666667,9.516666666666666
toy-0001152,680,z11,z31,4.6,15.333333333333334,16.03333333333333
toy-0001153,680,z21,z32,3.2526911934581184,10.842303978193728,12.215958381464668
toy-0001154,680,z31,z00,7.273238618387272,24.244128727957573,23.607509418763936
toy-0001155,680,z31,z11,4.6,15.333333333333334,16.03333333333333
toy-0001156,680,z31,z21,2.3,7.666666666666667,9.516666666666666
toy-0001157,680,z22,z31,3.2526911934581184,10.842303978193728,12.215958381464668
toy-0001158,680,z32,z10,6.505382386916237,21.684607956387456,21.431916762929337
toy-0001159,680,z32,z21,3.2526911934581184,10.842303978193728,12.215958381464668
toy-0001160,680,z32,z31,2.3,7.666666666666667,9.516666666666666
toy-0001161,685,z20,z32,5.142956348249516,17.143187827498387,17.57170965337363
toy-0001162,685,z11,z30,5.142956348249516,17.143187827498387,17.57170965337363
toy-0001163,685,z31,z10,5.142956348249516,17.143187827498387,17.57170965337363
toy-0001164,685,z12,z02,2.3,7.666666666666667,9.516666666666666
toy-0001165,685,z12,z32,4.6,15.333333333333334,16.03333333333333
toy-0001166,685,z22,z00,6.505382386916237,21.684607956387456,21.431916762929337
toy-0001167,685,z32,z01,7.273238618387272,24.244128727957573,23.607509418763936
toy-0001168,685,z32,z11,5.142956348249516,17.143187827498387,17.57170965337363
toy-0001169,690,z10,z22,5.142956348249516,17.143187827498387,17.57170965337363
toy-0001170,690,z10,z32,6.505382386916237,21.684607956387456,21.431916762929337
toy-0001171,690,z20,z21,2.3,7.666666666666667,9.516666666666666
toy-0001172,690,z20,z31,3.2526911934581184,10.842303978193728,12.215958381464668
toy-0001173,690,z20,z12,5.142956348249516,17.143187827498387,17.57170965337363
toy-0001174,690,z20,z22,4.6,15.333333333333334,16.03333333333333
toy-0001175,690,z01,z32,7.273238618387272,24.244128727957573,23.607509418763936
toy-0001176,690,z11,z32,5.142956348249516,17.143187827498387,17.57170965337363
toy-0001177,690,z21,z31,2.3,7.666666666666667,9.516666666666666
toy-0001178,690,z31,z20,3.2526911934581184,10.842303978193728,12.215958381464668
toy-0001179,690,z31,z02,7.273238618387272,24.244128727957573,23.607509418763936
toy-0001180,690,z31,z22,3.2526911934581184,10.842303978193728,12.215958381464668
toy-0001181,690,z31,z32,2.3,7.666666666666667,9.516666666666666
toy-0001182,690,z02,z31,7.273238618387272,24.244128727957573,23.607509418763936
toy-0001183,690,z22,z21,2.3,7.666666666666667,9.516666666666666
toy-0001184,690,z32,z00,8.292767933567175,27.64255977855725,26.49617581177366
toy-0001185,690,z32,z20,5.142956348249516,17.143187827498387,17.57170965337363
toy-0001186,690,z32,z30,4.6,15.333333333333334,16.03333333333333
toy-0001187,690,z32,z02,6.8999999999999995,22.999999999999996,22.549999999999997
toy-0001188,695,z30,z11,5.142956348249516,17.143187827498387,17.57170965337363
toy-0001189,695,z30,z32,4.6,15.333333333333334,16.03333333333333
toy-0001190,695,z01,z20,5.142956348249516,17.143187827498387,17.57170965337363
toy-0001191,695,z01,z31,6.8999999999999995,22.999999999999996,22.549999999999997
toy-0001192,695,z11,z20,3.2526911934581184,10.842303978193728,12.215958381464668
toy-0001193,695,z11,z21,2.3,7.666666666666667,9.516666666666666
toy-0001194,695,z21,z11,2.3,7.666666666666667,9.516666666666666
toy-0001195,695,z21,z22,2.3,7.666666666666667,9.516666666666666
toy-0001196,695,z31,z01,6.8999999999999995,22.999999999999996,22.549999999999997
toy-0001197,695,z31,z21,2.3,7.666666666666667,9.516666666666666
toy-0001198,695,z02,z12,2.3,7.666666666666667,9.516666666666666
toy-0001199,695,z12,z20,5.142956348249516,17.143187827498387,17.57170965337363
toy-0001200,695,z12,z31,5.142956348249516,17.143187827498387,17.57170965337363
toy-0001201,695,z22,z30,5.142956348249516,17.143187827498387,17.57170965337363
toy-0001202,695,z22,z11,3.2526911934581184,10.842303978193728,12.215958381464668
toy-0001203,695,z22,z31,3.2526911934581184,10.842303978193728,12.215958381464668
toy-0001204,695,z22,z32,2.3,7.666666666666667,9.516666666666666
toy-0001205,695,z32,z21,3.2526911934581184,10.842303978193728,12.215958381464668
toy-0001206,695,z32,z31,2.3,7.666666666666667,9.516666666666666
toy-0001207,695,z32,z22,2.3,7.666666666666667,9.516666666666666
toy-0001208,700,z00,z10,2.3,7.666666666666667,9.516666666666666
toy-0001209,700,z11,z31,4.6,15.333333333333334,16.03333333333333
toy-0001210,700,z11,z22,3.2526911934581184,10.842303978193728,12.215958381464668
toy-0001211,700,z21,z20,2.3,7.666666666666667,9.516666666666666
toy-0001212,700,z21,z32,3.2526911934581184,10.842303978193728,12.215958381464668
toy-0001213,700,z31,z11,4.6,15.333333333333334,16.03333333333333
toy-0001214,700,z31,z32,2.3,7.666666666666667,9.516666666666666
toy-0001215,700,z12,z22,2.3,7.666666666666667,9.516666666666666
toy-0001216,700,z22,z20,4.6,15.333333333333334,16.03333333333333
toy-0001217,700,z22,z01,5.142956348249516,17.143187827498387,17.57170965337363
toy-0001218,705,z00,z20,4.6,15.333333333333334,16.03333333333333
toy-0001219,705,z00,z21,5.142956348249516,17.143187827498387,17.57170965337363
toy-0001220,705,z00,z31,7.273238618387272,24.244128727957573,23.607509418763936
toy-0001221,705,z00,z32,8.292767933567175,27.64255977855725,26.49617581177366
toy-0001222,705,z30,z00,6.8999999999999995,22.999999999999996,22.549999999999997
toy-0001223,705,z30,z21,3.2526911934581184,10.842303978193728,12.215958381464668
toy-0001224,705,z01,z21,4.6,15.333333333333334,16.03333333333333
toy-0001225,705,z21,z31,2.3,7.666666666666667,9.516666666666666
toy-0001226,705,z31,z12,5.142956348249516,17.143187827498387,17.57170965337363
toy-0001227,705,z31,z22,3.2526911934581184,10.842303978193728,12.215958381464668
toy-0001228,705,z02,z21,5.142956348249516,17.143187827498387,17.57170965337363
toy-0001229,705,z22,z10,5.142956348249516,17.143187827498387,17.57170965337363
toy-0001230,705,z22,z12,2.3,7.666666666666667,9.516666666666666
toy-0001231,705,z32,z31,2.3,7.666666666666667,9.516666666666666
toy-0001232,710,z10,z30,4.6,15.333333333333334,16.03333333333333
toy-0001233,710,z10,z21,3.2526911934581184,10.842303978193728,12.215958381464668
toy-0001234,710,z10,z31,5.142956348249516,17.143187827498387,17.57170965337363
toy-0001235,710,z20,z30,2.3,7.666666666666667,9.516666666666666
toy-0001236,710,z20,z31,3.2526911934581184,10.842303978193728,12.215958381464668
toy-0001237,710,z11,z01,2.3,7.666666666666667,9.516666666666666
toy-0001238,710,z31,z30,2.3,7.666666666666667,9.516666666666666
toy-0001239,710,z31,z21,2.3,7.666666666666667,9.516666666666666
toy-0001240,710,z12,z11,2.3,7.666666666666667,9.516666666666666
toy-0001241,710,z32,z11,5.142956348249516,17.143187827498387,17.57170965337363
toy-0001242,715,z10,z02,5.142956348249516,17.143187827498387,17.57170965337363
toy-0001243,715,z20,z32,5.142956348249516,17.143187827498387,17.57170965337363
toy-0001244,715,z30,z12,6.505382386916237,21.684607956387456,21.431916762929337
toy-0001245,715,z11,z32,5.142956348249516,17.143187827498387,17.57170965337363
toy-0001246,715,z21,z32,3.2526911934581184,10.842303978193728,12.215958381464668
toy-0001247,715,z31,z10,5.142956348249516,17.143187827498387,17.57170965337363
toy-0001248,715,z31,z20,3.2526911934581184,10.842303978193728,12.215958381464668
toy-0001249,715,z31,z32,2.3,7.666666666666667,9.516666666666666
toy-0001250,715,z02,z22,4.6,15.333333333333334,16.03333333333333
toy-0001251,715,z12,z21,3.2526911934581184,10.842303978193728,12.215958381464668
toy-0001252,715,z22,z21,2.3,7.666666666666667,9.516666666666666
toy-0001253,715,z22,z31,3.2526911934581184,10.842303978193728,12.215958381464668
toy-0001254,715,z22,z32,2.3,7.666666666666667,9.516666666666666
toy-0001255,715,z32,z21,3.2526911934581184,10.842303978193728,12.215958381464668
toy-0001256,715,z32,z12,4.6,15.333333333333334,16.03333333333333
toy-0001257,715,z32,z22,2.3,7.666666666666667,9.516666666666666
toy-0001258,720,z00,z22,6.505382386916237,21.684607956387456,21.431916762929337
toy-0001259,720,z30,z01,7.273238618387272,24.244128727957573,23.607509418763936
toy-0001260,720,z30,z31,2.3,7.666666666666667,9.516666666666666
toy-0001261,720,z11,z10,2.3,7.666666666666667,9.516666666666666
toy-0001262,720,z11,z31,4.6,15.333333333333334,16.03333333333333
toy-0001263,720,z21,z10,3.2526911934581184,10.842303978193728,12.215958381464668
toy-0001264,720,z21,z31,2.3,7.666666666666667,9.516666666666666
toy-0001265,720,z21,z12,3.2526911934581184,10.842303978193728,12.215958381464668
toy-0001266,720,z21,z22,2.3,7.666666666666667,9.516666666666666
toy-0001267,720,z31,z11,4.6,15.333333333333334,16.03333333333333
toy-0001268,720,z31,z22,3.2526911934581184,10.842303978193728,12.215958381464668
toy-0001269,720,z02,z11,3.2526911934581184,10.842303978193728,12.215958381464668
toy-0001270,720,z32,z20,5.142956348249516,17.143187827498387,17.57170965337363
toy-0001271,720,z32,z31,2.3,7.666666666666667,9.516666666666666
toy-0001272,725,z20,z11,3.2526911934581184,10.842303978193728,12.215958381464668
toy-0001273,725,z20,z21,2.3,7.666666666666667,9.516666666666666
toy-0001274,725,z20,z22,4.6,15.333333333333334,16.03333333333333
toy-0001275,725,z30,z22,5.142956348249516,17.143187827498387,17.57170965337363
toy-0001276,725,z01,z11,2.3,7.666666666666667,9.516666666666666
toy-0001277,725,z11,z21,2.3,7.666666666666667,9.516666666666666
toy-0001278,725,z21,z01,4.6,15.333333333333334,16.03333333333333
toy-0001279,725,z21,z11,2.3,7.666666666666667,9.516666666666666
toy-0001280,725,z21,z02,5.142956348249516,17.143187827498387,17.57170965337363
toy-0001281,725,z31,z00,7.273238618387272,24.244128727957573,23.607509418763936
toy-0001282,725,z31,z21,2.3,7.666666666666667,9.516666666666666
toy-0001283,725,z31,z32,2.3,7.666666666666667,9.516666666666666
toy-0001284,725,z02,z30,8.292767933567175,27.64255977855725,26.49617581177366
toy-0001285,725,z02,z32,6.8999999999999995,22.999999999999996,22.549999999999997
toy-0001286,725,z12,z01,3.2526911934581184,10.842303978193728,12.215958381464668
toy-0001287,725,z12,z31,5.142956348249516,17.143187827498387,17.57170965337363
toy-0001288,725,z12,z32,4.6,15.333333333333334,16.03333333333333
toy-0001289,725,z22,z31,3.2526911934581184,10.842303978193728,12.215958381464668
toy-0001290,725,z32,z10,6.505382386916237,21.684607956387456,21.431916762929337
toy-0001291,730,z10,z20,2.3,7.666666666666667,9.516666666666666
toy-0001292,730,z10,z12,4.6,15.333333333333334,16.03333333333333
toy-0001293,730,z10,z32,6.505382386916237,21.684607956387456,21.431916762929337
toy-0001294,730,z20,z01,5.142956348249516,17.143187827498387,17.57170965337363
toy-0001295,730,z20,z31,3.2526911934581184,10.842303978193728,12.215958381464668
toy-0001296,730,z01,z10,3.2526911934581184,10.842303978193728,12.215958381464668
toy-0001297,730,z01,z31,6.8999999999999995,22.999999999999996,22.549999999999997
toy-0001298,730,z11,z02,3.2526911934581184,10.842303978193728,12.215958381464668
toy-0001299,730,z11,z12,2.3,7.666666666666667,9.516666666666666
toy-0001300,730,z21,z00,5.142956348249516,17.143187827498387,17.57170965337363
toy-0001301,730,z21,z30,3.2526911934581184,10.842303978193728,12.215958381464668
toy-0001302,730,z21,z31,2.3,7.666666666666667,9.516666666666666
toy-0001303,730,z31,z01,6.8999999999999995,22.999999999999996,22.549999999999997
toy-0001304,730,z31,z12,5.142956348249516,17.143187827498387,17.57170965337363
toy-0001305,730,z22,z11,3.2526911934581184,10.842303978193728,12.215958381464668
toy-0001306,730,z32,z01,7.273238618387272,24.244128727957573,23.607509418763936
toy-0001307,730,z32,z31,2.3,7.666666666666667,9.516666666666666
toy-0001308,735,z01,z22,5.142956348249516,17.143187827498387,17.57170965337363
toy-0001309,735,z01,z32,7.273238618387272,24.244128727957573,23.607509418763936
toy-0001310,735,z11,z22,3.2526911934581184,10.842303978193728,12.215958381464668
toy-0001311,735,z21,z20,2.3,7.666666666666667,9.516666666666666
toy-0001312,735,z21,z32,3.2526911934581184,10.842303978193728,12.215958381464668
toy-0001313,735,z31,z20,3.2526911934581184,10.842303978193728,12.215958381464668
toy-0001314,735,z31,z21,2.3,7.666666666666667,9.516666666666666
toy-0001315,735,z31,z22,3.2526911934581184,10.842303978193728,12.215958381464668
toy-0001316,735,z31,z32,2.3,7.666666666666667,9.516666666666666
toy-0001317,735,z22,z20,4.6,15.333333333333334,16.03333333333333
toy-0001318,735,z22,z32,2.3,7.666666666666667,9.516666666666666
toy-0001319,735,z32,z11,5.142956348249516,17.143187827498387,17.57170965337363
toy-0001320,735,z32,z21,3.2526911934581184,10.842303978193728,12.215958381464668
toy-0001321,735,z32,z22,2.3,7.666666666666667,9.516666666666666
toy-0001322,740,z10,z31,5.142956348249516,17.143187827498387,17.57170965337363
toy-0001323,740,z10,z22,5.142956348249516,17.143187827498387,17.57170965337363
toy-0001324,740,z20,z32,5.142956348249516,17.143187827498387,17.57170965337363
toy-0001325,740,z11,z20,3.2526911934581184,10.842303978193728,12.215958381464668
toy-0001326,740,z11,z31,4.6,15.333333333333334,16.03333333333333
toy-0001327,740,z11,z32,5.142956348249516,17.143187827498387,17.57170965337363
toy-0001328,740,z21,z22,2.3,7.666666666666667,9.516666666666666
toy-0001329,740,z31,z11,4.6,15.333333333333334,16.03333333333333
toy-0001330,740,z22,z21,2.3,7.666666666666667,9.516666666666666
toy-0001331,740,z22,z31,3.2526911934581184,10.842303978193728,12.215958381464668
toy-0001332,740,z32,z30,4.6,15.333333333333334,16.03333333333333
toy-0001333,740,z32,z31,2.3,7.666666666666667,9.516666666666666
toy-0001334,745,z10,z11,2.3,7.666666666666667,9.516666666666666
toy-0001335,745,z20,z10,2.3,7.666666666666667,9.516666666666666
toy-0001336,745,z30,z20,2.3,7.666666666666667,9.516666666666666
toy-0001337,745,z30,z32,4.6,15.333333333333334,16.03333333333333
toy-0001338,745,z01,z30,7.273238618387272,24.244128727957573,23.607509418763936
toy-0001339,745,z21,z31,2.3,7.666666666666667,9.516666666666666
toy-0001340,745,z31,z10,5.142956348249516,17.143187827498387,17.57170965337363
toy-0001341,745,z31,z02,7.273238618387272,24.244128727957573,23.607509418763936
toy-0001342,745,z31,z32,2.3,7.666666666666667,9.516666666666666
toy-0001343,745,z02,z31,7.273238618387272,24.244128727957573,23.607509418763936
toy-0001344,745,z12,z22,2.3,7.666666666666667,9.516666666666666
toy-0001345,745,z32,z20,5.142956348249516,17.143187827498387,17.57170965337363
toy-0001346,750,z00,z11,3.2526911934581184,10.842303978193728,12.215958381464668
toy-0001347,750,z00,z31,7.273238618387272,24.244128727957573,23.607509418763936
toy-0001348,750,z20,z31,3.2526911934581184,10.842303978193728,12.215958381464668
toy-0001349,750,z20,z02,6.505382386916237,21.684607956387456,21.431916762929337
toy-0001350,750,z20,z12,5.142956348249516,17.143187827498387,17.57170965337363
toy-0001351,750,z01,z02,2.3,7.666666666666667,9.516666666666666
toy-0001352,750,z21,z32,3.2526911934581184,10.842303978193728,12.215958381464668
toy-0001353,750,z31,z20,3.2526911934581184,10.842303978193728,12.215958381464668
toy-0001354,750,z31,z30,2.3,7.666666666666667,9.516666666666666
toy-0001355,750,z31,z21,2.3,7.666666666666667,9.516666666666666
toy-0001356,750,z31,z22,3.2526911934581184,10.842303978193728,12.215958381464668
toy-0001357,750,z12,z00,5.142956348249516,17.143187827498387,17.57170965337363
toy-0001358,750,z12,z21,3.2526911934581184,10.842303978193728,12.215958381464668
toy-0001359,750,z12,z31,5.142956348249516,17.143187827498387,17.57170965337363
toy-0001360,750,z22,z12,2.3,7.666666666666667,9.516666666666666
toy-0001361,750,z32,z00,8.292767933567175,27.64255977855725,26.49617581177366
toy-0001362,750,z32,z21,3.2526911934581184,10.842303978193728,12.215958381464668
toy-0001363,750,z32,z31,2.3,7.666666666666667,9.516666666666666
toy-0001364,750,z32,z12,4.6,15.333333333333334,16.03333333333333
toy-0001365,755,z10,z01,3.2526911934581184,10.842303978193728,12.215958381464668
toy-0001366,755,z10,z21,3.2526911934581184,10.842303978193728,12.215958381464668
toy-0001367,755,z20,z21,2.3,7.666666666666667,9.516666666666666
toy-0001368,755,z30,z31,2.3,7.666666666666667,9.516666666666666
toy-0001369,755,z01,z21,4.6,15.333333333333334,16.03333333333333
toy-0001370,755,z11,z00,3.2526911934581184,10.842303978193728,12.215958381464668
toy-0001371,755,z11,z21,2.3,7.666666666666667,9.516666666666666
toy-0001372,755,z21,z11,2.3,7.666666666666667,9.516666666666666
toy-0001373,755,z21,z31,2.3,7.666666666666667,9.516666666666666
toy-0001374,755,z21,z12,3.2526911934581184,10.842303978193728,12.215958381464668
toy-0001375,755,z31,z11,4.6,15.333333333333334,16.03333333333333
toy-0001376,755,z31,z12,5.142956348249516,17.143187827498387,17.57170965337363
toy-0001377,755,z12,z10,4.6,15.333333333333334,16.03333333333333
toy-0001378,755,z12,z20,5.142956348249516,17.143187827498387,17.57170965337363
toy-0001379,755,z12,z32,4.6,15.333333333333334,16.03333333333333
toy-0001380,755,z22,z10,5.142956348249516,17.143187827498387,17.57170965337363
toy-0001381,755,z22,z01,5.142956348249516,17.143187827498387,17.57170965337363
toy-0001382,755,z22,z31,3.2526911934581184,10.842303978193728,12.215958381464668
toy-0001383,755,z22,z02,4.6,15.333333333333334,16.03333333333333
toy-0001384,755,z22,z32,2.3,7.666666666666667,9.516666666666666
toy-0001385,755,z32,z22,2.3,7.666666666666667,9.516666666666666
toy-0001386,760,z20,z22,4.6,15.333333333333334,16.03333333333333
toy-0001387,760,z30,z21,3.2526911934581184,10.842303978193728,12.215958381464668
toy-0001388,760,z01,z31,6.8999999999999995,22.999999999999996,22.549999999999997
toy-0001389,760,z11,z31,4.6,15.333333333333334,16.03333333333333
toy-0001390,760,z21,z20,2.3,7.666666666666667,9.516666666666666
toy-0001391,760,z21,z22,2.3,7.666666666666667,9.516666666666666
toy-0001392,760,z31,z21,2.3,7.666666666666667,9.516666666666666
toy-0001393,760,z31,z22,3.2526911934581184,10.842303978193728,12.215958381464668
toy-0001394,760,z31,z32,2.3,7.666666666666667,9.516666666666666
toy-0001395,760,z22,z00,6.505382386916237,21.684607956387456,21.431916762929337
toy-0001396,760,z22,z30,5.142956348249516,17.143187827498387,17.57170965337363
toy-0001397,760,z22,z11,3.2526911934581184,10.842303978193728,12.215958381464668
toy-0001398,760,z22,z21,2.3,7.666666666666667,9.516666666666666
toy-0001399,760,z32,z10,6.505382386916237,21.684607956387456,21.431916762929337
toy-0001400,760,z32,z11,5.142956348249516,17.143187827498387,17.57170965337363
toy-0001401,760,z32,z31,2.3,7.666666666666667,9.516666666666666
toy-0001402,760,z32,z02,6.8999999999999995,22.999999999999996,22.549999999999997
toy-0001403,765,z00,z32,8.292767933567175,27.64255977855725,26.49617581177366
toy-0001404,765,z10,z31,5.142956348249516,17.143187827498387,17.57170965337363
toy-0001405,765,z10,z32,6.505382386916237,21.684607956387456,21.431916762929337
toy-0001406,765,z20,z11,3.2526911934581184,10.842303978193728,12.215958381464668
toy-0001407,765,z20,z32,5.142956348249516,17.143187827498387,17.57170965337363
toy-0001408,765,z11,z22,3.2526911934581184,10.842303978193728,12.215958381464668
toy-0001409,765,z11,z32,5.142956348249516,17.143187827498387,17.57170965337363
toy-0001410,765,z21,z10,3.2526911934581184,10.842303978193728,12.215958381464668
toy-0001411,765,z21,z32,3.2526911934581184,10.842303978193728,12.215958381464668
toy-0001412,765,z31,z01,6.8999999999999995,22.999999999999996,22.549999999999997
toy-0001413,765,z02,z10,5.142956348249516,17.143187827498387,17.57170965337363
toy-0001414,765,z12,z11,2.3,7.666666666666667,9.516666666666666
toy-0001415,765,z22,z20,4.6,15.333333333333334,16.03333333333333
toy-0001416,765,z32,z21,3.2526911934581184,10.842303978193728,12.215958381464668
toy-0001417,770,z00,z01,2.3,7.666666666666667,9.516666666666666
toy-0001418,770,z00,z21,5.142956348249516,17.143187827498387,17.57170965337363
toy-0001419,770,z00,z12,5.142956348249516,17.143187827498387,17.57170965337363
toy-0001420,770,z20,z31,3.2526911934581184,10.842303978193728,12.215958381464668
toy-0001421,770,z01,z20,5.142956348249516,17.143187827498387,17.57170965337363
toy-0001422,770,z01,z12,3.2526911934581184,10.842303978193728,12.215958381464668
toy-0001423,770,z11,z30,5.142956348249516,17.143187827498387,17.57170965337363
toy-0001424,770,z21,z31,2.3,7.666666666666667,9.516666666666666
toy-0001425,770,z31,z00,7.273238618387272,24.244128727957573,23.607509418763936
toy-0001426,770,z31,z20,3.2526911934581184,10.842303978193728,12.215958381464668
toy-0001427,770,z31,z32,2.3,7.666666666666667,9.516666666666666
toy-0001428,770,z22,z31,3.2526911934581184,10.842303978193728,12.215958381464668
toy-0001429,770,z22,z32,2.3,7.666666666666667,9.516666666666666
toy-0001430,770,z32,z20,5.142956348249516,17.143187827498387,17.57170965337363
toy-0001431,770,z32,z22,2.3,7.666666666666667,9.516666666666666
toy-0001432,775,z20,z00,4.6,15.333333333333334,16.03333333333333
toy-0001433,775,z30,z11,5.142956348249516,17.143187827498387,17.57170965337363
toy-0001434,775,z01,z32,7.273238618387272,24.244128727957573,23.607509418763936
toy-0001435,775,z11,z01,2.3,7.666666666666667,9.516666666666666
toy-0001436,775,z11,z31,4.6,15.333333333333334,16.03333333333333
toy-0001437,775,z21,z01,4.6,15.333333333333334,16.03333333333333
toy-0001438,775,z31,z10,5.142956348249516,17.143187827498387,17.57170965337363
toy-0001439,775,z31,z11,4.6,15.333333333333334,16.03333333333333
toy-0001440,775,z31,z21,2.3,7.666666666666667,9.516666666666666
toy-0001441,775,z31,z22,3.2526911934581184,10.842303978193728,12.215958381464668
toy-0001442,775,z12,z31,5.142956348249516,17.143187827498387,17.57170965337363
toy-0001443,775,z32,z01,7.273238618387272,24.244128727957573,23.607509418763936
toy-0001444,775,z32,z31,2.3,7.666666666666667,9.516666666666666
toy-0001445,780,z20,z21,2.3,7.666666666666667,9.516666666666666
toy-0001446,780,z30,z10,4.6,15.333333333333334,16.03333333333333
toy-0001447,780,z11,z10,2.3,7.666666666666667,9.516666666666666
toy-0001448,780,z11,z20,3.2526911934581184,10.842303978193728,12.215958381464668
toy-0001449,780,z11,z21,2.3,7.666666666666667,9.516666666666666
toy-0001450,780,z21,z30,3.2526911934581184,10.842303978193728,12.215958381464668
toy-0001451,780,z21,z11,2.3,7.666666666666667,9.516666666666666
toy-0001452,780,z21,z31,2.3,7.666666666666667,9.516666666666666
toy-0001453,780,z31,z12,5.142956348249516,17.143187827498387,17.57170965337363
toy-0001454,780,z31,z32,2.3,7.666666666666667,9.516666666666666
toy-0001455,780,z02,z20,6.505382386916237,21.684607956387456,21.431916762929337
toy-0001456,780,z22,z21,2.3,7.666666666666667,9.516666666666666
toy-0001457,780,z32,z11,5.142956348249516,17.143187827498387,17.57170965337363
toy-0001458,780,z32,z21,3.2526911934581184,10.842303978193728,12.215958381464668
toy-0001459,780,z32,z12,4.6,15.333333333333334,16.03333333333333
toy-0001460,785,z10,z00,2.3,7.666666666666667,9.516666666666666
toy-0001461,785,z10,z22,5.142956348249516,17.143187827498387,17.57170965337363
toy-0001462,785,z01,z22,5.142956348249516,17.143187827498387,17.57170965337363
toy-0001463,785,z11,z12,2.3,7.666666666666667,9.516666666666666
toy-0001464,785,z11,z32,5.142956348249516,17.143187827498387,17.57170965337363
toy-0001465,785,z21,z22,2.3,7.666666666666667,9.516666666666666
toy-0001466,785,z21,z32,3.2526911934581184,10.842303978193728,12.215958381464668
toy-0001467,785,z31,z30,2.3,7.666666666666667,9.516666666666666
toy-0001468,785,z02,z21,5.142956348249516,17.143187827498387,17.57170965337363
toy-0001469,785,z22,z31,3.2526911934581184,10.842303978193728,12.215958381464668
toy-0001470,785,z32,z31,2.3,7.666666666666667,9.516666666666666
toy-0001471,790,z00,z31,7.273238618387272,24.244128727957573,23.607509418763936
toy-0001472,790,z20,z31,3.2526911934581184,10.842303978193728,12.215958381464668
toy-0001473,790,z20,z22,4.6,15.333333333333334,16.03333333333333
toy-0001474,790,z30,z31,2.3,7.666666666666667,9.516666666666666
toy-0001475,790,z30,z22,5.142956348249516,17.143187827498387,17.57170965337363
toy-0001476,790,z21,z20,2.3,7.666666666666667,9.516666666666666
toy-0001477,790,z31,z20,3.2526911934581184,10.842303978193728,12.215958381464668
toy-0001478,790,z31,z21,2.3,7.666666666666667,9.516666666666666
toy-0001479,790,z31,z22,3.2526911934581184,10.842303978193728,12.215958381464668
toy-0001480,790,z31,z32,2.3,7.666666666666667,9.516666666666666
toy-0001481,790,z02,z32,6.8999999999999995,22.999999999999996,22.549999999999997
toy-0001482,790,z12,z30,6.505382386916237,21.684607956387456,21.431916762929337
toy-0001483,790,z12,z21,3.2526911934581184,10.842303978193728,12.215958381464668
toy-0001484,790,z12,z22,2.3,7.666666666666667,9.516666666666666
toy-0001485,790,z12,z32,4.6,15.333333333333334,16.03333333333333
toy-0001486,790,z22,z11,3.2526911934581184,10.842303978193728,12.215958381464668
toy-0001487,790,z22,z12,2.3,7.666666666666667,9.516666666666666
toy-0001488,790,z22,z32,2.3,7.666666666666667,9.516666666666666
toy-0001489,790,z32,z30,4.6,15.333333333333334,16.03333333333333
toy-0001490,790,z32,z22,2.3,7.666666666666667,9.516666666666666
toy-0001491,795,z00,z22,6.505382386916237,21.684607956387456,21.431916762929337
toy-0001492,795,z10,z20,2.3,7.666666666666667,9.516666666666666
toy-0001493,795,z10,z21,3.2526911934581184,10.842303978193728,12.215958381464668
toy-0001494,795,z10,z31,5.142956348249516,17.143187827498387,17.57170965337363
toy-0001495,795,z20,z30,2.3,7.666666666666667,9.516666666666666
toy-0001496,795,z20,z32,5.142956348249516,17.143187827498387,17.57170965337363
toy-0001497,795,z30,z02,8.292767933567175,27.64255977855725,26.49617581177366
toy-0001498,795,z30,z32,4.6,15.333333333333334,16.03333333333333
toy-0001499,795,z01,z11,2.3,7.666666666666667,9.516666666666666
toy-0001500,795,z01,z31,6.8999999999999995,22.999999999999996,22.549999999999997
toy-0001501,795,z11,z31,4.6,15.333333333333334,16.03333333333333
toy-0001502,795,z11,z22,3.2526911934581184,10.842303978193728,12.215958381464668
toy-0001503,795,z21,z00,5.142956348249516,17.143187827498387,17.57170965337363
toy-0001504,795,z21,z31,2.3,7.666666666666667,9.516666666666666
toy-0001505,795,z21,z12,3.2526911934581184,10.842303978193728,12.215958381464668
toy-0001506,795,z31,z01,6.8999999999999995,22.999999999999996,22.549999999999997
toy-0001507,795,z31,z11,4.6,15.333333333333334,16.03333333333333
toy-0001508,795,z31,z02,7.273238618387272,24.244128727957573,23.607509418763936
toy-0001509,795,z32,z20,5.142956348249516,17.143187827498387,17.57170965337363
toy-0001510,795,z32,z31,2.3,7.666666666666667,9.516666666666666
toy-0001511,800,z21,z32,3.2526911934581184,10.842303978193728,12.215958381464668
toy-0001512,800,z31,z21,2.3,7.666666666666667,9.516666666666666
toy-0001513,800,z02,z31,7.273238618387272,24.244128727957573,23.607509418763936
toy-0001514,800,z02,z22,4.6,15.333333333333334,16.03333333333333
toy-0001515,800,z12,z31,5.142956348249516,17.143187827498387,17.57170965337363
toy-0001516,800,z22,z10,5.142956348249516,17.143187827498387,17.57170965337363
toy-0001517,800,z22,z20,4.6,15.333333333333334,16.03333333333333
toy-0001518,800,z22,z31,3.2526911934581184,10.842303978193728,12.215958381464668
toy-0001519,800,z32,z10,6.505382386916237,21.684607956387456,21.431916762929337
toy-0001520,800,z32,z21,3.2526911934581184,10.842303978193728,12.215958381464668
toy-0001521,805,z10,z32,6.505382386916237,21.684607956387456,21.431916762929337
toy-0001522,805,z20,z01,5.142956348249516,17.143187827498387,17.57170965337363
toy-0001523,805,z01,z21,4.6,15.333333333333334,16.03333333333333
toy-0001524,805,z21,z02,5.142956348249516,17.143187827498387,17.57170965337363
toy-0001525,805,z21,z22,2.3,7.666666666666667,9.516666666666666
toy-0001526,805,z31,z10,5.142956348249516,17.143187827498387,17.57170965337363
toy-0001527,805,z31,z22,3.2526911934581184,10.842303978193728,12.215958381464668
toy-0001528,805,z31,z32,2.3,7.666666666666667,9.516666666666666
toy-0001529,805,z22,z21,2.3,7.666666666666667,9.516666666666666
toy-0001530,805,z32,z00,8.292767933567175,27.64255977855725,26.49617581177366
toy-0001531,805,z32,z11,5.142956348249516,17.143187827498387,17.57170965337363
toy-0001532,810,z00,z20,4.6,15.333333333333334,16.03333333333333
toy-0001533,810,z10,z11,2.3,7.666666666666667,9.516666666666666
toy-0001534,810,z20,z10,2.3,7.666666666666667,9.516666666666666
toy-0001535,810,z20,z11,3.2526911934581184,10.842303978193728,12.215958381464668
toy-0001536,810,z20,z31,3.2526911934581184,10.842303978193728,12.215958381464668
toy-0001537,810,z11,z21,2.3,7.666666666666667,9.516666666666666
toy-0001538,810,z21,z10,3.2526911934581184,10.842303978193728,12.215958381464668
toy-0001539,810,z21,z11,2.3,7.666666666666667,9.516666666666666
toy-0001540,810,z21,z31,2.3,7.666666666666667,9.516666666666666
toy-0001541,810,z31,z12,5.142956348249516,17.143187827498387,17.57170965337363
toy-0001542,810,z22,z01,5.142956348249516,17.143187827498387,17.57170965337363
toy-0001543,810,z22,z32,2.3,7.666666666666667,9.516666666666666
toy-0001544,810,z32,z31,2.3,7.666666666666667,9.516666666666666
toy-0001545,810,z32,z22,2.3,7.666666666666667,9.516666666666666
toy-0001546,815,z20,z21,2.3,7.666666666666667,9.516666666666666
toy-0001547,815,z20,z12,5.142956348249516,17.143187827498387,17.57170965337363
toy-0001548,815,z11,z31,4.6,15.333333333333334,16.03333333333333
toy-0001549,815,z11,z32,5.142956348249516,17.143187827498387,17.57170965337363
toy-0001550,815,z31,z00,7.273238618387272,24.244128727957573,23.607509418763936
toy-0001551,815,z31,z20,3.2526911934581184,10.842303978193728,12.215958381464668
toy-0001552,815,z31,z11,4.6,15.333333333333334,16.03333333333333
toy-0001553,815,z31,z21,2.3,7.666666666666667,9.516666666666666
toy-0001554,815,z31,z32,2.3,7.666666666666667,9.516666666666666
toy-0001555,815,z12,z20,5.142956348249516,17.143187827498387,17.57170965337363
toy-0001556,815,z22,z31,3.2526911934581184,10.842303978193728,12.215958381464668
toy-0001557,815,z32,z01,7.273238618387272,24.244128727957573,23.607509418763936
toy-0001558,820,z00,z32,8.292767933567175,27.64255977855725,26.49617581177366
toy-0001559,820,z10,z12,4.6,15.333333333333334,16.03333333333333
toy-0001560,820,z20,z32,5.142956348249516,17.143187827498387,17.57170965337363
toy-0001561,820,z30,z21,3.2526911934581184,10.842303978193728,12.215958381464668
toy-0001562,820,z01,z32,7.273238618387272,24.244128727957573,23.607509418763936
toy-0001563,820,z21,z31,2.3,7.666666666666667,9.516666666666666
toy-0001564,820,z21,z32,3.2526911934581184,10.842303978193728,12.215958381464668
toy-0001565,820,z31,z22,3.2526911934581184,10.842303978193728,12.215958381464668
toy-0001566,820,z02,z00,4.6,15.333333333333334,16.03333333333333
toy-0001567,820,z12,z01,3.2526911934581184,10.842303978193728,12.215958381464668
toy-0001568,820,z22,z30,5.142956348249516,17.143187827498387,17.57170965337363
toy-0001569,820,z32,z21,3.2526911934581184,10.842303978193728,12.215958381464668
toy-0001570,820,z32,z31,2.3,7.666666666666667,9.516666666666666
toy-0001571,820,z32,z12,4.6,15.333333333333334,16.03333333333333
toy-0001572,825,z10,z31,5.142956348249516,17.143187827498387,17.57170965337363
toy-0001573,825,z11,z20,3.2526911934581184,10.842303978193728,12.215958381464668
toy-0001574,825,z11,z22,3.2526911934581184,10.842303978193728,12.215958381464668
toy-0001575,825,z21,z20,2.3,7.666666666666667,9.516666666666666
toy-0001576,825,z21,z01,4.6,15.333333333333334,16.03333333333333
toy-0001577,825,z31,z30,2.3,7.666666666666667,9.516666666666666
toy-0001578,825,z12,z11,2.3,7.666666666666667,9.516666666666666
toy-0001579,825,z12,z32,4.6,15.333333333333334,16.03333333333333
toy-0001580,825,z22,z11,3.2526911934581184,10.842303978193728,12.215958381464668
toy-0001581,825,z22,z21,2.3,7.666666666666667,9.516666666666666
toy-0001582,825,z32,z20,5.142956348249516,17.143187827498387,17.57170965337363
toy-0001583,830,z20,z22,4.6,15.333333333333334,16.03333333333333
toy-0001584,830,z30,z20,2.3,7.666666666666667,9.516666666666666
toy-0001585,830,z30,z31,2.3,7.666666666666667,9.516666666666666
toy-0001586,830,z30,z12,6.505382386916237,21.684607956387456,21.431916762929337
toy-0001587,830,z01,z31,6.8999999999999995,22.999999999999996,22.549999999999997
toy-0001588,830,z21,z22,2.3,7.666666666666667,9.516666666666666
toy-0001589,830,z31,z01,6.8999999999999995,22.999999999999996,22.549999999999997
toy-0001590,830,z31,z21,2.3,7.666666666666667,9.516666666666666
toy-0001591,830,z31,z32,2.3,7.666666666666667,9.516666666666666
toy-0001592,830,z12,z31,5.142956348249516,17.143187827498387,17.57170965337363
toy-0001593,830,z22,z31,3.2526911934581184,10.842303978193728,12.215958381464668
toy-0001594,830,z22,z32,2.3,7.666666666666667,9.516666666666666
toy-0001595,830,z32,z02,6.8999999999999995,22.999999999999996,22.549999999999997
toy-0001596,830,z32,z22,2.3,7.666666666666667,9.516666666666666
toy-0001597,835,z00,z21,5.142956348249516,17.143187827498387,17.57170965337363
toy-0001598,835,z10,z30,4.6,15.333333333333334,16.03333333333333
toy-0001599,835,z20,z31,3.2526911934581184,10.842303978193728,12.215958381464668
toy-0001600,835,z01,z00,2.3,7.666666666666667,9.516666666666666
toy-0001601,835,z11,z31,4.6,15.333333333333334,16.03333333333333
toy-0001602,835,z21,z31,2.3,7.666666666666667,9.516666666666666
toy-0001603,835,z21,z12,3.2526911934581184,10.842303978193728,12.215958381464668
toy-0001604,835,z31,z10,5.142956348249516,17.143187827498387,17.57170965337363
toy-0001605,835,z31,z20,3.2526911934581184,10.842303978193728,12.215958381464668
toy-0001606,835,z31,z11,4.6,15.333333333333334,16.03333333333333
toy-0001607,835,z31,z12,5.142956348249516,17.143187827498387,17.57170965337363
toy-0001608,835,z31,z22,3.2526911934581184,10.842303978193728,12.215958381464668
toy-0001609,835,z02,z11,3.2526911934581184,10.842303978193728,12.215958381464668
toy-0001610,835,z12,z21,3.2526911934581184,10.842303978193728,12.215958381464668
toy-0001611,835,z12,z22,2.3,7.666666666666667,9.516666666666666
toy-0001612,835,z22,z00,6.505382386916237,21.684607956387456,21.431916762929337
toy-0001613,835,z22,z20,4.6,15.333333333333334,16.03333333333333
toy-0001614,835,z32,z11,5.142956348249516,17.143187827498387,17.57170965337363
toy-0001615,835,z32,z21,3.2526911934581184,10.842303978193728,12.215958381464668
toy-0001616,835,z32,z31,2.3,7.666666666666667,9.516666666666666
toy-0001617,840,z00,z31,7.273238618387272,24.244128727957573,23.607509418763936
toy-0001618,840,z10,z22,5.142956348249516,17.143187827498387,17.57170965337363
toy-0001619,840,z11,z21,2.3,7.666666666666667,9.516666666666666
toy-0001620,840,z11,z32,5.142956348249516,17.143187827498387,17.57170965337363
toy-0001621,840,z21,z30,3.2526911934581184,10.842303978193728,12.215958381464668
toy-0001622,840,z21,z11,2.3,7.666666666666667,9.516666666666666
toy-0001623,840,z21,z32,3.2526911934581184,10.842303978193728,12.215958381464668
toy-0001624,840,z31,z32,2.3,7.666666666666667,9.516666666666666
toy-0001625,840,z22,z12,2.3,7.666666666666667,9.516666666666666
toy-0001626,840,z32,z10,6.505382386916237,21.684607956387456,21.431916762929337
toy-0001627,840,z32,z30,4.6,15.333333333333334,16.03333333333333
toy-0001628,845,z00,z11,3.2526911934581184,10.842303978193728,12.215958381464668
toy-0001629,845,z10,z21,3.2526911934581184,10.842303978193728,12.215958381464668
toy-0001630,845,z10,z32,6.505382386916237,21.684607956387456,21.431916762929337
toy-0001631,845,z20,z21,2.3,7.666666666666667,9.516666666666666
toy-0001632,845,z30,z32,4.6,15.333333333333334,16.03333333333333
toy-0001633,845,z01,z10,3.2526911934581184,10.842303978193728,12.215958381464668
toy-0001634,845,z01,z22,5.142956348249516,17.143187827498387,17.57170965337363
toy-0001635,845,z11,z02,3.2526911934581184,10.842303978193728,12.215958381464668
toy-0001636,845,z11,z12,2.3,7.666666666666667,9.516666666666666
toy-0001637,845,z31,z21,2.3,7.666666666666667,9.516666666666666
toy-0001638,845,z12,z10,4.6,15.333333333333334,16.03333333333333
toy-0001639,845,z12,z02,2.3,7.666666666666667,9.516666666666666
toy-0001640,845,z22,z31,3.2526911934581184,10.842303978193728,12.215958381464668
toy-0001641,845,z22,z02,4.6,15.333333333333334,16.03333333333333
toy-0001642,845,z32,z31,2.3,7.666666666666667,9.516666666666666
toy-0001643,850,z00,z10,2.3,7.666666666666667,9.516666666666666
toy-0001644,850,z20,z32,5.142956348249516,17.143187827498387,17.57170965337363
toy-0001645,850,z01,z20,5.142956348249516,17.143187827498387,17.57170965337363
toy-0001646,850,z11,z00,3.2526911934581184,10.842303978193728,12.215958381464668
toy-0001647,850,z11,z10,2.3,7.666666666666667,9.516666666666666
toy-0001648,850,z11,z01,2.3,7.666666666666667,9.516666666666666
toy-0001649,850,z21,z31,2.3,7.666666666666667,9.516666666666666
toy-0001650,850,z31,z02,7.273238618387272,24.244128727957573,23.607509418763936
toy-0001651,850,z02,z01,2.3,7.666666666666667,9.516666666666666
toy-0001652,850,z22,z21,2.3,7.666666666666667,9.516666666666666
toy-0001653,850,z22,z32,2.3,7.666666666666667,9.516666666666666
toy-0001654,850,z32,z22,2.3,7.666666666666667,9.516666666666666
toy-0001655,855,z20,z11,3.2526911934581184,10.842303978193728,12.215958381464668
toy-0001656,855,z20,z31,3.2526911934581184,10.842303978193728,12.215958381464668
toy-0001657,855,z30,z22,5.142956348249516,17.143187827498387,17.57170965337363
toy-0001658,855,z11,z30,5.142956348249516,17.143187827498387,17.57170965337363
toy-0001659,855,z11,z31,4.6,15.333333333333334,16.03333333333333
toy-0001660,855,z21,z10,3.2526911934581184,10.842303978193728,12.215958381464668
toy-0001661,855,z21,z20,2.3,7.666666666666667,9.516666666666666
toy-0001662,855,z21,z22,2.3,7.666666666666667,9.516666666666666
toy-0001663,855,z21,z32,3.2526911934581184,10.842303978193728,12.215958381464668
toy-0001664,855,z31,z20,3.2526911934581184,10.842303978193728,12.215958381464668
toy-0001665,855,z31,z11,4.6,15.333333333333334,16.03333333333333
toy-0001666,855,z31,z22,3.2526911934581184,10.842303978193728,12.215958381464668
toy-0001667,855,z31,z32,2.3,7.666666666666667,9.516666666666666
toy-0001668,855,z02,z31,7.273238618387272,24.244128727957573,23.607509418763936
toy-0001669,855,z02,z12,2.3,7.666666666666667,9.516666666666666
toy-0001670,855,z12,z31,5.142956348249516,17.143187827498387,17.57170965337363
toy-0001671,855,z22,z10,5.142956348249516,17.143187827498387,17.57170965337363
toy-0001672,855,z22,z11,3.2526911934581184,10.842303978193728,12.215958381464668
toy-0001673,855,z32,z20,5.142956348249516,17.143187827498387,17.57170965337363
toy-0001674,855,z32,z21,3.2526911934581184,10.842303978193728,12.215958381464668
toy-0001675,855,z32,z12,4.6,15.333333333333334,16.03333333333333
toy-0001676,860,z00,z30,6.8999999999999995,22.999999999999996,22.549999999999997
toy-0001677,860,z10,z31,5.142956348249516,17.143187827498387,17.57170965337363
toy-0001678,860,z30,z01,7.273238618387272,24.244128727957573,23.607509418763936
toy-0001679,860,z30,z11,5.142956348249516,17.143187827498387,17.57170965337363
toy-0001680,860,z01,z21,4.6,15.333333333333334,16.03333333333333
toy-0001681,860,z11,z22,3.2526911934581184,10.842303978193728,12.215958381464668
toy-0001682,860,z31,z00,7.273238618387272,24.244128727957573,23.607509418763936
toy-0001683,860,z31,z21,2.3,7.666666666666667,9.516666666666666
toy-0001684,860,z22,z31,3.2526911934581184,10.842303978193728,12.215958381464668
toy-0001685,860,z32,z11,5.142956348249516,17.143187827498387,17.57170965337363
toy-0001686,860,z32,z31,2.3,7.666666666666667,9.516666666666666
toy-0001687,865,z00,z02,4.6,15.333333333333334,16.03333333333333
toy-0001688,865,z20,z22,4.6,15.333333333333334,16.03333333333333
toy-0001689,865,z01,z31,6.8999999999999995,22.999999999999996,22.549999999999997
toy-0001690,865,z11,z32,5.142956348249516,17.143187827498387,17.57170965337363
toy-0001691,865,z21,z00,5.142956348249516,17.143187827498387,17.57170965337363
toy-0001692,865,z21,z31,2.3,7.666666666666667,9.516666666666666
toy-0001693,865,z31,z10,5.142956348249516,17.143187827498387,17.57170965337363
toy-0001694,865,z31,z30,2.3,7.666666666666667,9.516666666666666
toy-0001695,865,z31,z01,6.8999999999999995,22.999999999999996,22.549999999999997
toy-0001696,865,z31,z12,5.142956348249516,17.143187827498387,17.57170965337363
toy-0001697,865,z31,z32,2.3,7.666666666666667,9.516666666666666
toy-0001698,865,z02,z32,6.8999999999999995,22.999999999999996,22.549999999999997
toy-0001699,865,z12,z32,4.6,15.333333333333334,16.03333333333333
toy-0001700,865,z32,z01,7.273238618387272,24.244128727957573,23.607509418763936
toy-0001701,870,z00,z22,6.505382386916237,21.684607956387456,21.431916762929337
toy-0001702,870,z10,z20,2.3,7.666666666666667,9.516666666666666
toy-0001703,870,z10,z01,3.2526911934581184,10.842303978193728,12.215958381464668
toy-0001704,870,z01,z11,2.3,7.666666666666667,9.516666666666666
toy-0001705,870,z01,z32,7.273238618387272,24.244128727957573,23.607509418763936
toy-0001706,870,z11,z21,2.3,7.666666666666667,9.516666666666666
toy-0001707,870,z21,z11,2.3,7.666666666666667,9.516666666666666
toy-0001708,870,z31,z21,2.3,7.666666666666667,9.516666666666666
toy-0001709,870,z31,z22,3.2526911934581184,10.842303978193728,12.215958381464668
toy-0001710,870,z02,z21,5.142956348249516,17.143187827498387,17.57170965337363
toy-0001711,870,z22,z01,5.142956348249516,17.143187827498387,17.57170965337363
toy-0001712,870,z22,z32,2.3,7.666666666666667,9.516666666666666
toy-0001713,870,z32,z00,8.292767933567175,27.64255977855725,26.49617581177366
toy-0001714,870,z32,z31,2.3,7.666666666666667,9.516666666666666
toy-0001715,875,z10,z11,2.3,7.666666666666667,9.516666666666666
toy-0001716,875,z30,z31,2.3,7.666666666666667,9.516666666666666
toy-0001717,875,z01,z12,3.2526911934581184,10.842303978193728,12.215958381464668
toy-0001718,875,z11,z20,3.2526911934581184,10.842303978193728,12.215958381464668
toy-0001719,875,z11,z31,4.6,15.333333333333334,16.03333333333333
toy-0001720,875,z21,z22,2.3,7.666666666666667,9.516666666666666
toy-0001721,875,z21,z32,3.2526911934581184,10.842303978193728,12.215958381464668
toy-0001722,875,z31,z11,4.6,15.333333333333334,16.03333333333333
toy-0001723,875,z12,z21,3.2526911934581184,10.842303978193728,12.215958381464668
toy-0001724,875,z22,z20,4.6,15.333333333333334,16.03333333333333
toy-0001725,875,z22,z21,2.3,7.666666666666667,9.516666666666666
toy-0001726,875,z32,z21,3.2526911934581184,10.842303978193728,12.215958381464668
toy-0001727,875,z32,z22,2.3,7.666666666666667,9.516666666666666
toy-0001728,880,z20,z21,2.3,7.666666666666667,9.516666666666666
toy-0001729,880,z20,z31,3.2526911934581184,10.842303978193728,12.215958381464668
toy-0001730,880,z20,z02,6.505382386916237,21.684607956387456,21.431916762929337
toy-0001731,880,z20,z12,5.142956348249516,17.143187827498387,17.57170965337363
toy-0001732,880,z20,z32,5.142956348249516,17.143187827498387,17.57170965337363
toy-0001733,880,z30,z21,3.2526911934581184,10.842303978193728,12.215958381464668
toy-0001734,880,z21,z01,4.6,15.333333333333334,16.03333333333333
toy-0001735,880,z21,z31,2.3,7.666666666666667,9.516666666666666
toy-0001736,880,z21,z12,3.2526911934581184,10.842303978193728,12.215958381464668
toy-0001737,880,z31,z20,3.2526911934581184,10.842303978193728,12.215958381464668
toy-0001738,880,z31,z32,2.3,7.666666666666667,9.516666666666666
toy-0001739,880,z12,z20,5.142956348249516,17.143187827498387,17.57170965337363
toy-0001740,880,z12,z22,2.3,7.666666666666667,9.516666666666666
toy-0001741,880,z22,z31,3.2526911934581184,10.842303978193728,12.215958381464668
toy-0001742,880,z32,z10,6.505382386916237,21.684607956387456,21.431916762929337
toy-0001743,885,z00,z31,7.273238618387272,24.244128727957573,23.607509418763936
toy-0001744,885,z00,z32,8.292767933567175,27.64255977855725,26.49617581177366
toy-0001745,885,z10,z32,6.505382386916237,21.684607956387456,21.431916762929337
toy-0001746,885,z20,z00,4.6,15.333333333333334,16.03333333333333
toy-0001747,885,z20,z10,2.3,7.666666666666667,9.516666666666666
toy-0001748,885,z20,z01,5.142956348249516,17.143187827498387,17.57170965337363
toy-0001749,885,z31,z21,2.3,7.666666666666667,9.516666666666666
toy-0001750,885,z31,z22,3.2526911934581184,10.842303978193728,12.215958381464668
toy-0001751,885,z12,z11,2.3,7.666666666666667,9.516666666666666
toy-0001752,885,z12,z31,5.142956348249516,17.143187827498387,17.57170965337363
toy-0001753,885,z22,z12,2.3,7.666666666666667,9.516666666666666
toy-0001754,885,z32,z20,5.142956348249516,17.143187827498387,17.57170965337363
toy-0001755,885,z32,z11,5.142956348249516,17.143187827498387,17.57170965337363
toy-0001756,885,z32,z31,2.3,7.666666666666667,9.516666666666666
toy-0001757,890,z10,z21,3.2526911934581184,10.842303978193728,12.215958381464668
toy-0001758,890,z10,z31,5.142956348249516,17.143187827498387,17.57170965337363
toy-0001759,890,z10,z22,5.142956348249516,17.143187827498387,17.57170965337363
toy-0001760,890,z20,z30,2.3,7.666666666666667,9.516666666666666
toy-0001761,890,z21,z20,2.3,7.666666666666667,9.516666666666666
toy-0001762,890,z21,z02,5.142956348249516,17.143187827498387,17.57170965337363
toy-0001763,890,z31,z32,2.3,7.666666666666667,9.516666666666666
toy-0001764,890,z12,z00,5.142956348249516,17.143187827498387,17.57170965337363
toy-0001765,890,z22,z30,5.142956348249516,17.143187827498387,17.57170965337363
toy-0001766,890,z22,z11,3.2526911934581184,10.842303978193728,12.215958381464668
toy-0001767,895,z01,z30,7.273238618387272,24.244128727957573,23.607509418763936
toy-0001768,895,z11,z22,3.2526911934581184,10.842303978193728,12.215958381464668
toy-0001769,895,z11,z32,5.142956348249516,17.143187827498387,17.57170965337363
toy-0001770,895,z21,z31,2.3,7.666666666666667,9.516666666666666
toy-0001771,895,z21,z32,3.2526911934581184,10.842303978193728,12.215958381464668
toy-0001772,895,z31,z11,4.6,15.333333333333334,16.03333333333333
toy-0001773,895,z31,z12,5.142956348249516,17.143187827498387,17.57170965337363
toy-0001774,895,z02,z22,4.6,15.333333333333334,16.03333333333333
toy-0001775,895,z22,z31,3.2526911934581184,10.842303978193728,12.215958381464668
toy-0001776,895,z22,z32,2.3,7.666666666666667,9.516666666666666
toy-0001777,895,z32,z30,4.6,15.333333333333334,16.03333333333333
toy-0001778,895,z32,z21,3.2526911934581184,10.842303978193728,12.215958381464668
toy-0001779,895,z32,z31,2.3,7.666666666666667,9.516666666666666
toy-0001780,895,z32,z12,4.6,15.333333333333334,16.03333333333333
toy-0001781,895,z32,z22,2.3,7.666666666666667,9.516666666666666
toy-0001782,900,z10,z02,5.142956348249516,17.143187827498387,17.57170965337363
toy-0001783,900,z20,z31,3.2526911934581184,10.842303978193728,12.215958381464668
toy-0001784,900,z20,z22,4.6,15.333333333333334,16.03333333333333
toy-0001785,900,z30,z00,6.8999999999999995,22.999999999999996,22.549999999999997
toy-0001786,900,z30,z32,4.6,15.333333333333334,16.03333333333333
toy-0001787,900,z01,z31,6.8999999999999995,22.999999999999996,22.549999999999997
toy-0001788,900,z11,z21,2.3,7.666666666666667,9.516666666666666
toy-0001789,900,z11,z31,4.6,15.333333333333334,16.03333333333333
toy-0001790,900,z21,z11,2.3,7.666666666666667,9.516666666666666
toy-0001791,900,z21,z22,2.3,7.666666666666667,9.516666666666666
toy-0001792,900,z31,z10,5.142956348249516,17.143187827498387,17.57170965337363
toy-0001793,900,z31,z20,3.2526911934581184,10.842303978193728,12.215958381464668
toy-0001794,900,z31,z21,2.3,7.666666666666667,9.516666666666666
toy-0001795,900,z31,z22,3.2526911934581184,10.842303978193728,12.215958381464668
toy-0001796,900,z12,z32,4.6,15.333333333333334,16.03333333333333
toy-0001797,900,z22,z21,2.3,7.666666666666667,9.516666666666666
toy-0001798,905,z20,z11,3.2526911934581184,10.842303978193728,12.215958381464668
toy-0001799,905,z20,z32,5.142956348249516,17.143187827498387,17.57170965337363
toy-0001800,905,z01,z22,5.142956348249516,17.143187827498387,17.57170965337363
toy-0001801,905,z11,z12,2.3,7.666666666666667,9.516666666666666
toy-0001802,905,z21,z10,3.2526911934581184,10.842303978193728,12.215958381464668
toy-0001803,905,z21,z30,3.2526911934581184,10.842303978193728,12.215958381464668
toy-0001804,905,z31,z00,7.273238618387272,24.244128727957573,23.607509418763936
toy-0001805,905,z31,z30,2.3,7.666666666666667,9.516666666666666
toy-0001806,905,z31,z01,6.8999999999999995,22.999999999999996,22.549999999999997
toy-0001807,905,z31,z02,7.273238618387272,24.244128727957573,23.607509418763936
toy-0001808,905,z31,z32,2.3,7.666666666666667,9.516666666666666
toy-0001809,905,z22,z10,5.142956348249516,17.143187827498387,17.57170965337363
toy-0001810,905,z32,z31,2.3,7.666666666666667,9.516666666666666
toy-0001811,905,z32,z02,6.8999999999999995,22.999999999999996,22.549999999999997
toy-0001812,910,z00,z21,5.142956348249516,17.143187827498387,17.57170965337363
toy-0001813,910,z00,z12,5.142956348249516,17.143187827498387,17.57170965337363
toy-0001814,910,z20,z21,2.3,7.666666666666667,9.516666666666666
toy-0001815,910,z30,z10,4.6,15.333333333333334,16.03333333333333
toy-0001816,910,z30,z31,2.3,7.666666666666667,9.516666666666666
toy-0001817,910,z01,z21,4.6,15.333333333333334,16.03333333333333
toy-0001818,910,z21,z31,2.3,7.666666666666667,9.516666666666666
toy-0001819,910,z21,z32,3.2526911934581184,10.842303978193728,12.215958381464668
toy-0001820,910,z02,z20,6.505382386916237,21.684607956387456,21.431916762929337
toy-0001821,910,z02,z31,7.273238618387272,24.244128727957573,23.607509418763936
toy-0001822,910,z12,z30,6.505382386916237,21.684607956387456,21.431916762929337
toy-0001823,910,z12,z31,5.142956348249516,17.143187827498387,17.57170965337363
toy-0001824,910,z22,z00,6.505382386916237,21.684607956387456,21.431916762929337
toy-0001825,910,z22,z20,4.6,15.333333333333334,16.03333333333333
toy-0001826,910,z22,z31,3.2526911934581184,10.842303978193728,12.215958381464668
toy-0001827,910,z22,z32,2.3,7.666666666666667,9.516666666666666
toy-0001828,910,z32,z20,5.142956348249516,17.143187827498387,17.57170965337363
toy-0001829,910,z32,z01,7.273238618387272,24.244128727957573,23.607509418763936
toy-0001830,910,z32,z11,5.142956348249516,17.143187827498387,17.57170965337363
toy-0001831,910,z32,z21,3.2526911934581184,10.842303978193728,12.215958381464668
toy-0001832,915,z00,z20,4.6,15.333333333333334,16.03333333333333
toy-0001833,915,z10,z12,4.6,15.333333333333334,16.03333333333333
toy-0001834,915,z01,z32,7.273238618387272,24.244128727957573,23.607509418763936
toy-0001835,915,z11,z10,2.3,7.666666666666667,9.516666666666666
toy-0001836,915,z11,z31,4.6,15.333333333333334,16.03333333333333
toy-0001837,915,z11,z32,5.142956348249516,17.143187827498387,17.57170965337363
toy-0001838,915,z31,z11,4.6,15.333333333333334,16.03333333333333
toy-0001839,915,z31,z21,2.3,7.666666666666667,9.516666666666666
toy-0001840,915,z31,z22,3.2526911934581184,10.842303978193728,12.215958381464668
toy-0001841,915,z31,z32,2.3,7.666666666666667,9.516666666666666
toy-0001842,915,z12,z21,3.2526911934581184,10.842303978193728,12.215958381464668
toy-0001843,915,z32,z22,2.3,7.666666666666667,9.516666666666666
toy-0001844,920,z10,z31,5.142956348249516,17.143187827498387,17.57170965337363
toy-0001845,920,z20,z31,3.2526911934581184,10.842303978193728,12.215958381464668
toy-0001846,920,z30,z22,5.142956348249516,17.143187827498387,17.57170965337363
toy-0001847,920,z11,z20,3.2526911934581184,10.842303978193728,12.215958381464668
toy-0001848,920,z21,z20,2.3,7.666666666666667,9.516666666666666
toy-0001849,920,z21,z31,2.3,7.666666666666667,9.516666666666666
toy-0001850,920,z21,z12,3.2526911934581184,10.842303978193728,12.215958381464668
toy-0001851,920,z21,z22,2.3,7.666666666666667,9.516666666666666
toy-0001852,920,z31,z20,3.2526911934581184,10.842303978193728,12.215958381464668
toy-0001853,920,z31,z12,5.142956348249516,17.143187827498387,17.57170965337363
toy-0001854,920,z22,z11,3.2526911934581184,10.842303978193728,12.215958381464668
toy-0001855,920,z22,z21,2.3,7.666666666666667,9.516666666666666
toy-0001856,920,z32,z10,6.505382386916237,21.684607956387456,21.431916762929337
toy-0001857,920,z32,z31,2.3,7.666666666666667,9.516666666666666
toy-0001858,925,z10,z32,6.505382386916237,21.684607956387456,21.431916762929337
toy-0001859,925,z30,z20,2.3,7.666666666666667,9.516666666666666
toy-0001860,925,z11,z01,2.3,7.666666666666667,9.516666666666666
toy-0001861,925,z11,z22,3.2526911934581184,10.842303978193728,12.215958381464668
toy-0001862,925,z31,z10,5.142956348249516,17.143187827498387,17.57170965337363
toy-0001863,925,z31,z21,2.3,7.666666666666667,9.516666666666666
toy-0001864,925,z31,z32,2.3,7.666666666666667,9.516666666666666
toy-0001865,925,z12,z01,3.2526911934581184,10.842303978193728,12.215958381464668
toy-0001866,925,z12,z22,2.3,7.666666666666667,9.516666666666666
toy-0001867,925,z22,z01,5.142956348249516,17.143187827498387,17.57170965337363
toy-0001868,925,z22,z31,3.2526911934581184,10.842303978193728,12.215958381464668
toy-0001869,925,z32,z00,8.292767933567175,27.64255977855725,26.49617581177366
toy-0001870,925,z32,z21,3.2526911934581184,10.842303978193728,12.215958381464668
toy-0001871,925,z32,z12,4.6,15.333333333333334,16.03333333333333
toy-0001872,930,z00,z31,7.273238618387272,24.244128727957573,23.607509418763936
toy-0001873,930,z01,z20,5.142956348249516,17.143187827498387,17.57170965337363
toy-0001874,930,z01,z31,6.8999999999999995,22.999999999999996,22.549999999999997
toy-0001875,930,z11,z21,2.3,7.666666666666667,9.516666666666666
toy-0001876,930,z21,z00,5.142956348249516,17.143187827498387,17.57170965337363
toy-0001877,930,z21,z01,4.6,15.333333333333334,16.03333333333333
toy-0001878,930,z21,z11,2.3,7.666666666666667,9.516666666666666
toy-0001879,930,z21,z32,3.2526911934581184,10.842303978193728,12.215958381464668
toy-0001880,930,z31,z11,4.6,15.333333333333334,16.03333333333333
toy-0001881,930,z31,z22,3.2526911934581184,10.842303978193728,12.215958381464668
toy-0001882,930,z22,z12,2.3,7.666666666666667,9.516666666666666
toy-0001883,930,z22,z32,2.3,7.666666666666667,9.516666666666666
toy-0001884,930,z32,z31,2.3,7.666666666666667,9.516666666666666
toy-0001885,930,z32,z22,2.3,7.666666666666667,9.516666666666666
toy-0001886,935,z10,z20,2.3,7.666666666666667,9.516666666666666
toy-0001887,935,z10,z21,3.2526911934581184,10.842303978193728,12.215958381464668
toy-0001888,935,z20,z22,4.6,15.333333333333334,16.03333333333333
toy-0001889,935,z20,z32,5.142956348249516,17.143187827498387,17.57170965337363
toy-0001890,935,z30,z21,3.2526911934581184,10.842303978193728,12.215958381464668
toy-0001891,935,z11,z30,5.142956348249516,17.143187827498387,17.57170965337363
toy-0001892,935,z11,z31,4.6,15.333333333333334,16.03333333333333
toy-0001893,935,z21,z31,2.3,7.666666666666667,9.516666666666666
toy-0001894,935,z31,z01,6.8999999999999995,22.999999999999996,22.549999999999997
toy-0001895,935,z31,z32,2.3,7.666666666666667,9.516666666666666
toy-0001896,935,z02,z32,6.8999999999999995,22.999999999999996,22.549999999999997
toy-0001897,935,z12,z10,4.6,15.333333333333334,16.03333333333333
toy-0001898,935,z12,z32,4.6,15.333333333333334,16.03333333333333
toy-0001899,935,z22,z31,3.2526911934581184,10.842303978193728,12.215958381464668
toy-0001900,935,z22,z02,4.6,15.333333333333334,16.03333333333333
toy-0001901,935,z32,z20,5.142956348249516,17.143187827498387,17.57170965337363
toy-0001902,935,z32,z11,5.142956348249516,17.143187827498387,17.57170965337363
toy-0001903,940,z00,z01,2.3,7.666666666666667,9.516666666666666
toy-0001904,940,z00,z32,8.292767933567175,27.64255977855725,26.49617581177366
toy-0001905,940,z10,z00,2.3,7.666666666666667,9.516666666666666
toy-0001906,940,z10,z11,2.3,7.666666666666667,9.516666666666666
toy-0001907,940,z10,z22,5.142956348249516,17.143187827498387,17.57170965337363
toy-0001908,940,z20,z21,2.3,7.666666666666667,9.516666666666666
toy-0001909,940,z20,z31,3.2526911934581184,10.842303978193728,12.215958381464668
toy-0001910,940,z20,z12,5.142956348249516,17.143187827498387,17.57170965337363
toy-0001911,940,z30,z11,5.142956348249516,17.143187827498387,17.57170965337363
toy-0001912,940,z01,z11,2.3,7.666666666666667,9.516666666666666
toy-0001913,940,z11,z32,5.142956348249516,17.143187827498387,17.57170965337363
toy-0001914,940,z31,z20,3.2526911934581184,10.842303978193728,12.215958381464668
toy-0001915,940,z31,z30,2.3,7.666666666666667,9.516666666666666
toy-0001916,940,z31,z21,2.3,7.666666666666667,9.516666666666666
toy-0001917,940,z12,z20,5.142956348249516,17.143187827498387,17.57170965337363
toy-0001918,940,z12,z11,2.3,7.666666666666667,9.516666666666666
toy-0001919,940,z12,z31,5.142956348249516,17.143187827498387,17.57170965337363
toy-0001920,940,z22,z20,4.6,15.333333333333334,16.03333333333333
toy-0001921,940,z22,z21,2.3,7.666666666666667,9.516666666666666
toy-0001922,940,z32,z30,4.6,15.333333333333334,16.03333333333333
toy-0001923,940,z32,z31,2.3,7.666666666666667,9.516666666666666
toy-0001924,945,z00,z11,3.2526911934581184,10.842303978193728,12.215958381464668
toy-0001925,945,z00,z22,6.505382386916237,21.684607956387456,21.431916762929337
toy-0001926,945,z20,z11,3.2526911934581184,10.842303978193728,12.215958381464668
toy-0001927,945,z30,z12,6.505382386916237,21.684607956387456,21.431916762929337
toy-0001928,945,z21,z10,3.2526911934581184,10.842303978193728,12.215958381464668
toy-0001929,945,z21,z31,2.3,7.666666666666667,9.516666666666666
toy-0001930,945,z21,z22,2.3,7.666666666666667,9.516666666666666
toy-0001931,945,z21,z32,3.2526911934581184,10.842303978193728,12.215958381464668
toy-0001932,945,z31,z12,5.142956348249516,17.143187827498387,17.57170965337363
toy-0001933,945,z31,z22,3.2526911934581184,10.842303978193728,12.215958381464668
toy-0001934,945,z31,z32,2.3,7.666666666666667,9.516666666666666
toy-0001935,945,z02,z10,5.142956348249516,17.143187827498387,17.57170965337363
toy-0001936,945,z32,z21,3.2526911934581184,10.842303978193728,12.215958381464668
toy-0001937,950,z10,z31,5.142956348249516,17.143187827498387,17.57170965337363
toy-0001938,950,z20,z10,2.3,7.666666666666667,9.516666666666666
toy-0001939,950,z30,z31,2.3,7.666666666666667,9.516666666666666
toy-0001940,950,z30,z32,4.6,15.333333333333334,16.03333333333333
toy-0001941,950,z01,z02,2.3,7.666666666666667,9.516666666666666
toy-0001942,950,z11,z00,3.2526911934581184,10.842303978193728,12.215958381464668
toy-0001943,950,z11,z31,4.6,15.333333333333334,16.03333333333333
toy-0001944,950,z21,z20,2.3,7.666666666666667,9.516666666666666
toy-0001945,950,z31,z00,7.273238618387272,24.244128727957573,23.607509418763936
toy-0001946,950,z31,z11,4.6,15.333333333333334,16.03333333333333
toy-0001947,950,z31,z21,2.3,7.666666666666667,9.516666666666666
toy-0001948,950,z02,z11,3.2526911934581184,10.842303978193728,12.215958381464668
toy-0001949,950,z02,z21,5.142956348249516,17.143187827498387,17.57170965337363
toy-0001950,950,z22,z30,5.142956348249516,17.143187827498387,17.57170965337363
toy-0001951,950,z22,z11,3.2526911934581184,10.842303978193728,12.215958381464668
toy-0001952,950,z22,z31,3.2526911934581184,10.842303978193728,12.215958381464668
toy-0001953,950,z22,z32,2.3,7.666666666666667,9.516666666666666
toy-0001954,950,z32,z01,7.273238618387272,24.244128727957573,23.607509418763936
toy-0001955,950,z32,z31,2.3,7.666666666666667,9.516666666666666
toy-0001956,950,z32,z22,2.3,7.666666666666667,9.516666666666666
toy-0001957,955,z01,z10,3.2526911934581184,10.842303978193728,12.215958381464668
toy-0001958,955,z01,z22,5.142956348249516,17.143187827498387,17.57170965337363
toy-0001959,955,z01,z32,7.273238618387272,24.244128727957573,23.607509418763936
toy-0001960,955,z11,z21,2.3,7.666666666666667,9.516666666666666
toy-0001961,955,z11,z22,3.2526911934581184,10.842303978193728,12.215958381464668
toy-0001962,955,z21,z30,3.2526911934581184,10.842303978193728,12.215958381464668
toy-0001963,955,z21,z11,2.3,7.666666666666667,9.516666666666666
toy-0001964,955,z31,z10,5.142956348249516,17.143187827498387,17.57170965337363
toy-0001965,955,z31,z22,3.2526911934581184,10.842303978193728,12.215958381464668
toy-0001966,955,z02,z30,8.292767933567175,27.64255977855725,26.49617581177366
toy-0001967,955,z12,z21,3.2526911934581184,10.842303978193728,12.215958381464668
toy-0001968,955,z22,z10,5.142956348249516,17.143187827498387,17.57170965337363
toy-0001969,955,z32,z10,6.505382386916237,21.684607956387456,21.431916762929337
toy-0001970,960,z10,z30,4.6,15.333333333333334,16.03333333333333
toy-0001971,960,z10,z32,6.505382386916237,21.684607956387456,21.431916762929337
toy-0001972,960,z20,z01,5.142956348249516,17.143187827498387,17.57170965337363
toy-0001973,960,z20,z31,3.2526911934581184,10.842303978193728,12.215958381464668
toy-0001974,960,z20,z32,5.142956348249516,17.143187827498387,17.57170965337363
toy-0001975,960,z01,z21,4.6,15.333333333333334,16.03333333333333
toy-0001976,960,z11,z20,3.2526911934581184,10.842303978193728,12.215958381464668
toy-0001977,960,z11,z02,3.2526911934581184,10.842303978193728,12.215958381464668
toy-0001978,960,z11,z12,2.3,7.666666666666667,9.516666666666666
toy-0001979,960,z21,z31,2.3,7.666666666666667,9.516666666666666
toy-0001980,960,z21,z02,5.142956348249516,17.143187827498387,17.57170965337363
toy-0001981,960,z21,z12,3.2526911934581184,10.842303978193728,12.215958381464668
toy-0001982,960,z21,z22,2.3,7.666666666666667,9.516666666666666
toy-0001983,960,z21,z32,3.2526911934581184,10.842303978193728,12.215958381464668
toy-0001984,960,z31,z20,3.2526911934581184,10.842303978193728,12.215958381464668
toy-0001985,960,z31,z01,6.8999999999999995,22.999999999999996,22.549999999999997
toy-0001986,960,z31,z21,2.3,7.666666666666667,9.516666666666666
toy-0001987,960,z31,z02,7.273238618387272,24.244128727957573,23.607509418763936
toy-0001988,960,z31,z32,2.3,7.666666666666667,9.516666666666666
toy-0001989,960,z22,z21,2.3,7.666666666666667,9.516666666666666
toy-0001990,960,z32,z20,5.142956348249516,17.143187827498387,17.57170965337363
toy-0001991,960,z32,z11,5.142956348249516,17.143187827498387,17.57170965337363
toy-0001992,960,z32,z21,3.2526911934581184,10.842303978193728,12.215958381464668
toy-0001993,960,z32,z31,2.3,7.666666666666667,9.516666666666666
toy-0001994,960,z32,z02,6.8999999999999995,22.999999999999996,22.549999999999997
toy-0001995,960,z32,z12,4.6,15.333333333333334,16.03333333333333
toy-0001996,965,z20,z30,2.3,7.666666666666667,9.516666666666666
toy-0001997,965,z20,z22,4.6,15.333333333333334,16.03333333333333
toy-0001998,965,z01,z31,6.8999999999999995,22.999999999999996,22.549999999999997
toy-0001999,965,z11,z32,5.142956348249516,17.143187827498387,17.57170965337363
toy-0002000,965,z21,z01,4.6,15.333333333333334,16.03333333333333
toy-0002001,965,z31,z30,2.3,7.666666666666667,9.516666666666666
toy-0002002,965,z31,z11,4.6,15.333333333333334,16.03333333333333
toy-0002003,965,z31,z12,5.142956348249516,17.143187827498387,17.57170965337363
toy-0002004,965,z31,z22,3.2526911934581184,10.842303978193728,12.215958381464668
toy-0002005,965,z31,z32,2.3,7.666666666666667,9.516666666666666
toy-0002006,965,z02,z31,7.273238618387272,24.244128727957573,23.607509418763936
toy-0002007,965,z12,z31,5.142956348249516,17.143187827498387,17.57170965337363
toy-0002008,965,z22,z31,3.2526911934581184,10.842303978193728,12.215958381464668
toy-0002009,965,z22,z12,2.3,7.666666666666667,9.516666666666666
toy-0002010,965,z22,z32,2.3,7.666666666666667,9.516666666666666
toy-0002011,965,z32,z00,8.292767933567175,27.64255977855725,26.49617581177366
toy-0002012,965,z32,z22,2.3,7.666666666666667,9.516666666666666
toy-0002013,970,z20,z21,2.3,7.666666666666667,9.516666666666666
toy-0002014,970,z11,z10,2.3,7.666666666666667,9.516666666666666
toy-0002015,970,z11,z31,4.6,15.333333333333334,16.03333333333333
toy-0002016,970,z21,z20,2.3,7.666666666666667,9.516666666666666
toy-0002017,970,z21,z31,2.3,7.666666666666667,9.516666666666666
toy-0002018,970,z31,z00,7.273238618387272,24.244128727957573,23.607509418763936
toy-0002019,970,z31,z10,5.142956348249516,17.143187827498387,17.57170965337363
toy-0002020,970,z31,z20,3.2526911934581184,10.842303978193728,12.215958381464668
toy-0002021,970,z31,z11,4.6,15.333333333333334,16.03333333333333
toy-0002022,970,z31,z21,2.3,7.666666666666667,9.516666666666666
toy-0002023,970,z12,z22,2.3,7.666666666666667,9.516666666666666
toy-0002024,970,z12,z32,4.6,15.333333333333334,16.03333333333333
toy-0002025,970,z22,z00,6.505382386916237,21.684607956387456,21.431916762929337
toy-0002026,970,z22,z20,4.6,15.333333333333334,16.03333333333333
toy-0002027,970,z22,z01,5.142956348249516,17.143187827498387,17.57170965337363
toy-0002028,970,z32,z30,4.6,15.333333333333334,16.03333333333333
toy-0002029,970,z32,z21,3.2526911934581184,10.842303978193728,12.215958381464668
toy-0002030,970,z32,z31,2.3,7.666666666666667,9.516666666666666
toy-0002031,975,z10,z01,3.2526911934581184,10.842303978193728,12.215958381464668
toy-0002032,975,z20,z00,4.6,15.333333333333334,16.03333333333333
toy-0002033,975,z01,z12,3.2526911934581184,10.842303978193728,12.215958381464668
toy-0002034,975,z21,z00,5.142956348249516,17.143187827498387,17.57170965337363
toy-0002035,975,z21,z10,3.2526911934581184,10.842303978193728,12.215958381464668
toy-0002036,975,z21,z11,2.3,7.666666666666667,9.516666666666666
toy-0002037,975,z21,z32,3.2526911934581184,10.842303978193728,12.215958381464668
toy-0002038,975,z31,z01,6.8999999999999995,22.999999999999996,22.549999999999997
toy-0002039,975,z31,z21,2.3,7.666666666666667,9.516666666666666
toy-0002040,975,z31,z02,7.273238618387272,24.244128727957573,23.607509418763936
toy-0002041,975,z31,z12,5.142956348249516,17.143187827498387,17.57170965337363
toy-0002042,975,z31,z22,3.2526911934581184,10.842303978193728,12.215958381464668
toy-0002043,975,z31,z32,2.3,7.666666666666667,9.516666666666666
toy-0002044,975,z22,z11,3.2526911934581184,10.842303978193728,12.215958381464668
toy-0002045,975,z32,z10,6.505382386916237,21.684607956387456,21.431916762929337
toy-0002046,975,z32,z20,5.142956348249516,17.143187827498387,17.57170965337363
toy-0002047,975,z32,z01,7.273238618387272,24.244128727957573,23.607509418763936
toy-0002048,975,z32,z11,5.142956348249516,17.143187827498387,17.57170965337363
toy-0002049,975,z32,z12,4.6,15.333333333333334,16.03333333333333
toy-0002050,980,z00,z21,5.142956348249516,17.143187827498387,17.57170965337363
toy-0002051,980,z10,z21,3.2526911934581184,10.842303978193728,12.215958381464668
toy-0002052,980,z20,z11,3.2526911934581184,10.842303978193728,12.215958381464668
toy-0002053,980,z20,z02,6.505382386916237,21.684607956387456,21.431916762929337
toy-0002054,980,z11,z01,2.3,7.666666666666667,9.516666666666666
toy-0002055,980,z21,z12,3.2526911934581184,10.842303978193728,12.215958381464668
toy-0002056,980,z21,z22,2.3,7.666666666666667,9.516666666666666
toy-0002057,980,z31,z10,5.142956348249516,17.143187827498387,17.57170965337363
toy-0002058,980,z31,z20,3.2526911934581184,10.842303978193728,12.215958381464668
toy-0002059,980,z31,z30,2.3,7.666666666666667,9.516666666666666
toy-0002060,980,z31,z11,4.6,15.333333333333334,16.03333333333333
toy-0002061,980,z31,z32,2.3,7.666666666666667,9.516666666666666
toy-0002062,980,z22,z10,5.142956348249516,17.143187827498387,17.57170965337363
toy-0002063,980,z22,z21,2.3,7.666666666666667,9.516666666666666
toy-0002064,980,z22,z31,3.2526911934581184,10.842303978193728,12.215958381464668
toy-0002065,980,z32,z31,2.3,7.666666666666667,9.516666666666666
toy-0002066,980,z32,z22,2.3,7.666666666666667,9.516666666666666
toy-0002067,985,z20,z31,3.2526911934581184,10.842303978193728,12.215958381464668
toy-0002068,985,z20,z32,5.142956348249516,17.143187827498387,17.57170965337363
toy-0002069,985,z11,z21,2.3,7.666666666666667,9.516666666666666
toy-0002070,985,z11,z22,3.2526911934581184,10.842303978193728,12.215958381464668
toy-0002071,985,z21,z30,3.2526911934581184,10.842303978193728,12.215958381464668
toy-0002072,985,z21,z31,2.3,7.666666666666667,9.516666666666666
toy-0002073,985,z31,z00,7.273238618387272,24.244128727957573,23.607509418763936
toy-0002074,985,z31,z01,6.8999999999999995,22.999999999999996,22.549999999999997
toy-0002075,985,z31,z21,2.3,7.666666666666667,9.516666666666666
toy-0002076,985,z31,z12,5.142956348249516,17.143187827498387,17.57170965337363
toy-0002077,985,z31,z22,3.2526911934581184,10.842303978193728,12.215958381464668
toy-0002078,985,z12,z02,2.3,7.666666666666667,9.516666666666666
toy-0002079,985,z22,z30,5.142956348249516,17.143187827498387,17.57170965337363
toy-0002080,985,z22,z02,4.6,15.333333333333334,16.03333333333333
toy-0002081,985,z22,z32,2.3,7.666666666666667,9.516666666666666
toy-0002082,985,z32,z21,3.2526911934581184,10.842303978193728,12.215958381464668
toy-0002083,985,z32,z02,6.8999999999999995,22.999999999999996,22.549999999999997
toy-0002084,990,z00,z31,7.273238618387272,24.244128727957573,23.607509418763936
toy-0002085,990,z10,z31,5.142956348249516,17.143187827498387,17.57170965337363
toy-0002086,990,z20,z12,5.142956348249516,17.143187827498387,17.57170965337363
toy-0002087,990,z30,z22,5.142956348249516,17.143187827498387,17.57170965337363
toy-0002088,990,z01,z00,2.3,7.666666666666667,9.516666666666666
toy-0002089,990,z11,z30,5.142956348249516,17.143187827498387,17.57170965337363
toy-0002090,990,z11,z32,5.142956348249516,17.143187827498387,17.57170965337363
toy-0002091,990,z21,z20,2.3,7.666666666666667,9.516666666666666
toy-0002092,990,z21,z01,4.6,15.333333333333334,16.03333333333333
toy-0002093,990,z21,z11,2.3,7.666666666666667,9.516666666666666
toy-0002094,990,z21,z02,5.142956348249516,17.143187827498387,17.57170965337363
toy-0002095,990,z21,z32,3.2526911934581184,10.842303978193728,12.215958381464668
toy-0002096,990,z31,z10,5.142956348249516,17.143187827498387,17.57170965337363
toy-0002097,990,z31,z20,3.2526911934581184,10.842303978193728,12.215958381464668
toy-0002098,990,z31,z30,2.3,7.666666666666667,9.516666666666666
toy-0002099,990,z31,z11,4.6,15.333333333333334,16.03333333333333
toy-0002100,990,z31,z02,7.273238618387272,24.244128727957573,23.607509418763936
toy-0002101,990,z31,z22,3.2526911934581184,10.842303978193728,12.215958381464668
toy-0002102,990,z31,z32,2.3,7.666666666666667,9.516666666666666
toy-0002103,990,z22,z20,4.6,15.333333333333334,16.03333333333333
toy-0002104,990,z22,z12,2.3,7.666666666666667,9.516666666666666
toy-0002105,990,z32,z00,8.292767933567175,27.64255977855725,26.49617581177366
toy-0002106,990,z32,z20,5.142956348249516,17.143187827498387,17.57170965337363
toy-0002107,990,z32,z30,4.6,15.333333333333334,16.03333333333333
toy-0002108,990,z32,z11,5.142956348249516,17.143187827498387,17.57170965337363
toy-0002109,990,z32,z31,2.3,7.666666666666667,9.516666666666666
toy-0002110,990,z32,z22,2.3,7.666666666666667,9.516666666666666
toy-0002111,995,z10,z12,4.6,15.333333333333334,16.03333333333333
toy-0002112,995,z10,z22,5.142956348249516,17.143187827498387,17.57170965337363
toy-0002113,995,z11,z20,3.2526911934581184,10.842303978193728,12.215958381464668
toy-0002114,995,z11,z31,4.6,15.333333333333334,16.03333333333333
toy-0002115,995,z11,z12,2.3,7.666666666666667,9.516666666666666
toy-0002116,995,z21,z10,3.2526911934581184,10.842303978193728,12.215958381464668
toy-0002117,995,z21,z31,2.3,7.666666666666667,9.516666666666666
toy-0002118,995,z21,z22,2.3,7.666666666666667,9.516666666666666
toy-0002119,995,z31,z21,2.3,7.666666666666667,9.516666666666666
toy-0002120,995,z31,z12,5.142956348249516,17.143187827498387,17.57170965337363
toy-0002121,995,z31,z32,2.3,7.666666666666667,9.516666666666666
toy-0002122,995,z12,z00,5.142956348249516,17.143187827498387,17.57170965337363
toy-0002123,995,z12,z11,2.3,7.666666666666667,9.516666666666666
toy-0002124,995,z22,z11,3.2526911934581184,10.842303978193728,12.215958381464668
toy-0002125,995,z22,z21,2.3,7.666666666666667,9.516666666666666
toy-0002126,995,z22,z31,3.2526911934581184,10.842303978193728,12.215958381464668
toy-0002127,995,z32,z10,6.505382386916237,21.684607956387456,21.431916762929337
toy-0002128,995,z32,z01,7.273238618387272,24.244128727957573,23.607509418763936
toy-0002129,995,z32,z21,3.2526911934581184,10.842303978193728,12.215958381464668
toy-0002130,995,z32,z12,4.6,15.333333333333334,16.03333333333333
toy-0002131,1000,z00,z10,2.3,7.666666666666667,9.516666666666666
toy-0002132,1000,z20,z10,2.3,7.666666666666667,9.516666666666666
toy-0002133,1000,z20,z21,2.3,7.666666666666667,9.516666666666666
toy-0002134,1000,z20,z22,4.6,15.333333333333334,16.03333333333333
toy-0002135,1000,z30,z01,7.273238618387272,24.244128727957573,23.607509418763936
toy-0002136,1000,z11,z00,3.2526911934581184,10.842303978193728,12.215958381464668
toy-0002137,1000,z21,z00,5.142956348249516,17.143187827498387,17.57170965337363
toy-0002138,1000,z21,z12,3.2526911934581184,10.842303978193728,12.215958381464668
toy-0002139,1000,z31,z00,7.273238618387272,24.244128727957573,23.607509418763936
toy-0002140,1000,z31,z20,3.2526911934581184,10.842303978193728,12.215958381464668
toy-0002141,1000,z31,z01,6.8999999999999995,22.999999999999996,22.549999999999997
toy-0002142,1000,z31,z11,4.6,15.333333333333334,16.03333333333333
toy-0002143,1000,z31,z21,2.3,7.666666666666667,9.516666666666666
toy-0002144,1000,z31,z22,3.2526911934581184,10.842303978193728,12.215958381464668
toy-0002145,1000,z31,z32,2.3,7.666666666666667,9.516666666666666
toy-0002146,1000,z02,z22,4.6,15.333333333333334,16.03333333333333
toy-0002147,1000,z12,z20,5.142956348249516,17.143187827498387,17.57170965337363
toy-0002148,1000,z12,z21,3.2526911934581184,10.842303978193728,12.215958381464668
toy-0002149,1000,z22,z00,6.505382386916237,21.684607956387456,21.431916762929337
toy-0002150,1000,z22,z01,5.142956348249516,17.143187827498387,17.57170965337363
toy-0002151,1000,z22,z32,2.3,7.666666666666667,9.516666666666666
toy-0002152,1000,z32,z11,5.142956348249516,17.143187827498387,17.57170965337363
toy-0002153,1000,z32,z31,2.3,7.666666666666667,9.516666666666666
toy-0002154,1005,z10,z20,2.3,7.666666666666667,9.516666666666666
toy-0002155,1005,z10,z11,2.3,7.666666666666667,9.516666666666666
toy-0002156,1005,z30,z21,3.2526911934581184,10.842303978193728,12.215958381464668
toy-0002157,1005,z30,z31,2.3,7.666666666666667,9.516666666666666
toy-0002158,1005,z21,z32,3.2526911934581184,10.842303978193728,12.215958381464668
toy-0002159,1005,z31,z10,5.142956348249516,17.143187827498387,17.57170965337363
toy-0002160,1005,z31,z30,2.3,7.666666666666667,9.516666666666666
toy-0002161,1005,z31,z02,7.273238618387272,24.244128727957573,23.607509418763936
toy-0002162,1005,z12,z30,6.505382386916237,21.684607956387456,21.431916762929337
toy-0002163,1005,z12,z01,3.2526911934581184,10.842303978193728,12.215958381464668
toy-0002164,1005,z12,z31,5.142956348249516,17.143187827498387,17.57170965337363
toy-0002165,1005,z32,z20,5.142956348249516,17.143187827498387,17.57170965337363
toy-0002166,1005,z32,z22,2.3,7.666666666666667,9.516666666666666
toy-0002167,1010,z20,z01,5.142956348249516,17.143187827498387,17.57170965337363
toy-0002168,1010,z20,z31,3.2526911934581184,10.842303978193728,12.215958381464668
toy-0002169,1010,z30,z02,8.292767933567175,27.64255977855725,26.49617581177366
toy-0002170,1010,z01,z20,5.142956348249516,17.143187827498387,17.57170965337363
toy-0002171,1010,z11,z10,2.3,7.666666666666667,9.516666666666666
toy-0002172,1010,z11,z21,2.3,7.666666666666667,9.516666666666666
toy-0002173,1010,z21,z20,2.3,7.666666666666667,9.516666666666666
toy-0002174,1010,z21,z30,3.2526911934581184,10.842303978193728,12.215958381464668
toy-0002175,1010,z21,z11,2.3,7.666666666666667,9.516666666666666
toy-0002176,1010,z21,z31,2.3,7.666666666666667,9.516666666666666
toy-0002177,1010,z21,z22,2.3,7.666666666666667,9.516666666666666
toy-0002178,1010,z31,z20,3.2526911934581184,10.842303978193728,12.215958381464668
toy-0002179,1010,z31,z01,6.8999999999999995,22.999999999999996,22.549999999999997
toy-0002180,1010,z31,z11,4.6,15.333333333333334,16.03333333333333
toy-0002181,1010,z31,z21,2.3,7.666666666666667,9.516666666666666
toy-0002182,1010,z31,z12,5.142956348249516,17.143187827498387,17.57170965337363
toy-0002183,1010,z31,z22,3.2526911934581184,10.842303978193728,12.215958381464668
toy-0002184,1010,z31,z32,2.3,7.666666666666667,9.516666666666666
toy-0002185,1010,z12,z10,4.6,15.333333333333334,16.03333333333333
toy-0002186,1010,z22,z10,5.142956348249516,17.143187827498387,17.57170965337363
toy-0002187,1010,z22,z31,3.2526911934581184,10.842303978193728,12.215958381464668
toy-0002188,1010,z32,z00,8.292767933567175,27.64255977855725,26.49617581177366
toy-0002189,1010,z32,z10,6.505382386916237,21.684607956387456,21.431916762929337
toy-0002190,1010,z32,z30,4.6,15.333333333333334,16.03333333333333
toy-0002191,1010,z32,z01,7.273238618387272,24.244128727957573,23.607509418763936
toy-0002192,1010,z32,z21,3.2526911934581184,10.842303978193728,12.215958381464668
toy-0002193,1010,z32,z31,2.3,7.666666666666667,9.516666666666666
toy-0002194,1010,z32,z02,6.8999999999999995,22.999999999999996,22.549999999999997
toy-0002195,1010,z32,z12,4.6,15.333333333333334,16.03333333333333
toy-0002196,1015,z10,z32,6.505382386916237,21.684607956387456,21.431916762929337
toy-0002197,1015,z20,z32,5.142956348249516,17.143187827498387,17.57170965337363
toy-0002198,1015,z30,z20,2.3,7.666666666666667,9.516666666666666
toy-0002199,1015,z01,z30,7.273238618387272,24.244128727957573,23.607509418763936
toy-0002200,1015,z01,z11,2.3,7.666666666666667,9.516666666666666
toy-0002201,1015,z01,z32,7.273238618387272,24.244128727957573,23.607509418763936
toy-0002202,1015,z11,z31,4.6,15.333333333333334,16.03333333333333
toy-0002203,1015,z11,z02,3.2526911934581184,10.842303978193728,12.215958381464668
toy-0002204,1015,z11,z22,3.2526911934581184,10.842303978193728,12.215958381464668
toy-0002205,1015,z11,z32,5.142956348249516,17.143187827498387,17.57170965337363
toy-0002206,1015,z21,z01,4.6,15.333333333333334,16.03333333333333
toy-0002207,1015,z21,z32,3.2526911934581184,10.842303978193728,12.215958381464668
toy-0002208,1015,z31,z00,7.273238618387272,24.244128727957573,23.607509418763936
toy-0002209,1015,z31,z10,5.142956348249516,17.143187827498387,17.57170965337363
toy-0002210,1015,z31,z21,2.3,7.666666666666667,9.516666666666666
toy-0002211,1015,z31,z22,3.2526911934581184,10.842303978193728,12.215958381464668
toy-0002212,1015,z31,z32,2.3,7.666666666666667,9.516666666666666
toy-0002213,1015,z12,z32,4.6,15.333333333333334,16.03333333333333
toy-0002214,1015,z22,z20,4.6,15.333333333333334,16.03333333333333
toy-0002215,1015,z22,z30,5.142956348249516,17.143187827498387,17.57170965337363
toy-0002216,1015,z22,z21,2.3,7.666666666666667,9.516666666666666
toy-0002217,1015,z22,z12,2.3,7.666666666666667,9.516666666666666
toy-0002218,1015,z22,z32,2.3,7.666666666666667,9.516666666666666
toy-0002219,1015,z32,z11,5.142956348249516,17.143187827498387,17.57170965337363
toy-0002220,1015,z32,z22,2.3,7.666666666666667,9.516666666666666
toy-0002221,1020,z20,z30,2.3,7.666666666666667,9.516666666666666
toy-0002222,1020,z20,z11,3.2526911934581184,10.842303978193728,12.215958381464668
toy-0002223,1020,z30,z32,4.6,15.333333333333334,16.03333333333333
toy-0002224,1020,z01,z31,6.8999999999999995,22.999999999999996,22.549999999999997
toy-0002225,1020,z11,z01,2.3,7.666666666666667,9.516666666666666
toy-0002226,1020,z21,z10,3.2526911934581184,10.842303978193728,12.215958381464668
toy-0002227,1020,z21,z31,2.3,7.666666666666667,9.516666666666666
toy-0002228,1020,z21,z02,5.142956348249516,17.143187827498387,17.57170965337363
toy-0002229,1020,z21,z12,3.2526911934581184,10.842303978193728,12.215958381464668
toy-0002230,1020,z31,z20,3.2526911934581184,10.842303978193728,12.215958381464668
toy-0002231,1020,z31,z30,2.3,7.666666666666667,9.516666666666666
toy-0002232,1020,z31,z11,4.6,15.333333333333334,16.03333333333333
toy-0002233,1020,z31,z02,7.273238618387272,24.244128727957573,23.607509418763936
toy-0002234,1020,z31,z12,5.142956348249516,17.143187827498387,17.57170965337363
toy-0002235,1020,z12,z22,2.3,7.666666666666667,9.516666666666666
toy-0002236,1020,z22,z11,3.2526911934581184,10.842303978193728,12.215958381464668
toy-0002237,1020,z22,z02,4.6,15.333333333333334,16.03333333333333
toy-0002238,1020,z32,z20,5.142956348249516,17.143187827498387,17.57170965337363
toy-0002239,1020,z32,z21,3.2526911934581184,10.842303978193728,12.215958381464668
toy-0002240,1020,z32,z31,2.3,7.666666666666667,9.516666666666666
toy-0002241,1025,z00,z32,8.292767933567175,27.64255977855725,26.49617581177366
toy-0002242,1025,z10,z02,5.142956348249516,17.143187827498387,17.57170965337363
toy-0002243,1025,z20,z00,4.6,15.333333333333334,16.03333333333333
toy-0002244,1025,z01,z21,4.6,15.333333333333334,16.03333333333333
toy-0002245,1025,z01,z22,5.142956348249516,17.143187827498387,17.57170965337363
toy-0002246,1025,z11,z20,3.2526911934581184,10.842303978193728,12.215958381464668
toy-0002247,1025,z21,z20,2.3,7.666666666666667,9.516666666666666
toy-0002248,1025,z21,z11,2.3,7.666666666666667,9.516666666666666
toy-0002249,1025,z21,z22,2.3,7.666666666666667,9.516666666666666
toy-0002250,1025,z31,z00,7.273238618387272,24.244128727957573,23.607509418763936
toy-0002251,1025,z31,z10,5.142956348249516,17.143187827498387,17.57170965337363
toy-0002252,1025,z31,z20,3.2526911934581184,10.842303978193728,12.215958381464668
toy-0002253,1025,z31,z01,6.8999999999999995,22.999999999999996,22.549999999999997
toy-0002254,1025,z31,z21,2.3,7.666666666666667,9.516666666666666
toy-0002255,1025,z31,z22,3.2526911934581184,10.842303978193728,12.215958381464668
toy-0002256,1025,z31,z32,2.3,7.666666666666667,9.516666666666666
toy-0002257,1025,z02,z12,2.3,7.666666666666667,9.516666666666666
toy-0002258,1025,z22,z01,5.142956348249516,17.143187827498387,17.57170965337363
toy-0002259,1025,z22,z31,3.2526911934581184,10.842303978193728,12.215958381464668
toy-0002260,1025,z32,z12,4.6,15.333333333333334,16.03333333333333
toy-0002261,1030,z00,z20,4.6,15.333333333333334,16.03333333333333
toy-0002262,1030,z10,z31,5.142956348249516,17.143187827498387,17.57170965337363
toy-0002263,1030,z20,z21,2.3,7.666666666666667,9.516666666666666
toy-0002264,1030,z20,z31,3.2526911934581184,10.842303978193728,12.215958381464668
toy-0002265,1030,z20,z12,5.142956348249516,17.143187827498387,17.57170965337363
toy-0002266,1030,z20,z22,4.6,15.333333333333334,16.03333333333333
toy-0002267,1030,z30,z10,4.6,15.333333333333334,16.03333333333333
toy-0002268,1030,z30,z11,5.142956348249516,17.143187827498387,17.57170965337363
toy-0002269,1030,z21,z00,5.142956348249516,17.143187827498387,17.57170965337363
toy-0002270,1030,z21,z31,2.3,7.666666666666667,9.516666666666666
toy-0002271,1030,z21,z32,3.2526911934581184,10.842303978193728,12.215958381464668
toy-0002272,1030,z31,z30,2.3,7.666666666666667,9.516666666666666
toy-0002273,1030,z31,z11,4.6,15.333333333333334,16.03333333333333
toy-0002274,1030,z31,z21,2.3,7.666666666666667,9.516666666666666
toy-0002275,1030,z31,z12,5.142956348249516,17.143187827498387,17.57170965337363
toy-0002276,1030,z31,z22,3.2526911934581184,10.842303978193728,12.215958381464668
toy-0002277,1030,z31,z32,2.3,7.666666666666667,9.516666666666666
toy-0002278,1030,z22,z21,2.3,7.666666666666667,9.516666666666666
toy-0002279,1030,z22,z32,2.3,7.666666666666667,9.516666666666666
toy-0002280,1030,z32,z00,8.292767933567175,27.64255977855725,26.49617581177366
toy-0002281,1030,z32,z10,6.505382386916237,21.684607956387456,21.431916762929337
toy-0002282,1030,z32,z30,4.6,15.333333333333334,16.03333333333333
toy-0002283,1030,z32,z01,7.273238618387272,24.244128727957573,23.607509418763936
toy-0002284,1030,z32,z11,5.142956348249516,17.143187827498387,17.57170965337363
toy-0002285,1030,z32,z21,3.2526911934581184,10.842303978193728,12.215958381464668
toy-0002286,1030,z32,z31,2.3,7.666666666666667,9.516666666666666
toy-0002287,1030,z32,z22,2.3,7.666666666666667,9.516666666666666
toy-0002288,1035,z10,z21,3.2526911934581184,10.842303978193728,12.215958381464668
toy-0002289,1035,z20,z02,6.505382386916237,21.684607956387456,21.431916762929337
toy-0002290,1035,z11,z30,5.142956348249516,17.143187827498387,17.57170965337363
toy-0002291,1035,z11,z21,2.3,7.666666666666667,9.516666666666666
toy-0002292,1035,z11,z31,4.6,15.333333333333334,16.03333333333333
toy-0002293,1035,z11,z12,2.3,7.666666666666667,9.516666666666666
toy-0002294,1035,z11,z32,5.142956348249516,17.143187827498387,17.57170965337363
toy-0002295,1035,z21,z30,3.2526911934581184,10.842303978193728,12.215958381464668
toy-0002296,1035,z21,z01,4.6,15.333333333333334,16.03333333333333
toy-0002297,1035,z31,z10,5.142956348249516,17.143187827498387,17.57170965337363
toy-0002298,1035,z31,z20,3.2526911934581184,10.842303978193728,12.215958381464668
toy-0002299,1035,z31,z01,6.8999999999999995,22.999999999999996,22.549999999999997
toy-0002300,1035,z31,z11,4.6,15.333333333333334,16.03333333333333
toy-0002301,1035,z31,z02,7.273238618387272,24.244128727957573,23.607509418763936
toy-0002302,1035,z31,z32,2.3,7.666666666666667,9.516666666666666
toy-0002303,1035,z22,z00,6.505382386916237,21.684607956387456,21.431916762929337
toy-0002304,1035,z22,z10,5.142956348249516,17.143187827498387,17.57170965337363
toy-0002305,1035,z22,z20,4.6,15.333333333333334,16.03333333333333
toy-0002306,1035,z22,z11,3.2526911934581184,10.842303978193728,12.215958381464668
toy-0002307,1035,z22,z31,3.2526911934581184,10.842303978193728,12.215958381464668
toy-0002308,1035,z32,z20,5.142956348249516,17.143187827498387,17.57170965337363
toy-0002309,1035,z32,z02,6.8999999999999995,22.999999999999996,22.549999999999997
toy-0002310,1040,z00,z30,6.8999999999999995,22.999999999999996,22.549999999999997
toy-0002311,1040,z10,z00,2.3,7.666666666666667,9.516666666666666
toy-0002312,1040,z20,z10,2.3,7.666666666666667,9.516666666666666
toy-0002313,1040,z20,z32,5.142956348249516,17.143187827498387,17.57170965337363
toy-0002314,1040,z11,z22,3.2526911934581184,10.842303978193728,12.215958381464668
toy-0002315,1040,z21,z10,3.2526911934581184,10.842303978193728,12.215958381464668
toy-0002316,1040,z21,z31,2.3,7.666666666666667,9.516666666666666
toy-0002317,1040,z21,z12,3.2526911934581184,10.842303978193728,12.215958381464668
toy-0002318,1040,z21,z22,2.3,7.666666666666667,9.516666666666666
toy-0002319,1040,z21,z32,3.2526911934581184,10.842303978193728,12.215958381464668
toy-0002320,1040,z31,z00,7.273238618387272,24.244128727957573,23.607509418763936
toy-0002321,1040,z31,z30,2.3,7.666666666666667,9.516666666666666
toy-0002322,1040,z31,z21,2.3,7.666666666666667,9.516666666666666
toy-0002323,1040,z31,z12,5.142956348249516,17.143187827498387,17.57170965337363
toy-0002324,1040,z31,z22,3.2526911934581184,10.842303978193728,12.215958381464668
toy-0002325,1040,z02,z32,6.8999999999999995,22.999999999999996,22.549999999999997
toy-0002326,1040,z12,z31,5.142956348249516,17.143187827498387,17.57170965337363
toy-0002327,1040,z22,z30,5.142956348249516,17.143187827498387,17.57170965337363
toy-0002328,1040,z22,z12,2.3,7.666666666666667,9.516666666666666
toy-0002329,1040,z32,z11,5.142956348249516,17.143187827498387,17.57170965337363
toy-0002330,1040,z32,z21,3.2526911934581184,10.842303978193728,12.215958381464668
toy-0002331,1040,z32,z31,2.3,7.666666666666667,9.516666666666666
toy-0002332,1040,z32,z12,4.6,15.333333333333334,16.03333333333333
toy-0002333,1040,z32,z22,2.3,7.666666666666667,9.516666666666666
toy-0002334,1045,z00,z12,5.142956348249516,17.143187827498387,17.57170965337363
toy-0002335,1045,z00,z22,6.505382386916237,21.684607956387456,21.431916762929337
toy-0002336,1045,z10,z22,5.142956348249516,17.143187827498387,17.57170965337363
toy-0002337,1045,z11,z00,3.2526911934581184,10.842303978193728,12.215958381464668
toy-0002338,1045,z11,z10,2.3,7.666666666666667,9.516666666666666
toy-0002339,1045,z21,z20,2.3,7.666666666666667,9.516666666666666
toy-0002340,1045,z21,z11,2.3,7.666666666666667,9.516666666666666
toy-0002341,1045,z31,z10,5.142956348249516,17.143187827498387,17.57170965337363
toy-0002342,1045,z31,z20,3.2526911934581184,10.842303978193728,12.215958381464668
toy-0002343,1045,z31,z01,6.8999999999999995,22.999999999999996,22.549999999999997
toy-0002344,1045,z31,z11,4.6,15.333333333333334,16.03333333333333
toy-0002345,1045,z31,z21,2.3,7.666666666666667,9.516666666666666
toy-0002346,1045,z31,z22,3.2526911934581184,10.842303978193728,12.215958381464668
toy-0002347,1045,z31,z32,2.3,7.666666666666667,9.516666666666666
toy-0002348,1045,z12,z11,2.3,7.666666666666667,9.516666666666666
toy-0002349,1045,z12,z21,3.2526911934581184,10.842303978193728,12.215958381464668
toy-0002350,1045,z22,z21,2.3,7.666666666666667,9.516666666666666
toy-0002351,1045,z22,z32,2.3,7.666666666666667,9.516666666666666
toy-0002352,1045,z32,z10,6.505382386916237,21.684607956387456,21.431916762929337
toy-0002353,1045,z32,z20,5.142956348249516,17.143187827498387,17.57170965337363
toy-0002354,1045,z32,z01,7.273238618387272,24.244128727957573,23.607509418763936
toy-0002355,1045,z32,z31,2.3,7.666666666666667,9.516666666666666
toy-0002356,1050,z10,z30,4.6,15.333333333333334,16.03333333333333
toy-0002357,1050,z20,z01,5.142956348249516,17.143187827498387,17.57170965337363
toy-0002358,1050,z20,z11,3.2526911934581184,10.842303978193728,12.215958381464668
toy-0002359,1050,z20,z31,3.2526911934581184,10.842303978193728,12.215958381464668
toy-0002360,1050,z01,z10,3.2526911934581184,10.842303978193728,12.215958381464668
toy-0002361,1050,z21,z00,5.142956348249516,17.143187827498387,17.57170965337363
toy-0002362,1050,z21,z02,5.142956348249516,17.143187827498387,17.57170965337363
toy-0002363,1050,z31,z00,7.273238618387272,24.244128727957573,23.607509418763936
toy-0002364,1050,z31,z20,3.2526911934581184,10.842303978193728,12.215958381464668
toy-0002365,1050,z31,z21,2.3,7.666666666666667,9.516666666666666
toy-0002366,1050,z31,z02,7.273238618387272,24.244128727957573,23.607509418763936
toy-0002367,1050,z31,z12,5.142956348249516,17.143187827498387,17.57170965337363
toy-0002368,1050,z31,z32,2.3,7.666666666666667,9.516666666666666
toy-0002369,1050,z02,z20,6.505382386916237,21.684607956387456,21.431916762929337
toy-0002370,1050,z12,z20,5.142956348249516,17.143187827498387,17.57170965337363
toy-0002371,1050,z12,z32,4.6,15.333333333333334,16.03333333333333
toy-0002372,1050,z22,z01,5.142956348249516,17.143187827498387,17.57170965337363
toy-0002373,1050,z22,z31,3.2526911934581184,10.842303978193728,12.215958381464668
toy-0002374,1050,z22,z02,4.6,15.333333333333334,16.03333333333333
toy-0002375,1050,z32,z00,8.292767933567175,27.64255977855725,26.49617581177366
toy-0002376,1050,z32,z30,4.6,15.333333333333334,16.03333333333333
toy-0002377,1050,z32,z21,3.2526911934581184,10.842303978193728,12.215958381464668
toy-0002378,1050,z32,z22,2.3,7.666666666666667,9.516666666666666
toy-0002379,1055,z10,z01,3.2526911934581184,10.842303978193728,12.215958381464668
toy-0002380,1055,z20,z21,2.3,7.666666666666667,9.516666666666666
toy-0002381,1055,z20,z22,4.6,15.333333333333334,16.03333333333333
toy-0002382,1055,z30,z00,6.8999999999999995,22.999999999999996,22.549999999999997
toy-0002383,1055,z30,z12,6.505382386916237,21.684607956387456,21.431916762929337
toy-0002384,1055,z11,z20,3.2526911934581184,10.842303978193728,12.215958381464668
toy-0002385,1055,z11,z31,4.6,15.333333333333334,16.03333333333333
toy-0002386,1055,z21,z30,3.2526911934581184,10.842303978193728,12.215958381464668
toy-0002387,1055,z21,z01,4.6,15.333333333333334,16.03333333333333
toy-0002388,1055,z21,z31,2.3,7.666666666666667,9.516666666666666
toy-0002389,1055,z21,z22,2.3,7.666666666666667,9.516666666666666
toy-0002390,1055,z21,z32,3.2526911934581184,10.842303978193728,12.215958381464668
toy-0002391,1055,z31,z30,2.3,7.666666666666667,9.516666666666666
toy-0002392,1055,z31,z01,6.8999999999999995,22.999999999999996,22.549999999999997
toy-0002393,1055,z31,z11,4.6,15.333333333333334,16.03333333333333
toy-0002394,1055,z31,z22,3.2526911934581184,10.842303978193728,12.215958381464668
toy-0002395,1055,z31,z32,2.3,7.666666666666667,9.516666666666666
toy-0002396,1055,z02,z01,2.3,7.666666666666667,9.516666666666666
toy-0002397,1055,z22,z10,5.142956348249516,17.143187827498387,17.57170965337363
toy-0002398,1055,z22,z20,4.6,15.333333333333334,16.03333333333333
toy-0002399,1055,z22,z11,3.2526911934581184,10.842303978193728,12.215958381464668
toy-0002400,1055,z32,z11,5.142956348249516,17.143187827498387,17.57170965337363
toy-0002401,1055,z32,z31,2.3,7.666666666666667,9.516666666666666
toy-0002402,1055,z32,z02,6.8999999999999995,22.999999999999996,22.549999999999997
toy-0002403,1055,z32,z12,4.6,15.333333333333334,16.03333333333333
toy-0002404,1060,z00,z11,3.2526911934581184,10.842303978193728,12.215958381464668
toy-0002405,1060,z10,z32,6.505382386916237,21.684607956387456,21.431916762929337
toy-0002406,1060,z01,z12,3.2526911934581184,10.842303978193728,12.215958381464668
toy-0002407,1060,z11,z01,2.3,7.666666666666667,9.516666666666666
toy-0002408,1060,z11,z21,2.3,7.666666666666667,9.516666666666666
toy-0002409,1060,z11,z02,3.2526911934581184,10.842303978193728,12.215958381464668
toy-0002410,1060,z11,z32,5.142956348249516,17.143187827498387,17.57170965337363
toy-0002411,1060,z21,z10,3.2526911934581184,10.842303978193728,12.215958381464668
toy-0002412,1060,z21,z20,2.3,7.666666666666667,9.516666666666666
toy-0002413,1060,z21,z11,2.3,7.666666666666667,9.516666666666666
toy-0002414,1060,z21,z12,3.2526911934581184,10.842303978193728,12.215958381464668
toy-0002415,1060,z31,z10,5.142956348249516,17.143187827498387,17.57170965337363
toy-0002416,1060,z31,z20,3.2526911934581184,10.842303978193728,12.215958381464668
toy-0002417,1060,z31,z11,4.6,15.333333333333334,16.03333333333333
toy-0002418,1060,z31,z21,2.3,7.666666666666667,9.516666666666666
toy-0002419,1060,z31,z12,5.142956348249516,17.143187827498387,17.57170965337363
toy-0002420,1060,z31,z22,3.2526911934581184,10.842303978193728,12.215958381464668
toy-0002421,1060,z12,z22,2.3,7.666666666666667,9.516666666666666
toy-0002422,1060,z22,z00,6.505382386916237,21.684607956387456,21.431916762929337
toy-0002423,1060,z22,z31,3.2526911934581184,10.842303978193728,12.215958381464668
toy-0002424,1060,z22,z12,2.3,7.666666666666667,9.516666666666666
toy-0002425,1060,z22,z32,2.3,7.666666666666667,9.516666666666666
toy-0002426,1060,z32,z10,6.505382386916237,21.684607956387456,21.431916762929337
toy-0002427,1060,z32,z20,5.142956348249516,17.143187827498387,17.57170965337363
toy-0002428,1060,z32,z22,2.3,7.666666666666667,9.516666666666666
toy-0002429,1065,z00,z31,7.273238618387272,24.244128727957573,23.607509418763936
toy-0002430,1065,z10,z20,2.3,7.666666666666667,9.516666666666666
toy-0002431,1065,z10,z11,2.3,7.666666666666667,9.516666666666666
toy-0002432,1065,z10,z12,4.6,15.333333333333334,16.03333333333333
toy-0002433,1065,z20,z30,2.3,7.666666666666667,9.516666666666666
toy-0002434,1065,z20,z12,5.142956348249516,17.143187827498387,17.57170965337363
toy-0002435,1065,z20,z32,5.142956348249516,17.143187827498387,17.57170965337363
toy-0002436,1065,z30,z31,2.3,7.666666666666667,9.516666666666666
toy-0002437,1065,z11,z12,2.3,7.666666666666667,9.516666666666666
toy-0002438,1065,z11,z22,3.2526911934581184,10.842303978193728,12.215958381464668
toy-0002439,1065,z21,z31,2.3,7.666666666666667,9.516666666666666
toy-0002440,1065,z21,z32,3.2526911934581184,10.842303978193728,12.215958381464668
toy-0002441,1065,z31,z00,7.273238618387272,24.244128727957573,23.607509418763936
toy-0002442,1065,z31,z30,2.3,7.666666666666667,9.516666666666666
toy-0002443,1065,z31,z01,6.8999999999999995,22.999999999999996,22.549999999999997
toy-0002444,1065,z31,z21,2.3,7.666666666666667,9.516666666666666
toy-0002445,1065,z31,z02,7.273238618387272,24.244128727957573,23.607509418763936
toy-0002446,1065,z31,z32,2.3,7.666666666666667,9.516666666666666
toy-0002447,1065,z22,z21,2.3,7.666666666666667,9.516666666666666
toy-0002448,1065,z32,z30,4.6,15.333333333333334,16.03333333333333
toy-0002449,1065,z32,z01,7.273238618387272,24.244128727957573,23.607509418763936
toy-0002450,1065,z32,z21,3.2526911934581184,10.842303978193728,12.215958381464668
toy-0002451,1065,z32,z31,2.3,7.666666666666667,9.516666666666666
toy-0002452,1070,z10,z31,5.142956348249516,17.143187827498387,17.57170965337363
toy-0002453,1070,z30,z22,5.142956348249516,17.143187827498387,17.57170965337363
toy-0002454,1070,z01,z31,6.8999999999999995,22.999999999999996,22.549999999999997
toy-0002455,1070,z01,z32,7.273238618387272,24.244128727957573,23.607509418763936
toy-0002456,1070,z21,z22,2.3,7.666666666666667,9.516666666666666
toy-0002457,1070,z31,z10,5.142956348249516,17.143187827498387,17.57170965337363
toy-0002458,1070,z31,z20,3.2526911934581184,10.842303978193728,12.215958381464668
toy-0002459,1070,z31,z11,4.6,15.333333333333334,16.03333333333333
toy-0002460,1070,z31,z12,5.142956348249516,17.143187827498387,17.57170965337363
toy-0002461,1070,z31,z22,3.2526911934581184,10.842303978193728,12.215958381464668
toy-0002462,1070,z31,z32,2.3,7.666666666666667,9.516666666666666
toy-0002463,1070,z02,z21,5.142956348249516,17.143187827498387,17.57170965337363
toy-0002464,1070,z02,z31,7.273238618387272,24.244128727957573,23.607509418763936
toy-0002465,1070,z12,z10,4.6,15.333333333333334,16.03333333333333
toy-0002466,1070,z12,z01,3.2526911934581184,10.842303978193728,12.215958381464668
toy-0002467,1070,z12,z31,5.142956348249516,17.143187827498387,17.57170965337363
toy-0002468,1070,z12,z02,2.3,7.666666666666667,9.516666666666666
toy-0002469,1070,z22,z30,5.142956348249516,17.143187827498387,17.57170965337363
toy-0002470,1070,z32,z00,8.292767933567175,27.64255977855725,26.49617581177366
toy-0002471,1070,z32,z11,5.142956348249516,17.143187827498387,17.57170965337363
toy-0002472,1070,z32,z12,4.6,15.333333333333334,16.03333333333333
toy-0002473,1075,z00,z21,5.142956348249516,17.143187827498387,17.57170965337363
toy-0002474,1075,z20,z00,4.6,15.333333333333334,16.03333333333333
toy-0002475,1075,z20,z31,3.2526911934581184,10.842303978193728,12.215958381464668
toy-0002476,1075,z11,z30,5.142956348249516,17.143187827498387,17.57170965337363
toy-0002477,1075,z11,z31,4.6,15.333333333333334,16.03333333333333
toy-0002478,1075,z21,z00,5.142956348249516,17.143187827498387,17.57170965337363
toy-0002479,1075,z21,z20,2.3,7.666666666666667,9.516666666666666
toy-0002480,1075,z21,z11,2.3,7.666666666666667,9.516666666666666
toy-0002481,1075,z21,z31,2.3,7.666666666666667,9.516666666666666
toy-0002482,1075,z21,z02,5.142956348249516,17.143187827498387,17.57170965337363
toy-0002483,1075,z31,z00,7.273238618387272,24.244128727957573,23.607509418763936
toy-0002484,1075,z31,z21,2.3,7.666666666666667,9.516666666666666
toy-0002485,1075,z31,z02,7.273238618387272,24.244128727957573,23.607509418763936
toy-0002486,1075,z31,z22,3.2526911934581184,10.842303978193728,12.215958381464668
toy-0002487,1075,z31,z32,2.3,7.666666666666667,9.516666666666666
toy-0002488,1075,z02,z00,4.6,15.333333333333334,16.03333333333333
toy-0002489,1075,z12,z00,5.142956348249516,17.143187827498387,17.57170965337363
toy-0002490,1075,z12,z30,6.505382386916237,21.684607956387456,21.431916762929337
toy-0002491,1075,z22,z20,4.6,15.333333333333334,16.03333333333333
toy-0002492,1075,z22,z01,5.142956348249516,17.143187827498387,17.57170965337363
toy-0002493,1075,z22,z11,3.2526911934581184,10.842303978193728,12.215958381464668
toy-0002494,1075,z22,z31,3.2526911934581184,10.842303978193728,12.215958381464668
toy-0002495,1075,z22,z32,2.3,7.666666666666667,9.516666666666666
toy-0002496,1075,z32,z10,6.505382386916237,21.684607956387456,21.431916762929337
toy-0002497,1075,z32,z20,5.142956348249516,17.143187827498387,17.57170965337363
toy-0002498,1075,z32,z21,3.2526911934581184,10.842303978193728,12.215958381464668
toy-0002499,1075,z32,z31,2.3,7.666666666666667,9.516666666666666
toy-0002500,1075,z32,z02,6.8999999999999995,22.999999999999996,22.549999999999997
toy-0002501,1075,z32,z22,2.3,7.666666666666667,9.516666666666666
toy-0002502,1080,z20,z10,2.3,7.666666666666667,9.516666666666666
toy-0002503,1080,z30,z21,3.2526911934581184,10.842303978193728,12.215958381464668
toy-0002504,1080,z01,z20,5.142956348249516,17.143187827498387,17.57170965337363
toy-0002505,1080,z01,z21,4.6,15.333333333333334,16.03333333333333
toy-0002506,1080,z01,z02,2.3,7.666666666666667,9.516666666666666
toy-0002507,1080,z11,z10,2.3,7.666666666666667,9.516666666666666
toy-0002508,1080,z11,z32,5.142956348249516,17.143187827498387,17.57170965337363
toy-0002509,1080,z21,z10,3.2526911934581184,10.842303978193728,12.215958381464668
toy-0002510,1080,z21,z30,3.2526911934581184,10.842303978193728,12.215958381464668
toy-0002511,1080,z21,z01,4.6,15.333333333333334,16.03333333333333
toy-0002512,1080,z21,z12,3.2526911934581184,10.842303978193728,12.215958381464668
toy-0002513,1080,z21,z22,2.3,7.666666666666667,9.516666666666666
toy-0002514,1080,z21,z32,3.2526911934581184,10.842303978193728,12.215958381464668
toy-0002515,1080,z31,z10,5.142956348249516,17.143187827498387,17.57170965337363
toy-0002516,1080,z31,z20,3.2526911934581184,10.842303978193728,12.215958381464668
toy-0002517,1080,z31,z30,2.3,7.666666666666667,9.516666666666666
toy-0002518,1080,z31,z01,6.8999999999999995,22.999999999999996,22.549999999999997
toy-0002519,1080,z31,z11,4.6,15.333333333333334,16.03333333333333
toy-0002520,1080,z31,z21,2.3,7.666666666666667,9.516666666666666
toy-0002521,1080,z31,z12,5.142956348249516,17.143187827498387,17.57170965337363
toy-0002522,1080,z22,z10,5.142956348249516,17.143187827498387,17.57170965337363
toy-0002523,1080,z22,z21,2.3,7.666666666666667,9.516666666666666
toy-0002524,1080,z32,z01,7.273238618387272,24.244128727957573,23.607509418763936
toy-0002525,1080,z32,z11,5.142956348249516,17.143187827498387,17.57170965337363
toy-0002526,1080,z32,z31,2.3,7.666666666666667,9.516666666666666
toy-0002527,1085,z00,z02,4.6,15.333333333333334,16.03333333333333
toy-0002528,1085,z10,z21,3.2526911934581184,10.842303978193728,12.215958381464668
toy-0002529,1085,z20,z11,3.2526911934581184,10.842303978193728,12.215958381464668
toy-0002530,1085,z20,z21,2.3,7.666666666666667,9.516666666666666
toy-0002531,1085,z20,z22,4.6,15.333333333333334,16.03333333333333
toy-0002532,1085,z30,z32,4.6,15.333333333333334,16.03333333333333
toy-0002533,1085,z01,z11,2.3,7.666666666666667,9.516666666666666
toy-0002534,1085,z01,z22,5.142956348249516,17.143187827498387,17.57170965337363
toy-0002535,1085,z11,z20,3.2526911934581184,10.842303978193728,12.215958381464668
toy-0002536,1085,z11,z21,2.3,7.666666666666667,9.516666666666666
toy-0002537,1085,z21,z31,2.3,7.666666666666667,9.516666666666666
toy-0002538,1085,z31,z11,4.6,15.333333333333334,16.03333333333333
toy-0002539,1085,z31,z22,3.2526911934581184,10.842303978193728,12.215958381464668
toy-0002540,1085,z31,z32,2.3,7.666666666666667,9.516666666666666
toy-0002541,1085,z12,z21,3.2526911934581184,10.842303978193728,12.215958381464668
toy-0002542,1085,z22,z02,4.6,15.333333333333334,16.03333333333333
toy-0002543,1085,z22,z12,2.3,7.666666666666667,9.516666666666666
toy-0002544,1085,z32,z20,5.142956348249516,17.143187827498387,17.57170965337363
toy-0002545,1085,z32,z30,4.6,15.333333333333334,16.03333333333333
toy-0002546,1085,z32,z21,3.2526911934581184,10.842303978193728,12.215958381464668
toy-0002547,1085,z32,z22,2.3,7.666666666666667,9.516666666666666
toy-0002548,1090,z20,z02,6.505382386916237,21.684607956387456,21.431916762929337
toy-0002549,1090,z20,z32,5.142956348249516,17.143187827498387,17.57170965337363
toy-0002550,1090,z11,z00,3.2526911934581184,10.842303978193728,12.215958381464668
toy-0002551,1090,z11,z22,3.2526911934581184,10.842303978193728,12.215958381464668
toy-0002552,1090,z31,z00,7.273238618387272,24.244128727957573,23.607509418763936
toy-0002553,1090,z31,z10,5.142956348249516,17.143187827498387,17.57170965337363
toy-0002554,1090,z31,z20,3.2526911934581184,10.842303978193728,12.215958381464668
toy-0002555,1090,z31,z30,2.3,7.666666666666667,9.516666666666666
toy-0002556,1090,z31,z01,6.8999999999999995,22.999999999999996,22.549999999999997
toy-0002557,1090,z31,z21,2.3,7.666666666666667,9.516666666666666
toy-0002558,1090,z31,z02,7.273238618387272,24.244128727957573,23.607509418763936
toy-0002559,1090,z31,z12,5.142956348249516,17.143187827498387,17.57170965337363
toy-0002560,1090,z31,z22,3.2526911934581184,10.842303978193728,12.215958381464668
toy-0002561,1090,z31,z32,2.3,7.666666666666667,9.516666666666666
toy-0002562,1090,z12,z32,4.6,15.333333333333334,16.03333333333333
toy-0002563,1090,z22,z00,6.505382386916237,21.684607956387456,21.431916762929337
toy-0002564,1090,z22,z31,3.2526911934581184,10.842303978193728,12.215958381464668
toy-0002565,1090,z22,z32,2.3,7.666666666666667,9.516666666666666
toy-0002566,1090,z32,z00,8.292767933567175,27.64255977855725,26.49617581177366
toy-0002567,1090,z32,z31,2.3,7.666666666666667,9.516666666666666
toy-0002568,1090,z32,z12,4.6,15.333333333333334,16.03333333333333
toy-0002569,1095,z00,z01,2.3,7.666666666666667,9.516666666666666
toy-0002570,1095,z20,z01,5.142956348249516,17.143187827498387,17.57170965337363
toy-0002571,1095,z11,z31,4.6,15.333333333333334,16.03333333333333
toy-0002572,1095,z21,z20,2.3,7.666666666666667,9.516666666666666
toy-0002573,1095,z21,z11,2.3,7.666666666666667,9.516666666666666
toy-0002574,1095,z21,z32,3.2526911934581184,10.842303978193728,12.215958381464668
toy-0002575,1095,z31,z11,4.6,15.333333333333334,16.03333333333333
toy-0002576,1095,z31,z21,2.3,7.666666666666667,9.516666666666666
toy-0002577,1095,z31,z32,2.3,7.666666666666667,9.516666666666666
toy-0002578,1095,z12,z11,2.3,7.666666666666667,9.516666666666666
toy-0002579,1095,z22,z20,4.6,15.333333333333334,16.03333333333333
toy-0002580,1095,z22,z11,3.2526911934581184,10.842303978193728,12.215958381464668
toy-0002581,1095,z22,z21,2.3,7.666666666666667,9.516666666666666
toy-0002582,1095,z32,z10,6.505382386916237,21.684607956387456,21.431916762929337
toy-0002583,1095,z32,z11,5.142956348249516,17.143187827498387,17.57170965337363
toy-0002584,1095,z32,z21,3.2526911934581184,10.842303978193728,12.215958381464668
toy-0002585,1095,z32,z22,2.3,7.666666666666667,9.516666666666666
toy-0002586,1100,z10,z22,5.142956348249516,17.143187827498387,17.57170965337363
toy-0002587,1100,z20,z31,3.2526911934581184,10.842303978193728,12.215958381464668
toy-0002588,1100,z01,z00,2.3,7.666666666666667,9.516666666666666
toy-0002589,1100,z11,z01,2.3,7.666666666666667,9.516666666666666
toy-0002590,1100,z11,z12,2.3,7.666666666666667,9.516666666666666
toy-0002591,1100,z21,z10,3.2526911934581184,10.842303978193728,12.215958381464668
toy-0002592,1100,z21,z01,4.6,15.333333333333334,16.03333333333333
toy-0002593,1100,z21,z31,2.3,7.666666666666667,9.516666666666666
toy-0002594,1100,z21,z12,3.2526911934581184,10.842303978193728,12.215958381464668
toy-0002595,1100,z21,z22,2.3,7.666666666666667,9.516666666666666
toy-0002596,1100,z31,z10,5.142956348249516,17.143187827498387,17.57170965337363
toy-0002597,1100,z31,z20,3.2526911934581184,10.842303978193728,12.215958381464668
toy-0002598,1100,z31,z12,5.142956348249516,17.143187827498387,17.57170965337363
toy-0002599,1100,z31,z22,3.2526911934581184,10.842303978193728,12.215958381464668
toy-0002600,1100,z22,z30,5.142956348249516,17.143187827498387,17.57170965337363
toy-0002601,1100,z32,z20,5.142956348249516,17.143187827498387,17.57170965337363
toy-0002602,1100,z32,z01,7.273238618387272,24.244128727957573,23.607509418763936
toy-0002603,1100,z32,z31,2.3,7.666666666666667,9.516666666666666
toy-0002604,1100,z32,z02,6.8999999999999995,22.999999999999996,22.549999999999997
toy-0002605,1105,z10,z32,6.505382386916237,21.684607956387456,21.431916762929337
toy-0002606,1105,z20,z12,5.142956348249516,17.143187827498387,17.57170965337363
toy-0002607,1105,z11,z32,5.142956348249516,17.143187827498387,17.57170965337363
toy-0002608,1105,z21,z00,5.142956348249516,17.143187827498387,17.57170965337363
toy-0002609,1105,z21,z30,3.2526911934581184,10.842303978193728,12.215958381464668
toy-0002610,1105,z21,z02,5.142956348249516,17.143187827498387,17.57170965337363
toy-0002611,1105,z21,z32,3.2526911934581184,10.842303978193728,12.215958381464668
toy-0002612,1105,z31,z00,7.273238618387272,24.244128727957573,23.607509418763936
toy-0002613,1105,z31,z20,3.2526911934581184,10.842303978193728,12.215958381464668
toy-0002614,1105,z31,z30,2.3,7.666666666666667,9.516666666666666
toy-0002615,1105,z31,z01,6.8999999999999995,22.999999999999996,22.549999999999997
toy-0002616,1105,z31,z11,4.6,15.333333333333334,16.03333333333333
toy-0002617,1105,z31,z21,2.3,7.666666666666667,9.516666666666666
toy-0002618,1105,z31,z32,2.3,7.666666666666667,9.516666666666666
toy-0002619,1105,z02,z11,3.2526911934581184,10.842303978193728,12.215958381464668
toy-0002620,1105,z12,z20,5.142956348249516,17.143187827498387,17.57170965337363
toy-0002621,1105,z12,z31,5.142956348249516,17.143187827498387,17.57170965337363
toy-0002622,1105,z12,z22,2.3,7.666666666666667,9.516666666666666
toy-0002623,1105,z22,z10,5.142956348249516,17.143187827498387,17.57170965337363
toy-0002624,1105,z22,z01,5.142956348249516,17.143187827498387,17.57170965337363
toy-0002625,1105,z22,z31,3.2526911934581184,10.842303978193728,12.215958381464668
toy-0002626,1105,z32,z30,4.6,15.333333333333334,16.03333333333333
toy-0002627,1105,z32,z12,4.6,15.333333333333334,16.03333333333333
toy-0002628,1110,z10,z31,5.142956348249516,17.143187827498387,17.57170965337363
toy-0002629,1110,z20,z30,2.3,7.666666666666667,9.516666666666666
toy-0002630,1110,z30,z20,2.3,7.666666666666667,9.516666666666666
toy-0002631,1110,z11,z21,2.3,7.666666666666667,9.516666666666666
toy-0002632,1110,z11,z02,3.2526911934581184,10.842303978193728,12.215958381464668
toy-0002633,1110,z21,z11,2.3,7.666666666666667,9.516666666666666
toy-0002634,1110,z21,z31,2.3,7.666666666666667,9.516666666666666
toy-0002635,1110,z31,z21,2.3,7.666666666666667,9.516666666666666
toy-0002636,1110,z31,z02,7.273238618387272,24.244128727957573,23.607509418763936
toy-0002637,1110,z31,z12,5.142956348249516,17.143187827498387,17.57170965337363
toy-0002638,1110,z31,z22,3.2526911934581184,10.842303978193728,12.215958381464668
toy-0002639,1110,z31,z32,2.3,7.666666666666667,9.516666666666666
toy-0002640,1110,z22,z12,2.3,7.666666666666667,9.516666666666666
toy-0002641,1110,z22,z32,2.3,7.666666666666667,9.516666666666666
toy-0002642,1110,z32,z10,6.505382386916237,21.684607956387456,21.431916762929337
toy-0002643,1110,z32,z11,5.142956348249516,17.143187827498387,17.57170965337363
toy-0002644,1110,z32,z21,3.2526911934581184,10.842303978193728,12.215958381464668
toy-0002645,1110,z32,z31,2.3,7.666666666666667,9.516666666666666
toy-0002646,1110,z32,z22,2.3,7.666666666666667,9.516666666666666
toy-0002647,1115,z00,z32,8.292767933567175,27.64255977855725,26.49617581177366
toy-0002648,1115,z20,z21,2.3,7.666666666666667,9.516666666666666
toy-0002649,1115,z20,z22,4.6,15.333333333333334,16.03333333333333
toy-0002650,1115,z11,z20,3.2526911934581184,10.842303978193728,12.215958381464668
toy-0002651,1115,z11,z30,5.142956348249516,17.143187827498387,17.57170965337363
toy-0002652,1115,z11,z31,4.6,15.333333333333334,16.03333333333333
toy-0002653,1115,z11,z22,3.2526911934581184,10.842303978193728,12.215958381464668
toy-0002654,1115,z21,z20,2.3,7.666666666666667,9.516666666666666
toy-0002655,1115,z21,z22,2.3,7.666666666666667,9.516666666666666
toy-0002656,1115,z31,z10,5.142956348249516,17.143187827498387,17.57170965337363
toy-0002657,1115,z31,z20,3.2526911934581184,10.842303978193728,12.215958381464668
toy-0002658,1115,z31,z30,2.3,7.666666666666667,9.516666666666666
toy-0002659,1115,z31,z01,6.8999999999999995,22.999999999999996,22.549999999999997
toy-0002660,1115,z31,z11,4.6,15.333333333333334,16.03333333333333
toy-0002661,1115,z31,z22,3.2526911934581184,10.842303978193728,12.215958381464668
toy-0002662,1115,z22,z20,4.6,15.333333333333334,16.03333333333333
toy-0002663,1115,z22,z11,3.2526911934581184,10.842303978193728,12.215958381464668
toy-0002664,1115,z22,z21,2.3,7.666666666666667,9.516666666666666
toy-0002665,1115,z22,z31,3.2526911934581184,10.842303978193728,12.215958381464668
toy-0002666,1115,z32,z00,8.292767933567175,27.64255977855725,26.49617581177366
toy-0002667,1115,z32,z20,5.142956348249516,17.143187827498387,17.57170965337363
toy-0002668,1120,z20,z11,3.2526911934581184,10.842303978193728,12.215958381464668
toy-0002669,1120,z20,z31,3.2526911934581184,10.842303978193728,12.215958381464668
toy-0002670,1120,z20,z32,5.142956348249516,17.143187827498387,17.57170965337363
toy-0002671,1120,z30,z01,7.273238618387272,24.244128727957573,23.607509418763936
toy-0002672,1120,z30,z11,5.142956348249516,17.143187827498387,17.57170965337363
toy-0002673,1120,z01,z30,7.273238618387272,24.244128727957573,23.607509418763936
toy-0002674,1120,z01,z31,6.8999999999999995,22.999999999999996,22.549999999999997
toy-0002675,1120,z11,z10,2.3,7.666666666666667,9.516666666666666
toy-0002676,1120,z21,z31,2.3,7.666666666666667,9.516666666666666
toy-0002677,1120,z21,z12,3.2526911934581184,10.842303978193728,12.215958381464668
toy-0002678,1120,z21,z32,3.2526911934581184,10.842303978193728,12.215958381464668
toy-0002679,1120,z31,z00,7.273238618387272,24.244128727957573,23.607509418763936
toy-0002680,1120,z31,z21,2.3,7.666666666666667,9.516666666666666
toy-0002681,1120,z31,z12,5.142956348249516,17.143187827498387,17.57170965337363
toy-0002682,1120,z31,z32,2.3,7.666666666666667,9.516666666666666
toy-0002683,1120,z22,z02,4.6,15.333333333333334,16.03333333333333
toy-0002684,1120,z32,z01,7.273238618387272,24.244128727957573,23.607509418763936
toy-0002685,1120,z32,z21,3.2526911934581184,10.842303978193728,12.215958381464668
toy-0002686,1120,z32,z31,2.3,7.666666666666667,9.516666666666666
toy-0002687,1120,z32,z12,4.6,15.333333333333334,16.03333333333333
toy-0002688,1120,z32,z22,2.3,7.666666666666667,9.516666666666666
toy-0002689,1125,z10,z11,2.3,7.666666666666667,9.516666666666666
toy-0002690,1125,z10,z02,5.142956348249516,17.143187827498387,17.57170965337363
toy-0002691,1125,z20,z10,2.3,7.666666666666667,9.516666666666666
toy-0002692,1125,z01,z32,7.273238618387272,24.244128727957573,23.607509418763936
toy-0002693,1125,z21,z10,3.2526911934581184,10.842303978193728,12.215958381464668
toy-0002694,1125,z21,z01,4.6,15.333333333333334,16.03333333333333
toy-0002695,1125,z31,z10,5.142956348249516,17.143187827498387,17.57170965337363
toy-0002696,1125,z31,z20,3.2526911934581184,10.842303978193728,12.215958381464668
toy-0002697,1125,z31,z01,6.8999999999999995,22.999999999999996,22.549999999999997
toy-0002698,1125,z31,z11,4.6,15.333333333333334,16.03333333333333
toy-0002699,1125,z31,z21,2.3,7.666666666666667,9.516666666666666
toy-0002700,1125,z31,z02,7.273238618387272,24.244128727957573,23.607509418763936
toy-0002701,1125,z31,z22,3.2526911934581184,10.842303978193728,12.215958381464668
toy-0002702,1125,z31,z32,2.3,7.666666666666667,9.516666666666666
toy-0002703,1125,z22,z00,6.505382386916237,21.684607956387456,21.431916762929337
toy-0002704,1125,z22,z30,5.142956348249516,17.143187827498387,17.57170965337363
toy-0002705,1125,z22,z32,2.3,7.666666666666667,9.516666666666666
toy-0002706,1125,z32,z30,4.6,15.333333333333334,16.03333333333333
toy-0002707,1125,z32,z11,5.142956348249516,17.143187827498387,17.57170965337363
toy-0002708,1125,z32,z02,6.8999999999999995,22.999999999999996,22.549999999999997
toy-0002709,1130,z10,z20,2.3,7.666666666666667,9.516666666666666
toy-0002710,1130,z20,z00,4.6,15.333333333333334,16.03333333333333
toy-0002711,1130,z30,z31,2.3,7.666666666666667,9.516666666666666
toy-0002712,1130,z11,z32,5.142956348249516,17.143187827498387,17.57170965337363
toy-0002713,1130,z21,z00,5.142956348249516,17.143187827498387,17.57170965337363
toy-0002714,1130,z21,z20,2.3,7.666666666666667,9.516666666666666
toy-0002715,1130,z21,z30,3.2526911934581184,10.842303978193728,12.215958381464668
toy-0002716,1130,z21,z11,2.3,7.666666666666667,9.516666666666666
toy-0002717,1130,z21,z22,2.3,7.666666666666667,9.516666666666666
toy-0002718,1130,z31,z30,2.3,7.666666666666667,9.516666666666666
toy-0002719,1130,z31,z22,3.2526911934581184,10.842303978193728,12.215958381464668
toy-0002720,1130,z12,z21,3.2526911934581184,10.842303978193728,12.215958381464668
toy-0002721,1130,z12,z32,4.6,15.333333333333334,16.03333333333333
toy-0002722,1130,z22,z01,5.142956348249516,17.143187827498387,17.57170965337363
toy-0002723,1130,z22,z21,2.3,7.666666666666667,9.516666666666666
toy-0002724,1130,z22,z31,3.2526911934581184,10.842303978193728,12.215958381464668
toy-0002725,1130,z32,z10,6.505382386916237,21.684607956387456,21.431916762929337
toy-0002726,1130,z32,z20,5.142956348249516,17.143187827498387,17.57170965337363
toy-0002727,1130,z32,z21,3.2526911934581184,10.842303978193728,12.215958381464668
toy-0002728,1130,z32,z31,2.3,7.666666666666667,9.516666666666666
toy-0002729,1135,z10,z00,2.3,7.666666666666667,9.516666666666666
toy-0002730,1135,z10,z30,4.6,15.333333333333334,16.03333333333333
toy-0002731,1135,z10,z21,3.2526911934581184,10.842303978193728,12.215958381464668
toy-0002732,1135,z11,z21,2.3,7.666666666666667,9.516666666666666
toy-0002733,1135,z21,z31,2.3,7.666666666666667,9.516666666666666
toy-0002734,1135,z21,z02,5.142956348249516,17.143187827498387,17.57170965337363
toy-0002735,1135,z21,z32,3.2526911934581184,10.842303978193728,12.215958381464668
toy-0002736,1135,z31,z00,7.273238618387272,24.244128727957573,23.607509418763936
toy-0002737,1135,z31,z10,5.142956348249516,17.143187827498387,17.57170965337363
toy-0002738,1135,z31,z20,3.2526911934581184,10.842303978193728,12.215958381464668
toy-0002739,1135,z31,z11,4.6,15.333333333333334,16.03333333333333
toy-0002740,1135,z31,z21,2.3,7.666666666666667,9.516666666666666
toy-0002741,1135,z31,z12,5.142956348249516,17.143187827498387,17.57170965337363
toy-0002742,1135,z31,z32,2.3,7.666666666666667,9.516666666666666
toy-0002743,1135,z02,z22,4.6,15.333333333333334,16.03333333333333
toy-0002744,1135,z12,z10,4.6,15.333333333333334,16.03333333333333
toy-0002745,1135,z22,z10,5.142956348249516,17.143187827498387,17.57170965337363
toy-0002746,1135,z22,z20,4.6,15.333333333333334,16.03333333333333
toy-0002747,1135,z22,z11,3.2526911934581184,10.842303978193728,12.215958381464668
toy-0002748,1135,z22,z12,2.3,7.666666666666667,9.516666666666666
toy-0002749,1135,z32,z00,8.292767933567175,27.64255977855725,26.49617581177366
toy-0002750,1135,z32,z01,7.273238618387272,24.244128727957573,23.607509418763936
toy-0002751,1135,z32,z11,5.142956348249516,17.143187827498387,17.57170965337363
toy-0002752,1135,z32,z22,2.3,7.666666666666667,9.516666666666666
toy-0002753,1140,z10,z01,3.2526911934581184,10.842303978193728,12.215958381464668
toy-0002754,1140,z10,z12,4.6,15.333333333333334,16.03333333333333
toy-0002755,1140,z20,z01,5.142956348249516,17.143187827498387,17.57170965337363
toy-0002756,1140,z11,z00,3.2526911934581184,10.842303978193728,12.215958381464668
toy-0002757,1140,z11,z01,2.3,7.666666666666667,9.516666666666666
toy-0002758,1140,z11,z31,4.6,15.333333333333334,16.03333333333333
toy-0002759,1140,z11,z12,2.3,7.666666666666667,9.516666666666666
toy-0002760,1140,z21,z12,3.2526911934581184,10.842303978193728,12.215958381464668
toy-0002761,1140,z31,z01,6.8999999999999995,22.999999999999996,22.549999999999997
toy-0002762,1140,z31,z02,7.273238618387272,24.244128727957573,23.607509418763936
toy-0002763,1140,z31,z22,3.2526911934581184,10.842303978193728,12.215958381464668
toy-0002764,1140,z31,z32,2.3,7.666666666666667,9.516666666666666
toy-0002765,1140,z02,z10,5.142956348249516,17.143187827498387,17.57170965337363
toy-0002766,1140,z22,z32,2.3,7.666666666666667,9.516666666666666
toy-0002767,1140,z32,z31,2.3,7.666666666666667,9.516666666666666
toy-0002768,1140,z32,z12,4.6,15.333333333333334,16.03333333333333
toy-0002769,1145,z00,z10,2.3,7.666666666666667,9.516666666666666
toy-0002770,1145,z20,z21,2.3,7.666666666666667,9.516666666666666
toy-0002771,1145,z20,z31,3.2526911934581184,10.842303978193728,12.215958381464668
toy-0002772,1145,z20,z32,5.142956348249516,17.143187827498387,17.57170965337363
toy-0002773,1145,z30,z10,4.6,15.333333333333334,16.03333333333333
toy-0002774,1145,z01,z10,3.2526911934581184,10.842303978193728,12.215958381464668
toy-0002775,1145,z01,z21,4.6,15.333333333333334,16.03333333333333
toy-0002776,1145,z11,z22,3.2526911934581184,10.842303978193728,12.215958381464668
toy-0002777,1145,z21,z10,3.2526911934581184,10.842303978193728,12.215958381464668
toy-0002778,1145,z21,z11,2.3,7.666666666666667,9.516666666666666
toy-0002779,1145,z21,z22,2.3,7.666666666666667,9.516666666666666
toy-0002780,1145,z31,z20,3.2526911934581184,10.842303978193728,12.215958381464668
toy-0002781,1145,z31,z30,2.3,7.666666666666667,9.516666666666666
toy-0002782,1145,z31,z11,4.6,15.333333333333334,16.03333333333333
toy-0002783,1145,z31,z21,2.3,7.666666666666667,9.516666666666666
toy-0002784,1145,z31,z12,5.142956348249516,17.143187827498387,17.57170965337363
toy-0002785,1145,z12,z01,3.2526911934581184,10.842303978193728,12.215958381464668
toy-0002786,1145,z12,z31,5.142956348249516,17.143187827498387,17.57170965337363
toy-0002787,1145,z32,z20,5.142956348249516,17.143187827498387,17.57170965337363
toy-0002788,1145,z32,z30,4.6,15.333333333333334,16.03333333333333
toy-0002789,1145,z32,z21,3.2526911934581184,10.842303978193728,12.215958381464668
toy-0002790,1150,z00,z31,7.273238618387272,24.244128727957573,23.607509418763936
toy-0002791,1150,z00,z22,6.505382386916237,21.684607956387456,21.431916762929337
toy-0002792,1150,z20,z02,6.505382386916237,21.684607956387456,21.431916762929337
toy-0002793,1150,z20,z12,5.142956348249516,17.143187827498387,17.57170965337363
toy-0002794,1150,z20,z22,4.6,15.333333333333334,16.03333333333333
toy-0002795,1150,z01,z12,3.2526911934581184,10.842303978193728,12.215958381464668
toy-0002796,1150,z11,z20,3.2526911934581184,10.842303978193728,12.215958381464668
toy-0002797,1150,z21,z20,2.3,7.666666666666667,9.516666666666666
toy-0002798,1150,z21,z01,4.6,15.333333333333334,16.03333333333333
toy-0002799,1150,z21,z31,2.3,7.666666666666667,9.516666666666666
toy-0002800,1150,z21,z32,3.2526911934581184,10.842303978193728,12.215958381464668
toy-0002801,1150,z31,z00,7.273238618387272,24.244128727957573,23.607509418763936
toy-0002802,1150,z31,z10,5.142956348249516,17.143187827498387,17.57170965337363
toy-0002803,1150,z31,z21,2.3,7.666666666666667,9.516666666666666
toy-0002804,1150,z31,z22,3.2526911934581184,10.842303978193728,12.215958381464668
toy-0002805,1150,z31,z32,2.3,7.666666666666667,9.516666666666666
toy-0002806,1150,z12,z30,6.505382386916237,21.684607956387456,21.431916762929337
toy-0002807,1150,z12,z11,2.3,7.666666666666667,9.516666666666666
toy-0002808,1150,z22,z21,2.3,7.666666666666667,9.516666666666666
toy-0002809,1150,z22,z31,3.2526911934581184,10.842303978193728,12.215958381464668
toy-0002810,1150,z32,z10,6.505382386916237,21.684607956387456,21.431916762929337
toy-0002811,1150,z32,z31,2.3,7.666666666666667,9.516666666666666
toy-0002812,1150,z32,z02,6.8999999999999995,22.999999999999996,22.549999999999997
toy-0002813,1150,z32,z22,2.3,7.666666666666667,9.516666666666666
toy-0002814,1155,z00,z20,4.6,15.333333333333334,16.03333333333333
toy-0002815,1155,z20,z11,3.2526911934581184,10.842303978193728,12.215958381464668
toy-0002816,1155,z30,z22,5.142956348249516,17.143187827498387,17.57170965337363
toy-0002817,1155,z21,z30,3.2526911934581184,10.842303978193728,12.215958381464668
toy-0002818,1155,z31,z01,6.8999999999999995,22.999999999999996,22.549999999999997
toy-0002819,1155,z31,z11,4.6,15.333333333333334,16.03333333333333
toy-0002820,1155,z31,z02,7.273238618387272,24.244128727957573,23.607509418763936
toy-0002821,1155,z12,z22,2.3,7.666666666666667,9.516666666666666
toy-0002822,1155,z22,z02,4.6,15.333333333333334,16.03333333333333
toy-0002823,1155,z32,z11,5.142956348249516,17.143187827498387,17.57170965337363
toy-0002824,1160,z10,z31,5.142956348249516,17.143187827498387,17.57170965337363
toy-0002825,1160,z10,z22,5.142956348249516,17.143187827498387,17.57170965337363
toy-0002826,1160,z10,z32,6.505382386916237,21.684607956387456,21.431916762929337
toy-0002827,1160,z01,z22,5.142956348249516,17.143187827498387,17.57170965337363
toy-0002828,1160,z11,z32,5.142956348249516,17.143187827498387,17.57170965337363
toy-0002829,1160,z21,z00,5.142956348249516,17.143187827498387,17.57170965337363
toy-0002830,1160,z21,z31,2.3,7.666666666666667,9.516666666666666
toy-0002831,1160,z31,z20,3.2526911934581184,10.842303978193728,12.215958381464668
toy-0002832,1160,z31,z30,2.3,7.666666666666667,9.516666666666666
toy-0002833,1160,z31,z21,2.3,7.666666666666667,9.516666666666666
toy-0002834,1160,z31,z12,5.142956348249516,17.143187827498387,17.57170965337363
toy-0002835,1160,z31,z22,3.2526911934581184,10.842303978193728,12.215958381464668
toy-0002836,1160,z31,z32,2.3,7.666666666666667,9.516666666666666
toy-0002837,1160,z12,z00,5.142956348249516,17.143187827498387,17.57170965337363
toy-0002838,1160,z22,z00,6.505382386916237,21.684607956387456,21.431916762929337
toy-0002839,1160,z22,z30,5.142956348249516,17.143187827498387,17.57170965337363
toy-0002840,1160,z22,z01,5.142956348249516,17.143187827498387,17.57170965337363
toy-0002841,1160,z22,z11,3.2526911934581184,10.842303978193728,12.215958381464668
toy-0002842,1160,z22,z32,2.3,7.666666666666667,9.516666666666666
toy-0002843,1160,z32,z00,8.292767933567175,27.64255977855725,26.49617581177366
toy-0002844,1160,z32,z01,7.273238618387272,24.244128727957573,23.607509418763936
toy-0002845,1160,z32,z21,3.2526911934581184,10.842303978193728,12.215958381464668
toy-0002846,1160,z32,z12,4.6,15.333333333333334,16.03333333333333
toy-0002847,1165,z20,z30,2.3,7.666666666666667,9.516666666666666
toy-0002848,1165,z30,z21,3.2526911934581184,10.842303978193728,12.215958381464668
toy-0002849,1165,z30,z02,8.292767933567175,27.64255977855725,26.49617581177366
toy-0002850,1165,z30,z32,4.6,15.333333333333334,16.03333333333333
toy-0002851,1165,z01,z20,5.142956348249516,17.143187827498387,17.57170965337363
toy-0002852,1165,z01,z11,2.3,7.666666666666667,9.516666666666666
toy-0002853,1165,z11,z10,2.3,7.666666666666667,9.516666666666666
toy-0002854,1165,z11,z30,5.142956348249516,17.143187827498387,17.57170965337363
toy-0002855,1165,z11,z21,2.3,7.666666666666667,9.516666666666666
toy-0002856,1165,z11,z31,4.6,15.333333333333334,16.03333333333333
toy-0002857,1165,z21,z12,3.2526911934581184,10.842303978193728,12.215958381464668
toy-0002858,1165,z21,z22,2.3,7.666666666666667,9.516666666666666
toy-0002859,1165,z21,z32,3.2526911934581184,10.842303978193728,12.215958381464668
toy-0002860,1165,z31,z00,7.273238618387272,24.244128727957573,23.607509418763936
toy-0002861,1165,z31,z10,5.142956348249516,17.143187827498387,17.57170965337363
toy-0002862,1165,z31,z11,4.6,15.333333333333334,16.03333333333333
toy-0002863,1165,z31,z32,2.3,7.666666666666667,9.516666666666666
toy-0002864,1165,z02,z32,6.8999999999999995,22.999999999999996,22.549999999999997
toy-0002865,1165,z12,z20,5.142956348249516,17.143187827498387,17.57170965337363
toy-0002866,1165,z12,z02,2.3,7.666666666666667,9.516666666666666
toy-0002867,1165,z22,z10,5.142956348249516,17.143187827498387,17.57170965337363
toy-0002868,1165,z22,z20,4.6,15.333333333333334,16.03333333333333
toy-0002869,1165,z22,z31,3.2526911934581184,10.842303978193728,12.215958381464668
toy-0002870,1165,z22,z12,2.3,7.666666666666667,9.516666666666666
toy-0002871,1165,z32,z20,5.142956348249516,17.143187827498387,17.57170965337363
toy-0002872,1165,z32,z31,2.3,7.666666666666667,9.516666666666666
toy-0002873,1165,z32,z22,2.3,7.666666666666667,9.516666666666666
toy-0002874,1170,z30,z12,6.505382386916237,21.684607956387456,21.431916762929337
toy-0002875,1170,z11,z02,3.2526911934581184,10.842303978193728,12.215958381464668
toy-0002876,1170,z21,z11,2.3,7.666666666666667,9.516666666666666
toy-0002877,1170,z21,z02,5.142956348249516,17.143187827498387,17.57170965337363
toy-0002878,1170,z31,z20,3.2526911934581184,10.842303978193728,12.215958381464668
toy-0002879,1170,z31,z01,6.8999999999999995,22.999999999999996,22.549999999999997
toy-0002880,1170,z31,z21,2.3,7.666666666666667,9.516666666666666
toy-0002881,1170,z31,z12,5.142956348249516,17.143187827498387,17.57170965337363
toy-0002882,1170,z31,z22,3.2526911934581184,10.842303978193728,12.215958381464668
toy-0002883,1170,z22,z21,2.3,7.666666666666667,9.516666666666666
toy-0002884,1170,z32,z10,6.505382386916237,21.684607956387456,21.431916762929337
toy-0002885,1170,z32,z30,4.6,15.333333333333334,16.03333333333333
toy-0002886,1170,z32,z11,5.142956348249516,17.143187827498387,17.57170965337363
toy-0002887,1175,z20,z10,2.3,7.666666666666667,9.516666666666666
toy-0002888,1175,z20,z31,3.2526911934581184,10.842303978193728,12.215958381464668
toy-0002889,1175,z21,z10,3.2526911934581184,10.842303978193728,12.215958381464668
toy-0002890,1175,z21,z20,2.3,7.666666666666667,9.516666666666666
toy-0002891,1175,z21,z31,2.3,7.666666666666667,9.516666666666666
toy-0002892,1175,z31,z10,5.142956348249516,17.143187827498387,17.57170965337363
toy-0002893,1175,z31,z30,2.3,7.666666666666667,9.516666666666666
toy-0002894,1175,z31,z11,4.6,15.333333333333334,16.03333333333333
toy-0002895,1175,z31,z02,7.273238618387272,24.244128727957573,23.607509418763936
toy-0002896,1175,z31,z32,2.3,7.666666666666667,9.516666666666666
toy-0002897,1175,z32,z21,3.2526911934581184,10.842303978193728,12.215958381464668
toy-0002898,1175,z32,z31,2.3,7.666666666666667,9.516666666666666
toy-0002899,1175,z32,z02,6.8999999999999995,22.999999999999996,22.549999999999997
toy-0002900,1180,z20,z21,2.3,7.666666666666667,9.516666666666666
toy-0002901,1180,z20,z32,5.142956348249516,17.143187827498387,17.57170965337363
toy-0002902,1180,z01,z31,6.8999999999999995,22.999999999999996,22.549999999999997
toy-0002903,1180,z11,z22,3.2526911934581184,10.842303978193728,12.215958381464668
toy-0002904,1180,z21,z01,4.6,15.333333333333334,16.03333333333333
toy-0002905,1180,z31,z20,3.2526911934581184,10.842303978193728,12.215958381464668
toy-0002906,1180,z31,z21,2.3,7.666666666666667,9.516666666666666
toy-0002907,1180,z31,z22,3.2526911934581184,10.842303978193728,12.215958381464668
toy-0002908,1180,z12,z21,3.2526911934581184,10.842303978193728,12.215958381464668
toy-0002909,1180,z12,z32,4.6,15.333333333333334,16.03333333333333
toy-0002910,1180,z22,z31,3.2526911934581184,10.842303978193728,12.215958381464668
toy-0002911,1180,z22,z32,2.3,7.666666666666667,9.516666666666666
toy-0002912,1180,z32,z20,5.142956348249516,17.143187827498387,17.57170965337363
toy-0002913,1180,z32,z01,7.273238618387272,24.244128727957573,23.607509418763936
toy-0002914,1180,z32,z12,4.6,15.333333333333334,16.03333333333333
toy-0002915,1180,z32,z22,2.3,7.666666666666667,9.516666666666666
toy-0002916,1185,z00,z11,3.2526911934581184,10.842303978193728,12.215958381464668
toy-0002917,1185,z00,z21,5.142956348249516,17.143187827498387,17.57170965337363
toy-0002918,1185,z20,z22,4.6,15.333333333333334,16.03333333333333
toy-0002919,1185,z11,z12,2.3,7.666666666666667,9.516666666666666
toy-0002920,1185,z11,z32,5.142956348249516,17.143187827498387,17.57170965337363
toy-0002921,1185,z21,z30,3.2526911934581184,10.842303978193728,12.215958381464668
toy-0002922,1185,z21,z22,2.3,7.666666666666667,9.516666666666666
toy-0002923,1185,z21,z32,3.2526911934581184,10.842303978193728,12.215958381464668
toy-0002924,1185,z31,z00,7.273238618387272,24.244128727957573,23.607509418763936
toy-0002925,1185,z31,z01,6.8999999999999995,22.999999999999996,22.549999999999997
toy-0002926,1185,z31,z12,5.142956348249516,17.143187827498387,17.57170965337363
toy-0002927,1185,z31,z32,2.3,7.666666666666667,9.516666666666666
toy-0002928,1185,z22,z11,3.2526911934581184,10.842303978193728,12.215958381464668
toy-0002929,1185,z32,z00,8.292767933567175,27.64255977855725,26.49617581177366
toy-0002930,1185,z32,z21,3.2526911934581184,10.842303978193728,12.215958381464668
toy-0002931,1185,z32,z31,2.3,7.666666666666667,9.516666666666666
toy-0002932,1190,z20,z00,4.6,15.333333333333334,16.03333333333333
toy-0002933,1190,z11,z20,3.2526911934581184,10.842303978193728,12.215958381464668
toy-0002934,1190,z11,z01,2.3,7.666666666666667,9.516666666666666
toy-0002935,1190,z11,z31,4.6,15.333333333333334,16.03333333333333
toy-0002936,1190,z21,z11,2.3,7.666666666666667,9.516666666666666
toy-0002937,1190,z21,z31,2.3,7.666666666666667,9.516666666666666
toy-0002938,1190,z21,z12,3.2526911934581184,10.842303978193728,12.215958381464668
toy-0002939,1190,z31,z10,5.142956348249516,17.143187827498387,17.57170965337363
toy-0002940,1190,z31,z30,2.3,7.666666666666667,9.516666666666666
toy-0002941,1190,z31,z11,4.6,15.333333333333334,16.03333333333333
toy-0002942,1190,z31,z21,2.3,7.666666666666667,9.516666666666666
toy-0002943,1190,z31,z22,3.2526911934581184,10.842303978193728,12.215958381464668
toy-0002944,1190,z02,z30,8.292767933567175,27.64255977855725,26.49617581177366
toy-0002945,1190,z02,z31,7.273238618387272,24.244128727957573,23.607509418763936
toy-0002946,1190,z12,z31,5.142956348249516,17.143187827498387,17.57170965337363
toy-0002947,1190,z22,z20,4.6,15.333333333333334,16.03333333333333
toy-0002948,1190,z22,z21,2.3,7.666666666666667,9.516666666666666
toy-0002949,1190,z32,z10,6.505382386916237,21.684607956387456,21.431916762929337
toy-0002950,1190,z32,z11,5.142956348249516,17.143187827498387,17.57170965337363
toy-0002951,1195,z00,z12,5.142956348249516,17.143187827498387,17.57170965337363
toy-0002952,1195,z10,z11,2.3,7.666666666666667,9.516666666666666
toy-0002953,1195,z01,z32,7.273238618387272,24.244128727957573,23.607509418763936
toy-0002954,1195,z11,z00,3.2526911934581184,10.842303978193728,12.215958381464668
toy-0002955,1195,z11,z21,2.3,7.666666666666667,9.516666666666666
toy-0002956,1195,z21,z00,5.142956348249516,17.143187827498387,17.57170965337363
toy-0002957,1195,z21,z20,2.3,7.666666666666667,9.516666666666666
toy-0002958,1195,z31,z20,3.2526911934581184,10.842303978193728,12.215958381464668
toy-0002959,1195,z31,z02,7.273238618387272,24.244128727957573,23.607509418763936
toy-0002960,1195,z31,z32,2.3,7.666666666666667,9.516666666666666
toy-0002961,1195,z22,z00,6.505382386916237,21.684607956387456,21.431916762929337
toy-0002962,1195,z22,z10,5.142956348249516,17.143187827498387,17.57170965337363
toy-0002963,1195,z22,z30,5.142956348249516,17.143187827498387,17.57170965337363
toy-0002964,1195,z22,z01,5.142956348249516,17.143187827498387,17.57170965337363
toy-0002965,1195,z22,z12,2.3,7.666666666666667,9.516666666666666
toy-0002966,1195,z32,z30,4.6,15.333333333333334,16.03333333333333
toy-0002967,1195,z32,z22,2.3,7.666666666666667,9.516666666666666
toy-0002968,1200,z10,z21,3.2526911934581184,10.842303978193728,12.215958381464668
toy-0002969,1200,z20,z01,5.142956348249516,17.143187827498387,17.57170965337363
toy-0002970,1200,z20,z11,3.2526911934581184,10.842303978193728,12.215958381464668
toy-0002971,1200,z20,z31,3.2526911934581184,10.842303978193728,12.215958381464668
toy-0002972,1200,z20,z12,5.142956348249516,17.143187827498387,17.57170965337363
toy-0002973,1200,z30,z31,2.3,7.666666666666667,9.516666666666666
toy-0002974,1200,z21,z10,3.2526911934581184,10.842303978193728,12.215958381464668
toy-0002975,1200,z21,z22,2.3,7.666666666666667,9.516666666666666
toy-0002976,1200,z21,z32,3.2526911934581184,10.842303978193728,12.215958381464668
toy-0002977,1200,z31,z01,6.8999999999999995,22.999999999999996,22.549999999999997
toy-0002978,1200,z31,z11,4.6,15.333333333333334,16.03333333333333
toy-0002979,1200,z31,z21,2.3,7.666666666666667,9.516666666666666
toy-0002980,1200,z31,z12,5.142956348249516,17.143187827498387,17.57170965337363
toy-0002981,1200,z31,z22,3.2526911934581184,10.842303978193728,12.215958381464668
toy-0002982,1200,z31,z32,2.3,7.666666666666667,9.516666666666666
toy-0002983,1200,z22,z31,3.2526911934581184,10.842303978193728,12.215958381464668
toy-0002984,1200,z22,z02,4.6,15.333333333333334,16.03333333333333
toy-0002985,1200,z22,z32,2.3,7.666666666666667,9.516666666666666
toy-0002986,1200,z32,z20,5.142956348249516,17.143187827498387,17.57170965337363
toy-0002987,1200,z32,z21,3.2526911934581184,10.842303978193728,12.215958381464668
toy-0002988,1200,z32,z31,2.3,7.666666666666667,9.516666666666666
toy-0002989,1200,z32,z12,4.6,15.333333333333334,16.03333333333333
toy-0002990,1205,z10,z20,2.3,7.666666666666667,9.516666666666666
toy-0002991,1205,z10,z31,5.142956348249516,17.143187827498387,17.57170965337363
toy-0002992,1205,z30,z00,6.8999999999999995,22.999999999999996,22.549999999999997
toy-0002993,1205,z21,z31,2.3,7.666666666666667,9.516666666666666
toy-0002994,1205,z31,z00,7.273238618387272,24.244128727957573,23.607509418763936
toy-0002995,1210,z00,z32,8.292767933567175,27.64255977855725,26.49617581177366
toy-0002996,1210,z10,z32,6.505382386916237,21.684607956387456,21.431916762929337
toy-0002997,1210,z20,z21,2.3,7.666666666666667,9.516666666666666
toy-0002998,1210,z20,z32,5.142956348249516,17.143187827498387,17.57170965337363
toy-0002999,1210,z11,z31,4.6,15.333333333333334,16.03333333333333
toy-0003000,1210,z11,z22,3.2526911934581184,10.842303978193728,12.215958381464668
toy-0003001,1210,z21,z02,5.142956348249516,17.143187827498387,17.57170965337363
toy-0003002,1210,z31,z10,5.142956348249516,17.143187827498387,17.57170965337363
toy-0003003,1210,z31,z20,3.2526911934581184,10.842303978193728,12.215958381464668
toy-0003004,1210,z31,z21,2.3,7.666666666666667,9.516666666666666
toy-0003005,1210,z02,z21,5.142956348249516,17.143187827498387,17.57170965337363
toy-0003006,1210,z12,z22,2.3,7.666666666666667,9.516666666666666
toy-0003007,1210,z32,z01,7.273238618387272,24.244128727957573,23.607509418763936
toy-0003008,1210,z32,z11,5.142956348249516,17.143187827498387,17.57170965337363
toy-0003009,1210,z32,z31,2.3,7.666666666666667,9.516666666666666
toy-0003010,1210,z32,z22,2.3,7.666666666666667,9.516666666666666
toy-0003011,1215,z10,z22,5.142956348249516,17.143187827498387,17.57170965337363
toy-0003012,1215,z30,z20,2.3,7.666666666666667,9.516666666666666
toy-0003013,1215,z01,z21,4.6,15.333333333333334,16.03333333333333
toy-0003014,1215,z11,z10,2.3,7.666666666666667,9.516666666666666
toy-0003015,1215,z11,z32,5.142956348249516,17.143187827498387,17.57170965337363
toy-0003016,1215,z21,z01,4.6,15.333333333333334,16.03333333333333
toy-0003017,1215,z21,z11,2.3,7.666666666666667,9.516666666666666
toy-0003018,1215,z21,z31,2.3,7.666666666666667,9.516666666666666
toy-0003019,1215,z21,z32,3.2526911934581184,10.842303978193728,12.215958381464668
toy-0003020,1215,z31,z22,3.2526911934581184,10.842303978193728,12.215958381464668
toy-0003021,1215,z31,z32,2.3,7.666666666666667,9.516666666666666
toy-0003022,1215,z12,z10,4.6,15.333333333333334,16.03333333333333
toy-0003023,1215,z12,z11,2.3,7.666666666666667,9.516666666666666
toy-0003024,1215,z12,z31,5.142956348249516,17.143187827498387,17.57170965337363
toy-0003025,1215,z22,z11,3.2526911934581184,10.842303978193728,12.215958381464668
toy-0003026,1215,z22,z21,2.3,7.666666666666667,9.516666666666666
toy-0003027,1215,z22,z31,3.2526911934581184,10.842303978193728,12.215958381464668
toy-0003028,1215,z32,z02,6.8999999999999995,22.999999999999996,22.549999999999997
toy-0003029,1220,z00,z30,6.8999999999999995,22.999999999999996,22.549999999999997
toy-0003030,1220,z00,z31,7.273238618387272,24.244128727957573,23.607509418763936
toy-0003031,1220,z20,z31,3.2526911934581184,10.842303978193728,12.215958381464668
toy-0003032,1220,z20,z22,4.6,15.333333333333334,16.03333333333333
toy-0003033,1220,z30,z11,5.142956348249516,17.143187827498387,17.57170965337363
toy-0003034,1220,z01,z31,6.8999999999999995,22.999999999999996,22.549999999999997
toy-0003035,1220,z31,z30,2.3,7.666666666666667,9.516666666666666
toy-0003036,1220,z31,z11,4.6,15.333333333333334,16.03333333333333
toy-0003037,1220,z02,z20,6.505382386916237,21.684607956387456,21.431916762929337
toy-0003038,1220,z02,z12,2.3,7.666666666666667,9.516666666666666
toy-0003039,1220,z12,z32,4.6,15.333333333333334,16.03333333333333
toy-0003040,1220,z22,z20,4.6,15.333333333333334,16.03333333333333
toy-0003041,1220,z22,z32,2.3,7.666666666666667,9.516666666666666
toy-0003042,1220,z32,z10,6.505382386916237,21.684607956387456,21.431916762929337
toy-0003043,1220,z32,z21,3.2526911934581184,10.842303978193728,12.215958381464668
toy-0003044,1220,z32,z31,2.3,7.666666666666667,9.516666666666666
toy-0003045,1225,z10,z12,4.6,15.333333333333334,16.03333333333333
toy-0003046,1225,z30,z32,4.6,15.333333333333334,16.03333333333333
toy-0003047,1225,z01,z02,2.3,7.666666666666667,9.516666666666666
toy-0003048,1225,z01,z22,5.142956348249516,17.143187827498387,17.57170965337363
toy-0003049,1225,z11,z21,2.3,7.666666666666667,9.516666666666666
toy-0003050,1225,z21,z20,2.3,7.666666666666667,9.516666666666666
toy-0003051,1225,z21,z12,3.2526911934581184,10.842303978193728,12.215958381464668
toy-0003052,1225,z21,z22,2.3,7.666666666666667,9.516666666666666
toy-0003053,1225,z31,z21,2.3,7.666666666666667,9.516666666666666
toy-0003054,1225,z31,z12,5.142956348249516,17.143187827498387,17.57170965337363
toy-0003055,1225,z31,z32,2.3,7.666666666666667,9.516666666666666
toy-0003056,1225,z12,z20,5.142956348249516,17.143187827498387,17.57170965337363
toy-0003057,1225,z12,z21,3.2526911934581184,10.842303978193728,12.215958381464668
toy-0003058,1225,z22,z31,3.2526911934581184,10.842303978193728,12.215958381464668
toy-0003059,1225,z32,z20,5.142956348249516,17.143187827498387,17.57170965337363
toy-0003060,1230,z10,z31,5.142956348249516,17.143187827498387,17.57170965337363
toy-0003061,1230,z30,z21,3.2526911934581184,10.842303978193728,12.215958381464668
toy-0003062,1230,z30,z22,5.142956348249516,17.143187827498387,17.57170965337363
toy-0003063,1230,z11,z20,3.2526911934581184,10.842303978193728,12.215958381464668
toy-0003064,1230,z11,z30,5.142956348249516,17.143187827498387,17.57170965337363
toy-0003065,1230,z11,z31,4.6,15.333333333333334,16.03333333333333
toy-0003066,1230,z21,z30,3.2526911934581184,10.842303978193728,12.215958381464668
toy-0003067,1230,z21,z31,2.3,7.666666666666667,9.516666666666666
toy-0003068,1230,z31,z20,3.2526911934581184,10.842303978193728,12.215958381464668
toy-0003069,1230,z31,z01,6.8999999999999995,22.999999999999996,22.549999999999997
toy-0003070,1230,z31,z22,3.2526911934581184,10.842303978193728,12.215958381464668
toy-0003071,1230,z12,z01,3.2526911934581184,10.842303978193728,12.215958381464668
toy-0003072,1230,z32,z00,8.292767933567175,27.64255977855725,26.49617581177366
toy-0003073,1230,z32,z11,5.142956348249516,17.143187827498387,17.57170965337363
toy-0003074,1230,z32,z31,2.3,7.666666666666667,9.516666666666666
toy-0003075,1230,z32,z12,4.6,15.333333333333334,16.03333333333333
toy-0003076,1230,z32,z22,2.3,7.666666666666667,9.516666666666666
toy-0003077,1235,z20,z10,2.3,7.666666666666667,9.516666666666666
toy-0003078,1235,z20,z30,2.3,7.666666666666667,9.516666666666666
toy-0003079,1235,z20,z32,5.142956348249516,17.143187827498387,17.57170965337363
toy-0003080,1235,z30,z31,2.3,7.666666666666667,9.516666666666666
toy-0003081,1235,z11,z12,2.3,7.666666666666667,9.516666666666666
toy-0003082,1235,z11,z32,5.142956348249516,17.143187827498387,17.57170965337363
toy-0003083,1235,z21,z32,3.2526911934581184,10.842303978193728,12.215958381464668
toy-0003084,1235,z31,z11,4.6,15.333333333333334,16.03333333333333
toy-0003085,1235,z31,z21,2.3,7.666666666666667,9.516666666666666
toy-0003086,1235,z31,z32,2.3,7.666666666666667,9.516666666666666
toy-0003087,1235,z22,z21,2.3,7.666666666666667,9.516666666666666
toy-0003088,1235,z22,z12,2.3,7.666666666666667,9.516666666666666
toy-0003089,1235,z22,z32,2.3,7.666666666666667,9.516666666666666
toy-0003090,1235,z32,z21,3.2526911934581184,10.842303978193728,12.215958381464668
toy-0003091,1240,z00,z22,6.505382386916237,21.684607956387456,21.431916762929337
toy-0003092,1240,z10,z01,3.2526911934581184,10.842303978193728,12.215958381464668
toy-0003093,1240,z10,z21,3.2526911934581184,10.842303978193728,12.215958381464668
toy-0003094,1240,z20,z11,3.2526911934581184,10.842303978193728,12.215958381464668
toy-0003095,1240,z20,z21,2.3,7.666666666666667,9.516666666666666
toy-0003096,1240,z20,z31,3.2526911934581184,10.842303978193728,12.215958381464668
toy-0003097,1240,z20,z02,6.505382386916237,21.684607956387456,21.431916762929337
toy-0003098,1240,z01,z00,2.3,7.666666666666667,9.516666666666666
toy-0003099,1240,z01,z11,2.3,7.666666666666667,9.516666666666666
toy-0003100,1240,z01,z32,7.273238618387272,24.244128727957573,23.607509418763936
toy-0003101,1240,z11,z22,3.2526911934581184,10.842303978193728,12.215958381464668
toy-0003102,1240,z21,z10,3.2526911934581184,10.842303978193728,12.215958381464668
toy-0003103,1240,z21,z11,2.3,7.666666666666667,9.516666666666666
toy-0003104,1240,z21,z31,2.3,7.666666666666667,9.516666666666666
toy-0003105,1240,z31,z10,5.142956348249516,17.143187827498387,17.57170965337363
toy-0003106,1240,z31,z02,7.273238618387272,24.244128727957573,23.607509418763936
toy-0003107,1240,z31,z22,3.2526911934581184,10.842303978193728,12.215958381464668
toy-0003108,1240,z22,z10,5.142956348249516,17.143187827498387,17.57170965337363
toy-0003109,1240,z22,z31,3.2526911934581184,10.842303978193728,12.215958381464668
toy-0003110,1240,z32,z30,4.6,15.333333333333334,16.03333333333333
toy-0003111,1240,z32,z31,2.3,7.666666666666667,9.516666666666666
toy-0003112,1245,z10,z32,6.505382386916237,21.684607956387456,21.431916762929337
toy-0003113,1245,z01,z20,5.142956348249516,17.143187827498387,17.57170965337363
toy-0003114,1245,z01,z30,7.273238618387272,24.244128727957573,23.607509418763936
toy-0003115,1245,z11,z31,4.6,15.333333333333334,16.03333333333333
toy-0003116,1245,z21,z22,2.3,7.666666666666667,9.516666666666666
toy-0003117,1245,z31,z00,7.273238618387272,24.244128727957573,23.607509418763936
toy-0003118,1245,z31,z32,2.3,7.666666666666667,9.516666666666666
toy-0003119,1245,z02,z31,7.273238618387272,24.244128727957573,23.607509418763936
toy-0003120,1245,z12,z31,5.142956348249516,17.143187827498387,17.57170965337363
toy-0003121,1245,z22,z01,5.142956348249516,17.143187827498387,17.57170965337363
toy-0003122,1245,z22,z11,3.2526911934581184,10.842303978193728,12.215958381464668
toy-0003123,1245,z32,z22,2.3,7.666666666666667,9.516666666666666
toy-0003124,1250,z10,z30,4.6,15.333333333333334,16.03333333333333
toy-0003125,1250,z20,z22,4.6,15.333333333333334,16.03333333333333
toy-0003126,1250,z01,z10,3.2526911934581184,10.842303978193728,12.215958381464668
toy-0003127,1250,z01,z31,6.8999999999999995,22.999999999999996,22.549999999999997
toy-0003128,1250,z01,z12,3.2526911934581184,10.842303978193728,12.215958381464668
toy-0003129,1250,z11,z21,2.3,7.666666666666667,9.516666666666666
toy-0003130,1250,z21,z32,3.2526911934581184,10.842303978193728,12.215958381464668
toy-0003131,1250,z31,z20,3.2526911934581184,10.842303978193728,12.215958381464668
toy-0003132,1250,z31,z21,2.3,7.666666666666667,9.516666666666666
toy-0003133,1250,z31,z12,5.142956348249516,17.143187827498387,17.57170965337363
toy-0003134,1250,z02,z11,3.2526911934581184,10.842303978193728,12.215958381464668
toy-0003135,1250,z02,z22,4.6,15.333333333333334,16.03333333333333
toy-0003136,1250,z02,z32,6.8999999999999995,22.999999999999996,22.549999999999997
toy-0003137,1250,z12,z30,6.505382386916237,21.684607956387456,21.431916762929337
toy-0003138,1250,z12,z22,2.3,7.666666666666667,9.516666666666666
toy-0003139,1250,z12,z32,4.6,15.333333333333334,16.03333333333333
toy-0003140,1250,z22,z20,4.6,15.333333333333334,16.03333333333333
toy-0003141,1250,z32,z20,5.142956348249516,17.143187827498387,17.57170965337363
toy-0003142,1250,z32,z01,7.273238618387272,24.244128727957573,23.607509418763936
toy-0003143,1250,z32,z21,3.2526911934581184,10.842303978193728,12.215958381464668
toy-0003144,1255,z00,z21,5.142956348249516,17.143187827498387,17.57170965337363
toy-0003145,1255,z10,z11,2.3,7.666666666666667,9.516666666666666
toy-0003146,1255,z11,z01,2.3,7.666666666666667,9.516666666666666
toy-0003147,1255,z11,z02,3.2526911934581184,10.842303978193728,12.215958381464668
toy-0003148,1255,z21,z00,5.142956348249516,17.143187827498387,17.57170965337363
toy-0003149,1255,z21,z20,2.3,7.666666666666667,9.516666666666666
toy-0003150,1255,z21,z31,2.3,7.666666666666667,9.516666666666666
toy-0003151,1255,z31,z30,2.3,7.666666666666667,9.516666666666666
toy-0003152,1255,z31,z11,4.6,15.333333333333334,16.03333333333333
toy-0003153,1255,z31,z22,3.2526911934581184,10.842303978193728,12.215958381464668
toy-0003154,1255,z31,z32,2.3,7.666666666666667,9.516666666666666
toy-0003155,1255,z22,z30,5.142956348249516,17.143187827498387,17.57170965337363
toy-0003156,1255,z22,z21,2.3,7.666666666666667,9.516666666666666
toy-0003157,1255,z22,z31,3.2526911934581184,10.842303978193728,12.215958381464668
toy-0003158,1255,z22,z32,2.3,7.666666666666667,9.516666666666666
toy-0003159,1255,z32,z10,6.505382386916237,21.684607956387456,21.431916762929337
toy-0003160,1255,z32,z11,5.142956348249516,17.143187827498387,17.57170965337363
toy-0003161,1255,z32,z31,2.3,7.666666666666667,9.516666666666666
toy-0003162,1260,z00,z31,7.273238618387272,24.244128727957573,23.607509418763936
toy-0003163,1260,z10,z00,2.3,7.666666666666667,9.516666666666666
toy-0003164,1260,z10,z31,5.142956348249516,17.143187827498387,17.57170965337363
toy-0003165,1260,z20,z31,3.2526911934581184,10.842303978193728,12.215958381464668
toy-0003166,1260,z20,z12,5.142956348249516,17.143187827498387,17.57170965337363
toy-0003167,1260,z20,z32,5.142956348249516,17.143187827498387,17.57170965337363
toy-0003168,1260,z30,z01,7.273238618387272,24.244128727957573,23.607509418763936
toy-0003169,1260,z01,z21,4.6,15.333333333333334,16.03333333333333
toy-0003170,1260,z11,z32,5.142956348249516,17.143187827498387,17.57170965337363
toy-0003171,1260,z21,z01,4.6,15.333333333333334,16.03333333333333
toy-0003172,1260,z31,z01,6.8999999999999995,22.999999999999996,22.549999999999997
toy-0003173,1260,z12,z21,3.2526911934581184,10.842303978193728,12.215958381464668
toy-0003174,1265,z00,z20,4.6,15.333333333333334,16.03333333333333
toy-0003175,1265,z00,z01,2.3,7.666666666666667,9.516666666666666
toy-0003176,1265,z00,z32,8.292767933567175,27.64255977855725,26.49617581177366
toy-0003177,1265,z10,z22,5.142956348249516,17.143187827498387,17.57170965337363
toy-0003178,1265,z11,z31,4.6,15.333333333333334,16.03333333333333
toy-0003179,1265,z21,z12,3.2526911934581184,10.842303978193728,12.215958381464668
toy-0003180,1265,z21,z22,2.3,7.666666666666667,9.516666666666666
toy-0003181,1265,z21,z32,3.2526911934581184,10.842303978193728,12.215958381464668
toy-0003182,1265,z31,z21,2.3,7.666666666666667,9.516666666666666
toy-0003183,1265,z32,z31,2.3,7.666666666666667,9.516666666666666
toy-0003184,1265,z32,z12,4.6,15.333333333333334,16.03333333333333
toy-0003185,1265,z32,z22,2.3,7.666666666666667,9.516666666666666
toy-0003186,1270,z10,z20,2.3,7.666666666666667,9.516666666666666
toy-0003187,1270,z10,z02,5.142956348249516,17.143187827498387,17.57170965337363
toy-0003188,1270,z20,z21,2.3,7.666666666666667,9.516666666666666
toy-0003189,1270,z21,z11,2.3,7.666666666666667,9.516666666666666
toy-0003190,1270,z21,z31,2.3,7.666666666666667,9.516666666666666
toy-0003191,1270,z31,z10,5.142956348249516,17.143187827498387,17.57170965337363
toy-0003192,1270,z31,z20,3.2526911934581184,10.842303978193728,12.215958381464668
toy-0003193,1270,z31,z22,3.2526911934581184,10.842303978193728,12.215958381464668
toy-0003194,1270,z31,z32,2.3,7.666666666666667,9.516666666666666
toy-0003195,1270,z02,z01,2.3,7.666666666666667,9.516666666666666
toy-0003196,1270,z12,z11,2.3,7.666666666666667,9.516666666666666
toy-0003197,1270,z12,z31,5.142956348249516,17.143187827498387,17.57170965337363
toy-0003198,1270,z22,z00,6.505382386916237,21.684607956387456,21.431916762929337
toy-0003199,1270,z22,z31,3.2526911934581184,10.842303978193728,12.215958381464668
toy-0003200,1270,z32,z21,3.2526911934581184,10.842303978193728,12.215958381464668
toy-0003201,1275,z20,z01,5.142956348249516,17.143187827498387,17.57170965337363
toy-0003202,1275,z30,z10,4.6,15.333333333333334,16.03333333333333
toy-0003203,1275,z30,z31,2.3,7.666666666666667,9.516666666666666
toy-0003204,1275,z30,z32,4.6,15.333333333333334,16.03333333333333
toy-0003205,1275,z11,z10,2.3,7.666666666666667,9.516666666666666
toy-0003206,1275,z11,z20,3.2526911934581184,10.842303978193728,12.215958381464668
toy-0003207,1275,z11,z22,3.2526911934581184,10.842303978193728,12.215958381464668
toy-0003208,1275,z31,z11,4.6,15.333333333333334,16.03333333333333
toy-0003209,1275,z31,z21,2.3,7.666666666666667,9.516666666666666
toy-0003210,1275,z31,z12,5.142956348249516,17.143187827498387,17.57170965337363
toy-0003211,1275,z12,z00,5.142956348249516,17.143187827498387,17.57170965337363
toy-0003212,1275,z22,z32,2.3,7.666666666666667,9.516666666666666
toy-0003213,1280,z01,z22,5.142956348249516,17.143187827498387,17.57170965337363
toy-0003214,1280,z11,z21,2.3,7.666666666666667,9.516666666666666
toy-0003215,1280,z31,z32,2.3,7.666666666666667,9.516666666666666
toy-0003216,1280,z22,z11,3.2526911934581184,10.842303978193728,12.215958381464668
toy-0003217,1280,z22,z21,2.3,7.666666666666667,9.516666666666666
toy-0003218,1280,z22,z12,2.3,7.666666666666667,9.516666666666666
toy-0003219,1280,z32,z20,5.142956348249516,17.143187827498387,17.57170965337363
toy-0003220,1280,z32,z11,5.142956348249516,17.143187827498387,17.57170965337363
toy-0003221,1280,z32,z31,2.3,7.666666666666667,9.516666666666666
toy-0003222,1285,z00,z11,3.2526911934581184,10.842303978193728,12.215958381464668
toy-0003223,1285,z10,z21,3.2526911934581184,10.842303978193728,12.215958381464668
toy-0003224,1285,z10,z32,6.505382386916237,21.684607956387456,21.431916762929337
toy-0003225,1285,z20,z11,3.2526911934581184,10.842303978193728,12.215958381464668
toy-0003226,1285,z20,z31,3.2526911934581184,10.842303978193728,12.215958381464668
toy-0003227,1285,z01,z31,6.8999999999999995,22.999999999999996,22.549999999999997
toy-0003228,1285,z01,z32,7.273238618387272,24.244128727957573,23.607509418763936
toy-0003229,1285,z11,z31,4.6,15.333333333333334,16.03333333333333
toy-0003230,1285,z11,z32,5.142956348249516,17.143187827498387,17.57170965337363
toy-0003231,1285,z21,z20,2.3,7.666666666666667,9.516666666666666
toy-0003232,1285,z21,z31,2.3,7.666666666666667,9.516666666666666
toy-0003233,1285,z21,z32,3.2526911934581184,10.842303978193728,12.215958381464668
toy-0003234,1285,z22,z31,3.2526911934581184,10.842303978193728,12.215958381464668
toy-0003235,1285,z32,z00,8.292767933567175,27.64255977855725,26.49617581177366
toy-0003236,1285,z32,z02,6.8999999999999995,22.999999999999996,22.549999999999997
toy-0003237,1290,z20,z00,4.6,15.333333333333334,16.03333333333333
toy-0003238,1290,z20,z22,4.6,15.333333333333334,16.03333333333333
toy-0003239,1290,z20,z32,5.142956348249516,17.143187827498387,17.57170965337363
toy-0003240,1290,z30,z21,3.2526911934581184,10.842303978193728,12.215958381464668
toy-0003241,1290,z30,z12,6.505382386916237,21.684607956387456,21.431916762929337
toy-0003242,1290,z11,z00,3.2526911934581184,10.842303978193728,12.215958381464668
toy-0003243,1290,z21,z10,3.2526911934581184,10.842303978193728,12.215958381464668
toy-0003244,1290,z21,z30,3.2526911934581184,10.842303978193728,12.215958381464668
toy-0003245,1290,z21,z02,5.142956348249516,17.143187827498387,17.57170965337363
toy-0003246,1290,z21,z22,2.3,7.666666666666667,9.516666666666666
toy-0003247,1290,z31,z20,3.2526911934581184,10.842303978193728,12.215958381464668
toy-0003248,1290,z31,z21,2.3,7.666666666666667,9.516666666666666
toy-0003249,1290,z31,z22,3.2526911934581184,10.842303978193728,12.215958381464668
toy-0003250,1290,z02,z21,5.142956348249516,17.143187827498387,17.57170965337363
toy-0003251,1290,z12,z20,5.142956348249516,17.143187827498387,17.57170965337363
toy-0003252,1290,z12,z32,4.6,15.333333333333334,16.03333333333333
toy-0003253,1290,z22,z10,5.142956348249516,17.143187827498387,17.57170965337363
toy-0003254,1290,z22,z20,4.6,15.333333333333334,16.03333333333333
toy-0003255,1290,z22,z02,4.6,15.333333333333334,16.03333333333333
toy-0003256,1290,z32,z30,4.6,15.333333333333334,16.03333333333333
toy-0003257,1290,z32,z21,3.2526911934581184,10.842303978193728,12.215958381464668
toy-0003258,1290,z32,z31,2.3,7.666666666666667,9.516666666666666
toy-0003259,1290,z32,z22,2.3,7.666666666666667,9.516666666666666
toy-0003260,1295,z10,z31,5.142956348249516,17.143187827498387,17.57170965337363
toy-0003261,1295,z11,z12,2.3,7.666666666666667,9.516666666666666
toy-0003262,1295,z31,z00,7.273238618387272,24.244128727957573,23.607509418763936
toy-0003263,1295,z31,z30,2.3,7.666666666666667,9.516666666666666
toy-0003264,1295,z31,z11,4.6,15.333333333333334,16.03333333333333
toy-0003265,1295,z31,z02,7.273238618387272,24.244128727957573,23.607509418763936
toy-0003266,1295,z31,z32,2.3,7.666666666666667,9.516666666666666
toy-0003267,1295,z22,z32,2.3,7.666666666666667,9.516666666666666
toy-0003268,1295,z32,z01,7.273238618387272,24.244128727957573,23.607509418763936
toy-0003269,1300,z30,z22,5.142956348249516,17.143187827498387,17.57170965337363
toy-0003270,1300,z21,z11,2.3,7.666666666666667,9.516666666666666
toy-0003271,1300,z21,z31,2.3,7.666666666666667,9.516666666666666
toy-0003272,1300,z31,z10,5.142956348249516,17.143187827498387,17.57170965337363
toy-0003273,1300,z31,z01,6.8999999999999995,22.999999999999996,22.549999999999997
toy-0003274,1300,z02,z31,7.273238618387272,24.244128727957573,23.607509418763936
toy-0003275,1300,z12,z31,5.142956348249516,17.143187827498387,17.57170965337363
toy-0003276,1300,z12,z22,2.3,7.666666666666667,9.516666666666666
toy-0003277,1300,z32,z10,6.505382386916237,21.684607956387456,21.431916762929337
toy-0003278,1300,z32,z12,4.6,15.333333333333334,16.03333333333333
toy-0003279,1305,z00,z10,2.3,7.666666666666667,9.516666666666666
toy-0003280,1305,z20,z10,2.3,7.666666666666667,9.516666666666666
toy-0003281,1305,z20,z21,2.3,7.666666666666667,9.516666666666666
toy-0003282,1305,z20,z31,3.2526911934581184,10.842303978193728,12.215958381464668
toy-0003283,1305,z30,z20,2.3,7.666666666666667,9.516666666666666
toy-0003284,1305,z30,z11,5.142956348249516,17.143187827498387,17.57170965337363
toy-0003285,1305,z11,z31,4.6,15.333333333333334,16.03333333333333
toy-0003286,1305,z21,z32,3.2526911934581184,10.842303978193728,12.215958381464668
toy-0003287,1305,z31,z21,2.3,7.666666666666667,9.516666666666666
toy-0003288,1305,z31,z12,5.142956348249516,17.143187827498387,17.57170965337363
toy-0003289,1305,z31,z22,3.2526911934581184,10.842303978193728,12.215958381464668
toy-0003290,1305,z12,z10,4.6,15.333333333333334,16.03333333333333
toy-0003291,1305,z12,z21,3.2526911934581184,10.842303978193728,12.215958381464668
toy-0003292,1305,z22,z01,5.142956348249516,17.143187827498387,17.57170965337363
toy-0003293,1305,z22,z21,2.3,7.666666666666667,9.516666666666666
toy-0003294,1305,z22,z31,3.2526911934581184,10.842303978193728,12.215958381464668
toy-0003295,1305,z32,z21,3.2526911934581184,10.842303978193728,12.215958381464668
toy-0003296,1305,z32,z31,2.3,7.666666666666667,9.516666666666666
toy-0003297,1310,z00,z31,7.273238618387272,24.244128727957573,23.607509418763936
toy-0003298,1310,z11,z21,2.3,7.666666666666667,9.516666666666666
toy-0003299,1310,z11,z22,3.2526911934581184,10.842303978193728,12.215958381464668
toy-0003300,1310,z21,z12,3.2526911934581184,10.842303978193728,12.215958381464668
toy-0003301,1310,z31,z32,2.3,7.666666666666667,9.516666666666666
toy-0003302,1310,z12,z02,2.3,7.666666666666667,9.516666666666666
toy-0003303,1310,z22,z11,3.2526911934581184,10.842303978193728,12.215958381464668
toy-0003304,1310,z32,z20,5.142956348249516,17.143187827498387,17.57170965337363
toy-0003305,1310,z32,z11,5.142956348249516,17.143187827498387,17.57170965337363
toy-0003306,1310,z32,z22,2.3,7.666666666666667,9.516666666666666
toy-0003307,1315,z01,z21,4.6,15.333333333333334,16.03333333333333
toy-0003308,1315,z11,z30,5.142956348249516,17.143187827498387,17.57170965337363
toy-0003309,1315,z11,z32,5.142956348249516,17.143187827498387,17.57170965337363
toy-0003310,1315,z21,z01,4.6,15.333333333333334,16.03333333333333
toy-0003311,1315,z21,z31,2.3,7.666666666666667,9.516666666666666
toy-0003312,1315,z21,z22,2.3,7.666666666666667,9.516666666666666
toy-0003313,1315,z31,z20,3.2526911934581184,10.842303978193728,12.215958381464668
toy-0003314,1315,z31,z11,4.6,15.333333333333334,16.03333333333333
toy-0003315,1315,z22,z32,2.3,7.666666666666667,9.516666666666666
toy-0003316,1315,z32,z31,2.3,7.666666666666667,9.516666666666666
toy-0003317,1320,z00,z22,6.505382386916237,21.684607956387456,21.431916762929337
toy-0003318,1320,z10,z12,4.6,15.333333333333334,16.03333333333333
toy-0003319,1320,z10,z22,5.142956348249516,17.143187827498387,17.57170965337363
toy-0003320,1320,z20,z32,5.142956348249516,17.143187827498387,17.57170965337363
toy-0003321,1320,z30,z31,2.3,7.666666666666667,9.516666666666666
toy-0003322,1320,z01,z11,2.3,7.666666666666667,9.516666666666666
toy-0003323,1320,z21,z20,2.3,7.666666666666667,9.516666666666666
toy-0003324,1320,z31,z21,2.3,7.666666666666667,9.516666666666666
toy-0003325,1320,z31,z22,3.2526911934581184,10.842303978193728,12.215958381464668
toy-0003326,1320,z31,z32,2.3,7.666666666666667,9.516666666666666
toy-0003327,1320,z22,z31,3.2526911934581184,10.842303978193728,12.215958381464668
toy-0003328,1325,z01,z31,6.8999999999999995,22.999999999999996,22.549999999999997
toy-0003329,1325,z11,z20,3.2526911934581184,10.842303978193728,12.215958381464668
toy-0003330,1325,z21,z00,5.142956348249516,17.143187827498387,17.57170965337363
toy-0003331,1325,z21,z32,3.2526911934581184,10.842303978193728,12.215958381464668
toy-0003332,1325,z02,z32,6.8999999999999995,22.999999999999996,22.549999999999997
toy-0003333,1325,z22,z20,4.6,15.333333333333334,16.03333333333333
toy-0003334,1325,z22,z30,5.142956348249516,17.143187827498387,17.57170965337363
toy-0003335,1330,z00,z21,5.142956348249516,17.143187827498387,17.57170965337363
toy-0003336,1330,z00,z32,8.292767933567175,27.64255977855725,26.49617581177366
toy-0003337,1330,z10,z11,2.3,7.666666666666667,9.516666666666666
toy-0003338,1330,z10,z31,5.142956348249516,17.143187827498387,17.57170965337363
toy-0003339,1330,z10,z32,6.505382386916237,21.684607956387456,21.431916762929337
toy-0003340,1330,z20,z30,2.3,7.666666666666667,9.516666666666666
toy-0003341,1330,z20,z31,3.2526911934581184,10.842303978193728,12.215958381464668
toy-0003342,1330,z20,z12,5.142956348249516,17.143187827498387,17.57170965337363
toy-0003343,1330,z20,z22,4.6,15.333333333333334,16.03333333333333
toy-0003344,1330,z01,z20,5.142956348249516,17.143187827498387,17.57170965337363
toy-0003345,1330,z11,z31,4.6,15.333333333333334,16.03333333333333
toy-0003346,1330,z21,z31,2.3,7.666666666666667,9.516666666666666
toy-0003347,1330,z12,z31,5.142956348249516,17.143187827498387,17.57170965337363
toy-0003348,1330,z12,z32,4.6,15.333333333333334,16.03333333333333
toy-0003349,1330,z22,z21,2.3,7.666666666666667,9.516666666666666
toy-0003350,1330,z22,z12,2.3,7.666666666666667,9.516666666666666
toy-0003351,1330,z32,z21,3.2526911934581184,10.842303978193728,12.215958381464668
toy-0003352,1330,z32,z31,2.3,7.666666666666667,9.516666666666666
toy-0003353,1335,z00,z02,4.6,15.333333333333334,16.03333333333333
toy-0003354,1335,z00,z12,5.142956348249516,17.143187827498387,17.57170965337363
toy-0003355,1335,z20,z11,3.2526911934581184,10.842303978193728,12.215958381464668
toy-0003356,1335,z30,z32,4.6,15.333333333333334,16.03333333333333
toy-0003357,1335,z01,z32,7.273238618387272,24.244128727957573,23.607509418763936
toy-0003358,1335,z11,z01,2.3,7.666666666666667,9.516666666666666
toy-0003359,1335,z21,z11,2.3,7.666666666666667,9.516666666666666
toy-0003360,1335,z31,z32,2.3,7.666666666666667,9.516666666666666
toy-0003361,1335,z12,z11,2.3,7.666666666666667,9.516666666666666
toy-0003362,1335,z32,z22,2.3,7.666666666666667,9.516666666666666
toy-0003363,1340,z10,z21,3.2526911934581184,10.842303978193728,12.215958381464668
toy-0003364,1340,z21,z10,3.2526911934581184,10.842303978193728,12.215958381464668
toy-0003365,1340,z31,z10,5.142956348249516,17.143187827498387,17.57170965337363
toy-0003366,1340,z31,z20,3.2526911934581184,10.842303978193728,12.215958381464668
toy-0003367,1340,z31,z30,2.3,7.666666666666667,9.516666666666666
toy-0003368,1340,z31,z01,6.8999999999999995,22.999999999999996,22.549999999999997
toy-0003369,1340,z31,z11,4.6,15.333333333333334,16.03333333333333
toy-0003370,1340,z31,z21,2.3,7.666666666666667,9.516666666666666
toy-0003371,1340,z31,z12,5.142956348249516,17.143187827498387,17.57170965337363
toy-0003372,1340,z31,z22,3.2526911934581184,10.842303978193728,12.215958381464668
toy-0003373,1340,z02,z10,5.142956348249516,17.143187827498387,17.57170965337363
toy-0003374,1340,z12,z01,3.2526911934581184,10.842303978193728,12.215958381464668
toy-0003375,1340,z22,z31,3.2526911934581184,10.842303978193728,12.215958381464668
toy-0003376,1340,z32,z20,5.142956348249516,17.143187827498387,17.57170965337363
toy-0003377,1340,z32,z11,5.142956348249516,17.143187827498387,17.57170965337363
toy-0003378,1345,z20,z21,2.3,7.666666666666667,9.516666666666666
toy-0003379,1345,z01,z22,5.142956348249516,17.143187827498387,17.57170965337363
toy-0003380,1345,z21,z22,2.3,7.666666666666667,9.516666666666666
toy-0003381,1345,z22,z32,2.3,7.666666666666667,9.516666666666666
toy-0003382,1345,z32,z31,2.3,7.666666666666667,9.516666666666666
toy-0003383,1345,z32,z12,4.6,15.333333333333334,16.03333333333333
toy-0003384,1350,z11,z21,2.3,7.666666666666667,9.516666666666666
toy-0003385,1350,z11,z22,3.2526911934581184,10.842303978193728,12.215958381464668
toy-0003386,1350,z11,z32,5.142956348249516,17.143187827498387,17.57170965337363
toy-0003387,1350,z21,z31,2.3,7.666666666666667,9.516666666666666
toy-0003388,1350,z21,z32,3.2526911934581184,10.842303978193728,12.215958381464668
toy-0003389,1350,z31,z00,7.273238618387272,24.244128727957573,23.607509418763936
toy-0003390,1350,z22,z10,5.142956348249516,17.143187827498387,17.57170965337363
toy-0003391,1350,z32,z10,6.505382386916237,21.684607956387456,21.431916762929337
toy-0003392,1350,z32,z01,7.273238618387272,24.244128727957573,23.607509418763936
toy-0003393,1355,z10,z20,2.3,7.666666666666667,9.516666666666666
toy-0003394,1355,z20,z32,5.142956348249516,17.143187827498387,17.57170965337363
toy-0003395,1355,z11,z10,2.3,7.666666666666667,9.516666666666666
toy-0003396,1355,z11,z31,4.6,15.333333333333334,16.03333333333333
toy-0003397,1355,z31,z32,2.3,7.666666666666667,9.516666666666666
toy-0003398,1355,z02,z00,4.6,15.333333333333334,16.03333333333333
toy-0003399,1355,z02,z20,6.505382386916237,21.684607956387456,21.431916762929337
toy-0003400,1355,z02,z22,4.6,15.333333333333334,16.03333333333333
toy-0003401,1355,z12,z21,3.2526911934581184,10.842303978193728,12.215958381464668
toy-0003402,1355,z12,z22,2.3,7.666666666666667,9.516666666666666
toy-0003403,1355,z22,z11,3.2526911934581184,10.842303978193728,12.215958381464668
toy-0003404,1355,z32,z30,4.6,15.333333333333334,16.03333333333333
toy-0003405,1355,z32,z21,3.2526911934581184,10.842303978193728,12.215958381464668
toy-0003406,1360,z20,z31,3.2526911934581184,10.842303978193728,12.215958381464668
toy-0003407,1360,z30,z21,3.2526911934581184,10.842303978193728,12.215958381464668
toy-0003408,1360,z21,z30,3.2526911934581184,10.842303978193728,12.215958381464668
toy-0003409,1360,z31,z21,2.3,7.666666666666667,9.516666666666666
toy-0003410,1360,z31,z02,7.273238618387272,24.244128727957573,23.607509418763936
toy-0003411,1360,z31,z22,3.2526911934581184,10.842303978193728,12.215958381464668
toy-0003412,1360,z22,z00,6.505382386916237,21.684607956387456,21.431916762929337
toy-0003413,1360,z22,z21,2.3,7.666666666666667,9.516666666666666
toy-0003414,1360,z22,z31,3.2526911934581184,10.842303978193728,12.215958381464668
toy-0003415,1360,z32,z00,8.292767933567175,27.64255977855725,26.49617581177366
toy-0003416,1360,z32,z22,2.3,7.666666666666667,9.516666666666666
toy-0003417,1365,z20,z01,5.142956348249516,17.143187827498387,17.57170965337363
toy-0003418,1365,z11,z12,2.3,7.666666666666667,9.516666666666666
toy-0003419,1365,z21,z20,2.3,7.666666666666667,9.516666666666666
toy-0003420,1365,z21,z31,2.3,7.666666666666667,9.516666666666666
toy-0003421,1365,z21,z12,3.2526911934581184,10.842303978193728,12.215958381464668
toy-0003422,1365,z12,z31,5.142956348249516,17.143187827498387,17.57170965337363
toy-0003423,1365,z32,z31,2.3,7.666666666666667,9.516666666666666
toy-0003424,1370,z00,z31,7.273238618387272,24.244128727957573,23.607509418763936
toy-0003425,1370,z10,z01,3.2526911934581184,10.842303978193728,12.215958381464668
toy-0003426,1370,z10,z31,5.142956348249516,17.143187827498387,17.57170965337363
toy-0003427,1370,z30,z31,2.3,7.666666666666667,9.516666666666666
toy-0003428,1370,z01,z31,6.8999999999999995,22.999999999999996,22.549999999999997
toy-0003429,1370,z31,z20,3.2526911934581184,10.842303978193728,12.215958381464668
toy-0003430,1370,z31,z11,4.6,15.333333333333334,16.03333333333333
toy-0003431,1370,z31,z32,2.3,7.666666666666667,9.516666666666666
toy-0003432,1370,z02,z31,7.273238618387272,24.244128727957573,23.607509418763936
toy-0003433,1370,z12,z20,5.142956348249516,17.143187827498387,17.57170965337363
toy-0003434,1370,z22,z32,2.3,7.666666666666667,9.516666666666666
toy-0003435,1370,z32,z02,6.8999999999999995,22.999999999999996,22.549999999999997
toy-0003436,1375,z20,z22,4.6,15.333333333333334,16.03333333333333
toy-0003437,1375,z01,z12,3.2526911934581184,10.842303978193728,12.215958381464668
toy-0003438,1375,z21,z11,2.3,7.666666666666667,9.516666666666666
toy-0003439,1375,z21,z22,2.3,7.666666666666667,9.516666666666666
toy-0003440,1375,z21,z32,3.2526911934581184,10.842303978193728,12.215958381464668
toy-0003441,1375,z31,z21,2.3,7.666666666666667,9.516666666666666
toy-0003442,1375,z31,z12,5.142956348249516,17.143187827498387,17.57170965337363
toy-0003443,1375,z22,z20,4.6,15.333333333333334,16.03333333333333
toy-0003444,1375,z32,z11,5.142956348249516,17.143187827498387,17.57170965337363
toy-0003445,1375,z32,z21,3.2526911934581184,10.842303978193728,12.215958381464668
toy-0003446,1380,z30,z22,5.142956348249516,17.143187827498387,17.57170965337363
toy-0003447,1380,z31,z10,5.142956348249516,17.143187827498387,17.57170965337363
toy-0003448,1380,z12,z32,4.6,15.333333333333334,16.03333333333333
toy-0003449,1380,z22,z01,5.142956348249516,17.143187827498387,17.57170965337363
toy-0003450,1380,z22,z31,3.2526911934581184,10.842303978193728,12.215958381464668
toy-0003451,1380,z32,z20,5.142956348249516,17.143187827498387,17.57170965337363
toy-0003452,1380,z32,z31,2.3,7.666666666666667,9.516666666666666
toy-0003453,1385,z11,z31,4.6,15.333333333333334,16.03333333333333
toy-0003454,1385,z11,z32,5.142956348249516,17.143187827498387,17.57170965337363
toy-0003455,1385,z21,z01,4.6,15.333333333333334,16.03333333333333
toy-0003456,1385,z31,z22,3.2526911934581184,10.842303978193728,12.215958381464668
toy-0003457,1390,z10,z22,5.142956348249516,17.143187827498387,17.57170965337363
toy-0003458,1390,z10,z32,6.505382386916237,21.684607956387456,21.431916762929337
toy-0003459,1390,z20,z21,2.3,7.666666666666667,9.516666666666666
toy-0003460,1390,z20,z02,6.505382386916237,21.684607956387456,21.431916762929337
toy-0003461,1390,z01,z21,4.6,15.333333333333334,16.03333333333333
toy-0003462,1390,z11,z20,3.2526911934581184,10.842303978193728,12.215958381464668
toy-0003463,1390,z21,z31,2.3,7.666666666666667,9.516666666666666
toy-0003464,1390,z31,z01,6.8999999999999995,22.999999999999996,22.549999999999997
toy-0003465,1390,z31,z32,2.3,7.666666666666667,9.516666666666666
toy-0003466,1390,z32,z22,2.3,7.666666666666667,9.516666666666666
toy-0003467,1395,z20,z31,3.2526911934581184,10.842303978193728,12.215958381464668
toy-0003468,1395,z01,z10,3.2526911934581184,10.842303978193728,12.215958381464668
toy-0003469,1395,z11,z21,2.3,7.666666666666667,9.516666666666666
toy-0003470,1395,z02,z11,3.2526911934581184,10.842303978193728,12.215958381464668
toy-0003471,1395,z02,z21,5.142956348249516,17.143187827498387,17.57170965337363
toy-0003472,1395,z12,z30,6.505382386916237,21.684607956387456,21.431916762929337
toy-0003473,1395,z22,z12,2.3,7.666666666666667,9.516666666666666
toy-0003474,1400,z20,z32,5.142956348249516,17.143187827498387,17.57170965337363
toy-0003475,1400,z01,z32,7.273238618387272,24.244128727957573,23.607509418763936
toy-0003476,1400,z11,z22,3.2526911934581184,10.842303978193728,12.215958381464668
toy-0003477,1400,z31,z11,4.6,15.333333333333334,16.03333333333333
toy-0003478,1400,z22,z21,2.3,7.666666666666667,9.516666666666666
toy-0003479,1405,z00,z20,4.6,15.333333333333334,16.03333333333333
toy-0003480,1405,z20,z10,2.3,7.666666666666667,9.516666666666666
toy-0003481,1405,z20,z11,3.2526911934581184,10.842303978193728,12.215958381464668
toy-0003482,1405,z11,z02,3.2526911934581184,10.842303978193728,12.215958381464668
toy-0003483,1405,z21,z02,5.142956348249516,17.143187827498387,17.57170965337363
toy-0003484,1405,z31,z30,2.3,7.666666666666667,9.516666666666666
toy-0003485,1405,z31,z21,2.3,7.666666666666667,9.516666666666666
toy-0003486,1405,z32,z31,2.3,7.666666666666667,9.516666666666666
toy-0003487,1405,z32,z12,4.6,15.333333333333334,16.03333333333333
toy-0003488,1410,z21,z32,3.2526911934581184,10.842303978193728,12.215958381464668
toy-0003489,1410,z31,z20,3.2526911934581184,10.842303978193728,12.215958381464668
toy-0003490,1410,z22,z11,3.2526911934581184,10.842303978193728,12.215958381464668
toy-0003491,1410,z22,z32,2.3,7.666666666666667,9.516666666666666
toy-0003492,1410,z32,z21,3.2526911934581184,10.842303978193728,12.215958381464668
toy-0003493,1415,z10,z21,3.2526911934581184,10.842303978193728,12.215958381464668
toy-0003494,1415,z30,z32,4.6,15.333333333333334,16.03333333333333
toy-0003495,1415,z21,z10,3.2526911934581184,10.842303978193728,12.215958381464668
toy-0003496,1415,z21,z31,2.3,7.666666666666667,9.516666666666666
toy-0003497,1415,z31,z22,3.2526911934581184,10.842303978193728,12.215958381464668
toy-0003498,1415,z31,z32,2.3,7.666666666666667,9.516666666666666
toy-0003499,1415,z22,z31,3.2526911934581184,10.842303978193728,12.215958381464668
toy-0003500,1415,z32,z10,6.505382386916237,21.684607956387456,21.431916762929337
toy-0003501,1420,z00,z11,3.2526911934581184,10.842303978193728,12.215958381464668
toy-0003502,1420,z10,z30,4.6,15.333333333333334,16.03333333333333
toy-0003503,1420,z21,z20,2.3,7.666666666666667,9.516666666666666
toy-0003504,1420,z21,z22,2.3,7.666666666666667,9.516666666666666
toy-0003505,1420,z02,z12,2.3,7.666666666666667,9.516666666666666
toy-0003506,1420,z12,z31,5.142956348249516,17.143187827498387,17.57170965337363
toy-0003507,1420,z22,z02,4.6,15.333333333333334,16.03333333333333
toy-0003508,1425,z10,z31,5.142956348249516,17.143187827498387,17.57170965337363
toy-0003509,1425,z11,z31,4.6,15.333333333333334,16.03333333333333
toy-0003510,1425,z31,z00,7.273238618387272,24.244128727957573,23.607509418763936
toy-0003511,1425,z32,z01,7.273238618387272,24.244128727957573,23.607509418763936
toy-0003512,1425,z32,z11,5.142956348249516,17.143187827498387,17.57170965337363
toy-0003513,1430,z00,z32,8.292767933567175,27.64255977855725,26.49617581177366
toy-0003514,1430,z30,z11,5.142956348249516,17.143187827498387,17.57170965337363
toy-0003515,1430,z11,z00,3.2526911934581184,10.842303978193728,12.215958381464668
toy-0003516,1430,z31,z21,2.3,7.666666666666667,9.516666666666666
toy-0003517,1430,z31,z12,5.142956348249516,17.143187827498387,17.57170965337363
toy-0003518,1430,z12,z21,3.2526911934581184,10.842303978193728,12.215958381464668
toy-0003519,1430,z22,z30,5.142956348249516,17.143187827498387,17.57170965337363
toy-0003520,1430,z32,z31,2.3,7.666666666666667,9.516666666666666
toy-0003521,1430,z32,z22,2.3,7.666666666666667,9.516666666666666
toy-0003522,1435,z10,z11,2.3,7.666666666666667,9.516666666666666
toy-0003523,1435,z20,z31,3.2526911934581184,10.842303978193728,12.215958381464668
toy-0003524,1435,z20,z12,5.142956348249516,17.143187827498387,17.57170965337363
toy-0003525,1435,z30,z02,8.292767933567175,27.64255977855725,26.49617581177366
toy-0003526,1435,z01,z11,2.3,7.666666666666667,9.516666666666666
toy-0003527,1435,z01,z31,6.8999999999999995,22.999999999999996,22.549999999999997
toy-0003528,1435,z11,z32,5.142956348249516,17.143187827498387,17.57170965337363
toy-0003529,1435,z21,z11,2.3,7.666666666666667,9.516666666666666
toy-0003530,1435,z12,z11,2.3,7.666666666666667,9.516666666666666
toy-0003531,1435,z12,z22,2.3,7.666666666666667,9.516666666666666
toy-0003532,1435,z32,z20,5.142956348249516,17.143187827498387,17.57170965337363
toy-0003533,1440,z21,z00,5.142956348249516,17.143187827498387,17.57170965337363
toy-0003534,1440,z21,z12,3.2526911934581184,10.842303978193728,12.215958381464668
toy-0003535,1440,z31,z32,2.3,7.666666666666667,9.516666666666666
toy-0003536,1445,z00,z21,5.142956348249516,17.143187827498387,17.57170965337363
toy-0003537,1445,z30,z20,2.3,7.666666666666667,9.516666666666666
toy-0003538,1445,z31,z10,5.142956348249516,17.143187827498387,17.57170965337363
toy-0003539,1445,z31,z11,4.6,15.333333333333334,16.03333333333333
toy-0003540,1445,z22,z10,5.142956348249516,17.143187827498387,17.57170965337363
toy-0003541,1450,z00,z22,6.505382386916237,21.684607956387456,21.431916762929337
toy-0003542,1450,z20,z22,4.6,15.333333333333334,16.03333333333333
toy-0003543,1450,z30,z31,2.3,7.666666666666667,9.516666666666666
toy-0003544,1450,z01,z30,7.273238618387272,24.244128727957573,23.607509418763936
toy-0003545,1450,z21,z31,2.3,7.666666666666667,9.516666666666666
toy-0003546,1450,z21,z32,3.2526911934581184,10.842303978193728,12.215958381464668
toy-0003547,1450,z31,z22,3.2526911934581184,10.842303978193728,12.215958381464668
toy-0003548,1450,z02,z32,6.8999999999999995,22.999999999999996,22.549999999999997
toy-0003549,1450,z22,z20,4.6,15.333333333333334,16.03333333333333
toy-0003550,1450,z22,z21,2.3,7.666666666666667,9.516666666666666
toy-0003551,1450,z22,z31,3.2526911934581184,10.842303978193728,12.215958381464668
toy-0003552,1450,z32,z30,4.6,15.333333333333334,16.03333333333333
toy-0003553,1455,z20,z00,4.6,15.333333333333334,16.03333333333333
toy-0003554,1455,z01,z22,5.142956348249516,17.143187827498387,17.57170965337363
toy-0003555,1455,z22,z32,2.3,7.666666666666667,9.516666666666666
toy-0003556,1455,z32,z21,3.2526911934581184,10.842303978193728,12.215958381464668
toy-0003557,1460,z11,z30,5.142956348249516,17.143187827498387,17.57170965337363
toy-0003558,1460,z31,z20,3.2526911934581184,10.842303978193728,12.215958381464668
toy-0003559,1460,z12,z10,4.6,15.333333333333334,16.03333333333333
toy-0003560,1460,z12,z32,4.6,15.333333333333334,16.03333333333333
toy-0003561,1460,z32,z31,2.3,7.666666666666667,9.516666666666666
toy-0003562,1465,z20,z21,2.3,7.666666666666667,9.516666666666666
toy-0003563,1470,z20,z32,5.142956348249516,17.143187827498387,17.57170965337363
toy-0003564,1470,z30,z00,6.8999999999999995,22.999999999999996,22.549999999999997
toy-0003565,1470,z11,z21,2.3,7.666666666666667,9.516666666666666
toy-0003566,1475,z00,z31,7.273238618387272,24.244128727957573,23.607509418763936
toy-0003567,1475,z31,z01,6.8999999999999995,22.999999999999996,22.549999999999997
toy-0003568,1475,z31,z21,2.3,7.666666666666667,9.516666666666666
toy-0003569,1480,z11,z01,2.3,7.666666666666667,9.516666666666666
toy-0003570,1480,z11,z31,4.6,15.333333333333334,16.03333333333333
toy-0003571,1480,z31,z02,7.273238618387272,24.244128727957573,23.607509418763936
toy-0003572,1480,z31,z32,2.3,7.666666666666667,9.516666666666666
toy-0003573,1485,z11,z22,3.2526911934581184,10.842303978193728,12.215958381464668
toy-0003574,1490,z10,z32,6.505382386916237,21.684607956387456,21.431916762929337
toy-0003575,1490,z30,z12,6.505382386916237,21.684607956387456,21.431916762929337
toy-0003576,1490,z01,z20,5.142956348249516,17.143187827498387,17.57170965337363
toy-0003577,1490,z21,z30,3.2526911934581184,10.842303978193728,12.215958381464668
toy-0003578,1490,z21,z22,2.3,7.666666666666667,9.516666666666666
toy-0003579,1490,z32,z00,8.292767933567175,27.64255977855725,26.49617581177366
toy-0003580,1495,z10,z12,4.6,15.333333333333334,16.03333333333333
toy-0003581,1495,z30,z10,4.6,15.333333333333334,16.03333333333333
toy-0003582,1495,z30,z01,7.273238618387272,24.244128727957573,23.607509418763936
toy-0003583,1495,z30,z21,3.2526911934581184,10.842303978193728,12.215958381464668
toy-0003584,1495,z11,z10,2.3,7.666666666666667,9.516666666666666
toy-0003585,1495,z21,z31,2.3,7.666666666666667,9.516666666666666
toy-0003586,1495,z12,z31,5.142956348249516,17.143187827498387,17.57170965337363
toy-0003587,1495,z32,z22,2.3,7.666666666666667,9.516666666666666
toy-0003588,1500,z22,z31,3.2526911934581184,10.842303978193728,12.215958381464668
toy-0003589,1500,z32,z12,4.6,15.333333333333334,16.03333333333333
toy-0003590,1505,z01,z00,2.3,7.666666666666667,9.516666666666666
toy-0003591,1505,z11,z12,2.3,7.666666666666667,9.516666666666666
toy-0003592,1505,z31,z22,3.2526911934581184,10.842303978193728,12.215958381464668
toy-0003593,1505,z22,z11,3.2526911934581184,10.842303978193728,12.215958381464668
toy-0003594,1505,z32,z11,5.142956348249516,17.143187827498387,17.57170965337363
toy-0003595,1505,z32,z31,2.3,7.666666666666667,9.516666666666666
toy-0003596,1510,z20,z31,3.2526911934581184,10.842303978193728,12.215958381464668
toy-0003597,1510,z02,z31,7.273238618387272,24.244128727957573,23.607509418763936
toy-0003598,1515,z21,z32,3.2526911934581184,10.842303978193728,12.215958381464668
toy-0003599,1515,z31,z30,2.3,7.666666666666667,9.516666666666666
toy-0003600,1515,z31,z11,4.6,15.333333333333334,16.03333333333333
toy-0003601,1515,z12,z00,5.142956348249516,17.143187827498387,17.57170965337363
toy-0003602,1520,z10,z00,2.3,7.666666666666667,9.516666666666666
toy-0003603,1520,z10,z20,2.3,7.666666666666667,9.516666666666666
toy-0003604,1520,z11,z20,3.2526911934581184,10.842303978193728,12.215958381464668
toy-0003605,1520,z21,z20,2.3,7.666666666666667,9.516666666666666
toy-0003606,1525,z31,z12,5.142956348249516,17.143187827498387,17.57170965337363
toy-0003607,1525,z31,z32,2.3,7.666666666666667,9.516666666666666
toy-0003608,1525,z32,z21,3.2526911934581184,10.842303978193728,12.215958381464668
toy-0003609,1530,z00,z30,6.8999999999999995,22.999999999999996,22.549999999999997
toy-0003610,1530,z10,z31,5.142956348249516,17.143187827498387,17.57170965337363
toy-0003611,1530,z11,z32,5.142956348249516,17.143187827498387,17.57170965337363
toy-0003612,1530,z31,z21,2.3,7.666666666666667,9.516666666666666
toy-0003613,1530,z22,z32,2.3,7.666666666666667,9.516666666666666
toy-0003614,1535,z21,z01,4.6,15.333333333333334,16.03333333333333
toy-0003615,1535,z12,z20,5.142956348249516,17.143187827498387,17.57170965337363
toy-0003616,1535,z22,z12,2.3,7.666666666666667,9.516666666666666
toy-0003617,1540,z20,z30,2.3,7.666666666666667,9.516666666666666
toy-0003618,1540,z01,z21,4.6,15.333333333333334,16.03333333333333
toy-0003619,1540,z01,z32,7.273238618387272,24.244128727957573,23.607509418763936
toy-0003620,1540,z31,z20,3.2526911934581184,10.842303978193728,12.215958381464668
toy-0003621,1540,z22,z21,2.3,7.666666666666667,9.516666666666666
toy-0003622,1540,z32,z20,5.142956348249516,17.143187827498387,17.57170965337363
toy-0003623,1545,z10,z22,5.142956348249516,17.143187827498387,17.57170965337363
toy-0003624,1545,z21,z11,2.3,7.666666666666667,9.516666666666666
toy-0003625,1545,z22,z01,5.142956348249516,17.143187827498387,17.57170965337363
toy-0003626,1545,z32,z10,6.505382386916237,21.684607956387456,21.431916762929337
toy-0003627,1555,z20,z11,3.2526911934581184,10.842303978193728,12.215958381464668
toy-0003628,1560,z21,z31,2.3,7.666666666666667,9.516666666666666
toy-0003629,1560,z32,z31,2.3,7.666666666666667,9.516666666666666
toy-0003630,1565,z02,z30,8.292767933567175,27.64255977855725,26.49617581177366
toy-0003631,1565,z22,z00,6.505382386916237,21.684607956387456,21.431916762929337
toy-0003632,1570,z01,z31,6.8999999999999995,22.999999999999996,22.549999999999997
toy-0003633,1570,z11,z31,4.6,15.333333333333334,16.03333333333333
toy-0003634,1570,z31,z10,5.142956348249516,17.143187827498387,17.57170965337363
toy-0003635,1575,z10,z21,3.2526911934581184,10.842303978193728,12.215958381464668
toy-0003636,1575,z22,z31,3.2526911934581184,10.842303978193728,12.215958381464668
toy-0003637,1580,z31,z22,3.2526911934581184,10.842303978193728,12.215958381464668
toy-0003638,1585,z21,z10,3.2526911934581184,10.842303978193728,12.215958381464668
toy-0003639,1590,z31,z32,2.3,7.666666666666667,9.516666666666666
toy-0003640,1590,z32,z02,6.8999999999999995,22.999999999999996,22.549999999999997
toy-0003641,1595,z20,z32,5.142956348249516,17.143187827498387,17.57170965337363
toy-0003642,1595,z32,z22,2.3,7.666666666666667,9.516666666666666
toy-0003643,1600,z30,z22,5.142956348249516,17.143187827498387,17.57170965337363
toy-0003644,1600,z21,z22,2.3,7.666666666666667,9.516666666666666
toy-0003645,1600,z12,z21,3.2526911934581184,10.842303978193728,12.215958381464668
toy-0003646,1605,z01,z02,2.3,7.666666666666667,9.516666666666666
toy-0003647,1605,z11,z21,2.3,7.666666666666667,9.516666666666666
toy-0003648,1605,z31,z21,2.3,7.666666666666667,9.516666666666666
toy-0003649,1605,z22,z20,4.6,15.333333333333334,16.03333333333333
toy-0003650,1610,z20,z22,4.6,15.333333333333334,16.03333333333333
toy-0003651,1610,z21,z32,3.2526911934581184,10.842303978193728,12.215958381464668
toy-0003652,1610,z31,z00,7.273238618387272,24.244128727957573,23.607509418763936
toy-0003653,1610,z32,z01,7.273238618387272,24.244128727957573,23.607509418763936
toy-0003654,1615,z20,z21,2.3,7.666666666666667,9.516666666666666
toy-0003655,1615,z30,z32,4.6,15.333333333333334,16.03333333333333
toy-0003656,1625,z20,z31,3.2526911934581184,10.842303978193728,12.215958381464668
toy-0003657,1625,z31,z11,4.6,15.333333333333334,16.03333333333333
toy-0003658,1625,z32,z21,3.2526911934581184,10.842303978193728,12.215958381464668
toy-0003659,1630,z20,z01,5.142956348249516,17.143187827498387,17.57170965337363
toy-0003660,1630,z21,z12,3.2526911934581184,10.842303978193728,12.215958381464668
toy-0003661,1635,z12,z32,4.6,15.333333333333334,16.03333333333333
toy-0003662,1640,z30,z31,2.3,7.666666666666667,9.516666666666666
toy-0003663,1640,z32,z31,2.3,7.666666666666667,9.516666666666666
toy-0003664,1655,z21,z31,2.3,7.666666666666667,9.516666666666666
toy-0003665,1655,z31,z01,6.8999999999999995,22.999999999999996,22.549999999999997
toy-0003666,1655,z12,z31,5.142956348249516,17.143187827498387,17.57170965337363
toy-0003667,1655,z22,z32,2.3,7.666666666666667,9.516666666666666
toy-0003668,1660,z02,z22,4.6,15.333333333333334,16.03333333333333
toy-0003669,1660,z12,z22,2.3,7.666666666666667,9.516666666666666
toy-0003670,1660,z32,z11,5.142956348249516,17.143187827498387,17.57170965337363
toy-0003671,1665,z12,z01,3.2526911934581184,10.842303978193728,12.215958381464668
toy-0003672,1675,z11,z22,3.2526911934581184,10.842303978193728,12.215958381464668
toy-0003673,1680,z31,z32,2.3,7.666666666666667,9.516666666666666
toy-0003674,1685,z00,z01,2.3,7.666666666666667,9.516666666666666
toy-0003675,1685,z31,z20,3.2526911934581184,10.842303978193728,12.215958381464668
toy-0003676,1685,z22,z31,3.2526911934581184,10.842303978193728,12.215958381464668
toy-0003677,1695,z31,z22,3.2526911934581184,10.842303978193728,12.215958381464668
toy-0003678,1695,z22,z21,2.3,7.666666666666667,9.516666666666666
toy-0003679,1700,z11,z32,5.142956348249516,17.143187827498387,17.57170965337363
toy-0003680,1705,z31,z12,5.142956348249516,17.143187827498387,17.57170965337363
toy-0003681,1705,z22,z11,3.2526911934581184,10.842303978193728,12.215958381464668
toy-0003682,1710,z31,z21,2.3,7.666666666666667,9.516666666666666
toy-0003683,1715,z20,z10,2.3,7.666666666666667,9.516666666666666
toy-0003684,1715,z11,z31,4.6,15.333333333333334,16.03333333333333
toy-0003685,1715,z22,z10,5.142956348249516,17.143187827498387,17.57170965337363
toy-0003686,1725,z32,z20,5.142956348249516,17.143187827498387,17.57170965337363
toy-0003687,1725,z32,z30,4.6,15.333333333333334,16.03333333333333
toy-0003688,1725,z32,z12,4.6,15.333333333333334,16.03333333333333
toy-0003689,1730,z00,z32,8.292767933567175,27.64255977855725,26.49617581177366
toy-0003690,1730,z21,z20,2.3,7.666666666666667,9.516666666666666
toy-0003691,1730,z32,z31,2.3,7.666666666666667,9.516666666666666
toy-0003692,1735,z10,z31,5.142956348249516,17.143187827498387,17.57170965337363
toy-0003693,1740,z00,z31,7.273238618387272,24.244128727957573,23.607509418763936
toy-0003694,1740,z10,z32,6.505382386916237,21.684607956387456,21.431916762929337
toy-0003695,1740,z21,z11,2.3,7.666666666666667,9.516666666666666
toy-0003696,1740,z21,z32,3.2526911934581184,10.842303978193728,12.215958381464668
toy-0003697,1740,z12,z11,2.3,7.666666666666667,9.516666666666666
toy-0003698,1740,z32,z22,2.3,7.666666666666667,9.516666666666666
toy-0003699,1745,z21,z31,2.3,7.666666666666667,9.516666666666666
toy-0003700,1750,z31,z32,2.3,7.666666666666667,9.516666666666666
toy-0003701,1750,z32,z21,3.2526911934581184,10.842303978193728,12.215958381464668
toy-0003702,1755,z20,z12,5.142956348249516,17.143187827498387,17.57170965337363
toy-0003703,1755,z01,z22,5.142956348249516,17.143187827498387,17.57170965337363
toy-0003704,1755,z21,z22,2.3,7.666666666666667,9.516666666666666
toy-0003705,1755,z31,z30,2.3,7.666666666666667,9.516666666666666
toy-0003706,1755,z31,z11,4.6,15.333333333333334,16.03333333333333
toy-0003707,1760,z20,z31,3.2526911934581184,10.842303978193728,12.215958381464668
toy-0003708,1760,z02,z21,5.142956348249516,17.143187827498387,17.57170965337363
toy-0003709,1760,z22,z30,5.142956348249516,17.143187827498387,17.57170965337363
toy-0003710,1765,z20,z32,5.142956348249516,17.143187827498387,17.57170965337363
toy-0003711,1765,z31,z10,5.142956348249516,17.143187827498387,17.57170965337363
toy-0003712,1765,z22,z31,3.2526911934581184,10.842303978193728,12.215958381464668
toy-0003713,1770,z00,z10,2.3,7.666666666666667,9.516666666666666
toy-0003714,1770,z10,z11,2.3,7.666666666666667,9.516666666666666
toy-0003715,1770,z10,z02,5.142956348249516,17.143187827498387,17.57170965337363
toy-0003716,1770,z21,z02,5.142956348249516,17.143187827498387,17.57170965337363
toy-0003717,1770,z31,z21,2.3,7.666666666666667,9.516666666666666
toy-0003718,1770,z31,z22,3.2526911934581184,10.842303978193728,12.215958381464668
toy-0003719,1770,z22,z32,2.3,7.666666666666667,9.516666666666666
toy-0003720,1775,z01,z31,6.8999999999999995,22.999999999999996,22.549999999999997
toy-0003721,1775,z11,z20,3.2526911934581184,10.842303978193728,12.215958381464668
toy-0003722,1775,z31,z02,7.273238618387272,24.244128727957573,23.607509418763936
toy-0003723,1775,z32,z10,6.505382386916237,21.684607956387456,21.431916762929337
toy-0003724,1775,z32,z31,2.3,7.666666666666667,9.516666666666666
toy-0003725,1780,z11,z21,2.3,7.666666666666667,9.516666666666666
toy-0003726,1785,z01,z12,3.2526911934581184,10.842303978193728,12.215958381464668
toy-0003727,1785,z21,z00,5.142956348249516,17.143187827498387,17.57170965337363
toy-0003728,1785,z31,z20,3.2526911934581184,10.842303978193728,12.215958381464668
toy-0003729,1790,z00,z21,5.142956348249516,17.143187827498387,17.57170965337363
toy-0003730,1790,z20,z21,2.3,7.666666666666667,9.516666666666666
toy-0003731,1790,z01,z32,7.273238618387272,24.244128727957573,23.607509418763936
toy-0003732,1790,z11,z31,4.6,15.333333333333334,16.03333333333333
toy-0003733,1790,z31,z32,2.3,7.666666666666667,9.516666666666666
toy-0003734,1790,z22,z12,2.3,7.666666666666667,9.516666666666666
toy-0003735,1790,z32,z11,5.142956348249516,17.143187827498387,17.57170965337363
toy-0003736,1795,z01,z11,2.3,7.666666666666667,9.516666666666666
toy-0003737,1795,z21,z31,2.3,7.666666666666667,9.516666666666666
toy-0003738,1795,z12,z31,5.142956348249516,17.143187827498387,17.57170965337363
toy-0003739,1795,z22,z20,4.6,15.333333333333334,16.03333333333333
toy-0003740,1795,z22,z21,2.3,7.666666666666667,9.516666666666666
toy-0003741,1800,z00,z12,5.142956348249516,17.143187827498387,17.57170965337363
toy-0003742,1800,z20,z11,3.2526911934581184,10.842303978193728,12.215958381464668
toy-0003743,1800,z20,z22,4.6,15.333333333333334,16.03333333333333
toy-0003744,1800,z30,z21,3.2526911934581184,10.842303978193728,12.215958381464668
toy-0003745,1800,z11,z32,5.142956348249516,17.143187827498387,17.57170965337363
toy-0003746,1800,z21,z30,3.2526911934581184,10.842303978193728,12.215958381464668
toy-0003747,1800,z21,z32,3.2526911934581184,10.842303978193728,12.215958381464668
toy-0003748,1800,z02,z31,7.273238618387272,24.244128727957573,23.607509418763936
toy-0003749,1800,z02,z32,6.8999999999999995,22.999999999999996,22.549999999999997
toy-0003750,1800,z32,z00,8.292767933567175,27.64255977855725,26.49617581177366
toy-0003751,1800,z32,z22,2.3,7.666666666666667,9.516666666666666
toy-0003752,1805,z00,z22,6.505382386916237,21.684607956387456,21.431916762929337
toy-0003753,1805,z10,z01,3.2526911934581184,10.842303978193728,12.215958381464668
toy-0003754,1805,z10,z21,3.2526911934581184,10.842303978193728,12.215958381464668
toy-0003755,1805,z10,z22,5.142956348249516,17.143187827498387,17.57170965337363
toy-0003756,1805,z01,z21,4.6,15.333333333333334,16.03333333333333
toy-0003757,1805,z11,z12,2.3,7.666666666666667,9.516666666666666
toy-0003758,1805,z11,z22,3.2526911934581184,10.842303978193728,12.215958381464668
toy-0003759,1805,z21,z01,4.6,15.333333333333334,16.03333333333333
toy-0003760,1805,z31,z01,6.8999999999999995,22.999999999999996,22.549999999999997
toy-0003761,1805,z31,z21,2.3,7.666666666666667,9.516666666666666
toy-0003762,1805,z31,z12,5.142956348249516,17.143187827498387,17.57170965337363
toy-0003763,1805,z02,z20,6.505382386916237,21.684607956387456,21.431916762929337
toy-0003764,1805,z12,z21,3.2526911934581184,10.842303978193728,12.215958381464668
toy-0003765,1805,z12,z32,4.6,15.333333333333334,16.03333333333333
toy-0003766,1805,z22,z31,3.2526911934581184,10.842303978193728,12.215958381464668
toy-0003767,1805,z32,z21,3.2526911934581184,10.842303978193728,12.215958381464668
toy-0003768,1805,z32,z31,2.3,7.666666666666667,9.516666666666666
toy-0003769,1810,z30,z11,5.142956348249516,17.143187827498387,17.57170965337363
toy-0003770,1810,z30,z31,2.3,7.666666666666667,9.516666666666666
toy-0003771,1810,z11,z10,2.3,7.666666666666667,9.516666666666666
toy-0003772,1810,z21,z10,3.2526911934581184,10.842303978193728,12.215958381464668
toy-0003773,1810,z21,z12,3.2526911934581184,10.842303978193728,12.215958381464668
toy-0003774,1810,z31,z11,4.6,15.333333333333334,16.03333333333333
toy-0003775,1810,z31,z22,3.2526911934581184,10.842303978193728,12.215958381464668
toy-0003776,1810,z12,z02,2.3,7.666666666666667,9.516666666666666
toy-0003777,1810,z22,z02,4.6,15.333333333333334,16.03333333333333
toy-0003778,1810,z32,z20,5.142956348249516,17.143187827498387,17.57170965337363
toy-0003779,1815,z10,z31,5.142956348249516,17.143187827498387,17.57170965337363
toy-0003780,1815,z20,z31,3.2526911934581184,10.842303978193728,12.215958381464668
toy-0003781,1815,z11,z01,2.3,7.666666666666667,9.516666666666666
toy-0003782,1815,z21,z20,2.3,7.666666666666667,9.516666666666666
toy-0003783,1815,z21,z11,2.3,7.666666666666667,9.516666666666666
toy-0003784,1815,z21,z31,2.3,7.666666666666667,9.516666666666666
toy-0003785,1815,z21,z22,2.3,7.666666666666667,9.516666666666666
toy-0003786,1815,z31,z00,7.273238618387272,24.244128727957573,23.607509418763936
toy-0003787,1815,z31,z32,2.3,7.666666666666667,9.516666666666666
toy-0003788,1815,z02,z01,2.3,7.666666666666667,9.516666666666666
toy-0003789,1815,z22,z01,5.142956348249516,17.143187827498387,17.57170965337363
toy-0003790,1815,z22,z11,3.2526911934581184,10.842303978193728,12.215958381464668
toy-0003791,1815,z22,z32,2.3,7.666666666666667,9.516666666666666
toy-0003792,1815,z32,z01,7.273238618387272,24.244128727957573,23.607509418763936
toy-0003793,1820,z00,z20,4.6,15.333333333333334,16.03333333333333
toy-0003794,1820,z00,z11,3.2526911934581184,10.842303978193728,12.215958381464668
toy-0003795,1820,z12,z20,5.142956348249516,17.143187827498387,17.57170965337363
toy-0003796,1825,z10,z20,2.3,7.666666666666667,9.516666666666666
toy-0003797,1825,z20,z32,5.142956348249516,17.143187827498387,17.57170965337363
toy-0003798,1825,z30,z32,4.6,15.333333333333334,16.03333333333333
toy-0003799,1825,z01,z10,3.2526911934581184,10.842303978193728,12.215958381464668
toy-0003800,1825,z11,z30,5.142956348249516,17.143187827498387,17.57170965337363
toy-0003801,1825,z11,z31,4.6,15.333333333333334,16.03333333333333
toy-0003802,1825,z31,z20,3.2526911934581184,10.842303978193728,12.215958381464668
toy-0003803,1825,z12,z22,2.3,7.666666666666667,9.516666666666666
toy-0003804,1825,z32,z31,2.3,7.666666666666667,9.516666666666666
toy-0003805,1825,z32,z12,4.6,15.333333333333334,16.03333333333333
toy-0003806,1830,z10,z32,6.505382386916237,21.684607956387456,21.431916762929337
toy-0003807,1830,z30,z20,2.3,7.666666666666667,9.516666666666666
toy-0003808,1830,z01,z20,5.142956348249516,17.143187827498387,17.57170965337363
toy-0003809,1830,z11,z00,3.2526911934581184,10.842303978193728,12.215958381464668
toy-0003810,1830,z21,z32,3.2526911934581184,10.842303978193728,12.215958381464668
toy-0003811,1830,z31,z10,5.142956348249516,17.143187827498387,17.57170965337363
toy-0003812,1830,z31,z21,2.3,7.666666666666667,9.516666666666666
toy-0003813,1830,z31,z22,3.2526911934581184,10.842303978193728,12.215958381464668
toy-0003814,1830,z31,z32,2.3,7.666666666666667,9.516666666666666
toy-0003815,1830,z12,z30,6.505382386916237,21.684607956387456,21.431916762929337
toy-0003816,1830,z22,z21,2.3,7.666666666666667,9.516666666666666
toy-0003817,1830,z22,z31,3.2526911934581184,10.842303978193728,12.215958381464668
toy-0003818,1830,z32,z21,3.2526911934581184,10.842303978193728,12.215958381464668
toy-0003819,1835,z11,z21,2.3,7.666666666666667,9.516666666666666
toy-0003820,1835,z02,z11,3.2526911934581184,10.842303978193728,12.215958381464668
toy-0003821,1835,z12,z10,4.6,15.333333333333334,16.03333333333333
toy-0003822,1835,z32,z11,5.142956348249516,17.143187827498387,17.57170965337363
toy-0003823,1835,z32,z22,2.3,7.666666666666667,9.516666666666666
toy-0003824,1840,z00,z31,7.273238618387272,24.244128727957573,23.607509418763936
toy-0003825,1840,z20,z02,6.505382386916237,21.684607956387456,21.431916762929337
toy-0003826,1840,z01,z31,6.8999999999999995,22.999999999999996,22.549999999999997
toy-0003827,1840,z11,z02,3.2526911934581184,10.842303978193728,12.215958381464668
toy-0003828,1840,z11,z32,5.142956348249516,17.143187827498387,17.57170965337363
toy-0003829,1840,z21,z31,2.3,7.666666666666667,9.516666666666666
toy-0003830,1840,z31,z30,2.3,7.666666666666667,9.516666666666666
toy-0003831,1840,z31,z11,4.6,15.333333333333334,16.03333333333333
toy-0003832,1840,z12,z31,5.142956348249516,17.143187827498387,17.57170965337363
toy-0003833,1845,z20,z21,2.3,7.666666666666667,9.516666666666666
toy-0003834,1845,z20,z31,3.2526911934581184,10.842303978193728,12.215958381464668
toy-0003835,1845,z30,z22,5.142956348249516,17.143187827498387,17.57170965337363
toy-0003836,1845,z22,z10,5.142956348249516,17.143187827498387,17.57170965337363
toy-0003837,1845,z22,z32,2.3,7.666666666666667,9.516666666666666
toy-0003838,1845,z32,z30,4.6,15.333333333333334,16.03333333333333
toy-0003839,1845,z32,z31,2.3,7.666666666666667,9.516666666666666
toy-0003840,1850,z10,z12,4.6,15.333333333333334,16.03333333333333
toy-0003841,1850,z21,z22,2.3,7.666666666666667,9.516666666666666
toy-0003842,1850,z31,z21,2.3,7.666666666666667,9.516666666666666
toy-0003843,1850,z31,z12,5.142956348249516,17.143187827498387,17.57170965337363
toy-0003844,1850,z31,z32,2.3,7.666666666666667,9.516666666666666
toy-0003845,1850,z22,z00,6.505382386916237,21.684607956387456,21.431916762929337
toy-0003846,1850,z22,z20,4.6,15.333333333333334,16.03333333333333
toy-0003847,1850,z32,z10,6.505382386916237,21.684607956387456,21.431916762929337
toy-0003848,1850,z32,z02,6.8999999999999995,22.999999999999996,22.549999999999997
toy-0003849,1855,z20,z00,4.6,15.333333333333334,16.03333333333333
toy-0003850,1855,z20,z22,4.6,15.333333333333334,16.03333333333333
toy-0003851,1855,z11,z31,4.6,15.333333333333334,16.03333333333333
toy-0003852,1855,z11,z22,3.2526911934581184,10.842303978193728,12.215958381464668
toy-0003853,1855,z21,z32,3.2526911934581184,10.842303978193728,12.215958381464668
toy-0003854,1855,z31,z20,3.2526911934581184,10.842303978193728,12.215958381464668
toy-0003855,1855,z31,z22,3.2526911934581184,10.842303978193728,12.215958381464668
toy-0003856,1855,z22,z31,3.2526911934581184,10.842303978193728,12.215958381464668
toy-0003857,1855,z32,z20,5.142956348249516,17.143187827498387,17.57170965337363
toy-0003858,1860,z00,z32,8.292767933567175,27.64255977855725,26.49617581177366
toy-0003859,1860,z10,z31,5.142956348249516,17.143187827498387,17.57170965337363
toy-0003860,1860,z20,z32,5.142956348249516,17.143187827498387,17.57170965337363
toy-0003861,1860,z30,z31,2.3,7.666666666666667,9.516666666666666
toy-0003862,1860,z01,z22,5.142956348249516,17.143187827498387,17.57170965337363
toy-0003863,1860,z01,z32,7.273238618387272,24.244128727957573,23.607509418763936
toy-0003864,1860,z11,z20,3.2526911934581184,10.842303978193728,12.215958381464668
toy-0003865,1860,z21,z11,2.3,7.666666666666667,9.516666666666666
toy-0003866,1860,z21,z31,2.3,7.666666666666667,9.516666666666666
toy-0003867,1860,z31,z01,6.8999999999999995,22.999999999999996,22.549999999999997
toy-0003868,1860,z12,z11,2.3,7.666666666666667,9.516666666666666
toy-0003869,1860,z12,z21,3.2526911934581184,10.842303978193728,12.215958381464668
toy-0003870,1860,z12,z32,4.6,15.333333333333334,16.03333333333333
toy-0003871,1860,z22,z11,3.2526911934581184,10.842303978193728,12.215958381464668
toy-0003872,1860,z22,z21,2.3,7.666666666666667,9.516666666666666
toy-0003873,1860,z32,z21,3.2526911934581184,10.842303978193728,12.215958381464668
toy-0003874,1860,z32,z31,2.3,7.666666666666667,9.516666666666666
toy-0003875,1860,z32,z22,2.3,7.666666666666667,9.516666666666666
toy-0003876,1865,z10,z21,3.2526911934581184,10.842303978193728,12.215958381464668
toy-0003877,1865,z20,z30,2.3,7.666666666666667,9.516666666666666
toy-0003878,1865,z20,z11,3.2526911934581184,10.842303978193728,12.215958381464668
toy-0003879,1865,z20,z31,3.2526911934581184,10.842303978193728,12.215958381464668
toy-0003880,1865,z01,z21,4.6,15.333333333333334,16.03333333333333
toy-0003881,1865,z11,z32,5.142956348249516,17.143187827498387,17.57170965337363
toy-0003882,1865,z21,z20,2.3,7.666666666666667,9.516666666666666
toy-0003883,1865,z31,z11,4.6,15.333333333333334,16.03333333333333
toy-0003884,1865,z31,z21,2.3,7.666666666666667,9.516666666666666
toy-0003885,1865,z31,z32,2.3,7.666666666666667,9.516666666666666
toy-0003886,1865,z02,z10,5.142956348249516,17.143187827498387,17.57170965337363
toy-0003887,1865,z02,z31,7.273238618387272,24.244128727957573,23.607509418763936
toy-0003888,1865,z12,z31,5.142956348249516,17.143187827498387,17.57170965337363
toy-0003889,1865,z22,z31,3.2526911934581184,10.842303978193728,12.215958381464668
toy-0003890,1865,z22,z12,2.3,7.666666666666667,9.516666666666666
toy-0003891,1865,z22,z32,2.3,7.666666666666667,9.516666666666666
toy-0003892,1870,z00,z21,5.142956348249516,17.143187827498387,17.57170965337363
toy-0003893,1870,z00,z31,7.273238618387272,24.244128727957573,23.607509418763936
toy-0003894,1870,z10,z30,4.6,15.333333333333334,16.03333333333333
toy-0003895,1870,z10,z11,2.3,7.666666666666667,9.516666666666666
toy-0003896,1870,z10,z22,5.142956348249516,17.143187827498387,17.57170965337363
toy-0003897,1870,z10,z32,6.505382386916237,21.684607956387456,21.431916762929337
toy-0003898,1870,z20,z10,2.3,7.666666666666667,9.516666666666666
toy-0003899,1870,z20,z01,5.142956348249516,17.143187827498387,17.57170965337363
toy-0003900,1870,z20,z12,5.142956348249516,17.143187827498387,17.57170965337363
toy-0003901,1870,z30,z21,3.2526911934581184,10.842303978193728,12.215958381464668
toy-0003902,1870,z30,z32,4.6,15.333333333333334,16.03333333333333
toy-0003903,1870,z01,z31,6.8999999999999995,22.999999999999996,22.549999999999997
toy-0003904,1870,z11,z21,2.3,7.666666666666667,9.516666666666666
toy-0003905,1870,z11,z31,4.6,15.333333333333334,16.03333333333333
toy-0003906,1870,z21,z31,2.3,7.666666666666667,9.516666666666666
toy-0003907,1870,z21,z32,3.2526911934581184,10.842303978193728,12.215958381464668
toy-0003908,1870,z02,z21,5.142956348249516,17.143187827498387,17.57170965337363
toy-0003909,1870,z02,z22,4.6,15.333333333333334,16.03333333333333
toy-0003910,1870,z02,z32,6.8999999999999995,22.999999999999996,22.549999999999997
toy-0003911,1870,z32,z11,5.142956348249516,17.143187827498387,17.57170965337363
toy-0003912,1870,z32,z31,2.3,7.666666666666667,9.516666666666666
toy-0003913,1875,z10,z31,5.142956348249516,17.143187827498387,17.57170965337363
toy-0003914,1875,z20,z21,2.3,7.666666666666667,9.516666666666666
toy-0003915,1875,z20,z31,3.2526911934581184,10.842303978193728,12.215958381464668
toy-0003916,1875,z30,z31,2.3,7.666666666666667,9.516666666666666
toy-0003917,1875,z30,z12,6.505382386916237,21.684607956387456,21.431916762929337
toy-0003918,1875,z21,z10,3.2526911934581184,10.842303978193728,12.215958381464668
toy-0003919,1875,z21,z31,2.3,7.666666666666667,9.516666666666666
toy-0003920,1875,z21,z12,3.2526911934581184,10.842303978193728,12.215958381464668
toy-0003921,1875,z21,z22,2.3,7.666666666666667,9.516666666666666
toy-0003922,1875,z31,z22,3.2526911934581184,10.842303978193728,12.215958381464668
toy-0003923,1875,z31,z32,2.3,7.666666666666667,9.516666666666666
toy-0003924,1875,z12,z22,2.3,7.666666666666667,9.516666666666666
toy-0003925,1875,z22,z31,3.2526911934581184,10.842303978193728,12.215958381464668
toy-0003926,1875,z32,z21,3.2526911934581184,10.842303978193728,12.215958381464668
toy-0003927,1875,z32,z31,2.3,7.666666666666667,9.516666666666666
toy-0003928,1875,z32,z12,4.6,15.333333333333334,16.03333333333333
toy-0003929,1880,z00,z22,6.505382386916237,21.684607956387456,21.431916762929337
toy-0003930,1880,z20,z22,4.6,15.333333333333334,16.03333333333333
toy-0003931,1880,z20,z32,5.142956348249516,17.143187827498387,17.57170965337363
toy-0003932,1880,z01,z11,2.3,7.666666666666667,9.516666666666666
toy-0003933,1880,z01,z31,6.8999999999999995,22.999999999999996,22.549999999999997
toy-0003934,1880,z01,z32,7.273238618387272,24.244128727957573,23.607509418763936
toy-0003935,1880,z11,z31,4.6,15.333333333333334,16.03333333333333
toy-0003936,1880,z11,z22,3.2526911934581184,10.842303978193728,12.215958381464668
toy-0003937,1880,z31,z10,5.142956348249516,17.143187827498387,17.57170965337363
toy-0003938,1880,z31,z21,2.3,7.666666666666667,9.516666666666666
toy-0003939,1880,z31,z02,7.273238618387272,24.244128727957573,23.607509418763936
toy-0003940,1880,z02,z31,7.273238618387272,24.244128727957573,23.607509418763936
toy-0003941,1880,z12,z31,5.142956348249516,17.143187827498387,17.57170965337363
toy-0003942,1880,z12,z32,4.6,15.333333333333334,16.03333333333333
toy-0003943,1880,z22,z30,5.142956348249516,17.143187827498387,17.57170965337363
toy-0003944,1880,z22,z21,2.3,7.666666666666667,9.516666666666666
toy-0003945,1880,z22,z32,2.3,7.666666666666667,9.516666666666666
toy-0003946,1880,z32,z22,2.3,7.666666666666667,9.516666666666666
toy-0003947,1885,z00,z32,8.292767933567175,27.64255977855725,26.49617581177366
toy-0003948,1885,z10,z31,5.142956348249516,17.143187827498387,17.57170965337363
toy-0003949,1885,z30,z10,4.6,15.333333333333334,16.03333333333333
toy-0003950,1885,z11,z12,2.3,7.666666666666667,9.516666666666666
toy-0003951,1885,z11,z32,5.142956348249516,17.143187827498387,17.57170965337363
toy-0003952,1885,z21,z01,4.6,15.333333333333334,16.03333333333333
toy-0003953,1885,z21,z31,2.3,7.666666666666667,9.516666666666666
toy-0003954,1885,z21,z32,3.2526911934581184,10.842303978193728,12.215958381464668
toy-0003955,1885,z31,z20,3.2526911934581184,10.842303978193728,12.215958381464668
toy-0003956,1885,z31,z32,2.3,7.666666666666667,9.516666666666666
toy-0003957,1885,z02,z12,2.3,7.666666666666667,9.516666666666666
toy-0003958,1885,z12,z21,3.2526911934581184,10.842303978193728,12.215958381464668
toy-0003959,1885,z22,z31,3.2526911934581184,10.842303978193728,12.215958381464668
toy-0003960,1885,z32,z20,5.142956348249516,17.143187827498387,17.57170965337363
toy-0003961,1885,z32,z01,7.273238618387272,24.244128727957573,23.607509418763936
toy-0003962,1885,z32,z31,2.3,7.666666666666667,9.516666666666666
toy-0003963,1890,z00,z31,7.273238618387272,24.244128727957573,23.607509418763936
toy-0003964,1890,z10,z21,3.2526911934581184,10.842303978193728,12.215958381464668
toy-0003965,1890,z10,z32,6.505382386916237,21.684607956387456,21.431916762929337
toy-0003966,1890,z20,z31,3.2526911934581184,10.842303978193728,12.215958381464668
toy-0003967,1890,z30,z11,5.142956348249516,17.143187827498387,17.57170965337363
toy-0003968,1890,z30,z31,2.3,7.666666666666667,9.516666666666666
toy-0003969,1890,z30,z22,5.142956348249516,17.143187827498387,17.57170965337363
toy-0003970,1890,z11,z21,2.3,7.666666666666667,9.516666666666666
toy-0003971,1890,z11,z31,4.6,15.333333333333334,16.03333333333333
toy-0003972,1890,z21,z30,3.2526911934581184,10.842303978193728,12.215958381464668
toy-0003973,1890,z31,z12,5.142956348249516,17.143187827498387,17.57170965337363
toy-0003974,1890,z31,z22,3.2526911934581184,10.842303978193728,12.215958381464668
toy-0003975,1890,z12,z20,5.142956348249516,17.143187827498387,17.57170965337363
toy-0003976,1890,z12,z31,5.142956348249516,17.143187827498387,17.57170965337363
toy-0003977,1890,z22,z20,4.6,15.333333333333334,16.03333333333333
toy-0003978,1890,z32,z21,3.2526911934581184,10.842303978193728,12.215958381464668
toy-0003979,1895,z10,z20,2.3,7.666666666666667,9.516666666666666
toy-0003980,1895,z20,z21,2.3,7.666666666666667,9.516666666666666
toy-0003981,1895,z20,z32,5.142956348249516,17.143187827498387,17.57170965337363
toy-0003982,1895,z30,z32,4.6,15.333333333333334,16.03333333333333
toy-0003983,1895,z01,z30,7.273238618387272,24.244128727957573,23.607509418763936
toy-0003984,1895,z01,z21,4.6,15.333333333333334,16.03333333333333
toy-0003985,1895,z01,z31,6.8999999999999995,22.999999999999996,22.549999999999997
toy-0003986,1895,z01,z22,5.142956348249516,17.143187827498387,17.57170965337363
toy-0003987,1895,z21,z11,2.3,7.666666666666667,9.516666666666666
toy-0003988,1895,z21,z31,2.3,7.666666666666667,9.516666666666666
toy-0003989,1895,z21,z22,2.3,7.666666666666667,9.516666666666666
toy-0003990,1895,z31,z11,4.6,15.333333333333334,16.03333333333333
toy-0003991,1895,z31,z21,2.3,7.666666666666667,9.516666666666666
toy-0003992,1895,z12,z01,3.2526911934581184,10.842303978193728,12.215958381464668
toy-0003993,1895,z22,z11,3.2526911934581184,10.842303978193728,12.215958381464668
toy-0003994,1895,z22,z31,3.2526911934581184,10.842303978193728,12.215958381464668
toy-0003995,1895,z22,z32,2.3,7.666666666666667,9.516666666666666
toy-0003996,1895,z32,z31,2.3,7.666666666666667,9.516666666666666
toy-0003997,1900,z00,z11,3.2526911934581184,10.842303978193728,12.215958381464668
toy-0003998,1900,z10,z31,5.142956348249516,17.143187827498387,17.57170965337363
toy-0003999,1900,z10,z22,5.142956348249516,17.143187827498387,17.57170965337363
toy-0004000,1900,z20,z31,3.2526911934581184,10.842303978193728,12.215958381464668
toy-0004001,1900,z30,z21,3.2526911934581184,10.842303978193728,12.215958381464668
toy-0004002,1900,z01,z20,5.142956348249516,17.143187827498387,17.57170965337363
toy-0004003,1900,z11,z10,2.3,7.666666666666667,9.516666666666666
toy-0004004,1900,z11,z20,3.2526911934581184,10.842303978193728,12.215958381464668
toy-0004005,1900,z11,z31,4.6,15.333333333333334,16.03333333333333
toy-0004006,1900,z11,z32,5.142956348249516,17.143187827498387,17.57170965337363
toy-0004007,1900,z21,z20,2.3,7.666666666666667,9.516666666666666
toy-0004008,1900,z21,z32,3.2526911934581184,10.842303978193728,12.215958381464668
toy-0004009,1900,z31,z00,7.273238618387272,24.244128727957573,23.607509418763936
toy-0004010,1900,z31,z32,2.3,7.666666666666667,9.516666666666666
toy-0004011,1900,z02,z31,7.273238618387272,24.244128727957573,23.607509418763936
toy-0004012,1900,z02,z32,6.8999999999999995,22.999999999999996,22.549999999999997
toy-0004013,1900,z12,z32,4.6,15.333333333333334,16.03333333333333
toy-0004014,1900,z22,z01,5.142956348249516,17.143187827498387,17.57170965337363
toy-0004015,1900,z22,z21,2.3,7.666666666666667,9.516666666666666
toy-0004016,1900,z32,z00,8.292767933567175,27.64255977855725,26.49617581177366
toy-0004017,1900,z32,z11,5.142956348249516,17.143187827498387,17.57170965337363
toy-0004018,1900,z32,z31,2.3,7.666666666666667,9.516666666666666
toy-0004019,1900,z32,z22,2.3,7.666666666666667,9.516666666666666
toy-0004020,1905,z00,z21,5.142956348249516,17.143187827498387,17.57170965337363
toy-0004021,1905,z00,z31,7.273238618387272,24.244128727957573,23.607509418763936
toy-0004022,1905,z20,z11,3.2526911934581184,10.842303978193728,12.215958381464668
toy-0004023,1905,z30,z20,2.3,7.666666666666667,9.516666666666666
toy-0004024,1905,z30,z01,7.273238618387272,24.244128727957573,23.607509418763936
toy-0004025,1905,z01,z12,3.2526911934581184,10.842303978193728,12.215958381464668
toy-0004026,1905,z01,z32,7.273238618387272,24.244128727957573,23.607509418763936
toy-0004027,1905,z11,z22,3.2526911934581184,10.842303978193728,12.215958381464668
toy-0004028,1905,z21,z00,5.142956348249516,17.143187827498387,17.57170965337363
toy-0004029,1905,z21,z31,2.3,7.666666666666667,9.516666666666666
toy-0004030,1905,z31,z22,3.2526911934581184,10.842303978193728,12.215958381464668
toy-0004031,1905,z02,z21,5.142956348249516,17.143187827498387,17.57170965337363
toy-0004032,1905,z12,z11,2.3,7.666666666666667,9.516666666666666
toy-0004033,1905,z12,z31,5.142956348249516,17.143187827498387,17.57170965337363
toy-0004034,1905,z12,z22,2.3,7.666666666666667,9.516666666666666
toy-0004035,1905,z22,z31,3.2526911934581184,10.842303978193728,12.215958381464668
toy-0004036,1905,z32,z21,3.2526911934581184,10.842303978193728,12.215958381464668
toy-0004037,1910,z00,z20,4.6,15.333333333333334,16.03333333333333
toy-0004038,1910,z00,z32,8.292767933567175,27.64255977855725,26.49617581177366
toy-0004039,1910,z10,z32,6.505382386916237,21.684607956387456,21.431916762929337
toy-0004040,1910,z20,z31,3.2526911934581184,10.842303978193728,12.215958381464668
toy-0004041,1910,z20,z22,4.6,15.333333333333334,16.03333333333333
toy-0004042,1910,z30,z31,2.3,7.666666666666667,9.516666666666666
toy-0004043,1910,z01,z31,6.8999999999999995,22.999999999999996,22.549999999999997
toy-0004044,1910,z11,z21,2.3,7.666666666666667,9.516666666666666
toy-0004045,1910,z11,z31,4.6,15.333333333333334,16.03333333333333
toy-0004046,1910,z31,z30,2.3,7.666666666666667,9.516666666666666
toy-0004047,1910,z31,z21,2.3,7.666666666666667,9.516666666666666
toy-0004048,1910,z31,z32,2.3,7.666666666666667,9.516666666666666
toy-0004049,1910,z02,z20,6.505382386916237,21.684607956387456,21.431916762929337
toy-0004050,1910,z02,z11,3.2526911934581184,10.842303978193728,12.215958381464668
toy-0004051,1910,z02,z22,4.6,15.333333333333334,16.03333333333333
toy-0004052,1910,z12,z21,3.2526911934581184,10.842303978193728,12.215958381464668
toy-0004053,1910,z22,z10,5.142956348249516,17.143187827498387,17.57170965337363
toy-0004054,1910,z22,z32,2.3,7.666666666666667,9.516666666666666
toy-0004055,1910,z32,z10,6.505382386916237,21.684607956387456,21.431916762929337
toy-0004056,1910,z32,z31,2.3,7.666666666666667,9.516666666666666
toy-0004057,1915,z10,z11,2.3,7.666666666666667,9.516666666666666
toy-0004058,1915,z10,z31,5.142956348249516,17.143187827498387,17.57170965337363
toy-0004059,1915,z20,z21,2.3,7.666666666666667,9.516666666666666
toy-0004060,1915,z20,z32,5.142956348249516,17.143187827498387,17.57170965337363
toy-0004061,1915,z11,z01,2.3,7.666666666666667,9.516666666666666
toy-0004062,1915,z21,z31,2.3,7.666666666666667,9.516666666666666
toy-0004063,1915,z21,z22,2.3,7.666666666666667,9.516666666666666
toy-0004064,1915,z21,z32,3.2526911934581184,10.842303978193728,12.215958381464668
toy-0004065,1915,z31,z20,3.2526911934581184,10.842303978193728,12.215958381464668
toy-0004066,1915,z12,z00,5.142956348249516,17.143187827498387,17.57170965337363
toy-0004067,1915,z12,z31,5.142956348249516,17.143187827498387,17.57170965337363
toy-0004068,1915,z22,z31,3.2526911934581184,10.842303978193728,12.215958381464668
toy-0004069,1920,z00,z31,7.273238618387272,24.244128727957573,23.607509418763936
toy-0004070,1920,z00,z22,6.505382386916237,21.684607956387456,21.431916762929337
toy-0004071,1920,z10,z21,3.2526911934581184,10.842303978193728,12.215958381464668
toy-0004072,1920,z20,z31,3.2526911934581184,10.842303978193728,12.215958381464668
toy-0004073,1920,z30,z22,5.142956348249516,17.143187827498387,17.57170965337363
toy-0004074,1920,z30,z32,4.6,15.333333333333334,16.03333333333333
toy-0004075,1920,z01,z21,4.6,15.333333333333334,16.03333333333333
toy-0004076,1920,z11,z31,4.6,15.333333333333334,16.03333333333333
toy-0004077,1920,z11,z32,5.142956348249516,17.143187827498387,17.57170965337363
toy-0004078,1920,z21,z31,2.3,7.666666666666667,9.516666666666666
toy-0004079,1920,z31,z01,6.8999999999999995,22.999999999999996,22.549999999999997
toy-0004080,1920,z31,z11,4.6,15.333333333333334,16.03333333333333
toy-0004081,1920,z31,z32,2.3,7.666666666666667,9.516666666666666
toy-0004082,1920,z02,z31,7.273238618387272,24.244128727957573,23.607509418763936
toy-0004083,1920,z12,z32,4.6,15.333333333333334,16.03333333333333
toy-0004084,1920,z22,z21,2.3,7.666666666666667,9.516666666666666
toy-0004085,1920,z22,z12,2.3,7.666666666666667,9.516666666666666
toy-0004086,1920,z32,z20,5.142956348249516,17.143187827498387,17.57170965337363
toy-0004087,1920,z32,z31,2.3,7.666666666666667,9.516666666666666
toy-0004088,1920,z32,z22,2.3,7.666666666666667,9.516666666666666
toy-0004089,1925,z00,z12,5.142956348249516,17.143187827498387,17.57170965337363
toy-0004090,1925,z10,z31,5.142956348249516,17.143187827498387,17.57170965337363
toy-0004091,1925,z30,z21,3.2526911934581184,10.842303978193728,12.215958381464668
toy-0004092,1925,z30,z31,2.3,7.666666666666667,9.516666666666666
toy-0004093,1925,z01,z31,6.8999999999999995,22.999999999999996,22.549999999999997
toy-0004094,1925,z01,z22,5.142956348249516,17.143187827498387,17.57170965337363
toy-0004095,1925,z01,z32,7.273238618387272,24.244128727957573,23.607509418763936
toy-0004096,1925,z21,z11,2.3,7.666666666666667,9.516666666666666
toy-0004097,1925,z21,z02,5.142956348249516,17.143187827498387,17.57170965337363
toy-0004098,1925,z21,z12,3.2526911934581184,10.842303978193728,12.215958381464668
toy-0004099,1925,z21,z32,3.2526911934581184,10.842303978193728,12.215958381464668
toy-0004100,1925,z31,z10,5.142956348249516,17.143187827498387,17.57170965337363
toy-0004101,1925,z31,z21,2.3,7.666666666666667,9.516666666666666
toy-0004102,1925,z31,z22,3.2526911934581184,10.842303978193728,12.215958381464668
toy-0004103,1925,z02,z32,6.8999999999999995,22.999999999999996,22.549999999999997
toy-0004104,1925,z22,z20,4.6,15.333333333333334,16.03333333333333
toy-0004105,1925,z22,z11,3.2526911934581184,10.842303978193728,12.215958381464668
toy-0004106,1925,z22,z31,3.2526911934581184,10.842303978193728,12.215958381464668
toy-0004107,1925,z22,z32,2.3,7.666666666666667,9.516666666666666
toy-0004108,1925,z32,z11,5.142956348249516,17.143187827498387,17.57170965337363
toy-0004109,1925,z32,z21,3.2526911934581184,10.842303978193728,12.215958381464668
toy-0004110,1925,z32,z31,2.3,7.666666666666667,9.516666666666666
toy-0004111,1925,z32,z12,4.6,15.333333333333334,16.03333333333333
toy-0004112,1930,z00,z21,5.142956348249516,17.143187827498387,17.57170965337363
toy-0004113,1930,z00,z32,8.292767933567175,27.64255977855725,26.49617581177366
toy-0004114,1930,z10,z00,2.3,7.666666666666667,9.516666666666666
toy-0004115,1930,z10,z12,4.6,15.333333333333334,16.03333333333333
toy-0004116,1930,z10,z22,5.142956348249516,17.143187827498387,17.57170965337363
toy-0004117,1930,z10,z32,6.505382386916237,21.684607956387456,21.431916762929337
toy-0004118,1930,z20,z31,3.2526911934581184,10.842303978193728,12.215958381464668
toy-0004119,1930,z20,z22,4.6,15.333333333333334,16.03333333333333
toy-0004120,1930,z20,z32,5.142956348249516,17.143187827498387,17.57170965337363
toy-0004121,1930,z01,z11,2.3,7.666666666666667,9.516666666666666
toy-0004122,1930,z11,z21,2.3,7.666666666666667,9.516666666666666
toy-0004123,1930,z11,z31,4.6,15.333333333333334,16.03333333333333
toy-0004124,1930,z11,z22,3.2526911934581184,10.842303978193728,12.215958381464668
toy-0004125,1930,z11,z32,5.142956348249516,17.143187827498387,17.57170965337363
toy-0004126,1930,z21,z20,2.3,7.666666666666667,9.516666666666666
toy-0004127,1930,z21,z31,2.3,7.666666666666667,9.516666666666666
toy-0004128,1930,z21,z22,2.3,7.666666666666667,9.516666666666666
toy-0004129,1930,z31,z12,5.142956348249516,17.143187827498387,17.57170965337363
toy-0004130,1930,z31,z32,2.3,7.666666666666667,9.516666666666666
toy-0004131,1930,z12,z10,4.6,15.333333333333334,16.03333333333333
toy-0004132,1930,z12,z31,5.142956348249516,17.143187827498387,17.57170965337363
toy-0004133,1930,z12,z22,2.3,7.666666666666667,9.516666666666666
toy-0004134,1930,z22,z31,3.2526911934581184,10.842303978193728,12.215958381464668
toy-0004135,1930,z32,z30,4.6,15.333333333333334,16.03333333333333
toy-0004136,1935,z00,z10,2.3,7.666666666666667,9.516666666666666
toy-0004137,1935,z00,z31,7.273238618387272,24.244128727957573,23.607509418763936
toy-0004138,1935,z10,z01,3.2526911934581184,10.842303978193728,12.215958381464668
toy-0004139,1935,z10,z31,5.142956348249516,17.143187827498387,17.57170965337363
toy-0004140,1935,z20,z21,2.3,7.666666666666667,9.516666666666666
toy-0004141,1935,z20,z12,5.142956348249516,17.143187827498387,17.57170965337363
toy-0004142,1935,z30,z31,2.3,7.666666666666667,9.516666666666666
toy-0004143,1935,z01,z10,3.2526911934581184,10.842303978193728,12.215958381464668
toy-0004144,1935,z01,z31,6.8999999999999995,22.999999999999996,22.549999999999997
toy-0004145,1935,z11,z20,3.2526911934581184,10.842303978193728,12.215958381464668
toy-0004146,1935,z11,z30,5.142956348249516,17.143187827498387,17.57170965337363
toy-0004147,1935,z21,z10,3.2526911934581184,10.842303978193728,12.215958381464668
toy-0004148,1935,z21,z31,2.3,7.666666666666667,9.516666666666666
toy-0004149,1935,z21,z32,3.2526911934581184,10.842303978193728,12.215958381464668
toy-0004150,1935,z31,z21,2.3,7.666666666666667,9.516666666666666
toy-0004151,1935,z31,z22,3.2526911934581184,10.842303978193728,12.215958381464668
toy-0004152,1935,z02,z21,5.142956348249516,17.143187827498387,17.57170965337363
toy-0004153,1935,z02,z31,7.273238618387272,24.244128727957573,23.607509418763936
toy-0004154,1935,z12,z20,5.142956348249516,17.143187827498387,17.57170965337363
toy-0004155,1935,z12,z21,3.2526911934581184,10.842303978193728,12.215958381464668
toy-0004156,1935,z12,z32,4.6,15.333333333333334,16.03333333333333
toy-0004157,1935,z22,z21,2.3,7.666666666666667,9.516666666666666
toy-0004158,1935,z22,z32,2.3,7.666666666666667,9.516666666666666
toy-0004159,1935,z32,z21,3.2526911934581184,10.842303978193728,12.215958381464668
toy-0004160,1935,z32,z31,2.3,7.666666666666667,9.516666666666666
toy-0004161,1935,z32,z22,2.3,7.666666666666667,9.516666666666666
toy-0004162,1940,z00,z01,2.3,7.666666666666667,9.516666666666666
toy-0004163,1940,z10,z20,2.3,7.666666666666667,9.516666666666666
toy-0004164,1940,z10,z21,3.2526911934581184,10.842303978193728,12.215958381464668
toy-0004165,1940,z20,z11,3.2526911934581184,10.842303978193728,12.215958381464668
toy-0004166,1940,z20,z31,3.2526911934581184,10.842303978193728,12.215958381464668
toy-0004167,1940,z30,z11,5.142956348249516,17.143187827498387,17.57170965337363
toy-0004168,1940,z30,z32,4.6,15.333333333333334,16.03333333333333
toy-0004169,1940,z01,z00,2.3,7.666666666666667,9.516666666666666
toy-0004170,1940,z11,z31,4.6,15.333333333333334,16.03333333333333
toy-0004171,1940,z31,z20,3.2526911934581184,10.842303978193728,12.215958381464668
toy-0004172,1940,z31,z11,4.6,15.333333333333334,16.03333333333333
toy-0004173,1940,z31,z32,2.3,7.666666666666667,9.516666666666666
toy-0004174,1940,z12,z11,2.3,7.666666666666667,9.516666666666666
toy-0004175,1940,z12,z31,5.142956348249516,17.143187827498387,17.57170965337363
toy-0004176,1940,z22,z31,3.2526911934581184,10.842303978193728,12.215958381464668
toy-0004177,1940,z32,z31,2.3,7.666666666666667,9.516666666666666
toy-0004178,1945,z00,z30,6.8999999999999995,22.999999999999996,22.549999999999997
toy-0004179,1945,z10,z32,6.505382386916237,21.684607956387456,21.431916762929337
toy-0004180,1945,z20,z10,2.3,7.666666666666667,9.516666666666666
toy-0004181,1945,z20,z32,5.142956348249516,17.143187827498387,17.57170965337363
toy-0004182,1945,z01,z21,4.6,15.333333333333334,16.03333333333333
toy-0004183,1945,z01,z32,7.273238618387272,24.244128727957573,23.607509418763936
toy-0004184,1945,z11,z21,2.3,7.666666666666667,9.516666666666666
toy-0004185,1945,z11,z12,2.3,7.666666666666667,9.516666666666666
toy-0004186,1945,z11,z32,5.142956348249516,17.143187827498387,17.57170965337363
toy-0004187,1945,z21,z31,2.3,7.666666666666667,9.516666666666666
toy-0004188,1945,z31,z21,2.3,7.666666666666667,9.516666666666666
toy-0004189,1945,z02,z22,4.6,15.333333333333334,16.03333333333333
toy-0004190,1945,z22,z31,3.2526911934581184,10.842303978193728,12.215958381464668
toy-0004191,1945,z32,z20,5.142956348249516,17.143187827498387,17.57170965337363
toy-0004192,1945,z32,z31,2.3,7.666666666666667,9.516666666666666
toy-0004193,1950,z00,z11,3.2526911934581184,10.842303978193728,12.215958381464668
toy-0004194,1950,z00,z31,7.273238618387272,24.244128727957573,23.607509418763936
toy-0004195,1950,z00,z22,6.505382386916237,21.684607956387456,21.431916762929337
toy-0004196,1950,z10,z31,5.142956348249516,17.143187827498387,17.57170965337363
toy-0004197,1950,z20,z21,2.3,7.666666666666667,9.516666666666666
toy-0004198,1950,z20,z31,3.2526911934581184,10.842303978193728,12.215958381464668
toy-0004199,1950,z20,z22,4.6,15.333333333333334,16.03333333333333
toy-0004200,1950,z30,z00,6.8999999999999995,22.999999999999996,22.549999999999997
toy-0004201,1950,z30,z21,3.2526911934581184,10.842303978193728,12.215958381464668
toy-0004202,1950,z30,z31,2.3,7.666666666666667,9.516666666666666
toy-0004203,1950,z30,z22,5.142956348249516,17.143187827498387,17.57170965337363
toy-0004204,1950,z01,z20,5.142956348249516,17.143187827498387,17.57170965337363
toy-0004205,1950,z01,z31,6.8999999999999995,22.999999999999996,22.549999999999997
toy-0004206,1950,z01,z22,5.142956348249516,17.143187827498387,17.57170965337363
toy-0004207,1950,z11,z31,4.6,15.333333333333334,16.03333333333333
toy-0004208,1950,z11,z22,3.2526911934581184,10.842303978193728,12.215958381464668
toy-0004209,1950,z21,z01,4.6,15.333333333333334,16.03333333333333
toy-0004210,1950,z21,z11,2.3,7.666666666666667,9.516666666666666
toy-0004211,1950,z21,z31,2.3,7.666666666666667,9.516666666666666
toy-0004212,1950,z21,z22,2.3,7.666666666666667,9.516666666666666
toy-0004213,1950,z21,z32,3.2526911934581184,10.842303978193728,12.215958381464668
toy-0004214,1950,z31,z22,3.2526911934581184,10.842303978193728,12.215958381464668
toy-0004215,1950,z31,z32,2.3,7.666666666666667,9.516666666666666
toy-0004216,1950,z02,z31,7.273238618387272,24.244128727957573,23.607509418763936
toy-0004217,1950,z02,z32,6.8999999999999995,22.999999999999996,22.549999999999997
toy-0004218,1950,z12,z31,5.142956348249516,17.143187827498387,17.57170965337363
toy-0004219,1950,z12,z32,4.6,15.333333333333334,16.03333333333333
toy-0004220,1950,z22,z21,2.3,7.666666666666667,9.516666666666666
toy-0004221,1950,z22,z32,2.3,7.666666666666667,9.516666666666666
toy-0004222,1950,z32,z01,7.273238618387272,24.244128727957573,23.607509418763936
toy-0004223,1950,z32,z11,5.142956348249516,17.143187827498387,17.57170965337363
toy-0004224,1950,z32,z21,3.2526911934581184,10.842303978193728,12.215958381464668
toy-0004225,1950,z32,z22,2.3,7.666666666666667,9.516666666666666
toy-0004226,1955,z00,z02,4.6,15.333333333333334,16.03333333333333
toy-0004227,1955,z00,z32,8.292767933567175,27.64255977855725,26.49617581177366
toy-0004228,1955,z10,z11,2.3,7.666666666666667,9.516666666666666
toy-0004229,1955,z10,z22,5.142956348249516,17.143187827498387,17.57170965337363
toy-0004230,1955,z20,z01,5.142956348249516,17.143187827498387,17.57170965337363
toy-0004231,1955,z20,z32,5.142956348249516,17.143187827498387,17.57170965337363
toy-0004232,1955,z30,z20,2.3,7.666666666666667,9.516666666666666
toy-0004233,1955,z30,z12,6.505382386916237,21.684607956387456,21.431916762929337
toy-0004234,1955,z30,z32,4.6,15.333333333333334,16.03333333333333
toy-0004235,1955,z02,z00,4.6,15.333333333333334,16.03333333333333
toy-0004236,1955,z12,z21,3.2526911934581184,10.842303978193728,12.215958381464668
toy-0004237,1955,z12,z22,2.3,7.666666666666667,9.516666666666666
toy-0004238,1955,z22,z20,4.6,15.333333333333334,16.03333333333333
toy-0004239,1955,z22,z11,3.2526911934581184,10.842303978193728,12.215958381464668
toy-0004240,1955,z22,z31,3.2526911934581184,10.842303978193728,12.215958381464668
toy-0004241,1955,z32,z31,2.3,7.666666666666667,9.516666666666666
toy-0004242,1960,z00,z20,4.6,15.333333333333334,16.03333333333333
toy-0004243,1960,z00,z21,5.142956348249516,17.143187827498387,17.57170965337363
toy-0004244,1960,z00,z31,7.273238618387272,24.244128727957573,23.607509418763936
toy-0004245,1960,z10,z21,3.2526911934581184,10.842303978193728,12.215958381464668
toy-0004246,1960,z10,z31,5.142956348249516,17.143187827498387,17.57170965337363
toy-0004247,1960,z20,z31,3.2526911934581184,10.842303978193728,12.215958381464668
toy-0004248,1960,z30,z31,2.3,7.666666666666667,9.516666666666666
toy-0004249,1960,z01,z31,6.8999999999999995,22.999999999999996,22.549999999999997
toy-0004250,1960,z01,z32,7.273238618387272,24.244128727957573,23.607509418763936
toy-0004251,1960,z11,z31,4.6,15.333333333333334,16.03333333333333
toy-0004252,1960,z11,z32,5.142956348249516,17.143187827498387,17.57170965337363
toy-0004253,1960,z21,z20,2.3,7.666666666666667,9.516666666666666
toy-0004254,1960,z21,z31,2.3,7.666666666666667,9.516666666666666
toy-0004255,1960,z21,z32,3.2526911934581184,10.842303978193728,12.215958381464668
toy-0004256,1960,z31,z20,3.2526911934581184,10.842303978193728,12.215958381464668
toy-0004257,1960,z31,z11,4.6,15.333333333333334,16.03333333333333
toy-0004258,1960,z31,z21,2.3,7.666666666666667,9.516666666666666
toy-0004259,1960,z31,z32,2.3,7.666666666666667,9.516666666666666
toy-0004260,1960,z12,z30,6.505382386916237,21.684607956387456,21.431916762929337
toy-0004261,1960,z12,z31,5.142956348249516,17.143187827498387,17.57170965337363
toy-0004262,1960,z22,z31,3.2526911934581184,10.842303978193728,12.215958381464668
toy-0004263,1960,z22,z02,4.6,15.333333333333334,16.03333333333333
toy-0004264,1960,z22,z32,2.3,7.666666666666667,9.516666666666666
toy-0004265,1960,z32,z10,6.505382386916237,21.684607956387456,21.431916762929337
toy-0004266,1960,z32,z31,2.3,7.666666666666667,9.516666666666666
toy-0004267,1965,z10,z32,6.505382386916237,21.684607956387456,21.431916762929337
toy-0004268,1965,z20,z31,3.2526911934581184,10.842303978193728,12.215958381464668
toy-0004269,1965,z01,z21,4.6,15.333333333333334,16.03333333333333
toy-0004270,1965,z11,z00,3.2526911934581184,10.842303978193728,12.215958381464668
toy-0004271,1965,z11,z10,2.3,7.666666666666667,9.516666666666666
toy-0004272,1965,z11,z21,2.3,7.666666666666667,9.516666666666666
toy-0004273,1965,z11,z31,4.6,15.333333333333334,16.03333333333333
toy-0004274,1965,z21,z31,2.3,7.666666666666667,9.516666666666666
toy-0004275,1965,z21,z22,2.3,7.666666666666667,9.516666666666666
toy-0004276,1965,z31,z12,5.142956348249516,17.143187827498387,17.57170965337363
toy-0004277,1965,z31,z22,3.2526911934581184,10.842303978193728,12.215958381464668
toy-0004278,1965,z02,z11,3.2526911934581184,10.842303978193728,12.215958381464668
toy-0004279,1965,z02,z21,5.142956348249516,17.143187827498387,17.57170965337363
toy-0004280,1965,z02,z31,7.273238618387272,24.244128727957573,23.607509418763936
toy-0004281,1965,z12,z32,4.6,15.333333333333334,16.03333333333333
toy-0004282,1965,z22,z00,6.505382386916237,21.684607956387456,21.431916762929337
toy-0004283,1965,z22,z10,5.142956348249516,17.143187827498387,17.57170965337363
toy-0004284,1965,z22,z21,2.3,7.666666666666667,9.516666666666666
toy-0004285,1965,z22,z12,2.3,7.666666666666667,9.516666666666666
toy-0004286,1965,z32,z21,3.2526911934581184,10.842303978193728,12.215958381464668
toy-0004287,1965,z32,z12,4.6,15.333333333333334,16.03333333333333
toy-0004288,1965,z32,z22,2.3,7.666666666666667,9.516666666666666
toy-0004289,1970,z10,z31,5.142956348249516,17.143187827498387,17.57170965337363
toy-0004290,1970,z20,z30,2.3,7.666666666666667,9.516666666666666
toy-0004291,1970,z20,z11,3.2526911934581184,10.842303978193728,12.215958381464668
toy-0004292,1970,z20,z21,2.3,7.666666666666667,9.516666666666666
toy-0004293,1970,z20,z22,4.6,15.333333333333334,16.03333333333333
toy-0004294,1970,z20,z32,5.142956348249516,17.143187827498387,17.57170965337363
toy-0004295,1970,z01,z11,2.3,7.666666666666667,9.516666666666666
toy-0004296,1970,z01,z31,6.8999999999999995,22.999999999999996,22.549999999999997
toy-0004297,1970,z11,z20,3.2526911934581184,10.842303978193728,12.215958381464668
toy-0004298,1970,z11,z22,3.2526911934581184,10.842303978193728,12.215958381464668
toy-0004299,1970,z11,z32,5.142956348249516,17.143187827498387,17.57170965337363
toy-0004300,1970,z21,z30,3.2526911934581184,10.842303978193728,12.215958381464668
toy-0004301,1970,z21,z12,3.2526911934581184,10.842303978193728,12.215958381464668
toy-0004302,1970,z21,z32,3.2526911934581184,10.842303978193728,12.215958381464668
toy-0004303,1970,z31,z10,5.142956348249516,17.143187827498387,17.57170965337363
toy-0004304,1970,z31,z01,6.8999999999999995,22.999999999999996,22.549999999999997
toy-0004305,1970,z31,z21,2.3,7.666666666666667,9.516666666666666
toy-0004306,1970,z31,z32,2.3,7.666666666666667,9.516666666666666
toy-0004307,1970,z02,z20,6.505382386916237,21.684607956387456,21.431916762929337
toy-0004308,1970,z02,z30,8.292767933567175,27.64255977855725,26.49617581177366
toy-0004309,1970,z02,z32,6.8999999999999995,22.999999999999996,22.549999999999997
toy-0004310,1970,z12,z31,5.142956348249516,17.143187827498387,17.57170965337363
toy-0004311,1970,z22,z30,5.142956348249516,17.143187827498387,17.57170965337363
toy-0004312,1970,z22,z01,5.142956348249516,17.143187827498387,17.57170965337363
toy-0004313,1970,z22,z31,3.2526911934581184,10.842303978193728,12.215958381464668
toy-0004314,1970,z32,z20,5.142956348249516,17.143187827498387,17.57170965337363
toy-0004315,1970,z32,z11,5.142956348249516,17.143187827498387,17.57170965337363
toy-0004316,1970,z32,z31,2.3,7.666666666666667,9.516666666666666
toy-0004317,1975,z00,z31,7.273238618387272,24.244128727957573,23.607509418763936
toy-0004318,1975,z00,z32,8.292767933567175,27.64255977855725,26.49617581177366
toy-0004319,1975,z20,z31,3.2526911934581184,10.842303978193728,12.215958381464668
toy-0004320,1975,z30,z21,3.2526911934581184,10.842303978193728,12.215958381464668
toy-0004321,1975,z30,z31,2.3,7.666666666666667,9.516666666666666
toy-0004322,1975,z30,z32,4.6,15.333333333333334,16.03333333333333
toy-0004323,1975,z01,z12,3.2526911934581184,10.842303978193728,12.215958381464668
toy-0004324,1975,z11,z31,4.6,15.333333333333334,16.03333333333333
toy-0004325,1975,z21,z11,2.3,7.666666666666667,9.516666666666666
toy-0004326,1975,z21,z31,2.3,7.666666666666667,9.516666666666666
toy-0004327,1975,z31,z30,2.3,7.666666666666667,9.516666666666666
toy-0004328,1975,z31,z32,2.3,7.666666666666667,9.516666666666666
toy-0004329,1975,z02,z01,2.3,7.666666666666667,9.516666666666666
toy-0004330,1975,z12,z20,5.142956348249516,17.143187827498387,17.57170965337363
toy-0004331,1975,z12,z21,3.2526911934581184,10.842303978193728,12.215958381464668
toy-0004332,1975,z12,z22,2.3,7.666666666666667,9.516666666666666
toy-0004333,1975,z22,z32,2.3,7.666666666666667,9.516666666666666
toy-0004334,1975,z32,z21,3.2526911934581184,10.842303978193728,12.215958381464668
toy-0004335,1975,z32,z31,2.3,7.666666666666667,9.516666666666666
toy-0004336,1980,z00,z22,6.505382386916237,21.684607956387456,21.431916762929337
toy-0004337,1980,z10,z21,3.2526911934581184,10.842303978193728,12.215958381464668
toy-0004338,1980,z10,z22,5.142956348249516,17.143187827498387,17.57170965337363
toy-0004339,1980,z10,z32,6.505382386916237,21.684607956387456,21.431916762929337
toy-0004340,1980,z30,z10,4.6,15.333333333333334,16.03333333333333
toy-0004341,1980,z30,z11,5.142956348249516,17.143187827498387,17.57170965337363
toy-0004342,1980,z30,z22,5.142956348249516,17.143187827498387,17.57170965337363
toy-0004343,1980,z01,z22,5.142956348249516,17.143187827498387,17.57170965337363
toy-0004344,1980,z01,z32,7.273238618387272,24.244128727957573,23.607509418763936
toy-0004345,1980,z11,z21,2.3,7.666666666666667,9.516666666666666
toy-0004346,1980,z31,z11,4.6,15.333333333333334,16.03333333333333
toy-0004347,1980,z31,z21,2.3,7.666666666666667,9.516666666666666
toy-0004348,1980,z31,z22,3.2526911934581184,10.842303978193728,12.215958381464668
toy-0004349,1980,z02,z10,5.142956348249516,17.143187827498387,17.57170965337363
toy-0004350,1980,z02,z31,7.273238618387272,24.244128727957573,23.607509418763936
toy-0004351,1980,z02,z12,2.3,7.666666666666667,9.516666666666666
toy-0004352,1980,z02,z22,4.6,15.333333333333334,16.03333333333333
toy-0004353,1980,z12,z11,2.3,7.666666666666667,9.516666666666666
toy-0004354,1980,z12,z31,5.142956348249516,17.143187827498387,17.57170965337363
toy-0004355,1980,z22,z11,3.2526911934581184,10.842303978193728,12.215958381464668
toy-0004356,1980,z22,z21,2.3,7.666666666666667,9.516666666666666
toy-0004357,1980,z22,z31,3.2526911934581184,10.842303978193728,12.215958381464668
toy-0004358,1985,z00,z21,5.142956348249516,17.143187827498387,17.57170965337363
toy-0004359,1985,z10,z20,2.3,7.666666666666667,9.516666666666666
toy-0004360,1985,z10,z31,5.142956348249516,17.143187827498387,17.57170965337363
toy-0004361,1985,z30,z02,8.292767933567175,27.64255977855725,26.49617581177366
toy-0004362,1985,z01,z31,6.8999999999999995,22.999999999999996,22.549999999999997
toy-0004363,1985,z11,z31,4.6,15.333333333333334,16.03333333333333
toy-0004364,1985,z21,z31,2.3,7.666666666666667,9.516666666666666
toy-0004365,1985,z21,z22,2.3,7.666666666666667,9.516666666666666
toy-0004366,1985,z21,z32,3.2526911934581184,10.842303978193728,12.215958381464668
toy-0004367,1985,z31,z00,7.273238618387272,24.244128727957573,23.607509418763936
toy-0004368,1985,z31,z20,3.2526911934581184,10.842303978193728,12.215958381464668
toy-0004369,1985,z12,z32,4.6,15.333333333333334,16.03333333333333
toy-0004370,1985,z22,z32,2.3,7.666666666666667,9.516666666666666
toy-0004371,1985,z32,z31,2.3,7.666666666666667,9.516666666666666
toy-0004372,1985,z32,z02,6.8999999999999995,22.999999999999996,22.549999999999997
toy-0004373,1985,z32,z22,2.3,7.666666666666667,9.516666666666666
toy-0004374,1990,z00,z31,7.273238618387272,24.244128727957573,23.607509418763936
toy-0004375,1990,z20,z00,4.6,15.333333333333334,16.03333333333333
toy-0004376,1990,z20,z21,2.3,7.666666666666667,9.516666666666666
toy-0004377,1990,z20,z31,3.2526911934581184,10.842303978193728,12.215958381464668
toy-0004378,1990,z20,z12,5.142956348249516,17.143187827498387,17.57170965337363
toy-0004379,1990,z20,z32,5.142956348249516,17.143187827498387,17.57170965337363
toy-0004380,1990,z30,z31,2.3,7.666666666666667,9.516666666666666
toy-0004381,1990,z11,z32,5.142956348249516,17.143187827498387,17.57170965337363
toy-0004382,1990,z21,z10,3.2526911934581184,10.842303978193728,12.215958381464668
toy-0004383,1990,z21,z20,2.3,7.666666666666667,9.516666666666666
toy-0004384,1990,z21,z31,2.3,7.666666666666667,9.516666666666666
toy-0004385,1990,z31,z32,2.3,7.666666666666667,9.516666666666666
toy-0004386,1990,z12,z01,3.2526911934581184,10.842303978193728,12.215958381464668
toy-0004387,1990,z22,z20,4.6,15.333333333333334,16.03333333333333
toy-0004388,1990,z22,z31,3.2526911934581184,10.842303978193728,12.215958381464668
toy-0004389,1990,z32,z31,2.3,7.666666666666667,9.516666666666666
toy-0004390,1995,z10,z30,4.6,15.333333333333334,16.03333333333333
toy-0004391,1995,z10,z11,2.3,7.666666666666667,9.516666666666666
toy-0004392,1995,z10,z31,5.142956348249516,17.143187827498387,17.57170965337363
toy-0004393,1995,z01,z21,4.6,15.333333333333334,16.03333333333333
toy-0004394,1995,z11,z01,2.3,7.666666666666667,9.516666666666666
toy-0004395,1995,z11,z22,3.2526911934581184,10.842303978193728,12.215958381464668
toy-0004396,1995,z31,z21,2.3,7.666666666666667,9.516666666666666
toy-0004397,1995,z31,z22,3.2526911934581184,10.842303978193728,12.215958381464668
toy-0004398,1995,z12,z31,5.142956348249516,17.143187827498387,17.57170965337363
toy-0004399,1995,z32,z21,3.2526911934581184,10.842303978193728,12.215958381464668
toy-0004400,2000,z00,z11,3.2526911934581184,10.842303978193728,12.215958381464668
toy-0004401,2000,z00,z32,8.292767933567175,27.64255977855725,26.49617581177366
toy-0004402,2000,z10,z12,4.6,15.333333333333334,16.03333333333333
toy-0004403,2000,z20,z31,3.2526911934581184,10.842303978193728,12.215958381464668
toy-0004404,2000,z20,z22,4.6,15.333333333333334,16.03333333333333
toy-0004405,2000,z30,z32,4.6,15.333333333333334,16.03333333333333
toy-0004406,2000,z01,z20,5.142956348249516,17.143187827498387,17.57170965337363
toy-0004407,2000,z01,z31,6.8999999999999995,22.999999999999996,22.549999999999997
toy-0004408,2000,z11,z21,2.3,7.666666666666667,9.516666666666666
toy-0004409,2000,z11,z31,4.6,15.333333333333334,16.03333333333333
toy-0004410,2000,z11,z12,2.3,7.666666666666667,9.516666666666666
toy-0004411,2000,z21,z31,2.3,7.666666666666667,9.516666666666666
toy-0004412,2000,z21,z32,3.2526911934581184,10.842303978193728,12.215958381464668
toy-0004413,2000,z31,z02,7.273238618387272,24.244128727957573,23.607509418763936
toy-0004414,2000,z31,z32,2.3,7.666666666666667,9.516666666666666
toy-0004415,2000,z02,z21,5.142956348249516,17.143187827498387,17.57170965337363
toy-0004416,2000,z02,z31,7.273238618387272,24.244128727957573,23.607509418763936
toy-0004417,2000,z02,z32,6.8999999999999995,22.999999999999996,22.549999999999997
toy-0004418,2000,z12,z21,3.2526911934581184,10.842303978193728,12.215958381464668
toy-0004419,2000,z22,z21,2.3,7.666666666666667,9.516666666666666
toy-0004420,2000,z22,z31,3.2526911934581184,10.842303978193728,12.215958381464668
toy-0004421,2000,z22,z32,2.3,7.666666666666667,9.516666666666666
toy-0004422,2000,z32,z00,8.292767933567175,27.64255977855725,26.49617581177366
toy-0004423,2000,z32,z11,5.142956348249516,17.143187827498387,17.57170965337363
toy-0004424,2000,z32,z31,2.3,7.666666666666667,9.516666666666666
toy-0004425,2005,z10,z32,6.505382386916237,21.684607956387456,21.431916762929337
toy-0004426,2005,z20,z11,3.2526911934581184,10.842303978193728,12.215958381464668
toy-0004427,2005,z20,z32,5.142956348249516,17.143187827498387,17.57170965337363
toy-0004428,2005,z30,z21,3.2526911934581184,10.842303978193728,12.215958381464668
toy-0004429,2005,z30,z31,2.3,7.666666666666667,9.516666666666666
toy-0004430,2005,z01,z32,7.273238618387272,24.244128727957573,23.607509418763936
toy-0004431,2005,z11,z32,5.142956348249516,17.143187827498387,17.57170965337363
toy-0004432,2005,z21,z11,2.3,7.666666666666667,9.516666666666666
toy-0004433,2005,z21,z22,2.3,7.666666666666667,9.516666666666666
toy-0004434,2005,z31,z11,4.6,15.333333333333334,16.03333333333333
toy-0004435,2005,z12,z32,4.6,15.333333333333334,16.03333333333333
toy-0004436,2005,z32,z20,5.142956348249516,17.143187827498387,17.57170965337363
toy-0004437,2005,z32,z22,2.3,7.666666666666667,9.516666666666666
toy-0004438,2010,z00,z31,7.273238618387272,24.244128727957573,23.607509418763936
toy-0004439,2010,z10,z21,3.2526911934581184,10.842303978193728,12.215958381464668
toy-0004440,2010,z10,z31,5.142956348249516,17.143187827498387,17.57170965337363
toy-0004441,2010,z10,z22,5.142956348249516,17.143187827498387,17.57170965337363
toy-0004442,2010,z20,z31,3.2526911934581184,10.842303978193728,12.215958381464668
toy-0004443,2010,z30,z20,2.3,7.666666666666667,9.516666666666666
toy-0004444,2010,z01,z02,2.3,7.666666666666667,9.516666666666666
toy-0004445,2010,z11,z31,4.6,15.333333333333334,16.03333333333333
toy-0004446,2010,z21,z00,5.142956348249516,17.143187827498387,17.57170965337363
toy-0004447,2010,z21,z31,2.3,7.666666666666667,9.516666666666666
toy-0004448,2010,z31,z21,2.3,7.666666666666667,9.516666666666666
toy-0004449,2010,z31,z12,5.142956348249516,17.143187827498387,17.57170965337363
toy-0004450,2010,z12,z10,4.6,15.333333333333334,16.03333333333333
toy-0004451,2010,z12,z31,5.142956348249516,17.143187827498387,17.57170965337363
toy-0004452,2010,z12,z22,2.3,7.666666666666667,9.516666666666666
toy-0004453,2010,z22,z31,3.2526911934581184,10.842303978193728,12.215958381464668
toy-0004454,2010,z32,z30,4.6,15.333333333333334,16.03333333333333
toy-0004455,2010,z32,z21,3.2526911934581184,10.842303978193728,12.215958381464668
toy-0004456,2010,z32,z31,2.3,7.666666666666667,9.516666666666666
toy-0004457,2015,z00,z12,5.142956348249516,17.143187827498387,17.57170965337363
toy-0004458,2015,z20,z10,2.3,7.666666666666667,9.516666666666666
toy-0004459,2015,z20,z21,2.3,7.666666666666667,9.516666666666666
toy-0004460,2015,z30,z22,5.142956348249516,17.143187827498387,17.57170965337363
toy-0004461,2015,z01,z11,2.3,7.666666666666667,9.516666666666666
toy-0004462,2015,z01,z31,6.8999999999999995,22.999999999999996,22.549999999999997
toy-0004463,2015,z01,z22,5.142956348249516,17.143187827498387,17.57170965337363
toy-0004464,2015,z11,z20,3.2526911934581184,10.842303978193728,12.215958381464668
toy-0004465,2015,z21,z32,3.2526911934581184,10.842303978193728,12.215958381464668
toy-0004466,2015,z31,z20,3.2526911934581184,10.842303978193728,12.215958381464668
toy-0004467,2015,z31,z22,3.2526911934581184,10.842303978193728,12.215958381464668
toy-0004468,2015,z31,z32,2.3,7.666666666666667,9.516666666666666
toy-0004469,2015,z02,z31,7.273238618387272,24.244128727957573,23.607509418763936
toy-0004470,2015,z22,z11,3.2526911934581184,10.842303978193728,12.215958381464668
toy-0004471,2015,z22,z21,2.3,7.666666666666667,9.516666666666666
toy-0004472,2015,z32,z10,6.505382386916237,21.684607956387456,21.431916762929337
toy-0004473,2015,z32,z01,7.273238618387272,24.244128727957573,23.607509418763936
toy-0004474,2015,z32,z12,4.6,15.333333333333334,16.03333333333333
toy-0004475,2020,z00,z21,5.142956348249516,17.143187827498387,17.57170965337363
toy-0004476,2020,z00,z22,6.505382386916237,21.684607956387456,21.431916762929337
toy-0004477,2020,z30,z01,7.273238618387272,24.244128727957573,23.607509418763936
toy-0004478,2020,z30,z31,2.3,7.666666666666667,9.516666666666666
toy-0004479,2020,z01,z21,4.6,15.333333333333334,16.03333333333333
toy-0004480,2020,z11,z31,4.6,15.333333333333334,16.03333333333333
toy-0004481,2020,z11,z02,3.2526911934581184,10.842303978193728,12.215958381464668
toy-0004482,2020,z11,z22,3.2526911934581184,10.842303978193728,12.215958381464668
toy-0004483,2020,z21,z31,2.3,7.666666666666667,9.516666666666666
toy-0004484,2020,z21,z12,3.2526911934581184,10.842303978193728,12.215958381464668
toy-0004485,2020,z31,z10,5.142956348249516,17.143187827498387,17.57170965337363
toy-0004486,2020,z12,z31,5.142956348249516,17.143187827498387,17.57170965337363
toy-0004487,2020,z22,z31,3.2526911934581184,10.842303978193728,12.215958381464668
toy-0004488,2020,z22,z12,2.3,7.666666666666667,9.516666666666666
toy-0004489,2020,z22,z32,2.3,7.666666666666667,9.516666666666666
toy-0004490,2020,z32,z31,2.3,7.666666666666667,9.516666666666666
toy-0004491,2025,z00,z20,4.6,15.333333333333334,16.03333333333333
toy-0004492,2025,z00,z31,7.273238618387272,24.244128727957573,23.607509418763936
toy-0004493,2025,z00,z32,8.292767933567175,27.64255977855725,26.49617581177366
toy-0004494,2025,z10,z31,5.142956348249516,17.143187827498387,17.57170965337363
toy-0004495,2025,z10,z02,5.142956348249516,17.143187827498387,17.57170965337363
toy-0004496,2025,z10,z32,6.505382386916237,21.684607956387456,21.431916762929337
toy-0004497,2025,z20,z31,3.2526911934581184,10.842303978193728,12.215958381464668
toy-0004498,2025,z20,z22,4.6,15.333333333333334,16.03333333333333
toy-0004499,2025,z20,z32,5.142956348249516,17.143187827498387,17.57170965337363
toy-0004500,2025,z30,z32,4.6,15.333333333333334,16.03333333333333
toy-0004501,2025,z01,z32,7.273238618387272,24.244128727957573,23.607509418763936
toy-0004502,2025,z11,z21,2.3,7.666666666666667,9.516666666666666
toy-0004503,2025,z11,z32,5.142956348249516,17.143187827498387,17.57170965337363
toy-0004504,2025,z21,z20,2.3,7.666666666666667,9.516666666666666
toy-0004505,2025,z21,z01,4.6,15.333333333333334,16.03333333333333
toy-0004506,2025,z31,z21,2.3,7.666666666666667,9.516666666666666
toy-0004507,2025,z31,z32,2.3,7.666666666666667,9.516666666666666
toy-0004508,2025,z02,z11,3.2526911934581184,10.842303978193728,12.215958381464668
toy-0004509,2025,z02,z22,4.6,15.333333333333334,16.03333333333333
toy-0004510,2025,z12,z20,5.142956348249516,17.143187827498387,17.57170965337363
toy-0004511,2025,z12,z11,2.3,7.666666666666667,9.516666666666666
toy-0004512,2025,z12,z21,3.2526911934581184,10.842303978193728,12.215958381464668
toy-0004513,2025,z12,z32,4.6,15.333333333333334,16.03333333333333
toy-0004514,2025,z22,z20,4.6,15.333333333333334,16.03333333333333
toy-0004515,2025,z32,z21,3.2526911934581184,10.842303978193728,12.215958381464668
toy-0004516,2025,z32,z22,2.3,7.666666666666667,9.516666666666666
toy-0004517,2030,z20,z02,6.505382386916237,21.684607956387456,21.431916762929337
toy-0004518,2030,z01,z10,3.2526911934581184,10.842303978193728,12.215958381464668
toy-0004519,2030,z01,z31,6.8999999999999995,22.999999999999996,22.549999999999997
toy-0004520,2030,z11,z31,4.6,15.333333333333334,16.03333333333333
toy-0004521,2030,z21,z31,2.3,7.666666666666667,9.516666666666666
toy-0004522,2030,z21,z22,2.3,7.666666666666667,9.516666666666666
toy-0004523,2030,z21,z32,3.2526911934581184,10.842303978193728,12.215958381464668
toy-0004524,2030,z31,z22,3.2526911934581184,10.842303978193728,12.215958381464668
toy-0004525,2030,z02,z32,6.8999999999999995,22.999999999999996,22.549999999999997
toy-0004526,2030,z22,z31,3.2526911934581184,10.842303978193728,12.215958381464668
toy-0004527,2030,z32,z11,5.142956348249516,17.143187827498387,17.57170965337363
toy-0004528,2030,z32,z31,2.3,7.666666666666667,9.516666666666666
toy-0004529,2035,z10,z21,3.2526911934581184,10.842303978193728,12.215958381464668
toy-0004530,2035,z20,z21,2.3,7.666666666666667,9.516666666666666
toy-0004531,2035,z20,z31,3.2526911934581184,10.842303978193728,12.215958381464668
toy-0004532,2035,z30,z21,3.2526911934581184,10.842303978193728,12.215958381464668
toy-0004533,2035,z30,z31,2.3,7.666666666666667,9.516666666666666
toy-0004534,2035,z01,z30,7.273238618387272,24.244128727957573,23.607509418763936
toy-0004535,2035,z21,z11,2.3,7.666666666666667,9.516666666666666
toy-0004536,2035,z31,z01,6.8999999999999995,22.999999999999996,22.549999999999997
toy-0004537,2035,z31,z11,4.6,15.333333333333334,16.03333333333333
toy-0004538,2035,z31,z32,2.3,7.666666666666667,9.516666666666666
toy-0004539,2035,z02,z21,5.142956348249516,17.143187827498387,17.57170965337363
toy-0004540,2035,z02,z31,7.273238618387272,24.244128727957573,23.607509418763936
toy-0004541,2035,z12,z31,5.142956348249516,17.143187827498387,17.57170965337363
toy-0004542,2035,z12,z02,2.3,7.666666666666667,9.516666666666666
toy-0004543,2035,z22,z10,5.142956348249516,17.143187827498387,17.57170965337363
toy-0004544,2035,z22,z21,2.3,7.666666666666667,9.516666666666666
toy-0004545,2035,z22,z32,2.3,7.666666666666667,9.516666666666666
toy-0004546,2035,z32,z31,2.3,7.666666666666667,9.516666666666666
toy-0004547,2040,z10,z20,2.3,7.666666666666667,9.516666666666666
toy-0004548,2040,z10,z01,3.2526911934581184,10.842303978193728,12.215958381464668
toy-0004549,2040,z30,z11,5.142956348249516,17.143187827498387,17.57170965337363
toy-0004550,2040,z11,z10,2.3,7.666666666666667,9.516666666666666
toy-0004551,2040,z11,z30,5.142956348249516,17.143187827498387,17.57170965337363
toy-0004552,2040,z21,z31,2.3,7.666666666666667,9.516666666666666
toy-0004553,2040,z31,z21,2.3,7.666666666666667,9.516666666666666
toy-0004554,2040,z02,z20,6.505382386916237,21.684607956387456,21.431916762929337
toy-0004555,2040,z12,z22,2.3,7.666666666666667,9.516666666666666
toy-0004556,2040,z22,z31,3.2526911934581184,10.842303978193728,12.215958381464668
toy-0004557,2040,z32,z20,5.142956348249516,17.143187827498387,17.57170965337363
toy-0004558,2045,z00,z10,2.3,7.666666666666667,9.516666666666666
toy-0004559,2045,z10,z31,5.142956348249516,17.143187827498387,17.57170965337363
toy-0004560,2045,z20,z01,5.142956348249516,17.143187827498387,17.57170965337363
toy-0004561,2045,z20,z32,5.142956348249516,17.143187827498387,17.57170965337363
toy-0004562,2045,z30,z12,6.505382386916237,21.684607956387456,21.431916762929337
toy-0004563,2045,z11,z32,5.142956348249516,17.143187827498387,17.57170965337363
toy-0004564,2045,z21,z32,3.2526911934581184,10.842303978193728,12.215958381464668
toy-0004565,2045,z31,z20,3.2526911934581184,10.842303978193728,12.215958381464668
toy-0004566,2045,z31,z30,2.3,7.666666666666667,9.516666666666666
toy-0004567,2045,z22,z01,5.142956348249516,17.143187827498387,17.57170965337363
toy-0004568,2045,z32,z21,3.2526911934581184,10.842303978193728,12.215958381464668
toy-0004569,2045,z32,z22,2.3,7.666666666666667,9.516666666666666
toy-0004570,2050,z10,z11,2.3,7.666666666666667,9.516666666666666
toy-0004571,2050,z10,z22,5.142956348249516,17.143187827498387,17.57170965337363
toy-0004572,2050,z20,z11,3.2526911934581184,10.842303978193728,12.215958381464668
toy-0004573,2050,z11,z21,2.3,7.666666666666667,9.516666666666666
toy-0004574,2050,z11,z31,4.6,15.333333333333334,16.03333333333333
toy-0004575,2050,z11,z22,3.2526911934581184,10.842303978193728,12.215958381464668
toy-0004576,2050,z21,z10,3.2526911934581184,10.842303978193728,12.215958381464668
toy-0004577,2050,z21,z22,2.3,7.666666666666667,9.516666666666666
toy-0004578,2050,z31,z12,5.142956348249516,17.143187827498387,17.57170965337363
toy-0004579,2050,z31,z22,3.2526911934581184,10.842303978193728,12.215958381464668
toy-0004580,2050,z31,z32,2.3,7.666666666666667,9.516666666666666
toy-0004581,2050,z22,z11,3.2526911934581184,10.842303978193728,12.215958381464668
toy-0004582,2050,z32,z31,2.3,7.666666666666667,9.516666666666666
toy-0004583,2055,z01,z22,5.142956348249516,17.143187827498387,17.57170965337363
toy-0004584,2055,z21,z31,2.3,7.666666666666667,9.516666666666666
toy-0004585,2055,z31,z11,4.6,15.333333333333334,16.03333333333333
toy-0004586,2055,z12,z32,4.6,15.333333333333334,16.03333333333333
toy-0004587,2055,z22,z31,3.2526911934581184,10.842303978193728,12.215958381464668
toy-0004588,2055,z22,z32,2.3,7.666666666666667,9.516666666666666
toy-0004589,2060,z00,z31,7.273238618387272,24.244128727957573,23.607509418763936
toy-0004590,2060,z10,z32,6.505382386916237,21.684607956387456,21.431916762929337
toy-0004591,2060,z20,z31,3.2526911934581184,10.842303978193728,12.215958381464668
toy-0004592,2060,z20,z12,5.142956348249516,17.143187827498387,17.57170965337363
toy-0004593,2060,z20,z22,4.6,15.333333333333334,16.03333333333333
toy-0004594,2060,z01,z31,6.8999999999999995,22.999999999999996,22.549999999999997
toy-0004595,2060,z11,z20,3.2526911934581184,10.842303978193728,12.215958381464668
toy-0004596,2060,z21,z30,3.2526911934581184,10.842303978193728,12.215958381464668
toy-0004597,2060,z21,z02,5.142956348249516,17.143187827498387,17.57170965337363
toy-0004598,2060,z31,z00,7.273238618387272,24.244128727957573,23.607509418763936
toy-0004599,2060,z31,z10,5.142956348249516,17.143187827498387,17.57170965337363
toy-0004600,2060,z31,z21,2.3,7.666666666666667,9.516666666666666
toy-0004601,2060,z12,z21,3.2526911934581184,10.842303978193728,12.215958381464668
toy-0004602,2060,z22,z30,5.142956348249516,17.143187827498387,17.57170965337363
toy-0004603,2060,z22,z21,2.3,7.666666666666667,9.516666666666666
toy-0004604,2060,z32,z11,5.142956348249516,17.143187827498387,17.57170965337363
toy-0004605,2060,z32,z12,4.6,15.333333333333334,16.03333333333333
toy-0004606,2065,z01,z20,5.142956348249516,17.143187827498387,17.57170965337363
toy-0004607,2065,z01,z21,4.6,15.333333333333334,16.03333333333333
toy-0004608,2065,z01,z32,7.273238618387272,24.244128727957573,23.607509418763936
toy-0004609,2065,z11,z12,2.3,7.666666666666667,9.516666666666666
toy-0004610,2065,z21,z20,2.3,7.666666666666667,9.516666666666666
toy-0004611,2065,z21,z32,3.2526911934581184,10.842303978193728,12.215958381464668
toy-0004612,2065,z31,z22,3.2526911934581184,10.842303978193728,12.215958381464668
toy-0004613,2065,z31,z32,2.3,7.666666666666667,9.516666666666666
toy-0004614,2065,z12,z31,5.142956348249516,17.143187827498387,17.57170965337363
toy-0004615,2065,z22,z20,4.6,15.333333333333334,16.03333333333333
toy-0004616,2065,z32,z10,6.505382386916237,21.684607956387456,21.431916762929337
toy-0004617,2065,z32,z21,3.2526911934581184,10.842303978193728,12.215958381464668
toy-0004618,2065,z32,z31,2.3,7.666666666666667,9.516666666666666
toy-0004619,2070,z00,z21,5.142956348249516,17.143187827498387,17.57170965337363
toy-0004620,2070,z20,z21,2.3,7.666666666666667,9.516666666666666
toy-0004621,2070,z30,z22,5.142956348249516,17.143187827498387,17.57170965337363
toy-0004622,2070,z30,z32,4.6,15.333333333333334,16.03333333333333
toy-0004623,2070,z11,z31,4.6,15.333333333333334,16.03333333333333
toy-0004624,2070,z11,z32,5.142956348249516,17.143187827498387,17.57170965337363
toy-0004625,2070,z21,z11,2.3,7.666666666666667,9.516666666666666
toy-0004626,2070,z21,z12,3.2526911934581184,10.842303978193728,12.215958381464668
toy-0004627,2070,z31,z20,3.2526911934581184,10.842303978193728,12.215958381464668
toy-0004628,2070,z12,z00,5.142956348249516,17.143187827498387,17.57170965337363
toy-0004629,2070,z32,z20,5.142956348249516,17.143187827498387,17.57170965337363
toy-0004630,2070,z32,z01,7.273238618387272,24.244128727957573,23.607509418763936
toy-0004631,2070,z32,z22,2.3,7.666666666666667,9.516666666666666
toy-0004632,2075,z01,z12,3.2526911934581184,10.842303978193728,12.215958381464668
toy-0004633,2075,z21,z31,2.3,7.666666666666667,9.516666666666666
toy-0004634,2075,z31,z01,6.8999999999999995,22.999999999999996,22.549999999999997
toy-0004635,2075,z31,z21,2.3,7.666666666666667,9.516666666666666
toy-0004636,2075,z31,z32,2.3,7.666666666666667,9.516666666666666
toy-0004637,2075,z22,z00,6.505382386916237,21.684607956387456,21.431916762929337
toy-0004638,2075,z22,z31,3.2526911934581184,10.842303978193728,12.215958381464668
toy-0004639,2075,z22,z12,2.3,7.666666666666667,9.516666666666666
toy-0004640,2075,z22,z32,2.3,7.666666666666667,9.516666666666666
toy-0004641,2075,z32,z30,4.6,15.333333333333334,16.03333333333333
toy-0004642,2075,z32,z31,2.3,7.666666666666667,9.516666666666666
toy-0004643,2080,z00,z11,3.2526911934581184,10.842303978193728,12.215958381464668
toy-0004644,2080,z00,z32,8.292767933567175,27.64255977855725,26.49617581177366
toy-0004645,2080,z10,z31,5.142956348249516,17.143187827498387,17.57170965337363
toy-0004646,2080,z20,z30,2.3,7.666666666666667,9.516666666666666
toy-0004647,2080,z20,z31,3.2526911934581184,10.842303978193728,12.215958381464668
toy-0004648,2080,z20,z32,5.142956348249516,17.143187827498387,17.57170965337363
toy-0004649,2080,z30,z31,2.3,7.666666666666667,9.516666666666666
toy-0004650,2080,z11,z01,2.3,7.666666666666667,9.516666666666666
toy-0004651,2080,z21,z22,2.3,7.666666666666667,9.516666666666666
toy-0004652,2080,z31,z11,4.6,15.333333333333334,16.03333333333333
toy-0004653,2080,z31,z12,5.142956348249516,17.143187827498387,17.57170965337363
toy-0004654,2085,z00,z01,2.3,7.666666666666667,9.516666666666666
toy-0004655,2085,z00,z22,6.505382386916237,21.684607956387456,21.431916762929337
toy-0004656,2085,z01,z11,2.3,7.666666666666667,9.516666666666666
toy-0004657,2085,z11,z21,2.3,7.666666666666667,9.516666666666666
toy-0004658,2085,z11,z22,3.2526911934581184,10.842303978193728,12.215958381464668
toy-0004659,2085,z21,z01,4.6,15.333333333333334,16.03333333333333
toy-0004660,2085,z21,z32,3.2526911934581184,10.842303978193728,12.215958381464668
toy-0004661,2085,z31,z02,7.273238618387272,24.244128727957573,23.607509418763936
toy-0004662,2085,z31,z22,3.2526911934581184,10.842303978193728,12.215958381464668
toy-0004663,2085,z12,z11,2.3,7.666666666666667,9.516666666666666
toy-0004664,2085,z22,z11,3.2526911934581184,10.842303978193728,12.215958381464668
toy-0004665,2085,z32,z00,8.292767933567175,27.64255977855725,26.49617581177366
toy-0004666,2085,z32,z21,3.2526911934581184,10.842303978193728,12.215958381464668
toy-0004667,2090,z10,z21,3.2526911934581184,10.842303978193728,12.215958381464668
toy-0004668,2090,z11,z00,3.2526911934581184,10.842303978193728,12.215958381464668
toy-0004669,2090,z21,z31,2.3,7.666666666666667,9.516666666666666
toy-0004670,2090,z31,z20,3.2526911934581184,10.842303978193728,12.215958381464668
toy-0004671,2090,z31,z30,2.3,7.666666666666667,9.516666666666666
toy-0004672,2090,z31,z21,2.3,7.666666666666667,9.516666666666666
toy-0004673,2090,z31,z32,2.3,7.666666666666667,9.516666666666666
toy-0004674,2090,z12,z22,2.3,7.666666666666667,9.516666666666666
toy-0004675,2090,z22,z10,5.142956348249516,17.143187827498387,17.57170965337363
toy-0004676,2090,z22,z21,2.3,7.666666666666667,9.516666666666666
toy-0004677,2090,z22,z31,3.2526911934581184,10.842303978193728,12.215958381464668
toy-0004678,2090,z32,z11,5.142956348249516,17.143187827498387,17.57170965337363
toy-0004679,2090,z32,z31,2.3,7.666666666666667,9.516666666666666
toy-0004680,2090,z32,z02,6.8999999999999995,22.999999999999996,22.549999999999997
toy-0004681,2090,z32,z22,2.3,7.666666666666667,9.516666666666666
toy-0004682,2095,z10,z00,2.3,7.666666666666667,9.516666666666666
toy-0004683,2095,z10,z12,4.6,15.333333333333334,16.03333333333333
toy-0004684,2095,z20,z10,2.3,7.666666666666667,9.516666666666666
toy-0004685,2095,z30,z20,2.3,7.666666666666667,9.516666666666666
toy-0004686,2095,z01,z31,6.8999999999999995,22.999999999999996,22.549999999999997
toy-0004687,2095,z11,z31,4.6,15.333333333333334,16.03333333333333
toy-0004688,2095,z31,z10,5.142956348249516,17.143187827498387,17.57170965337363
toy-0004689,2095,z02,z31,7.273238618387272,24.244128727957573,23.607509418763936
toy-0004690,2095,z02,z32,6.8999999999999995,22.999999999999996,22.549999999999997
toy-0004691,2095,z12,z20,5.142956348249516,17.143187827498387,17.57170965337363
toy-0004692,2095,z12,z30,6.505382386916237,21.684607956387456,21.431916762929337
toy-0004693,2095,z12,z31,5.142956348249516,17.143187827498387,17.57170965337363
toy-0004694,2095,z12,z32,4.6,15.333333333333334,16.03333333333333
toy-0004695,2095,z22,z02,4.6,15.333333333333334,16.03333333333333
toy-0004696,2100,z20,z11,3.2526911934581184,10.842303978193728,12.215958381464668
toy-0004697,2100,z20,z22,4.6,15.333333333333334,16.03333333333333
toy-0004698,2100,z30,z21,3.2526911934581184,10.842303978193728,12.215958381464668
toy-0004699,2100,z11,z32,5.142956348249516,17.143187827498387,17.57170965337363
toy-0004700,2100,z21,z00,5.142956348249516,17.143187827498387,17.57170965337363
toy-0004701,2100,z21,z20,2.3,7.666666666666667,9.516666666666666
toy-0004702,2100,z21,z11,2.3,7.666666666666667,9.516666666666666
toy-0004703,2100,z31,z11,4.6,15.333333333333334,16.03333333333333
toy-0004704,2100,z31,z22,3.2526911934581184,10.842303978193728,12.215958381464668
toy-0004705,2100,z22,z32,2.3,7.666666666666667,9.516666666666666
toy-0004706,2100,z32,z20,5.142956348249516,17.143187827498387,17.57170965337363
toy-0004707,2100,z32,z12,4.6,15.333333333333334,16.03333333333333
toy-0004708,2105,z10,z22,5.142956348249516,17.143187827498387,17.57170965337363
toy-0004709,2105,z10,z32,6.505382386916237,21.684607956387456,21.431916762929337
toy-0004710,2105,z20,z21,2.3,7.666666666666667,9.516666666666666
toy-0004711,2105,z20,z31,3.2526911934581184,10.842303978193728,12.215958381464668
toy-0004712,2105,z30,z10,4.6,15.333333333333334,16.03333333333333
toy-0004713,2105,z21,z10,3.2526911934581184,10.842303978193728,12.215958381464668
toy-0004714,2105,z21,z31,2.3,7.666666666666667,9.516666666666666
toy-0004715,2105,z21,z22,2.3,7.666666666666667,9.516666666666666
toy-0004716,2105,z21,z32,3.2526911934581184,10.842303978193728,12.215958381464668
toy-0004717,2105,z31,z21,2.3,7.666666666666667,9.516666666666666
toy-0004718,2105,z31,z32,2.3,7.666666666666667,9.516666666666666
toy-0004719,2105,z02,z22,4.6,15.333333333333334,16.03333333333333
toy-0004720,2105,z12,z01,3.2526911934581184,10.842303978193728,12.215958381464668
toy-0004721,2105,z12,z21,3.2526911934581184,10.842303978193728,12.215958381464668
toy-0004722,2105,z22,z20,4.6,15.333333333333334,16.03333333333333
toy-0004723,2105,z22,z31,3.2526911934581184,10.842303978193728,12.215958381464668
toy-0004724,2105,z32,z21,3.2526911934581184,10.842303978193728,12.215958381464668
toy-0004725,2105,z32,z31,2.3,7.666666666666667,9.516666666666666
toy-0004726,2110,z00,z31,7.273238618387272,24.244128727957573,23.607509418763936
toy-0004727,2110,z10,z31,5.142956348249516,17.143187827498387,17.57170965337363
toy-0004728,2110,z20,z32,5.142956348249516,17.143187827498387,17.57170965337363
toy-0004729,2110,z01,z32,7.273238618387272,24.244128727957573,23.607509418763936
toy-0004730,2110,z11,z10,2.3,7.666666666666667,9.516666666666666
toy-0004731,2110,z11,z20,3.2526911934581184,10.842303978193728,12.215958381464668
toy-0004732,2110,z31,z00,7.273238618387272,24.244128727957573,23.607509418763936
toy-0004733,2110,z31,z01,6.8999999999999995,22.999999999999996,22.549999999999997
toy-0004734,2110,z31,z12,5.142956348249516,17.143187827498387,17.57170965337363
toy-0004735,2110,z12,z10,4.6,15.333333333333334,16.03333333333333
toy-0004736,2110,z22,z01,5.142956348249516,17.143187827498387,17.57170965337363
toy-0004737,2110,z32,z10,6.505382386916237,21.684607956387456,21.431916762929337
toy-0004738,2110,z32,z22,2.3,7.666666666666667,9.516666666666666
toy-0004739,2115,z11,z21,2.3,7.666666666666667,9.516666666666666
toy-0004740,2115,z11,z31,4.6,15.333333333333334,16.03333333333333
toy-0004741,2115,z21,z12,3.2526911934581184,10.842303978193728,12.215958381464668
toy-0004742,2115,z31,z20,3.2526911934581184,10.842303978193728,12.215958381464668
toy-0004743,2115,z31,z22,3.2526911934581184,10.842303978193728,12.215958381464668
toy-0004744,2115,z31,z32,2.3,7.666666666666667,9.516666666666666
toy-0004745,2115,z22,z21,2.3,7.666666666666667,9.516666666666666
toy-0004746,2115,z32,z11,5.142956348249516,17.143187827498387,17.57170965337363
toy-0004747,2115,z32,z31,2.3,7.666666666666667,9.516666666666666
toy-0004748,2120,z10,z20,2.3,7.666666666666667,9.516666666666666
toy-0004749,2120,z10,z11,2.3,7.666666666666667,9.516666666666666
toy-0004750,2120,z20,z00,4.6,15.333333333333334,16.03333333333333
toy-0004751,2120,z30,z31,2.3,7.666666666666667,9.516666666666666
toy-0004752,2120,z01,z21,4.6,15.333333333333334,16.03333333333333
toy-0004753,2120,z01,z22,5.142956348249516,17.143187827498387,17.57170965337363
toy-0004754,2120,z11,z22,3.2526911934581184,10.842303978193728,12.215958381464668
toy-0004755,2120,z21,z31,2.3,7.666666666666667,9.516666666666666
toy-0004756,2120,z31,z11,4.6,15.333333333333334,16.03333333333333
toy-0004757,2120,z31,z21,2.3,7.666666666666667,9.516666666666666
toy-0004758,2120,z22,z11,3.2526911934581184,10.842303978193728,12.215958381464668
toy-0004759,2120,z22,z32,2.3,7.666666666666667,9.516666666666666
toy-0004760,2120,z32,z01,7.273238618387272,24.244128727957573,23.607509418763936
toy-0004761,2125,z30,z32,4.6,15.333333333333334,16.03333333333333
toy-0004762,2125,z01,z00,2.3,7.666666666666667,9.516666666666666
toy-0004763,2125,z21,z30,3.2526911934581184,10.842303978193728,12.215958381464668
toy-0004764,2125,z21,z22,2.3,7.666666666666667,9.516666666666666
toy-0004765,2125,z21,z32,3.2526911934581184,10.842303978193728,12.215958381464668
toy-0004766,2125,z02,z21,5.142956348249516,17.143187827498387,17.57170965337363
toy-0004767,2125,z02,z12,2.3,7.666666666666667,9.516666666666666
toy-0004768,2125,z12,z31,5.142956348249516,17.143187827498387,17.57170965337363
toy-0004769,2125,z22,z31,3.2526911934581184,10.842303978193728,12.215958381464668
toy-0004770,2125,z22,z12,2.3,7.666666666666667,9.516666666666666
toy-0004771,2125,z32,z21,3.2526911934581184,10.842303978193728,12.215958381464668
toy-0004772,2130,z00,z20,4.6,15.333333333333334,16.03333333333333
toy-0004773,2130,z20,z01,5.142956348249516,17.143187827498387,17.57170965337363
toy-0004774,2130,z20,z31,3.2526911934581184,10.842303978193728,12.215958381464668
toy-0004775,2130,z20,z12,5.142956348249516,17.143187827498387,17.57170965337363
toy-0004776,2130,z30,z11,5.142956348249516,17.143187827498387,17.57170965337363
toy-0004777,2130,z11,z12,2.3,7.666666666666667,9.516666666666666
toy-0004778,2130,z11,z32,5.142956348249516,17.143187827498387,17.57170965337363
toy-0004779,2130,z21,z20,2.3,7.666666666666667,9.516666666666666
toy-0004780,2130,z21,z31,2.3,7.666666666666667,9.516666666666666
toy-0004781,2130,z31,z10,5.142956348249516,17.143187827498387,17.57170965337363
toy-0004782,2130,z31,z32,2.3,7.666666666666667,9.516666666666666
toy-0004783,2130,z22,z30,5.142956348249516,17.143187827498387,17.57170965337363
toy-0004784,2130,z32,z20,5.142956348249516,17.143187827498387,17.57170965337363
toy-0004785,2130,z32,z31,2.3,7.666666666666667,9.516666666666666
toy-0004786,2135,z00,z30,6.8999999999999995,22.999999999999996,22.549999999999997
toy-0004787,2135,z20,z22,4.6,15.333333333333334,16.03333333333333
toy-0004788,2135,z20,z32,5.142956348249516,17.143187827498387,17.57170965337363
toy-0004789,2135,z01,z31,6.8999999999999995,22.999999999999996,22.549999999999997
toy-0004790,2135,z11,z30,5.142956348249516,17.143187827498387,17.57170965337363
toy-0004791,2135,z11,z31,4.6,15.333333333333334,16.03333333333333
toy-0004792,2135,z21,z11,2.3,7.666666666666667,9.516666666666666
toy-0004793,2135,z31,z20,3.2526911934581184,10.842303978193728,12.215958381464668
toy-0004794,2135,z31,z30,2.3,7.666666666666667,9.516666666666666
toy-0004795,2135,z31,z21,2.3,7.666666666666667,9.516666666666666
toy-0004796,2135,z31,z22,3.2526911934581184,10.842303978193728,12.215958381464668
toy-0004797,2135,z12,z32,4.6,15.333333333333334,16.03333333333333
toy-0004798,2135,z22,z21,2.3,7.666666666666667,9.516666666666666
toy-0004799,2135,z32,z30,4.6,15.333333333333334,16.03333333333333
toy-0004800,2135,z32,z12,4.6,15.333333333333334,16.03333333333333
toy-0004801,2135,z32,z22,2.3,7.666666666666667,9.516666666666666
toy-0004802,2140,z00,z32,8.292767933567175,27.64255977855725,26.49617581177366
toy-0004803,2140,z10,z30,4.6,15.333333333333334,16.03333333333333
toy-0004804,2140,z10,z21,3.2526911934581184,10.842303978193728,12.215958381464668
toy-0004805,2140,z20,z21,2.3,7.666666666666667,9.516666666666666
toy-0004806,2140,z30,z22,5.142956348249516,17.143187827498387,17.57170965337363
toy-0004807,2140,z21,z01,4.6,15.333333333333334,16.03333333333333
toy-0004808,2140,z21,z32,3.2526911934581184,10.842303978193728,12.215958381464668
toy-0004809,2140,z31,z11,4.6,15.333333333333334,16.03333333333333
toy-0004810,2140,z31,z02,7.273238618387272,24.244128727957573,23.607509418763936
toy-0004811,2140,z31,z12,5.142956348249516,17.143187827498387,17.57170965337363
toy-0004812,2140,z31,z32,2.3,7.666666666666667,9.516666666666666
toy-0004813,2140,z02,z11,3.2526911934581184,10.842303978193728,12.215958381464668
toy-0004814,2140,z12,z22,2.3,7.666666666666667,9.516666666666666
toy-0004815,2140,z22,z31,3.2526911934581184,10.842303978193728,12.215958381464668
toy-0004816,2140,z22,z32,2.3,7.666666666666667,9.516666666666666
toy-0004817,2140,z32,z31,2.3,7.666666666666667,9.516666666666666
toy-0004818,2145,z00,z21,5.142956348249516,17.143187827498387,17.57170965337363
toy-0004819,2145,z10,z31,5.142956348249516,17.143187827498387,17.57170965337363
toy-0004820,2145,z10,z32,6.505382386916237,21.684607956387456,21.431916762929337
toy-0004821,2145,z11,z21,2.3,7.666666666666667,9.516666666666666
toy-0004822,2145,z21,z31,2.3,7.666666666666667,9.516666666666666
toy-0004823,2145,z31,z21,2.3,7.666666666666667,9.516666666666666
toy-0004824,2145,z12,z11,2.3,7.666666666666667,9.516666666666666
toy-0004825,2145,z22,z10,5.142956348249516,17.143187827498387,17.57170965337363
toy-0004826,2145,z22,z20,4.6,15.333333333333334,16.03333333333333
toy-0004827,2145,z32,z11,5.142956348249516,17.143187827498387,17.57170965337363
toy-0004828,2145,z32,z21,3.2526911934581184,10.842303978193728,12.215958381464668
toy-0004829,2150,z20,z11,3.2526911934581184,10.842303978193728,12.215958381464668
toy-0004830,2150,z20,z31,3.2526911934581184,10.842303978193728,12.215958381464668
toy-0004831,2150,z01,z10,3.2526911934581184,10.842303978193728,12.215958381464668
toy-0004832,2150,z01,z20,5.142956348249516,17.143187827498387,17.57170965337363
toy-0004833,2150,z21,z10,3.2526911934581184,10.842303978193728,12.215958381464668
toy-0004834,2150,z21,z02,5.142956348249516,17.143187827498387,17.57170965337363
toy-0004835,2150,z21,z22,2.3,7.666666666666667,9.516666666666666
toy-0004836,2150,z31,z01,6.8999999999999995,22.999999999999996,22.549999999999997
toy-0004837,2150,z31,z22,3.2526911934581184,10.842303978193728,12.215958381464668
toy-0004838,2150,z02,z10,5.142956348249516,17.143187827498387,17.57170965337363
toy-0004839,2150,z12,z21,3.2526911934581184,10.842303978193728,12.215958381464668
toy-0004840,2150,z32,z00,8.292767933567175,27.64255977855725,26.49617581177366
toy-0004841,2150,z32,z10,6.505382386916237,21.684607956387456,21.431916762929337
toy-0004842,2155,z00,z31,7.273238618387272,24.244128727957573,23.607509418763936
toy-0004843,2155,z00,z12,5.142956348249516,17.143187827498387,17.57170965337363
toy-0004844,2155,z30,z00,6.8999999999999995,22.999999999999996,22.549999999999997
toy-0004845,2155,z11,z31,4.6,15.333333333333334,16.03333333333333
toy-0004846,2155,z11,z02,3.2526911934581184,10.842303978193728,12.215958381464668
toy-0004847,2155,z11,z22,3.2526911934581184,10.842303978193728,12.215958381464668
toy-0004848,2155,z11,z32,5.142956348249516,17.143187827498387,17.57170965337363
toy-0004849,2155,z31,z32,2.3,7.666666666666667,9.516666666666666
toy-0004850,2155,z02,z31,7.273238618387272,24.244128727957573,23.607509418763936
toy-0004851,2155,z12,z31,5.142956348249516,17.143187827498387,17.57170965337363
toy-0004852,2155,z22,z11,3.2526911934581184,10.842303978193728,12.215958381464668
toy-0004853,2155,z22,z31,3.2526911934581184,10.842303978193728,12.215958381464668
toy-0004854,2155,z32,z31,2.3,7.666666666666667,9.516666666666666
toy-0004855,2155,z32,z22,2.3,7.666666666666667,9.516666666666666
toy-0004856,2160,z10,z22,5.142956348249516,17.143187827498387,17.57170965337363
toy-0004857,2160,z30,z21,3.2526911934581184,10.842303978193728,12.215958381464668
toy-0004858,2160,z30,z31,2.3,7.666666666666667,9.516666666666666
toy-0004859,2160,z01,z32,7.273238618387272,24.244128727957573,23.607509418763936
toy-0004860,2160,z11,z20,3.2526911934581184,10.842303978193728,12.215958381464668
toy-0004861,2160,z11,z01,2.3,7.666666666666667,9.516666666666666
toy-0004862,2160,z21,z31,2.3,7.666666666666667,9.516666666666666
toy-0004863,2160,z21,z12,3.2526911934581184,10.842303978193728,12.215958381464668
toy-0004864,2160,z21,z32,3.2526911934581184,10.842303978193728,12.215958381464668
toy-0004865,2160,z31,z00,7.273238618387272,24.244128727957573,23.607509418763936
toy-0004866,2160,z31,z10,5.142956348249516,17.143187827498387,17.57170965337363
toy-0004867,2160,z31,z20,3.2526911934581184,10.842303978193728,12.215958381464668
toy-0004868,2160,z31,z11,4.6,15.333333333333334,16.03333333333333
toy-0004869,2160,z31,z21,2.3,7.666666666666667,9.516666666666666
toy-0004870,2160,z12,z20,5.142956348249516,17.143187827498387,17.57170965337363
toy-0004871,2160,z22,z00,6.505382386916237,21.684607956387456,21.431916762929337
toy-0004872,2160,z22,z21,2.3,7.666666666666667,9.516666666666666
toy-0004873,2160,z22,z32,2.3,7.666666666666667,9.516666666666666
toy-0004874,2160,z32,z20,5.142956348249516,17.143187827498387,17.57170965337363
toy-0004875,2160,z32,z21,3.2526911934581184,10.842303978193728,12.215958381464668
toy-0004876,2165,z00,z22,6.505382386916237,21.684607956387456,21.431916762929337
toy-0004877,2165,z10,z01,3.2526911934581184,10.842303978193728,12.215958381464668
toy-0004878,2165,z20,z10,2.3,7.666666666666667,9.516666666666666
toy-0004879,2165,z20,z32,5.142956348249516,17.143187827498387,17.57170965337363
toy-0004880,2165,z01,z11,2.3,7.666666666666667,9.516666666666666
toy-0004881,2165,z21,z20,2.3,7.666666666666667,9.516666666666666
toy-0004882,2165,z21,z11,2.3,7.666666666666667,9.516666666666666
toy-0004883,2165,z31,z12,5.142956348249516,17.143187827498387,17.57170965337363
toy-0004884,2165,z31,z22,3.2526911934581184,10.842303978193728,12.215958381464668
toy-0004885,2165,z31,z32,2.3,7.666666666666667,9.516666666666666
toy-0004886,2165,z32,z01,7.273238618387272,24.244128727957573,23.607509418763936
toy-0004887,2165,z32,z31,2.3,7.666666666666667,9.516666666666666
toy-0004888,2165,z32,z02,6.8999999999999995,22.999999999999996,22.549999999999997
toy-0004889,2170,z20,z21,2.3,7.666666666666667,9.516666666666666
toy-0004890,2170,z20,z31,3.2526911934581184,10.842303978193728,12.215958381464668
toy-0004891,2170,z20,z02,6.505382386916237,21.684607956387456,21.431916762929337
toy-0004892,2170,z20,z22,4.6,15.333333333333334,16.03333333333333
toy-0004893,2170,z30,z12,6.505382386916237,21.684607956387456,21.431916762929337
toy-0004894,2170,z01,z31,6.8999999999999995,22.999999999999996,22.549999999999997
toy-0004895,2170,z21,z00,5.142956348249516,17.143187827498387,17.57170965337363
toy-0004896,2170,z31,z30,2.3,7.666666666666667,9.516666666666666
toy-0004897,2170,z02,z32,6.8999999999999995,22.999999999999996,22.549999999999997
toy-0004898,2170,z12,z32,4.6,15.333333333333334,16.03333333333333
toy-0004899,2170,z22,z01,5.142956348249516,17.143187827498387,17.57170965337363
toy-0004900,2170,z22,z31,3.2526911934581184,10.842303978193728,12.215958381464668
toy-0004901,2170,z22,z12,2.3,7.666666666666667,9.516666666666666
toy-0004902,2170,z32,z11,5.142956348249516,17.143187827498387,17.57170965337363
toy-0004903,2175,z10,z31,5.142956348249516,17.143187827498387,17.57170965337363
toy-0004904,2175,z20,z30,2.3,7.666666666666667,9.516666666666666
toy-0004905,2175,z30,z01,7.273238618387272,24.244128727957573,23.607509418763936
toy-0004906,2175,z30,z32,4.6,15.333333333333334,16.03333333333333
toy-0004907,2175,z01,z21,4.6,15.333333333333334,16.03333333333333
toy-0004908,2175,z11,z10,2.3,7.666666666666667,9.516666666666666
toy-0004909,2175,z11,z21,2.3,7.666666666666667,9.516666666666666
toy-0004910,2175,z11,z31,4.6,15.333333333333334,16.03333333333333
toy-0004911,2175,z21,z31,2.3,7.666666666666667,9.516666666666666
toy-0004912,2175,z21,z22,2.3,7.666666666666667,9.516666666666666
toy-0004913,2175,z21,z32,3.2526911934581184,10.842303978193728,12.215958381464668
toy-0004914,2175,z31,z21,2.3,7.666666666666667,9.516666666666666
toy-0004915,2175,z31,z32,2.3,7.666666666666667,9.516666666666666
toy-0004916,2175,z02,z20,6.505382386916237,21.684607956387456,21.431916762929337
toy-0004917,2175,z02,z01,2.3,7.666666666666667,9.516666666666666
toy-0004918,2175,z22,z20,4.6,15.333333333333334,16.03333333333333
toy-0004919,2175,z32,z31,2.3,7.666666666666667,9.516666666666666
toy-0004920,2175,z32,z12,4.6,15.333333333333334,16.03333333333333
toy-0004921,2175,z32,z22,2.3,7.666666666666667,9.516666666666666
toy-0004922,2180,z10,z21,3.2526911934581184,10.842303978193728,12.215958381464668
toy-0004923,2180,z01,z12,3.2526911934581184,10.842303978193728,12.215958381464668
toy-0004924,2180,z01,z22,5.142956348249516,17.143187827498387,17.57170965337363
toy-0004925,2180,z11,z32,5.142956348249516,17.143187827498387,17.57170965337363
toy-0004926,2180,z21,z30,3.2526911934581184,10.842303978193728,12.215958381464668
toy-0004927,2180,z31,z20,3.2526911934581184,10.842303978193728,12.215958381464668
toy-0004928,2180,z31,z01,6.8999999999999995,22.999999999999996,22.549999999999997
toy-0004929,2180,z31,z11,4.6,15.333333333333334,16.03333333333333
toy-0004930,2180,z31,z22,3.2526911934581184,10.842303978193728,12.215958381464668
toy-0004931,2180,z12,z31,5.142956348249516,17.143187827498387,17.57170965337363
toy-0004932,2180,z22,z21,2.3,7.666666666666667,9.516666666666666
toy-0004933,2180,z22,z32,2.3,7.666666666666667,9.516666666666666
toy-0004934,2180,z32,z21,3.2526911934581184,10.842303978193728,12.215958381464668
toy-0004935,2185,z00,z11,3.2526911934581184,10.842303978193728,12.215958381464668
toy-0004936,2185,z10,z11,2.3,7.666666666666667,9.516666666666666
toy-0004937,2185,z10,z12,4.6,15.333333333333334,16.03333333333333
toy-0004938,2185,z10,z32,6.505382386916237,21.684607956387456,21.431916762929337
toy-0004939,2185,z30,z20,2.3,7.666666666666667,9.516666666666666
toy-0004940,2185,z11,z22,3.2526911934581184,10.842303978193728,12.215958381464668
toy-0004941,2185,z21,z31,2.3,7.666666666666667,9.516666666666666
toy-0004942,2185,z31,z21,2.3,7.666666666666667,9.516666666666666
toy-0004943,2185,z31,z32,2.3,7.666666666666667,9.516666666666666
toy-0004944,2185,z12,z22,2.3,7.666666666666667,9.516666666666666
toy-0004945,2185,z22,z11,3.2526911934581184,10.842303978193728,12.215958381464668
toy-0004946,2185,z22,z31,3.2526911934581184,10.842303978193728,12.215958381464668
toy-0004947,2185,z22,z02,4.6,15.333333333333334,16.03333333333333
toy-0004948,2185,z32,z20,5.142956348249516,17.143187827498387,17.57170965337363
toy-0004949,2185,z32,z30,4.6,15.333333333333334,16.03333333333333
toy-0004950,2185,z32,z31,2.3,7.666666666666667,9.516666666666666
toy-0004951,2190,z10,z20,2.3,7.666666666666667,9.516666666666666
toy-0004952,2190,z20,z11,3.2526911934581184,10.842303978193728,12.215958381464668
toy-0004953,2190,z20,z31,3.2526911934581184,10.842303978193728,12.215958381464668
toy-0004954,2190,z20,z12,5.142956348249516,17.143187827498387,17.57170965337363
toy-0004955,2190,z20,z32,5.142956348249516,17.143187827498387,17.57170965337363
toy-0004956,2190,z01,z30,7.273238618387272,24.244128727957573,23.607509418763936
toy-0004957,2190,z11,z00,3.2526911934581184,10.842303978193728,12.215958381464668
toy-0004958,2190,z11,z31,4.6,15.333333333333334,16.03333333333333
toy-0004959,2190,z11,z12,2.3,7.666666666666667,9.516666666666666
toy-0004960,2190,z21,z01,4.6,15.333333333333334,16.03333333333333
toy-0004961,2190,z21,z11,2.3,7.666666666666667,9.516666666666666
toy-0004962,2190,z31,z10,5.142956348249516,17.143187827498387,17.57170965337363
toy-0004963,2190,z31,z12,5.142956348249516,17.143187827498387,17.57170965337363
toy-0004964,2190,z31,z22,3.2526911934581184,10.842303978193728,12.215958381464668
toy-0004965,2190,z12,z21,3.2526911934581184,10.842303978193728,12.215958381464668
toy-0004966,2190,z32,z10,6.505382386916237,21.684607956387456,21.431916762929337
toy-0004967,2190,z32,z11,5.142956348249516,17.143187827498387,17.57170965337363
toy-0004968,2190,z32,z22,2.3,7.666666666666667,9.516666666666666
toy-0004969,2195,z21,z10,3.2526911934581184,10.842303978193728,12.215958381464668
toy-0004970,2195,z21,z20,2.3,7.666666666666667,9.516666666666666
toy-0004971,2195,z21,z12,3.2526911934581184,10.842303978193728,12.215958381464668
toy-0004972,2195,z21,z22,2.3,7.666666666666667,9.516666666666666
toy-0004973,2195,z21,z32,3.2526911934581184,10.842303978193728,12.215958381464668
toy-0004974,2195,z31,z02,7.273238618387272,24.244128727957573,23.607509418763936
toy-0004975,2195,z02,z30,8.292767933567175,27.64255977855725,26.49617581177366
toy-0004976,2195,z22,z10,5.142956348249516,17.143187827498387,17.57170965337363
toy-0004977,2195,z22,z30,5.142956348249516,17.143187827498387,17.57170965337363
toy-0004978,2195,z22,z32,2.3,7.666666666666667,9.516666666666666
toy-0004979,2195,z32,z21,3.2526911934581184,10.842303978193728,12.215958381464668
toy-0004980,2200,z00,z10,2.3,7.666666666666667,9.516666666666666
toy-0004981,2200,z00,z31,7.273238618387272,24.244128727957573,23.607509418763936
toy-0004982,2200,z00,z32,8.292767933567175,27.64255977855725,26.49617581177366
toy-0004983,2200,z10,z31,5.142956348249516,17.143187827498387,17.57170965337363
toy-0004984,2200,z20,z21,2.3,7.666666666666667,9.516666666666666
toy-0004985,2200,z30,z31,2.3,7.666666666666667,9.516666666666666
toy-0004986,2200,z30,z22,5.142956348249516,17.143187827498387,17.57170965337363
toy-0004987,2200,z01,z31,6.8999999999999995,22.999999999999996,22.549999999999997
toy-0004988,2200,z01,z32,7.273238618387272,24.244128727957573,23.607509418763936
toy-0004989,2200,z11,z20,3.2526911934581184,10.842303978193728,12.215958381464668
toy-0004990,2200,z11,z21,2.3,7.666666666666667,9.516666666666666
toy-0004991,2200,z21,z31,2.3,7.666666666666667,9.516666666666666
toy-0004992,2200,z31,z00,7.273238618387272,24.244128727957573,23.607509418763936
toy-0004993,2200,z31,z20,3.2526911934581184,10.842303978193728,12.215958381464668
toy-0004994,2200,z31,z11,4.6,15.333333333333334,16.03333333333333
toy-0004995,2200,z31,z21,2.3,7.666666666666667,9.516666666666666
toy-0004996,2200,z31,z32,2.3,7.666666666666667,9.516666666666666
toy-0004997,2200,z02,z22,4.6,15.333333333333334,16.03333333333333
toy-0004998,2200,z12,z10,4.6,15.333333333333334,16.03333333333333
toy-0004999,2200,z12,z32,4.6,15.333333333333334,16.03333333333333
toy-0005000,2200,z22,z31,3.2526911934581184,10.842303978193728,12.215958381464668
toy-0005001,2200,z32,z31,2.3,7.666666666666667,9.516666666666666
toy-0005002,2205,z10,z22,5.142956348249516,17.143187827498387,17.57170965337363
toy-0005003,2205,z20,z22,4.6,15.333333333333334,16.03333333333333
toy-0005004,2205,z11,z32,5.142956348249516,17.143187827498387,17.57170965337363
toy-0005005,2205,z31,z22,3.2526911934581184,10.842303978193728,12.215958381464668
toy-0005006,2205,z02,z21,5.142956348249516,17.143187827498387,17.57170965337363
toy-0005007,2205,z02,z31,7.273238618387272,24.244128727957573,23.607509418763936
toy-0005008,2205,z12,z01,3.2526911934581184,10.842303978193728,12.215958381464668
toy-0005009,2205,z12,z11,2.3,7.666666666666667,9.516666666666666
toy-0005010,2205,z12,z31,5.142956348249516,17.143187827498387,17.57170965337363
toy-0005011,2205,z12,z02,2.3,7.666666666666667,9.516666666666666
toy-0005012,2205,z22,z21,2.3,7.666666666666667,9.516666666666666
toy-0005013,2205,z32,z00,8.292767933567175,27.64255977855725,26.49617581177366
toy-0005014,2205,z32,z01,7.273238618387272,24.244128727957573,23.607509418763936
toy-0005015,2205,z32,z12,4.6,15.333333333333334,16.03333333333333
toy-0005016,2210,z00,z21,5.142956348249516,17.143187827498387,17.57170965337363
toy-0005017,2210,z20,z01,5.142956348249516,17.143187827498387,17.57170965337363
toy-0005018,2210,z20,z31,3.2526911934581184,10.842303978193728,12.215958381464668
toy-0005019,2210,z30,z11,5.142956348249516,17.143187827498387,17.57170965337363
toy-0005020,2210,z11,z31,4.6,15.333333333333334,16.03333333333333
toy-0005021,2210,z21,z31,2.3,7.666666666666667,9.516666666666666
toy-0005022,2210,z21,z32,3.2526911934581184,10.842303978193728,12.215958381464668
toy-0005023,2210,z31,z30,2.3,7.666666666666667,9.516666666666666
toy-0005024,2210,z31,z21,2.3,7.666666666666667,9.516666666666666
toy-0005025,2210,z31,z32,2.3,7.666666666666667,9.516666666666666
toy-0005026,2210,z12,z00,5.142956348249516,17.143187827498387,17.57170965337363
toy-0005027,2210,z12,z30,6.505382386916237,21.684607956387456,21.431916762929337
toy-0005028,2210,z22,z20,4.6,15.333333333333334,16.03333333333333
toy-0005029,2210,z22,z31,3.2526911934581184,10.842303978193728,12.215958381464668
toy-0005030,2210,z22,z12,2.3,7.666666666666667,9.516666666666666
toy-0005031,2210,z32,z20,5.142956348249516,17.143187827498387,17.57170965337363
toy-0005032,2210,z32,z21,3.2526911934581184,10.842303978193728,12.215958381464668
toy-0005033,2210,z32,z31,2.3,7.666666666666667,9.516666666666666
toy-0005034,2210,z32,z22,2.3,7.666666666666667,9.516666666666666
toy-0005035,2215,z10,z02,5.142956348249516,17.143187827498387,17.57170965337363
toy-0005036,2215,z20,z32,5.142956348249516,17.143187827498387,17.57170965337363
toy-0005037,2215,z30,z21,3.2526911934581184,10.842303978193728,12.215958381464668
toy-0005038,2215,z11,z30,5.142956348249516,17.143187827498387,17.57170965337363
toy-0005039,2215,z11,z22,3.2526911934581184,10.842303978193728,12.215958381464668
toy-0005040,2215,z21,z22,2.3,7.666666666666667,9.516666666666666
toy-0005041,2215,z31,z10,5.142956348249516,17.143187827498387,17.57170965337363
toy-0005042,2215,z31,z20,3.2526911934581184,10.842303978193728,12.215958381464668
toy-0005043,2215,z31,z01,6.8999999999999995,22.999999999999996,22.549999999999997
toy-0005044,2215,z31,z11,4.6,15.333333333333334,16.03333333333333
toy-0005045,2215,z31,z12,5.142956348249516,17.143187827498387,17.57170965337363
toy-0005046,2215,z02,z00,4.6,15.333333333333334,16.03333333333333
toy-0005047,2215,z22,z11,3.2526911934581184,10.842303978193728,12.215958381464668
toy-0005048,2215,z22,z32,2.3,7.666666666666667,9.516666666666666
toy-0005049,2215,z32,z11,5.142956348249516,17.143187827498387,17.57170965337363
toy-0005050,2220,z10,z32,6.505382386916237,21.684607956387456,21.431916762929337
toy-0005051,2220,z01,z21,4.6,15.333333333333334,16.03333333333333
toy-0005052,2220,z21,z11,2.3,7.666666666666667,9.516666666666666
toy-0005053,2220,z31,z22,3.2526911934581184,10.842303978193728,12.215958381464668
toy-0005054,2220,z31,z32,2.3,7.666666666666667,9.516666666666666
toy-0005055,2220,z12,z20,5.142956348249516,17.143187827498387,17.57170965337363
toy-0005056,2220,z22,z01,5.142956348249516,17.143187827498387,17.57170965337363
toy-0005057,2220,z32,z31,2.3,7.666666666666667,9.516666666666666
toy-0005058,2225,z10,z21,3.2526911934581184,10.842303978193728,12.215958381464668
toy-0005059,2225,z20,z00,4.6,15.333333333333334,16.03333333333333
toy-0005060,2225,z30,z32,4.6,15.333333333333334,16.03333333333333
toy-0005061,2225,z01,z20,5.142956348249516,17.143187827498387,17.57170965337363
toy-0005062,2225,z01,z02,2.3,7.666666666666667,9.516666666666666
toy-0005063,2225,z11,z32,5.142956348249516,17.143187827498387,17.57170965337363
toy-0005064,2225,z21,z20,2.3,7.666666666666667,9.516666666666666
toy-0005065,2225,z21,z31,2.3,7.666666666666667,9.516666666666666
toy-0005066,2225,z21,z02,5.142956348249516,17.143187827498387,17.57170965337363
toy-0005067,2225,z21,z32,3.2526911934581184,10.842303978193728,12.215958381464668
toy-0005068,2225,z31,z21,2.3,7.666666666666667,9.516666666666666
toy-0005069,2225,z12,z22,2.3,7.666666666666667,9.516666666666666
toy-0005070,2225,z22,z21,2.3,7.666666666666667,9.516666666666666
toy-0005071,2225,z22,z31,3.2526911934581184,10.842303978193728,12.215958381464668
toy-0005072,2225,z32,z10,6.505382386916237,21.684607956387456,21.431916762929337
toy-0005073,2230,z00,z20,4.6,15.333333333333334,16.03333333333333
toy-0005074,2230,z10,z31,5.142956348249516,17.143187827498387,17.57170965337363
toy-0005075,2230,z20,z21,2.3,7.666666666666667,9.516666666666666
toy-0005076,2230,z20,z31,3.2526911934581184,10.842303978193728,12.215958381464668
toy-0005077,2230,z01,z11,2.3,7.666666666666667,9.516666666666666
toy-0005078,2230,z01,z22,5.142956348249516,17.143187827498387,17.57170965337363
toy-0005079,2230,z11,z01,2.3,7.666666666666667,9.516666666666666
toy-0005080,2230,z11,z21,2.3,7.666666666666667,9.516666666666666
toy-0005081,2230,z11,z31,4.6,15.333333333333334,16.03333333333333
toy-0005082,2230,z12,z21,3.2526911934581184,10.842303978193728,12.215958381464668
toy-0005083,2230,z12,z31,5.142956348249516,17.143187827498387,17.57170965337363
toy-0005084,2230,z22,z00,6.505382386916237,21.684607956387456,21.431916762929337
toy-0005085,2230,z32,z30,4.6,15.333333333333334,16.03333333333333
toy-0005086,2230,z32,z21,3.2526911934581184,10.842303978193728,12.215958381464668
toy-0005087,2230,z32,z31,2.3,7.666666666666667,9.516666666666666
toy-0005088,2230,z32,z22,2.3,7.666666666666667,9.516666666666666
toy-0005089,2235,z00,z22,6.505382386916237,21.684607956387456,21.431916762929337
toy-0005090,2235,z20,z10,2.3,7.666666666666667,9.516666666666666
toy-0005091,2235,z20,z11,3.2526911934581184,10.842303978193728,12.215958381464668
toy-0005092,2235,z20,z22,4.6,15.333333333333334,16.03333333333333
toy-0005093,2235,z30,z10,4.6,15.333333333333334,16.03333333333333
toy-0005094,2235,z30,z31,2.3,7.666666666666667,9.516666666666666
toy-0005095,2235,z30,z02,8.292767933567175,27.64255977855725,26.49617581177366
toy-0005096,2235,z01,z31,6.8999999999999995,22.999999999999996,22.549999999999997
toy-0005097,2235,z21,z00,5.142956348249516,17.143187827498387,17.57170965337363
toy-0005098,2235,z21,z12,3.2526911934581184,10.842303978193728,12.215958381464668
toy-0005099,2235,z31,z11,4.6,15.333333333333334,16.03333333333333
toy-0005100,2235,z31,z22,3.2526911934581184,10.842303978193728,12.215958381464668
toy-0005101,2235,z31,z32,2.3,7.666666666666667,9.516666666666666
toy-0005102,2235,z02,z32,6.8999999999999995,22.999999999999996,22.549999999999997
toy-0005103,2235,z12,z32,4.6,15.333333333333334,16.03333333333333
toy-0005104,2235,z22,z32,2.3,7.666666666666667,9.516666666666666
toy-0005105,2235,z32,z20,5.142956348249516,17.143187827498387,17.57170965337363
toy-0005106,2235,z32,z02,6.8999999999999995,22.999999999999996,22.549999999999997
toy-0005107,2240,z00,z02,4.6,15.333333333333334,16.03333333333333
toy-0005108,2240,z11,z10,2.3,7.666666666666667,9.516666666666666
toy-0005109,2240,z21,z10,3.2526911934581184,10.842303978193728,12.215958381464668
toy-0005110,2240,z21,z30,3.2526911934581184,10.842303978193728,12.215958381464668
toy-0005111,2240,z21,z01,4.6,15.333333333333334,16.03333333333333
toy-0005112,2240,z21,z31,2.3,7.666666666666667,9.516666666666666
toy-0005113,2240,z21,z22,2.3,7.666666666666667,9.516666666666666
toy-0005114,2240,z31,z20,3.2526911934581184,10.842303978193728,12.215958381464668
toy-0005115,2240,z31,z21,2.3,7.666666666666667,9.516666666666666
toy-0005116,2240,z22,z31,3.2526911934581184,10.842303978193728,12.215958381464668
toy-0005117,2240,z32,z11,5.142956348249516,17.143187827498387,17.57170965337363
toy-0005118,2240,z32,z12,4.6,15.333333333333334,16.03333333333333
toy-0005119,2245,z00,z31,7.273238618387272,24.244128727957573,23.607509418763936
toy-0005120,2245,z20,z32,5.142956348249516,17.143187827498387,17.57170965337363
toy-0005121,2245,z01,z32,7.273238618387272,24.244128727957573,23.607509418763936
toy-0005122,2245,z11,z20,3.2526911934581184,10.842303978193728,12.215958381464668
toy-0005123,2245,z11,z12,2.3,7.666666666666667,9.516666666666666
toy-0005124,2245,z21,z32,3.2526911934581184,10.842303978193728,12.215958381464668
toy-0005125,2245,z31,z00,7.273238618387272,24.244128727957573,23.607509418763936
toy-0005126,2245,z31,z10,5.142956348249516,17.143187827498387,17.57170965337363
toy-0005127,2245,z31,z30,2.3,7.666666666666667,9.516666666666666
toy-0005128,2245,z31,z01,6.8999999999999995,22.999999999999996,22.549999999999997
toy-0005129,2245,z31,z02,7.273238618387272,24.244128727957573,23.607509418763936
toy-0005130,2245,z31,z12,5.142956348249516,17.143187827498387,17.57170965337363
toy-0005131,2245,z31,z32,2.3,7.666666666666667,9.516666666666666
toy-0005132,2245,z22,z10,5.142956348249516,17.143187827498387,17.57170965337363
toy-0005133,2245,z22,z20,4.6,15.333333333333334,16.03333333333333
toy-0005134,2245,z22,z21,2.3,7.666666666666667,9.516666666666666
toy-0005135,2245,z32,z21,3.2526911934581184,10.842303978193728,12.215958381464668
toy-0005136,2245,z32,z31,2.3,7.666666666666667,9.516666666666666
toy-0005137,2250,z10,z00,2.3,7.666666666666667,9.516666666666666
toy-0005138,2250,z10,z11,2.3,7.666666666666667,9.516666666666666
toy-0005139,2250,z20,z31,3.2526911934581184,10.842303978193728,12.215958381464668
toy-0005140,2250,z20,z12,5.142956348249516,17.143187827498387,17.57170965337363
toy-0005141,2250,z11,z31,4.6,15.333333333333334,16.03333333333333
toy-0005142,2250,z11,z22,3.2526911934581184,10.842303978193728,12.215958381464668
toy-0005143,2250,z21,z11,2.3,7.666666666666667,9.516666666666666
toy-0005144,2250,z21,z31,2.3,7.666666666666667,9.516666666666666
toy-0005145,2250,z31,z22,3.2526911934581184,10.842303978193728,12.215958381464668
toy-0005146,2250,z22,z11,3.2526911934581184,10.842303978193728,12.215958381464668
toy-0005147,2250,z32,z01,7.273238618387272,24.244128727957573,23.607509418763936
toy-0005148,2250,z32,z22,2.3,7.666666666666667,9.516666666666666
toy-0005149,2255,z00,z32,8.292767933567175,27.64255977855725,26.49617581177366
toy-0005150,2255,z10,z22,5.142956348249516,17.143187827498387,17.57170965337363
toy-0005151,2255,z11,z32,5.142956348249516,17.143187827498387,17.57170965337363
toy-0005152,2255,z21,z20,2.3,7.666666666666667,9.516666666666666
toy-0005153,2255,z31,z11,4.6,15.333333333333334,16.03333333333333
toy-0005154,2255,z31,z21,2.3,7.666666666666667,9.516666666666666
toy-0005155,2255,z31,z32,2.3,7.666666666666667,9.516666666666666
toy-0005156,2255,z02,z11,3.2526911934581184,10.842303978193728,12.215958381464668
toy-0005157,2255,z22,z32,2.3,7.666666666666667,9.516666666666666
toy-0005158,2255,z32,z31,2.3,7.666666666666667,9.516666666666666
toy-0005159,2260,z00,z01,2.3,7.666666666666667,9.516666666666666
toy-0005160,2260,z10,z20,2.3,7.666666666666667,9.516666666666666
toy-0005161,2260,z10,z31,5.142956348249516,17.143187827498387,17.57170965337363
toy-0005162,2260,z10,z32,6.505382386916237,21.684607956387456,21.431916762929337
toy-0005163,2260,z20,z30,2.3,7.666666666666667,9.516666666666666
toy-0005164,2260,z01,z10,3.2526911934581184,10.842303978193728,12.215958381464668
toy-0005165,2260,z11,z21,2.3,7.666666666666667,9.516666666666666
toy-0005166,2260,z21,z22,2.3,7.666666666666667,9.516666666666666
toy-0005167,2260,z31,z20,3.2526911934581184,10.842303978193728,12.215958381464668
toy-0005168,2260,z02,z31,7.273238618387272,24.244128727957573,23.607509418763936
toy-0005169,2260,z12,z11,2.3,7.666666666666667,9.516666666666666
toy-0005170,2260,z12,z31,5.142956348249516,17.143187827498387,17.57170965337363
toy-0005171,2260,z22,z30,5.142956348249516,17.143187827498387,17.57170965337363
toy-0005172,2260,z22,z31,3.2526911934581184,10.842303978193728,12.215958381464668
toy-0005173,2260,z22,z12,2.3,7.666666666666667,9.516666666666666
toy-0005174,2260,z32,z00,8.292767933567175,27.64255977855725,26.49617581177366
toy-0005175,2265,z10,z30,4.6,15.333333333333334,16.03333333333333
toy-0005176,2265,z20,z21,2.3,7.666666666666667,9.516666666666666
toy-0005177,2265,z30,z22,5.142956348249516,17.143187827498387,17.57170965337363
toy-0005178,2265,z01,z31,6.8999999999999995,22.999999999999996,22.549999999999997
toy-0005179,2265,z21,z31,2.3,7.666666666666667,9.516666666666666
toy-0005180,2265,z21,z32,3.2526911934581184,10.842303978193728,12.215958381464668
toy-0005181,2265,z31,z21,2.3,7.666666666666667,9.516666666666666
toy-0005182,2265,z31,z22,3.2526911934581184,10.842303978193728,12.215958381464668
toy-0005183,2265,z32,z10,6.505382386916237,21.684607956387456,21.431916762929337
toy-0005184,2265,z32,z20,5.142956348249516,17.143187827498387,17.57170965337363
toy-0005185,2265,z32,z11,5.142956348249516,17.143187827498387,17.57170965337363
toy-0005186,2265,z32,z21,3.2526911934581184,10.842303978193728,12.215958381464668
toy-0005187,2270,z10,z21,3.2526911934581184,10.842303978193728,12.215958381464668
toy-0005188,2270,z20,z31,3.2526911934581184,10.842303978193728,12.215958381464668
toy-0005189,2270,z20,z22,4.6,15.333333333333334,16.03333333333333
toy-0005190,2270,z20,z32,5.142956348249516,17.143187827498387,17.57170965337363
toy-0005191,2270,z11,z31,4.6,15.333333333333334,16.03333333333333
toy-0005192,2270,z11,z02,3.2526911934581184,10.842303978193728,12.215958381464668
toy-0005193,2270,z31,z32,2.3,7.666666666666667,9.516666666666666
toy-0005194,2270,z12,z21,3.2526911934581184,10.842303978193728,12.215958381464668
toy-0005195,2270,z22,z21,2.3,7.666666666666667,9.516666666666666
toy-0005196,2270,z32,z31,2.3,7.666666666666667,9.516666666666666
toy-0005197,2270,z32,z22,2.3,7.666666666666667,9.516666666666666
toy-0005198,2275,z10,z01,3.2526911934581184,10.842303978193728,12.215958381464668
toy-0005199,2275,z10,z12,4.6,15.333333333333334,16.03333333333333
toy-0005200,2275,z30,z20,2.3,7.666666666666667,9.516666666666666
toy-0005201,2275,z30,z21,3.2526911934581184,10.842303978193728,12.215958381464668
toy-0005202,2275,z30,z31,2.3,7.666666666666667,9.516666666666666
toy-0005203,2275,z30,z32,4.6,15.333333333333334,16.03333333333333
toy-0005204,2275,z01,z21,4.6,15.333333333333334,16.03333333333333
toy-0005205,2275,z21,z11,2.3,7.666666666666667,9.516666666666666
toy-0005206,2275,z31,z10,5.142956348249516,17.143187827498387,17.57170965337363
toy-0005207,2275,z31,z11,4.6,15.333333333333334,16.03333333333333
toy-0005208,2275,z31,z12,5.142956348249516,17.143187827498387,17.57170965337363
toy-0005209,2275,z12,z22,2.3,7.666666666666667,9.516666666666666
toy-0005210,2275,z12,z32,4.6,15.333333333333334,16.03333333333333
toy-0005211,2275,z22,z31,3.2526911934581184,10.842303978193728,12.215958381464668
toy-0005212,2275,z22,z02,4.6,15.333333333333334,16.03333333333333
toy-0005213,2275,z22,z32,2.3,7.666666666666667,9.516666666666666
toy-0005214,2275,z32,z12,4.6,15.333333333333334,16.03333333333333
toy-0005215,2280,z00,z11,3.2526911934581184,10.842303978193728,12.215958381464668
toy-0005216,2280,z00,z21,5.142956348249516,17.143187827498387,17.57170965337363
toy-0005217,2280,z20,z11,3.2526911934581184,10.842303978193728,12.215958381464668
toy-0005218,2280,z01,z12,3.2526911934581184,10.842303978193728,12.215958381464668
toy-0005219,2280,z11,z22,3.2526911934581184,10.842303978193728,12.215958381464668
toy-0005220,2280,z11,z32,5.142956348249516,17.143187827498387,17.57170965337363
toy-0005221,2280,z21,z31,2.3,7.666666666666667,9.516666666666666
toy-0005222,2280,z21,z12,3.2526911934581184,10.842303978193728,12.215958381464668
toy-0005223,2280,z21,z32,3.2526911934581184,10.842303978193728,12.215958381464668
toy-0005224,2280,z31,z20,3.2526911934581184,10.842303978193728,12.215958381464668
toy-0005225,2280,z31,z01,6.8999999999999995,22.999999999999996,22.549999999999997
toy-0005226,2280,z31,z21,2.3,7.666666666666667,9.516666666666666
toy-0005227,2280,z31,z22,3.2526911934581184,10.842303978193728,12.215958381464668
toy-0005228,2280,z31,z32,2.3,7.666666666666667,9.516666666666666
toy-0005229,2280,z22,z20,4.6,15.333333333333334,16.03333333333333
toy-0005230,2280,z22,z01,5.142956348249516,17.143187827498387,17.57170965337363
toy-0005231,2280,z22,z11,3.2526911934581184,10.842303978193728,12.215958381464668
toy-0005232,2280,z32,z21,3.2526911934581184,10.842303978193728,12.215958381464668
toy-0005233,2280,z32,z31,2.3,7.666666666666667,9.516666666666666
toy-0005234,2285,z00,z12,5.142956348249516,17.143187827498387,17.57170965337363
toy-0005235,2285,z30,z12,6.505382386916237,21.684607956387456,21.431916762929337
toy-0005236,2285,z21,z10,3.2526911934581184,10.842303978193728,12.215958381464668
toy-0005237,2285,z21,z22,2.3,7.666666666666667,9.516666666666666
toy-0005238,2285,z31,z30,2.3,7.666666666666667,9.516666666666666
toy-0005239,2285,z02,z21,5.142956348249516,17.143187827498387,17.57170965337363
toy-0005240,2285,z02,z12,2.3,7.666666666666667,9.516666666666666
toy-0005241,2285,z12,z20,5.142956348249516,17.143187827498387,17.57170965337363
toy-0005242,2285,z12,z31,5.142956348249516,17.143187827498387,17.57170965337363
toy-0005243,2285,z32,z30,4.6,15.333333333333334,16.03333333333333
toy-0005244,2290,z00,z31,7.273238618387272,24.244128727957573,23.607509418763936
toy-0005245,2290,z20,z01,5.142956348249516,17.143187827498387,17.57170965337363
toy-0005246,2290,z01,z22,5.142956348249516,17.143187827498387,17.57170965337363
toy-0005247,2290,z01,z32,7.273238618387272,24.244128727957573,23.607509418763936
toy-0005248,2290,z11,z00,3.2526911934581184,10.842303978193728,12.215958381464668
toy-0005249,2290,z11,z20,3.2526911934581184,10.842303978193728,12.215958381464668
toy-0005250,2290,z11,z21,2.3,7.666666666666667,9.516666666666666
toy-0005251,2290,z11,z31,4.6,15.333333333333334,16.03333333333333
toy-0005252,2290,z21,z20,2.3,7.666666666666667,9.516666666666666
toy-0005253,2290,z21,z01,4.6,15.333333333333334,16.03333333333333
toy-0005254,2290,z02,z22,4.6,15.333333333333334,16.03333333333333
toy-0005255,2290,z12,z10,4.6,15.333333333333334,16.03333333333333
toy-0005256,2290,z22,z31,3.2526911934581184,10.842303978193728,12.215958381464668
toy-0005257,2290,z32,z22,2.3,7.666666666666667,9.516666666666666
toy-0005258,2295,z10,z31,5.142956348249516,17.143187827498387,17.57170965337363
toy-0005259,2295,z20,z21,2.3,7.666666666666667,9.516666666666666
toy-0005260,2295,z20,z31,3.2526911934581184,10.842303978193728,12.215958381464668
toy-0005261,2295,z20,z02,6.505382386916237,21.684607956387456,21.431916762929337
toy-0005262,2295,z30,z11,5.142956348249516,17.143187827498387,17.57170965337363
toy-0005263,2295,z01,z00,2.3,7.666666666666667,9.516666666666666
toy-0005264,2295,z21,z31,2.3,7.666666666666667,9.516666666666666
toy-0005265,2295,z31,z00,7.273238618387272,24.244128727957573,23.607509418763936
toy-0005266,2295,z31,z11,4.6,15.333333333333334,16.03333333333333
toy-0005267,2295,z31,z21,2.3,7.666666666666667,9.516666666666666
toy-0005268,2295,z31,z32,2.3,7.666666666666667,9.516666666666666
toy-0005269,2295,z22,z10,5.142956348249516,17.143187827498387,17.57170965337363
toy-0005270,2295,z22,z21,2.3,7.666666666666667,9.516666666666666
toy-0005271,2295,z22,z32,2.3,7.666666666666667,9.516666666666666
toy-0005272,2295,z32,z20,5.142956348249516,17.143187827498387,17.57170965337363
toy-0005273,2295,z32,z11,5.142956348249516,17.143187827498387,17.57170965337363
toy-0005274,2295,z32,z31,2.3,7.666666666666667,9.516666666666666
toy-0005275,2300,z10,z32,6.505382386916237,21.684607956387456,21.431916762929337
toy-0005276,2300,z20,z32,5.142956348249516,17.143187827498387,17.57170965337363
toy-0005277,2300,z11,z30,5.142956348249516,17.143187827498387,17.57170965337363
toy-0005278,2300,z21,z30,3.2526911934581184,10.842303978193728,12.215958381464668
toy-0005279,2300,z21,z32,3.2526911934581184,10.842303978193728,12.215958381464668
toy-0005280,2300,z31,z12,5.142956348249516,17.143187827498387,17.57170965337363
toy-0005281,2300,z31,z22,3.2526911934581184,10.842303978193728,12.215958381464668
toy-0005282,2300,z02,z20,6.505382386916237,21.684607956387456,21.431916762929337
toy-0005283,2300,z32,z01,7.273238618387272,24.244128727957573,23.607509418763936
toy-0005284,2300,z32,z21,3.2526911934581184,10.842303978193728,12.215958381464668
toy-0005285,2305,z20,z10,2.3,7.666666666666667,9.516666666666666
toy-0005286,2305,z01,z20,5.142956348249516,17.143187827498387,17.57170965337363
toy-0005287,2305,z01,z31,6.8999999999999995,22.999999999999996,22.549999999999997
toy-0005288,2305,z11,z10,2.3,7.666666666666667,9.516666666666666
toy-0005289,2305,z11,z01,2.3,7.666666666666667,9.516666666666666
toy-0005290,2305,z11,z12,2.3,7.666666666666667,9.516666666666666
toy-0005291,2305,z11,z32,5.142956348249516,17.143187827498387,17.57170965337363
toy-0005292,2305,z21,z00,5.142956348249516,17.143187827498387,17.57170965337363
toy-0005293,2305,z31,z20,3.2526911934581184,10.842303978193728,12.215958381464668
toy-0005294,2305,z31,z02,7.273238618387272,24.244128727957573,23.607509418763936
toy-0005295,2305,z31,z32,2.3,7.666666666666667,9.516666666666666
toy-0005296,2305,z22,z00,6.505382386916237,21.684607956387456,21.431916762929337
toy-0005297,2305,z22,z31,3.2526911934581184,10.842303978193728,12.215958381464668
toy-0005298,2305,z22,z12,2.3,7.666666666666667,9.516666666666666
toy-0005299,2305,z32,z31,2.3,7.666666666666667,9.516666666666666
toy-0005300,2305,z32,z02,6.8999999999999995,22.999999999999996,22.549999999999997
toy-0005301,2310,z10,z22,5.142956348249516,17.143187827498387,17.57170965337363
toy-0005302,2310,z20,z22,4.6,15.333333333333334,16.03333333333333
toy-0005303,2310,z01,z11,2.3,7.666666666666667,9.516666666666666
toy-0005304,2310,z11,z31,4.6,15.333333333333334,16.03333333333333
toy-0005305,2310,z21,z11,2.3,7.666666666666667,9.516666666666666
toy-0005306,2310,z21,z31,2.3,7.666666666666667,9.516666666666666
toy-0005307,2310,z21,z02,5.142956348249516,17.143187827498387,17.57170965337363
toy-0005308,2310,z21,z22,2.3,7.666666666666667,9.516666666666666
toy-0005309,2310,z31,z10,5.142956348249516,17.143187827498387,17.57170965337363
toy-0005310,2310,z31,z21,2.3,7.666666666666667,9.516666666666666
toy-0005311,2310,z02,z32,6.8999999999999995,22.999999999999996,22.549999999999997
toy-0005312,2310,z12,z01,3.2526911934581184,10.842303978193728,12.215958381464668
toy-0005313,2310,z12,z21,3.2526911934581184,10.842303978193728,12.215958381464668
toy-0005314,2310,z12,z32,4.6,15.333333333333334,16.03333333333333
toy-0005315,2310,z32,z10,6.505382386916237,21.684607956387456,21.431916762929337
toy-0005316,2310,z32,z22,2.3,7.666666666666667,9.516666666666666
toy-0005317,2315,z00,z22,6.505382386916237,21.684607956387456,21.431916762929337
toy-0005318,2315,z10,z11,2.3,7.666666666666667,9.516666666666666
toy-0005319,2315,z20,z31,3.2526911934581184,10.842303978193728,12.215958381464668
toy-0005320,2315,z30,z31,2.3,7.666666666666667,9.516666666666666
toy-0005321,2315,z11,z22,3.2526911934581184,10.842303978193728,12.215958381464668
toy-0005322,2315,z31,z11,4.6,15.333333333333334,16.03333333333333
toy-0005323,2315,z31,z22,3.2526911934581184,10.842303978193728,12.215958381464668
toy-0005324,2315,z02,z31,7.273238618387272,24.244128727957573,23.607509418763936
toy-0005325,2315,z12,z31,5.142956348249516,17.143187827498387,17.57170965337363
toy-0005326,2315,z22,z20,4.6,15.333333333333334,16.03333333333333
toy-0005327,2315,z22,z11,3.2526911934581184,10.842303978193728,12.215958381464668
toy-0005328,2315,z32,z12,4.6,15.333333333333334,16.03333333333333
toy-0005329,2320,z00,z32,8.292767933567175,27.64255977855725,26.49617581177366
toy-0005330,2320,z10,z21,3.2526911934581184,10.842303978193728,12.215958381464668
toy-0005331,2320,z20,z12,5.142956348249516,17.143187827498387,17.57170965337363
toy-0005332,2320,z30,z01,7.273238618387272,24.244128727957573,23.607509418763936
toy-0005333,2320,z11,z21,2.3,7.666666666666667,9.516666666666666
toy-0005334,2320,z21,z20,2.3,7.666666666666667,9.516666666666666
toy-0005335,2320,z21,z12,3.2526911934581184,10.842303978193728,12.215958381464668
toy-0005336,2320,z21,z32,3.2526911934581184,10.842303978193728,12.215958381464668
toy-0005337,2320,z31,z01,6.8999999999999995,22.999999999999996,22.549999999999997
toy-0005338,2320,z31,z32,2.3,7.666666666666667,9.516666666666666
toy-0005339,2320,z12,z11,2.3,7.666666666666667,9.516666666666666
toy-0005340,2320,z12,z22,2.3,7.666666666666667,9.516666666666666
toy-0005341,2320,z22,z21,2.3,7.666666666666667,9.516666666666666
toy-0005342,2320,z22,z31,3.2526911934581184,10.842303978193728,12.215958381464668
toy-0005343,2320,z22,z32,2.3,7.666666666666667,9.516666666666666
toy-0005344,2320,z32,z20,5.142956348249516,17.143187827498387,17.57170965337363
toy-0005345,2320,z32,z11,5.142956348249516,17.143187827498387,17.57170965337363
toy-0005346,2320,z32,z21,3.2526911934581184,10.842303978193728,12.215958381464668
toy-0005347,2320,z32,z31,2.3,7.666666666666667,9.516666666666666
toy-0005348,2325,z10,z31,5.142956348249516,17.143187827498387,17.57170965337363
toy-0005349,2325,z01,z21,4.6,15.333333333333334,16.03333333333333
toy-0005350,2325,z21,z31,2.3,7.666666666666667,9.516666666666666
toy-0005351,2325,z31,z20,3.2526911934581184,10.842303978193728,12.215958381464668
toy-0005352,2325,z31,z21,2.3,7.666666666666667,9.516666666666666
toy-0005353,2325,z22,z30,5.142956348249516,17.143187827498387,17.57170965337363
toy-0005354,2325,z32,z00,8.292767933567175,27.64255977855725,26.49617581177366
toy-0005355,2330,z00,z30,6.8999999999999995,22.999999999999996,22.549999999999997
toy-0005356,2330,z10,z20,2.3,7.666666666666667,9.516666666666666
toy-0005357,2330,z20,z00,4.6,15.333333333333334,16.03333333333333
toy-0005358,2330,z20,z11,3.2526911934581184,10.842303978193728,12.215958381464668
toy-0005359,2330,z20,z21,2.3,7.666666666666667,9.516666666666666
toy-0005360,2330,z20,z32,5.142956348249516,17.143187827498387,17.57170965337363
toy-0005361,2330,z30,z32,4.6,15.333333333333334,16.03333333333333
toy-0005362,2330,z11,z31,4.6,15.333333333333334,16.03333333333333
toy-0005363,2330,z31,z30,2.3,7.666666666666667,9.516666666666666
toy-0005364,2330,z31,z12,5.142956348249516,17.143187827498387,17.57170965337363
toy-0005365,2330,z31,z22,3.2526911934581184,10.842303978193728,12.215958381464668
toy-0005366,2330,z31,z32,2.3,7.666666666666667,9.516666666666666
toy-0005367,2330,z02,z10,5.142956348249516,17.143187827498387,17.57170965337363
toy-0005368,2330,z12,z30,6.505382386916237,21.684607956387456,21.431916762929337
toy-0005369,2330,z32,z31,2.3,7.666666666666667,9.516666666666666
toy-0005370,2330,z32,z22,2.3,7.666666666666667,9.516666666666666
toy-0005371,2335,z30,z22,5.142956348249516,17.143187827498387,17.57170965337363
toy-0005372,2335,z01,z30,7.273238618387272,24.244128727957573,23.607509418763936
toy-0005373,2335,z01,z32,7.273238618387272,24.244128727957573,23.607509418763936
toy-0005374,2335,z11,z32,5.142956348249516,17.143187827498387,17.57170965337363
toy-0005375,2335,z21,z10,3.2526911934581184,10.842303978193728,12.215958381464668
toy-0005376,2335,z21,z22,2.3,7.666666666666667,9.516666666666666
toy-0005377,2335,z31,z11,4.6,15.333333333333334,16.03333333333333
toy-0005378,2335,z32,z30,4.6,15.333333333333334,16.03333333333333
toy-0005379,2340,z00,z20,4.6,15.333333333333334,16.03333333333333
toy-0005380,2340,z00,z31,7.273238618387272,24.244128727957573,23.607509418763936
toy-0005381,2340,z20,z31,3.2526911934581184,10.842303978193728,12.215958381464668
toy-0005382,2340,z30,z21,3.2526911934581184,10.842303978193728,12.215958381464668
toy-0005383,2340,z01,z31,6.8999999999999995,22.999999999999996,22.549999999999997
toy-0005384,2340,z11,z20,3.2526911934581184,10.842303978193728,12.215958381464668
toy-0005385,2340,z21,z11,2.3,7.666666666666667,9.516666666666666
toy-0005386,2340,z21,z31,2.3,7.666666666666667,9.516666666666666
toy-0005387,2340,z21,z32,3.2526911934581184,10.842303978193728,12.215958381464668
toy-0005388,2340,z31,z00,7.273238618387272,24.244128727957573,23.607509418763936
toy-0005389,2340,z31,z10,5.142956348249516,17.143187827498387,17.57170965337363
toy-0005390,2340,z31,z21,2.3,7.666666666666667,9.516666666666666
toy-0005391,2340,z22,z01,5.142956348249516,17.143187827498387,17.57170965337363
toy-0005392,2340,z22,z21,2.3,7.666666666666667,9.516666666666666
toy-0005393,2340,z22,z31,3.2526911934581184,10.842303978193728,12.215958381464668
toy-0005394,2340,z22,z32,2.3,7.666666666666667,9.516666666666666
toy-0005395,2340,z32,z21,3.2526911934581184,10.842303978193728,12.215958381464668
toy-0005396,2345,z10,z32,6.505382386916237,21.684607956387456,21.431916762929337
toy-0005397,2345,z20,z22,4.6,15.333333333333334,16.03333333333333
toy-0005398,2345,z30,z00,6.8999999999999995,22.999999999999996,22.549999999999997
toy-0005399,2345,z21,z01,4.6,15.333333333333334,16.03333333333333
toy-0005400,2345,z31,z20,3.2526911934581184,10.842303978193728,12.215958381464668
toy-0005401,2345,z31,z22,3.2526911934581184,10.842303978193728,12.215958381464668
toy-0005402,2345,z31,z32,2.3,7.666666666666667,9.516666666666666
toy-0005403,2345,z12,z31,5.142956348249516,17.143187827498387,17.57170965337363
toy-0005404,2345,z12,z32,4.6,15.333333333333334,16.03333333333333
toy-0005405,2345,z32,z01,7.273238618387272,24.244128727957573,23.607509418763936
toy-0005406,2345,z32,z11,5.142956348249516,17.143187827498387,17.57170965337363
toy-0005407,2345,z32,z31,2.3,7.666666666666667,9.516666666666666
toy-0005408,2350,z00,z21,5.142956348249516,17.143187827498387,17.57170965337363
toy-0005409,2350,z01,z22,5.142956348249516,17.143187827498387,17.57170965337363
toy-0005410,2350,z11,z21,2.3,7.666666666666667,9.516666666666666
toy-0005411,2350,z11,z31,4.6,15.333333333333334,16.03333333333333
toy-0005412,2350,z11,z22,3.2526911934581184,10.842303978193728,12.215958381464668
toy-0005413,2350,z21,z31,2.3,7.666666666666667,9.516666666666666
toy-0005414,2350,z31,z01,6.8999999999999995,22.999999999999996,22.549999999999997
toy-0005415,2350,z31,z21,2.3,7.666666666666667,9.516666666666666
toy-0005416,2350,z12,z00,5.142956348249516,17.143187827498387,17.57170965337363
toy-0005417,2350,z12,z20,5.142956348249516,17.143187827498387,17.57170965337363
toy-0005418,2350,z22,z10,5.142956348249516,17.143187827498387,17.57170965337363
toy-0005419,2350,z22,z20,4.6,15.333333333333334,16.03333333333333
toy-0005420,2350,z22,z11,3.2526911934581184,10.842303978193728,12.215958381464668
toy-0005421,2350,z22,z31,3.2526911934581184,10.842303978193728,12.215958381464668
toy-0005422,2350,z22,z12,2.3,7.666666666666667,9.516666666666666
toy-0005423,2350,z32,z10,6.505382386916237,21.684607956387456,21.431916762929337
toy-0005424,2350,z32,z20,5.142956348249516,17.143187827498387,17.57170965337363
toy-0005425,2350,z32,z12,4.6,15.333333333333334,16.03333333333333
toy-0005426,2350,z32,z22,2.3,7.666666666666667,9.516666666666666
toy-0005427,2355,z00,z10,2.3,7.666666666666667,9.516666666666666
toy-0005428,2355,z10,z31,5.142956348249516,17.143187827498387,17.57170965337363
toy-0005429,2355,z20,z30,2.3,7.666666666666667,9.516666666666666
toy-0005430,2355,z20,z32,5.142956348249516,17.143187827498387,17.57170965337363
toy-0005431,2355,z30,z31,2.3,7.666666666666667,9.516666666666666
toy-0005432,2355,z11,z32,5.142956348249516,17.143187827498387,17.57170965337363
toy-0005433,2355,z21,z20,2.3,7.666666666666667,9.516666666666666
toy-0005434,2355,z21,z22,2.3,7.666666666666667,9.516666666666666
toy-0005435,2355,z21,z32,3.2526911934581184,10.842303978193728,12.215958381464668
toy-0005436,2355,z31,z11,4.6,15.333333333333334,16.03333333333333
toy-0005437,2355,z31,z12,5.142956348249516,17.143187827498387,17.57170965337363
toy-0005438,2355,z31,z32,2.3,7.666666666666667,9.516666666666666
toy-0005439,2355,z12,z21,3.2526911934581184,10.842303978193728,12.215958381464668
toy-0005440,2355,z22,z32,2.3,7.666666666666667,9.516666666666666
toy-0005441,2355,z32,z21,3.2526911934581184,10.842303978193728,12.215958381464668
toy-0005442,2355,z32,z31,2.3,7.666666666666667,9.516666666666666
toy-0005443,2360,z10,z22,5.142956348249516,17.143187827498387,17.57170965337363
toy-0005444,2360,z20,z21,2.3,7.666666666666667,9.516666666666666
toy-0005445,2360,z20,z31,3.2526911934581184,10.842303978193728,12.215958381464668
toy-0005446,2360,z21,z30,3.2526911934581184,10.842303978193728,12.215958381464668
toy-0005447,2360,z21,z12,3.2526911934581184,10.842303978193728,12.215958381464668
toy-0005448,2360,z31,z02,7.273238618387272,24.244128727957573,23.607509418763936
toy-0005449,2360,z31,z22,3.2526911934581184,10.842303978193728,12.215958381464668
toy-0005450,2365,z10,z21,3.2526911934581184,10.842303978193728,12.215958381464668
toy-0005451,2365,z20,z01,5.142956348249516,17.143187827498387,17.57170965337363
toy-0005452,2365,z30,z20,2.3,7.666666666666667,9.516666666666666
toy-0005453,2365,z11,z12,2.3,7.666666666666667,9.516666666666666
toy-0005454,2365,z21,z11,2.3,7.666666666666667,9.516666666666666
toy-0005455,2365,z21,z31,2.3,7.666666666666667,9.516666666666666
toy-0005456,2365,z31,z20,3.2526911934581184,10.842303978193728,12.215958381464668
toy-0005457,2365,z31,z30,2.3,7.666666666666667,9.516666666666666
toy-0005458,2365,z31,z21,2.3,7.666666666666667,9.516666666666666
toy-0005459,2365,z31,z32,2.3,7.666666666666667,9.516666666666666
toy-0005460,2365,z12,z22,2.3,7.666666666666667,9.516666666666666
toy-0005461,2365,z22,z21,2.3,7.666666666666667,9.516666666666666
toy-0005462,2365,z22,z31,3.2526911934581184,10.842303978193728,12.215958381464668
toy-0005463,2365,z32,z31,2.3,7.666666666666667,9.516666666666666
toy-0005464,2370,z10,z12,4.6,15.333333333333334,16.03333333333333
toy-0005465,2370,z20,z11,3.2526911934581184,10.842303978193728,12.215958381464668
toy-0005466,2370,z30,z10,4.6,15.333333333333334,16.03333333333333
toy-0005467,2370,z01,z31,6.8999999999999995,22.999999999999996,22.549999999999997
toy-0005468,2370,z11,z10,2.3,7.666666666666667,9.516666666666666
toy-0005469,2370,z11,z31,4.6,15.333333333333334,16.03333333333333
toy-0005470,2370,z21,z00,5.142956348249516,17.143187827498387,17.57170965337363
toy-0005471,2370,z21,z32,3.2526911934581184,10.842303978193728,12.215958381464668
toy-0005472,2370,z31,z10,5.142956348249516,17.143187827498387,17.57170965337363
toy-0005473,2370,z02,z21,5.142956348249516,17.143187827498387,17.57170965337363
toy-0005474,2370,z02,z31,7.273238618387272,24.244128727957573,23.607509418763936
toy-0005475,2370,z12,z31,5.142956348249516,17.143187827498387,17.57170965337363
toy-0005476,2370,z12,z02,2.3,7.666666666666667,9.516666666666666
toy-0005477,2370,z22,z02,4.6,15.333333333333334,16.03333333333333
toy-0005478,2370,z32,z11,5.142956348249516,17.143187827498387,17.57170965337363
toy-0005479,2370,z32,z21,3.2526911934581184,10.842303978193728,12.215958381464668
toy-0005480,2370,z32,z22,2.3,7.666666666666667,9.516666666666666
toy-0005481,2375,z00,z11,3.2526911934581184,10.842303978193728,12.215958381464668
toy-0005482,2375,z00,z32,8.292767933567175,27.64255977855725,26.49617581177366
toy-0005483,2375,z20,z10,2.3,7.666666666666667,9.516666666666666
toy-0005484,2375,z30,z32,4.6,15.333333333333334,16.03333333333333
toy-0005485,2375,z01,z10,3.2526911934581184,10.842303978193728,12.215958381464668
toy-0005486,2375,z01,z21,4.6,15.333333333333334,16.03333333333333
toy-0005487,2375,z11,z01,2.3,7.666666666666667,9.516666666666666
toy-0005488,2375,z21,z10,3.2526911934581184,10.842303978193728,12.215958381464668
toy-0005489,2375,z21,z31,2.3,7.666666666666667,9.516666666666666
toy-0005490,2375,z21,z22,2.3,7.666666666666667,9.516666666666666
toy-0005491,2375,z31,z11,4.6,15.333333333333334,16.03333333333333
toy-0005492,2375,z31,z21,2.3,7.666666666666667,9.516666666666666
toy-0005493,2375,z31,z22,3.2526911934581184,10.842303978193728,12.215958381464668
toy-0005494,2375,z31,z32,2.3,7.666666666666667,9.516666666666666
toy-0005495,2375,z02,z01,2.3,7.666666666666667,9.516666666666666
toy-0005496,2375,z02,z11,3.2526911934581184,10.842303978193728,12.215958381464668
toy-0005497,2375,z22,z32,2.3,7.666666666666667,9.516666666666666
toy-0005498,2375,z32,z20,5.142956348249516,17.143187827498387,17.57170965337363
toy-0005499,2375,z32,z31,2.3,7.666666666666667,9.516666666666666
toy-0005500,2375,z32,z02,6.8999999999999995,22.999999999999996,22.549999999999997
toy-0005501,2380,z00,z31,7.273238618387272,24.244128727957573,23.607509418763936
toy-0005502,2380,z10,z11,2.3,7.666666666666667,9.516666666666666
toy-0005503,2380,z10,z32,6.505382386916237,21.684607956387456,21.431916762929337
toy-0005504,2380,z20,z31,3.2526911934581184,10.842303978193728,12.215958381464668
toy-0005505,2380,z20,z12,5.142956348249516,17.143187827498387,17.57170965337363
toy-0005506,2380,z20,z22,4.6,15.333333333333334,16.03333333333333
toy-0005507,2380,z20,z32,5.142956348249516,17.143187827498387,17.57170965337363
toy-0005508,2380,z30,z11,5.142956348249516,17.143187827498387,17.57170965337363
toy-0005509,2380,z01,z11,2.3,7.666666666666667,9.516666666666666
toy-0005510,2380,z01,z32,7.273238618387272,24.244128727957573,23.607509418763936
toy-0005511,2380,z11,z20,3.2526911934581184,10.842303978193728,12.215958381464668
toy-0005512,2380,z11,z30,5.142956348249516,17.143187827498387,17.57170965337363
toy-0005513,2380,z11,z21,2.3,7.666666666666667,9.516666666666666
toy-0005514,2380,z11,z22,3.2526911934581184,10.842303978193728,12.215958381464668
toy-0005515,2380,z11,z32,5.142956348249516,17.143187827498387,17.57170965337363
toy-0005516,2380,z21,z20,2.3,7.666666666666667,9.516666666666666
toy-0005517,2380,z31,z12,5.142956348249516,17.143187827498387,17.57170965337363
toy-0005518,2380,z02,z22,4.6,15.333333333333334,16.03333333333333
toy-0005519,2380,z02,z32,6.8999999999999995,22.999999999999996,22.549999999999997
toy-0005520,2380,z12,z10,4.6,15.333333333333334,16.03333333333333
toy-0005521,2380,z12,z11,2.3,7.666666666666667,9.516666666666666
toy-0005522,2380,z12,z32,4.6,15.333333333333334,16.03333333333333
toy-0005523,2380,z22,z00,6.505382386916237,21.684607956387456,21.431916762929337
toy-0005524,2380,z22,z11,3.2526911934581184,10.842303978193728,12.215958381464668
toy-0005525,2380,z22,z31,3.2526911934581184,10.842303978193728,12.215958381464668
toy-0005526,2380,z32,z00,8.292767933567175,27.64255977855725,26.49617581177366
toy-0005527,2385,z10,z31,5.142956348249516,17.143187827498387,17.57170965337363
toy-0005528,2385,z01,z20,5.142956348249516,17.143187827498387,17.57170965337363
toy-0005529,2385,z01,z12,3.2526911934581184,10.842303978193728,12.215958381464668
toy-0005530,2385,z11,z00,3.2526911934581184,10.842303978193728,12.215958381464668
toy-0005531,2385,z11,z31,4.6,15.333333333333334,16.03333333333333
toy-0005532,2385,z11,z02,3.2526911934581184,10.842303978193728,12.215958381464668
toy-0005533,2385,z31,z00,7.273238618387272,24.244128727957573,23.607509418763936
toy-0005534,2385,z31,z20,3.2526911934581184,10.842303978193728,12.215958381464668
toy-0005535,2385,z31,z01,6.8999999999999995,22.999999999999996,22.549999999999997
toy-0005536,2385,z31,z22,3.2526911934581184,10.842303978193728,12.215958381464668
toy-0005537,2385,z31,z32,2.3,7.666666666666667,9.516666666666666
toy-0005538,2385,z22,z20,4.6,15.333333333333334,16.03333333333333
toy-0005539,2385,z22,z21,2.3,7.666666666666667,9.516666666666666
toy-0005540,2385,z32,z10,6.505382386916237,21.684607956387456,21.431916762929337
toy-0005541,2385,z32,z30,4.6,15.333333333333334,16.03333333333333
toy-0005542,2385,z32,z01,7.273238618387272,24.244128727957573,23.607509418763936
toy-0005543,2385,z32,z31,2.3,7.666666666666667,9.516666666666666
toy-0005544,2385,z32,z12,4.6,15.333333333333334,16.03333333333333
toy-0005545,2385,z32,z22,2.3,7.666666666666667,9.516666666666666
toy-0005546,2390,z00,z22,6.505382386916237,21.684607956387456,21.431916762929337
toy-0005547,2390,z10,z01,3.2526911934581184,10.842303978193728,12.215958381464668
toy-0005548,2390,z20,z21,2.3,7.666666666666667,9.516666666666666
toy-0005549,2390,z30,z21,3.2526911934581184,10.842303978193728,12.215958381464668
toy-0005550,2390,z30,z31,2.3,7.666666666666667,9.516666666666666
toy-0005551,2390,z21,z01,4.6,15.333333333333334,16.03333333333333
toy-0005552,2390,z21,z31,2.3,7.666666666666667,9.516666666666666
toy-0005553,2390,z21,z02,5.142956348249516,17.143187827498387,17.57170965337363
toy-0005554,2390,z21,z32,3.2526911934581184,10.842303978193728,12.215958381464668
toy-0005555,2390,z31,z11,4.6,15.333333333333334,16.03333333333333
toy-0005556,2390,z31,z21,2.3,7.666666666666667,9.516666666666666
toy-0005557,2390,z12,z21,3.2526911934581184,10.842303978193728,12.215958381464668
toy-0005558,2390,z22,z30,5.142956348249516,17.143187827498387,17.57170965337363
toy-0005559,2390,z32,z21,3.2526911934581184,10.842303978193728,12.215958381464668
toy-0005560,2395,z10,z20,2.3,7.666666666666667,9.516666666666666
toy-0005561,2395,z10,z30,4.6,15.333333333333334,16.03333333333333
toy-0005562,2395,z10,z02,5.142956348249516,17.143187827498387,17.57170965337363
toy-0005563,2395,z20,z31,3.2526911934581184,10.842303978193728,12.215958381464668
toy-0005564,2395,z30,z22,5.142956348249516,17.143187827498387,17.57170965337363
toy-0005565,2395,z21,z11,2.3,7.666666666666667,9.516666666666666
toy-0005566,2395,z21,z22,2.3,7.666666666666667,9.516666666666666
toy-0005567,2395,z31,z10,5.142956348249516,17.143187827498387,17.57170965337363
toy-0005568,2395,z12,z31,5.142956348249516,17.143187827498387,17.57170965337363
toy-0005569,2395,z22,z10,5.142956348249516,17.143187827498387,17.57170965337363
toy-0005570,2395,z22,z01,5.142956348249516,17.143187827498387,17.57170965337363
toy-0005571,2395,z22,z31,3.2526911934581184,10.842303978193728,12.215958381464668
toy-0005572,2395,z22,z12,2.3,7.666666666666667,9.516666666666666
toy-0005573,2395,z22,z32,2.3,7.666666666666667,9.516666666666666
toy-0005574,2395,z32,z11,5.142956348249516,17.143187827498387,17.57170965337363
toy-0005575,2400,z10,z00,2.3,7.666666666666667,9.516666666666666
toy-0005576,2400,z30,z12,6.505382386916237,21.684607956387456,21.431916762929337
toy-0005577,2400,z01,z22,5.142956348249516,17.143187827498387,17.57170965337363
toy-0005578,2400,z21,z31,2.3,7.666666666666667,9.516666666666666
toy-0005579,2400,z21,z12,3.2526911934581184,10.842303978193728,12.215958381464668
toy-0005580,2400,z31,z20,3.2526911934581184,10.842303978193728,12.215958381464668
toy-0005581,2400,z31,z30,2.3,7.666666666666667,9.516666666666666
toy-0005582,2400,z31,z21,2.3,7.666666666666667,9.516666666666666
toy-0005583,2400,z31,z02,7.273238618387272,24.244128727957573,23.607509418763936
toy-0005584,2400,z31,z12,5.142956348249516,17.143187827498387,17.57170965337363
toy-0005585,2400,z31,z22,3.2526911934581184,10.842303978193728,12.215958381464668
toy-0005586,2400,z31,z32,2.3,7.666666666666667,9.516666666666666
toy-0005587,2400,z32,z20,5.142956348249516,17.143187827498387,17.57170965337363
toy-0005588,2400,z32,z31,2.3,7.666666666666667,9.516666666666666
toy-0005589,2405,z10,z22,5.142956348249516,17.143187827498387,17.57170965337363
toy-0005590,2405,z20,z02,6.505382386916237,21.684607956387456,21.431916762929337
toy-0005591,2405,z20,z32,5.142956348249516,17.143187827498387,17.57170965337363
toy-0005592,2405,z01,z31,6.8999999999999995,22.999999999999996,22.549999999999997
toy-0005593,2405,z11,z21,2.3,7.666666666666667,9.516666666666666
toy-0005594,2405,z11,z31,4.6,15.333333333333334,16.03333333333333
toy-0005595,2405,z11,z32,5.142956348249516,17.143187827498387,17.57170965337363
toy-0005596,2405,z21,z20,2.3,7.666666666666667,9.516666666666666
toy-0005597,2405,z21,z30,3.2526911934581184,10.842303978193728,12.215958381464668
toy-0005598,2405,z21,z32,3.2526911934581184,10.842303978193728,12.215958381464668
toy-0005599,2405,z31,z00,7.273238618387272,24.244128727957573,23.607509418763936
toy-0005600,2405,z31,z01,6.8999999999999995,22.999999999999996,22.549999999999997
toy-0005601,2405,z31,z11,4.6,15.333333333333334,16.03333333333333
toy-0005602,2405,z31,z32,2.3,7.666666666666667,9.516666666666666
toy-0005603,2405,z12,z20,5.142956348249516,17.143187827498387,17.57170965337363
toy-0005604,2405,z12,z01,3.2526911934581184,10.842303978193728,12.215958381464668
toy-0005605,2405,z22,z11,3.2526911934581184,10.842303978193728,12.215958381464668
toy-0005606,2405,z22,z21,2.3,7.666666666666667,9.516666666666666
toy-0005607,2405,z32,z21,3.2526911934581184,10.842303978193728,12.215958381464668
toy-0005608,2405,z32,z12,4.6,15.333333333333334,16.03333333333333
toy-0005609,2405,z32,z22,2.3,7.666666666666667,9.516666666666666
toy-0005610,2410,z10,z21,3.2526911934581184,10.842303978193728,12.215958381464668
toy-0005611,2410,z20,z11,3.2526911934581184,10.842303978193728,12.215958381464668
toy-0005612,2410,z20,z22,4.6,15.333333333333334,16.03333333333333
toy-0005613,2410,z11,z12,2.3,7.666666666666667,9.516666666666666
toy-0005614,2410,z11,z22,3.2526911934581184,10.842303978193728,12.215958381464668
toy-0005615,2410,z21,z10,3.2526911934581184,10.842303978193728,12.215958381464668
toy-0005616,2410,z31,z10,5.142956348249516,17.143187827498387,17.57170965337363
toy-0005617,2410,z31,z20,3.2526911934581184,10.842303978193728,12.215958381464668
toy-0005618,2410,z31,z21,2.3,7.666666666666667,9.516666666666666
toy-0005619,2410,z31,z22,3.2526911934581184,10.842303978193728,12.215958381464668
toy-0005620,2410,z12,z22,2.3,7.666666666666667,9.516666666666666
toy-0005621,2410,z22,z20,4.6,15.333333333333334,16.03333333333333
toy-0005622,2410,z22,z31,3.2526911934581184,10.842303978193728,12.215958381464668
toy-0005623,2410,z22,z32,2.3,7.666666666666667,9.516666666666666
toy-0005624,2410,z32,z10,6.505382386916237,21.684607956387456,21.431916762929337
toy-0005625,2410,z32,z30,4.6,15.333333333333334,16.03333333333333
toy-0005626,2410,z32,z01,7.273238618387272,24.244128727957573,23.607509418763936
toy-0005627,2410,z32,z11,5.142956348249516,17.143187827498387,17.57170965337363
toy-0005628,2410,z32,z31,2.3,7.666666666666667,9.516666666666666
toy-0005629,2415,z20,z00,4.6,15.333333333333334,16.03333333333333
toy-0005630,2415,z11,z20,3.2526911934581184,10.842303978193728,12.215958381464668
toy-0005631,2415,z21,z00,5.142956348249516,17.143187827498387,17.57170965337363
toy-0005632,2415,z21,z11,2.3,7.666666666666667,9.516666666666666
toy-0005633,2415,z21,z31,2.3,7.666666666666667,9.516666666666666
toy-0005634,2415,z21,z22,2.3,7.666666666666667,9.516666666666666
toy-0005635,2415,z31,z30,2.3,7.666666666666667,9.516666666666666
toy-0005636,2415,z31,z01,6.8999999999999995,22.999999999999996,22.549999999999997
toy-0005637,2415,z31,z11,4.6,15.333333333333334,16.03333333333333
toy-0005638,2415,z31,z21,2.3,7.666666666666667,9.516666666666666
toy-0005639,2415,z31,z02,7.273238618387272,24.244128727957573,23.607509418763936
toy-0005640,2415,z31,z12,5.142956348249516,17.143187827498387,17.57170965337363
toy-0005641,2415,z31,z22,3.2526911934581184,10.842303978193728,12.215958381464668
toy-0005642,2415,z31,z32,2.3,7.666666666666667,9.516666666666666
toy-0005643,2415,z32,z00,8.292767933567175,27.64255977855725,26.49617581177366
toy-0005644,2415,z32,z20,5.142956348249516,17.143187827498387,17.57170965337363
toy-0005645,2415,z32,z21,3.2526911934581184,10.842303978193728,12.215958381464668
toy-0005646,2415,z32,z02,6.8999999999999995,22.999999999999996,22.549999999999997
toy-0005647,2415,z32,z22,2.3,7.666666666666667,9.516666666666666
toy-0005648,2420,z10,z31,5.142956348249516,17.143187827498387,17.57170965337363
toy-0005649,2420,z20,z30,2.3,7.666666666666667,9.516666666666666
toy-0005650,2420,z20,z21,2.3,7.666666666666667,9.516666666666666
toy-0005651,2420,z20,z31,3.2526911934581184,10.842303978193728,12.215958381464668
toy-0005652,2420,z01,z02,2.3,7.666666666666667,9.516666666666666
toy-0005653,2420,z11,z10,2.3,7.666666666666667,9.516666666666666
toy-0005654,2420,z21,z01,4.6,15.333333333333334,16.03333333333333
toy-0005655,2420,z21,z12,3.2526911934581184,10.842303978193728,12.215958381464668
toy-0005656,2420,z21,z32,3.2526911934581184,10.842303978193728,12.215958381464668
toy-0005657,2420,z31,z00,7.273238618387272,24.244128727957573,23.607509418763936
toy-0005658,2420,z31,z10,5.142956348249516,17.143187827498387,17.57170965337363
toy-0005659,2420,z31,z20,3.2526911934581184,10.842303978193728,12.215958381464668
toy-0005660,2420,z31,z32,2.3,7.666666666666667,9.516666666666666
toy-0005661,2420,z12,z32,4.6,15.333333333333334,16.03333333333333
toy-0005662,2420,z22,z10,5.142956348249516,17.143187827498387,17.57170965337363
toy-0005663,2420,z22,z21,2.3,7.666666666666667,9.516666666666666
toy-0005664,2420,z22,z02,4.6,15.333333333333334,16.03333333333333
toy-0005665,2420,z22,z12,2.3,7.666666666666667,9.516666666666666
toy-0005666,2420,z32,z31,2.3,7.666666666666667,9.516666666666666
toy-0005667,2425,z00,z01,2.3,7.666666666666667,9.516666666666666
toy-0005668,2425,z00,z21,5.142956348249516,17.143187827498387,17.57170965337363
toy-0005669,2425,z00,z12,5.142956348249516,17.143187827498387,17.57170965337363
toy-0005670,2425,z10,z32,6.505382386916237,21.684607956387456,21.431916762929337
toy-0005671,2425,z20,z10,2.3,7.666666666666667,9.516666666666666
toy-0005672,2425,z20,z01,5.142956348249516,17.143187827498387,17.57170965337363
toy-0005673,2425,z20,z12,5.142956348249516,17.143187827498387,17.57170965337363
toy-0005674,2425,z11,z01,2.3,7.666666666666667,9.516666666666666
toy-0005675,2425,z11,z31,4.6,15.333333333333334,16.03333333333333
toy-0005676,2425,z21,z20,2.3,7.666666666666667,9.516666666666666
toy-0005677,2425,z21,z31,2.3,7.666666666666667,9.516666666666666
toy-0005678,2425,z21,z02,5.142956348249516,17.143187827498387,17.57170965337363
toy-0005679,2425,z31,z30,2.3,7.666666666666667,9.516666666666666
toy-0005680,2425,z31,z11,4.6,15.333333333333334,16.03333333333333
toy-0005681,2425,z31,z21,2.3,7.666666666666667,9.516666666666666
toy-0005682,2425,z31,z12,5.142956348249516,17.143187827498387,17.57170965337363
toy-0005683,2425,z31,z22,3.2526911934581184,10.842303978193728,12.215958381464668
toy-0005684,2425,z22,z00,6.505382386916237,21.684607956387456,21.431916762929337
toy-0005685,2425,z22,z30,5.142956348249516,17.143187827498387,17.57170965337363
toy-0005686,2425,z22,z01,5.142956348249516,17.143187827498387,17.57170965337363
toy-0005687,2425,z22,z31,3.2526911934581184,10.842303978193728,12.215958381464668
toy-0005688,2425,z22,z32,2.3,7.666666666666667,9.516666666666666
toy-0005689,2425,z32,z11,5.142956348249516,17.143187827498387,17.57170965337363
toy-0005690,2425,z32,z21,3.2526911934581184,10.842303978193728,12.215958381464668
toy-0005691,2425,z32,z31,2.3,7.666666666666667,9.516666666666666
toy-0005692,2425,z32,z12,4.6,15.333333333333334,16.03333333333333
toy-0005693,2430,z01,z32,7.273238618387272,24.244128727957573,23.607509418763936
toy-0005694,2430,z11,z21,2.3,7.666666666666667,9.516666666666666
toy-0005695,2430,z11,z32,5.142956348249516,17.143187827498387,17.57170965337363
toy-0005696,2430,z21,z10,3.2526911934581184,10.842303978193728,12.215958381464668
toy-0005697,2430,z21,z30,3.2526911934581184,10.842303978193728,12.215958381464668
toy-0005698,2430,z21,z11,2.3,7.666666666666667,9.516666666666666
toy-0005699,2430,z21,z22,2.3,7.666666666666667,9.516666666666666
toy-0005700,2430,z21,z32,3.2526911934581184,10.842303978193728,12.215958381464668
toy-0005701,2430,z31,z20,3.2526911934581184,10.842303978193728,12.215958381464668
toy-0005702,2430,z31,z01,6.8999999999999995,22.999999999999996,22.549999999999997
toy-0005703,2430,z31,z11,4.6,15.333333333333334,16.03333333333333
toy-0005704,2430,z31,z21,2.3,7.666666666666667,9.516666666666666
toy-0005705,2430,z31,z32,2.3,7.666666666666667,9.516666666666666
toy-0005706,2430,z02,z20,6.505382386916237,21.684607956387456,21.431916762929337
toy-0005707,2430,z02,z30,8.292767933567175,27.64255977855725,26.49617581177366
toy-0005708,2430,z12,z30,6.505382386916237,21.684607956387456,21.431916762929337
toy-0005709,2430,z12,z31,5.142956348249516,17.143187827498387,17.57170965337363
toy-0005710,2430,z22,z11,3.2526911934581184,10.842303978193728,12.215958381464668
toy-0005711,2430,z32,z10,6.505382386916237,21.684607956387456,21.431916762929337
toy-0005712,2430,z32,z20,5.142956348249516,17.143187827498387,17.57170965337363
toy-0005713,2430,z32,z01,7.273238618387272,24.244128727957573,23.607509418763936
toy-0005714,2430,z32,z22,2.3,7.666666666666667,9.516666666666666
toy-0005715,2435,z20,z32,5.142956348249516,17.143187827498387,17.57170965337363
toy-0005716,2435,z01,z21,4.6,15.333333333333334,16.03333333333333
toy-0005717,2435,z11,z30,5.142956348249516,17.143187827498387,17.57170965337363
toy-0005718,2435,z11,z22,3.2526911934581184,10.842303978193728,12.215958381464668
toy-0005719,2435,z31,z00,7.273238618387272,24.244128727957573,23.607509418763936
toy-0005720,2435,z31,z10,5.142956348249516,17.143187827498387,17.57170965337363
toy-0005721,2435,z31,z02,7.273238618387272,24.244128727957573,23.607509418763936
toy-0005722,2435,z31,z12,5.142956348249516,17.143187827498387,17.57170965337363
toy-0005723,2435,z31,z22,3.2526911934581184,10.842303978193728,12.215958381464668
toy-0005724,2435,z31,z32,2.3,7.666666666666667,9.516666666666666
toy-0005725,2435,z12,z11,2.3,7.666666666666667,9.516666666666666
toy-0005726,2435,z12,z21,3.2526911934581184,10.842303978193728,12.215958381464668
toy-0005727,2435,z22,z20,4.6,15.333333333333334,16.03333333333333
toy-0005728,2435,z32,z00,8.292767933567175,27.64255977855725,26.49617581177366
toy-0005729,2435,z32,z30,4.6,15.333333333333334,16.03333333333333
toy-0005730,2435,z32,z31,2.3,7.666666666666667,9.516666666666666
toy-0005731,2440,z20,z22,4.6,15.333333333333334,16.03333333333333
toy-0005732,2440,z30,z32,4.6,15.333333333333334,16.03333333333333
toy-0005733,2440,z11,z00,3.2526911934581184,10.842303978193728,12.215958381464668
toy-0005734,2440,z21,z00,5.142956348249516,17.143187827498387,17.57170965337363
toy-0005735,2440,z21,z31,2.3,7.666666666666667,9.516666666666666
toy-0005736,2440,z21,z12,3.2526911934581184,10.842303978193728,12.215958381464668
toy-0005737,2440,z31,z20,3.2526911934581184,10.842303978193728,12.215958381464668
toy-0005738,2440,z31,z30,2.3,7.666666666666667,9.516666666666666
toy-0005739,2440,z31,z01,6.8999999999999995,22.999999999999996,22.549999999999997
toy-0005740,2440,z31,z11,4.6,15.333333333333334,16.03333333333333
toy-0005741,2440,z31,z21,2.3,7.666666666666667,9.516666666666666
toy-0005742,2440,z31,z22,3.2526911934581184,10.842303978193728,12.215958381464668
toy-0005743,2440,z31,z32,2.3,7.666666666666667,9.516666666666666
toy-0005744,2440,z22,z21,2.3,7.666666666666667,9.516666666666666
toy-0005745,2440,z22,z31,3.2526911934581184,10.842303978193728,12.215958381464668
toy-0005746,2440,z32,z11,5.142956348249516,17.143187827498387,17.57170965337363
toy-0005747,2440,z32,z21,3.2526911934581184,10.842303978193728,12.215958381464668
toy-0005748,2440,z32,z02,6.8999999999999995,22.999999999999996,22.549999999999997
toy-0005749,2440,z32,z12,4.6,15.333333333333334,16.03333333333333
toy-0005750,2440,z32,z22,2.3,7.666666666666667,9.516666666666666
toy-0005751,2445,z10,z11,2.3,7.666666666666667,9.516666666666666
toy-0005752,2445,z20,z11,3.2526911934581184,10.842303978193728,12.215958381464668
toy-0005753,2445,z20,z31,3.2526911934581184,10.842303978193728,12.215958381464668
toy-0005754,2445,z30,z02,8.292767933567175,27.64255977855725,26.49617581177366
toy-0005755,2445,z01,z00,2.3,7.666666666666667,9.516666666666666
toy-0005756,2445,z11,z02,3.2526911934581184,10.842303978193728,12.215958381464668
toy-0005757,2445,z21,z20,2.3,7.666666666666667,9.516666666666666
toy-0005758,2445,z21,z01,4.6,15.333333333333334,16.03333333333333
toy-0005759,2445,z21,z22,2.3,7.666666666666667,9.516666666666666
toy-0005760,2445,z21,z32,3.2526911934581184,10.842303978193728,12.215958381464668
toy-0005761,2445,z31,z10,5.142956348249516,17.143187827498387,17.57170965337363
toy-0005762,2445,z31,z12,5.142956348249516,17.143187827498387,17.57170965337363
toy-0005763,2445,z02,z31,7.273238618387272,24.244128727957573,23.607509418763936
toy-0005764,2445,z22,z12,2.3,7.666666666666667,9.516666666666666
toy-0005765,2445,z22,z32,2.3,7.666666666666667,9.516666666666666
toy-0005766,2445,z32,z10,6.505382386916237,21.684607956387456,21.431916762929337
toy-0005767,2445,z32,z20,5.142956348249516,17.143187827498387,17.57170965337363
toy-0005768,2445,z32,z31,2.3,7.666666666666667,9.516666666666666
toy-0005769,2450,z00,z20,4.6,15.333333333333334,16.03333333333333
toy-0005770,2450,z00,z31,7.273238618387272,24.244128727957573,23.607509418763936
toy-0005771,2450,z10,z12,4.6,15.333333333333334,16.03333333333333
toy-0005772,2450,z20,z21,2.3,7.666666666666667,9.516666666666666
toy-0005773,2450,z11,z20,3.2526911934581184,10.842303978193728,12.215958381464668
toy-0005774,2450,z11,z31,4.6,15.333333333333334,16.03333333333333
toy-0005775,2450,z11,z12,2.3,7.666666666666667,9.516666666666666
toy-0005776,2450,z21,z11,2.3,7.666666666666667,9.516666666666666
toy-0005777,2450,z21,z31,2.3,7.666666666666667,9.516666666666666
toy-0005778,2450,z31,z00,7.273238618387272,24.244128727957573,23.607509418763936
toy-0005779,2450,z31,z20,3.2526911934581184,10.842303978193728,12.215958381464668
toy-0005780,2450,z31,z11,4.6,15.333333333333334,16.03333333333333
toy-0005781,2450,z31,z21,2.3,7.666666666666667,9.516666666666666
toy-0005782,2450,z31,z02,7.273238618387272,24.244128727957573,23.607509418763936
toy-0005783,2450,z31,z22,3.2526911934581184,10.842303978193728,12.215958381464668
toy-0005784,2450,z31,z32,2.3,7.666666666666667,9.516666666666666
toy-0005785,2450,z12,z00,5.142956348249516,17.143187827498387,17.57170965337363
toy-0005786,2450,z22,z10,5.142956348249516,17.143187827498387,17.57170965337363
toy-0005787,2450,z22,z01,5.142956348249516,17.143187827498387,17.57170965337363
toy-0005788,2450,z22,z11,3.2526911934581184,10.842303978193728,12.215958381464668
toy-0005789,2450,z22,z31,3.2526911934581184,10.842303978193728,12.215958381464668
toy-0005790,2450,z32,z01,7.273238618387272,24.244128727957573,23.607509418763936
toy-0005791,2450,z32,z21,3.2526911934581184,10.842303978193728,12.215958381464668
toy-0005792,2455,z30,z01,7.273238618387272,24.244128727957573,23.607509418763936
toy-0005793,2455,z30,z31,2.3,7.666666666666667,9.516666666666666
toy-0005794,2455,z01,z11,2.3,7.666666666666667,9.516666666666666
toy-0005795,2455,z11,z32,5.142956348249516,17.143187827498387,17.57170965337363
toy-0005796,2455,z21,z10,3.2526911934581184,10.842303978193728,12.215958381464668
toy-0005797,2455,z21,z30,3.2526911934581184,10.842303978193728,12.215958381464668
toy-0005798,2455,z21,z02,5.142956348249516,17.143187827498387,17.57170965337363
toy-0005799,2455,z31,z10,5.142956348249516,17.143187827498387,17.57170965337363
toy-0005800,2455,z31,z30,2.3,7.666666666666667,9.516666666666666
toy-0005801,2455,z31,z01,6.8999999999999995,22.999999999999996,22.549999999999997
toy-0005802,2455,z31,z21,2.3,7.666666666666667,9.516666666666666
toy-0005803,2455,z31,z32,2.3,7.666666666666667,9.516666666666666
toy-0005804,2455,z12,z10,4.6,15.333333333333334,16.03333333333333
toy-0005805,2455,z22,z00,6.505382386916237,21.684607956387456,21.431916762929337
toy-0005806,2455,z22,z20,4.6,15.333333333333334,16.03333333333333
toy-0005807,2455,z22,z30,5.142956348249516,17.143187827498387,17.57170965337363
toy-0005808,2455,z22,z02,4.6,15.333333333333334,16.03333333333333
toy-0005809,2455,z32,z30,4.6,15.333333333333334,16.03333333333333
toy-0005810,2455,z32,z11,5.142956348249516,17.143187827498387,17.57170965337363
toy-0005811,2455,z32,z31,2.3,7.666666666666667,9.516666666666666
toy-0005812,2455,z32,z22,2.3,7.666666666666667,9.516666666666666
toy-0005813,2460,z00,z32,8.292767933567175,27.64255977855725,26.49617581177366
toy-0005814,2460,z10,z21,3.2526911934581184,10.842303978193728,12.215958381464668
toy-0005815,2460,z30,z20,2.3,7.666666666666667,9.516666666666666
toy-0005816,2460,z01,z30,7.273238618387272,24.244128727957573,23.607509418763936
toy-0005817,2460,z01,z31,6.8999999999999995,22.999999999999996,22.549999999999997
toy-0005818,2460,z11,z10,2.3,7.666666666666667,9.516666666666666
toy-0005819,2460,z11,z21,2.3,7.666666666666667,9.516666666666666
toy-0005820,2460,z21,z20,2.3,7.666666666666667,9.516666666666666
toy-0005821,2460,z21,z12,3.2526911934581184,10.842303978193728,12.215958381464668
toy-0005822,2460,z21,z22,2.3,7.666666666666667,9.516666666666666
toy-0005823,2460,z21,z32,3.2526911934581184,10.842303978193728,12.215958381464668
toy-0005824,2460,z31,z20,3.2526911934581184,10.842303978193728,12.215958381464668
toy-0005825,2460,z31,z11,4.6,15.333333333333334,16.03333333333333
toy-0005826,2460,z31,z12,5.142956348249516,17.143187827498387,17.57170965337363
toy-0005827,2460,z31,z22,3.2526911934581184,10.842303978193728,12.215958381464668
toy-0005828,2460,z02,z12,2.3,7.666666666666667,9.516666666666666
toy-0005829,2460,z12,z22,2.3,7.666666666666667,9.516666666666666
toy-0005830,2460,z12,z32,4.6,15.333333333333334,16.03333333333333
toy-0005831,2460,z22,z21,2.3,7.666666666666667,9.516666666666666
toy-0005832,2460,z22,z32,2.3,7.666666666666667,9.516666666666666
toy-0005833,2460,z32,z00,8.292767933567175,27.64255977855725,26.49617581177366
toy-0005834,2460,z32,z20,5.142956348249516,17.143187827498387,17.57170965337363
toy-0005835,2460,z32,z02,6.8999999999999995,22.999999999999996,22.549999999999997
toy-0005836,2460,z32,z12,4.6,15.333333333333334,16.03333333333333
toy-0005837,2465,z10,z20,2.3,7.666666666666667,9.516666666666666
toy-0005838,2465,z10,z31,5.142956348249516,17.143187827498387,17.57170965337363
toy-0005839,2465,z10,z22,5.142956348249516,17.143187827498387,17.57170965337363
toy-0005840,2465,z20,z02,6.505382386916237,21.684607956387456,21.431916762929337
toy-0005841,2465,z20,z32,5.142956348249516,17.143187827498387,17.57170965337363
toy-0005842,2465,z01,z20,5.142956348249516,17.143187827498387,17.57170965337363
toy-0005843,2465,z11,z22,3.2526911934581184,10.842303978193728,12.215958381464668
toy-0005844,2465,z21,z01,4.6,15.333333333333334,16.03333333333333
toy-0005845,2465,z21,z11,2.3,7.666666666666667,9.516666666666666
toy-0005846,2465,z21,z31,2.3,7.666666666666667,9.516666666666666
toy-0005847,2465,z31,z00,7.273238618387272,24.244128727957573,23.607509418763936
toy-0005848,2465,z31,z10,5.142956348249516,17.143187827498387,17.57170965337363
toy-0005849,2465,z31,z30,2.3,7.666666666666667,9.516666666666666
toy-0005850,2465,z31,z01,6.8999999999999995,22.999999999999996,22.549999999999997
toy-0005851,2465,z31,z21,2.3,7.666666666666667,9.516666666666666
toy-0005852,2465,z31,z02,7.273238618387272,24.244128727957573,23.607509418763936
toy-0005853,2465,z31,z22,3.2526911934581184,10.842303978193728,12.215958381464668
toy-0005854,2465,z31,z32,2.3,7.666666666666667,9.516666666666666
toy-0005855,2465,z12,z20,5.142956348249516,17.143187827498387,17.57170965337363
toy-0005856,2465,z12,z31,5.142956348249516,17.143187827498387,17.57170965337363
toy-0005857,2465,z22,z31,3.2526911934581184,10.842303978193728,12.215958381464668
toy-0005858,2465,z32,z10,6.505382386916237,21.684607956387456,21.431916762929337
toy-0005859,2465,z32,z01,7.273238618387272,24.244128727957573,23.607509418763936
toy-0005860,2465,z32,z11,5.142956348249516,17.143187827498387,17.57170965337363
toy-0005861,2465,z32,z21,3.2526911934581184,10.842303978193728,12.215958381464668
toy-0005862,2465,z32,z31,2.3,7.666666666666667,9.516666666666666
toy-0005863,2465,z32,z22,2.3,7.666666666666667,9.516666666666666
toy-0005864,2470,z10,z32,6.505382386916237,21.684607956387456,21.431916762929337
toy-0005865,2470,z20,z00,4.6,15.333333333333334,16.03333333333333
toy-0005866,2470,z20,z10,2.3,7.666666666666667,9.516666666666666
toy-0005867,2470,z20,z30,2.3,7.666666666666667,9.516666666666666
toy-0005868,2470,z20,z01,5.142956348249516,17.143187827498387,17.57170965337363
toy-0005869,2470,z20,z31,3.2526911934581184,10.842303978193728,12.215958381464668
toy-0005870,2470,z20,z12,5.142956348249516,17.143187827498387,17.57170965337363
toy-0005871,2470,z20,z22,4.6,15.333333333333334,16.03333333333333
toy-0005872,2470,z30,z11,5.142956348249516,17.143187827498387,17.57170965337363
toy-0005873,2470,z30,z21,3.2526911934581184,10.842303978193728,12.215958381464668
toy-0005874,2470,z01,z22,5.142956348249516,17.143187827498387,17.57170965337363
toy-0005875,2470,z11,z01,2.3,7.666666666666667,9.516666666666666
toy-0005876,2470,z11,z31,4.6,15.333333333333334,16.03333333333333
toy-0005877,2470,z21,z00,5.142956348249516,17.143187827498387,17.57170965337363
toy-0005878,2470,z21,z32,3.2526911934581184,10.842303978193728,12.215958381464668
toy-0005879,2470,z31,z20,3.2526911934581184,10.842303978193728,12.215958381464668
toy-0005880,2470,z31,z11,4.6,15.333333333333334,16.03333333333333
toy-0005881,2470,z31,z21,2.3,7.666666666666667,9.516666666666666
toy-0005882,2470,z31,z12,5.142956348249516,17.143187827498387,17.57170965337363
toy-0005883,2470,z31,z32,2.3,7.666666666666667,9.516666666666666
toy-0005884,2470,z12,z02,2.3,7.666666666666667,9.516666666666666
toy-0005885,2470,z22,z11,3.2526911934581184,10.842303978193728,12.215958381464668
toy-0005886,2470,z22,z12,2.3,7.666666666666667,9.516666666666666
toy-0005887,2470,z32,z20,5.142956348249516,17.143187827498387,17.57170965337363
toy-0005888,2470,z32,z30,4.6,15.333333333333334,16.03333333333333
toy-0005889,2475,z10,z01,3.2526911934581184,10.842303978193728,12.215958381464668
toy-0005890,2475,z20,z21,2.3,7.666666666666667,9.516666666666666
toy-0005891,2475,z01,z10,3.2526911934581184,10.842303978193728,12.215958381464668
toy-0005892,2475,z01,z12,3.2526911934581184,10.842303978193728,12.215958381464668
toy-0005893,2475,z11,z30,5.142956348249516,17.143187827498387,17.57170965337363
toy-0005894,2475,z11,z32,5.142956348249516,17.143187827498387,17.57170965337363
toy-0005895,2475,z21,z10,3.2526911934581184,10.842303978193728,12.215958381464668
toy-0005896,2475,z21,z31,2.3,7.666666666666667,9.516666666666666
toy-0005897,2475,z21,z22,2.3,7.666666666666667,9.516666666666666
toy-0005898,2475,z31,z00,7.273238618387272,24.244128727957573,23.607509418763936
toy-0005899,2475,z31,z30,2.3,7.666666666666667,9.516666666666666
toy-0005900,2475,z31,z01,6.8999999999999995,22.999999999999996,22.549999999999997
toy-0005901,2475,z31,z11,4.6,15.333333333333334,16.03333333333333
toy-0005902,2475,z31,z21,2.3,7.666666666666667,9.516666666666666
toy-0005903,2475,z31,z22,3.2526911934581184,10.842303978193728,12.215958381464668
toy-0005904,2475,z31,z32,2.3,7.666666666666667,9.516666666666666
toy-0005905,2475,z12,z01,3.2526911934581184,10.842303978193728,12.215958381464668
toy-0005906,2475,z22,z10,5.142956348249516,17.143187827498387,17.57170965337363
toy-0005907,2475,z22,z20,4.6,15.333333333333334,16.03333333333333
toy-0005908,2475,z22,z21,2.3,7.666666666666667,9.516666666666666
toy-0005909,2475,z22,z32,2.3,7.666666666666667,9.516666666666666
toy-0005910,2475,z32,z00,8.292767933567175,27.64255977855725,26.49617581177366
toy-0005911,2475,z32,z21,3.2526911934581184,10.842303978193728,12.215958381464668
toy-0005912,2475,z32,z31,2.3,7.666666666666667,9.516666666666666
toy-0005913,2475,z32,z12,4.6,15.333333333333334,16.03333333333333
toy-0005914,2475,z32,z22,2.3,7.666666666666667,9.516666666666666
toy-0005915,2480,z00,z02,4.6,15.333333333333334,16.03333333333333
toy-0005916,2480,z20,z11,3.2526911934581184,10.842303978193728,12.215958381464668
toy-0005917,2480,z30,z22,5.142956348249516,17.143187827498387,17.57170965337363
toy-0005918,2480,z11,z20,3.2526911934581184,10.842303978193728,12.215958381464668
toy-0005919,2480,z11,z21,2.3,7.666666666666667,9.516666666666666
toy-0005920,2480,z21,z20,2.3,7.666666666666667,9.516666666666666
toy-0005921,2480,z21,z30,3.2526911934581184,10.842303978193728,12.215958381464668
toy-0005922,2480,z21,z11,2.3,7.666666666666667,9.516666666666666
toy-0005923,2480,z21,z12,3.2526911934581184,10.842303978193728,12.215958381464668
toy-0005924,2480,z31,z10,5.142956348249516,17.143187827498387,17.57170965337363
toy-0005925,2480,z31,z20,3.2526911934581184,10.842303978193728,12.215958381464668
toy-0005926,2480,z31,z02,7.273238618387272,24.244128727957573,23.607509418763936
toy-0005927,2480,z31,z12,5.142956348249516,17.143187827498387,17.57170965337363
toy-0005928,2480,z31,z22,3.2526911934581184,10.842303978193728,12.215958381464668
toy-0005929,2480,z02,z00,4.6,15.333333333333334,16.03333333333333
toy-0005930,2480,z02,z21,5.142956348249516,17.143187827498387,17.57170965337363
toy-0005931,2480,z12,z21,3.2526911934581184,10.842303978193728,12.215958381464668
toy-0005932,2480,z22,z30,5.142956348249516,17.143187827498387,17.57170965337363
toy-0005933,2480,z22,z01,5.142956348249516,17.143187827498387,17.57170965337363
toy-0005934,2480,z22,z31,3.2526911934581184,10.842303978193728,12.215958381464668
toy-0005935,2480,z32,z10,6.505382386916237,21.684607956387456,21.431916762929337
toy-0005936,2480,z32,z11,5.142956348249516,17.143187827498387,17.57170965337363
toy-0005937,2485,z10,z30,4.6,15.333333333333334,16.03333333333333
toy-0005938,2485,z30,z10,4.6,15.333333333333334,16.03333333333333
toy-0005939,2485,z01,z32,7.273238618387272,24.244128727957573,23.607509418763936
toy-0005940,2485,z11,z00,3.2526911934581184,10.842303978193728,12.215958381464668
toy-0005941,2485,z11,z12,2.3,7.666666666666667,9.516666666666666
toy-0005942,2485,z21,z01,4.6,15.333333333333334,16.03333333333333
toy-0005943,2485,z21,z31,2.3,7.666666666666667,9.516666666666666
toy-0005944,2485,z21,z02,5.142956348249516,17.143187827498387,17.57170965337363
toy-0005945,2485,z21,z32,3.2526911934581184,10.842303978193728,12.215958381464668
toy-0005946,2485,z31,z20,3.2526911934581184,10.842303978193728,12.215958381464668
toy-0005947,2485,z31,z11,4.6,15.333333333333334,16.03333333333333
toy-0005948,2485,z31,z21,2.3,7.666666666666667,9.516666666666666
toy-0005949,2485,z31,z32,2.3,7.666666666666667,9.516666666666666
toy-0005950,2485,z02,z32,6.8999999999999995,22.999999999999996,22.549999999999997
toy-0005951,2485,z12,z11,2.3,7.666666666666667,9.516666666666666
toy-0005952,2485,z22,z00,6.505382386916237,21.684607956387456,21.431916762929337
toy-0005953,2485,z32,z20,5.142956348249516,17.143187827498387,17.57170965337363
toy-0005954,2485,z32,z01,7.273238618387272,24.244128727957573,23.607509418763936
toy-0005955,2485,z32,z21,3.2526911934581184,10.842303978193728,12.215958381464668
toy-0005956,2485,z32,z31,2.3,7.666666666666667,9.516666666666666
toy-0005957,2485,z32,z02,6.8999999999999995,22.999999999999996,22.549999999999997
toy-0005958,2490,z00,z11,3.2526911934581184,10.842303978193728,12.215958381464668
toy-0005959,2490,z00,z22,6.505382386916237,21.684607956387456,21.431916762929337
toy-0005960,2490,z20,z31,3.2526911934581184,10.842303978193728,12.215958381464668
toy-0005961,2490,z20,z32,5.142956348249516,17.143187827498387,17.57170965337363
toy-0005962,2490,z11,z31,4.6,15.333333333333334,16.03333333333333
toy-0005963,2490,z11,z22,3.2526911934581184,10.842303978193728,12.215958381464668
toy-0005964,2490,z21,z22,2.3,7.666666666666667,9.516666666666666
toy-0005965,2490,z31,z00,7.273238618387272,24.244128727957573,23.607509418763936
toy-0005966,2490,z31,z10,5.142956348249516,17.143187827498387,17.57170965337363
toy-0005967,2490,z31,z30,2.3,7.666666666666667,9.516666666666666
toy-0005968,2490,z31,z01,6.8999999999999995,22.999999999999996,22.549999999999997
toy-0005969,2490,z31,z21,2.3,7.666666666666667,9.516666666666666
toy-0005970,2490,z31,z02,7.273238618387272,24.244128727957573,23.607509418763936
toy-0005971,2490,z31,z12,5.142956348249516,17.143187827498387,17.57170965337363
toy-0005972,2490,z31,z22,3.2526911934581184,10.842303978193728,12.215958381464668
toy-0005973,2490,z31,z32,2.3,7.666666666666667,9.516666666666666
toy-0005974,2490,z22,z11,3.2526911934581184,10.842303978193728,12.215958381464668
toy-0005975,2490,z22,z21,2.3,7.666666666666667,9.516666666666666
toy-0005976,2490,z22,z31,3.2526911934581184,10.842303978193728,12.215958381464668
toy-0005977,2490,z22,z02,4.6,15.333333333333334,16.03333333333333
toy-0005978,2490,z22,z12,2.3,7.666666666666667,9.516666666666666
toy-0005979,2490,z22,z32,2.3,7.666666666666667,9.516666666666666
toy-0005980,2490,z32,z30,4.6,15.333333333333334,16.03333333333333
toy-0005981,2490,z32,z11,5.142956348249516,17.143187827498387,17.57170965337363
toy-0005982,2490,z32,z31,2.3,7.666666666666667,9.516666666666666
toy-0005983,2490,z32,z12,4.6,15.333333333333334,16.03333333333333
toy-0005984,2490,z32,z22,2.3,7.666666666666667,9.516666666666666
toy-0005985,2495,z10,z00,2.3,7.666666666666667,9.516666666666666
toy-0005986,2495,z01,z21,4.6,15.333333333333334,16.03333333333333
toy-0005987,2495,z11,z10,2.3,7.666666666666667,9.516666666666666
toy-0005988,2495,z11,z02,3.2526911934581184,10.842303978193728,12.215958381464668
toy-0005989,2495,z21,z00,5.142956348249516,17.143187827498387,17.57170965337363
toy-0005990,2495,z21,z10,3.2526911934581184,10.842303978193728,12.215958381464668
toy-0005991,2495,z21,z20,2.3,7.666666666666667,9.516666666666666
toy-0005992,2495,z21,z31,2.3,7.666666666666667,9.516666666666666
toy-0005993,2495,z21,z32,3.2526911934581184,10.842303978193728,12.215958381464668
toy-0005994,2495,z31,z20,3.2526911934581184,10.842303978193728,12.215958381464668
toy-0005995,2495,z31,z11,4.6,15.333333333333334,16.03333333333333
toy-0005996,2495,z31,z22,3.2526911934581184,10.842303978193728,12.215958381464668
toy-0005997,2495,z31,z32,2.3,7.666666666666667,9.516666666666666
toy-0005998,2495,z22,z20,4.6,15.333333333333334,16.03333333333333
toy-0005999,2495,z32,z00,8.292767933567175,27.64255977855725,26.49617581177366
toy-0006000,2495,z32,z10,6.505382386916237,21.684607956387456,21.431916762929337
toy-0006001,2495,z32,z21,3.2526911934581184,10.842303978193728,12.215958381464668
toy-0006002,2500,z00,z10,2.3,7.666666666666667,9.516666666666666
toy-0006003,2500,z00,z30,6.8999999999999995,22.999999999999996,22.549999999999997
toy-0006004,2500,z10,z11,2.3,7.666666666666667,9.516666666666666
toy-0006005,2500,z10,z31,5.142956348249516,17.143187827498387,17.57170965337363
toy-0006006,2500,z10,z02,5.142956348249516,17.143187827498387,17.57170965337363
toy-0006007,2500,z20,z22,4.6,15.333333333333334,16.03333333333333
toy-0006008,2500,z30,z00,6.8999999999999995,22.999999999999996,22.549999999999997
toy-0006009,2500,z11,z32,5.142956348249516,17.143187827498387,17.57170965337363
toy-0006010,2500,z21,z30,3.2526911934581184,10.842303978193728,12.215958381464668
toy-0006011,2500,z21,z11,2.3,7.666666666666667,9.516666666666666
toy-0006012,2500,z21,z12,3.2526911934581184,10.842303978193728,12.215958381464668
toy-0006013,2500,z31,z10,5.142956348249516,17.143187827498387,17.57170965337363
toy-0006014,2500,z31,z30,2.3,7.666666666666667,9.516666666666666
toy-0006015,2500,z31,z01,6.8999999999999995,22.999999999999996,22.549999999999997
toy-0006016,2500,z31,z11,4.6,15.333333333333334,16.03333333333333
toy-0006017,2500,z31,z21,2.3,7.666666666666667,9.516666666666666
toy-0006018,2500,z31,z12,5.142956348249516,17.143187827498387,17.57170965337363
toy-0006019,2500,z12,z30,6.505382386916237,21.684607956387456,21.431916762929337
toy-0006020,2500,z12,z31,5.142956348249516,17.143187827498387,17.57170965337363
toy-0006021,2500,z12,z22,2.3,7.666666666666667,9.516666666666666
toy-0006022,2500,z12,z32,4.6,15.333333333333334,16.03333333333333
toy-0006023,2500,z22,z10,5.142956348249516,17.143187827498387,17.57170965337363
toy-0006024,2500,z32,z20,5.142956348249516,17.143187827498387,17.57170965337363
toy-0006025,2500,z32,z01,7.273238618387272,24.244128727957573,23.607509418763936
toy-0006026,2500,z32,z31,2.3,7.666666666666667,9.516666666666666
toy-0006027,2500,z32,z22,2.3,7.666666666666667,9.516666666666666
toy-0006028,2505,z20,z21,2.3,7.666666666666667,9.516666666666666
toy-0006029,2505,z20,z12,5.142956348249516,17.143187827498387,17.57170965337363
toy-0006030,2505,z01,z31,6.8999999999999995,22.999999999999996,22.549999999999997
toy-0006031,2505,z11,z01,2.3,7.666666666666667,9.516666666666666
toy-0006032,2505,z11,z21,2.3,7.666666666666667,9.516666666666666
toy-0006033,2505,z21,z31,2.3,7.666666666666667,9.516666666666666
toy-0006034,2505,z21,z22,2.3,7.666666666666667,9.516666666666666
toy-0006035,2505,z31,z00,7.273238618387272,24.244128727957573,23.607509418763936
toy-0006036,2505,z31,z20,3.2526911934581184,10.842303978193728,12.215958381464668
toy-0006037,2505,z31,z21,2.3,7.666666666666667,9.516666666666666
toy-0006038,2505,z31,z02,7.273238618387272,24.244128727957573,23.607509418763936
toy-0006039,2505,z31,z22,3.2526911934581184,10.842303978193728,12.215958381464668
toy-0006040,2505,z31,z32,2.3,7.666666666666667,9.516666666666666
toy-0006041,2505,z02,z22,4.6,15.333333333333334,16.03333333333333
toy-0006042,2505,z22,z01,5.142956348249516,17.143187827498387,17.57170965337363
toy-0006043,2505,z22,z11,3.2526911934581184,10.842303978193728,12.215958381464668
toy-0006044,2505,z22,z21,2.3,7.666666666666667,9.516666666666666
toy-0006045,2505,z22,z31,3.2526911934581184,10.842303978193728,12.215958381464668
toy-0006046,2505,z22,z32,2.3,7.666666666666667,9.516666666666666
toy-0006047,2505,z32,z11,5.142956348249516,17.143187827498387,17.57170965337363
toy-0006048,2505,z32,z21,3.2526911934581184,10.842303978193728,12.215958381464668
toy-0006049,2505,z32,z02,6.8999999999999995,22.999999999999996,22.549999999999997
toy-0006050,2505,z32,z12,4.6,15.333333333333334,16.03333333333333
toy-0006051,2510,z10,z21,3.2526911934581184,10.842303978193728,12.215958381464668
toy-0006052,2510,z20,z10,2.3,7.666666666666667,9.516666666666666
toy-0006053,2510,z20,z11,3.2526911934581184,10.842303978193728,12.215958381464668
toy-0006054,2510,z30,z12,6.505382386916237,21.684607956387456,21.431916762929337
toy-0006055,2510,z30,z32,4.6,15.333333333333334,16.03333333333333
toy-0006056,2510,z11,z20,3.2526911934581184,10.842303978193728,12.215958381464668
toy-0006057,2510,z11,z31,4.6,15.333333333333334,16.03333333333333
toy-0006058,2510,z21,z20,2.3,7.666666666666667,9.516666666666666
toy-0006059,2510,z21,z01,4.6,15.333333333333334,16.03333333333333
toy-0006060,2510,z21,z02,5.142956348249516,17.143187827498387,17.57170965337363
toy-0006061,2510,z21,z32,3.2526911934581184,10.842303978193728,12.215958381464668
toy-0006062,2510,z31,z10,5.142956348249516,17.143187827498387,17.57170965337363
toy-0006063,2510,z31,z20,3.2526911934581184,10.842303978193728,12.215958381464668
toy-0006064,2510,z31,z01,6.8999999999999995,22.999999999999996,22.549999999999997
toy-0006065,2510,z31,z11,4.6,15.333333333333334,16.03333333333333
toy-0006066,2510,z31,z21,2.3,7.666666666666667,9.516666666666666
toy-0006067,2510,z31,z12,5.142956348249516,17.143187827498387,17.57170965337363
toy-0006068,2510,z31,z22,3.2526911934581184,10.842303978193728,12.215958381464668
toy-0006069,2510,z31,z32,2.3,7.666666666666667,9.516666666666666
toy-0006070,2510,z22,z30,5.142956348249516,17.143187827498387,17.57170965337363
toy-0006071,2510,z32,z10,6.505382386916237,21.684607956387456,21.431916762929337
toy-0006072,2510,z32,z20,5.142956348249516,17.143187827498387,17.57170965337363
toy-0006073,2510,z32,z30,4.6,15.333333333333334,16.03333333333333
toy-0006074,2510,z32,z31,2.3,7.666666666666667,9.516666666666666
toy-0006075,2510,z32,z22,2.3,7.666666666666667,9.516666666666666
toy-0006076,2515,z10,z22,5.142956348249516,17.143187827498387,17.57170965337363
toy-0006077,2515,z10,z32,6.505382386916237,21.684607956387456,21.431916762929337
toy-0006078,2515,z20,z30,2.3,7.666666666666667,9.516666666666666
toy-0006079,2515,z20,z01,5.142956348249516,17.143187827498387,17.57170965337363
toy-0006080,2515,z20,z31,3.2526911934581184,10.842303978193728,12.215958381464668
toy-0006081,2515,z20,z32,5.142956348249516,17.143187827498387,17.57170965337363
toy-0006082,2515,z30,z31,2.3,7.666666666666667,9.516666666666666
toy-0006083,2515,z11,z30,5.142956348249516,17.143187827498387,17.57170965337363
toy-0006084,2515,z11,z12,2.3,7.666666666666667,9.516666666666666
toy-0006085,2515,z11,z22,3.2526911934581184,10.842303978193728,12.215958381464668
toy-0006086,2515,z21,z00,5.142956348249516,17.143187827498387,17.57170965337363
toy-0006087,2515,z21,z10,3.2526911934581184,10.842303978193728,12.215958381464668
toy-0006088,2515,z21,z11,2.3,7.666666666666667,9.516666666666666
toy-0006089,2515,z21,z31,2.3,7.666666666666667,9.516666666666666
toy-0006090,2515,z21,z22,2.3,7.666666666666667,9.516666666666666
toy-0006091,2515,z31,z00,7.273238618387272,24.244128727957573,23.607509418763936
toy-0006092,2515,z31,z30,2.3,7.666666666666667,9.516666666666666
toy-0006093,2515,z31,z22,3.2526911934581184,10.842303978193728,12.215958381464668
toy-0006094,2515,z31,z32,2.3,7.666666666666667,9.516666666666666
toy-0006095,2515,z02,z10,5.142956348249516,17.143187827498387,17.57170965337363
toy-0006096,2515,z12,z10,4.6,15.333333333333334,16.03333333333333
toy-0006097,2515,z12,z20,5.142956348249516,17.143187827498387,17.57170965337363
toy-0006098,2515,z22,z00,6.505382386916237,21.684607956387456,21.431916762929337
toy-0006099,2515,z22,z20,4.6,15.333333333333334,16.03333333333333
toy-0006100,2515,z22,z12,2.3,7.666666666666667,9.516666666666666
toy-0006101,2515,z32,z00,8.292767933567175,27.64255977855725,26.49617581177366
toy-0006102,2515,z32,z21,3.2526911934581184,10.842303978193728,12.215958381464668
toy-0006103,2520,z00,z21,5.142956348249516,17.143187827498387,17.57170965337363
toy-0006104,2520,z10,z12,4.6,15.333333333333334,16.03333333333333
toy-0006105,2520,z20,z00,4.6,15.333333333333334,16.03333333333333
toy-0006106,2520,z20,z02,6.505382386916237,21.684607956387456,21.431916762929337
toy-0006107,2520,z11,z32,5.142956348249516,17.143187827498387,17.57170965337363
toy-0006108,2520,z21,z12,3.2526911934581184,10.842303978193728,12.215958381464668
toy-0006109,2520,z31,z10,5.142956348249516,17.143187827498387,17.57170965337363
toy-0006110,2520,z31,z20,3.2526911934581184,10.842303978193728,12.215958381464668
toy-0006111,2520,z31,z01,6.8999999999999995,22.999999999999996,22.549999999999997
toy-0006112,2520,z31,z11,4.6,15.333333333333334,16.03333333333333
toy-0006113,2520,z31,z21,2.3,7.666666666666667,9.516666666666666
toy-0006114,2520,z31,z02,7.273238618387272,24.244128727957573,23.607509418763936
toy-0006115,2520,z31,z12,5.142956348249516,17.143187827498387,17.57170965337363
toy-0006116,2520,z02,z11,3.2526911934581184,10.842303978193728,12.215958381464668
toy-0006117,2520,z12,z21,3.2526911934581184,10.842303978193728,12.215958381464668
toy-0006118,2520,z22,z10,5.142956348249516,17.143187827498387,17.57170965337363
toy-0006119,2520,z22,z21,2.3,7.666666666666667,9.516666666666666
toy-0006120,2520,z22,z31,3.2526911934581184,10.842303978193728,12.215958381464668
toy-0006121,2520,z22,z02,4.6,15.333333333333334,16.03333333333333
toy-0006122,2520,z22,z32,2.3,7.666666666666667,9.516666666666666
toy-0006123,2520,z32,z01,7.273238618387272,24.244128727957573,23.607509418763936
toy-0006124,2520,z32,z11,5.142956348249516,17.143187827498387,17.57170965337363
toy-0006125,2520,z32,z31,2.3,7.666666666666667,9.516666666666666
toy-0006126,2520,z32,z12,4.6,15.333333333333334,16.03333333333333
toy-0006127,2525,z00,z31,7.273238618387272,24.244128727957573,23.607509418763936
toy-0006128,2525,z10,z20,2.3,7.666666666666667,9.516666666666666
toy-0006129,2525,z01,z11,2.3,7.666666666666667,9.516666666666666
toy-0006130,2525,z21,z30,3.2526911934581184,10.842303978193728,12.215958381464668
toy-0006131,2525,z21,z32,3.2526911934581184,10.842303978193728,12.215958381464668
toy-0006132,2525,z31,z30,2.3,7.666666666666667,9.516666666666666
toy-0006133,2525,z31,z21,2.3,7.666666666666667,9.516666666666666
toy-0006134,2525,z31,z22,3.2526911934581184,10.842303978193728,12.215958381464668
toy-0006135,2525,z31,z32,2.3,7.666666666666667,9.516666666666666
toy-0006136,2525,z12,z00,5.142956348249516,17.143187827498387,17.57170965337363
toy-0006137,2525,z22,z11,3.2526911934581184,10.842303978193728,12.215958381464668
toy-0006138,2525,z32,z20,5.142956348249516,17.143187827498387,17.57170965337363
toy-0006139,2525,z32,z30,4.6,15.333333333333334,16.03333333333333
toy-0006140,2525,z32,z02,6.8999999999999995,22.999999999999996,22.549999999999997
toy-0006141,2525,z32,z22,2.3,7.666666666666667,9.516666666666666
toy-0006142,2530,z20,z21,2.3,7.666666666666667,9.516666666666666
toy-0006143,2530,z20,z22,4.6,15.333333333333334,16.03333333333333
toy-0006144,2530,z11,z00,3.2526911934581184,10.842303978193728,12.215958381464668
toy-0006145,2530,z11,z10,2.3,7.666666666666667,9.516666666666666
toy-0006146,2530,z11,z21,2.3,7.666666666666667,9.516666666666666
toy-0006147,2530,z11,z31,4.6,15.333333333333334,16.03333333333333
toy-0006148,2530,z21,z20,2.3,7.666666666666667,9.516666666666666
toy-0006149,2530,z21,z01,4.6,15.333333333333334,16.03333333333333
toy-0006150,2530,z21,z11,2.3,7.666666666666667,9.516666666666666
toy-0006151,2530,z21,z31,2.3,7.666666666666667,9.516666666666666
toy-0006152,2530,z31,z00,7.273238618387272,24.244128727957573,23.607509418763936
toy-0006153,2530,z31,z10,5.142956348249516,17.143187827498387,17.57170965337363
toy-0006154,2530,z31,z20,3.2526911934581184,10.842303978193728,12.215958381464668
toy-0006155,2530,z31,z11,4.6,15.333333333333334,16.03333333333333
toy-0006156,2530,z31,z12,5.142956348249516,17.143187827498387,17.57170965337363
toy-0006157,2530,z31,z32,2.3,7.666666666666667,9.516666666666666
toy-0006158,2530,z22,z01,5.142956348249516,17.143187827498387,17.57170965337363
toy-0006159,2530,z22,z31,3.2526911934581184,10.842303978193728,12.215958381464668
toy-0006160,2530,z32,z10,6.505382386916237,21.684607956387456,21.431916762929337
toy-0006161,2530,z32,z11,5.142956348249516,17.143187827498387,17.57170965337363
toy-0006162,2530,z32,z21,3.2526911934581184,10.842303978193728,12.215958381464668
toy-0006163,2530,z32,z31,2.3,7.666666666666667,9.516666666666666
toy-0006164,2535,z20,z31,3.2526911934581184,10.842303978193728,12.215958381464668
toy-0006165,2535,z01,z20,5.142956348249516,17.143187827498387,17.57170965337363
toy-0006166,2535,z01,z22,5.142956348249516,17.143187827498387,17.57170965337363
toy-0006167,2535,z21,z10,3.2526911934581184,10.842303978193728,12.215958381464668
toy-0006168,2535,z21,z22,2.3,7.666666666666667,9.516666666666666
toy-0006169,2535,z21,z32,3.2526911934581184,10.842303978193728,12.215958381464668
toy-0006170,2535,z31,z01,6.8999999999999995,22.999999999999996,22.549999999999997
toy-0006171,2535,z31,z21,2.3,7.666666666666667,9.516666666666666
toy-0006172,2535,z31,z02,7.273238618387272,24.244128727957573,23.607509418763936
toy-0006173,2535,z31,z22,3.2526911934581184,10.842303978193728,12.215958381464668
toy-0006174,2535,z31,z32,2.3,7.666666666666667,9.516666666666666
toy-0006175,2535,z12,z11,2.3,7.666666666666667,9.516666666666666
toy-0006176,2535,z12,z31,5.142956348249516,17.143187827498387,17.57170965337363
toy-0006177,2535,z22,z20,4.6,15.333333333333334,16.03333333333333
toy-0006178,2535,z22,z30,5.142956348249516,17.143187827498387,17.57170965337363
toy-0006179,2535,z22,z32,2.3,7.666666666666667,9.516666666666666
toy-0006180,2535,z32,z01,7.273238618387272,24.244128727957573,23.607509418763936
toy-0006181,2535,z32,z12,4.6,15.333333333333334,16.03333333333333
toy-0006182,2535,z32,z22,2.3,7.666666666666667,9.516666666666666
toy-0006183,2540,z20,z32,5.142956348249516,17.143187827498387,17.57170965337363
toy-0006184,2540,z01,z02,2.3,7.666666666666667,9.516666666666666
toy-0006185,2540,z11,z20,3.2526911934581184,10.842303978193728,12.215958381464668
toy-0006186,2540,z11,z22,3.2526911934581184,10.842303978193728,12.215958381464668
toy-0006187,2540,z21,z31,2.3,7.666666666666667,9.516666666666666
toy-0006188,2540,z21,z02,5.142956348249516,17.143187827498387,17.57170965337363
toy-0006189,2540,z21,z12,3.2526911934581184,10.842303978193728,12.215958381464668
toy-0006190,2540,z31,z20,3.2526911934581184,10.842303978193728,12.215958381464668
toy-0006191,2540,z31,z30,2.3,7.666666666666667,9.516666666666666
toy-0006192,2540,z31,z11,4.6,15.333333333333334,16.03333333333333
toy-0006193,2540,z31,z21,2.3,7.666666666666667,9.516666666666666
toy-0006194,2540,z31,z12,5.142956348249516,17.143187827498387,17.57170965337363
toy-0006195,2540,z31,z22,3.2526911934581184,10.842303978193728,12.215958381464668
toy-0006196,2540,z12,z32,4.6,15.333333333333334,16.03333333333333
toy-0006197,2540,z22,z21,2.3,7.666666666666667,9.516666666666666
toy-0006198,2540,z22,z12,2.3,7.666666666666667,9.516666666666666
toy-0006199,2540,z32,z00,8.292767933567175,27.64255977855725,26.49617581177366
toy-0006200,2540,z32,z20,5.142956348249516,17.143187827498387,17.57170965337363
toy-0006201,2540,z32,z21,3.2526911934581184,10.842303978193728,12.215958381464668
toy-0006202,2540,z32,z31,2.3,7.666666666666667,9.516666666666666
toy-0006203,2545,z00,z32,8.292767933567175,27.64255977855725,26.49617581177366
toy-0006204,2545,z10,z31,5.142956348249516,17.143187827498387,17.57170965337363
toy-0006205,2545,z20,z11,3.2526911934581184,10.842303978193728,12.215958381464668
toy-0006206,2545,z20,z12,5.142956348249516,17.143187827498387,17.57170965337363
toy-0006207,2545,z30,z21,3.2526911934581184,10.842303978193728,12.215958381464668
toy-0006208,2545,z01,z32,7.273238618387272,24.244128727957573,23.607509418763936
toy-0006209,2545,z11,z01,2.3,7.666666666666667,9.516666666666666
toy-0006210,2545,z11,z02,3.2526911934581184,10.842303978193728,12.215958381464668
toy-0006211,2545,z11,z32,5.142956348249516,17.143187827498387,17.57170965337363
toy-0006212,2545,z21,z00,5.142956348249516,17.143187827498387,17.57170965337363
toy-0006213,2545,z31,z00,7.273238618387272,24.244128727957573,23.607509418763936
toy-0006214,2545,z31,z10,5.142956348249516,17.143187827498387,17.57170965337363
toy-0006215,2545,z31,z01,6.8999999999999995,22.999999999999996,22.549999999999997
toy-0006216,2545,z31,z11,4.6,15.333333333333334,16.03333333333333
toy-0006217,2545,z31,z32,2.3,7.666666666666667,9.516666666666666
toy-0006218,2545,z12,z01,3.2526911934581184,10.842303978193728,12.215958381464668
toy-0006219,2545,z12,z22,2.3,7.666666666666667,9.516666666666666
toy-0006220,2545,z22,z00,6.505382386916237,21.684607956387456,21.431916762929337
toy-0006221,2545,z22,z31,3.2526911934581184,10.842303978193728,12.215958381464668
toy-0006222,2545,z32,z10,6.505382386916237,21.684607956387456,21.431916762929337
toy-0006223,2545,z32,z30,4.6,15.333333333333334,16.03333333333333
toy-0006224,2545,z32,z11,5.142956348249516,17.143187827498387,17.57170965337363
toy-0006225,2545,z32,z31,2.3,7.666666666666667,9.516666666666666
toy-0006226,2550,z30,z20,2.3,7.666666666666667,9.516666666666666
toy-0006227,2550,z11,z31,4.6,15.333333333333334,16.03333333333333
toy-0006228,2550,z21,z20,2.3,7.666666666666667,9.516666666666666
toy-0006229,2550,z21,z30,3.2526911934581184,10.842303978193728,12.215958381464668
toy-0006230,2550,z21,z11,2.3,7.666666666666667,9.516666666666666
toy-0006231,2550,z21,z22,2.3,7.666666666666667,9.516666666666666
toy-0006232,2550,z21,z32,3.2526911934581184,10.842303978193728,12.215958381464668
toy-0006233,2550,z31,z20,3.2526911934581184,10.842303978193728,12.215958381464668
toy-0006234,2550,z31,z30,2.3,7.666666666666667,9.516666666666666
toy-0006235,2550,z31,z21,2.3,7.666666666666667,9.516666666666666
toy-0006236,2550,z31,z02,7.273238618387272,24.244128727957573,23.607509418763936
toy-0006237,2550,z31,z12,5.142956348249516,17.143187827498387,17.57170965337363
toy-0006238,2550,z31,z22,3.2526911934581184,10.842303978193728,12.215958381464668
toy-0006239,2550,z31,z32,2.3,7.666666666666667,9.516666666666666
toy-0006240,2550,z02,z31,7.273238618387272,24.244128727957573,23.607509418763936
toy-0006241,2550,z22,z10,5.142956348249516,17.143187827498387,17.57170965337363
toy-0006242,2550,z22,z11,3.2526911934581184,10.842303978193728,12.215958381464668
toy-0006243,2550,z32,z21,3.2526911934581184,10.842303978193728,12.215958381464668
toy-0006244,2550,z32,z02,6.8999999999999995,22.999999999999996,22.549999999999997
toy-0006245,2550,z32,z22,2.3,7.666666666666667,9.516666666666666
toy-0006246,2555,z10,z01,3.2526911934581184,10.842303978193728,12.215958381464668
toy-0006247,2555,z20,z10,2.3,7.666666666666667,9.516666666666666
toy-0006248,2555,z30,z22,5.142956348249516,17.143187827498387,17.57170965337363
toy-0006249,2555,z01,z00,2.3,7.666666666666667,9.516666666666666
toy-0006250,2555,z01,z21,4.6,15.333333333333334,16.03333333333333
toy-0006251,2555,z11,z21,2.3,7.666666666666667,9.516666666666666
toy-0006252,2555,z11,z12,2.3,7.666666666666667,9.516666666666666
toy-0006253,2555,z21,z01,4.6,15.333333333333334,16.03333333333333
toy-0006254,2555,z21,z31,2.3,7.666666666666667,9.516666666666666
toy-0006255,2555,z31,z10,5.142956348249516,17.143187827498387,17.57170965337363
toy-0006256,2555,z31,z11,4.6,15.333333333333334,16.03333333333333
toy-0006257,2555,z12,z02,2.3,7.666666666666667,9.516666666666666
toy-0006258,2555,z22,z01,5.142956348249516,17.143187827498387,17.57170965337363
toy-0006259,2555,z22,z21,2.3,7.666666666666667,9.516666666666666
toy-0006260,2555,z22,z02,4.6,15.333333333333334,16.03333333333333
toy-0006261,2555,z22,z32,2.3,7.666666666666667,9.516666666666666
toy-0006262,2555,z32,z20,5.142956348249516,17.143187827498387,17.57170965337363
toy-0006263,2555,z32,z01,7.273238618387272,24.244128727957573,23.607509418763936
toy-0006264,2555,z32,z31,2.3,7.666666666666667,9.516666666666666
toy-0006265,2555,z32,z12,4.6,15.333333333333334,16.03333333333333
toy-0006266,2560,z00,z12,5.142956348249516,17.143187827498387,17.57170965337363
toy-0006267,2560,z10,z21,3.2526911934581184,10.842303978193728,12.215958381464668
toy-0006268,2560,z20,z01,5.142956348249516,17.143187827498387,17.57170965337363
toy-0006269,2560,z20,z21,2.3,7.666666666666667,9.516666666666666
toy-0006270,2560,z20,z31,3.2526911934581184,10.842303978193728,12.215958381464668
toy-0006271,2560,z20,z22,4.6,15.333333333333334,16.03333333333333
toy-0006272,2560,z30,z11,5.142956348249516,17.143187827498387,17.57170965337363
toy-0006273,2560,z01,z30,7.273238618387272,24.244128727957573,23.607509418763936
toy-0006274,2560,z01,z31,6.8999999999999995,22.999999999999996,22.549999999999997
toy-0006275,2560,z01,z12,3.2526911934581184,10.842303978193728,12.215958381464668
toy-0006276,2560,z11,z30,5.142956348249516,17.143187827498387,17.57170965337363
toy-0006277,2560,z21,z10,3.2526911934581184,10.842303978193728,12.215958381464668
toy-0006278,2560,z21,z12,3.2526911934581184,10.842303978193728,12.215958381464668
toy-0006279,2560,z31,z00,7.273238618387272,24.244128727957573,23.607509418763936
toy-0006280,2560,z31,z20,3.2526911934581184,10.842303978193728,12.215958381464668
toy-0006281,2560,z31,z01,6.8999999999999995,22.999999999999996,22.549999999999997
toy-0006282,2560,z31,z21,2.3,7.666666666666667,9.516666666666666
toy-0006283,2560,z31,z12,5.142956348249516,17.143187827498387,17.57170965337363
toy-0006284,2560,z31,z22,3.2526911934581184,10.842303978193728,12.215958381464668
toy-0006285,2560,z31,z32,2.3,7.666666666666667,9.516666666666666
toy-0006286,2560,z22,z20,4.6,15.333333333333334,16.03333333333333
toy-0006287,2560,z22,z31,3.2526911934581184,10.842303978193728,12.215958381464668
toy-0006288,2560,z32,z00,8.292767933567175,27.64255977855725,26.49617581177366
toy-0006289,2560,z32,z11,5.142956348249516,17.143187827498387,17.57170965337363
toy-0006290,2560,z32,z22,2.3,7.666666666666667,9.516666666666666
toy-0006291,2565,z10,z11,2.3,7.666666666666667,9.516666666666666
toy-0006292,2565,z10,z32,6.505382386916237,21.684607956387456,21.431916762929337
toy-0006293,2565,z20,z30,2.3,7.666666666666667,9.516666666666666
toy-0006294,2565,z20,z32,5.142956348249516,17.143187827498387,17.57170965337363
toy-0006295,2565,z01,z10,3.2526911934581184,10.842303978193728,12.215958381464668
toy-0006296,2565,z21,z20,2.3,7.666666666666667,9.516666666666666
toy-0006297,2565,z21,z11,2.3,7.666666666666667,9.516666666666666
toy-0006298,2565,z21,z31,2.3,7.666666666666667,9.516666666666666
toy-0006299,2565,z21,z22,2.3,7.666666666666667,9.516666666666666
toy-0006300,2565,z21,z32,3.2526911934581184,10.842303978193728,12.215958381464668
toy-0006301,2565,z31,z10,5.142956348249516,17.143187827498387,17.57170965337363
toy-0006302,2565,z31,z30,2.3,7.666666666666667,9.516666666666666
toy-0006303,2565,z31,z11,4.6,15.333333333333334,16.03333333333333
toy-0006304,2565,z31,z21,2.3,7.666666666666667,9.516666666666666
toy-0006305,2565,z31,z02,7.273238618387272,24.244128727957573,23.607509418763936
toy-0006306,2565,z31,z22,3.2526911934581184,10.842303978193728,12.215958381464668
toy-0006307,2565,z31,z32,2.3,7.666666666666667,9.516666666666666
toy-0006308,2565,z12,z21,3.2526911934581184,10.842303978193728,12.215958381464668
toy-0006309,2565,z22,z30,5.142956348249516,17.143187827498387,17.57170965337363
toy-0006310,2565,z22,z12,2.3,7.666666666666667,9.516666666666666
toy-0006311,2565,z32,z10,6.505382386916237,21.684607956387456,21.431916762929337
toy-0006312,2565,z32,z30,4.6,15.333333333333334,16.03333333333333
toy-0006313,2565,z32,z21,3.2526911934581184,10.842303978193728,12.215958381464668
toy-0006314,2565,z32,z31,2.3,7.666666666666667,9.516666666666666
toy-0006315,2570,z00,z20,4.6,15.333333333333334,16.03333333333333
toy-0006316,2570,z10,z30,4.6,15.333333333333334,16.03333333333333
toy-0006317,2570,z10,z22,5.142956348249516,17.143187827498387,17.57170965337363
toy-0006318,2570,z20,z00,4.6,15.333333333333334,16.03333333333333
toy-0006319,2570,z11,z10,2.3,7.666666666666667,9.516666666666666
toy-0006320,2570,z11,z31,4.6,15.333333333333334,16.03333333333333
toy-0006321,2570,z11,z22,3.2526911934581184,10.842303978193728,12.215958381464668
toy-0006322,2570,z11,z32,5.142956348249516,17.143187827498387,17.57170965337363
toy-0006323,2570,z21,z00,5.142956348249516,17.143187827498387,17.57170965337363
toy-0006324,2570,z21,z02,5.142956348249516,17.143187827498387,17.57170965337363
toy-0006325,2570,z31,z00,7.273238618387272,24.244128727957573,23.607509418763936
toy-0006326,2570,z31,z20,3.2526911934581184,10.842303978193728,12.215958381464668
toy-0006327,2570,z31,z01,6.8999999999999995,22.999999999999996,22.549999999999997
toy-0006328,2570,z31,z12,5.142956348249516,17.143187827498387,17.57170965337363
toy-0006329,2570,z12,z20,5.142956348249516,17.143187827498387,17.57170965337363
toy-0006330,2570,z12,z31,5.142956348249516,17.143187827498387,17.57170965337363
toy-0006331,2570,z22,z11,3.2526911934581184,10.842303978193728,12.215958381464668
toy-0006332,2570,z22,z32,2.3,7.666666666666667,9.516666666666666
toy-0006333,2570,z32,z20,5.142956348249516,17.143187827498387,17.57170965337363
toy-0006334,2570,z32,z12,4.6,15.333333333333334,16.03333333333333
toy-0006335,2575,z30,z01,7.273238618387272,24.244128727957573,23.607509418763936
toy-0006336,2575,z30,z31,2.3,7.666666666666667,9.516666666666666
toy-0006337,2575,z11,z00,3.2526911934581184,10.842303978193728,12.215958381464668
toy-0006338,2575,z11,z20,3.2526911934581184,10.842303978193728,12.215958381464668
toy-0006339,2575,z21,z30,3.2526911934581184,10.842303978193728,12.215958381464668
toy-0006340,2575,z21,z01,4.6,15.333333333333334,16.03333333333333
toy-0006341,2575,z21,z31,2.3,7.666666666666667,9.516666666666666
toy-0006342,2575,z31,z10,5.142956348249516,17.143187827498387,17.57170965337363
toy-0006343,2575,z31,z30,2.3,7.666666666666667,9.516666666666666
toy-0006344,2575,z31,z11,4.6,15.333333333333334,16.03333333333333
toy-0006345,2575,z31,z21,2.3,7.666666666666667,9.516666666666666
toy-0006346,2575,z31,z22,3.2526911934581184,10.842303978193728,12.215958381464668
toy-0006347,2575,z31,z32,2.3,7.666666666666667,9.516666666666666
toy-0006348,2575,z12,z30,6.505382386916237,21.684607956387456,21.431916762929337
toy-0006349,2575,z22,z00,6.505382386916237,21.684607956387456,21.431916762929337
toy-0006350,2575,z22,z10,5.142956348249516,17.143187827498387,17.57170965337363
toy-0006351,2575,z22,z21,2.3,7.666666666666667,9.516666666666666
toy-0006352,2575,z22,z31,3.2526911934581184,10.842303978193728,12.215958381464668
toy-0006353,2575,z32,z01,7.273238618387272,24.244128727957573,23.607509418763936
toy-0006354,2575,z32,z11,5.142956348249516,17.143187827498387,17.57170965337363
toy-0006355,2575,z32,z21,3.2526911934581184,10.842303978193728,12.215958381464668
toy-0006356,2575,z32,z31,2.3,7.666666666666667,9.516666666666666
toy-0006357,2575,z32,z02,6.8999999999999995,22.999999999999996,22.549999999999997
toy-0006358,2575,z32,z22,2.3,7.666666666666667,9.516666666666666
toy-0006359,2580,z00,z01,2.3,7.666666666666667,9.516666666666666
toy-0006360,2580,z20,z11,3.2526911934581184,10.842303978193728,12.215958381464668
toy-0006361,2580,z20,z02,6.505382386916237,21.684607956387456,21.431916762929337
toy-0006362,2580,z21,z10,3.2526911934581184,10.842303978193728,12.215958381464668
toy-0006363,2580,z21,z22,2.3,7.666666666666667,9.516666666666666
toy-0006364,2580,z21,z32,3.2526911934581184,10.842303978193728,12.215958381464668
toy-0006365,2580,z31,z20,3.2526911934581184,10.842303978193728,12.215958381464668
toy-0006366,2580,z31,z21,2.3,7.666666666666667,9.516666666666666
toy-0006367,2580,z31,z32,2.3,7.666666666666667,9.516666666666666
toy-0006368,2580,z12,z10,4.6,15.333333333333334,16.03333333333333
toy-0006369,2580,z12,z32,4.6,15.333333333333334,16.03333333333333
toy-0006370,2580,z22,z20,4.6,15.333333333333334,16.03333333333333
toy-0006371,2580,z32,z00,8.292767933567175,27.64255977855725,26.49617581177366
toy-0006372,2580,z32,z10,6.505382386916237,21.684607956387456,21.431916762929337
toy-0006373,2585,z20,z31,3.2526911934581184,10.842303978193728,12.215958381464668
toy-0006374,2585,z30,z32,4.6,15.333333333333334,16.03333333333333
toy-0006375,2585,z11,z21,2.3,7.666666666666667,9.516666666666666
toy-0006376,2585,z21,z20,2.3,7.666666666666667,9.516666666666666
toy-0006377,2585,z21,z11,2.3,7.666666666666667,9.516666666666666
toy-0006378,2585,z21,z12,3.2526911934581184,10.842303978193728,12.215958381464668
toy-0006379,2585,z31,z00,7.273238618387272,24.244128727957573,23.607509418763936
toy-0006380,2585,z31,z01,6.8999999999999995,22.999999999999996,22.549999999999997
toy-0006381,2585,z31,z11,4.6,15.333333333333334,16.03333333333333
toy-0006382,2585,z31,z02,7.273238618387272,24.244128727957573,23.607509418763936
toy-0006383,2585,z31,z12,5.142956348249516,17.143187827498387,17.57170965337363
toy-0006384,2585,z31,z22,3.2526911934581184,10.842303978193728,12.215958381464668
toy-0006385,2585,z02,z01,2.3,7.666666666666667,9.516666666666666
toy-0006386,2585,z22,z01,5.142956348249516,17.143187827498387,17.57170965337363
toy-0006387,2585,z22,z32,2.3,7.666666666666667,9.516666666666666
toy-0006388,2585,z32,z20,5.142956348249516,17.143187827498387,17.57170965337363
toy-0006389,2585,z32,z22,2.3,7.666666666666667,9.516666666666666
toy-0006390,2590,z10,z00,2.3,7.666666666666667,9.516666666666666
toy-0006391,2590,z10,z20,2.3,7.666666666666667,9.516666666666666
toy-0006392,2590,z10,z31,5.142956348249516,17.143187827498387,17.57170965337363
toy-0006393,2590,z20,z21,2.3,7.666666666666667,9.516666666666666
toy-0006394,2590,z20,z12,5.142956348249516,17.143187827498387,17.57170965337363
toy-0006395,2590,z11,z01,2.3,7.666666666666667,9.516666666666666
toy-0006396,2590,z21,z31,2.3,7.666666666666667,9.516666666666666
toy-0006397,2590,z31,z10,5.142956348249516,17.143187827498387,17.57170965337363
toy-0006398,2590,z31,z20,3.2526911934581184,10.842303978193728,12.215958381464668
toy-0006399,2590,z31,z21,2.3,7.666666666666667,9.516666666666666
toy-0006400,2590,z31,z32,2.3,7.666666666666667,9.516666666666666
toy-0006401,2590,z12,z11,2.3,7.666666666666667,9.516666666666666
toy-0006402,2590,z22,z11,3.2526911934581184,10.842303978193728,12.215958381464668
toy-0006403,2590,z22,z31,3.2526911934581184,10.842303978193728,12.215958381464668
toy-0006404,2590,z22,z12,2.3,7.666666666666667,9.516666666666666
toy-0006405,2590,z32,z30,4.6,15.333333333333334,16.03333333333333
toy-0006406,2590,z32,z11,5.142956348249516,17.143187827498387,17.57170965337363
toy-0006407,2590,z32,z21,3.2526911934581184,10.842303978193728,12.215958381464668
toy-0006408,2590,z32,z31,2.3,7.666666666666667,9.516666666666666
toy-0006409,2590,z32,z12,4.6,15.333333333333334,16.03333333333333
toy-0006410,2595,z00,z22,6.505382386916237,21.684607956387456,21.431916762929337
toy-0006411,2595,z10,z12,4.6,15.333333333333334,16.03333333333333
toy-0006412,2595,z20,z22,4.6,15.333333333333334,16.03333333333333
toy-0006413,2595,z11,z31,4.6,15.333333333333334,16.03333333333333
toy-0006414,2595,z11,z12,2.3,7.666666666666667,9.516666666666666
toy-0006415,2595,z21,z32,3.2526911934581184,10.842303978193728,12.215958381464668
toy-0006416,2595,z31,z30,2.3,7.666666666666667,9.516666666666666
toy-0006417,2595,z31,z11,4.6,15.333333333333334,16.03333333333333
toy-0006418,2595,z31,z12,5.142956348249516,17.143187827498387,17.57170965337363
toy-0006419,2595,z31,z22,3.2526911934581184,10.842303978193728,12.215958381464668
toy-0006420,2595,z12,z22,2.3,7.666666666666667,9.516666666666666
toy-0006421,2595,z22,z21,2.3,7.666666666666667,9.516666666666666
toy-0006422,2595,z22,z02,4.6,15.333333333333334,16.03333333333333
toy-0006423,2595,z32,z01,7.273238618387272,24.244128727957573,23.607509418763936
toy-0006424,2600,z20,z10,2.3,7.666666666666667,9.516666666666666
toy-0006425,2600,z20,z32,5.142956348249516,17.143187827498387,17.57170965337363
toy-0006426,2600,z11,z02,3.2526911934581184,10.842303978193728,12.215958381464668
toy-0006427,2600,z11,z22,3.2526911934581184,10.842303978193728,12.215958381464668
toy-0006428,2600,z11,z32,5.142956348249516,17.143187827498387,17.57170965337363
toy-0006429,2600,z21,z00,5.142956348249516,17.143187827498387,17.57170965337363
toy-0006430,2600,z21,z02,5.142956348249516,17.143187827498387,17.57170965337363
toy-0006431,2600,z21,z22,2.3,7.666666666666667,9.516666666666666
toy-0006432,2600,z31,z20,3.2526911934581184,10.842303978193728,12.215958381464668
toy-0006433,2600,z31,z01,6.8999999999999995,22.999999999999996,22.549999999999997
toy-0006434,2600,z31,z21,2.3,7.666666666666667,9.516666666666666
toy-0006435,2600,z31,z02,7.273238618387272,24.244128727957573,23.607509418763936
toy-0006436,2600,z31,z32,2.3,7.666666666666667,9.516666666666666
toy-0006437,2600,z02,z20,6.505382386916237,21.684607956387456,21.431916762929337
toy-0006438,2600,z22,z30,5.142956348249516,17.143187827498387,17.57170965337363
toy-0006439,2600,z32,z10,6.505382386916237,21.684607956387456,21.431916762929337
toy-0006440,2600,z32,z31,2.3,7.666666666666667,9.516666666666666
toy-0006441,2600,z32,z02,6.8999999999999995,22.999999999999996,22.549999999999997
toy-0006442,2600,z32,z22,2.3,7.666666666666667,9.516666666666666
toy-0006443,2605,z30,z10,4.6,15.333333333333334,16.03333333333333
toy-0006444,2605,z30,z02,8.292767933567175,27.64255977855725,26.49617581177366
toy-0006445,2605,z01,z11,2.3,7.666666666666667,9.516666666666666
toy-0006446,2605,z01,z22,5.142956348249516,17.143187827498387,17.57170965337363
toy-0006447,2605,z21,z10,3.2526911934581184,10.842303978193728,12.215958381464668
toy-0006448,2605,z21,z30,3.2526911934581184,10.842303978193728,12.215958381464668
toy-0006449,2605,z21,z01,4.6,15.333333333333334,16.03333333333333
toy-0006450,2605,z21,z11,2.3,7.666666666666667,9.516666666666666
toy-0006451,2605,z21,z31,2.3,7.666666666666667,9.516666666666666
toy-0006452,2605,z31,z00,7.273238618387272,24.244128727957573,23.607509418763936
toy-0006453,2605,z31,z10,5.142956348249516,17.143187827498387,17.57170965337363
toy-0006454,2605,z31,z11,4.6,15.333333333333334,16.03333333333333
toy-0006455,2605,z31,z22,3.2526911934581184,10.842303978193728,12.215958381464668
toy-0006456,2605,z31,z32,2.3,7.666666666666667,9.516666666666666
toy-0006457,2605,z22,z10,5.142956348249516,17.143187827498387,17.57170965337363
toy-0006458,2605,z22,z20,4.6,15.333333333333334,16.03333333333333
toy-0006459,2605,z22,z32,2.3,7.666666666666667,9.516666666666666
toy-0006460,2605,z32,z00,8.292767933567175,27.64255977855725,26.49617581177366
toy-0006461,2605,z32,z20,5.142956348249516,17.143187827498387,17.57170965337363
toy-0006462,2605,z32,z11,5.142956348249516,17.143187827498387,17.57170965337363
toy-0006463,2605,z32,z21,3.2526911934581184,10.842303978193728,12.215958381464668
toy-0006464,2610,z00,z11,3.2526911934581184,10.842303978193728,12.215958381464668
toy-0006465,2610,z10,z02,5.142956348249516,17.143187827498387,17.57170965337363
toy-0006466,2610,z20,z01,5.142956348249516,17.143187827498387,17.57170965337363
toy-0006467,2610,z01,z32,7.273238618387272,24.244128727957573,23.607509418763936
toy-0006468,2610,z11,z20,3.2526911934581184,10.842303978193728,12.215958381464668
toy-0006469,2610,z11,z30,5.142956348249516,17.143187827498387,17.57170965337363
toy-0006470,2610,z21,z20,2.3,7.666666666666667,9.516666666666666
toy-0006471,2610,z21,z12,3.2526911934581184,10.842303978193728,12.215958381464668
toy-0006472,2610,z21,z32,3.2526911934581184,10.842303978193728,12.215958381464668
toy-0006473,2610,z31,z30,2.3,7.666666666666667,9.516666666666666
toy-0006474,2610,z31,z21,2.3,7.666666666666667,9.516666666666666
toy-0006475,2610,z31,z12,5.142956348249516,17.143187827498387,17.57170965337363
toy-0006476,2610,z22,z31,3.2526911934581184,10.842303978193728,12.215958381464668
toy-0006477,2610,z32,z31,2.3,7.666666666666667,9.516666666666666
toy-0006478,2610,z32,z12,4.6,15.333333333333334,16.03333333333333
toy-0006479,2615,z00,z31,7.273238618387272,24.244128727957573,23.607509418763936
toy-0006480,2615,z20,z31,3.2526911934581184,10.842303978193728,12.215958381464668
toy-0006481,2615,z01,z31,6.8999999999999995,22.999999999999996,22.549999999999997
toy-0006482,2615,z11,z10,2.3,7.666666666666667,9.516666666666666
toy-0006483,2615,z11,z21,2.3,7.666666666666667,9.516666666666666
toy-0006484,2615,z21,z22,2.3,7.666666666666667,9.516666666666666
toy-0006485,2615,z31,z20,3.2526911934581184,10.842303978193728,12.215958381464668
toy-0006486,2615,z31,z01,6.8999999999999995,22.999999999999996,22.549999999999997
toy-0006487,2615,z31,z22,3.2526911934581184,10.842303978193728,12.215958381464668
toy-0006488,2615,z31,z32,2.3,7.666666666666667,9.516666666666666
toy-0006489,2615,z02,z32,6.8999999999999995,22.999999999999996,22.549999999999997
toy-0006490,2615,z12,z00,5.142956348249516,17.143187827498387,17.57170965337363
toy-0006491,2615,z12,z21,3.2526911934581184,10.842303978193728,12.215958381464668
toy-0006492,2615,z12,z31,5.142956348249516,17.143187827498387,17.57170965337363
toy-0006493,2615,z22,z00,6.505382386916237,21.684607956387456,21.431916762929337
toy-0006494,2615,z22,z11,3.2526911934581184,10.842303978193728,12.215958381464668
toy-0006495,2615,z22,z21,2.3,7.666666666666667,9.516666666666666
toy-0006496,2615,z32,z30,4.6,15.333333333333334,16.03333333333333
toy-0006497,2615,z32,z21,3.2526911934581184,10.842303978193728,12.215958381464668
toy-0006498,2615,z32,z22,2.3,7.666666666666667,9.516666666666666
toy-0006499,2620,z11,z31,4.6,15.333333333333334,16.03333333333333
toy-0006500,2620,z21,z31,2.3,7.666666666666667,9.516666666666666
toy-0006501,2620,z31,z00,7.273238618387272,24.244128727957573,23.607509418763936
toy-0006502,2620,z31,z10,5.142956348249516,17.143187827498387,17.57170965337363
toy-0006503,2620,z31,z11,4.6,15.333333333333334,16.03333333333333
toy-0006504,2620,z31,z21,2.3,7.666666666666667,9.516666666666666
toy-0006505,2620,z31,z02,7.273238618387272,24.244128727957573,23.607509418763936
toy-0006506,2620,z31,z22,3.2526911934581184,10.842303978193728,12.215958381464668
toy-0006507,2620,z02,z21,5.142956348249516,17.143187827498387,17.57170965337363
toy-0006508,2620,z12,z01,3.2526911934581184,10.842303978193728,12.215958381464668
toy-0006509,2620,z22,z01,5.142956348249516,17.143187827498387,17.57170965337363
toy-0006510,2620,z22,z12,2.3,7.666666666666667,9.516666666666666
toy-0006511,2620,z32,z20,5.142956348249516,17.143187827498387,17.57170965337363
toy-0006512,2620,z32,z01,7.273238618387272,24.244128727957573,23.607509418763936
toy-0006513,2620,z32,z31,2.3,7.666666666666667,9.516666666666666
toy-0006514,2625,z10,z21,3.2526911934581184,10.842303978193728,12.215958381464668
toy-0006515,2625,z10,z32,6.505382386916237,21.684607956387456,21.431916762929337
toy-0006516,2625,z20,z30,2.3,7.666666666666667,9.516666666666666
toy-0006517,2625,z20,z11,3.2526911934581184,10.842303978193728,12.215958381464668
toy-0006518,2625,z20,z21,2.3,7.666666666666667,9.516666666666666
toy-0006519,2625,z01,z20,5.142956348249516,17.143187827498387,17.57170965337363
toy-0006520,2625,z11,z32,5.142956348249516,17.143187827498387,17.57170965337363
toy-0006521,2625,z21,z32,3.2526911934581184,10.842303978193728,12.215958381464668
toy-0006522,2625,z31,z20,3.2526911934581184,10.842303978193728,12.215958381464668
toy-0006523,2625,z31,z30,2.3,7.666666666666667,9.516666666666666
toy-0006524,2625,z31,z12,5.142956348249516,17.143187827498387,17.57170965337363
toy-0006525,2625,z31,z32,2.3,7.666666666666667,9.516666666666666
toy-0006526,2625,z22,z31,3.2526911934581184,10.842303978193728,12.215958381464668
toy-0006527,2625,z22,z32,2.3,7.666666666666667,9.516666666666666
toy-0006528,2625,z32,z10,6.505382386916237,21.684607956387456,21.431916762929337
toy-0006529,2625,z32,z11,5.142956348249516,17.143187827498387,17.57170965337363
toy-0006530,2630,z00,z21,5.142956348249516,17.143187827498387,17.57170965337363
toy-0006531,2630,z20,z22,4.6,15.333333333333334,16.03333333333333
toy-0006532,2630,z20,z32,5.142956348249516,17.143187827498387,17.57170965337363
toy-0006533,2630,z30,z21,3.2526911934581184,10.842303978193728,12.215958381464668
toy-0006534,2630,z30,z12,6.505382386916237,21.684607956387456,21.431916762929337
toy-0006535,2630,z01,z21,4.6,15.333333333333334,16.03333333333333
toy-0006536,2630,z21,z20,2.3,7.666666666666667,9.516666666666666
toy-0006537,2630,z21,z11,2.3,7.666666666666667,9.516666666666666
toy-0006538,2630,z31,z10,5.142956348249516,17.143187827498387,17.57170965337363
toy-0006539,2630,z31,z01,6.8999999999999995,22.999999999999996,22.549999999999997
toy-0006540,2630,z31,z11,4.6,15.333333333333334,16.03333333333333
toy-0006541,2630,z31,z21,2.3,7.666666666666667,9.516666666666666
toy-0006542,2630,z31,z22,3.2526911934581184,10.842303978193728,12.215958381464668
toy-0006543,2630,z12,z20,5.142956348249516,17.143187827498387,17.57170965337363
toy-0006544,2630,z12,z32,4.6,15.333333333333334,16.03333333333333
toy-0006545,2630,z22,z20,4.6,15.333333333333334,16.03333333333333
toy-0006546,2630,z32,z21,3.2526911934581184,10.842303978193728,12.215958381464668
toy-0006547,2630,z32,z02,6.8999999999999995,22.999999999999996,22.549999999999997
toy-0006548,2630,z32,z12,4.6,15.333333333333334,16.03333333333333
toy-0006549,2630,z32,z22,2.3,7.666666666666667,9.516666666666666
toy-0006550,2635,z10,z11,2.3,7.666666666666667,9.516666666666666
toy-0006551,2635,z10,z22,5.142956348249516,17.143187827498387,17.57170965337363
toy-0006552,2635,z20,z00,4.6,15.333333333333334,16.03333333333333
toy-0006553,2635,z11,z00,3.2526911934581184,10.842303978193728,12.215958381464668
toy-0006554,2635,z11,z22,3.2526911934581184,10.842303978193728,12.215958381464668
toy-0006555,2635,z21,z00,5.142956348249516,17.143187827498387,17.57170965337363
toy-0006556,2635,z21,z10,3.2526911934581184,10.842303978193728,12.215958381464668
toy-0006557,2635,z21,z30,3.2526911934581184,10.842303978193728,12.215958381464668
toy-0006558,2635,z21,z01,4.6,15.333333333333334,16.03333333333333
toy-0006559,2635,z21,z31,2.3,7.666666666666667,9.516666666666666
toy-0006560,2635,z21,z02,5.142956348249516,17.143187827498387,17.57170965337363
toy-0006561,2635,z21,z12,3.2526911934581184,10.842303978193728,12.215958381464668
toy-0006562,2635,z21,z22,2.3,7.666666666666667,9.516666666666666
toy-0006563,2635,z31,z20,3.2526911934581184,10.842303978193728,12.215958381464668
toy-0006564,2635,z31,z21,2.3,7.666666666666667,9.516666666666666
toy-0006565,2635,z31,z12,5.142956348249516,17.143187827498387,17.57170965337363
toy-0006566,2635,z31,z32,2.3,7.666666666666667,9.516666666666666
toy-0006567,2635,z22,z10,5.142956348249516,17.143187827498387,17.57170965337363
toy-0006568,2635,z22,z30,5.142956348249516,17.143187827498387,17.57170965337363
toy-0006569,2635,z22,z21,2.3,7.666666666666667,9.516666666666666
toy-0006570,2635,z22,z02,4.6,15.333333333333334,16.03333333333333
toy-0006571,2635,z32,z00,8.292767933567175,27.64255977855725,26.49617581177366
toy-0006572,2635,z32,z30,4.6,15.333333333333334,16.03333333333333
toy-0006573,2635,z32,z31,2.3,7.666666666666667,9.516666666666666
toy-0006574,2640,z10,z31,5.142956348249516,17.143187827498387,17.57170965337363
toy-0006575,2640,z20,z31,3.2526911934581184,10.842303978193728,12.215958381464668
toy-0006576,2640,z20,z12,5.142956348249516,17.143187827498387,17.57170965337363
toy-0006577,2640,z11,z01,2.3,7.666666666666667,9.516666666666666
toy-0006578,2640,z11,z12,2.3,7.666666666666667,9.516666666666666
toy-0006579,2640,z31,z00,7.273238618387272,24.244128727957573,23.607509418763936
toy-0006580,2640,z31,z30,2.3,7.666666666666667,9.516666666666666
toy-0006581,2640,z31,z11,4.6,15.333333333333334,16.03333333333333
toy-0006582,2640,z31,z02,7.273238618387272,24.244128727957573,23.607509418763936
toy-0006583,2640,z31,z32,2.3,7.666666666666667,9.516666666666666
toy-0006584,2640,z22,z11,3.2526911934581184,10.842303978193728,12.215958381464668
toy-0006585,2640,z22,z31,3.2526911934581184,10.842303978193728,12.215958381464668
toy-0006586,2640,z32,z20,5.142956348249516,17.143187827498387,17.57170965337363
toy-0006587,2645,z00,z32,8.292767933567175,27.64255977855725,26.49617581177366
toy-0006588,2645,z30,z31,2.3,7.666666666666667,9.516666666666666
toy-0006589,2645,z30,z22,5.142956348249516,17.143187827498387,17.57170965337363
toy-0006590,2645,z11,z21,2.3,7.666666666666667,9.516666666666666
toy-0006591,2645,z11,z31,4.6,15.333333333333334,16.03333333333333
toy-0006592,2645,z21,z32,3.2526911934581184,10.842303978193728,12.215958381464668
toy-0006593,2645,z31,z22,3.2526911934581184,10.842303978193728,12.215958381464668
toy-0006594,2645,z22,z32,2.3,7.666666666666667,9.516666666666666
toy-0006595,2645,z32,z01,7.273238618387272,24.244128727957573,23.607509418763936
toy-0006596,2645,z32,z11,5.142956348249516,17.143187827498387,17.57170965337363
toy-0006597,2645,z32,z21,3.2526911934581184,10.842303978193728,12.215958381464668
toy-0006598,2645,z32,z31,2.3,7.666666666666667,9.516666666666666
toy-0006599,2650,z10,z01,3.2526911934581184,10.842303978193728,12.215958381464668
toy-0006600,2650,z11,z20,3.2526911934581184,10.842303978193728,12.215958381464668
toy-0006601,2650,z21,z11,2.3,7.666666666666667,9.516666666666666
toy-0006602,2650,z21,z31,2.3,7.666666666666667,9.516666666666666
toy-0006603,2650,z31,z01,6.8999999999999995,22.999999999999996,22.549999999999997
toy-0006604,2650,z31,z21,2.3,7.666666666666667,9.516666666666666
toy-0006605,2650,z02,z12,2.3,7.666666666666667,9.516666666666666
toy-0006606,2650,z02,z22,4.6,15.333333333333334,16.03333333333333
toy-0006607,2650,z12,z11,2.3,7.666666666666667,9.516666666666666
toy-0006608,2650,z12,z31,5.142956348249516,17.143187827498387,17.57170965337363
toy-0006609,2650,z12,z22,2.3,7.666666666666667,9.516666666666666
toy-0006610,2650,z32,z10,6.505382386916237,21.684607956387456,21.431916762929337
toy-0006611,2650,z32,z22,2.3,7.666666666666667,9.516666666666666
toy-0006612,2655,z00,z10,2.3,7.666666666666667,9.516666666666666
toy-0006613,2655,z20,z10,2.3,7.666666666666667,9.516666666666666
toy-0006614,2655,z20,z02,6.505382386916237,21.684607956387456,21.431916762929337
toy-0006615,2655,z20,z32,5.142956348249516,17.143187827498387,17.57170965337363
toy-0006616,2655,z30,z00,6.8999999999999995,22.999999999999996,22.549999999999997
toy-0006617,2655,z30,z20,2.3,7.666666666666667,9.516666666666666
toy-0006618,2655,z30,z32,4.6,15.333333333333334,16.03333333333333
toy-0006619,2655,z11,z32,5.142956348249516,17.143187827498387,17.57170965337363
toy-0006620,2655,z21,z20,2.3,7.666666666666667,9.516666666666666
toy-0006621,2655,z21,z22,2.3,7.666666666666667,9.516666666666666
toy-0006622,2655,z31,z10,5.142956348249516,17.143187827498387,17.57170965337363
toy-0006623,2655,z31,z20,3.2526911934581184,10.842303978193728,12.215958381464668
toy-0006624,2655,z31,z32,2.3,7.666666666666667,9.516666666666666
toy-0006625,2655,z02,z31,7.273238618387272,24.244128727957573,23.607509418763936
toy-0006626,2655,z22,z21,2.3,7.666666666666667,9.516666666666666
toy-0006627,2655,z22,z31,3.2526911934581184,10.842303978193728,12.215958381464668
toy-0006628,2655,z22,z12,2.3,7.666666666666667,9.516666666666666
toy-0006629,2655,z32,z31,2.3,7.666666666666667,9.516666666666666
toy-0006630,2655,z32,z12,4.6,15.333333333333334,16.03333333333333
toy-0006631,2660,z20,z21,2.3,7.666666666666667,9.516666666666666
toy-0006632,2660,z20,z31,3.2526911934581184,10.842303978193728,12.215958381464668
toy-0006633,2660,z30,z11,5.142956348249516,17.143187827498387,17.57170965337363
toy-0006634,2660,z01,z31,6.8999999999999995,22.999999999999996,22.549999999999997
toy-0006635,2660,z01,z12,3.2526911934581184,10.842303978193728,12.215958381464668
toy-0006636,2660,z01,z32,7.273238618387272,24.244128727957573,23.607509418763936
toy-0006637,2660,z11,z31,4.6,15.333333333333334,16.03333333333333
toy-0006638,2660,z21,z31,2.3,7.666666666666667,9.516666666666666
toy-0006639,2660,z21,z32,3.2526911934581184,10.842303978193728,12.215958381464668
toy-0006640,2660,z31,z11,4.6,15.333333333333334,16.03333333333333
toy-0006641,2660,z31,z21,2.3,7.666666666666667,9.516666666666666
toy-0006642,2660,z31,z12,5.142956348249516,17.143187827498387,17.57170965337363
toy-0006643,2660,z31,z22,3.2526911934581184,10.842303978193728,12.215958381464668
toy-0006644,2660,z02,z30,8.292767933567175,27.64255977855725,26.49617581177366
toy-0006645,2660,z12,z10,4.6,15.333333333333334,16.03333333333333
toy-0006646,2660,z12,z21,3.2526911934581184,10.842303978193728,12.215958381464668
toy-0006647,2660,z22,z20,4.6,15.333333333333334,16.03333333333333
toy-0006648,2660,z22,z01,5.142956348249516,17.143187827498387,17.57170965337363
toy-0006649,2665,z10,z20,2.3,7.666666666666667,9.516666666666666
toy-0006650,2665,z10,z31,5.142956348249516,17.143187827498387,17.57170965337363
toy-0006651,2665,z10,z32,6.505382386916237,21.684607956387456,21.431916762929337
toy-0006652,2665,z20,z11,3.2526911934581184,10.842303978193728,12.215958381464668
toy-0006653,2665,z20,z22,4.6,15.333333333333334,16.03333333333333
toy-0006654,2665,z11,z22,3.2526911934581184,10.842303978193728,12.215958381464668
toy-0006655,2665,z31,z32,2.3,7.666666666666667,9.516666666666666
toy-0006656,2665,z12,z02,2.3,7.666666666666667,9.516666666666666
toy-0006657,2665,z12,z32,4.6,15.333333333333334,16.03333333333333
toy-0006658,2665,z22,z00,6.505382386916237,21.684607956387456,21.431916762929337
toy-0006659,2665,z22,z32,2.3,7.666666666666667,9.516666666666666
toy-0006660,2665,z32,z20,5.142956348249516,17.143187827498387,17.57170965337363
toy-0006661,2665,z32,z11,5.142956348249516,17.143187827498387,17.57170965337363
toy-0006662,2665,z32,z21,3.2526911934581184,10.842303978193728,12.215958381464668
toy-0006663,2665,z32,z31,2.3,7.666666666666667,9.516666666666666
toy-0006664,2665,z32,z22,2.3,7.666666666666667,9.516666666666666
toy-0006665,2670,z00,z31,7.273238618387272,24.244128727957573,23.607509418763936
toy-0006666,2670,z10,z21,3.2526911934581184,10.842303978193728,12.215958381464668
toy-0006667,2670,z01,z10,3.2526911934581184,10.842303978193728,12.215958381464668
toy-0006668,2670,z01,z22,5.142956348249516,17.143187827498387,17.57170965337363
toy-0006669,2670,z11,z10,2.3,7.666666666666667,9.516666666666666
toy-0006670,2670,z11,z21,2.3,7.666666666666667,9.516666666666666
toy-0006671,2670,z21,z10,3.2526911934581184,10.842303978193728,12.215958381464668
toy-0006672,2670,z21,z12,3.2526911934581184,10.842303978193728,12.215958381464668
toy-0006673,2670,z31,z22,3.2526911934581184,10.842303978193728,12.215958381464668
toy-0006674,2670,z02,z11,3.2526911934581184,10.842303978193728,12.215958381464668
toy-0006675,2670,z12,z30,6.505382386916237,21.684607956387456,21.431916762929337
toy-0006676,2670,z22,z11,3.2526911934581184,10.842303978193728,12.215958381464668
toy-0006677,2670,z22,z31,3.2526911934581184,10.842303978193728,12.215958381464668
toy-0006678,2675,z20,z01,5.142956348249516,17.143187827498387,17.57170965337363
toy-0006679,2675,z11,z30,5.142956348249516,17.143187827498387,17.57170965337363
toy-0006680,2675,z11,z32,5.142956348249516,17.143187827498387,17.57170965337363
toy-0006681,2675,z21,z01,4.6,15.333333333333334,16.03333333333333
toy-0006682,2675,z21,z31,2.3,7.666666666666667,9.516666666666666
toy-0006683,2675,z21,z22,2.3,7.666666666666667,9.516666666666666
toy-0006684,2675,z21,z32,3.2526911934581184,10.842303978193728,12.215958381464668
toy-0006685,2675,z31,z20,3.2526911934581184,10.842303978193728,12.215958381464668
toy-0006686,2675,z31,z21,2.3,7.666666666666667,9.516666666666666
toy-0006687,2675,z31,z32,2.3,7.666666666666667,9.516666666666666
toy-0006688,2675,z12,z31,5.142956348249516,17.143187827498387,17.57170965337363
toy-0006689,2680,z10,z30,4.6,15.333333333333334,16.03333333333333
toy-0006690,2680,z10,z12,4.6,15.333333333333334,16.03333333333333
toy-0006691,2680,z10,z22,5.142956348249516,17.143187827498387,17.57170965337363
toy-0006692,2680,z20,z31,3.2526911934581184,10.842303978193728,12.215958381464668
toy-0006693,2680,z30,z31,2.3,7.666666666666667,9.516666666666666
toy-0006694,2680,z01,z11,2.3,7.666666666666667,9.516666666666666
toy-0006695,2680,z01,z21,4.6,15.333333333333334,16.03333333333333
toy-0006696,2680,z11,z31,4.6,15.333333333333334,16.03333333333333
toy-0006697,2680,z11,z02,3.2526911934581184,10.842303978193728,12.215958381464668
toy-0006698,2680,z21,z11,2.3,7.666666666666667,9.516666666666666
toy-0006699,2680,z31,z00,7.273238618387272,24.244128727957573,23.607509418763936
toy-0006700,2680,z31,z10,5.142956348249516,17.143187827498387,17.57170965337363
toy-0006701,2680,z31,z30,2.3,7.666666666666667,9.516666666666666
toy-0006702,2680,z31,z01,6.8999999999999995,22.999999999999996,22.549999999999997
toy-0006703,2680,z31,z11,4.6,15.333333333333334,16.03333333333333
toy-0006704,2680,z22,z10,5.142956348249516,17.143187827498387,17.57170965337363
toy-0006705,2680,z22,z21,2.3,7.666666666666667,9.516666666666666
toy-0006706,2680,z22,z32,2.3,7.666666666666667,9.516666666666666
toy-0006707,2680,z32,z21,3.2526911934581184,10.842303978193728,12.215958381464668
toy-0006708,2680,z32,z31,2.3,7.666666666666667,9.516666666666666
toy-0006709,2685,z00,z30,6.8999999999999995,22.999999999999996,22.549999999999997
toy-0006710,2685,z00,z22,6.505382386916237,21.684607956387456,21.431916762929337
toy-0006711,2685,z20,z21,2.3,7.666666666666667,9.516666666666666
toy-0006712,2685,z20,z32,5.142956348249516,17.143187827498387,17.57170965337363
toy-0006713,2685,z21,z20,2.3,7.666666666666667,9.516666666666666
toy-0006714,2685,z21,z30,3.2526911934581184,10.842303978193728,12.215958381464668
toy-0006715,2685,z21,z31,2.3,7.666666666666667,9.516666666666666
toy-0006716,2685,z31,z21,2.3,7.666666666666667,9.516666666666666
toy-0006717,2685,z31,z12,5.142956348249516,17.143187827498387,17.57170965337363
toy-0006718,2685,z31,z22,3.2526911934581184,10.842303978193728,12.215958381464668
toy-0006719,2685,z31,z32,2.3,7.666666666666667,9.516666666666666
toy-0006720,2685,z22,z31,3.2526911934581184,10.842303978193728,12.215958381464668
toy-0006721,2685,z32,z00,8.292767933567175,27.64255977855725,26.49617581177366
toy-0006722,2685,z32,z10,6.505382386916237,21.684607956387456,21.431916762929337
toy-0006723,2685,z32,z30,4.6,15.333333333333334,16.03333333333333
toy-0006724,2685,z32,z01,7.273238618387272,24.244128727957573,23.607509418763936
toy-0006725,2685,z32,z02,6.8999999999999995,22.999999999999996,22.549999999999997
toy-0006726,2685,z32,z12,4.6,15.333333333333334,16.03333333333333
toy-0006727,2685,z32,z22,2.3,7.666666666666667,9.516666666666666
toy-0006728,2690,z00,z20,4.6,15.333333333333334,16.03333333333333
toy-0006729,2690,z30,z21,3.2526911934581184,10.842303978193728,12.215958381464668
toy-0006730,2690,z01,z30,7.273238618387272,24.244128727957573,23.607509418763936
toy-0006731,2690,z01,z31,6.8999999999999995,22.999999999999996,22.549999999999997
toy-0006732,2690,z11,z20,3.2526911934581184,10.842303978193728,12.215958381464668
toy-0006733,2690,z11,z12,2.3,7.666666666666667,9.516666666666666
toy-0006734,2690,z31,z02,7.273238618387272,24.244128727957573,23.607509418763936
toy-0006735,2690,z12,z20,5.142956348249516,17.143187827498387,17.57170965337363
toy-0006736,2690,z12,z22,2.3,7.666666666666667,9.516666666666666
toy-0006737,2690,z22,z30,5.142956348249516,17.143187827498387,17.57170965337363
toy-0006738,2690,z32,z20,5.142956348249516,17.143187827498387,17.57170965337363
toy-0006739,2690,z32,z11,5.142956348249516,17.143187827498387,17.57170965337363
toy-0006740,2690,z32,z31,2.3,7.666666666666667,9.516666666666666
toy-0006741,2695,z00,z21,5.142956348249516,17.143187827498387,17.57170965337363
toy-0006742,2695,z10,z11,2.3,7.666666666666667,9.516666666666666
toy-0006743,2695,z10,z31,5.142956348249516,17.143187827498387,17.57170965337363
toy-0006744,2695,z20,z12,5.142956348249516,17.143187827498387,17.57170965337363
toy-0006745,2695,z20,z22,4.6,15.333333333333334,16.03333333333333
toy-0006746,2695,z01,z00,2.3,7.666666666666667,9.516666666666666
toy-0006747,2695,z11,z22,3.2526911934581184,10.842303978193728,12.215958381464668
toy-0006748,2695,z21,z00,5.142956348249516,17.143187827498387,17.57170965337363
toy-0006749,2695,z21,z32,3.2526911934581184,10.842303978193728,12.215958381464668
toy-0006750,2695,z31,z20,3.2526911934581184,10.842303978193728,12.215958381464668
toy-0006751,2695,z31,z11,4.6,15.333333333333334,16.03333333333333
toy-0006752,2695,z31,z32,2.3,7.666666666666667,9.516666666666666
toy-0006753,2695,z02,z32,6.8999999999999995,22.999999999999996,22.549999999999997
toy-0006754,2695,z22,z20,4.6,15.333333333333334,16.03333333333333
toy-0006755,2695,z22,z31,3.2526911934581184,10.842303978193728,12.215958381464668
toy-0006756,2695,z22,z12,2.3,7.666666666666667,9.516666666666666
toy-0006757,2695,z32,z21,3.2526911934581184,10.842303978193728,12.215958381464668
toy-0006758,2700,z00,z32,8.292767933567175,27.64255977855725,26.49617581177366
toy-0006759,2700,z10,z32,6.505382386916237,21.684607956387456,21.431916762929337
toy-0006760,2700,z20,z30,2.3,7.666666666666667,9.516666666666666
toy-0006761,2700,z20,z31,3.2526911934581184,10.842303978193728,12.215958381464668
toy-0006762,2700,z01,z20,5.142956348249516,17.143187827498387,17.57170965337363
toy-0006763,2700,z01,z02,2.3,7.666666666666667,9.516666666666666
toy-0006764,2700,z11,z21,2.3,7.666666666666667,9.516666666666666
toy-0006765,2700,z11,z31,4.6,15.333333333333334,16.03333333333333
toy-0006766,2700,z11,z32,5.142956348249516,17.143187827498387,17.57170965337363
toy-0006767,2700,z21,z31,2.3,7.666666666666667,9.516666666666666
toy-0006768,2700,z21,z22,2.3,7.666666666666667,9.516666666666666
toy-0006769,2700,z31,z21,2.3,7.666666666666667,9.516666666666666
toy-0006770,2700,z31,z22,3.2526911934581184,10.842303978193728,12.215958381464668
toy-0006771,2700,z12,z21,3.2526911934581184,10.842303978193728,12.215958381464668
toy-0006772,2700,z12,z31,5.142956348249516,17.143187827498387,17.57170965337363
toy-0006773,2700,z12,z32,4.6,15.333333333333334,16.03333333333333
toy-0006774,2700,z22,z21,2.3,7.666666666666667,9.516666666666666
toy-0006775,2700,z22,z32,2.3,7.666666666666667,9.516666666666666
toy-0006776,2700,z32,z31,2.3,7.666666666666667,9.516666666666666
toy-0006777,2705,z00,z02,4.6,15.333333333333334,16.03333333333333
toy-0006778,2705,z00,z12,5.142956348249516,17.143187827498387,17.57170965337363
toy-0006779,2705,z30,z32,4.6,15.333333333333334,16.03333333333333
toy-0006780,2705,z01,z32,7.273238618387272,24.244128727957573,23.607509418763936
toy-0006781,2705,z11,z01,2.3,7.666666666666667,9.516666666666666
toy-0006782,2705,z21,z12,3.2526911934581184,10.842303978193728,12.215958381464668
toy-0006783,2705,z02,z21,5.142956348249516,17.143187827498387,17.57170965337363
toy-0006784,2705,z02,z31,7.273238618387272,24.244128727957573,23.607509418763936
toy-0006785,2705,z12,z11,2.3,7.666666666666667,9.516666666666666
toy-0006786,2705,z22,z11,3.2526911934581184,10.842303978193728,12.215958381464668
toy-0006787,2705,z32,z22,2.3,7.666666666666667,9.516666666666666
toy-0006788,2710,z20,z11,3.2526911934581184,10.842303978193728,12.215958381464668
toy-0006789,2710,z20,z32,5.142956348249516,17.143187827498387,17.57170965337363
toy-0006790,2710,z30,z22,5.142956348249516,17.143187827498387,17.57170965337363
toy-0006791,2710,z21,z11,2.3,7.666666666666667,9.516666666666666
toy-0006792,2710,z21,z32,3.2526911934581184,10.842303978193728,12.215958381464668
toy-0006793,2710,z31,z10,5.142956348249516,17.143187827498387,17.57170965337363
toy-0006794,2710,z31,z12,5.142956348249516,17.143187827498387,17.57170965337363
toy-0006795,2710,z31,z32,2.3,7.666666666666667,9.516666666666666
toy-0006796,2715,z00,z11,3.2526911934581184,10.842303978193728,12.215958381464668
toy-0006797,2715,z00,z31,7.273238618387272,24.244128727957573,23.607509418763936
toy-0006798,2715,z10,z21,3.2526911934581184,10.842303978193728,12.215958381464668
toy-0006799,2715,z30,z01,7.273238618387272,24.244128727957573,23.607509418763936
toy-0006800,2715,z21,z10,3.2526911934581184,10.842303978193728,12.215958381464668
toy-0006801,2715,z21,z20,2.3,7.666666666666667,9.516666666666666
toy-0006802,2715,z21,z31,2.3,7.666666666666667,9.516666666666666
toy-0006803,2715,z21,z02,5.142956348249516,17.143187827498387,17.57170965337363
toy-0006804,2715,z31,z20,3.2526911934581184,10.842303978193728,12.215958381464668
toy-0006805,2715,z31,z30,2.3,7.666666666666667,9.516666666666666
toy-0006806,2715,z31,z01,6.8999999999999995,22.999999999999996,22.549999999999997
toy-0006807,2715,z31,z11,4.6,15.333333333333334,16.03333333333333
toy-0006808,2715,z31,z21,2.3,7.666666666666667,9.516666666666666
toy-0006809,2715,z31,z22,3.2526911934581184,10.842303978193728,12.215958381464668
toy-0006810,2715,z02,z10,5.142956348249516,17.143187827498387,17.57170965337363
toy-0006811,2715,z12,z01,3.2526911934581184,10.842303978193728,12.215958381464668
toy-0006812,2715,z22,z01,5.142956348249516,17.143187827498387,17.57170965337363
toy-0006813,2715,z22,z31,3.2526911934581184,10.842303978193728,12.215958381464668
toy-0006814,2715,z32,z11,5.142956348249516,17.143187827498387,17.57170965337363
toy-0006815,2715,z32,z21,3.2526911934581184,10.842303978193728,12.215958381464668
toy-0006816,2715,z32,z31,2.3,7.666666666666667,9.516666666666666
toy-0006817,2720,z20,z21,2.3,7.666666666666667,9.516666666666666
toy-0006818,2720,z30,z31,2.3,7.666666666666667,9.516666666666666
toy-0006819,2720,z11,z31,4.6,15.333333333333334,16.03333333333333
toy-0006820,2720,z31,z32,2.3,7.666666666666667,9.516666666666666
toy-0006821,2720,z22,z02,4.6,15.333333333333334,16.03333333333333
toy-0006822,2720,z22,z32,2.3,7.666666666666667,9.516666666666666
toy-0006823,2720,z32,z20,5.142956348249516,17.143187827498387,17.57170965337363
toy-0006824,2725,z10,z00,2.3,7.666666666666667,9.516666666666666
toy-0006825,2725,z10,z31,5.142956348249516,17.143187827498387,17.57170965337363
toy-0006826,2725,z20,z10,2.3,7.666666666666667,9.516666666666666
toy-0006827,2725,z20,z31,3.2526911934581184,10.842303978193728,12.215958381464668
toy-0006828,2725,z01,z31,6.8999999999999995,22.999999999999996,22.549999999999997
toy-0006829,2725,z01,z22,5.142956348249516,17.143187827498387,17.57170965337363
toy-0006830,2725,z11,z00,3.2526911934581184,10.842303978193728,12.215958381464668
toy-0006831,2725,z11,z32,5.142956348249516,17.143187827498387,17.57170965337363
toy-0006832,2725,z21,z22,2.3,7.666666666666667,9.516666666666666
toy-0006833,2725,z31,z00,7.273238618387272,24.244128727957573,23.607509418763936
toy-0006834,2725,z22,z21,2.3,7.666666666666667,9.516666666666666
toy-0006835,2725,z32,z10,6.505382386916237,21.684607956387456,21.431916762929337
toy-0006836,2725,z32,z31,2.3,7.666666666666667,9.516666666666666
toy-0006837,2725,z32,z12,4.6,15.333333333333334,16.03333333333333
toy-0006838,2725,z32,z22,2.3,7.666666666666667,9.516666666666666
toy-0006839,2730,z01,z21,4.6,15.333333333333334,16.03333333333333
toy-0006840,2730,z11,z21,2.3,7.666666666666667,9.516666666666666
toy-0006841,2730,z11,z22,3.2526911934581184,10.842303978193728,12.215958381464668
toy-0006842,2730,z21,z01,4.6,15.333333333333334,16.03333333333333
toy-0006843,2730,z21,z31,2.3,7.666666666666667,9.516666666666666
toy-0006844,2730,z21,z32,3.2526911934581184,10.842303978193728,12.215958381464668
toy-0006845,2730,z31,z21,2.3,7.666666666666667,9.516666666666666
toy-0006846,2730,z31,z22,3.2526911934581184,10.842303978193728,12.215958381464668
toy-0006847,2730,z12,z31,5.142956348249516,17.143187827498387,17.57170965337363
toy-0006848,2730,z22,z10,5.142956348249516,17.143187827498387,17.57170965337363
toy-0006849,2730,z22,z20,4.6,15.333333333333334,16.03333333333333
toy-0006850,2730,z22,z31,3.2526911934581184,10.842303978193728,12.215958381464668
toy-0006851,2730,z32,z01,7.273238618387272,24.244128727957573,23.607509418763936
toy-0006852,2735,z10,z20,2.3,7.666666666666667,9.516666666666666
toy-0006853,2735,z10,z22,5.142956348249516,17.143187827498387,17.57170965337363
toy-0006854,2735,z20,z00,4.6,15.333333333333334,16.03333333333333
toy-0006855,2735,z20,z22,4.6,15.333333333333334,16.03333333333333
toy-0006856,2735,z30,z10,4.6,15.333333333333334,16.03333333333333
toy-0006857,2735,z11,z10,2.3,7.666666666666667,9.516666666666666
toy-0006858,2735,z31,z11,4.6,15.333333333333334,16.03333333333333
toy-0006859,2735,z31,z32,2.3,7.666666666666667,9.516666666666666
toy-0006860,2735,z02,z20,6.505382386916237,21.684607956387456,21.431916762929337
toy-0006861,2735,z12,z32,4.6,15.333333333333334,16.03333333333333
toy-0006862,2735,z32,z30,4.6,15.333333333333334,16.03333333333333
toy-0006863,2735,z32,z21,3.2526911934581184,10.842303978193728,12.215958381464668
toy-0006864,2740,z20,z32,5.142956348249516,17.143187827498387,17.57170965337363
toy-0006865,2740,z30,z11,5.142956348249516,17.143187827498387,17.57170965337363
toy-0006866,2740,z11,z20,3.2526911934581184,10.842303978193728,12.215958381464668
toy-0006867,2740,z11,z31,4.6,15.333333333333334,16.03333333333333
toy-0006868,2740,z21,z11,2.3,7.666666666666667,9.516666666666666
toy-0006869,2740,z21,z31,2.3,7.666666666666667,9.516666666666666
toy-0006870,2740,z31,z20,3.2526911934581184,10.842303978193728,12.215958381464668
toy-0006871,2740,z31,z12,5.142956348249516,17.143187827498387,17.57170965337363
toy-0006872,2740,z02,z00,4.6,15.333333333333334,16.03333333333333
toy-0006873,2740,z02,z22,4.6,15.333333333333334,16.03333333333333
toy-0006874,2740,z12,z00,5.142956348249516,17.143187827498387,17.57170965337363
toy-0006875,2740,z12,z21,3.2526911934581184,10.842303978193728,12.215958381464668
toy-0006876,2740,z12,z22,2.3,7.666666666666667,9.516666666666666
toy-0006877,2740,z22,z00,6.505382386916237,21.684607956387456,21.431916762929337
toy-0006878,2740,z22,z11,3.2526911934581184,10.842303978193728,12.215958381464668
toy-0006879,2740,z22,z32,2.3,7.666666666666667,9.516666666666666
toy-0006880,2740,z32,z31,2.3,7.666666666666667,9.516666666666666
toy-0006881,2745,z10,z32,6.505382386916237,21.684607956387456,21.431916762929337
toy-0006882,2745,z20,z31,3.2526911934581184,10.842303978193728,12.215958381464668
toy-0006883,2745,z30,z20,2.3,7.666666666666667,9.516666666666666
toy-0006884,2745,z30,z12,6.505382386916237,21.684607956387456,21.431916762929337
toy-0006885,2745,z21,z30,3.2526911934581184,10.842303978193728,12.215958381464668
toy-0006886,2745,z21,z22,2.3,7.666666666666667,9.516666666666666
toy-0006887,2745,z31,z10,5.142956348249516,17.143187827498387,17.57170965337363
toy-0006888,2745,z31,z21,2.3,7.666666666666667,9.516666666666666
toy-0006889,2745,z31,z02,7.273238618387272,24.244128727957573,23.607509418763936
toy-0006890,2745,z22,z31,3.2526911934581184,10.842303978193728,12.215958381464668
toy-0006891,2745,z22,z12,2.3,7.666666666666667,9.516666666666666
toy-0006892,2745,z32,z00,8.292767933567175,27.64255977855725,26.49617581177366
toy-0006893,2745,z32,z20,5.142956348249516,17.143187827498387,17.57170965337363
toy-0006894,2745,z32,z11,5.142956348249516,17.143187827498387,17.57170965337363
toy-0006895,2745,z32,z22,2.3,7.666666666666667,9.516666666666666
toy-0006896,2750,z30,z21,3.2526911934581184,10.842303978193728,12.215958381464668
toy-0006897,2750,z01,z32,7.273238618387272,24.244128727957573,23.607509418763936
toy-0006898,2750,z21,z20,2.3,7.666666666666667,9.516666666666666
toy-0006899,2750,z21,z12,3.2526911934581184,10.842303978193728,12.215958381464668
toy-0006900,2750,z21,z32,3.2526911934581184,10.842303978193728,12.215958381464668
toy-0006901,2750,z31,z01,6.8999999999999995,22.999999999999996,22.549999999999997
toy-0006902,2750,z31,z22,3.2526911934581184,10.842303978193728,12.215958381464668
toy-0006903,2750,z31,z32,2.3,7.666666666666667,9.516666666666666
toy-0006904,2750,z22,z21,2.3,7.666666666666667,9.516666666666666
toy-0006905,2750,z32,z31,2.3,7.666666666666667,9.516666666666666
toy-0006906,2755,z20,z01,5.142956348249516,17.143187827498387,17.57170965337363
toy-0006907,2755,z20,z11,3.2526911934581184,10.842303978193728,12.215958381464668
toy-0006908,2755,z20,z21,2.3,7.666666666666667,9.516666666666666
toy-0006909,2755,z11,z12,2.3,7.666666666666667,9.516666666666666
toy-0006910,2755,z11,z32,5.142956348249516,17.143187827498387,17.57170965337363
toy-0006911,2755,z21,z31,2.3,7.666666666666667,9.516666666666666
toy-0006912,2755,z12,z10,4.6,15.333333333333334,16.03333333333333
toy-0006913,2755,z12,z31,5.142956348249516,17.143187827498387,17.57170965337363
toy-0006914,2755,z32,z21,3.2526911934581184,10.842303978193728,12.215958381464668
toy-0006915,2760,z00,z01,2.3,7.666666666666667,9.516666666666666
toy-0006916,2760,z10,z31,5.142956348249516,17.143187827498387,17.57170965337363
toy-0006917,2760,z30,z32,4.6,15.333333333333334,16.03333333333333
toy-0006918,2760,z01,z11,2.3,7.666666666666667,9.516666666666666
toy-0006919,2760,z01,z31,6.8999999999999995,22.999999999999996,22.549999999999997
toy-0006920,2760,z11,z30,5.142956348249516,17.143187827498387,17.57170965337363
toy-0006921,2760,z11,z31,4.6,15.333333333333334,16.03333333333333
toy-0006922,2760,z31,z20,3.2526911934581184,10.842303978193728,12.215958381464668
toy-0006923,2760,z31,z30,2.3,7.666666666666667,9.516666666666666
toy-0006924,2760,z31,z11,4.6,15.333333333333334,16.03333333333333
toy-0006925,2760,z31,z21,2.3,7.666666666666667,9.516666666666666
toy-0006926,2760,z31,z32,2.3,7.666666666666667,9.516666666666666
toy-0006927,2760,z12,z20,5.142956348249516,17.143187827498387,17.57170965337363
toy-0006928,2760,z22,z30,5.142956348249516,17.143187827498387,17.57170965337363
toy-0006929,2760,z32,z02,6.8999999999999995,22.999999999999996,22.549999999999997
toy-0006930,2765,z00,z31,7.273238618387272,24.244128727957573,23.607509418763936
toy-0006931,2765,z00,z22,6.505382386916237,21.684607956387456,21.431916762929337
toy-0006932,2765,z00,z32,8.292767933567175,27.64255977855725,26.49617581177366
toy-0006933,2765,z10,z01,3.2526911934581184,10.842303978193728,12.215958381464668
toy-0006934,2765,z10,z21,3.2526911934581184,10.842303978193728,12.215958381464668
toy-0006935,2765,z20,z12,5.142956348249516,17.143187827498387,17.57170965337363
toy-0006936,2765,z30,z31,2.3,7.666666666666667,9.516666666666666
toy-0006937,2765,z11,z21,2.3,7.666666666666667,9.516666666666666
toy-0006938,2765,z11,z22,3.2526911934581184,10.842303978193728,12.215958381464668
toy-0006939,2765,z21,z10,3.2526911934581184,10.842303978193728,12.215958381464668
toy-0006940,2765,z31,z22,3.2526911934581184,10.842303978193728,12.215958381464668
toy-0006941,2765,z02,z31,7.273238618387272,24.244128727957573,23.607509418763936
toy-0006942,2765,z22,z31,3.2526911934581184,10.842303978193728,12.215958381464668
toy-0006943,2765,z22,z32,2.3,7.666666666666667,9.516666666666666
toy-0006944,2765,z32,z31,2.3,7.666666666666667,9.516666666666666
toy-0006945,2765,z32,z12,4.6,15.333333333333334,16.03333333333333
toy-0006946,2770,z00,z21,5.142956348249516,17.143187827498387,17.57170965337363
toy-0006947,2770,z10,z11,2.3,7.666666666666667,9.516666666666666
toy-0006948,2770,z20,z31,3.2526911934581184,10.842303978193728,12.215958381464668
toy-0006949,2770,z20,z32,5.142956348249516,17.143187827498387,17.57170965337363
toy-0006950,2770,z01,z12,3.2526911934581184,10.842303978193728,12.215958381464668
toy-0006951,2770,z21,z00,5.142956348249516,17.143187827498387,17.57170965337363
toy-0006952,2770,z21,z32,3.2526911934581184,10.842303978193728,12.215958381464668
toy-0006953,2770,z12,z11,2.3,7.666666666666667,9.516666666666666
toy-0006954,2770,z22,z20,4.6,15.333333333333334,16.03333333333333
toy-0006955,2770,z32,z10,6.505382386916237,21.684607956387456,21.431916762929337
toy-0006956,2770,z32,z22,2.3,7.666666666666667,9.516666666666666
toy-0006957,2775,z20,z22,4.6,15.333333333333334,16.03333333333333
toy-0006958,2775,z21,z11,2.3,7.666666666666667,9.516666666666666
toy-0006959,2775,z21,z31,2.3,7.666666666666667,9.516666666666666
toy-0006960,2775,z21,z22,2.3,7.666666666666667,9.516666666666666
toy-0006961,2775,z31,z21,2.3,7.666666666666667,9.516666666666666
toy-0006962,2775,z31,z12,5.142956348249516,17.143187827498387,17.57170965337363
toy-0006963,2775,z31,z32,2.3,7.666666666666667,9.516666666666666
toy-0006964,2775,z02,z32,6.8999999999999995,22.999999999999996,22.549999999999997
toy-0006965,2775,z22,z11,3.2526911934581184,10.842303978193728,12.215958381464668
toy-0006966,2775,z22,z21,2.3,7.666666666666667,9.516666666666666
toy-0006967,2775,z32,z11,5.142956348249516,17.143187827498387,17.57170965337363
toy-0006968,2775,z32,z21,3.2526911934581184,10.842303978193728,12.215958381464668
toy-0006969,2780,z10,z12,4.6,15.333333333333334,16.03333333333333
toy-0006970,2780,z31,z00,7.273238618387272,24.244128727957573,23.607509418763936
toy-0006971,2780,z31,z10,5.142956348249516,17.143187827498387,17.57170965337363
toy-0006972,2780,z12,z32,4.6,15.333333333333334,16.03333333333333
toy-0006973,2780,z22,z01,5.142956348249516,17.143187827498387,17.57170965337363
toy-0006974,2780,z32,z20,5.142956348249516,17.143187827498387,17.57170965337363
toy-0006975,2780,z32,z01,7.273238618387272,24.244128727957573,23.607509418763936
toy-0006976,2780,z32,z31,2.3,7.666666666666667,9.516666666666666
toy-0006977,2785,z10,z02,5.142956348249516,17.143187827498387,17.57170965337363
toy-0006978,2785,z30,z22,5.142956348249516,17.143187827498387,17.57170965337363
toy-0006979,2785,z31,z11,4.6,15.333333333333334,16.03333333333333
toy-0006980,2785,z31,z22,3.2526911934581184,10.842303978193728,12.215958381464668
toy-0006981,2785,z22,z31,3.2526911934581184,10.842303978193728,12.215958381464668
toy-0006982,2790,z20,z02,6.505382386916237,21.684607956387456,21.431916762929337
toy-0006983,2790,z01,z20,5.142956348249516,17.143187827498387,17.57170965337363
toy-0006984,2790,z11,z31,4.6,15.333333333333334,16.03333333333333
toy-0006985,2790,z11,z32,5.142956348249516,17.143187827498387,17.57170965337363
toy-0006986,2790,z21,z20,2.3,7.666666666666667,9.516666666666666
toy-0006987,2790,z21,z01,4.6,15.333333333333334,16.03333333333333
toy-0006988,2790,z31,z20,3.2526911934581184,10.842303978193728,12.215958381464668
toy-0006989,2790,z22,z32,2.3,7.666666666666667,9.516666666666666
toy-0006990,2795,z10,z22,5.142956348249516,17.143187827498387,17.57170965337363
toy-0006991,2795,z10,z32,6.505382386916237,21.684607956387456,21.431916762929337
toy-0006992,2795,z20,z21,2.3,7.666666666666667,9.516666666666666
toy-0006993,2795,z01,z21,4.6,15.333333333333334,16.03333333333333
toy-0006994,2795,z01,z22,5.142956348249516,17.143187827498387,17.57170965337363
toy-0006995,2795,z11,z20,3.2526911934581184,10.842303978193728,12.215958381464668
toy-0006996,2795,z11,z01,2.3,7.666666666666667,9.516666666666666
toy-0006997,2795,z21,z31,2.3,7.666666666666667,9.516666666666666
toy-0006998,2795,z21,z32,3.2526911934581184,10.842303978193728,12.215958381464668
toy-0006999,2795,z31,z01,6.8999999999999995,22.999999999999996,22.549999999999997
toy-0007000,2795,z31,z21,2.3,7.666666666666667,9.516666666666666
toy-0007001,2795,z31,z32,2.3,7.666666666666667,9.516666666666666
toy-0007002,2795,z12,z21,3.2526911934581184,10.842303978193728,12.215958381464668
toy-0007003,2795,z12,z31,5.142956348249516,17.143187827498387,17.57170965337363
toy-0007004,2795,z12,z22,2.3,7.666666666666667,9.516666666666666
toy-0007005,2795,z22,z10,5.142956348249516,17.143187827498387,17.57170965337363
toy-0007006,2795,z32,z30,4.6,15.333333333333334,16.03333333333333
toy-0007007,2795,z32,z31,2.3,7.666666666666667,9.516666666666666
toy-0007008,2795,z32,z22,2.3,7.666666666666667,9.516666666666666
toy-0007009,2800,z10,z31,5.142956348249516,17.143187827498387,17.57170965337363
toy-0007010,2800,z20,z31,3.2526911934581184,10.842303978193728,12.215958381464668
toy-0007011,2800,z01,z10,3.2526911934581184,10.842303978193728,12.215958381464668
toy-0007012,2800,z12,z30,6.505382386916237,21.684607956387456,21.431916762929337
toy-0007013,2800,z32,z21,3.2526911934581184,10.842303978193728,12.215958381464668
toy-0007014,2805,z11,z21,2.3,7.666666666666667,9.516666666666666
toy-0007015,2805,z21,z12,3.2526911934581184,10.842303978193728,12.215958381464668
toy-0007016,2805,z21,z22,2.3,7.666666666666667,9.516666666666666
toy-0007017,2805,z02,z11,3.2526911934581184,10.842303978193728,12.215958381464668
toy-0007018,2805,z02,z21,5.142956348249516,17.143187827498387,17.57170965337363
toy-0007019,2805,z22,z21,2.3,7.666666666666667,9.516666666666666
toy-0007020,2805,z22,z31,3.2526911934581184,10.842303978193728,12.215958381464668
toy-0007021,2805,z22,z12,2.3,7.666666666666667,9.516666666666666
toy-0007022,2805,z32,z11,5.142956348249516,17.143187827498387,17.57170965337363
toy-0007023,2810,z20,z10,2.3,7.666666666666667,9.516666666666666
toy-0007024,2810,z20,z30,2.3,7.666666666666667,9.516666666666666
toy-0007025,2810,z20,z32,5.142956348249516,17.143187827498387,17.57170965337363
toy-0007026,2810,z01,z31,6.8999999999999995,22.999999999999996,22.549999999999997
toy-0007027,2810,z01,z32,7.273238618387272,24.244128727957573,23.607509418763936
toy-0007028,2810,z11,z22,3.2526911934581184,10.842303978193728,12.215958381464668
toy-0007029,2810,z21,z31,2.3,7.666666666666667,9.516666666666666
toy-0007030,2810,z21,z02,5.142956348249516,17.143187827498387,17.57170965337363
toy-0007031,2810,z31,z30,2.3,7.666666666666667,9.516666666666666
toy-0007032,2810,z31,z11,4.6,15.333333333333334,16.03333333333333
toy-0007033,2810,z31,z12,5.142956348249516,17.143187827498387,17.57170965337363
toy-0007034,2810,z31,z22,3.2526911934581184,10.842303978193728,12.215958381464668
toy-0007035,2810,z31,z32,2.3,7.666666666666667,9.516666666666666
toy-0007036,2810,z32,z12,4.6,15.333333333333334,16.03333333333333
toy-0007037,2815,z00,z20,4.6,15.333333333333334,16.03333333333333
toy-0007038,2815,z20,z11,3.2526911934581184,10.842303978193728,12.215958381464668
toy-0007039,2815,z30,z31,2.3,7.666666666666667,9.516666666666666
toy-0007040,2815,z11,z10,2.3,7.666666666666667,9.516666666666666
toy-0007041,2815,z11,z31,4.6,15.333333333333334,16.03333333333333
toy-0007042,2815,z11,z02,3.2526911934581184,10.842303978193728,12.215958381464668
toy-0007043,2815,z21,z11,2.3,7.666666666666667,9.516666666666666
toy-0007044,2815,z31,z21,2.3,7.666666666666667,9.516666666666666
toy-0007045,2815,z02,z01,2.3,7.666666666666667,9.516666666666666
toy-0007046,2815,z32,z31,2.3,7.666666666666667,9.516666666666666
toy-0007047,2820,z21,z30,3.2526911934581184,10.842303978193728,12.215958381464668
toy-0007048,2820,z21,z32,3.2526911934581184,10.842303978193728,12.215958381464668
toy-0007049,2820,z31,z20,3.2526911934581184,10.842303978193728,12.215958381464668
toy-0007050,2820,z31,z02,7.273238618387272,24.244128727957573,23.607509418763936
toy-0007051,2820,z22,z20,4.6,15.333333333333334,16.03333333333333
toy-0007052,2820,z22,z11,3.2526911934581184,10.842303978193728,12.215958381464668
toy-0007053,2820,z22,z32,2.3,7.666666666666667,9.516666666666666
toy-0007054,2820,z32,z00,8.292767933567175,27.64255977855725,26.49617581177366
toy-0007055,2820,z32,z20,5.142956348249516,17.143187827498387,17.57170965337363
toy-0007056,2825,z10,z20,2.3,7.666666666666667,9.516666666666666
toy-0007057,2825,z20,z22,4.6,15.333333333333334,16.03333333333333
toy-0007058,2825,z11,z32,5.142956348249516,17.143187827498387,17.57170965337363
toy-0007059,2825,z31,z10,5.142956348249516,17.143187827498387,17.57170965337363
toy-0007060,2825,z32,z21,3.2526911934581184,10.842303978193728,12.215958381464668
toy-0007061,2825,z32,z22,2.3,7.666666666666667,9.516666666666666
toy-0007062,2830,z00,z10,2.3,7.666666666666667,9.516666666666666
toy-0007063,2830,z00,z31,7.273238618387272,24.244128727957573,23.607509418763936
toy-0007064,2830,z10,z21,3.2526911934581184,10.842303978193728,12.215958381464668
toy-0007065,2830,z20,z31,3.2526911934581184,10.842303978193728,12.215958381464668
toy-0007066,2830,z30,z21,3.2526911934581184,10.842303978193728,12.215958381464668
toy-0007067,2830,z30,z32,4.6,15.333333333333334,16.03333333333333
toy-0007068,2830,z31,z32,2.3,7.666666666666667,9.516666666666666
toy-0007069,2830,z12,z32,4.6,15.333333333333334,16.03333333333333
toy-0007070,2830,z22,z31,3.2526911934581184,10.842303978193728,12.215958381464668
toy-0007071,2830,z32,z10,6.505382386916237,21.684607956387456,21.431916762929337
toy-0007072,2835,z21,z10,3.2526911934581184,10.842303978193728,12.215958381464668
toy-0007073,2835,z21,z31,2.3,7.666666666666667,9.516666666666666
toy-0007074,2835,z31,z22,3.2526911934581184,10.842303978193728,12.215958381464668
toy-0007075,2835,z32,z31,2.3,7.666666666666667,9.516666666666666
toy-0007076,2840,z10,z30,4.6,15.333333333333334,16.03333333333333
toy-0007077,2840,z11,z12,2.3,7.666666666666667,9.516666666666666
toy-0007078,2840,z31,z21,2.3,7.666666666666667,9.516666666666666
toy-0007079,2840,z02,z12,2.3,7.666666666666667,9.516666666666666
toy-0007080,2840,z12,z31,5.142956348249516,17.143187827498387,17.57170965337363
toy-0007081,2840,z22,z02,4.6,15.333333333333334,16.03333333333333
toy-0007082,2845,z00,z11,3.2526911934581184,10.842303978193728,12.215958381464668
toy-0007083,2845,z20,z21,2.3,7.666666666666667,9.516666666666666
toy-0007084,2845,z21,z20,2.3,7.666666666666667,9.516666666666666
toy-0007085,2845,z21,z22,2.3,7.666666666666667,9.516666666666666
toy-0007086,2845,z31,z11,4.6,15.333333333333334,16.03333333333333
toy-0007087,2850,z11,z31,4.6,15.333333333333334,16.03333333333333
toy-0007088,2850,z31,z01,6.8999999999999995,22.999999999999996,22.549999999999997
toy-0007089,2850,z02,z31,7.273238618387272,24.244128727957573,23.607509418763936
toy-0007090,2850,z22,z00,6.505382386916237,21.684607956387456,21.431916762929337
toy-0007091,2850,z22,z21,2.3,7.666666666666667,9.516666666666666
toy-0007092,2855,z10,z31,5.142956348249516,17.143187827498387,17.57170965337363
toy-0007093,2855,z11,z21,2.3,7.666666666666667,9.516666666666666
toy-0007094,2855,z21,z32,3.2526911934581184,10.842303978193728,12.215958381464668
toy-0007095,2855,z31,z00,7.273238618387272,24.244128727957573,23.607509418763936
toy-0007096,2855,z31,z32,2.3,7.666666666666667,9.516666666666666
toy-0007097,2855,z12,z20,5.142956348249516,17.143187827498387,17.57170965337363
toy-0007098,2855,z12,z01,3.2526911934581184,10.842303978193728,12.215958381464668
toy-0007099,2855,z32,z01,7.273238618387272,24.244128727957573,23.607509418763936
toy-0007100,2855,z32,z11,5.142956348249516,17.143187827498387,17.57170965337363
toy-0007101,2860,z00,z32,8.292767933567175,27.64255977855725,26.49617581177366
toy-0007102,2860,z20,z32,5.142956348249516,17.143187827498387,17.57170965337363
toy-0007103,2860,z31,z20,3.2526911934581184,10.842303978193728,12.215958381464668
toy-0007104,2860,z22,z31,3.2526911934581184,10.842303978193728,12.215958381464668
toy-0007105,2860,z22,z32,2.3,7.666666666666667,9.516666666666666
toy-0007106,2860,z32,z31,2.3,7.666666666666667,9.516666666666666
toy-0007107,2865,z10,z32,6.505382386916237,21.684607956387456,21.431916762929337
toy-0007108,2865,z30,z11,5.142956348249516,17.143187827498387,17.57170965337363
toy-0007109,2865,z11,z00,3.2526911934581184,10.842303978193728,12.215958381464668
toy-0007110,2865,z21,z31,2.3,7.666666666666667,9.516666666666666
toy-0007111,2865,z31,z21,2.3,7.666666666666667,9.516666666666666
toy-0007112,2865,z31,z12,5.142956348249516,17.143187827498387,17.57170965337363
toy-0007113,2865,z31,z22,3.2526911934581184,10.842303978193728,12.215958381464668
toy-0007114,2865,z12,z21,3.2526911934581184,10.842303978193728,12.215958381464668
toy-0007115,2865,z22,z30,5.142956348249516,17.143187827498387,17.57170965337363
toy-0007116,2865,z32,z21,3.2526911934581184,10.842303978193728,12.215958381464668
toy-0007117,2865,z32,z22,2.3,7.666666666666667,9.516666666666666
toy-0007118,2870,z20,z12,5.142956348249516,17.143187827498387,17.57170965337363
toy-0007119,2870,z30,z02,8.292767933567175,27.64255977855725,26.49617581177366
toy-0007120,2870,z11,z22,3.2526911934581184,10.842303978193728,12.215958381464668
toy-0007121,2870,z21,z11,2.3,7.666666666666667,9.516666666666666
toy-0007122,2870,z12,z11,2.3,7.666666666666667,9.516666666666666
toy-0007123,2875,z10,z11,2.3,7.666666666666667,9.516666666666666
toy-0007124,2875,z20,z31,3.2526911934581184,10.842303978193728,12.215958381464668
toy-0007125,2875,z01,z11,2.3,7.666666666666667,9.516666666666666
toy-0007126,2875,z01,z31,6.8999999999999995,22.999999999999996,22.549999999999997
toy-0007127,2875,z11,z20,3.2526911934581184,10.842303978193728,12.215958381464668
toy-0007128,2875,z11,z32,5.142956348249516,17.143187827498387,17.57170965337363
toy-0007129,2875,z02,z22,4.6,15.333333333333334,16.03333333333333
toy-0007130,2875,z12,z22,2.3,7.666666666666667,9.516666666666666
toy-0007131,2875,z22,z01,5.142956348249516,17.143187827498387,17.57170965337363
toy-0007132,2875,z32,z20,5.142956348249516,17.143187827498387,17.57170965337363
toy-0007133,2880,z21,z01,4.6,15.333333333333334,16.03333333333333
toy-0007134,2880,z31,z32,2.3,7.666666666666667,9.516666666666666
toy-0007135,2880,z12,z02,2.3,7.666666666666667,9.516666666666666
toy-0007136,2880,z32,z02,6.8999999999999995,22.999999999999996,22.549999999999997
toy-0007137,2880,z32,z12,4.6,15.333333333333334,16.03333333333333
toy-0007138,2885,z21,z00,5.142956348249516,17.143187827498387,17.57170965337363
toy-0007139,2885,z21,z12,3.2526911934581184,10.842303978193728,12.215958381464668
toy-0007140,2885,z32,z31,2.3,7.666666666666667,9.516666666666666
toy-0007141,2890,z01,z21,4.6,15.333333333333334,16.03333333333333
toy-0007142,2890,z31,z11,4.6,15.333333333333334,16.03333333333333
toy-0007143,2890,z22,z10,5.142956348249516,17.143187827498387,17.57170965337363
toy-0007144,2895,z00,z21,5.142956348249516,17.143187827498387,17.57170965337363
toy-0007145,2895,z10,z22,5.142956348249516,17.143187827498387,17.57170965337363
toy-0007146,2895,z20,z01,5.142956348249516,17.143187827498387,17.57170965337363
toy-0007147,2895,z30,z20,2.3,7.666666666666667,9.516666666666666
toy-0007148,2895,z31,z10,5.142956348249516,17.143187827498387,17.57170965337363
toy-0007149,2895,z31,z30,2.3,7.666666666666667,9.516666666666666
toy-0007150,2895,z22,z11,3.2526911934581184,10.842303978193728,12.215958381464668
toy-0007151,2895,z22,z12,2.3,7.666666666666667,9.516666666666666
toy-0007152,2900,z01,z30,7.273238618387272,24.244128727957573,23.607509418763936
toy-0007153,2900,z11,z31,4.6,15.333333333333334,16.03333333333333
toy-0007154,2900,z21,z22,2.3,7.666666666666667,9.516666666666666
toy-0007155,2900,z21,z32,3.2526911934581184,10.842303978193728,12.215958381464668
toy-0007156,2900,z22,z20,4.6,15.333333333333334,16.03333333333333
toy-0007157,2900,z22,z31,3.2526911934581184,10.842303978193728,12.215958381464668
toy-0007158,2900,z32,z30,4.6,15.333333333333334,16.03333333333333
toy-0007159,2905,z00,z22,6.505382386916237,21.684607956387456,21.431916762929337
toy-0007160,2905,z20,z22,4.6,15.333333333333334,16.03333333333333
toy-0007161,2905,z30,z31,2.3,7.666666666666667,9.516666666666666
toy-0007162,2905,z21,z31,2.3,7.666666666666667,9.516666666666666
toy-0007163,2905,z31,z21,2.3,7.666666666666667,9.516666666666666
toy-0007164,2905,z31,z22,3.2526911934581184,10.842303978193728,12.215958381464668
toy-0007165,2905,z02,z32,6.8999999999999995,22.999999999999996,22.549999999999997
toy-0007166,2905,z12,z31,5.142956348249516,17.143187827498387,17.57170965337363
toy-0007167,2905,z22,z21,2.3,7.666666666666667,9.516666666666666
toy-0007168,2910,z30,z22,5.142956348249516,17.143187827498387,17.57170965337363
toy-0007169,2910,z01,z22,5.142956348249516,17.143187827498387,17.57170965337363
toy-0007170,2910,z01,z32,7.273238618387272,24.244128727957573,23.607509418763936
toy-0007171,2910,z22,z32,2.3,7.666666666666667,9.516666666666666
toy-0007172,2915,z20,z00,4.6,15.333333333333334,16.03333333333333
toy-0007173,2915,z32,z21,3.2526911934581184,10.842303978193728,12.215958381464668
toy-0007174,2920,z11,z30,5.142956348249516,17.143187827498387,17.57170965337363
toy-0007175,2920,z31,z20,3.2526911934581184,10.842303978193728,12.215958381464668
toy-0007176,2920,z31,z32,2.3,7.666666666666667,9.516666666666666
toy-0007177,2920,z12,z10,4.6,15.333333333333334,16.03333333333333
toy-0007178,2920,z12,z32,4.6,15.333333333333334,16.03333333333333
toy-0007179,2925,z00,z12,5.142956348249516,17.143187827498387,17.57170965337363
toy-0007180,2925,z21,z20,2.3,7.666666666666667,9.516666666666666
toy-0007181,2925,z32,z11,5.142956348249516,17.143187827498387,17.57170965337363
toy-0007182,2925,z32,z31,2.3,7.666666666666667,9.516666666666666
toy-0007183,2925,z32,z22,2.3,7.666666666666667,9.516666666666666
toy-0007184,2930,z20,z11,3.2526911934581184,10.842303978193728,12.215958381464668
toy-0007185,2930,z20,z21,2.3,7.666666666666667,9.516666666666666
toy-0007186,2930,z32,z10,6.505382386916237,21.684607956387456,21.431916762929337
toy-0007187,2940,z20,z32,5.142956348249516,17.143187827498387,17.57170965337363
toy-0007188,2940,z30,z00,6.8999999999999995,22.999999999999996,22.549999999999997
toy-0007189,2940,z11,z21,2.3,7.666666666666667,9.516666666666666
toy-0007190,2945,z10,z31,5.142956348249516,17.143187827498387,17.57170965337363
toy-0007191,2945,z20,z31,3.2526911934581184,10.842303978193728,12.215958381464668
toy-0007192,2950,z31,z12,5.142956348249516,17.143187827498387,17.57170965337363
toy-0007193,2955,z00,z31,7.273238618387272,24.244128727957573,23.607509418763936
toy-0007194,2955,z10,z21,3.2526911934581184,10.842303978193728,12.215958381464668
toy-0007195,2955,z21,z31,2.3,7.666666666666667,9.516666666666666
toy-0007196,2955,z31,z01,6.8999999999999995,22.999999999999996,22.549999999999997
toy-0007197,2955,z22,z31,3.2526911934581184,10.842303978193728,12.215958381464668
toy-0007198,2960,z31,z21,2.3,7.666666666666667,9.516666666666666
toy-0007199,2965,z31,z11,4.6,15.333333333333334,16.03333333333333
toy-0007200,2965,z31,z22,3.2526911934581184,10.842303978193728,12.215958381464668
toy-0007201,2965,z31,z32,2.3,7.666666666666667,9.516666666666666
toy-0007202,2970,z11,z01,2.3,7.666666666666667,9.516666666666666
toy-0007203,2970,z11,z32,5.142956348249516,17.143187827498387,17.57170965337363
toy-0007204,2970,z21,z10,3.2526911934581184,10.842303978193728,12.215958381464668
toy-0007205,2970,z21,z32,3.2526911934581184,10.842303978193728,12.215958381464668
toy-0007206,2970,z31,z02,7.273238618387272,24.244128727957573,23.607509418763936
toy-0007207,2975,z11,z31,4.6,15.333333333333334,16.03333333333333
toy-0007208,2975,z21,z11,2.3,7.666666666666667,9.516666666666666
toy-0007209,2975,z32,z20,5.142956348249516,17.143187827498387,17.57170965337363
toy-0007210,2980,z32,z31,2.3,7.666666666666667,9.516666666666666
toy-0007211,2985,z30,z32,4.6,15.333333333333334,16.03333333333333
toy-0007212,2985,z11,z22,3.2526911934581184,10.842303978193728,12.215958381464668
toy-0007213,2990,z32,z21,3.2526911934581184,10.842303978193728,12.215958381464668
toy-0007214,2995,z30,z12,6.505382386916237,21.684607956387456,21.431916762929337
toy-0007215,2995,z01,z20,5.142956348249516,17.143187827498387,17.57170965337363
toy-0007216,2995,z21,z30,3.2526911934581184,10.842303978193728,12.215958381464668
toy-0007217,2995,z21,z22,2.3,7.666666666666667,9.516666666666666
toy-0007218,2995,z22,z32,2.3,7.666666666666667,9.516666666666666
toy-0007219,3000,z22,z21,2.3,7.666666666666667,9.516666666666666
toy-0007220,3005,z01,z31,6.8999999999999995,22.999999999999996,22.549999999999997
toy-0007221,3005,z02,z20,6.505382386916237,21.684607956387456,21.431916762929337
toy-0007222,3005,z32,z00,8.292767933567175,27.64255977855725,26.49617581177366
toy-0007223,3010,z10,z32,6.505382386916237,21.684607956387456,21.431916762929337
toy-0007224,3015,z31,z00,7.273238618387272,24.244128727957573,23.607509418763936
toy-0007225,3015,z31,z20,3.2526911934581184,10.842303978193728,12.215958381464668
toy-0007226,3015,z32,z01,7.273238618387272,24.244128727957573,23.607509418763936
toy-0007227,3015,z32,z22,2.3,7.666666666666667,9.516666666666666
toy-0007228,3020,z30,z10,4.6,15.333333333333334,16.03333333333333
toy-0007229,3020,z30,z01,7.273238618387272,24.244128727957573,23.607509418763936
toy-0007230,3020,z11,z10,2.3,7.666666666666667,9.516666666666666
toy-0007231,3020,z12,z21,3.2526911934581184,10.842303978193728,12.215958381464668
toy-0007232,3025,z10,z12,4.6,15.333333333333334,16.03333333333333
toy-0007233,3025,z30,z21,3.2526911934581184,10.842303978193728,12.215958381464668
toy-0007234,3025,z21,z31,2.3,7.666666666666667,9.516666666666666
toy-0007235,3025,z31,z10,5.142956348249516,17.143187827498387,17.57170965337363
toy-0007236,3025,z12,z31,5.142956348249516,17.143187827498387,17.57170965337363
toy-0007237,3030,z20,z10,2.3,7.666666666666667,9.516666666666666
toy-0007238,3030,z01,z12,3.2526911934581184,10.842303978193728,12.215958381464668
toy-0007239,3030,z31,z21,2.3,7.666666666666667,9.516666666666666
toy-0007240,3030,z31,z32,2.3,7.666666666666667,9.516666666666666
toy-0007241,3035,z22,z31,3.2526911934581184,10.842303978193728,12.215958381464668
toy-0007242,3040,z22,z11,3.2526911934581184,10.842303978193728,12.215958381464668
toy-0007243,3040,z32,z12,4.6,15.333333333333334,16.03333333333333
toy-0007244,3045,z01,z00,2.3,7.666666666666667,9.516666666666666
toy-0007245,3045,z32,z31,2.3,7.666666666666667,9.516666666666666
toy-0007246,3050,z31,z22,3.2526911934581184,10.842303978193728,12.215958381464668
toy-0007247,3050,z32,z11,5.142956348249516,17.143187827498387,17.57170965337363
toy-0007248,3055,z11,z12,2.3,7.666666666666667,9.516666666666666
toy-0007249,3060,z20,z31,3.2526911934581184,10.842303978193728,12.215958381464668
toy-0007250,3060,z02,z31,7.273238618387272,24.244128727957573,23.607509418763936
toy-0007251,3070,z22,z20,4.6,15.333333333333334,16.03333333333333
toy-0007252,3075,z21,z12,3.2526911934581184,10.842303978193728,12.215958381464668
toy-0007253,3075,z02,z21,5.142956348249516,17.143187827498387,17.57170965337363
toy-0007254,3080,z21,z32,3.2526911934581184,10.842303978193728,12.215958381464668
toy-0007255,3085,z20,z22,4.6,15.333333333333334,16.03333333333333
toy-0007256,3085,z31,z11,4.6,15.333333333333334,16.03333333333333
toy-0007257,3090,z11,z20,3.2526911934581184,10.842303978193728,12.215958381464668
toy-0007258,3090,z31,z30,2.3,7.666666666666667,9.516666666666666
toy-0007259,3090,z12,z00,5.142956348249516,17.143187827498387,17.57170965337363
toy-0007260,3095,z10,z20,2.3,7.666666666666667,9.516666666666666
toy-0007261,3095,z12,z22,2.3,7.666666666666667,9.516666666666666
toy-0007262,3100,z10,z00,2.3,7.666666666666667,9.516666666666666
toy-0007263,3100,z10,z01,3.2526911934581184,10.842303978193728,12.215958381464668
toy-0007264,3105,z20,z32,5.142956348249516,17.143187827498387,17.57170965337363
toy-0007265,3105,z11,z31,4.6,15.333333333333334,16.03333333333333
toy-0007266,3105,z21,z20,2.3,7.666666666666667,9.516666666666666
toy-0007267,3110,z32,z21,3.2526911934581184,10.842303978193728,12.215958381464668
toy-0007268,3115,z30,z31,2.3,7.666666666666667,9.516666666666666
toy-0007269,3115,z11,z21,2.3,7.666666666666667,9.516666666666666
toy-0007270,3120,z20,z21,2.3,7.666666666666667,9.516666666666666
toy-0007271,3120,z21,z02,5.142956348249516,17.143187827498387,17.57170965337363
toy-0007272,3120,z31,z12,5.142956348249516,17.143187827498387,17.57170965337363
toy-0007273,3120,z31,z32,2.3,7.666666666666667,9.516666666666666
toy-0007274,3125,z21,z31,2.3,7.666666666666667,9.516666666666666
toy-0007275,3130,z12,z32,4.6,15.333333333333334,16.03333333333333
toy-0007276,3135,z00,z30,6.8999999999999995,22.999999999999996,22.549999999999997
toy-0007277,3135,z10,z31,5.142956348249516,17.143187827498387,17.57170965337363
toy-0007278,3135,z11,z32,5.142956348249516,17.143187827498387,17.57170965337363
toy-0007279,3135,z31,z21,2.3,7.666666666666667,9.516666666666666
toy-0007280,3135,z22,z32,2.3,7.666666666666667,9.516666666666666
toy-0007281,3140,z00,z32,8.292767933567175,27.64255977855725,26.49617581177366
toy-0007282,3140,z32,z31,2.3,7.666666666666667,9.516666666666666
toy-0007283,3145,z22,z12,2.3,7.666666666666667,9.516666666666666
toy-0007284,3150,z12,z20,5.142956348249516,17.143187827498387,17.57170965337363
toy-0007285,3150,z22,z31,3.2526911934581184,10.842303978193728,12.215958381464668
toy-0007286,3155,z21,z01,4.6,15.333333333333334,16.03333333333333
toy-0007287,3155,z21,z22,2.3,7.666666666666667,9.516666666666666
toy-0007288,3160,z20,z30,2.3,7.666666666666667,9.516666666666666
toy-0007289,3160,z32,z20,5.142956348249516,17.143187827498387,17.57170965337363
toy-0007290,3160,z32,z22,2.3,7.666666666666667,9.516666666666666
toy-0007291,3165,z01,z32,7.273238618387272,24.244128727957573,23.607509418763936
toy-0007292,3165,z31,z22,3.2526911934581184,10.842303978193728,12.215958381464668
toy-0007293,3165,z12,z11,2.3,7.666666666666667,9.516666666666666
toy-0007294,3165,z22,z10,5.142956348249516,17.143187827498387,17.57170965337363
toy-0007295,3165,z22,z21,2.3,7.666666666666667,9.516666666666666
toy-0007296,3170,z01,z21,4.6,15.333333333333334,16.03333333333333
toy-0007297,3170,z31,z20,3.2526911934581184,10.842303978193728,12.215958381464668
toy-0007298,3175,z21,z11,2.3,7.666666666666667,9.516666666666666
toy-0007299,3175,z31,z01,6.8999999999999995,22.999999999999996,22.549999999999997
toy-0007300,3175,z32,z10,6.505382386916237,21.684607956387456,21.431916762929337
toy-0007301,3180,z10,z22,5.142956348249516,17.143187827498387,17.57170965337363
toy-0007302,3180,z22,z01,5.142956348249516,17.143187827498387,17.57170965337363
toy-0007303,3185,z32,z30,4.6,15.333333333333334,16.03333333333333
toy-0007304,3190,z20,z12,5.142956348249516,17.143187827498387,17.57170965337363
toy-0007305,3190,z31,z32,2.3,7.666666666666667,9.516666666666666
toy-0007306,3190,z22,z30,5.142956348249516,17.143187827498387,17.57170965337363
toy-0007307,3195,z20,z11,3.2526911934581184,10.842303978193728,12.215958381464668
toy-0007308,3195,z20,z31,3.2526911934581184,10.842303978193728,12.215958381464668
toy-0007309,3195,z11,z22,3.2526911934581184,10.842303978193728,12.215958381464668
toy-0007310,3195,z21,z32,3.2526911934581184,10.842303978193728,12.215958381464668
toy-0007311,3200,z21,z31,2.3,7.666666666666667,9.516666666666666
toy-0007312,3200,z31,z11,4.6,15.333333333333334,16.03333333333333
toy-0007313,3200,z12,z31,5.142956348249516,17.143187827498387,17.57170965337363
toy-0007314,3200,z32,z31,2.3,7.666666666666667,9.516666666666666
toy-0007315,3205,z10,z11,2.3,7.666666666666667,9.516666666666666
toy-0007316,3205,z31,z21,2.3,7.666666666666667,9.516666666666666
toy-0007317,3205,z02,z30,8.292767933567175,27.64255977855725,26.49617581177366
toy-0007318,3205,z22,z00,6.505382386916237,21.684607956387456,21.431916762929337
toy-0007319,3205,z32,z21,3.2526911934581184,10.842303978193728,12.215958381464668
toy-0007320,3210,z01,z22,5.142956348249516,17.143187827498387,17.57170965337363
toy-0007321,3210,z11,z31,4.6,15.333333333333334,16.03333333333333
toy-0007322,3210,z31,z10,5.142956348249516,17.143187827498387,17.57170965337363
toy-0007323,3210,z32,z11,5.142956348249516,17.143187827498387,17.57170965337363
toy-0007324,3215,z00,z31,7.273238618387272,24.244128727957573,23.607509418763936
toy-0007325,3215,z10,z21,3.2526911934581184,10.842303978193728,12.215958381464668
toy-0007326,3215,z01,z31,6.8999999999999995,22.999999999999996,22.549999999999997
toy-0007327,3215,z22,z31,3.2526911934581184,10.842303978193728,12.215958381464668
toy-0007328,3225,z01,z10,3.2526911934581184,10.842303978193728,12.215958381464668
toy-0007329,3225,z21,z10,3.2526911934581184,10.842303978193728,12.215958381464668
toy-0007330,3225,z31,z22,3.2526911934581184,10.842303978193728,12.215958381464668
toy-0007331,3225,z02,z10,5.142956348249516,17.143187827498387,17.57170965337363
toy-0007332,3225,z22,z11,3.2526911934581184,10.842303978193728,12.215958381464668
toy-0007333,3225,z22,z32,2.3,7.666666666666667,9.516666666666666
toy-0007334,3230,z21,z00,5.142956348249516,17.143187827498387,17.57170965337363
toy-0007335,3230,z31,z32,2.3,7.666666666666667,9.516666666666666
toy-0007336,3230,z22,z02,4.6,15.333333333333334,16.03333333333333
toy-0007337,3230,z32,z02,6.8999999999999995,22.999999999999996,22.549999999999997
toy-0007338,3235,z00,z20,4.6,15.333333333333334,16.03333333333333
toy-0007339,3235,z10,z32,6.505382386916237,21.684607956387456,21.431916762929337
toy-0007340,3235,z20,z32,5.142956348249516,17.143187827498387,17.57170965337363
toy-0007341,3235,z01,z11,2.3,7.666666666666667,9.516666666666666
toy-0007342,3235,z12,z30,6.505382386916237,21.684607956387456,21.431916762929337
toy-0007343,3235,z32,z12,4.6,15.333333333333334,16.03333333333333
toy-0007344,3235,z32,z22,2.3,7.666666666666667,9.516666666666666
toy-0007345,3240,z00,z21,5.142956348249516,17.143187827498387,17.57170965337363
toy-0007346,3240,z30,z22,5.142956348249516,17.143187827498387,17.57170965337363
toy-0007347,3240,z01,z02,2.3,7.666666666666667,9.516666666666666
toy-0007348,3240,z11,z21,2.3,7.666666666666667,9.516666666666666
toy-0007349,3240,z11,z32,5.142956348249516,17.143187827498387,17.57170965337363
toy-0007350,3240,z21,z31,2.3,7.666666666666667,9.516666666666666
toy-0007351,3240,z21,z22,2.3,7.666666666666667,9.516666666666666
toy-0007352,3240,z31,z20,3.2526911934581184,10.842303978193728,12.215958381464668
toy-0007353,3240,z31,z12,5.142956348249516,17.143187827498387,17.57170965337363
toy-0007354,3240,z02,z11,3.2526911934581184,10.842303978193728,12.215958381464668
toy-0007355,3240,z12,z21,3.2526911934581184,10.842303978193728,12.215958381464668
toy-0007356,3240,z22,z21,2.3,7.666666666666667,9.516666666666666
toy-0007357,3240,z32,z31,2.3,7.666666666666667,9.516666666666666
toy-0007358,3245,z20,z21,2.3,7.666666666666667,9.516666666666666
toy-0007359,3245,z20,z02,6.505382386916237,21.684607956387456,21.431916762929337
toy-0007360,3245,z20,z22,4.6,15.333333333333334,16.03333333333333
toy-0007361,3245,z30,z11,5.142956348249516,17.143187827498387,17.57170965337363
toy-0007362,3245,z30,z32,4.6,15.333333333333334,16.03333333333333
toy-0007363,3245,z21,z20,2.3,7.666666666666667,9.516666666666666
toy-0007364,3245,z21,z32,3.2526911934581184,10.842303978193728,12.215958381464668
toy-0007365,3245,z31,z00,7.273238618387272,24.244128727957573,23.607509418763936
toy-0007366,3245,z31,z21,2.3,7.666666666666667,9.516666666666666
toy-0007367,3245,z02,z32,6.8999999999999995,22.999999999999996,22.549999999999997
toy-0007368,3245,z22,z20,4.6,15.333333333333334,16.03333333333333
toy-0007369,3245,z32,z01,7.273238618387272,24.244128727957573,23.607509418763936
toy-0007370,3250,z00,z11,3.2526911934581184,10.842303978193728,12.215958381464668
toy-0007371,3250,z10,z31,5.142956348249516,17.143187827498387,17.57170965337363
toy-0007372,3250,z20,z31,3.2526911934581184,10.842303978193728,12.215958381464668
toy-0007373,3250,z31,z11,4.6,15.333333333333334,16.03333333333333
toy-0007374,3250,z31,z02,7.273238618387272,24.244128727957573,23.607509418763936
toy-0007375,3250,z22,z31,3.2526911934581184,10.842303978193728,12.215958381464668
toy-0007376,3250,z32,z20,5.142956348249516,17.143187827498387,17.57170965337363
toy-0007377,3250,z32,z21,3.2526911934581184,10.842303978193728,12.215958381464668
toy-0007378,3255,z00,z22,6.505382386916237,21.684607956387456,21.431916762929337
toy-0007379,3255,z20,z01,5.142956348249516,17.143187827498387,17.57170965337363
toy-0007380,3255,z11,z31,4.6,15.333333333333334,16.03333333333333
toy-0007381,3255,z11,z02,3.2526911934581184,10.842303978193728,12.215958381464668
toy-0007382,3255,z21,z11,2.3,7.666666666666667,9.516666666666666
toy-0007383,3255,z21,z12,3.2526911934581184,10.842303978193728,12.215958381464668
toy-0007384,3255,z31,z30,2.3,7.666666666666667,9.516666666666666
toy-0007385,3255,z31,z22,3.2526911934581184,10.842303978193728,12.215958381464668
toy-0007386,3255,z31,z32,2.3,7.666666666666667,9.516666666666666
toy-0007387,3255,z12,z32,4.6,15.333333333333334,16.03333333333333
toy-0007388,3255,z32,z31,2.3,7.666666666666667,9.516666666666666
toy-0007389,3260,z30,z31,2.3,7.666666666666667,9.516666666666666
toy-0007390,3260,z11,z20,3.2526911934581184,10.842303978193728,12.215958381464668
toy-0007391,3260,z21,z30,3.2526911934581184,10.842303978193728,12.215958381464668
toy-0007392,3260,z21,z31,2.3,7.666666666666667,9.516666666666666
toy-0007393,3265,z11,z00,3.2526911934581184,10.842303978193728,12.215958381464668
toy-0007394,3265,z31,z01,6.8999999999999995,22.999999999999996,22.549999999999997
toy-0007395,3265,z31,z21,2.3,7.666666666666667,9.516666666666666
toy-0007396,3265,z02,z22,4.6,15.333333333333334,16.03333333333333
toy-0007397,3265,z12,z01,3.2526911934581184,10.842303978193728,12.215958381464668
toy-0007398,3265,z12,z31,5.142956348249516,17.143187827498387,17.57170965337363
toy-0007399,3265,z12,z22,2.3,7.666666666666667,9.516666666666666
toy-0007400,3265,z22,z32,2.3,7.666666666666667,9.516666666666666
toy-0007401,3265,z32,z00,8.292767933567175,27.64255977855725,26.49617581177366
toy-0007402,3265,z32,z11,5.142956348249516,17.143187827498387,17.57170965337363
toy-0007403,3270,z30,z21,3.2526911934581184,10.842303978193728,12.215958381464668
toy-0007404,3270,z11,z22,3.2526911934581184,10.842303978193728,12.215958381464668
toy-0007405,3270,z31,z32,2.3,7.666666666666667,9.516666666666666
toy-0007406,3270,z02,z31,7.273238618387272,24.244128727957573,23.607509418763936
toy-0007407,3270,z32,z10,6.505382386916237,21.684607956387456,21.431916762929337
toy-0007408,3270,z32,z22,2.3,7.666666666666667,9.516666666666666
toy-0007409,3275,z00,z01,2.3,7.666666666666667,9.516666666666666
toy-0007410,3275,z30,z20,2.3,7.666666666666667,9.516666666666666
toy-0007411,3275,z01,z32,7.273238618387272,24.244128727957573,23.607509418763936
toy-0007412,3275,z11,z30,5.142956348249516,17.143187827498387,17.57170965337363
toy-0007413,3275,z11,z01,2.3,7.666666666666667,9.516666666666666
toy-0007414,3275,z11,z12,2.3,7.666666666666667,9.516666666666666
toy-0007415,3275,z21,z22,2.3,7.666666666666667,9.516666666666666
toy-0007416,3275,z21,z32,3.2526911934581184,10.842303978193728,12.215958381464668
toy-0007417,3275,z31,z10,5.142956348249516,17.143187827498387,17.57170965337363
toy-0007418,3275,z31,z20,3.2526911934581184,10.842303978193728,12.215958381464668
toy-0007419,3275,z22,z31,3.2526911934581184,10.842303978193728,12.215958381464668
toy-0007420,3275,z22,z12,2.3,7.666666666666667,9.516666666666666
toy-0007421,3275,z32,z31,2.3,7.666666666666667,9.516666666666666
toy-0007422,3280,z20,z32,5.142956348249516,17.143187827498387,17.57170965337363
toy-0007423,3280,z01,z31,6.8999999999999995,22.999999999999996,22.549999999999997
toy-0007424,3280,z11,z10,2.3,7.666666666666667,9.516666666666666
toy-0007425,3280,z11,z32,5.142956348249516,17.143187827498387,17.57170965337363
toy-0007426,3280,z31,z11,4.6,15.333333333333334,16.03333333333333
toy-0007427,3280,z31,z22,3.2526911934581184,10.842303978193728,12.215958381464668
toy-0007428,3280,z22,z21,2.3,7.666666666666667,9.516666666666666
toy-0007429,3280,z32,z21,3.2526911934581184,10.842303978193728,12.215958381464668
toy-0007430,3285,z20,z11,3.2526911934581184,10.842303978193728,12.215958381464668
toy-0007431,3285,z20,z31,3.2526911934581184,10.842303978193728,12.215958381464668
toy-0007432,3285,z11,z31,4.6,15.333333333333334,16.03333333333333
toy-0007433,3285,z21,z01,4.6,15.333333333333334,16.03333333333333
toy-0007434,3285,z21,z31,2.3,7.666666666666667,9.516666666666666
toy-0007435,3285,z31,z21,2.3,7.666666666666667,9.516666666666666
toy-0007436,3285,z31,z12,5.142956348249516,17.143187827498387,17.57170965337363
toy-0007437,3285,z12,z10,4.6,15.333333333333334,16.03333333333333
toy-0007438,3285,z22,z10,5.142956348249516,17.143187827498387,17.57170965337363
toy-0007439,3285,z22,z11,3.2526911934581184,10.842303978193728,12.215958381464668
toy-0007440,3290,z10,z22,5.142956348249516,17.143187827498387,17.57170965337363
toy-0007441,3290,z20,z10,2.3,7.666666666666667,9.516666666666666
toy-0007442,3290,z01,z21,4.6,15.333333333333334,16.03333333333333
toy-0007443,3290,z11,z21,2.3,7.666666666666667,9.516666666666666
toy-0007444,3290,z31,z32,2.3,7.666666666666667,9.516666666666666
toy-0007445,3290,z32,z20,5.142956348249516,17.143187827498387,17.57170965337363
toy-0007446,3290,z32,z30,4.6,15.333333333333334,16.03333333333333
toy-0007447,3290,z32,z12,4.6,15.333333333333334,16.03333333333333
toy-0007448,3295,z00,z32,8.292767933567175,27.64255977855725,26.49617581177366
toy-0007449,3295,z10,z31,5.142956348249516,17.143187827498387,17.57170965337363
toy-0007450,3295,z10,z32,6.505382386916237,21.684607956387456,21.431916762929337
toy-0007451,3295,z20,z21,2.3,7.666666666666667,9.516666666666666
toy-0007452,3295,z01,z20,5.142956348249516,17.143187827498387,17.57170965337363
toy-0007453,3295,z21,z20,2.3,7.666666666666667,9.516666666666666
toy-0007454,3295,z22,z20,4.6,15.333333333333334,16.03333333333333
toy-0007455,3295,z22,z32,2.3,7.666666666666667,9.516666666666666
toy-0007456,3295,z32,z31,2.3,7.666666666666667,9.516666666666666
toy-0007457,3300,z00,z31,7.273238618387272,24.244128727957573,23.607509418763936
toy-0007458,3300,z10,z20,2.3,7.666666666666667,9.516666666666666
toy-0007459,3300,z10,z30,4.6,15.333333333333334,16.03333333333333
toy-0007460,3300,z10,z21,3.2526911934581184,10.842303978193728,12.215958381464668
toy-0007461,3300,z20,z22,4.6,15.333333333333334,16.03333333333333
toy-0007462,3300,z21,z11,2.3,7.666666666666667,9.516666666666666
toy-0007463,3300,z21,z31,2.3,7.666666666666667,9.516666666666666
toy-0007464,3300,z21,z32,3.2526911934581184,10.842303978193728,12.215958381464668
toy-0007465,3300,z31,z22,3.2526911934581184,10.842303978193728,12.215958381464668
toy-0007466,3300,z12,z20,5.142956348249516,17.143187827498387,17.57170965337363
toy-0007467,3300,z12,z11,2.3,7.666666666666667,9.516666666666666
toy-0007468,3300,z12,z21,3.2526911934581184,10.842303978193728,12.215958381464668
toy-0007469,3300,z12,z31,5.142956348249516,17.143187827498387,17.57170965337363
toy-0007470,3300,z12,z32,4.6,15.333333333333334,16.03333333333333
toy-0007471,3300,z22,z01,5.142956348249516,17.143187827498387,17.57170965337363
toy-0007472,3300,z22,z31,3.2526911934581184,10.842303978193728,12.215958381464668
toy-0007473,3300,z32,z11,5.142956348249516,17.143187827498387,17.57170965337363
toy-0007474,3300,z32,z22,2.3,7.666666666666667,9.516666666666666
toy-0007475,3305,z20,z00,4.6,15.333333333333334,16.03333333333333
toy-0007476,3305,z20,z31,3.2526911934581184,10.842303978193728,12.215958381464668
toy-0007477,3305,z30,z31,2.3,7.666666666666667,9.516666666666666
toy-0007478,3305,z30,z32,4.6,15.333333333333334,16.03333333333333
toy-0007479,3305,z01,z31,6.8999999999999995,22.999999999999996,22.549999999999997
toy-0007480,3305,z01,z22,5.142956348249516,17.143187827498387,17.57170965337363
toy-0007481,3305,z11,z31,4.6,15.333333333333334,16.03333333333333
toy-0007482,3305,z11,z32,5.142956348249516,17.143187827498387,17.57170965337363
toy-0007483,3305,z21,z10,3.2526911934581184,10.842303978193728,12.215958381464668
toy-0007484,3305,z21,z22,2.3,7.666666666666667,9.516666666666666
toy-0007485,3305,z31,z20,3.2526911934581184,10.842303978193728,12.215958381464668
toy-0007486,3305,z31,z21,2.3,7.666666666666667,9.516666666666666
toy-0007487,3305,z31,z32,2.3,7.666666666666667,9.516666666666666
toy-0007488,3305,z02,z21,5.142956348249516,17.143187827498387,17.57170965337363
toy-0007489,3305,z22,z21,2.3,7.666666666666667,9.516666666666666
toy-0007490,3305,z32,z21,3.2526911934581184,10.842303978193728,12.215958381464668
toy-0007491,3305,z32,z31,2.3,7.666666666666667,9.516666666666666
toy-0007492,3310,z00,z10,2.3,7.666666666666667,9.516666666666666
toy-0007493,3310,z00,z21,5.142956348249516,17.143187827498387,17.57170965337363
toy-0007494,3310,z10,z11,2.3,7.666666666666667,9.516666666666666
toy-0007495,3310,z10,z31,5.142956348249516,17.143187827498387,17.57170965337363
toy-0007496,3310,z10,z12,4.6,15.333333333333334,16.03333333333333
toy-0007497,3310,z20,z12,5.142956348249516,17.143187827498387,17.57170965337363
toy-0007498,3310,z20,z32,5.142956348249516,17.143187827498387,17.57170965337363
toy-0007499,3310,z11,z22,3.2526911934581184,10.842303978193728,12.215958381464668
toy-0007500,3310,z21,z31,2.3,7.666666666666667,9.516666666666666
toy-0007501,3310,z31,z11,4.6,15.333333333333334,16.03333333333333
toy-0007502,3310,z02,z31,7.273238618387272,24.244128727957573,23.607509418763936
toy-0007503,3310,z22,z31,3.2526911934581184,10.842303978193728,12.215958381464668
toy-0007504,3310,z22,z32,2.3,7.666666666666667,9.516666666666666
toy-0007505,3315,z00,z31,7.273238618387272,24.244128727957573,23.607509418763936
toy-0007506,3315,z20,z31,3.2526911934581184,10.842303978193728,12.215958381464668
toy-0007507,3315,z30,z22,5.142956348249516,17.143187827498387,17.57170965337363
toy-0007508,3315,z01,z32,7.273238618387272,24.244128727957573,23.607509418763936
toy-0007509,3315,z11,z21,2.3,7.666666666666667,9.516666666666666
toy-0007510,3315,z11,z31,4.6,15.333333333333334,16.03333333333333
toy-0007511,3315,z21,z12,3.2526911934581184,10.842303978193728,12.215958381464668
toy-0007512,3315,z21,z32,3.2526911934581184,10.842303978193728,12.215958381464668
toy-0007513,3315,z31,z32,2.3,7.666666666666667,9.516666666666666
toy-0007514,3315,z02,z32,6.8999999999999995,22.999999999999996,22.549999999999997
toy-0007515,3315,z12,z31,5.142956348249516,17.143187827498387,17.57170965337363
toy-0007516,3315,z12,z22,2.3,7.666666666666667,9.516666666666666
toy-0007517,3315,z22,z30,5.142956348249516,17.143187827498387,17.57170965337363
toy-0007518,3315,z22,z31,3.2526911934581184,10.842303978193728,12.215958381464668
toy-0007519,3315,z32,z01,7.273238618387272,24.244128727957573,23.607509418763936
toy-0007520,3315,z32,z31,2.3,7.666666666666667,9.516666666666666
toy-0007521,3320,z00,z22,6.505382386916237,21.684607956387456,21.431916762929337
toy-0007522,3320,z00,z32,8.292767933567175,27.64255977855725,26.49617581177366
toy-0007523,3320,z10,z02,5.142956348249516,17.143187827498387,17.57170965337363
toy-0007524,3320,z10,z32,6.505382386916237,21.684607956387456,21.431916762929337
toy-0007525,3320,z20,z21,2.3,7.666666666666667,9.516666666666666
toy-0007526,3320,z30,z21,3.2526911934581184,10.842303978193728,12.215958381464668
toy-0007527,3320,z30,z31,2.3,7.666666666666667,9.516666666666666
toy-0007528,3320,z01,z11,2.3,7.666666666666667,9.516666666666666
toy-0007529,3320,z01,z21,4.6,15.333333333333334,16.03333333333333
toy-0007530,3320,z01,z31,6.8999999999999995,22.999999999999996,22.549999999999997
toy-0007531,3320,z01,z12,3.2526911934581184,10.842303978193728,12.215958381464668
toy-0007532,3320,z11,z20,3.2526911934581184,10.842303978193728,12.215958381464668
toy-0007533,3320,z21,z31,2.3,7.666666666666667,9.516666666666666
toy-0007534,3320,z31,z10,5.142956348249516,17.143187827498387,17.57170965337363
toy-0007535,3320,z31,z30,2.3,7.666666666666667,9.516666666666666
toy-0007536,3320,z31,z01,6.8999999999999995,22.999999999999996,22.549999999999997
toy-0007537,3320,z31,z21,2.3,7.666666666666667,9.516666666666666
toy-0007538,3320,z31,z22,3.2526911934581184,10.842303978193728,12.215958381464668
toy-0007539,3320,z02,z12,2.3,7.666666666666667,9.516666666666666
toy-0007540,3320,z12,z32,4.6,15.333333333333334,16.03333333333333
toy-0007541,3320,z22,z11,3.2526911934581184,10.842303978193728,12.215958381464668
toy-0007542,3320,z32,z21,3.2526911934581184,10.842303978193728,12.215958381464668
toy-0007543,3320,z32,z31,2.3,7.666666666666667,9.516666666666666
toy-0007544,3320,z32,z22,2.3,7.666666666666667,9.516666666666666
toy-0007545,3325,z00,z12,5.142956348249516,17.143187827498387,17.57170965337363
toy-0007546,3325,z10,z21,3.2526911934581184,10.842303978193728,12.215958381464668
toy-0007547,3325,z10,z31,5.142956348249516,17.143187827498387,17.57170965337363
toy-0007548,3325,z10,z22,5.142956348249516,17.143187827498387,17.57170965337363
toy-0007549,3325,z20,z31,3.2526911934581184,10.842303978193728,12.215958381464668
toy-0007550,3325,z20,z22,4.6,15.333333333333334,16.03333333333333
toy-0007551,3325,z20,z32,5.142956348249516,17.143187827498387,17.57170965337363
toy-0007552,3325,z30,z12,6.505382386916237,21.684607956387456,21.431916762929337
toy-0007553,3325,z11,z31,4.6,15.333333333333334,16.03333333333333
toy-0007554,3325,z11,z32,5.142956348249516,17.143187827498387,17.57170965337363
toy-0007555,3325,z21,z22,2.3,7.666666666666667,9.516666666666666
toy-0007556,3325,z31,z00,7.273238618387272,24.244128727957573,23.607509418763936
toy-0007557,3325,z31,z12,5.142956348249516,17.143187827498387,17.57170965337363
toy-0007558,3325,z31,z32,2.3,7.666666666666667,9.516666666666666
toy-0007559,3325,z02,z20,6.505382386916237,21.684607956387456,21.431916762929337
toy-0007560,3325,z12,z21,3.2526911934581184,10.842303978193728,12.215958381464668
toy-0007561,3325,z12,z31,5.142956348249516,17.143187827498387,17.57170965337363
toy-0007562,3325,z22,z21,2.3,7.666666666666667,9.516666666666666
toy-0007563,3325,z22,z31,3.2526911934581184,10.842303978193728,12.215958381464668
toy-0007564,3325,z22,z32,2.3,7.666666666666667,9.516666666666666
toy-0007565,3325,z32,z20,5.142956348249516,17.143187827498387,17.57170965337363
toy-0007566,3330,z00,z31,7.273238618387272,24.244128727957573,23.607509418763936
toy-0007567,3330,z20,z11,3.2526911934581184,10.842303978193728,12.215958381464668
toy-0007568,3330,z30,z11,5.142956348249516,17.143187827498387,17.57170965337363
toy-0007569,3330,z30,z32,4.6,15.333333333333334,16.03333333333333
toy-0007570,3330,z21,z20,2.3,7.666666666666667,9.516666666666666
toy-0007571,3330,z21,z11,2.3,7.666666666666667,9.516666666666666
toy-0007572,3330,z21,z31,2.3,7.666666666666667,9.516666666666666
toy-0007573,3330,z21,z32,3.2526911934581184,10.842303978193728,12.215958381464668
toy-0007574,3330,z02,z31,7.273238618387272,24.244128727957573,23.607509418763936
toy-0007575,3330,z02,z22,4.6,15.333333333333334,16.03333333333333
toy-0007576,3330,z32,z10,6.505382386916237,21.684607956387456,21.431916762929337
toy-0007577,3330,z32,z11,5.142956348249516,17.143187827498387,17.57170965337363
toy-0007578,3330,z32,z31,2.3,7.666666666666667,9.516666666666666
toy-0007579,3335,z00,z11,3.2526911934581184,10.842303978193728,12.215958381464668
toy-0007580,3335,z00,z02,4.6,15.333333333333334,16.03333333333333
toy-0007581,3335,z30,z31,2.3,7.666666666666667,9.516666666666666
toy-0007582,3335,z01,z31,6.8999999999999995,22.999999999999996,22.549999999999997
toy-0007583,3335,z01,z22,5.142956348249516,17.143187827498387,17.57170965337363
toy-0007584,3335,z01,z32,7.273238618387272,24.244128727957573,23.607509418763936
toy-0007585,3335,z11,z21,2.3,7.666666666666667,9.516666666666666
toy-0007586,3335,z11,z31,4.6,15.333333333333334,16.03333333333333
toy-0007587,3335,z11,z22,3.2526911934581184,10.842303978193728,12.215958381464668
toy-0007588,3335,z21,z02,5.142956348249516,17.143187827498387,17.57170965337363
toy-0007589,3335,z31,z20,3.2526911934581184,10.842303978193728,12.215958381464668
toy-0007590,3335,z31,z11,4.6,15.333333333333334,16.03333333333333
toy-0007591,3335,z31,z21,2.3,7.666666666666667,9.516666666666666
toy-0007592,3335,z31,z22,3.2526911934581184,10.842303978193728,12.215958381464668
toy-0007593,3335,z22,z20,4.6,15.333333333333334,16.03333333333333
toy-0007594,3335,z22,z31,3.2526911934581184,10.842303978193728,12.215958381464668
toy-0007595,3335,z22,z12,2.3,7.666666666666667,9.516666666666666
toy-0007596,3335,z32,z21,3.2526911934581184,10.842303978193728,12.215958381464668
toy-0007597,3340,z00,z20,4.6,15.333333333333334,16.03333333333333
toy-0007598,3340,z10,z31,5.142956348249516,17.143187827498387,17.57170965337363
toy-0007599,3340,z10,z32,6.505382386916237,21.684607956387456,21.431916762929337
toy-0007600,3340,z20,z30,2.3,7.666666666666667,9.516666666666666
toy-0007601,3340,z20,z21,2.3,7.666666666666667,9.516666666666666
toy-0007602,3340,z20,z31,3.2526911934581184,10.842303978193728,12.215958381464668
toy-0007603,3340,z30,z10,4.6,15.333333333333334,16.03333333333333
toy-0007604,3340,z01,z30,7.273238618387272,24.244128727957573,23.607509418763936
toy-0007605,3340,z11,z32,5.142956348249516,17.143187827498387,17.57170965337363
toy-0007606,3340,z21,z31,2.3,7.666666666666667,9.516666666666666
toy-0007607,3340,z21,z32,3.2526911934581184,10.842303978193728,12.215958381464668
toy-0007608,3340,z31,z32,2.3,7.666666666666667,9.516666666666666
toy-0007609,3340,z02,z11,3.2526911934581184,10.842303978193728,12.215958381464668
toy-0007610,3340,z02,z21,5.142956348249516,17.143187827498387,17.57170965337363
toy-0007611,3340,z02,z32,6.8999999999999995,22.999999999999996,22.549999999999997
toy-0007612,3340,z12,z11,2.3,7.666666666666667,9.516666666666666
toy-0007613,3340,z12,z31,5.142956348249516,17.143187827498387,17.57170965337363
toy-0007614,3340,z12,z32,4.6,15.333333333333334,16.03333333333333
toy-0007615,3340,z22,z32,2.3,7.666666666666667,9.516666666666666
toy-0007616,3340,z32,z31,2.3,7.666666666666667,9.516666666666666
toy-0007617,3340,z32,z22,2.3,7.666666666666667,9.516666666666666
toy-0007618,3345,z00,z21,5.142956348249516,17.143187827498387,17.57170965337363
toy-0007619,3345,z10,z01,3.2526911934581184,10.842303978193728,12.215958381464668
toy-0007620,3345,z20,z32,5.142956348249516,17.143187827498387,17.57170965337363
toy-0007621,3345,z30,z20,2.3,7.666666666666667,9.516666666666666
toy-0007622,3345,z11,z12,2.3,7.666666666666667,9.516666666666666
toy-0007623,3345,z21,z00,5.142956348249516,17.143187827498387,17.57170965337363
toy-0007624,3345,z21,z31,2.3,7.666666666666667,9.516666666666666
toy-0007625,3345,z31,z21,2.3,7.666666666666667,9.516666666666666
toy-0007626,3345,z02,z01,2.3,7.666666666666667,9.516666666666666
toy-0007627,3345,z02,z31,7.273238618387272,24.244128727957573,23.607509418763936
toy-0007628,3345,z12,z22,2.3,7.666666666666667,9.516666666666666
toy-0007629,3345,z22,z00,6.505382386916237,21.684607956387456,21.431916762929337
toy-0007630,3345,z22,z21,2.3,7.666666666666667,9.516666666666666
toy-0007631,3345,z22,z31,3.2526911934581184,10.842303978193728,12.215958381464668
toy-0007632,3345,z32,z12,4.6,15.333333333333334,16.03333333333333
toy-0007633,3350,z00,z31,7.273238618387272,24.244128727957573,23.607509418763936
toy-0007634,3350,z00,z32,8.292767933567175,27.64255977855725,26.49617581177366
toy-0007635,3350,z10,z20,2.3,7.666666666666667,9.516666666666666
toy-0007636,3350,z10,z21,3.2526911934581184,10.842303978193728,12.215958381464668
toy-0007637,3350,z10,z31,5.142956348249516,17.143187827498387,17.57170965337363
toy-0007638,3350,z20,z31,3.2526911934581184,10.842303978193728,12.215958381464668
toy-0007639,3350,z20,z22,4.6,15.333333333333334,16.03333333333333
toy-0007640,3350,z30,z21,3.2526911934581184,10.842303978193728,12.215958381464668
toy-0007641,3350,z30,z31,2.3,7.666666666666667,9.516666666666666
toy-0007642,3350,z30,z22,5.142956348249516,17.143187827498387,17.57170965337363
toy-0007643,3350,z01,z20,5.142956348249516,17.143187827498387,17.57170965337363
toy-0007644,3350,z01,z21,4.6,15.333333333333334,16.03333333333333
toy-0007645,3350,z01,z31,6.8999999999999995,22.999999999999996,22.549999999999997
toy-0007646,3350,z11,z31,4.6,15.333333333333334,16.03333333333333
toy-0007647,3350,z21,z22,2.3,7.666666666666667,9.516666666666666
toy-0007648,3350,z31,z22,3.2526911934581184,10.842303978193728,12.215958381464668
toy-0007649,3350,z31,z32,2.3,7.666666666666667,9.516666666666666
toy-0007650,3350,z12,z20,5.142956348249516,17.143187827498387,17.57170965337363
toy-0007651,3350,z12,z21,3.2526911934581184,10.842303978193728,12.215958381464668
toy-0007652,3350,z12,z31,5.142956348249516,17.143187827498387,17.57170965337363
toy-0007653,3350,z32,z31,2.3,7.666666666666667,9.516666666666666
toy-0007654,3355,z10,z11,2.3,7.666666666666667,9.516666666666666
toy-0007655,3355,z10,z22,5.142956348249516,17.143187827498387,17.57170965337363
toy-0007656,3355,z30,z32,4.6,15.333333333333334,16.03333333333333
toy-0007657,3355,z11,z21,2.3,7.666666666666667,9.516666666666666
toy-0007658,3355,z21,z30,3.2526911934581184,10.842303978193728,12.215958381464668
toy-0007659,3355,z21,z31,2.3,7.666666666666667,9.516666666666666
toy-0007660,3355,z21,z32,3.2526911934581184,10.842303978193728,12.215958381464668
toy-0007661,3355,z31,z02,7.273238618387272,24.244128727957573,23.607509418763936
toy-0007662,3355,z22,z10,5.142956348249516,17.143187827498387,17.57170965337363
toy-0007663,3355,z22,z11,3.2526911934581184,10.842303978193728,12.215958381464668
toy-0007664,3355,z22,z31,3.2526911934581184,10.842303978193728,12.215958381464668
toy-0007665,3355,z22,z32,2.3,7.666666666666667,9.516666666666666
toy-0007666,3355,z32,z21,3.2526911934581184,10.842303978193728,12.215958381464668
toy-0007667,3355,z32,z31,2.3,7.666666666666667,9.516666666666666
toy-0007668,3355,z32,z22,2.3,7.666666666666667,9.516666666666666
toy-0007669,3360,z00,z22,6.505382386916237,21.684607956387456,21.431916762929337
toy-0007670,3360,z10,z32,6.505382386916237,21.684607956387456,21.431916762929337
toy-0007671,3360,z20,z01,5.142956348249516,17.143187827498387,17.57170965337363
toy-0007672,3360,z20,z21,2.3,7.666666666666667,9.516666666666666
toy-0007673,3360,z20,z31,3.2526911934581184,10.842303978193728,12.215958381464668
toy-0007674,3360,z20,z32,5.142956348249516,17.143187827498387,17.57170965337363
toy-0007675,3360,z30,z01,7.273238618387272,24.244128727957573,23.607509418763936
toy-0007676,3360,z01,z10,3.2526911934581184,10.842303978193728,12.215958381464668
toy-0007677,3360,z01,z32,7.273238618387272,24.244128727957573,23.607509418763936
toy-0007678,3360,z11,z10,2.3,7.666666666666667,9.516666666666666
toy-0007679,3360,z11,z20,3.2526911934581184,10.842303978193728,12.215958381464668
toy-0007680,3360,z11,z31,4.6,15.333333333333334,16.03333333333333
toy-0007681,3360,z11,z22,3.2526911934581184,10.842303978193728,12.215958381464668
toy-0007682,3360,z11,z32,5.142956348249516,17.143187827498387,17.57170965337363
toy-0007683,3360,z21,z01,4.6,15.333333333333334,16.03333333333333
toy-0007684,3360,z21,z11,2.3,7.666666666666667,9.516666666666666
toy-0007685,3360,z31,z20,3.2526911934581184,10.842303978193728,12.215958381464668
toy-0007686,3360,z31,z11,4.6,15.333333333333334,16.03333333333333
toy-0007687,3360,z31,z21,2.3,7.666666666666667,9.516666666666666
toy-0007688,3360,z31,z32,2.3,7.666666666666667,9.516666666666666
toy-0007689,3360,z02,z00,4.6,15.333333333333334,16.03333333333333
toy-0007690,3360,z12,z32,4.6,15.333333333333334,16.03333333333333
toy-0007691,3360,z22,z21,2.3,7.666666666666667,9.516666666666666
toy-0007692,3360,z32,z20,5.142956348249516,17.143187827498387,17.57170965337363
toy-0007693,3360,z32,z11,5.142956348249516,17.143187827498387,17.57170965337363
toy-0007694,3365,z00,z31,7.273238618387272,24.244128727957573,23.607509418763936
toy-0007695,3365,z10,z31,5.142956348249516,17.143187827498387,17.57170965337363
toy-0007696,3365,z20,z10,2.3,7.666666666666667,9.516666666666666
toy-0007697,3365,z20,z11,3.2526911934581184,10.842303978193728,12.215958381464668
toy-0007698,3365,z30,z31,2.3,7.666666666666667,9.516666666666666
toy-0007699,3365,z01,z31,6.8999999999999995,22.999999999999996,22.549999999999997
toy-0007700,3365,z21,z10,3.2526911934581184,10.842303978193728,12.215958381464668
toy-0007701,3365,z21,z20,2.3,7.666666666666667,9.516666666666666
toy-0007702,3365,z21,z31,2.3,7.666666666666667,9.516666666666666
toy-0007703,3365,z21,z12,3.2526911934581184,10.842303978193728,12.215958381464668
toy-0007704,3365,z21,z22,2.3,7.666666666666667,9.516666666666666
toy-0007705,3365,z31,z12,5.142956348249516,17.143187827498387,17.57170965337363
toy-0007706,3365,z31,z22,3.2526911934581184,10.842303978193728,12.215958381464668
toy-0007707,3365,z02,z31,7.273238618387272,24.244128727957573,23.607509418763936
toy-0007708,3365,z02,z32,6.8999999999999995,22.999999999999996,22.549999999999997
toy-0007709,3365,z12,z31,5.142956348249516,17.143187827498387,17.57170965337363
toy-0007710,3365,z22,z31,3.2526911934581184,10.842303978193728,12.215958381464668
toy-0007711,3365,z32,z21,3.2526911934581184,10.842303978193728,12.215958381464668
toy-0007712,3365,z32,z31,2.3,7.666666666666667,9.516666666666666
toy-0007713,3365,z32,z02,6.8999999999999995,22.999999999999996,22.549999999999997
toy-0007714,3370,z00,z32,8.292767933567175,27.64255977855725,26.49617581177366
toy-0007715,3370,z20,z31,3.2526911934581184,10.842303978193728,12.215958381464668
toy-0007716,3370,z20,z12,5.142956348249516,17.143187827498387,17.57170965337363
toy-0007717,3370,z01,z11,2.3,7.666666666666667,9.516666666666666
toy-0007718,3370,z01,z22,5.142956348249516,17.143187827498387,17.57170965337363
toy-0007719,3370,z11,z01,2.3,7.666666666666667,9.516666666666666
toy-0007720,3370,z11,z31,4.6,15.333333333333334,16.03333333333333
toy-0007721,3370,z11,z32,5.142956348249516,17.143187827498387,17.57170965337363
toy-0007722,3370,z21,z31,2.3,7.666666666666667,9.516666666666666
toy-0007723,3370,z21,z32,3.2526911934581184,10.842303978193728,12.215958381464668
toy-0007724,3370,z31,z10,5.142956348249516,17.143187827498387,17.57170965337363
toy-0007725,3370,z31,z21,2.3,7.666666666666667,9.516666666666666
toy-0007726,3370,z31,z32,2.3,7.666666666666667,9.516666666666666
toy-0007727,3370,z02,z21,5.142956348249516,17.143187827498387,17.57170965337363
toy-0007728,3370,z02,z22,4.6,15.333333333333334,16.03333333333333
toy-0007729,3370,z12,z21,3.2526911934581184,10.842303978193728,12.215958381464668
toy-0007730,3370,z12,z02,2.3,7.666666666666667,9.516666666666666
toy-0007731,3370,z12,z22,2.3,7.666666666666667,9.516666666666666
toy-0007732,3370,z22,z20,4.6,15.333333333333334,16.03333333333333
toy-0007733,3370,z22,z31,3.2526911934581184,10.842303978193728,12.215958381464668
toy-0007734,3370,z22,z32,2.3,7.666666666666667,9.516666666666666
toy-0007735,3370,z32,z00,8.292767933567175,27.64255977855725,26.49617581177366
toy-0007736,3370,z32,z31,2.3,7.666666666666667,9.516666666666666
toy-0007737,3375,z00,z21,5.142956348249516,17.143187827498387,17.57170965337363
toy-0007738,3375,z00,z31,7.273238618387272,24.244128727957573,23.607509418763936
toy-0007739,3375,z10,z21,3.2526911934581184,10.842303978193728,12.215958381464668
toy-0007740,3375,z10,z31,5.142956348249516,17.143187827498387,17.57170965337363
toy-0007741,3375,z10,z32,6.505382386916237,21.684607956387456,21.431916762929337
toy-0007742,3375,z20,z22,4.6,15.333333333333334,16.03333333333333
toy-0007743,3375,z20,z32,5.142956348249516,17.143187827498387,17.57170965337363
toy-0007744,3375,z30,z11,5.142956348249516,17.143187827498387,17.57170965337363
toy-0007745,3375,z30,z21,3.2526911934581184,10.842303978193728,12.215958381464668
toy-0007746,3375,z30,z31,2.3,7.666666666666667,9.516666666666666
toy-0007747,3375,z30,z32,4.6,15.333333333333334,16.03333333333333
toy-0007748,3375,z01,z21,4.6,15.333333333333334,16.03333333333333
toy-0007749,3375,z01,z31,6.8999999999999995,22.999999999999996,22.549999999999997
toy-0007750,3375,z01,z32,7.273238618387272,24.244128727957573,23.607509418763936
toy-0007751,3375,z11,z21,2.3,7.666666666666667,9.516666666666666
toy-0007752,3375,z11,z31,4.6,15.333333333333334,16.03333333333333
toy-0007753,3375,z31,z01,6.8999999999999995,22.999999999999996,22.549999999999997
toy-0007754,3375,z12,z10,4.6,15.333333333333334,16.03333333333333
toy-0007755,3375,z12,z31,5.142956348249516,17.143187827498387,17.57170965337363
toy-0007756,3375,z12,z32,4.6,15.333333333333334,16.03333333333333
toy-0007757,3375,z22,z01,5.142956348249516,17.143187827498387,17.57170965337363
toy-0007758,3375,z22,z21,2.3,7.666666666666667,9.516666666666666
toy-0007759,3375,z32,z30,4.6,15.333333333333334,16.03333333333333
toy-0007760,3375,z32,z31,2.3,7.666666666666667,9.516666666666666
toy-0007761,3375,z32,z22,2.3,7.666666666666667,9.516666666666666
toy-0007762,3380,z10,z22,5.142956348249516,17.143187827498387,17.57170965337363
toy-0007763,3380,z20,z21,2.3,7.666666666666667,9.516666666666666
toy-0007764,3380,z20,z31,3.2526911934581184,10.842303978193728,12.215958381464668
toy-0007765,3380,z30,z22,5.142956348249516,17.143187827498387,17.57170965337363
toy-0007766,3380,z11,z22,3.2526911934581184,10.842303978193728,12.215958381464668
toy-0007767,3380,z21,z31,2.3,7.666666666666667,9.516666666666666
toy-0007768,3380,z21,z32,3.2526911934581184,10.842303978193728,12.215958381464668
toy-0007769,3380,z31,z11,4.6,15.333333333333334,16.03333333333333
toy-0007770,3380,z31,z22,3.2526911934581184,10.842303978193728,12.215958381464668
toy-0007771,3380,z31,z32,2.3,7.666666666666667,9.516666666666666
toy-0007772,3380,z02,z31,7.273238618387272,24.244128727957573,23.607509418763936
toy-0007773,3380,z12,z00,5.142956348249516,17.143187827498387,17.57170965337363
toy-0007774,3380,z12,z30,6.505382386916237,21.684607956387456,21.431916762929337
toy-0007775,3380,z12,z01,3.2526911934581184,10.842303978193728,12.215958381464668
toy-0007776,3380,z12,z11,2.3,7.666666666666667,9.516666666666666
toy-0007777,3380,z22,z11,3.2526911934581184,10.842303978193728,12.215958381464668
toy-0007778,3380,z22,z31,3.2526911934581184,10.842303978193728,12.215958381464668
toy-0007779,3380,z22,z32,2.3,7.666666666666667,9.516666666666666
toy-0007780,3380,z32,z01,7.273238618387272,24.244128727957573,23.607509418763936
toy-0007781,3380,z32,z21,3.2526911934581184,10.842303978193728,12.215958381464668
toy-0007782,3385,z00,z11,3.2526911934581184,10.842303978193728,12.215958381464668
toy-0007783,3385,z10,z31,5.142956348249516,17.143187827498387,17.57170965337363
toy-0007784,3385,z10,z12,4.6,15.333333333333334,16.03333333333333
toy-0007785,3385,z11,z30,5.142956348249516,17.143187827498387,17.57170965337363
toy-0007786,3385,z11,z31,4.6,15.333333333333334,16.03333333333333
toy-0007787,3385,z11,z32,5.142956348249516,17.143187827498387,17.57170965337363
toy-0007788,3385,z21,z11,2.3,7.666666666666667,9.516666666666666
toy-0007789,3385,z21,z31,2.3,7.666666666666667,9.516666666666666
toy-0007790,3385,z21,z22,2.3,7.666666666666667,9.516666666666666
toy-0007791,3385,z31,z20,3.2526911934581184,10.842303978193728,12.215958381464668
toy-0007792,3385,z31,z21,2.3,7.666666666666667,9.516666666666666
toy-0007793,3385,z02,z10,5.142956348249516,17.143187827498387,17.57170965337363
toy-0007794,3385,z02,z20,6.505382386916237,21.684607956387456,21.431916762929337
toy-0007795,3385,z12,z31,5.142956348249516,17.143187827498387,17.57170965337363
toy-0007796,3385,z22,z02,4.6,15.333333333333334,16.03333333333333
toy-0007797,3385,z22,z12,2.3,7.666666666666667,9.516666666666666
toy-0007798,3385,z32,z10,6.505382386916237,21.684607956387456,21.431916762929337
toy-0007799,3385,z32,z20,5.142956348249516,17.143187827498387,17.57170965337363
toy-0007800,3385,z32,z11,5.142956348249516,17.143187827498387,17.57170965337363
toy-0007801,3385,z32,z31,2.3,7.666666666666667,9.516666666666666
toy-0007802,3385,z32,z12,4.6,15.333333333333334,16.03333333333333
toy-0007803,3390,z00,z31,7.273238618387272,24.244128727957573,23.607509418763936
toy-0007804,3390,z00,z22,6.505382386916237,21.684607956387456,21.431916762929337
toy-0007805,3390,z00,z32,8.292767933567175,27.64255977855725,26.49617581177366
toy-0007806,3390,z10,z00,2.3,7.666666666666667,9.516666666666666
toy-0007807,3390,z20,z31,3.2526911934581184,10.842303978193728,12.215958381464668
toy-0007808,3390,z20,z32,5.142956348249516,17.143187827498387,17.57170965337363
toy-0007809,3390,z30,z31,2.3,7.666666666666667,9.516666666666666
toy-0007810,3390,z01,z31,6.8999999999999995,22.999999999999996,22.549999999999997
toy-0007811,3390,z11,z21,2.3,7.666666666666667,9.516666666666666
toy-0007812,3390,z21,z20,2.3,7.666666666666667,9.516666666666666
toy-0007813,3390,z21,z32,3.2526911934581184,10.842303978193728,12.215958381464668
toy-0007814,3390,z31,z30,2.3,7.666666666666667,9.516666666666666
toy-0007815,3390,z31,z32,2.3,7.666666666666667,9.516666666666666
toy-0007816,3390,z02,z32,6.8999999999999995,22.999999999999996,22.549999999999997
toy-0007817,3390,z12,z20,5.142956348249516,17.143187827498387,17.57170965337363
toy-0007818,3390,z12,z21,3.2526911934581184,10.842303978193728,12.215958381464668
toy-0007819,3390,z22,z21,2.3,7.666666666666667,9.516666666666666
toy-0007820,3390,z22,z31,3.2526911934581184,10.842303978193728,12.215958381464668
toy-0007821,3390,z22,z32,2.3,7.666666666666667,9.516666666666666
toy-0007822,3390,z32,z31,2.3,7.666666666666667,9.516666666666666
toy-0007823,3390,z32,z22,2.3,7.666666666666667,9.516666666666666
toy-0007824,3395,z00,z20,4.6,15.333333333333334,16.03333333333333
toy-0007825,3395,z10,z20,2.3,7.666666666666667,9.516666666666666
toy-0007826,3395,z10,z11,2.3,7.666666666666667,9.516666666666666
toy-0007827,3395,z10,z21,3.2526911934581184,10.842303978193728,12.215958381464668
toy-0007828,3395,z10,z31,5.142956348249516,17.143187827498387,17.57170965337363
toy-0007829,3395,z10,z32,6.505382386916237,21.684607956387456,21.431916762929337
toy-0007830,3395,z20,z21,2.3,7.666666666666667,9.516666666666666
toy-0007831,3395,z20,z22,4.6,15.333333333333334,16.03333333333333
toy-0007832,3395,z30,z00,6.8999999999999995,22.999999999999996,22.549999999999997
toy-0007833,3395,z30,z20,2.3,7.666666666666667,9.516666666666666
toy-0007834,3395,z30,z32,4.6,15.333333333333334,16.03333333333333
toy-0007835,3395,z01,z00,2.3,7.666666666666667,9.516666666666666
toy-0007836,3395,z01,z20,5.142956348249516,17.143187827498387,17.57170965337363
toy-0007837,3395,z01,z21,4.6,15.333333333333334,16.03333333333333
toy-0007838,3395,z01,z12,3.2526911934581184,10.842303978193728,12.215958381464668
toy-0007839,3395,z01,z22,5.142956348249516,17.143187827498387,17.57170965337363
toy-0007840,3395,z01,z32,7.273238618387272,24.244128727957573,23.607509418763936
toy-0007841,3395,z11,z20,3.2526911934581184,10.842303978193728,12.215958381464668
toy-0007842,3395,z11,z31,4.6,15.333333333333334,16.03333333333333
toy-0007843,3395,z21,z31,2.3,7.666666666666667,9.516666666666666
toy-0007844,3395,z31,z21,2.3,7.666666666666667,9.516666666666666
toy-0007845,3395,z31,z22,3.2526911934581184,10.842303978193728,12.215958381464668
toy-0007846,3395,z02,z11,3.2526911934581184,10.842303978193728,12.215958381464668
toy-0007847,3395,z02,z31,7.273238618387272,24.244128727957573,23.607509418763936
toy-0007848,3395,z12,z31,5.142956348249516,17.143187827498387,17.57170965337363
toy-0007849,3395,z12,z22,2.3,7.666666666666667,9.516666666666666
toy-0007850,3395,z12,z32,4.6,15.333333333333334,16.03333333333333
toy-0007851,3395,z22,z31,3.2526911934581184,10.842303978193728,12.215958381464668
toy-0007852,3395,z32,z21,3.2526911934581184,10.842303978193728,12.215958381464668
toy-0007853,3400,z00,z21,5.142956348249516,17.143187827498387,17.57170965337363
toy-0007854,3400,z20,z11,3.2526911934581184,10.842303978193728,12.215958381464668
toy-0007855,3400,z20,z31,3.2526911934581184,10.842303978193728,12.215958381464668
toy-0007856,3400,z20,z32,5.142956348249516,17.143187827498387,17.57170965337363
toy-0007857,3400,z30,z21,3.2526911934581184,10.842303978193728,12.215958381464668
toy-0007858,3400,z30,z31,2.3,7.666666666666667,9.516666666666666
toy-0007859,3400,z01,z31,6.8999999999999995,22.999999999999996,22.549999999999997
toy-0007860,3400,z11,z00,3.2526911934581184,10.842303978193728,12.215958381464668
toy-0007861,3400,z11,z12,2.3,7.666666666666667,9.516666666666666
toy-0007862,3400,z11,z22,3.2526911934581184,10.842303978193728,12.215958381464668
toy-0007863,3400,z11,z32,5.142956348249516,17.143187827498387,17.57170965337363
toy-0007864,3400,z21,z31,2.3,7.666666666666667,9.516666666666666
toy-0007865,3400,z21,z22,2.3,7.666666666666667,9.516666666666666
toy-0007866,3400,z21,z32,3.2526911934581184,10.842303978193728,12.215958381464668
toy-0007867,3400,z31,z11,4.6,15.333333333333334,16.03333333333333
toy-0007868,3400,z31,z32,2.3,7.666666666666667,9.516666666666666
toy-0007869,3400,z02,z21,5.142956348249516,17.143187827498387,17.57170965337363
toy-0007870,3400,z02,z22,4.6,15.333333333333334,16.03333333333333
toy-0007871,3400,z22,z20,4.6,15.333333333333334,16.03333333333333
toy-0007872,3400,z32,z31,2.3,7.666666666666667,9.516666666666666
toy-0007873,3405,z00,z30,6.8999999999999995,22.999999999999996,22.549999999999997
toy-0007874,3405,z00,z31,7.273238618387272,24.244128727957573,23.607509418763936
toy-0007875,3405,z10,z22,5.142956348249516,17.143187827498387,17.57170965337363
toy-0007876,3405,z20,z31,3.2526911934581184,10.842303978193728,12.215958381464668
toy-0007877,3405,z30,z12,6.505382386916237,21.684607956387456,21.431916762929337
toy-0007878,3405,z30,z22,5.142956348249516,17.143187827498387,17.57170965337363
toy-0007879,3405,z01,z11,2.3,7.666666666666667,9.516666666666666
toy-0007880,3405,z11,z31,4.6,15.333333333333334,16.03333333333333
toy-0007881,3405,z31,z21,2.3,7.666666666666667,9.516666666666666
toy-0007882,3405,z31,z12,5.142956348249516,17.143187827498387,17.57170965337363
toy-0007883,3405,z12,z31,5.142956348249516,17.143187827498387,17.57170965337363
toy-0007884,3405,z22,z30,5.142956348249516,17.143187827498387,17.57170965337363
toy-0007885,3405,z22,z21,2.3,7.666666666666667,9.516666666666666
toy-0007886,3405,z22,z31,3.2526911934581184,10.842303978193728,12.215958381464668
toy-0007887,3405,z22,z32,2.3,7.666666666666667,9.516666666666666
toy-0007888,3405,z32,z11,5.142956348249516,17.143187827498387,17.57170965337363
toy-0007889,3405,z32,z21,3.2526911934581184,10.842303978193728,12.215958381464668
toy-0007890,3405,z32,z31,2.3,7.666666666666667,9.516666666666666
toy-0007891,3405,z32,z22,2.3,7.666666666666667,9.516666666666666
toy-0007892,3410,z00,z01,2.3,7.666666666666667,9.516666666666666
toy-0007893,3410,z00,z12,5.142956348249516,17.143187827498387,17.57170965337363
toy-0007894,3410,z00,z32,8.292767933567175,27.64255977855725,26.49617581177366
toy-0007895,3410,z10,z31,5.142956348249516,17.143187827498387,17.57170965337363
toy-0007896,3410,z10,z32,6.505382386916237,21.684607956387456,21.431916762929337
toy-0007897,3410,z30,z32,4.6,15.333333333333334,16.03333333333333
toy-0007898,3410,z01,z31,6.8999999999999995,22.999999999999996,22.549999999999997
toy-0007899,3410,z01,z32,7.273238618387272,24.244128727957573,23.607509418763936
toy-0007900,3410,z11,z21,2.3,7.666666666666667,9.516666666666666
toy-0007901,3410,z11,z32,5.142956348249516,17.143187827498387,17.57170965337363
toy-0007902,3410,z21,z11,2.3,7.666666666666667,9.516666666666666
toy-0007903,3410,z21,z31,2.3,7.666666666666667,9.516666666666666
toy-0007904,3410,z21,z12,3.2526911934581184,10.842303978193728,12.215958381464668
toy-0007905,3410,z31,z00,7.273238618387272,24.244128727957573,23.607509418763936
toy-0007906,3410,z31,z20,3.2526911934581184,10.842303978193728,12.215958381464668
toy-0007907,3410,z31,z22,3.2526911934581184,10.842303978193728,12.215958381464668
toy-0007908,3410,z31,z32,2.3,7.666666666666667,9.516666666666666
toy-0007909,3410,z02,z31,7.273238618387272,24.244128727957573,23.607509418763936
toy-0007910,3410,z12,z21,3.2526911934581184,10.842303978193728,12.215958381464668
toy-0007911,3410,z12,z32,4.6,15.333333333333334,16.03333333333333
toy-0007912,3410,z22,z10,5.142956348249516,17.143187827498387,17.57170965337363
toy-0007913,3410,z22,z11,3.2526911934581184,10.842303978193728,12.215958381464668
toy-0007914,3410,z22,z31,3.2526911934581184,10.842303978193728,12.215958381464668
toy-0007915,3410,z32,z20,5.142956348249516,17.143187827498387,17.57170965337363
toy-0007916,3410,z32,z31,2.3,7.666666666666667,9.516666666666666
toy-0007917,3415,z00,z10,2.3,7.666666666666667,9.516666666666666
toy-0007918,3415,z10,z21,3.2526911934581184,10.842303978193728,12.215958381464668
toy-0007919,3415,z20,z21,2.3,7.666666666666667,9.516666666666666
toy-0007920,3415,z20,z31,3.2526911934581184,10.842303978193728,12.215958381464668
toy-0007921,3415,z20,z22,4.6,15.333333333333334,16.03333333333333
toy-0007922,3415,z20,z32,5.142956348249516,17.143187827498387,17.57170965337363
toy-0007923,3415,z30,z31,2.3,7.666666666666667,9.516666666666666
toy-0007924,3415,z11,z31,4.6,15.333333333333334,16.03333333333333
toy-0007925,3415,z21,z10,3.2526911934581184,10.842303978193728,12.215958381464668
toy-0007926,3415,z21,z31,2.3,7.666666666666667,9.516666666666666
toy-0007927,3415,z21,z22,2.3,7.666666666666667,9.516666666666666
toy-0007928,3415,z21,z32,3.2526911934581184,10.842303978193728,12.215958381464668
toy-0007929,3415,z31,z10,5.142956348249516,17.143187827498387,17.57170965337363
toy-0007930,3415,z31,z32,2.3,7.666666666666667,9.516666666666666
toy-0007931,3415,z02,z12,2.3,7.666666666666667,9.516666666666666
toy-0007932,3415,z02,z32,6.8999999999999995,22.999999999999996,22.549999999999997
toy-0007933,3415,z12,z11,2.3,7.666666666666667,9.516666666666666
toy-0007934,3415,z12,z31,5.142956348249516,17.143187827498387,17.57170965337363
toy-0007935,3415,z12,z22,2.3,7.666666666666667,9.516666666666666
toy-0007936,3415,z22,z32,2.3,7.666666666666667,9.516666666666666
toy-0007937,3420,z00,z31,7.273238618387272,24.244128727957573,23.607509418763936
toy-0007938,3420,z00,z22,6.505382386916237,21.684607956387456,21.431916762929337
toy-0007939,3420,z10,z31,5.142956348249516,17.143187827498387,17.57170965337363
toy-0007940,3420,z30,z11,5.142956348249516,17.143187827498387,17.57170965337363
toy-0007941,3420,z30,z02,8.292767933567175,27.64255977855725,26.49617581177366
toy-0007942,3420,z01,z21,4.6,15.333333333333334,16.03333333333333
toy-0007943,3420,z01,z22,5.142956348249516,17.143187827498387,17.57170965337363
toy-0007944,3420,z11,z10,2.3,7.666666666666667,9.516666666666666
toy-0007945,3420,z11,z22,3.2526911934581184,10.842303978193728,12.215958381464668
toy-0007946,3420,z21,z20,2.3,7.666666666666667,9.516666666666666
toy-0007947,3420,z31,z21,2.3,7.666666666666667,9.516666666666666
toy-0007948,3420,z22,z21,2.3,7.666666666666667,9.516666666666666
toy-0007949,3420,z22,z31,3.2526911934581184,10.842303978193728,12.215958381464668
toy-0007950,3420,z32,z21,3.2526911934581184,10.842303978193728,12.215958381464668
toy-0007951,3420,z32,z31,2.3,7.666666666666667,9.516666666666666
toy-0007952,3420,z32,z22,2.3,7.666666666666667,9.516666666666666
toy-0007953,3425,z00,z21,5.142956348249516,17.143187827498387,17.57170965337363
toy-0007954,3425,z10,z30,4.6,15.333333333333334,16.03333333333333
toy-0007955,3425,z20,z12,5.142956348249516,17.143187827498387,17.57170965337363
toy-0007956,3425,z30,z21,3.2526911934581184,10.842303978193728,12.215958381464668
toy-0007957,3425,z01,z31,6.8999999999999995,22.999999999999996,22.549999999999997
toy-0007958,3425,z11,z21,2.3,7.666666666666667,9.516666666666666
toy-0007959,3425,z11,z31,4.6,15.333333333333334,16.03333333333333
toy-0007960,3425,z21,z01,4.6,15.333333333333334,16.03333333333333
toy-0007961,3425,z21,z31,2.3,7.666666666666667,9.516666666666666
toy-0007962,3425,z21,z32,3.2526911934581184,10.842303978193728,12.215958381464668
toy-0007963,3425,z31,z11,4.6,15.333333333333334,16.03333333333333
toy-0007964,3425,z31,z22,3.2526911934581184,10.842303978193728,12.215958381464668
toy-0007965,3425,z02,z31,7.273238618387272,24.244128727957573,23.607509418763936
toy-0007966,3430,z10,z32,6.505382386916237,21.684607956387456,21.431916762929337
toy-0007967,3430,z20,z31,3.2526911934581184,10.842303978193728,12.215958381464668
toy-0007968,3430,z20,z02,6.505382386916237,21.684607956387456,21.431916762929337
toy-0007969,3430,z30,z31,2.3,7.666666666666667,9.516666666666666
toy-0007970,3430,z11,z20,3.2526911934581184,10.842303978193728,12.215958381464668
toy-0007971,3430,z11,z32,5.142956348249516,17.143187827498387,17.57170965337363
toy-0007972,3430,z31,z01,6.8999999999999995,22.999999999999996,22.549999999999997
toy-0007973,3430,z31,z32,2.3,7.666666666666667,9.516666666666666
toy-0007974,3430,z02,z21,5.142956348249516,17.143187827498387,17.57170965337363
toy-0007975,3430,z12,z31,5.142956348249516,17.143187827498387,17.57170965337363
toy-0007976,3430,z12,z32,4.6,15.333333333333334,16.03333333333333
toy-0007977,3430,z22,z20,4.6,15.333333333333334,16.03333333333333
toy-0007978,3430,z22,z31,3.2526911934581184,10.842303978193728,12.215958381464668
toy-0007979,3430,z22,z32,2.3,7.666666666666667,9.516666666666666
toy-0007980,3430,z32,z31,2.3,7.666666666666667,9.516666666666666
toy-0007981,3430,z32,z12,4.6,15.333333333333334,16.03333333333333
toy-0007982,3435,z00,z11,3.2526911934581184,10.842303978193728,12.215958381464668
toy-0007983,3435,z00,z31,7.273238618387272,24.244128727957573,23.607509418763936
toy-0007984,3435,z10,z11,2.3,7.666666666666667,9.516666666666666
toy-0007985,3435,z10,z31,5.142956348249516,17.143187827498387,17.57170965337363
toy-0007986,3435,z10,z22,5.142956348249516,17.143187827498387,17.57170965337363
toy-0007987,3435,z20,z10,2.3,7.666666666666667,9.516666666666666
toy-0007988,3435,z20,z11,3.2526911934581184,10.842303978193728,12.215958381464668
toy-0007989,3435,z20,z21,2.3,7.666666666666667,9.516666666666666
toy-0007990,3435,z20,z32,5.142956348249516,17.143187827498387,17.57170965337363
toy-0007991,3435,z30,z10,4.6,15.333333333333334,16.03333333333333
toy-0007992,3435,z30,z32,4.6,15.333333333333334,16.03333333333333
toy-0007993,3435,z01,z32,7.273238618387272,24.244128727957573,23.607509418763936
toy-0007994,3435,z11,z31,4.6,15.333333333333334,16.03333333333333
toy-0007995,3435,z11,z02,3.2526911934581184,10.842303978193728,12.215958381464668
toy-0007996,3435,z21,z30,3.2526911934581184,10.842303978193728,12.215958381464668
toy-0007997,3435,z21,z31,2.3,7.666666666666667,9.516666666666666
toy-0007998,3435,z31,z20,3.2526911934581184,10.842303978193728,12.215958381464668
toy-0007999,3435,z31,z21,2.3,7.666666666666667,9.516666666666666
toy-0008000,3435,z02,z30,8.292767933567175,27.64255977855725,26.49617581177366
toy-0008001,3435,z12,z20,5.142956348249516,17.143187827498387,17.57170965337363
toy-0008002,3435,z12,z21,3.2526911934581184,10.842303978193728,12.215958381464668
toy-0008003,3435,z22,z12,2.3,7.666666666666667,9.516666666666666
toy-0008004,3435,z32,z10,6.505382386916237,21.684607956387456,21.431916762929337
toy-0008005,3435,z32,z11,5.142956348249516,17.143187827498387,17.57170965337363
toy-0008006,3435,z32,z31,2.3,7.666666666666667,9.516666666666666
toy-0008007,3440,z00,z32,8.292767933567175,27.64255977855725,26.49617581177366
toy-0008008,3440,z20,z00,4.6,15.333333333333334,16.03333333333333
toy-0008009,3440,z20,z01,5.142956348249516,17.143187827498387,17.57170965337363
toy-0008010,3440,z20,z31,3.2526911934581184,10.842303978193728,12.215958381464668
toy-0008011,3440,z20,z22,4.6,15.333333333333334,16.03333333333333
toy-0008012,3440,z30,z22,5.142956348249516,17.143187827498387,17.57170965337363
toy-0008013,3440,z01,z31,6.8999999999999995,22.999999999999996,22.549999999999997
toy-0008014,3440,z21,z11,2.3,7.666666666666667,9.516666666666666
toy-0008015,3440,z21,z22,2.3,7.666666666666667,9.516666666666666
toy-0008016,3440,z21,z32,3.2526911934581184,10.842303978193728,12.215958381464668
toy-0008017,3440,z31,z22,3.2526911934581184,10.842303978193728,12.215958381464668
toy-0008018,3440,z31,z32,2.3,7.666666666666667,9.516666666666666
toy-0008019,3440,z02,z22,4.6,15.333333333333334,16.03333333333333
toy-0008020,3440,z02,z32,6.8999999999999995,22.999999999999996,22.549999999999997
toy-0008021,3440,z22,z11,3.2526911934581184,10.842303978193728,12.215958381464668
toy-0008022,3440,z22,z21,2.3,7.666666666666667,9.516666666666666
toy-0008023,3440,z22,z31,3.2526911934581184,10.842303978193728,12.215958381464668
toy-0008024,3440,z32,z21,3.2526911934581184,10.842303978193728,12.215958381464668
toy-0008025,3440,z32,z22,2.3,7.666666666666667,9.516666666666666
toy-0008026,3445,z10,z20,2.3,7.666666666666667,9.516666666666666
toy-0008027,3445,z10,z01,3.2526911934581184,10.842303978193728,12.215958381464668
toy-0008028,3445,z10,z21,3.2526911934581184,10.842303978193728,12.215958381464668
toy-0008029,3445,z20,z30,2.3,7.666666666666667,9.516666666666666
toy-0008030,3445,z30,z31,2.3,7.666666666666667,9.516666666666666
toy-0008031,3445,z11,z31,4.6,15.333333333333334,16.03333333333333
toy-0008032,3445,z11,z22,3.2526911934581184,10.842303978193728,12.215958381464668
toy-0008033,3445,z11,z32,5.142956348249516,17.143187827498387,17.57170965337363
toy-0008034,3445,z21,z31,2.3,7.666666666666667,9.516666666666666
toy-0008035,3445,z31,z12,5.142956348249516,17.143187827498387,17.57170965337363
toy-0008036,3445,z02,z31,7.273238618387272,24.244128727957573,23.607509418763936
toy-0008037,3445,z12,z31,5.142956348249516,17.143187827498387,17.57170965337363
toy-0008038,3445,z22,z32,2.3,7.666666666666667,9.516666666666666
toy-0008039,3445,z32,z20,5.142956348249516,17.143187827498387,17.57170965337363
toy-0008040,3445,z32,z01,7.273238618387272,24.244128727957573,23.607509418763936
toy-0008041,3445,z32,z31,2.3,7.666666666666667,9.516666666666666
toy-0008042,3450,z10,z31,5.142956348249516,17.143187827498387,17.57170965337363
toy-0008043,3450,z20,z31,3.2526911934581184,10.842303978193728,12.215958381464668
toy-0008044,3450,z20,z32,5.142956348249516,17.143187827498387,17.57170965337363
toy-0008045,3450,z30,z20,2.3,7.666666666666667,9.516666666666666
toy-0008046,3450,z01,z10,3.2526911934581184,10.842303978193728,12.215958381464668
toy-0008047,3450,z01,z20,5.142956348249516,17.143187827498387,17.57170965337363
toy-0008048,3450,z01,z21,4.6,15.333333333333334,16.03333333333333
toy-0008049,3450,z11,z01,2.3,7.666666666666667,9.516666666666666
toy-0008050,3450,z11,z21,2.3,7.666666666666667,9.516666666666666
toy-0008051,3450,z31,z11,4.6,15.333333333333334,16.03333333333333
toy-0008052,3450,z31,z21,2.3,7.666666666666667,9.516666666666666
toy-0008053,3450,z02,z20,6.505382386916237,21.684607956387456,21.431916762929337
toy-0008054,3450,z12,z22,2.3,7.666666666666667,9.516666666666666
toy-0008055,3450,z12,z32,4.6,15.333333333333334,16.03333333333333
toy-0008056,3450,z22,z01,5.142956348249516,17.143187827498387,17.57170965337363
toy-0008057,3450,z22,z31,3.2526911934581184,10.842303978193728,12.215958381464668
toy-0008058,3455,z00,z20,4.6,15.333333333333334,16.03333333333333
toy-0008059,3455,z00,z31,7.273238618387272,24.244128727957573,23.607509418763936
toy-0008060,3455,z10,z12,4.6,15.333333333333334,16.03333333333333
toy-0008061,3455,z10,z32,6.505382386916237,21.684607956387456,21.431916762929337
toy-0008062,3455,z30,z21,3.2526911934581184,10.842303978193728,12.215958381464668
toy-0008063,3455,z01,z11,2.3,7.666666666666667,9.516666666666666
toy-0008064,3455,z01,z31,6.8999999999999995,22.999999999999996,22.549999999999997
toy-0008065,3455,z01,z22,5.142956348249516,17.143187827498387,17.57170965337363
toy-0008066,3455,z01,z32,7.273238618387272,24.244128727957573,23.607509418763936
toy-0008067,3455,z11,z31,4.6,15.333333333333334,16.03333333333333
toy-0008068,3455,z21,z00,5.142956348249516,17.143187827498387,17.57170965337363
toy-0008069,3455,z21,z20,2.3,7.666666666666667,9.516666666666666
toy-0008070,3455,z21,z31,2.3,7.666666666666667,9.516666666666666
toy-0008071,3455,z21,z32,3.2526911934581184,10.842303978193728,12.215958381464668
toy-0008072,3455,z31,z32,2.3,7.666666666666667,9.516666666666666
toy-0008073,3455,z02,z11,3.2526911934581184,10.842303978193728,12.215958381464668
toy-0008074,3455,z12,z10,4.6,15.333333333333334,16.03333333333333
toy-0008075,3455,z12,z31,5.142956348249516,17.143187827498387,17.57170965337363
toy-0008076,3455,z32,z30,4.6,15.333333333333334,16.03333333333333
toy-0008077,3455,z32,z21,3.2526911934581184,10.842303978193728,12.215958381464668
toy-0008078,3455,z32,z31,2.3,7.666666666666667,9.516666666666666
toy-0008079,3460,z00,z21,5.142956348249516,17.143187827498387,17.57170965337363
toy-0008080,3460,z00,z22,6.505382386916237,21.684607956387456,21.431916762929337
toy-0008081,3460,z20,z21,2.3,7.666666666666667,9.516666666666666
toy-0008082,3460,z30,z31,2.3,7.666666666666667,9.516666666666666
toy-0008083,3460,z30,z32,4.6,15.333333333333334,16.03333333333333
toy-0008084,3460,z11,z12,2.3,7.666666666666667,9.516666666666666
toy-0008085,3460,z21,z12,3.2526911934581184,10.842303978193728,12.215958381464668
toy-0008086,3460,z21,z22,2.3,7.666666666666667,9.516666666666666
toy-0008087,3460,z31,z30,2.3,7.666666666666667,9.516666666666666
toy-0008088,3460,z31,z22,3.2526911934581184,10.842303978193728,12.215958381464668
toy-0008089,3460,z12,z11,2.3,7.666666666666667,9.516666666666666
toy-0008090,3460,z12,z21,3.2526911934581184,10.842303978193728,12.215958381464668
toy-0008091,3460,z22,z00,6.505382386916237,21.684607956387456,21.431916762929337
toy-0008092,3460,z22,z21,2.3,7.666666666666667,9.516666666666666
toy-0008093,3460,z22,z31,3.2526911934581184,10.842303978193728,12.215958381464668
toy-0008094,3460,z22,z32,2.3,7.666666666666667,9.516666666666666
toy-0008095,3460,z32,z22,2.3,7.666666666666667,9.516666666666666
toy-0008096,3465,z00,z32,8.292767933567175,27.64255977855725,26.49617581177366
toy-0008097,3465,z10,z31,5.142956348249516,17.143187827498387,17.57170965337363
toy-0008098,3465,z20,z31,3.2526911934581184,10.842303978193728,12.215958381464668
toy-0008099,3465,z11,z32,5.142956348249516,17.143187827498387,17.57170965337363
toy-0008100,3465,z21,z31,2.3,7.666666666666667,9.516666666666666
toy-0008101,3465,z31,z10,5.142956348249516,17.143187827498387,17.57170965337363
toy-0008102,3465,z31,z20,3.2526911934581184,10.842303978193728,12.215958381464668
toy-0008103,3465,z31,z21,2.3,7.666666666666667,9.516666666666666
toy-0008104,3465,z31,z32,2.3,7.666666666666667,9.516666666666666
toy-0008105,3465,z02,z21,5.142956348249516,17.143187827498387,17.57170965337363
toy-0008106,3465,z02,z31,7.273238618387272,24.244128727957573,23.607509418763936
toy-0008107,3465,z32,z11,5.142956348249516,17.143187827498387,17.57170965337363
toy-0008108,3465,z32,z31,2.3,7.666666666666667,9.516666666666666
toy-0008109,3470,z00,z31,7.273238618387272,24.244128727957573,23.607509418763936
toy-0008110,3470,z10,z21,3.2526911934581184,10.842303978193728,12.215958381464668
toy-0008111,3470,z10,z22,5.142956348249516,17.143187827498387,17.57170965337363
toy-0008112,3470,z20,z22,4.6,15.333333333333334,16.03333333333333
toy-0008113,3470,z20,z32,5.142956348249516,17.143187827498387,17.57170965337363
toy-0008114,3470,z01,z31,6.8999999999999995,22.999999999999996,22.549999999999997
toy-0008115,3470,z11,z21,2.3,7.666666666666667,9.516666666666666
toy-0008116,3470,z11,z31,4.6,15.333333333333334,16.03333333333333
toy-0008117,3470,z11,z22,3.2526911934581184,10.842303978193728,12.215958381464668
toy-0008118,3470,z21,z32,3.2526911934581184,10.842303978193728,12.215958381464668
toy-0008119,3470,z02,z32,6.8999999999999995,22.999999999999996,22.549999999999997
toy-0008120,3470,z12,z31,5.142956348249516,17.143187827498387,17.57170965337363
toy-0008121,3470,z12,z32,4.6,15.333333333333334,16.03333333333333
toy-0008122,3470,z22,z20,4.6,15.333333333333334,16.03333333333333
toy-0008123,3470,z22,z31,3.2526911934581184,10.842303978193728,12.215958381464668
toy-0008124,3470,z32,z00,8.292767933567175,27.64255977855725,26.49617581177366
toy-0008125,3470,z32,z21,3.2526911934581184,10.842303978193728,12.215958381464668
toy-0008126,3475,z10,z32,6.505382386916237,21.684607956387456,21.431916762929337
toy-0008127,3475,z20,z11,3.2526911934581184,10.842303978193728,12.215958381464668
toy-0008128,3475,z20,z31,3.2526911934581184,10.842303978193728,12.215958381464668
toy-0008129,3475,z30,z01,7.273238618387272,24.244128727957573,23.607509418763936
toy-0008130,3475,z30,z11,5.142956348249516,17.143187827498387,17.57170965337363
toy-0008131,3475,z01,z12,3.2526911934581184,10.842303978193728,12.215958381464668
toy-0008132,3475,z11,z20,3.2526911934581184,10.842303978193728,12.215958381464668
toy-0008133,3475,z21,z11,2.3,7.666666666666667,9.516666666666666
toy-0008134,3475,z21,z31,2.3,7.666666666666667,9.516666666666666
toy-0008135,3475,z31,z11,4.6,15.333333333333334,16.03333333333333
toy-0008136,3475,z31,z02,7.273238618387272,24.244128727957573,23.607509418763936
toy-0008137,3475,z31,z22,3.2526911934581184,10.842303978193728,12.215958381464668
toy-0008138,3475,z31,z32,2.3,7.666666666666667,9.516666666666666
toy-0008139,3475,z22,z10,5.142956348249516,17.143187827498387,17.57170965337363
toy-0008140,3475,z22,z11,3.2526911934581184,10.842303978193728,12.215958381464668
toy-0008141,3475,z22,z32,2.3,7.666666666666667,9.516666666666666
toy-0008142,3475,z32,z31,2.3,7.666666666666667,9.516666666666666
toy-0008143,3480,z10,z31,5.142956348249516,17.143187827498387,17.57170965337363
toy-0008144,3480,z30,z31,2.3,7.666666666666667,9.516666666666666
toy-0008145,3480,z30,z22,5.142956348249516,17.143187827498387,17.57170965337363
toy-0008146,3480,z01,z30,7.273238618387272,24.244128727957573,23.607509418763936
toy-0008147,3480,z01,z21,4.6,15.333333333333334,16.03333333333333
toy-0008148,3480,z11,z31,4.6,15.333333333333334,16.03333333333333
toy-0008149,3480,z21,z10,3.2526911934581184,10.842303978193728,12.215958381464668
toy-0008150,3480,z21,z02,5.142956348249516,17.143187827498387,17.57170965337363
toy-0008151,3480,z31,z21,2.3,7.666666666666667,9.516666666666666
toy-0008152,3480,z12,z01,3.2526911934581184,10.842303978193728,12.215958381464668
toy-0008153,3480,z12,z22,2.3,7.666666666666667,9.516666666666666
toy-0008154,3480,z22,z21,2.3,7.666666666666667,9.516666666666666
toy-0008155,3480,z32,z20,5.142956348249516,17.143187827498387,17.57170965337363
toy-0008156,3480,z32,z12,4.6,15.333333333333334,16.03333333333333
toy-0008157,3480,z32,z22,2.3,7.666666666666667,9.516666666666666
toy-0008158,3485,z20,z21,2.3,7.666666666666667,9.516666666666666
toy-0008159,3485,z01,z32,7.273238618387272,24.244128727957573,23.607509418763936
toy-0008160,3485,z11,z32,5.142956348249516,17.143187827498387,17.57170965337363
toy-0008161,3485,z21,z31,2.3,7.666666666666667,9.516666666666666
toy-0008162,3485,z21,z22,2.3,7.666666666666667,9.516666666666666
toy-0008163,3485,z31,z12,5.142956348249516,17.143187827498387,17.57170965337363
toy-0008164,3485,z02,z01,2.3,7.666666666666667,9.516666666666666
toy-0008165,3485,z22,z31,3.2526911934581184,10.842303978193728,12.215958381464668
toy-0008166,3485,z32,z31,2.3,7.666666666666667,9.516666666666666
toy-0008167,3490,z10,z11,2.3,7.666666666666667,9.516666666666666
toy-0008168,3490,z11,z30,5.142956348249516,17.143187827498387,17.57170965337363
toy-0008169,3490,z21,z32,3.2526911934581184,10.842303978193728,12.215958381464668
toy-0008170,3490,z31,z20,3.2526911934581184,10.842303978193728,12.215958381464668
toy-0008171,3490,z31,z01,6.8999999999999995,22.999999999999996,22.549999999999997
toy-0008172,3490,z31,z32,2.3,7.666666666666667,9.516666666666666
toy-0008173,3490,z12,z20,5.142956348249516,17.143187827498387,17.57170965337363
toy-0008174,3490,z22,z12,2.3,7.666666666666667,9.516666666666666
toy-0008175,3490,z32,z10,6.505382386916237,21.684607956387456,21.431916762929337
toy-0008176,3490,z32,z21,3.2526911934581184,10.842303978193728,12.215958381464668
toy-0008177,3490,z32,z02,6.8999999999999995,22.999999999999996,22.549999999999997
toy-0008178,3495,z20,z31,3.2526911934581184,10.842303978193728,12.215958381464668
toy-0008179,3495,z20,z12,5.142956348249516,17.143187827498387,17.57170965337363
toy-0008180,3495,z20,z32,5.142956348249516,17.143187827498387,17.57170965337363
toy-0008181,3495,z30,z21,3.2526911934581184,10.842303978193728,12.215958381464668
toy-0008182,3495,z30,z32,4.6,15.333333333333334,16.03333333333333
toy-0008183,3495,z01,z31,6.8999999999999995,22.999999999999996,22.549999999999997
toy-0008184,3495,z01,z02,2.3,7.666666666666667,9.516666666666666
toy-0008185,3495,z11,z10,2.3,7.666666666666667,9.516666666666666
toy-0008186,3495,z21,z20,2.3,7.666666666666667,9.516666666666666
toy-0008187,3495,z21,z01,4.6,15.333333333333334,16.03333333333333
toy-0008188,3495,z31,z00,7.273238618387272,24.244128727957573,23.607509418763936
toy-0008189,3495,z31,z21,2.3,7.666666666666667,9.516666666666666
toy-0008190,3495,z31,z22,3.2526911934581184,10.842303978193728,12.215958381464668
toy-0008191,3495,z02,z31,7.273238618387272,24.244128727957573,23.607509418763936
toy-0008192,3495,z02,z22,4.6,15.333333333333334,16.03333333333333
toy-0008193,3495,z12,z21,3.2526911934581184,10.842303978193728,12.215958381464668
toy-0008194,3495,z12,z31,5.142956348249516,17.143187827498387,17.57170965337363
toy-0008195,3495,z22,z30,5.142956348249516,17.143187827498387,17.57170965337363
toy-0008196,3495,z32,z11,5.142956348249516,17.143187827498387,17.57170965337363
toy-0008197,3500,z30,z12,6.505382386916237,21.684607956387456,21.431916762929337
toy-0008198,3500,z01,z22,5.142956348249516,17.143187827498387,17.57170965337363
toy-0008199,3500,z11,z21,2.3,7.666666666666667,9.516666666666666
toy-0008200,3500,z21,z31,2.3,7.666666666666667,9.516666666666666
toy-0008201,3500,z31,z11,4.6,15.333333333333334,16.03333333333333
toy-0008202,3500,z22,z31,3.2526911934581184,10.842303978193728,12.215958381464668
toy-0008203,3500,z22,z32,2.3,7.666666666666667,9.516666666666666
toy-0008204,3500,z32,z31,2.3,7.666666666666667,9.516666666666666
toy-0008205,3505,z10,z20,2.3,7.666666666666667,9.516666666666666
toy-0008206,3505,z20,z22,4.6,15.333333333333334,16.03333333333333
toy-0008207,3505,z11,z31,4.6,15.333333333333334,16.03333333333333
toy-0008208,3505,z11,z22,3.2526911934581184,10.842303978193728,12.215958381464668
toy-0008209,3505,z31,z10,5.142956348249516,17.143187827498387,17.57170965337363
toy-0008210,3505,z31,z32,2.3,7.666666666666667,9.516666666666666
toy-0008211,3505,z12,z32,4.6,15.333333333333334,16.03333333333333
toy-0008212,3505,z22,z21,2.3,7.666666666666667,9.516666666666666
toy-0008213,3505,z32,z01,7.273238618387272,24.244128727957573,23.607509418763936
toy-0008214,3505,z32,z22,2.3,7.666666666666667,9.516666666666666
toy-0008215,3510,z00,z11,3.2526911934581184,10.842303978193728,12.215958381464668
toy-0008216,3510,z00,z31,7.273238618387272,24.244128727957573,23.607509418763936
toy-0008217,3510,z10,z31,5.142956348249516,17.143187827498387,17.57170965337363
toy-0008218,3510,z11,z32,5.142956348249516,17.143187827498387,17.57170965337363
toy-0008219,3510,z21,z11,2.3,7.666666666666667,9.516666666666666
toy-0008220,3510,z21,z12,3.2526911934581184,10.842303978193728,12.215958381464668
toy-0008221,3510,z21,z22,2.3,7.666666666666667,9.516666666666666
toy-0008222,3510,z21,z32,3.2526911934581184,10.842303978193728,12.215958381464668
toy-0008223,3510,z31,z30,2.3,7.666666666666667,9.516666666666666
toy-0008224,3510,z31,z21,2.3,7.666666666666667,9.516666666666666
toy-0008225,3510,z31,z22,3.2526911934581184,10.842303978193728,12.215958381464668
toy-0008226,3510,z12,z30,6.505382386916237,21.684607956387456,21.431916762929337
toy-0008227,3510,z22,z20,4.6,15.333333333333334,16.03333333333333
toy-0008228,3510,z22,z11,3.2526911934581184,10.842303978193728,12.215958381464668
toy-0008229,3510,z32,z20,5.142956348249516,17.143187827498387,17.57170965337363
toy-0008230,3510,z32,z21,3.2526911934581184,10.842303978193728,12.215958381464668
toy-0008231,3510,z32,z31,2.3,7.666666666666667,9.516666666666666
toy-0008232,3515,z00,z21,5.142956348249516,17.143187827498387,17.57170965337363
toy-0008233,3515,z00,z32,8.292767933567175,27.64255977855725,26.49617581177366
toy-0008234,3515,z10,z21,3.2526911934581184,10.842303978193728,12.215958381464668
toy-0008235,3515,z10,z32,6.505382386916237,21.684607956387456,21.431916762929337
toy-0008236,3515,z20,z10,2.3,7.666666666666667,9.516666666666666
toy-0008237,3515,z21,z30,3.2526911934581184,10.842303978193728,12.215958381464668
toy-0008238,3515,z21,z31,2.3,7.666666666666667,9.516666666666666
toy-0008239,3515,z31,z20,3.2526911934581184,10.842303978193728,12.215958381464668
toy-0008240,3515,z31,z12,5.142956348249516,17.143187827498387,17.57170965337363
toy-0008241,3515,z31,z32,2.3,7.666666666666667,9.516666666666666
toy-0008242,3515,z22,z31,3.2526911934581184,10.842303978193728,12.215958381464668
toy-0008243,3520,z10,z22,5.142956348249516,17.143187827498387,17.57170965337363
toy-0008244,3520,z20,z21,2.3,7.666666666666667,9.516666666666666
toy-0008245,3520,z20,z31,3.2526911934581184,10.842303978193728,12.215958381464668
toy-0008246,3520,z31,z11,4.6,15.333333333333334,16.03333333333333
toy-0008247,3520,z12,z11,2.3,7.666666666666667,9.516666666666666
toy-0008248,3520,z22,z01,5.142956348249516,17.143187827498387,17.57170965337363
toy-0008249,3520,z22,z02,4.6,15.333333333333334,16.03333333333333
toy-0008250,3520,z22,z32,2.3,7.666666666666667,9.516666666666666
toy-0008251,3520,z32,z30,4.6,15.333333333333334,16.03333333333333
toy-0008252,3520,z32,z11,5.142956348249516,17.143187827498387,17.57170965337363
toy-0008253,3520,z32,z12,4.6,15.333333333333334,16.03333333333333
toy-0008254,3525,z00,z12,5.142956348249516,17.143187827498387,17.57170965337363
toy-0008255,3525,z20,z11,3.2526911934581184,10.842303978193728,12.215958381464668
toy-0008256,3525,z30,z31,2.3,7.666666666666667,9.516666666666666
toy-0008257,3525,z01,z20,5.142956348249516,17.143187827498387,17.57170965337363
toy-0008258,3525,z01,z11,2.3,7.666666666666667,9.516666666666666
toy-0008259,3525,z11,z20,3.2526911934581184,10.842303978193728,12.215958381464668
toy-0008260,3525,z11,z31,4.6,15.333333333333334,16.03333333333333
toy-0008261,3525,z31,z01,6.8999999999999995,22.999999999999996,22.549999999999997
toy-0008262,3525,z31,z21,2.3,7.666666666666667,9.516666666666666
toy-0008263,3525,z12,z31,5.142956348249516,17.143187827498387,17.57170965337363
toy-0008264,3525,z32,z31,2.3,7.666666666666667,9.516666666666666
toy-0008265,3525,z32,z22,2.3,7.666666666666667,9.516666666666666
toy-0008266,3530,z00,z22,6.505382386916237,21.684607956387456,21.431916762929337
toy-0008267,3530,z20,z01,5.142956348249516,17.143187827498387,17.57170965337363
toy-0008268,3530,z20,z32,5.142956348249516,17.143187827498387,17.57170965337363
toy-0008269,3530,z11,z00,3.2526911934581184,10.842303978193728,12.215958381464668
toy-0008270,3530,z11,z12,2.3,7.666666666666667,9.516666666666666
toy-0008271,3530,z21,z10,3.2526911934581184,10.842303978193728,12.215958381464668
toy-0008272,3530,z21,z20,2.3,7.666666666666667,9.516666666666666
toy-0008273,3530,z21,z31,2.3,7.666666666666667,9.516666666666666
toy-0008274,3530,z21,z32,3.2526911934581184,10.842303978193728,12.215958381464668
toy-0008275,3530,z31,z22,3.2526911934581184,10.842303978193728,12.215958381464668
toy-0008276,3530,z31,z32,2.3,7.666666666666667,9.516666666666666
toy-0008277,3530,z02,z10,5.142956348249516,17.143187827498387,17.57170965337363
toy-0008278,3530,z12,z22,2.3,7.666666666666667,9.516666666666666
toy-0008279,3530,z22,z21,2.3,7.666666666666667,9.516666666666666
toy-0008280,3530,z32,z21,3.2526911934581184,10.842303978193728,12.215958381464668
toy-0008281,3535,z01,z21,4.6,15.333333333333334,16.03333333333333
toy-0008282,3535,z01,z31,6.8999999999999995,22.999999999999996,22.549999999999997
toy-0008283,3535,z01,z32,7.273238618387272,24.244128727957573,23.607509418763936
toy-0008284,3535,z11,z01,2.3,7.666666666666667,9.516666666666666
toy-0008285,3535,z11,z21,2.3,7.666666666666667,9.516666666666666
toy-0008286,3535,z21,z22,2.3,7.666666666666667,9.516666666666666
toy-0008287,3535,z31,z02,7.273238618387272,24.244128727957573,23.607509418763936
toy-0008288,3535,z12,z00,5.142956348249516,17.143187827498387,17.57170965337363
toy-0008289,3535,z22,z10,5.142956348249516,17.143187827498387,17.57170965337363
toy-0008290,3535,z22,z31,3.2526911934581184,10.842303978193728,12.215958381464668
toy-0008291,3535,z32,z10,6.505382386916237,21.684607956387456,21.431916762929337
toy-0008292,3540,z10,z02,5.142956348249516,17.143187827498387,17.57170965337363
toy-0008293,3540,z30,z20,2.3,7.666666666666667,9.516666666666666
toy-0008294,3540,z11,z22,3.2526911934581184,10.842303978193728,12.215958381464668
toy-0008295,3540,z11,z32,5.142956348249516,17.143187827498387,17.57170965337363
toy-0008296,3540,z21,z00,5.142956348249516,17.143187827498387,17.57170965337363
toy-0008297,3540,z21,z11,2.3,7.666666666666667,9.516666666666666
toy-0008298,3540,z31,z10,5.142956348249516,17.143187827498387,17.57170965337363
toy-0008299,3540,z31,z20,3.2526911934581184,10.842303978193728,12.215958381464668
toy-0008300,3540,z31,z11,4.6,15.333333333333334,16.03333333333333
toy-0008301,3540,z31,z21,2.3,7.666666666666667,9.516666666666666
toy-0008302,3540,z02,z32,6.8999999999999995,22.999999999999996,22.549999999999997
toy-0008303,3540,z12,z32,4.6,15.333333333333334,16.03333333333333
toy-0008304,3540,z22,z12,2.3,7.666666666666667,9.516666666666666
toy-0008305,3540,z32,z00,8.292767933567175,27.64255977855725,26.49617581177366
toy-0008306,3540,z32,z20,5.142956348249516,17.143187827498387,17.57170965337363
toy-0008307,3540,z32,z31,2.3,7.666666666666667,9.516666666666666
toy-0008308,3545,z10,z31,5.142956348249516,17.143187827498387,17.57170965337363
toy-0008309,3545,z20,z31,3.2526911934581184,10.842303978193728,12.215958381464668
toy-0008310,3545,z20,z22,4.6,15.333333333333334,16.03333333333333
toy-0008311,3545,z21,z31,2.3,7.666666666666667,9.516666666666666
toy-0008312,3545,z31,z00,7.273238618387272,24.244128727957573,23.607509418763936
toy-0008313,3545,z31,z12,5.142956348249516,17.143187827498387,17.57170965337363
toy-0008314,3545,z31,z22,3.2526911934581184,10.842303978193728,12.215958381464668
toy-0008315,3545,z31,z32,2.3,7.666666666666667,9.516666666666666
toy-0008316,3545,z02,z21,5.142956348249516,17.143187827498387,17.57170965337363
toy-0008317,3545,z12,z21,3.2526911934581184,10.842303978193728,12.215958381464668
toy-0008318,3545,z22,z11,3.2526911934581184,10.842303978193728,12.215958381464668
toy-0008319,3545,z22,z32,2.3,7.666666666666667,9.516666666666666
toy-0008320,3550,z00,z20,4.6,15.333333333333334,16.03333333333333
toy-0008321,3550,z20,z30,2.3,7.666666666666667,9.516666666666666
toy-0008322,3550,z30,z22,5.142956348249516,17.143187827498387,17.57170965337363
toy-0008323,3550,z30,z32,4.6,15.333333333333334,16.03333333333333
toy-0008324,3550,z11,z31,4.6,15.333333333333334,16.03333333333333
toy-0008325,3550,z21,z32,3.2526911934581184,10.842303978193728,12.215958381464668
toy-0008326,3550,z22,z00,6.505382386916237,21.684607956387456,21.431916762929337
toy-0008327,3550,z22,z20,4.6,15.333333333333334,16.03333333333333
toy-0008328,3550,z22,z31,3.2526911934581184,10.842303978193728,12.215958381464668
toy-0008329,3550,z32,z11,5.142956348249516,17.143187827498387,17.57170965337363
toy-0008330,3550,z32,z21,3.2526911934581184,10.842303978193728,12.215958381464668
toy-0008331,3550,z32,z31,2.3,7.666666666666667,9.516666666666666
toy-0008332,3550,z32,z22,2.3,7.666666666666667,9.516666666666666
toy-0008333,3555,z00,z10,2.3,7.666666666666667,9.516666666666666
toy-0008334,3555,z10,z12,4.6,15.333333333333334,16.03333333333333
toy-0008335,3555,z20,z21,2.3,7.666666666666667,9.516666666666666
toy-0008336,3555,z21,z01,4.6,15.333333333333334,16.03333333333333
toy-0008337,3555,z21,z12,3.2526911934581184,10.842303978193728,12.215958381464668
toy-0008338,3555,z31,z30,2.3,7.666666666666667,9.516666666666666
toy-0008339,3555,z31,z21,2.3,7.666666666666667,9.516666666666666
toy-0008340,3555,z31,z32,2.3,7.666666666666667,9.516666666666666
toy-0008341,3555,z02,z31,7.273238618387272,24.244128727957573,23.607509418763936
toy-0008342,3555,z02,z12,2.3,7.666666666666667,9.516666666666666
toy-0008343,3555,z12,z10,4.6,15.333333333333334,16.03333333333333
toy-0008344,3555,z12,z31,5.142956348249516,17.143187827498387,17.57170965337363
toy-0008345,3555,z22,z21,2.3,7.666666666666667,9.516666666666666
toy-0008346,3555,z32,z01,7.273238618387272,24.244128727957573,23.607509418763936
toy-0008347,3560,z00,z31,7.273238618387272,24.244128727957573,23.607509418763936
toy-0008348,3560,z10,z00,2.3,7.666666666666667,9.516666666666666
toy-0008349,3560,z10,z11,2.3,7.666666666666667,9.516666666666666
toy-0008350,3560,z10,z32,6.505382386916237,21.684607956387456,21.431916762929337
toy-0008351,3560,z20,z32,5.142956348249516,17.143187827498387,17.57170965337363
toy-0008352,3560,z30,z21,3.2526911934581184,10.842303978193728,12.215958381464668
toy-0008353,3560,z21,z31,2.3,7.666666666666667,9.516666666666666
toy-0008354,3560,z21,z22,2.3,7.666666666666667,9.516666666666666
toy-0008355,3560,z31,z20,3.2526911934581184,10.842303978193728,12.215958381464668
toy-0008356,3560,z31,z22,3.2526911934581184,10.842303978193728,12.215958381464668
toy-0008357,3560,z02,z11,3.2526911934581184,10.842303978193728,12.215958381464668
toy-0008358,3560,z12,z20,5.142956348249516,17.143187827498387,17.57170965337363
toy-0008359,3560,z32,z12,4.6,15.333333333333334,16.03333333333333
toy-0008360,3565,z10,z21,3.2526911934581184,10.842303978193728,12.215958381464668
toy-0008361,3565,z20,z00,4.6,15.333333333333334,16.03333333333333
toy-0008362,3565,z20,z31,3.2526911934581184,10.842303978193728,12.215958381464668
toy-0008363,3565,z20,z12,5.142956348249516,17.143187827498387,17.57170965337363
toy-0008364,3565,z30,z10,4.6,15.333333333333334,16.03333333333333
toy-0008365,3565,z30,z11,5.142956348249516,17.143187827498387,17.57170965337363
toy-0008366,3565,z30,z31,2.3,7.666666666666667,9.516666666666666
toy-0008367,3565,z01,z22,5.142956348249516,17.143187827498387,17.57170965337363
toy-0008368,3565,z11,z21,2.3,7.666666666666667,9.516666666666666
toy-0008369,3565,z21,z20,2.3,7.666666666666667,9.516666666666666
toy-0008370,3565,z21,z32,3.2526911934581184,10.842303978193728,12.215958381464668
toy-0008371,3565,z31,z01,6.8999999999999995,22.999999999999996,22.549999999999997
toy-0008372,3565,z31,z11,4.6,15.333333333333334,16.03333333333333
toy-0008373,3565,z02,z20,6.505382386916237,21.684607956387456,21.431916762929337
toy-0008374,3565,z12,z02,2.3,7.666666666666667,9.516666666666666
toy-0008375,3565,z22,z31,3.2526911934581184,10.842303978193728,12.215958381464668
toy-0008376,3565,z22,z32,2.3,7.666666666666667,9.516666666666666
toy-0008377,3565,z32,z31,2.3,7.666666666666667,9.516666666666666
toy-0008378,3570,z10,z30,4.6,15.333333333333334,16.03333333333333
toy-0008379,3570,z10,z01,3.2526911934581184,10.842303978193728,12.215958381464668
toy-0008380,3570,z20,z11,3.2526911934581184,10.842303978193728,12.215958381464668
toy-0008381,3570,z01,z10,3.2526911934581184,10.842303978193728,12.215958381464668
toy-0008382,3570,z01,z31,6.8999999999999995,22.999999999999996,22.549999999999997
toy-0008383,3570,z11,z10,2.3,7.666666666666667,9.516666666666666
toy-0008384,3570,z11,z31,4.6,15.333333333333334,16.03333333333333
toy-0008385,3570,z11,z32,5.142956348249516,17.143187827498387,17.57170965337363
toy-0008386,3570,z21,z11,2.3,7.666666666666667,9.516666666666666
toy-0008387,3570,z21,z02,5.142956348249516,17.143187827498387,17.57170965337363
toy-0008388,3570,z31,z10,5.142956348249516,17.143187827498387,17.57170965337363
toy-0008389,3570,z31,z21,2.3,7.666666666666667,9.516666666666666
toy-0008390,3570,z31,z32,2.3,7.666666666666667,9.516666666666666
toy-0008391,3570,z22,z30,5.142956348249516,17.143187827498387,17.57170965337363
toy-0008392,3570,z32,z20,5.142956348249516,17.143187827498387,17.57170965337363
toy-0008393,3570,z32,z21,3.2526911934581184,10.842303978193728,12.215958381464668
toy-0008394,3570,z32,z02,6.8999999999999995,22.999999999999996,22.549999999999997
toy-0008395,3570,z32,z22,2.3,7.666666666666667,9.516666666666666
toy-0008396,3575,z00,z32,8.292767933567175,27.64255977855725,26.49617581177366
toy-0008397,3575,z10,z22,5.142956348249516,17.143187827498387,17.57170965337363
toy-0008398,3575,z11,z20,3.2526911934581184,10.842303978193728,12.215958381464668
toy-0008399,3575,z11,z22,3.2526911934581184,10.842303978193728,12.215958381464668
toy-0008400,3575,z21,z31,2.3,7.666666666666667,9.516666666666666
toy-0008401,3575,z31,z12,5.142956348249516,17.143187827498387,17.57170965337363
toy-0008402,3575,z31,z22,3.2526911934581184,10.842303978193728,12.215958381464668
toy-0008403,3575,z32,z30,4.6,15.333333333333334,16.03333333333333
toy-0008404,3575,z32,z11,5.142956348249516,17.143187827498387,17.57170965337363
toy-0008405,3575,z32,z31,2.3,7.666666666666667,9.516666666666666
toy-0008406,3580,z00,z01,2.3,7.666666666666667,9.516666666666666
toy-0008407,3580,z10,z31,5.142956348249516,17.143187827498387,17.57170965337363
toy-0008408,3580,z20,z22,4.6,15.333333333333334,16.03333333333333
toy-0008409,3580,z01,z32,7.273238618387272,24.244128727957573,23.607509418763936
toy-0008410,3580,z11,z30,5.142956348249516,17.143187827498387,17.57170965337363
toy-0008411,3580,z11,z02,3.2526911934581184,10.842303978193728,12.215958381464668
toy-0008412,3580,z21,z10,3.2526911934581184,10.842303978193728,12.215958381464668
toy-0008413,3580,z21,z30,3.2526911934581184,10.842303978193728,12.215958381464668
toy-0008414,3580,z31,z32,2.3,7.666666666666667,9.516666666666666
toy-0008415,3580,z12,z31,5.142956348249516,17.143187827498387,17.57170965337363
toy-0008416,3580,z12,z22,2.3,7.666666666666667,9.516666666666666
toy-0008417,3580,z12,z32,4.6,15.333333333333334,16.03333333333333
toy-0008418,3580,z22,z01,5.142956348249516,17.143187827498387,17.57170965337363
toy-0008419,3580,z22,z11,3.2526911934581184,10.842303978193728,12.215958381464668
toy-0008420,3580,z22,z21,2.3,7.666666666666667,9.516666666666666
toy-0008421,3580,z32,z10,6.505382386916237,21.684607956387456,21.431916762929337
toy-0008422,3585,z10,z20,2.3,7.666666666666667,9.516666666666666
toy-0008423,3585,z20,z02,6.505382386916237,21.684607956387456,21.431916762929337
toy-0008424,3585,z20,z32,5.142956348249516,17.143187827498387,17.57170965337363
toy-0008425,3585,z01,z00,2.3,7.666666666666667,9.516666666666666
toy-0008426,3585,z21,z22,2.3,7.666666666666667,9.516666666666666
toy-0008427,3585,z21,z32,3.2526911934581184,10.842303978193728,12.215958381464668
toy-0008428,3585,z31,z20,3.2526911934581184,10.842303978193728,12.215958381464668
toy-0008429,3585,z31,z11,4.6,15.333333333333334,16.03333333333333
toy-0008430,3585,z31,z21,2.3,7.666666666666667,9.516666666666666
toy-0008431,3585,z12,z11,2.3,7.666666666666667,9.516666666666666
toy-0008432,3585,z12,z21,3.2526911934581184,10.842303978193728,12.215958381464668
toy-0008433,3585,z22,z20,4.6,15.333333333333334,16.03333333333333
toy-0008434,3585,z22,z31,3.2526911934581184,10.842303978193728,12.215958381464668
toy-0008435,3585,z22,z32,2.3,7.666666666666667,9.516666666666666
toy-0008436,3590,z00,z21,5.142956348249516,17.143187827498387,17.57170965337363
toy-0008437,3590,z20,z10,2.3,7.666666666666667,9.516666666666666
toy-0008438,3590,z20,z21,2.3,7.666666666666667,9.516666666666666
toy-0008439,3590,z20,z31,3.2526911934581184,10.842303978193728,12.215958381464668
toy-0008440,3590,z01,z21,4.6,15.333333333333334,16.03333333333333
toy-0008441,3590,z01,z12,3.2526911934581184,10.842303978193728,12.215958381464668
toy-0008442,3590,z11,z31,4.6,15.333333333333334,16.03333333333333
toy-0008443,3590,z11,z12,2.3,7.666666666666667,9.516666666666666
toy-0008444,3590,z21,z31,2.3,7.666666666666667,9.516666666666666
toy-0008445,3590,z22,z10,5.142956348249516,17.143187827498387,17.57170965337363
toy-0008446,3590,z22,z12,2.3,7.666666666666667,9.516666666666666
toy-0008447,3590,z32,z21,3.2526911934581184,10.842303978193728,12.215958381464668
toy-0008448,3590,z32,z31,2.3,7.666666666666667,9.516666666666666
toy-0008449,3590,z32,z22,2.3,7.666666666666667,9.516666666666666
toy-0008450,3595,z11,z21,2.3,7.666666666666667,9.516666666666666
toy-0008451,3595,z11,z32,5.142956348249516,17.143187827498387,17.57170965337363
toy-0008452,3595,z21,z20,2.3,7.666666666666667,9.516666666666666
toy-0008453,3595,z31,z00,7.273238618387272,24.244128727957573,23.607509418763936
toy-0008454,3595,z31,z30,2.3,7.666666666666667,9.516666666666666
toy-0008455,3595,z31,z02,7.273238618387272,24.244128727957573,23.607509418763936
toy-0008456,3595,z31,z22,3.2526911934581184,10.842303978193728,12.215958381464668
toy-0008457,3595,z31,z32,2.3,7.666666666666667,9.516666666666666
toy-0008458,3595,z02,z22,4.6,15.333333333333334,16.03333333333333
toy-0008459,3595,z12,z01,3.2526911934581184,10.842303978193728,12.215958381464668
toy-0008460,3595,z32,z12,4.6,15.333333333333334,16.03333333333333
toy-0008461,3600,z00,z30,6.8999999999999995,22.999999999999996,22.549999999999997
toy-0008462,3600,z10,z32,6.505382386916237,21.684607956387456,21.431916762929337
toy-0008463,3600,z30,z00,6.8999999999999995,22.999999999999996,22.549999999999997
toy-0008464,3600,z21,z11,2.3,7.666666666666667,9.516666666666666
toy-0008465,3600,z21,z12,3.2526911934581184,10.842303978193728,12.215958381464668
toy-0008466,3600,z31,z10,5.142956348249516,17.143187827498387,17.57170965337363
toy-0008467,3600,z31,z01,6.8999999999999995,22.999999999999996,22.549999999999997
toy-0008468,3600,z31,z21,2.3,7.666666666666667,9.516666666666666
toy-0008469,3600,z22,z31,3.2526911934581184,10.842303978193728,12.215958381464668
toy-0008470,3600,z32,z20,5.142956348249516,17.143187827498387,17.57170965337363
toy-0008471,3600,z32,z01,7.273238618387272,24.244128727957573,23.607509418763936
toy-0008472,3600,z32,z31,2.3,7.666666666666667,9.516666666666666
toy-0008473,3605,z00,z31,7.273238618387272,24.244128727957573,23.607509418763936
toy-0008474,3605,z30,z31,2.3,7.666666666666667,9.516666666666666
toy-0008475,3605,z30,z32,4.6,15.333333333333334,16.03333333333333
toy-0008476,3605,z01,z20,5.142956348249516,17.143187827498387,17.57170965337363
toy-0008477,3605,z01,z11,2.3,7.666666666666667,9.516666666666666
toy-0008478,3605,z01,z31,6.8999999999999995,22.999999999999996,22.549999999999997
toy-0008479,3605,z21,z01,4.6,15.333333333333334,16.03333333333333
toy-0008480,3605,z21,z31,2.3,7.666666666666667,9.516666666666666
toy-0008481,3605,z21,z22,2.3,7.666666666666667,9.516666666666666
toy-0008482,3605,z21,z32,3.2526911934581184,10.842303978193728,12.215958381464668
toy-0008483,3605,z31,z20,3.2526911934581184,10.842303978193728,12.215958381464668
toy-0008484,3605,z31,z11,4.6,15.333333333333334,16.03333333333333
toy-0008485,3605,z31,z12,5.142956348249516,17.143187827498387,17.57170965337363
toy-0008486,3605,z31,z32,2.3,7.666666666666667,9.516666666666666
toy-0008487,3605,z22,z21,2.3,7.666666666666667,9.516666666666666
toy-0008488,3605,z22,z32,2.3,7.666666666666667,9.516666666666666
toy-0008489,3605,z32,z00,8.292767933567175,27.64255977855725,26.49617581177366
toy-0008490,3605,z32,z11,5.142956348249516,17.143187827498387,17.57170965337363
toy-0008491,3605,z32,z21,3.2526911934581184,10.842303978193728,12.215958381464668
toy-0008492,3610,z00,z22,6.505382386916237,21.684607956387456,21.431916762929337
toy-0008493,3610,z10,z21,3.2526911934581184,10.842303978193728,12.215958381464668
toy-0008494,3610,z10,z31,5.142956348249516,17.143187827498387,17.57170965337363
toy-0008495,3610,z20,z31,3.2526911934581184,10.842303978193728,12.215958381464668
toy-0008496,3610,z11,z01,2.3,7.666666666666667,9.516666666666666
toy-0008497,3610,z11,z31,4.6,15.333333333333334,16.03333333333333
toy-0008498,3610,z11,z22,3.2526911934581184,10.842303978193728,12.215958381464668
toy-0008499,3610,z21,z00,5.142956348249516,17.143187827498387,17.57170965337363
toy-0008500,3610,z31,z21,2.3,7.666666666666667,9.516666666666666
toy-0008501,3610,z31,z22,3.2526911934581184,10.842303978193728,12.215958381464668
toy-0008502,3610,z02,z31,7.273238618387272,24.244128727957573,23.607509418763936
toy-0008503,3610,z02,z32,6.8999999999999995,22.999999999999996,22.549999999999997
toy-0008504,3610,z12,z31,5.142956348249516,17.143187827498387,17.57170965337363
toy-0008505,3610,z32,z31,2.3,7.666666666666667,9.516666666666666
toy-0008506,3610,z32,z22,2.3,7.666666666666667,9.516666666666666
toy-0008507,3615,z00,z11,3.2526911934581184,10.842303978193728,12.215958381464668
toy-0008508,3615,z20,z01,5.142956348249516,17.143187827498387,17.57170965337363
toy-0008509,3615,z20,z11,3.2526911934581184,10.842303978193728,12.215958381464668
toy-0008510,3615,z20,z22,4.6,15.333333333333334,16.03333333333333
toy-0008511,3615,z20,z32,5.142956348249516,17.143187827498387,17.57170965337363
toy-0008512,3615,z30,z22,5.142956348249516,17.143187827498387,17.57170965337363
toy-0008513,3615,z21,z31,2.3,7.666666666666667,9.516666666666666
toy-0008514,3615,z31,z32,2.3,7.666666666666667,9.516666666666666
toy-0008515,3615,z02,z00,4.6,15.333333333333334,16.03333333333333
toy-0008516,3615,z12,z32,4.6,15.333333333333334,16.03333333333333
toy-0008517,3615,z22,z11,3.2526911934581184,10.842303978193728,12.215958381464668
toy-0008518,3615,z22,z31,3.2526911934581184,10.842303978193728,12.215958381464668
toy-0008519,3615,z22,z02,4.6,15.333333333333334,16.03333333333333
toy-0008520,3620,z00,z02,4.6,15.333333333333334,16.03333333333333
toy-0008521,3620,z20,z21,2.3,7.666666666666667,9.516666666666666
toy-0008522,3620,z30,z21,3.2526911934581184,10.842303978193728,12.215958381464668
toy-0008523,3620,z01,z22,5.142956348249516,17.143187827498387,17.57170965337363
toy-0008524,3620,z11,z20,3.2526911934581184,10.842303978193728,12.215958381464668
toy-0008525,3620,z11,z32,5.142956348249516,17.143187827498387,17.57170965337363
toy-0008526,3620,z21,z32,3.2526911934581184,10.842303978193728,12.215958381464668
toy-0008527,3620,z31,z11,4.6,15.333333333333334,16.03333333333333
toy-0008528,3620,z31,z22,3.2526911934581184,10.842303978193728,12.215958381464668
toy-0008529,3620,z22,z20,4.6,15.333333333333334,16.03333333333333
toy-0008530,3620,z32,z10,6.505382386916237,21.684607956387456,21.431916762929337
toy-0008531,3625,z10,z11,2.3,7.666666666666667,9.516666666666666
toy-0008532,3625,z10,z22,5.142956348249516,17.143187827498387,17.57170965337363
toy-0008533,3625,z30,z12,6.505382386916237,21.684607956387456,21.431916762929337
toy-0008534,3625,z01,z32,7.273238618387272,24.244128727957573,23.607509418763936
toy-0008535,3625,z11,z21,2.3,7.666666666666667,9.516666666666666
toy-0008536,3625,z11,z31,4.6,15.333333333333334,16.03333333333333
toy-0008537,3625,z21,z10,3.2526911934581184,10.842303978193728,12.215958381464668
toy-0008538,3625,z21,z20,2.3,7.666666666666667,9.516666666666666
toy-0008539,3625,z21,z22,2.3,7.666666666666667,9.516666666666666
toy-0008540,3625,z31,z20,3.2526911934581184,10.842303978193728,12.215958381464668
toy-0008541,3625,z31,z21,2.3,7.666666666666667,9.516666666666666
toy-0008542,3625,z31,z32,2.3,7.666666666666667,9.516666666666666
toy-0008543,3625,z02,z21,5.142956348249516,17.143187827498387,17.57170965337363
toy-0008544,3625,z12,z20,5.142956348249516,17.143187827498387,17.57170965337363
toy-0008545,3625,z12,z21,3.2526911934581184,10.842303978193728,12.215958381464668
toy-0008546,3625,z12,z22,2.3,7.666666666666667,9.516666666666666
toy-0008547,3625,z22,z00,6.505382386916237,21.684607956387456,21.431916762929337
toy-0008548,3625,z22,z21,2.3,7.666666666666667,9.516666666666666
toy-0008549,3625,z22,z31,3.2526911934581184,10.842303978193728,12.215958381464668
toy-0008550,3625,z22,z32,2.3,7.666666666666667,9.516666666666666
toy-0008551,3625,z32,z20,5.142956348249516,17.143187827498387,17.57170965337363
toy-0008552,3625,z32,z30,4.6,15.333333333333334,16.03333333333333
toy-0008553,3625,z32,z11,5.142956348249516,17.143187827498387,17.57170965337363
toy-0008554,3625,z32,z21,3.2526911934581184,10.842303978193728,12.215958381464668
toy-0008555,3625,z32,z31,2.3,7.666666666666667,9.516666666666666
toy-0008556,3630,z20,z31,3.2526911934581184,10.842303978193728,12.215958381464668
toy-0008557,3630,z20,z12,5.142956348249516,17.143187827498387,17.57170965337363
toy-0008558,3630,z30,z20,2.3,7.666666666666667,9.516666666666666
toy-0008559,3630,z30,z01,7.273238618387272,24.244128727957573,23.607509418763936
toy-0008560,3630,z01,z30,7.273238618387272,24.244128727957573,23.607509418763936
toy-0008561,3630,z11,z00,3.2526911934581184,10.842303978193728,12.215958381464668
toy-0008562,3630,z21,z11,2.3,7.666666666666667,9.516666666666666
toy-0008563,3630,z21,z31,2.3,7.666666666666667,9.516666666666666
toy-0008564,3630,z31,z10,5.142956348249516,17.143187827498387,17.57170965337363
toy-0008565,3630,z31,z01,6.8999999999999995,22.999999999999996,22.549999999999997
toy-0008566,3630,z31,z12,5.142956348249516,17.143187827498387,17.57170965337363
toy-0008567,3630,z12,z30,6.505382386916237,21.684607956387456,21.431916762929337
toy-0008568,3630,z32,z12,4.6,15.333333333333334,16.03333333333333
toy-0008569,3630,z32,z22,2.3,7.666666666666667,9.516666666666666
toy-0008570,3635,z00,z32,8.292767933567175,27.64255977855725,26.49617581177366
toy-0008571,3635,z10,z31,5.142956348249516,17.143187827498387,17.57170965337363
toy-0008572,3635,z11,z10,2.3,7.666666666666667,9.516666666666666
toy-0008573,3635,z21,z30,3.2526911934581184,10.842303978193728,12.215958381464668
toy-0008574,3635,z21,z12,3.2526911934581184,10.842303978193728,12.215958381464668
toy-0008575,3635,z21,z32,3.2526911934581184,10.842303978193728,12.215958381464668
toy-0008576,3635,z31,z00,7.273238618387272,24.244128727957573,23.607509418763936
toy-0008577,3635,z31,z30,2.3,7.666666666666667,9.516666666666666
toy-0008578,3635,z31,z21,2.3,7.666666666666667,9.516666666666666
toy-0008579,3635,z31,z22,3.2526911934581184,10.842303978193728,12.215958381464668
toy-0008580,3635,z12,z31,5.142956348249516,17.143187827498387,17.57170965337363
toy-0008581,3635,z22,z10,5.142956348249516,17.143187827498387,17.57170965337363
toy-0008582,3635,z22,z30,5.142956348249516,17.143187827498387,17.57170965337363
toy-0008583,3635,z22,z01,5.142956348249516,17.143187827498387,17.57170965337363
toy-0008584,3635,z22,z12,2.3,7.666666666666667,9.516666666666666
toy-0008585,3635,z32,z31,2.3,7.666666666666667,9.516666666666666
toy-0008586,3640,z10,z32,6.505382386916237,21.684607956387456,21.431916762929337
toy-0008587,3640,z20,z30,2.3,7.666666666666667,9.516666666666666
toy-0008588,3640,z20,z32,5.142956348249516,17.143187827498387,17.57170965337363
toy-0008589,3640,z30,z31,2.3,7.666666666666667,9.516666666666666
toy-0008590,3640,z01,z21,4.6,15.333333333333334,16.03333333333333
toy-0008591,3640,z01,z31,6.8999999999999995,22.999999999999996,22.549999999999997
toy-0008592,3640,z11,z22,3.2526911934581184,10.842303978193728,12.215958381464668
toy-0008593,3640,z11,z32,5.142956348249516,17.143187827498387,17.57170965337363
toy-0008594,3640,z21,z31,2.3,7.666666666666667,9.516666666666666
toy-0008595,3640,z31,z11,4.6,15.333333333333334,16.03333333333333
toy-0008596,3640,z31,z32,2.3,7.666666666666667,9.516666666666666
toy-0008597,3640,z12,z11,2.3,7.666666666666667,9.516666666666666
toy-0008598,3640,z22,z31,3.2526911934581184,10.842303978193728,12.215958381464668
toy-0008599,3640,z22,z32,2.3,7.666666666666667,9.516666666666666
toy-0008600,3640,z32,z01,7.273238618387272,24.244128727957573,23.607509418763936
toy-0008601,3640,z32,z21,3.2526911934581184,10.842303978193728,12.215958381464668
toy-0008602,3640,z32,z02,6.8999999999999995,22.999999999999996,22.549999999999997
toy-0008603,3645,z10,z12,4.6,15.333333333333334,16.03333333333333
toy-0008604,3645,z20,z22,4.6,15.333333333333334,16.03333333333333
toy-0008605,3645,z11,z31,4.6,15.333333333333334,16.03333333333333
toy-0008606,3645,z11,z12,2.3,7.666666666666667,9.516666666666666
toy-0008607,3645,z31,z20,3.2526911934581184,10.842303978193728,12.215958381464668
toy-0008608,3645,z31,z02,7.273238618387272,24.244128727957573,23.607509418763936
toy-0008609,3645,z12,z10,4.6,15.333333333333334,16.03333333333333
toy-0008610,3645,z22,z11,3.2526911934581184,10.842303978193728,12.215958381464668
toy-0008611,3645,z22,z21,2.3,7.666666666666667,9.516666666666666
toy-0008612,3645,z32,z31,2.3,7.666666666666667,9.516666666666666
toy-0008613,3645,z32,z22,2.3,7.666666666666667,9.516666666666666
toy-0008614,3650,z00,z31,7.273238618387272,24.244128727957573,23.607509418763936
toy-0008615,3650,z10,z20,2.3,7.666666666666667,9.516666666666666
toy-0008616,3650,z20,z21,2.3,7.666666666666667,9.516666666666666
toy-0008617,3650,z20,z31,3.2526911934581184,10.842303978193728,12.215958381464668
toy-0008618,3650,z30,z11,5.142956348249516,17.143187827498387,17.57170965337363
toy-0008619,3650,z30,z32,4.6,15.333333333333334,16.03333333333333
toy-0008620,3650,z11,z21,2.3,7.666666666666667,9.516666666666666
toy-0008621,3650,z21,z02,5.142956348249516,17.143187827498387,17.57170965337363
toy-0008622,3650,z21,z22,2.3,7.666666666666667,9.516666666666666
toy-0008623,3650,z31,z21,2.3,7.666666666666667,9.516666666666666
toy-0008624,3650,z31,z22,3.2526911934581184,10.842303978193728,12.215958381464668
toy-0008625,3650,z31,z32,2.3,7.666666666666667,9.516666666666666
toy-0008626,3650,z12,z32,4.6,15.333333333333334,16.03333333333333
toy-0008627,3650,z22,z20,4.6,15.333333333333334,16.03333333333333
toy-0008628,3650,z32,z20,5.142956348249516,17.143187827498387,17.57170965337363
toy-0008629,3650,z32,z11,5.142956348249516,17.143187827498387,17.57170965337363
toy-0008630,3655,z00,z20,4.6,15.333333333333334,16.03333333333333
toy-0008631,3655,z00,z21,5.142956348249516,17.143187827498387,17.57170965337363
toy-0008632,3655,z10,z21,3.2526911934581184,10.842303978193728,12.215958381464668
toy-0008633,3655,z20,z10,2.3,7.666666666666667,9.516666666666666
toy-0008634,3655,z21,z20,2.3,7.666666666666667,9.516666666666666
toy-0008635,3655,z21,z01,4.6,15.333333333333334,16.03333333333333
toy-0008636,3655,z21,z11,2.3,7.666666666666667,9.516666666666666
toy-0008637,3655,z21,z31,2.3,7.666666666666667,9.516666666666666
toy-0008638,3655,z21,z32,3.2526911934581184,10.842303978193728,12.215958381464668
toy-0008639,3655,z31,z12,5.142956348249516,17.143187827498387,17.57170965337363
toy-0008640,3655,z22,z31,3.2526911934581184,10.842303978193728,12.215958381464668
toy-0008641,3655,z32,z10,6.505382386916237,21.684607956387456,21.431916762929337
toy-0008642,3655,z32,z21,3.2526911934581184,10.842303978193728,12.215958381464668
toy-0008643,3655,z32,z31,2.3,7.666666666666667,9.516666666666666
toy-0008644,3660,z20,z11,3.2526911934581184,10.842303978193728,12.215958381464668
toy-0008645,3660,z11,z20,3.2526911934581184,10.842303978193728,12.215958381464668
toy-0008646,3660,z11,z30,5.142956348249516,17.143187827498387,17.57170965337363
toy-0008647,3660,z31,z10,5.142956348249516,17.143187827498387,17.57170965337363
toy-0008648,3660,z31,z11,4.6,15.333333333333334,16.03333333333333
toy-0008649,3660,z31,z21,2.3,7.666666666666667,9.516666666666666
toy-0008650,3660,z31,z32,2.3,7.666666666666667,9.516666666666666
toy-0008651,3660,z12,z31,5.142956348249516,17.143187827498387,17.57170965337363
toy-0008652,3660,z22,z32,2.3,7.666666666666667,9.516666666666666
toy-0008653,3660,z32,z00,8.292767933567175,27.64255977855725,26.49617581177366
toy-0008654,3665,z00,z12,5.142956348249516,17.143187827498387,17.57170965337363
toy-0008655,3665,z10,z31,5.142956348249516,17.143187827498387,17.57170965337363
toy-0008656,3665,z20,z32,5.142956348249516,17.143187827498387,17.57170965337363
toy-0008657,3665,z01,z32,7.273238618387272,24.244128727957573,23.607509418763936
toy-0008658,3665,z11,z31,4.6,15.333333333333334,16.03333333333333
toy-0008659,3665,z11,z32,5.142956348249516,17.143187827498387,17.57170965337363
toy-0008660,3665,z31,z20,3.2526911934581184,10.842303978193728,12.215958381464668
toy-0008661,3665,z31,z01,6.8999999999999995,22.999999999999996,22.549999999999997
toy-0008662,3665,z31,z22,3.2526911934581184,10.842303978193728,12.215958381464668
toy-0008663,3665,z02,z30,8.292767933567175,27.64255977855725,26.49617581177366
toy-0008664,3665,z02,z31,7.273238618387272,24.244128727957573,23.607509418763936
toy-0008665,3665,z12,z21,3.2526911934581184,10.842303978193728,12.215958381464668
toy-0008666,3665,z12,z22,2.3,7.666666666666667,9.516666666666666
toy-0008667,3665,z32,z31,2.3,7.666666666666667,9.516666666666666
toy-0008668,3665,z32,z12,4.6,15.333333333333334,16.03333333333333
toy-0008669,3665,z32,z22,2.3,7.666666666666667,9.516666666666666
toy-0008670,3670,z10,z22,5.142956348249516,17.143187827498387,17.57170965337363
toy-0008671,3670,z20,z00,4.6,15.333333333333334,16.03333333333333
toy-0008672,3670,z20,z31,3.2526911934581184,10.842303978193728,12.215958381464668
toy-0008673,3670,z30,z02,8.292767933567175,27.64255977855725,26.49617581177366
toy-0008674,3670,z01,z11,2.3,7.666666666666667,9.516666666666666
toy-0008675,3670,z01,z31,6.8999999999999995,22.999999999999996,22.549999999999997
toy-0008676,3670,z11,z22,3.2526911934581184,10.842303978193728,12.215958381464668
toy-0008677,3670,z21,z10,3.2526911934581184,10.842303978193728,12.215958381464668
toy-0008678,3670,z21,z31,2.3,7.666666666666667,9.516666666666666
toy-0008679,3670,z21,z22,2.3,7.666666666666667,9.516666666666666
toy-0008680,3670,z21,z32,3.2526911934581184,10.842303978193728,12.215958381464668
toy-0008681,3670,z31,z30,2.3,7.666666666666667,9.516666666666666
toy-0008682,3670,z12,z00,5.142956348249516,17.143187827498387,17.57170965337363
toy-0008683,3670,z22,z21,2.3,7.666666666666667,9.516666666666666
toy-0008684,3670,z22,z31,3.2526911934581184,10.842303978193728,12.215958381464668
toy-0008685,3675,z10,z32,6.505382386916237,21.684607956387456,21.431916762929337
toy-0008686,3675,z30,z21,3.2526911934581184,10.842303978193728,12.215958381464668
toy-0008687,3675,z01,z22,5.142956348249516,17.143187827498387,17.57170965337363
toy-0008688,3675,z21,z00,5.142956348249516,17.143187827498387,17.57170965337363
toy-0008689,3675,z21,z12,3.2526911934581184,10.842303978193728,12.215958381464668
toy-0008690,3675,z31,z21,2.3,7.666666666666667,9.516666666666666
toy-0008691,3675,z31,z32,2.3,7.666666666666667,9.516666666666666
toy-0008692,3675,z02,z11,3.2526911934581184,10.842303978193728,12.215958381464668
toy-0008693,3675,z22,z11,3.2526911934581184,10.842303978193728,12.215958381464668
toy-0008694,3675,z32,z20,5.142956348249516,17.143187827498387,17.57170965337363
toy-0008695,3675,z32,z30,4.6,15.333333333333334,16.03333333333333
toy-0008696,3675,z32,z11,5.142956348249516,17.143187827498387,17.57170965337363
toy-0008697,3675,z32,z21,3.2526911934581184,10.842303978193728,12.215958381464668
toy-0008698,3680,z00,z22,6.505382386916237,21.684607956387456,21.431916762929337
toy-0008699,3680,z10,z01,3.2526911934581184,10.842303978193728,12.215958381464668
toy-0008700,3680,z20,z21,2.3,7.666666666666667,9.516666666666666
toy-0008701,3680,z20,z22,4.6,15.333333333333334,16.03333333333333
toy-0008702,3680,z30,z31,2.3,7.666666666666667,9.516666666666666
toy-0008703,3680,z30,z22,5.142956348249516,17.143187827498387,17.57170965337363
toy-0008704,3680,z01,z10,3.2526911934581184,10.842303978193728,12.215958381464668
toy-0008705,3680,z01,z20,5.142956348249516,17.143187827498387,17.57170965337363
toy-0008706,3680,z11,z01,2.3,7.666666666666667,9.516666666666666
toy-0008707,3680,z11,z21,2.3,7.666666666666667,9.516666666666666
toy-0008708,3680,z21,z31,2.3,7.666666666666667,9.516666666666666
toy-0008709,3680,z31,z00,7.273238618387272,24.244128727957573,23.607509418763936
toy-0008710,3680,z31,z11,4.6,15.333333333333334,16.03333333333333
toy-0008711,3680,z31,z12,5.142956348249516,17.143187827498387,17.57170965337363
toy-0008712,3680,z31,z22,3.2526911934581184,10.842303978193728,12.215958381464668
toy-0008713,3680,z02,z22,4.6,15.333333333333334,16.03333333333333
toy-0008714,3680,z02,z32,6.8999999999999995,22.999999999999996,22.549999999999997
toy-0008715,3680,z22,z12,2.3,7.666666666666667,9.516666666666666
toy-0008716,3680,z22,z32,2.3,7.666666666666667,9.516666666666666
toy-0008717,3680,z32,z31,2.3,7.666666666666667,9.516666666666666
toy-0008718,3685,z01,z12,3.2526911934581184,10.842303978193728,12.215958381464668
toy-0008719,3685,z11,z31,4.6,15.333333333333334,16.03333333333333
toy-0008720,3685,z21,z20,2.3,7.666666666666667,9.516666666666666
toy-0008721,3685,z21,z11,2.3,7.666666666666667,9.516666666666666
toy-0008722,3685,z31,z20,3.2526911934581184,10.842303978193728,12.215958381464668
toy-0008723,3685,z31,z32,2.3,7.666666666666667,9.516666666666666
toy-0008724,3685,z12,z20,5.142956348249516,17.143187827498387,17.57170965337363
toy-0008725,3685,z12,z32,4.6,15.333333333333334,16.03333333333333
toy-0008726,3685,z22,z10,5.142956348249516,17.143187827498387,17.57170965337363
toy-0008727,3685,z22,z20,4.6,15.333333333333334,16.03333333333333
toy-0008728,3685,z22,z31,3.2526911934581184,10.842303978193728,12.215958381464668
toy-0008729,3685,z32,z01,7.273238618387272,24.244128727957573,23.607509418763936
toy-0008730,3685,z32,z22,2.3,7.666666666666667,9.516666666666666
toy-0008731,3690,z10,z11,2.3,7.666666666666667,9.516666666666666
toy-0008732,3690,z20,z01,5.142956348249516,17.143187827498387,17.57170965337363
toy-0008733,3690,z20,z31,3.2526911934581184,10.842303978193728,12.215958381464668
toy-0008734,3690,z20,z12,5.142956348249516,17.143187827498387,17.57170965337363
toy-0008735,3690,z01,z21,4.6,15.333333333333334,16.03333333333333
toy-0008736,3690,z11,z02,3.2526911934581184,10.842303978193728,12.215958381464668
toy-0008737,3690,z11,z32,5.142956348249516,17.143187827498387,17.57170965337363
toy-0008738,3690,z21,z32,3.2526911934581184,10.842303978193728,12.215958381464668
toy-0008739,3690,z31,z10,5.142956348249516,17.143187827498387,17.57170965337363
toy-0008740,3690,z31,z21,2.3,7.666666666666667,9.516666666666666
toy-0008741,3690,z02,z20,6.505382386916237,21.684607956387456,21.431916762929337
toy-0008742,3690,z12,z01,3.2526911934581184,10.842303978193728,12.215958381464668
toy-0008743,3690,z12,z31,5.142956348249516,17.143187827498387,17.57170965337363
toy-0008744,3690,z22,z01,5.142956348249516,17.143187827498387,17.57170965337363
toy-0008745,3690,z22,z21,2.3,7.666666666666667,9.516666666666666
toy-0008746,3690,z32,z21,3.2526911934581184,10.842303978193728,12.215958381464668
toy-0008747,3690,z32,z31,2.3,7.666666666666667,9.516666666666666
toy-0008748,3695,z00,z31,7.273238618387272,24.244128727957573,23.607509418763936
toy-0008749,3695,z00,z32,8.292767933567175,27.64255977855725,26.49617581177366
toy-0008750,3695,z10,z30,4.6,15.333333333333334,16.03333333333333
toy-0008751,3695,z10,z31,5.142956348249516,17.143187827498387,17.57170965337363
toy-0008752,3695,z20,z32,5.142956348249516,17.143187827498387,17.57170965337363
toy-0008753,3695,z30,z10,4.6,15.333333333333334,16.03333333333333
toy-0008754,3695,z11,z10,2.3,7.666666666666667,9.516666666666666
toy-0008755,3695,z21,z30,3.2526911934581184,10.842303978193728,12.215958381464668
toy-0008756,3695,z21,z31,2.3,7.666666666666667,9.516666666666666
toy-0008757,3695,z21,z22,2.3,7.666666666666667,9.516666666666666
toy-0008758,3695,z31,z11,4.6,15.333333333333334,16.03333333333333
toy-0008759,3695,z31,z22,3.2526911934581184,10.842303978193728,12.215958381464668
toy-0008760,3695,z31,z32,2.3,7.666666666666667,9.516666666666666
toy-0008761,3695,z02,z01,2.3,7.666666666666667,9.516666666666666
toy-0008762,3695,z22,z30,5.142956348249516,17.143187827498387,17.57170965337363
toy-0008763,3695,z32,z10,6.505382386916237,21.684607956387456,21.431916762929337
toy-0008764,3700,z10,z21,3.2526911934581184,10.842303978193728,12.215958381464668
toy-0008765,3700,z31,z01,6.8999999999999995,22.999999999999996,22.549999999999997
toy-0008766,3700,z31,z02,7.273238618387272,24.244128727957573,23.607509418763936
toy-0008767,3700,z12,z11,2.3,7.666666666666667,9.516666666666666
toy-0008768,3700,z22,z00,6.505382386916237,21.684607956387456,21.431916762929337
toy-0008769,3700,z22,z31,3.2526911934581184,10.842303978193728,12.215958381464668
toy-0008770,3700,z22,z32,2.3,7.666666666666667,9.516666666666666
toy-0008771,3700,z32,z11,5.142956348249516,17.143187827498387,17.57170965337363
toy-0008772,3700,z32,z12,4.6,15.333333333333334,16.03333333333333
toy-0008773,3705,z00,z10,2.3,7.666666666666667,9.516666666666666
toy-0008774,3705,z20,z11,3.2526911934581184,10.842303978193728,12.215958381464668
toy-0008775,3705,z20,z02,6.505382386916237,21.684607956387456,21.431916762929337
toy-0008776,3705,z30,z32,4.6,15.333333333333334,16.03333333333333
toy-0008777,3705,z01,z31,6.8999999999999995,22.999999999999996,22.549999999999997
toy-0008778,3705,z01,z02,2.3,7.666666666666667,9.516666666666666
toy-0008779,3705,z11,z20,3.2526911934581184,10.842303978193728,12.215958381464668
toy-0008780,3705,z11,z31,4.6,15.333333333333334,16.03333333333333
toy-0008781,3705,z11,z12,2.3,7.666666666666667,9.516666666666666
toy-0008782,3705,z11,z22,3.2526911934581184,10.842303978193728,12.215958381464668
toy-0008783,3705,z21,z01,4.6,15.333333333333334,16.03333333333333
toy-0008784,3705,z21,z32,3.2526911934581184,10.842303978193728,12.215958381464668
toy-0008785,3705,z31,z20,3.2526911934581184,10.842303978193728,12.215958381464668
toy-0008786,3705,z31,z21,2.3,7.666666666666667,9.516666666666666
toy-0008787,3705,z02,z21,5.142956348249516,17.143187827498387,17.57170965337363
toy-0008788,3705,z12,z21,3.2526911934581184,10.842303978193728,12.215958381464668
toy-0008789,3705,z22,z02,4.6,15.333333333333334,16.03333333333333
toy-0008790,3705,z32,z20,5.142956348249516,17.143187827498387,17.57170965337363
toy-0008791,3705,z32,z31,2.3,7.666666666666667,9.516666666666666
toy-0008792,3705,z32,z22,2.3,7.666666666666667,9.516666666666666
toy-0008793,3710,z00,z11,3.2526911934581184,10.842303978193728,12.215958381464668
toy-0008794,3710,z10,z00,2.3,7.666666666666667,9.516666666666666
toy-0008795,3710,z20,z21,2.3,7.666666666666667,9.516666666666666
toy-0008796,3710,z20,z31,3.2526911934581184,10.842303978193728,12.215958381464668
toy-0008797,3710,z01,z32,7.273238618387272,24.244128727957573,23.607509418763936
toy-0008798,3710,z11,z21,2.3,7.666666666666667,9.516666666666666
toy-0008799,3710,z21,z31,2.3,7.666666666666667,9.516666666666666
toy-0008800,3710,z31,z30,2.3,7.666666666666667,9.516666666666666
toy-0008801,3710,z31,z12,5.142956348249516,17.143187827498387,17.57170965337363
toy-0008802,3710,z31,z22,3.2526911934581184,10.842303978193728,12.215958381464668
toy-0008803,3710,z31,z32,2.3,7.666666666666667,9.516666666666666
toy-0008804,3710,z02,z10,5.142956348249516,17.143187827498387,17.57170965337363
toy-0008805,3710,z22,z11,3.2526911934581184,10.842303978193728,12.215958381464668
toy-0008806,3710,z32,z21,3.2526911934581184,10.842303978193728,12.215958381464668
toy-0008807,3710,z32,z02,6.8999999999999995,22.999999999999996,22.549999999999997
toy-0008808,3715,z10,z32,6.505382386916237,21.684607956387456,21.431916762929337
toy-0008809,3715,z20,z22,4.6,15.333333333333334,16.03333333333333
toy-0008810,3715,z21,z10,3.2526911934581184,10.842303978193728,12.215958381464668
toy-0008811,3715,z21,z11,2.3,7.666666666666667,9.516666666666666
toy-0008812,3715,z21,z22,2.3,7.666666666666667,9.516666666666666
toy-0008813,3715,z31,z11,4.6,15.333333333333334,16.03333333333333
toy-0008814,3715,z02,z12,2.3,7.666666666666667,9.516666666666666
toy-0008815,3715,z12,z31,5.142956348249516,17.143187827498387,17.57170965337363
toy-0008816,3715,z12,z22,2.3,7.666666666666667,9.516666666666666
toy-0008817,3715,z22,z21,2.3,7.666666666666667,9.516666666666666
toy-0008818,3715,z22,z31,3.2526911934581184,10.842303978193728,12.215958381464668
toy-0008819,3715,z32,z31,2.3,7.666666666666667,9.516666666666666
toy-0008820,3720,z00,z21,5.142956348249516,17.143187827498387,17.57170965337363
toy-0008821,3720,z10,z20,2.3,7.666666666666667,9.516666666666666
toy-0008822,3720,z10,z02,5.142956348249516,17.143187827498387,17.57170965337363
toy-0008823,3720,z20,z32,5.142956348249516,17.143187827498387,17.57170965337363
toy-0008824,3720,z30,z20,2.3,7.666666666666667,9.516666666666666
toy-0008825,3720,z30,z31,2.3,7.666666666666667,9.516666666666666
toy-0008826,3720,z11,z32,5.142956348249516,17.143187827498387,17.57170965337363
toy-0008827,3720,z21,z20,2.3,7.666666666666667,9.516666666666666
toy-0008828,3720,z21,z12,3.2526911934581184,10.842303978193728,12.215958381464668
toy-0008829,3720,z31,z10,5.142956348249516,17.143187827498387,17.57170965337363
toy-0008830,3720,z31,z21,2.3,7.666666666666667,9.516666666666666
toy-0008831,3720,z31,z32,2.3,7.666666666666667,9.516666666666666
toy-0008832,3720,z02,z31,7.273238618387272,24.244128727957573,23.607509418763936
toy-0008833,3720,z12,z32,4.6,15.333333333333334,16.03333333333333
toy-0008834,3720,z22,z32,2.3,7.666666666666667,9.516666666666666
toy-0008835,3720,z32,z00,8.292767933567175,27.64255977855725,26.49617581177366
toy-0008836,3725,z10,z31,5.142956348249516,17.143187827498387,17.57170965337363
toy-0008837,3725,z10,z22,5.142956348249516,17.143187827498387,17.57170965337363
toy-0008838,3725,z20,z10,2.3,7.666666666666667,9.516666666666666
toy-0008839,3725,z11,z00,3.2526911934581184,10.842303978193728,12.215958381464668
toy-0008840,3725,z11,z31,4.6,15.333333333333334,16.03333333333333
toy-0008841,3725,z21,z31,2.3,7.666666666666667,9.516666666666666
toy-0008842,3725,z21,z32,3.2526911934581184,10.842303978193728,12.215958381464668
toy-0008843,3725,z31,z00,7.273238618387272,24.244128727957573,23.607509418763936
toy-0008844,3725,z31,z22,3.2526911934581184,10.842303978193728,12.215958381464668
toy-0008845,3725,z22,z20,4.6,15.333333333333334,16.03333333333333
toy-0008846,3725,z22,z12,2.3,7.666666666666667,9.516666666666666
toy-0008847,3725,z32,z30,4.6,15.333333333333334,16.03333333333333
toy-0008848,3725,z32,z22,2.3,7.666666666666667,9.516666666666666
toy-0008849,3730,z20,z30,2.3,7.666666666666667,9.516666666666666
toy-0008850,3730,z31,z20,3.2526911934581184,10.842303978193728,12.215958381464668
toy-0008851,3730,z31,z21,2.3,7.666666666666667,9.516666666666666
toy-0008852,3730,z12,z02,2.3,7.666666666666667,9.516666666666666
toy-0008853,3730,z22,z31,3.2526911934581184,10.842303978193728,12.215958381464668
toy-0008854,3730,z32,z20,5.142956348249516,17.143187827498387,17.57170965337363
toy-0008855,3730,z32,z01,7.273238618387272,24.244128727957573,23.607509418763936
toy-0008856,3730,z32,z11,5.142956348249516,17.143187827498387,17.57170965337363
toy-0008857,3730,z32,z21,3.2526911934581184,10.842303978193728,12.215958381464668
toy-0008858,3730,z32,z31,2.3,7.666666666666667,9.516666666666666
toy-0008859,3735,z10,z12,4.6,15.333333333333334,16.03333333333333
toy-0008860,3735,z20,z31,3.2526911934581184,10.842303978193728,12.215958381464668
toy-0008861,3735,z30,z11,5.142956348249516,17.143187827498387,17.57170965337363
toy-0008862,3735,z30,z21,3.2526911934581184,10.842303978193728,12.215958381464668
toy-0008863,3735,z01,z22,5.142956348249516,17.143187827498387,17.57170965337363
toy-0008864,3735,z11,z22,3.2526911934581184,10.842303978193728,12.215958381464668
toy-0008865,3735,z21,z02,5.142956348249516,17.143187827498387,17.57170965337363
toy-0008866,3735,z31,z01,6.8999999999999995,22.999999999999996,22.549999999999997
toy-0008867,3735,z31,z32,2.3,7.666666666666667,9.516666666666666
toy-0008868,3735,z12,z10,4.6,15.333333333333334,16.03333333333333
toy-0008869,3735,z22,z10,5.142956348249516,17.143187827498387,17.57170965337363
toy-0008870,3735,z32,z10,6.505382386916237,21.684607956387456,21.431916762929337
toy-0008871,3735,z32,z12,4.6,15.333333333333334,16.03333333333333
toy-0008872,3740,z00,z31,7.273238618387272,24.244128727957573,23.607509418763936
toy-0008873,3740,z30,z12,6.505382386916237,21.684607956387456,21.431916762929337
toy-0008874,3740,z01,z21,4.6,15.333333333333334,16.03333333333333
toy-0008875,3740,z01,z31,6.8999999999999995,22.999999999999996,22.549999999999997
toy-0008876,3740,z11,z21,2.3,7.666666666666667,9.516666666666666
toy-0008877,3740,z21,z31,2.3,7.666666666666667,9.516666666666666
toy-0008878,3740,z21,z22,2.3,7.666666666666667,9.516666666666666
toy-0008879,3740,z31,z11,4.6,15.333333333333334,16.03333333333333
toy-0008880,3740,z31,z12,5.142956348249516,17.143187827498387,17.57170965337363
toy-0008881,3740,z22,z11,3.2526911934581184,10.842303978193728,12.215958381464668
toy-0008882,3740,z22,z21,2.3,7.666666666666667,9.516666666666666
toy-0008883,3740,z22,z32,2.3,7.666666666666667,9.516666666666666
toy-0008884,3740,z32,z31,2.3,7.666666666666667,9.516666666666666
toy-0008885,3745,z10,z21,3.2526911934581184,10.842303978193728,12.215958381464668
toy-0008886,3745,z20,z21,2.3,7.666666666666667,9.516666666666666
toy-0008887,3745,z30,z22,5.142956348249516,17.143187827498387,17.57170965337363
toy-0008888,3745,z11,z30,5.142956348249516,17.143187827498387,17.57170965337363
toy-0008889,3745,z11,z31,4.6,15.333333333333334,16.03333333333333
toy-0008890,3745,z11,z32,5.142956348249516,17.143187827498387,17.57170965337363
toy-0008891,3745,z21,z00,5.142956348249516,17.143187827498387,17.57170965337363
toy-0008892,3745,z21,z11,2.3,7.666666666666667,9.516666666666666
toy-0008893,3745,z21,z32,3.2526911934581184,10.842303978193728,12.215958381464668
toy-0008894,3745,z31,z21,2.3,7.666666666666667,9.516666666666666
toy-0008895,3745,z31,z22,3.2526911934581184,10.842303978193728,12.215958381464668
toy-0008896,3745,z31,z32,2.3,7.666666666666667,9.516666666666666
toy-0008897,3745,z12,z30,6.505382386916237,21.684607956387456,21.431916762929337
toy-0008898,3745,z12,z31,5.142956348249516,17.143187827498387,17.57170965337363
toy-0008899,3745,z32,z21,3.2526911934581184,10.842303978193728,12.215958381464668
toy-0008900,3745,z32,z22,2.3,7.666666666666667,9.516666666666666
toy-0008901,3750,z00,z01,2.3,7.666666666666667,9.516666666666666
toy-0008902,3750,z20,z11,3.2526911934581184,10.842303978193728,12.215958381464668
toy-0008903,3750,z20,z32,5.142956348249516,17.143187827498387,17.57170965337363
toy-0008904,3750,z01,z11,2.3,7.666666666666667,9.516666666666666
toy-0008905,3750,z21,z20,2.3,7.666666666666667,9.516666666666666
toy-0008906,3750,z31,z10,5.142956348249516,17.143187827498387,17.57170965337363
toy-0008907,3750,z31,z20,3.2526911934581184,10.842303978193728,12.215958381464668
toy-0008908,3750,z31,z30,2.3,7.666666666666667,9.516666666666666
toy-0008909,3750,z12,z20,5.142956348249516,17.143187827498387,17.57170965337363
toy-0008910,3750,z12,z21,3.2526911934581184,10.842303978193728,12.215958381464668
toy-0008911,3750,z22,z01,5.142956348249516,17.143187827498387,17.57170965337363
toy-0008912,3750,z22,z31,3.2526911934581184,10.842303978193728,12.215958381464668
toy-0008913,3755,z00,z32,8.292767933567175,27.64255977855725,26.49617581177366
toy-0008914,3755,z10,z11,2.3,7.666666666666667,9.516666666666666
toy-0008915,3755,z20,z31,3.2526911934581184,10.842303978193728,12.215958381464668
toy-0008916,3755,z20,z12,5.142956348249516,17.143187827498387,17.57170965337363
toy-0008917,3755,z20,z22,4.6,15.333333333333334,16.03333333333333
toy-0008918,3755,z30,z32,4.6,15.333333333333334,16.03333333333333
toy-0008919,3755,z01,z00,2.3,7.666666666666667,9.516666666666666
toy-0008920,3755,z11,z20,3.2526911934581184,10.842303978193728,12.215958381464668
toy-0008921,3755,z21,z30,3.2526911934581184,10.842303978193728,12.215958381464668
toy-0008922,3755,z21,z31,2.3,7.666666666666667,9.516666666666666
toy-0008923,3755,z02,z32,6.8999999999999995,22.999999999999996,22.549999999999997
toy-0008924,3755,z32,z11,5.142956348249516,17.143187827498387,17.57170965337363
toy-0008925,3755,z32,z31,2.3,7.666666666666667,9.516666666666666
toy-0008926,3760,z00,z22,6.505382386916237,21.684607956387456,21.431916762929337
toy-0008927,3760,z10,z31,5.142956348249516,17.143187827498387,17.57170965337363
toy-0008928,3760,z10,z32,6.505382386916237,21.684607956387456,21.431916762929337
toy-0008929,3760,z30,z31,2.3,7.666666666666667,9.516666666666666
toy-0008930,3760,z01,z32,7.273238618387272,24.244128727957573,23.607509418763936
toy-0008931,3760,z11,z01,2.3,7.666666666666667,9.516666666666666
toy-0008932,3760,z21,z10,3.2526911934581184,10.842303978193728,12.215958381464668
toy-0008933,3760,z21,z01,4.6,15.333333333333334,16.03333333333333
toy-0008934,3760,z21,z12,3.2526911934581184,10.842303978193728,12.215958381464668
toy-0008935,3760,z31,z11,4.6,15.333333333333334,16.03333333333333
toy-0008936,3760,z31,z21,2.3,7.666666666666667,9.516666666666666
toy-0008937,3760,z31,z02,7.273238618387272,24.244128727957573,23.607509418763936
toy-0008938,3760,z31,z22,3.2526911934581184,10.842303978193728,12.215958381464668
toy-0008939,3760,z31,z32,2.3,7.666666666666667,9.516666666666666
toy-0008940,3760,z12,z11,2.3,7.666666666666667,9.516666666666666
toy-0008941,3760,z12,z22,2.3,7.666666666666667,9.516666666666666
toy-0008942,3760,z12,z32,4.6,15.333333333333334,16.03333333333333
toy-0008943,3760,z22,z20,4.6,15.333333333333334,16.03333333333333
toy-0008944,3760,z32,z20,5.142956348249516,17.143187827498387,17.57170965337363
toy-0008945,3765,z00,z20,4.6,15.333333333333334,16.03333333333333
toy-0008946,3765,z01,z20,5.142956348249516,17.143187827498387,17.57170965337363
toy-0008947,3765,z11,z10,2.3,7.666666666666667,9.516666666666666
toy-0008948,3765,z11,z31,4.6,15.333333333333334,16.03333333333333
toy-0008949,3765,z11,z12,2.3,7.666666666666667,9.516666666666666
toy-0008950,3765,z21,z22,2.3,7.666666666666667,9.516666666666666
toy-0008951,3765,z21,z32,3.2526911934581184,10.842303978193728,12.215958381464668
toy-0008952,3765,z31,z12,5.142956348249516,17.143187827498387,17.57170965337363
toy-0008953,3765,z22,z30,5.142956348249516,17.143187827498387,17.57170965337363
toy-0008954,3765,z22,z21,2.3,7.666666666666667,9.516666666666666
toy-0008955,3765,z22,z31,3.2526911934581184,10.842303978193728,12.215958381464668
toy-0008956,3765,z22,z32,2.3,7.666666666666667,9.516666666666666
toy-0008957,3765,z32,z21,3.2526911934581184,10.842303978193728,12.215958381464668
toy-0008958,3765,z32,z31,2.3,7.666666666666667,9.516666666666666
toy-0008959,3770,z20,z01,5.142956348249516,17.143187827498387,17.57170965337363
toy-0008960,3770,z11,z21,2.3,7.666666666666667,9.516666666666666
toy-0008961,3770,z11,z22,3.2526911934581184,10.842303978193728,12.215958381464668
toy-0008962,3770,z11,z32,5.142956348249516,17.143187827498387,17.57170965337363
toy-0008963,3770,z21,z31,2.3,7.666666666666667,9.516666666666666
toy-0008964,3770,z31,z01,6.8999999999999995,22.999999999999996,22.549999999999997
toy-0008965,3770,z31,z32,2.3,7.666666666666667,9.516666666666666
toy-0008966,3770,z32,z22,2.3,7.666666666666667,9.516666666666666
toy-0008967,3775,z31,z00,7.273238618387272,24.244128727957573,23.607509418763936
toy-0008968,3775,z31,z20,3.2526911934581184,10.842303978193728,12.215958381464668
toy-0008969,3775,z31,z21,2.3,7.666666666666667,9.516666666666666
toy-0008970,3775,z31,z22,3.2526911934581184,10.842303978193728,12.215958381464668
toy-0008971,3775,z02,z31,7.273238618387272,24.244128727957573,23.607509418763936
toy-0008972,3775,z02,z22,4.6,15.333333333333334,16.03333333333333
toy-0008973,3775,z12,z31,5.142956348249516,17.143187827498387,17.57170965337363
toy-0008974,3775,z22,z11,3.2526911934581184,10.842303978193728,12.215958381464668
toy-0008975,3775,z22,z12,2.3,7.666666666666667,9.516666666666666
toy-0008976,3775,z32,z10,6.505382386916237,21.684607956387456,21.431916762929337
toy-0008977,3775,z32,z12,4.6,15.333333333333334,16.03333333333333
toy-0008978,3780,z10,z22,5.142956348249516,17.143187827498387,17.57170965337363
toy-0008979,3780,z20,z00,4.6,15.333333333333334,16.03333333333333
toy-0008980,3780,z20,z21,2.3,7.666666666666667,9.516666666666666
toy-0008981,3780,z20,z31,3.2526911934581184,10.842303978193728,12.215958381464668
toy-0008982,3780,z20,z32,5.142956348249516,17.143187827498387,17.57170965337363
toy-0008983,3780,z30,z01,7.273238618387272,24.244128727957573,23.607509418763936
toy-0008984,3780,z01,z30,7.273238618387272,24.244128727957573,23.607509418763936
toy-0008985,3780,z01,z31,6.8999999999999995,22.999999999999996,22.549999999999997
toy-0008986,3780,z21,z11,2.3,7.666666666666667,9.516666666666666
toy-0008987,3780,z21,z31,2.3,7.666666666666667,9.516666666666666
toy-0008988,3780,z21,z32,3.2526911934581184,10.842303978193728,12.215958381464668
toy-0008989,3780,z31,z11,4.6,15.333333333333334,16.03333333333333
toy-0008990,3780,z22,z00,6.505382386916237,21.684607956387456,21.431916762929337
toy-0008991,3780,z22,z31,3.2526911934581184,10.842303978193728,12.215958381464668
toy-0008992,3780,z32,z00,8.292767933567175,27.64255977855725,26.49617581177366
toy-0008993,3780,z32,z30,4.6,15.333333333333334,16.03333333333333
toy-0008994,3780,z32,z01,7.273238618387272,24.244128727957573,23.607509418763936
toy-0008995,3780,z32,z11,5.142956348249516,17.143187827498387,17.57170965337363
toy-0008996,3780,z32,z31,2.3,7.666666666666667,9.516666666666666
toy-0008997,3785,z11,z31,4.6,15.333333333333334,16.03333333333333
toy-0008998,3785,z21,z20,2.3,7.666666666666667,9.516666666666666
toy-0008999,3785,z31,z10,5.142956348249516,17.143187827498387,17.57170965337363
toy-0009000,3785,z31,z32,2.3,7.666666666666667,9.516666666666666
toy-0009001,3785,z22,z21,2.3,7.666666666666667,9.516666666666666
toy-0009002,3785,z22,z32,2.3,7.666666666666667,9.516666666666666
toy-0009003,3785,z32,z21,3.2526911934581184,10.842303978193728,12.215958381464668
toy-0009004,3785,z32,z02,6.8999999999999995,22.999999999999996,22.549999999999997
toy-0009005,3790,z00,z31,7.273238618387272,24.244128727957573,23.607509418763936
toy-0009006,3790,z10,z31,5.142956348249516,17.143187827498387,17.57170965337363
toy-0009007,3790,z20,z22,4.6,15.333333333333334,16.03333333333333
toy-0009008,3790,z21,z22,2.3,7.666666666666667,9.516666666666666
toy-0009009,3790,z31,z30,2.3,7.666666666666667,9.516666666666666
toy-0009010,3790,z31,z21,2.3,7.666666666666667,9.516666666666666
toy-0009011,3790,z31,z22,3.2526911934581184,10.842303978193728,12.215958381464668
toy-0009012,3790,z02,z21,5.142956348249516,17.143187827498387,17.57170965337363
toy-0009013,3790,z12,z21,3.2526911934581184,10.842303978193728,12.215958381464668
toy-0009014,3790,z22,z10,5.142956348249516,17.143187827498387,17.57170965337363
toy-0009015,3790,z32,z20,5.142956348249516,17.143187827498387,17.57170965337363
toy-0009016,3790,z32,z31,2.3,7.666666666666667,9.516666666666666
toy-0009017,3790,z32,z22,2.3,7.666666666666667,9.516666666666666
toy-0009018,3795,z00,z30,6.8999999999999995,22.999999999999996,22.549999999999997
toy-0009019,3795,z00,z21,5.142956348249516,17.143187827498387,17.57170965337363
toy-0009020,3795,z10,z20,2.3,7.666666666666667,9.516666666666666
toy-0009021,3795,z10,z01,3.2526911934581184,10.842303978193728,12.215958381464668
toy-0009022,3795,z10,z21,3.2526911934581184,10.842303978193728,12.215958381464668
toy-0009023,3795,z20,z11,3.2526911934581184,10.842303978193728,12.215958381464668
toy-0009024,3795,z30,z00,6.8999999999999995,22.999999999999996,22.549999999999997
toy-0009025,3795,z30,z21,3.2526911934581184,10.842303978193728,12.215958381464668
toy-0009026,3795,z01,z10,3.2526911934581184,10.842303978193728,12.215958381464668
toy-0009027,3795,z01,z21,4.6,15.333333333333334,16.03333333333333
toy-0009028,3795,z01,z12,3.2526911934581184,10.842303978193728,12.215958381464668
toy-0009029,3795,z01,z22,5.142956348249516,17.143187827498387,17.57170965337363
toy-0009030,3795,z11,z32,5.142956348249516,17.143187827498387,17.57170965337363
toy-0009031,3795,z21,z31,2.3,7.666666666666667,9.516666666666666
toy-0009032,3795,z31,z20,3.2526911934581184,10.842303978193728,12.215958381464668
toy-0009033,3795,z31,z11,4.6,15.333333333333334,16.03333333333333
toy-0009034,3795,z31,z12,5.142956348249516,17.143187827498387,17.57170965337363
toy-0009035,3795,z31,z32,2.3,7.666666666666667,9.516666666666666
toy-0009036,3795,z02,z11,3.2526911934581184,10.842303978193728,12.215958381464668
toy-0009037,3795,z12,z01,3.2526911934581184,10.842303978193728,12.215958381464668
toy-0009038,3795,z12,z32,4.6,15.333333333333334,16.03333333333333
toy-0009039,3795,z22,z20,4.6,15.333333333333334,16.03333333333333
toy-0009040,3795,z22,z31,3.2526911934581184,10.842303978193728,12.215958381464668
toy-0009041,3800,z10,z32,6.505382386916237,21.684607956387456,21.431916762929337
toy-0009042,3800,z20,z10,2.3,7.666666666666667,9.516666666666666
toy-0009043,3800,z20,z31,3.2526911934581184,10.842303978193728,12.215958381464668
toy-0009044,3800,z30,z31,2.3,7.666666666666667,9.516666666666666
toy-0009045,3800,z01,z32,7.273238618387272,24.244128727957573,23.607509418763936
toy-0009046,3800,z11,z20,3.2526911934581184,10.842303978193728,12.215958381464668
toy-0009047,3800,z11,z21,2.3,7.666666666666667,9.516666666666666
toy-0009048,3800,z11,z31,4.6,15.333333333333334,16.03333333333333
toy-0009049,3800,z21,z12,3.2526911934581184,10.842303978193728,12.215958381464668
toy-0009050,3800,z21,z32,3.2526911934581184,10.842303978193728,12.215958381464668
toy-0009051,3800,z31,z01,6.8999999999999995,22.999999999999996,22.549999999999997
toy-0009052,3800,z31,z21,2.3,7.666666666666667,9.516666666666666
toy-0009053,3800,z12,z31,5.142956348249516,17.143187827498387,17.57170965337363
toy-0009054,3800,z22,z02,4.6,15.333333333333334,16.03333333333333
toy-0009055,3800,z22,z32,2.3,7.666666666666667,9.516666666666666
toy-0009056,3800,z32,z21,3.2526911934581184,10.842303978193728,12.215958381464668
toy-0009057,3800,z32,z31,2.3,7.666666666666667,9.516666666666666
toy-0009058,3805,z00,z12,5.142956348249516,17.143187827498387,17.57170965337363
toy-0009059,3805,z20,z21,2.3,7.666666666666667,9.516666666666666
toy-0009060,3805,z20,z32,5.142956348249516,17.143187827498387,17.57170965337363
toy-0009061,3805,z30,z32,4.6,15.333333333333334,16.03333333333333
toy-0009062,3805,z11,z22,3.2526911934581184,10.842303978193728,12.215958381464668
toy-0009063,3805,z21,z10,3.2526911934581184,10.842303978193728,12.215958381464668
toy-0009064,3805,z21,z11,2.3,7.666666666666667,9.516666666666666
toy-0009065,3805,z21,z31,2.3,7.666666666666667,9.516666666666666
toy-0009066,3805,z31,z22,3.2526911934581184,10.842303978193728,12.215958381464668
toy-0009067,3805,z31,z32,2.3,7.666666666666667,9.516666666666666
toy-0009068,3805,z12,z22,2.3,7.666666666666667,9.516666666666666
toy-0009069,3805,z22,z01,5.142956348249516,17.143187827498387,17.57170965337363
toy-0009070,3805,z22,z11,3.2526911934581184,10.842303978193728,12.215958381464668
toy-0009071,3805,z22,z21,2.3,7.666666666666667,9.516666666666666
toy-0009072,3805,z32,z11,5.142956348249516,17.143187827498387,17.57170965337363
toy-0009073,3805,z32,z22,2.3,7.666666666666667,9.516666666666666
toy-0009074,3810,z00,z11,3.2526911934581184,10.842303978193728,12.215958381464668
toy-0009075,3810,z30,z20,2.3,7.666666666666667,9.516666666666666
toy-0009076,3810,z30,z22,5.142956348249516,17.143187827498387,17.57170965337363
toy-0009077,3810,z01,z31,6.8999999999999995,22.999999999999996,22.549999999999997
toy-0009078,3810,z11,z02,3.2526911934581184,10.842303978193728,12.215958381464668
toy-0009079,3810,z21,z30,3.2526911934581184,10.842303978193728,12.215958381464668
toy-0009080,3810,z21,z01,4.6,15.333333333333334,16.03333333333333
toy-0009081,3810,z21,z22,2.3,7.666666666666667,9.516666666666666
toy-0009082,3810,z31,z10,5.142956348249516,17.143187827498387,17.57170965337363
toy-0009083,3810,z31,z20,3.2526911934581184,10.842303978193728,12.215958381464668
toy-0009084,3810,z31,z02,7.273238618387272,24.244128727957573,23.607509418763936
toy-0009085,3810,z12,z00,5.142956348249516,17.143187827498387,17.57170965337363
toy-0009086,3810,z12,z20,5.142956348249516,17.143187827498387,17.57170965337363
toy-0009087,3810,z22,z31,3.2526911934581184,10.842303978193728,12.215958381464668
toy-0009088,3810,z32,z31,2.3,7.666666666666667,9.516666666666666
toy-0009089,3810,z32,z12,4.6,15.333333333333334,16.03333333333333
toy-0009090,3815,z00,z32,8.292767933567175,27.64255977855725,26.49617581177366
toy-0009091,3815,z20,z31,3.2526911934581184,10.842303978193728,12.215958381464668
toy-0009092,3815,z20,z12,5.142956348249516,17.143187827498387,17.57170965337363
toy-0009093,3815,z30,z11,5.142956348249516,17.143187827498387,17.57170965337363
toy-0009094,3815,z21,z00,5.142956348249516,17.143187827498387,17.57170965337363
toy-0009095,3815,z21,z20,2.3,7.666666666666667,9.516666666666666
toy-0009096,3815,z21,z02,5.142956348249516,17.143187827498387,17.57170965337363
toy-0009097,3815,z21,z32,3.2526911934581184,10.842303978193728,12.215958381464668
toy-0009098,3815,z31,z11,4.6,15.333333333333334,16.03333333333333
toy-0009099,3815,z31,z21,2.3,7.666666666666667,9.516666666666666
toy-0009100,3815,z31,z22,3.2526911934581184,10.842303978193728,12.215958381464668
toy-0009101,3815,z31,z32,2.3,7.666666666666667,9.516666666666666
toy-0009102,3815,z02,z20,6.505382386916237,21.684607956387456,21.431916762929337
toy-0009103,3815,z12,z11,2.3,7.666666666666667,9.516666666666666
toy-0009104,3815,z22,z12,2.3,7.666666666666667,9.516666666666666
toy-0009105,3815,z32,z10,6.505382386916237,21.684607956387456,21.431916762929337
toy-0009106,3815,z32,z20,5.142956348249516,17.143187827498387,17.57170965337363
toy-0009107,3815,z32,z21,3.2526911934581184,10.842303978193728,12.215958381464668
toy-0009108,3820,z10,z11,2.3,7.666666666666667,9.516666666666666
toy-0009109,3820,z10,z31,5.142956348249516,17.143187827498387,17.57170965337363
toy-0009110,3820,z20,z30,2.3,7.666666666666667,9.516666666666666
toy-0009111,3820,z20,z22,4.6,15.333333333333334,16.03333333333333
toy-0009112,3820,z01,z11,2.3,7.666666666666667,9.516666666666666
toy-0009113,3820,z11,z00,3.2526911934581184,10.842303978193728,12.215958381464668
toy-0009114,3820,z11,z31,4.6,15.333333333333334,16.03333333333333
toy-0009115,3820,z11,z12,2.3,7.666666666666667,9.516666666666666
toy-0009116,3820,z11,z32,5.142956348249516,17.143187827498387,17.57170965337363
toy-0009117,3820,z21,z31,2.3,7.666666666666667,9.516666666666666
toy-0009118,3820,z31,z00,7.273238618387272,24.244128727957573,23.607509418763936
toy-0009119,3820,z31,z12,5.142956348249516,17.143187827498387,17.57170965337363
toy-0009120,3820,z22,z31,3.2526911934581184,10.842303978193728,12.215958381464668
toy-0009121,3820,z22,z32,2.3,7.666666666666667,9.516666666666666
toy-0009122,3820,z32,z01,7.273238618387272,24.244128727957573,23.607509418763936
toy-0009123,3825,z10,z30,4.6,15.333333333333334,16.03333333333333
toy-0009124,3825,z10,z12,4.6,15.333333333333334,16.03333333333333
toy-0009125,3825,z10,z22,5.142956348249516,17.143187827498387,17.57170965337363
toy-0009126,3825,z30,z10,4.6,15.333333333333334,16.03333333333333
toy-0009127,3825,z11,z10,2.3,7.666666666666667,9.516666666666666
toy-0009128,3825,z11,z30,5.142956348249516,17.143187827498387,17.57170965337363
toy-0009129,3825,z11,z21,2.3,7.666666666666667,9.516666666666666
toy-0009130,3825,z31,z30,2.3,7.666666666666667,9.516666666666666
toy-0009131,3825,z31,z21,2.3,7.666666666666667,9.516666666666666
toy-0009132,3825,z31,z32,2.3,7.666666666666667,9.516666666666666
toy-0009133,3825,z02,z31,7.273238618387272,24.244128727957573,23.607509418763936
toy-0009134,3825,z02,z32,6.8999999999999995,22.999999999999996,22.549999999999997
toy-0009135,3825,z12,z10,4.6,15.333333333333334,16.03333333333333
toy-0009136,3825,z12,z31,5.142956348249516,17.143187827498387,17.57170965337363
toy-0009137,3825,z12,z32,4.6,15.333333333333334,16.03333333333333
toy-0009138,3825,z22,z20,4.6,15.333333333333334,16.03333333333333
toy-0009139,3825,z22,z30,5.142956348249516,17.143187827498387,17.57170965337363
toy-0009140,3825,z32,z30,4.6,15.333333333333334,16.03333333333333
toy-0009141,3825,z32,z31,2.3,7.666666666666667,9.516666666666666
toy-0009142,3825,z32,z22,2.3,7.666666666666667,9.516666666666666
toy-0009143,3830,z00,z31,7.273238618387272,24.244128727957573,23.607509418763936
toy-0009144,3830,z00,z22,6.505382386916237,21.684607956387456,21.431916762929337
toy-0009145,3830,z20,z02,6.505382386916237,21.684607956387456,21.431916762929337
toy-0009146,3830,z20,z32,5.142956348249516,17.143187827498387,17.57170965337363
toy-0009147,3830,z11,z01,2.3,7.666666666666667,9.516666666666666
toy-0009148,3830,z21,z11,2.3,7.666666666666667,9.516666666666666
toy-0009149,3830,z21,z31,2.3,7.666666666666667,9.516666666666666
toy-0009150,3830,z21,z22,2.3,7.666666666666667,9.516666666666666
toy-0009151,3830,z21,z32,3.2526911934581184,10.842303978193728,12.215958381464668
toy-0009152,3830,z31,z20,3.2526911934581184,10.842303978193728,12.215958381464668
toy-0009153,3830,z31,z22,3.2526911934581184,10.842303978193728,12.215958381464668
toy-0009154,3830,z12,z21,3.2526911934581184,10.842303978193728,12.215958381464668
toy-0009155,3830,z22,z21,2.3,7.666666666666667,9.516666666666666
toy-0009156,3830,z32,z11,5.142956348249516,17.143187827498387,17.57170965337363
toy-0009157,3835,z10,z21,3.2526911934581184,10.842303978193728,12.215958381464668
toy-0009158,3835,z10,z32,6.505382386916237,21.684607956387456,21.431916762929337
toy-0009159,3835,z20,z21,2.3,7.666666666666667,9.516666666666666
toy-0009160,3835,z20,z31,3.2526911934581184,10.842303978193728,12.215958381464668
toy-0009161,3835,z30,z31,2.3,7.666666666666667,9.516666666666666
toy-0009162,3835,z11,z22,3.2526911934581184,10.842303978193728,12.215958381464668
toy-0009163,3835,z31,z01,6.8999999999999995,22.999999999999996,22.549999999999997
toy-0009164,3835,z31,z11,4.6,15.333333333333334,16.03333333333333
toy-0009165,3835,z22,z10,5.142956348249516,17.143187827498387,17.57170965337363
toy-0009166,3835,z22,z11,3.2526911934581184,10.842303978193728,12.215958381464668
toy-0009167,3835,z22,z31,3.2526911934581184,10.842303978193728,12.215958381464668
toy-0009168,3835,z32,z00,8.292767933567175,27.64255977855725,26.49617581177366
toy-0009169,3835,z32,z21,3.2526911934581184,10.842303978193728,12.215958381464668
toy-0009170,3835,z32,z31,2.3,7.666666666666667,9.516666666666666
toy-0009171,3840,z20,z11,3.2526911934581184,10.842303978193728,12.215958381464668
toy-0009172,3840,z01,z20,5.142956348249516,17.143187827498387,17.57170965337363
toy-0009173,3840,z11,z20,3.2526911934581184,10.842303978193728,12.215958381464668
toy-0009174,3840,z11,z31,4.6,15.333333333333334,16.03333333333333
toy-0009175,3840,z21,z20,2.3,7.666666666666667,9.516666666666666
toy-0009176,3840,z21,z12,3.2526911934581184,10.842303978193728,12.215958381464668
toy-0009177,3840,z31,z10,5.142956348249516,17.143187827498387,17.57170965337363
toy-0009178,3840,z31,z21,2.3,7.666666666666667,9.516666666666666
toy-0009179,3840,z31,z12,5.142956348249516,17.143187827498387,17.57170965337363
toy-0009180,3840,z31,z22,3.2526911934581184,10.842303978193728,12.215958381464668
toy-0009181,3840,z31,z32,2.3,7.666666666666667,9.516666666666666
toy-0009182,3840,z22,z32,2.3,7.666666666666667,9.516666666666666
toy-0009183,3840,z32,z20,5.142956348249516,17.143187827498387,17.57170965337363
toy-0009184,3840,z32,z02,6.8999999999999995,22.999999999999996,22.549999999999997
toy-0009185,3840,z32,z12,4.6,15.333333333333334,16.03333333333333
toy-0009186,3840,z32,z22,2.3,7.666666666666667,9.516666666666666
toy-0009187,3845,z20,z01,5.142956348249516,17.143187827498387,17.57170965337363
toy-0009188,3845,z01,z21,4.6,15.333333333333334,16.03333333333333
toy-0009189,3845,z01,z31,6.8999999999999995,22.999999999999996,22.549999999999997
toy-0009190,3845,z01,z32,7.273238618387272,24.244128727957573,23.607509418763936
toy-0009191,3845,z11,z32,5.142956348249516,17.143187827498387,17.57170965337363
toy-0009192,3845,z21,z10,3.2526911934581184,10.842303978193728,12.215958381464668
toy-0009193,3845,z21,z01,4.6,15.333333333333334,16.03333333333333
toy-0009194,3845,z21,z31,2.3,7.666666666666667,9.516666666666666
toy-0009195,3845,z21,z32,3.2526911934581184,10.842303978193728,12.215958381464668
toy-0009196,3845,z31,z00,7.273238618387272,24.244128727957573,23.607509418763936
toy-0009197,3845,z31,z20,3.2526911934581184,10.842303978193728,12.215958381464668
toy-0009198,3845,z31,z30,2.3,7.666666666666667,9.516666666666666
toy-0009199,3845,z31,z11,4.6,15.333333333333334,16.03333333333333
toy-0009200,3845,z31,z21,2.3,7.666666666666667,9.516666666666666
toy-0009201,3845,z31,z02,7.273238618387272,24.244128727957573,23.607509418763936
toy-0009202,3845,z31,z32,2.3,7.666666666666667,9.516666666666666
toy-0009203,3845,z22,z00,6.505382386916237,21.684607956387456,21.431916762929337
toy-0009204,3845,z22,z21,2.3,7.666666666666667,9.516666666666666
toy-0009205,3845,z32,z10,6.505382386916237,21.684607956387456,21.431916762929337
toy-0009206,3845,z32,z11,5.142956348249516,17.143187827498387,17.57170965337363
toy-0009207,3845,z32,z21,3.2526911934581184,10.842303978193728,12.215958381464668
toy-0009208,3845,z32,z31,2.3,7.666666666666667,9.516666666666666
toy-0009209,3850,z10,z31,5.142956348249516,17.143187827498387,17.57170965337363
toy-0009210,3850,z01,z22,5.142956348249516,17.143187827498387,17.57170965337363
toy-0009211,3850,z21,z30,3.2526911934581184,10.842303978193728,12.215958381464668
toy-0009212,3850,z21,z11,2.3,7.666666666666667,9.516666666666666
toy-0009213,3850,z21,z22,2.3,7.666666666666667,9.516666666666666
toy-0009214,3850,z31,z10,5.142956348249516,17.143187827498387,17.57170965337363
toy-0009215,3850,z31,z01,6.8999999999999995,22.999999999999996,22.549999999999997
toy-0009216,3850,z31,z12,5.142956348249516,17.143187827498387,17.57170965337363
toy-0009217,3850,z31,z22,3.2526911934581184,10.842303978193728,12.215958381464668
toy-0009218,3850,z12,z22,2.3,7.666666666666667,9.516666666666666
toy-0009219,3850,z22,z01,5.142956348249516,17.143187827498387,17.57170965337363
toy-0009220,3850,z22,z31,3.2526911934581184,10.842303978193728,12.215958381464668
toy-0009221,3850,z22,z12,2.3,7.666666666666667,9.516666666666666
toy-0009222,3850,z32,z01,7.273238618387272,24.244128727957573,23.607509418763936
toy-0009223,3855,z00,z10,2.3,7.666666666666667,9.516666666666666
toy-0009224,3855,z10,z00,2.3,7.666666666666667,9.516666666666666
toy-0009225,3855,z20,z10,2.3,7.666666666666667,9.516666666666666
toy-0009226,3855,z20,z22,4.6,15.333333333333334,16.03333333333333
toy-0009227,3855,z20,z32,5.142956348249516,17.143187827498387,17.57170965337363
toy-0009228,3855,z30,z21,3.2526911934581184,10.842303978193728,12.215958381464668
toy-0009229,3855,z30,z12,6.505382386916237,21.684607956387456,21.431916762929337
toy-0009230,3855,z11,z21,2.3,7.666666666666667,9.516666666666666
toy-0009231,3855,z21,z00,5.142956348249516,17.143187827498387,17.57170965337363
toy-0009232,3855,z21,z31,2.3,7.666666666666667,9.516666666666666
toy-0009233,3855,z31,z20,3.2526911934581184,10.842303978193728,12.215958381464668
toy-0009234,3855,z31,z11,4.6,15.333333333333334,16.03333333333333
toy-0009235,3855,z31,z21,2.3,7.666666666666667,9.516666666666666
toy-0009236,3855,z31,z32,2.3,7.666666666666667,9.516666666666666
toy-0009237,3855,z12,z30,6.505382386916237,21.684607956387456,21.431916762929337
toy-0009238,3855,z12,z31,5.142956348249516,17.143187827498387,17.57170965337363
toy-0009239,3855,z22,z20,4.6,15.333333333333334,16.03333333333333
toy-0009240,3855,z22,z02,4.6,15.333333333333334,16.03333333333333
toy-0009241,3855,z22,z32,2.3,7.666666666666667,9.516666666666666
toy-0009242,3855,z32,z20,5.142956348249516,17.143187827498387,17.57170965337363
toy-0009243,3855,z32,z30,4.6,15.333333333333334,16.03333333333333
toy-0009244,3855,z32,z31,2.3,7.666666666666667,9.516666666666666
toy-0009245,3855,z32,z12,4.6,15.333333333333334,16.03333333333333
toy-0009246,3855,z32,z22,2.3,7.666666666666667,9.516666666666666
toy-0009247,3860,z10,z20,2.3,7.666666666666667,9.516666666666666
toy-0009248,3860,z20,z00,4.6,15.333333333333334,16.03333333333333
toy-0009249,3860,z20,z31,3.2526911934581184,10.842303978193728,12.215958381464668
toy-0009250,3860,z11,z31,4.6,15.333333333333334,16.03333333333333
toy-0009251,3860,z11,z22,3.2526911934581184,10.842303978193728,12.215958381464668
toy-0009252,3860,z21,z20,2.3,7.666666666666667,9.516666666666666
toy-0009253,3860,z21,z02,5.142956348249516,17.143187827498387,17.57170965337363
toy-0009254,3860,z21,z12,3.2526911934581184,10.842303978193728,12.215958381464668
toy-0009255,3860,z21,z32,3.2526911934581184,10.842303978193728,12.215958381464668
toy-0009256,3860,z31,z00,7.273238618387272,24.244128727957573,23.607509418763936
toy-0009257,3860,z31,z10,5.142956348249516,17.143187827498387,17.57170965337363
toy-0009258,3860,z31,z30,2.3,7.666666666666667,9.516666666666666
toy-0009259,3860,z31,z01,6.8999999999999995,22.999999999999996,22.549999999999997
toy-0009260,3860,z31,z21,2.3,7.666666666666667,9.516666666666666
toy-0009261,3860,z31,z02,7.273238618387272,24.244128727957573,23.607509418763936
toy-0009262,3860,z31,z22,3.2526911934581184,10.842303978193728,12.215958381464668
toy-0009263,3860,z31,z32,2.3,7.666666666666667,9.516666666666666
toy-0009264,3860,z22,z30,5.142956348249516,17.143187827498387,17.57170965337363
toy-0009265,3860,z22,z11,3.2526911934581184,10.842303978193728,12.215958381464668
toy-0009266,3860,z32,z00,8.292767933567175,27.64255977855725,26.49617581177366
toy-0009267,3860,z32,z10,6.505382386916237,21.684607956387456,21.431916762929337
toy-0009268,3860,z32,z11,5.142956348249516,17.143187827498387,17.57170965337363
toy-0009269,3860,z32,z21,3.2526911934581184,10.842303978193728,12.215958381464668
toy-0009270,3865,z20,z21,2.3,7.666666666666667,9.516666666666666
toy-0009271,3865,z20,z12,5.142956348249516,17.143187827498387,17.57170965337363
toy-0009272,3865,z30,z32,4.6,15.333333333333334,16.03333333333333
toy-0009273,3865,z11,z12,2.3,7.666666666666667,9.516666666666666
toy-0009274,3865,z21,z10,3.2526911934581184,10.842303978193728,12.215958381464668
toy-0009275,3865,z21,z22,2.3,7.666666666666667,9.516666666666666
toy-0009276,3865,z31,z20,3.2526911934581184,10.842303978193728,12.215958381464668
toy-0009277,3865,z31,z11,4.6,15.333333333333334,16.03333333333333
toy-0009278,3865,z31,z12,5.142956348249516,17.143187827498387,17.57170965337363
toy-0009279,3865,z31,z22,3.2526911934581184,10.842303978193728,12.215958381464668
toy-0009280,3865,z12,z02,2.3,7.666666666666667,9.516666666666666
toy-0009281,3865,z12,z32,4.6,15.333333333333334,16.03333333333333
toy-0009282,3865,z22,z10,5.142956348249516,17.143187827498387,17.57170965337363
toy-0009283,3865,z22,z21,2.3,7.666666666666667,9.516666666666666
toy-0009284,3865,z22,z31,3.2526911934581184,10.842303978193728,12.215958381464668
toy-0009285,3865,z32,z31,2.3,7.666666666666667,9.516666666666666
toy-0009286,3865,z32,z02,6.8999999999999995,22.999999999999996,22.549999999999997
toy-0009287,3865,z32,z22,2.3,7.666666666666667,9.516666666666666
toy-0009288,3870,z00,z20,4.6,15.333333333333334,16.03333333333333
toy-0009289,3870,z00,z21,5.142956348249516,17.143187827498387,17.57170965337363
toy-0009290,3870,z11,z10,2.3,7.666666666666667,9.516666666666666
toy-0009291,3870,z11,z32,5.142956348249516,17.143187827498387,17.57170965337363
toy-0009292,3870,z21,z01,4.6,15.333333333333334,16.03333333333333
toy-0009293,3870,z21,z11,2.3,7.666666666666667,9.516666666666666
toy-0009294,3870,z21,z31,2.3,7.666666666666667,9.516666666666666
toy-0009295,3870,z31,z21,2.3,7.666666666666667,9.516666666666666
toy-0009296,3870,z31,z32,2.3,7.666666666666667,9.516666666666666
toy-0009297,3870,z12,z20,5.142956348249516,17.143187827498387,17.57170965337363
toy-0009298,3870,z12,z11,2.3,7.666666666666667,9.516666666666666
toy-0009299,3870,z12,z21,3.2526911934581184,10.842303978193728,12.215958381464668
toy-0009300,3870,z22,z32,2.3,7.666666666666667,9.516666666666666
toy-0009301,3870,z32,z20,5.142956348249516,17.143187827498387,17.57170965337363
toy-0009302,3870,z32,z01,7.273238618387272,24.244128727957573,23.607509418763936
toy-0009303,3870,z32,z21,3.2526911934581184,10.842303978193728,12.215958381464668
toy-0009304,3875,z00,z02,4.6,15.333333333333334,16.03333333333333
toy-0009305,3875,z10,z02,5.142956348249516,17.143187827498387,17.57170965337363
toy-0009306,3875,z20,z30,2.3,7.666666666666667,9.516666666666666
toy-0009307,3875,z20,z11,3.2526911934581184,10.842303978193728,12.215958381464668
toy-0009308,3875,z11,z20,3.2526911934581184,10.842303978193728,12.215958381464668
toy-0009309,3875,z11,z30,5.142956348249516,17.143187827498387,17.57170965337363
toy-0009310,3875,z11,z01,2.3,7.666666666666667,9.516666666666666
toy-0009311,3875,z21,z30,3.2526911934581184,10.842303978193728,12.215958381464668
toy-0009312,3875,z21,z32,3.2526911934581184,10.842303978193728,12.215958381464668
toy-0009313,3875,z31,z00,7.273238618387272,24.244128727957573,23.607509418763936
toy-0009314,3875,z31,z10,5.142956348249516,17.143187827498387,17.57170965337363
toy-0009315,3875,z31,z20,3.2526911934581184,10.842303978193728,12.215958381464668
toy-0009316,3875,z31,z30,2.3,7.666666666666667,9.516666666666666
toy-0009317,3875,z31,z01,6.8999999999999995,22.999999999999996,22.549999999999997
toy-0009318,3875,z31,z11,4.6,15.333333333333334,16.03333333333333
toy-0009319,3875,z31,z02,7.273238618387272,24.244128727957573,23.607509418763936
toy-0009320,3875,z31,z12,5.142956348249516,17.143187827498387,17.57170965337363
toy-0009321,3875,z31,z22,3.2526911934581184,10.842303978193728,12.215958381464668
toy-0009322,3875,z31,z32,2.3,7.666666666666667,9.516666666666666
toy-0009323,3875,z22,z00,6.505382386916237,21.684607956387456,21.431916762929337
toy-0009324,3875,z22,z20,4.6,15.333333333333334,16.03333333333333
toy-0009325,3875,z22,z12,2.3,7.666666666666667,9.516666666666666
toy-0009326,3875,z32,z30,4.6,15.333333333333334,16.03333333333333
toy-0009327,3875,z32,z11,5.142956348249516,17.143187827498387,17.57170965337363
toy-0009328,3875,z32,z31,2.3,7.666666666666667,9.516666666666666
toy-0009329,3875,z32,z12,4.6,15.333333333333334,16.03333333333333
toy-0009330,3880,z10,z22,5.142956348249516,17.143187827498387,17.57170965337363
toy-0009331,3880,z11,z00,3.2526911934581184,10.842303978193728,12.215958381464668
toy-0009332,3880,z11,z21,2.3,7.666666666666667,9.516666666666666
toy-0009333,3880,z11,z31,4.6,15.333333333333334,16.03333333333333
toy-0009334,3880,z11,z02,3.2526911934581184,10.842303978193728,12.215958381464668
toy-0009335,3880,z21,z00,5.142956348249516,17.143187827498387,17.57170965337363
toy-0009336,3880,z21,z20,2.3,7.666666666666667,9.516666666666666
toy-0009337,3880,z21,z31,2.3,7.666666666666667,9.516666666666666
toy-0009338,3880,z21,z12,3.2526911934581184,10.842303978193728,12.215958381464668
toy-0009339,3880,z21,z22,2.3,7.666666666666667,9.516666666666666
toy-0009340,3880,z31,z21,2.3,7.666666666666667,9.516666666666666
toy-0009341,3880,z31,z32,2.3,7.666666666666667,9.516666666666666
toy-0009342,3880,z02,z00,4.6,15.333333333333334,16.03333333333333
toy-0009343,3880,z02,z22,4.6,15.333333333333334,16.03333333333333
toy-0009344,3880,z12,z01,3.2526911934581184,10.842303978193728,12.215958381464668
toy-0009345,3880,z22,z01,5.142956348249516,17.143187827498387,17.57170965337363
toy-0009346,3880,z22,z11,3.2526911934581184,10.842303978193728,12.215958381464668
toy-0009347,3880,z22,z31,3.2526911934581184,10.842303978193728,12.215958381464668
toy-0009348,3880,z32,z00,8.292767933567175,27.64255977855725,26.49617581177366
toy-0009349,3880,z32,z10,6.505382386916237,21.684607956387456,21.431916762929337
toy-0009350,3880,z32,z22,2.3,7.666666666666667,9.516666666666666
toy-0009351,3885,z10,z11,2.3,7.666666666666667,9.516666666666666
toy-0009352,3885,z10,z32,6.505382386916237,21.684607956387456,21.431916762929337
toy-0009353,3885,z20,z31,3.2526911934581184,10.842303978193728,12.215958381464668
toy-0009354,3885,z20,z22,4.6,15.333333333333334,16.03333333333333
toy-0009355,3885,z20,z32,5.142956348249516,17.143187827498387,17.57170965337363
toy-0009356,3885,z30,z02,8.292767933567175,27.64255977855725,26.49617581177366
toy-0009357,3885,z30,z22,5.142956348249516,17.143187827498387,17.57170965337363
toy-0009358,3885,z01,z02,2.3,7.666666666666667,9.516666666666666
toy-0009359,3885,z01,z12,3.2526911934581184,10.842303978193728,12.215958381464668
toy-0009360,3885,z31,z10,5.142956348249516,17.143187827498387,17.57170965337363
toy-0009361,3885,z31,z20,3.2526911934581184,10.842303978193728,12.215958381464668
toy-0009362,3885,z31,z30,2.3,7.666666666666667,9.516666666666666
toy-0009363,3885,z31,z01,6.8999999999999995,22.999999999999996,22.549999999999997
toy-0009364,3885,z31,z11,4.6,15.333333333333334,16.03333333333333
toy-0009365,3885,z31,z21,2.3,7.666666666666667,9.516666666666666
toy-0009366,3885,z31,z12,5.142956348249516,17.143187827498387,17.57170965337363
toy-0009367,3885,z31,z22,3.2526911934581184,10.842303978193728,12.215958381464668
toy-0009368,3885,z02,z12,2.3,7.666666666666667,9.516666666666666
toy-0009369,3885,z22,z21,2.3,7.666666666666667,9.516666666666666
toy-0009370,3885,z32,z20,5.142956348249516,17.143187827498387,17.57170965337363
toy-0009371,3885,z32,z01,7.273238618387272,24.244128727957573,23.607509418763936
toy-0009372,3885,z32,z21,3.2526911934581184,10.842303978193728,12.215958381464668
toy-0009373,3885,z32,z31,2.3,7.666666666666667,9.516666666666666
toy-0009374,3890,z00,z32,8.292767933567175,27.64255977855725,26.49617581177366
toy-0009375,3890,z10,z01,3.2526911934581184,10.842303978193728,12.215958381464668
toy-0009376,3890,z10,z21,3.2526911934581184,10.842303978193728,12.215958381464668
toy-0009377,3890,z20,z01,5.142956348249516,17.143187827498387,17.57170965337363
toy-0009378,3890,z11,z22,3.2526911934581184,10.842303978193728,12.215958381464668
toy-0009379,3890,z21,z10,3.2526911934581184,10.842303978193728,12.215958381464668
toy-0009380,3890,z21,z11,2.3,7.666666666666667,9.516666666666666
toy-0009381,3890,z21,z02,5.142956348249516,17.143187827498387,17.57170965337363
toy-0009382,3890,z21,z32,3.2526911934581184,10.842303978193728,12.215958381464668
toy-0009383,3890,z31,z00,7.273238618387272,24.244128727957573,23.607509418763936
toy-0009384,3890,z31,z11,4.6,15.333333333333334,16.03333333333333
toy-0009385,3890,z31,z32,2.3,7.666666666666667,9.516666666666666
toy-0009386,3890,z02,z21,5.142956348249516,17.143187827498387,17.57170965337363
toy-0009387,3890,z22,z10,5.142956348249516,17.143187827498387,17.57170965337363
toy-0009388,3890,z22,z32,2.3,7.666666666666667,9.516666666666666
toy-0009389,3890,z32,z11,5.142956348249516,17.143187827498387,17.57170965337363
toy-0009390,3890,z32,z02,6.8999999999999995,22.999999999999996,22.549999999999997
toy-0009391,3890,z32,z12,4.6,15.333333333333334,16.03333333333333
toy-0009392,3890,z32,z22,2.3,7.666666666666667,9.516666666666666
toy-0009393,3895,z10,z31,5.142956348249516,17.143187827498387,17.57170965337363
toy-0009394,3895,z20,z21,2.3,7.666666666666667,9.516666666666666
toy-0009395,3895,z20,z02,6.505382386916237,21.684607956387456,21.431916762929337
toy-0009396,3895,z01,z00,2.3,7.666666666666667,9.516666666666666
toy-0009397,3895,z01,z10,3.2526911934581184,10.842303978193728,12.215958381464668
toy-0009398,3895,z01,z11,2.3,7.666666666666667,9.516666666666666
toy-0009399,3895,z11,z32,5.142956348249516,17.143187827498387,17.57170965337363
toy-0009400,3895,z21,z01,4.6,15.333333333333334,16.03333333333333
toy-0009401,3895,z21,z31,2.3,7.666666666666667,9.516666666666666
toy-0009402,3895,z21,z22,2.3,7.666666666666667,9.516666666666666
toy-0009403,3895,z31,z20,3.2526911934581184,10.842303978193728,12.215958381464668
toy-0009404,3895,z31,z21,2.3,7.666666666666667,9.516666666666666
toy-0009405,3895,z31,z02,7.273238618387272,24.244128727957573,23.607509418763936
toy-0009406,3895,z31,z12,5.142956348249516,17.143187827498387,17.57170965337363
toy-0009407,3895,z31,z22,3.2526911934581184,10.842303978193728,12.215958381464668
toy-0009408,3895,z31,z32,2.3,7.666666666666667,9.516666666666666
toy-0009409,3895,z12,z31,5.142956348249516,17.143187827498387,17.57170965337363
toy-0009410,3895,z22,z30,5.142956348249516,17.143187827498387,17.57170965337363
toy-0009411,3895,z22,z31,3.2526911934581184,10.842303978193728,12.215958381464668
toy-0009412,3895,z22,z02,4.6,15.333333333333334,16.03333333333333
toy-0009413,3895,z32,z30,4.6,15.333333333333334,16.03333333333333
toy-0009414,3895,z32,z21,3.2526911934581184,10.842303978193728,12.215958381464668
toy-0009415,3895,z32,z31,2.3,7.666666666666667,9.516666666666666
toy-0009416,3900,z20,z10,2.3,7.666666666666667,9.516666666666666
toy-0009417,3900,z30,z31,2.3,7.666666666666667,9.516666666666666
toy-0009418,3900,z01,z30,7.273238618387272,24.244128727957573,23.607509418763936
toy-0009419,3900,z01,z31,6.8999999999999995,22.999999999999996,22.549999999999997
toy-0009420,3900,z11,z12,2.3,7.666666666666667,9.516666666666666
toy-0009421,3900,z21,z20,2.3,7.666666666666667,9.516666666666666
toy-0009422,3900,z21,z30,3.2526911934581184,10.842303978193728,12.215958381464668
toy-0009423,3900,z21,z32,3.2526911934581184,10.842303978193728,12.215958381464668
toy-0009424,3900,z31,z10,5.142956348249516,17.143187827498387,17.57170965337363
toy-0009425,3900,z31,z30,2.3,7.666666666666667,9.516666666666666
toy-0009426,3900,z31,z01,6.8999999999999995,22.999999999999996,22.549999999999997
toy-0009427,3900,z31,z11,4.6,15.333333333333334,16.03333333333333
toy-0009428,3900,z31,z21,2.3,7.666666666666667,9.516666666666666
toy-0009429,3900,z31,z22,3.2526911934581184,10.842303978193728,12.215958381464668
toy-0009430,3900,z02,z10,5.142956348249516,17.143187827498387,17.57170965337363
toy-0009431,3900,z02,z30,8.292767933567175,27.64255977855725,26.49617581177366
toy-0009432,3900,z12,z10,4.6,15.333333333333334,16.03333333333333
toy-0009433,3900,z12,z22,2.3,7.666666666666667,9.516666666666666
toy-0009434,3900,z22,z20,4.6,15.333333333333334,16.03333333333333
toy-0009435,3900,z22,z11,3.2526911934581184,10.842303978193728,12.215958381464668
toy-0009436,3900,z22,z21,2.3,7.666666666666667,9.516666666666666
toy-0009437,3900,z22,z12,2.3,7.666666666666667,9.516666666666666
toy-0009438,3900,z32,z10,6.505382386916237,21.684607956387456,21.431916762929337
toy-0009439,3900,z32,z20,5.142956348249516,17.143187827498387,17.57170965337363
toy-0009440,3905,z00,z31,7.273238618387272,24.244128727957573,23.607509418763936
toy-0009441,3905,z10,z12,4.6,15.333333333333334,16.03333333333333
toy-0009442,3905,z20,z12,5.142956348249516,17.143187827498387,17.57170965337363
toy-0009443,3905,z30,z20,2.3,7.666666666666667,9.516666666666666
toy-0009444,3905,z30,z11,5.142956348249516,17.143187827498387,17.57170965337363
toy-0009445,3905,z01,z21,4.6,15.333333333333334,16.03333333333333
toy-0009446,3905,z01,z32,7.273238618387272,24.244128727957573,23.607509418763936
toy-0009447,3905,z11,z20,3.2526911934581184,10.842303978193728,12.215958381464668
toy-0009448,3905,z11,z21,2.3,7.666666666666667,9.516666666666666
toy-0009449,3905,z11,z31,4.6,15.333333333333334,16.03333333333333
toy-0009450,3905,z21,z11,2.3,7.666666666666667,9.516666666666666
toy-0009451,3905,z21,z31,2.3,7.666666666666667,9.516666666666666
toy-0009452,3905,z21,z12,3.2526911934581184,10.842303978193728,12.215958381464668
toy-0009453,3905,z31,z00,7.273238618387272,24.244128727957573,23.607509418763936
toy-0009454,3905,z31,z20,3.2526911934581184,10.842303978193728,12.215958381464668
toy-0009455,3905,z31,z02,7.273238618387272,24.244128727957573,23.607509418763936
toy-0009456,3905,z31,z12,5.142956348249516,17.143187827498387,17.57170965337363
toy-0009457,3905,z31,z32,2.3,7.666666666666667,9.516666666666666
toy-0009458,3905,z02,z01,2.3,7.666666666666667,9.516666666666666
toy-0009459,3905,z12,z00,5.142956348249516,17.143187827498387,17.57170965337363
toy-0009460,3905,z22,z01,5.142956348249516,17.143187827498387,17.57170965337363
toy-0009461,3905,z22,z32,2.3,7.666666666666667,9.516666666666666
toy-0009462,3905,z32,z00,8.292767933567175,27.64255977855725,26.49617581177366
toy-0009463,3905,z32,z01,7.273238618387272,24.244128727957573,23.607509418763936
toy-0009464,3905,z32,z11,5.142956348249516,17.143187827498387,17.57170965337363
toy-0009465,3905,z32,z21,3.2526911934581184,10.842303978193728,12.215958381464668
toy-0009466,3905,z32,z31,2.3,7.666666666666667,9.516666666666666
toy-0009467,3905,z32,z12,4.6,15.333333333333334,16.03333333333333
toy-0009468,3905,z32,z22,2.3,7.666666666666667,9.516666666666666
toy-0009469,3910,z00,z01,2.3,7.666666666666667,9.516666666666666
toy-0009470,3910,z20,z00,4.6,15.333333333333334,16.03333333333333
toy-0009471,3910,z20,z11,3.2526911934581184,10.842303978193728,12.215958381464668
toy-0009472,3910,z20,z31,3.2526911934581184,10.842303978193728,12.215958381464668
toy-0009473,3910,z20,z32,5.142956348249516,17.143187827498387,17.57170965337363
toy-0009474,3910,z30,z01,7.273238618387272,24.244128727957573,23.607509418763936
toy-0009475,3910,z11,z10,2.3,7.666666666666667,9.516666666666666
toy-0009476,3910,z21,z00,5.142956348249516,17.143187827498387,17.57170965337363
toy-0009477,3910,z21,z10,3.2526911934581184,10.842303978193728,12.215958381464668
toy-0009478,3910,z21,z22,2.3,7.666666666666667,9.516666666666666
toy-0009479,3910,z31,z10,5.142956348249516,17.143187827498387,17.57170965337363
toy-0009480,3910,z31,z20,3.2526911934581184,10.842303978193728,12.215958381464668
toy-0009481,3910,z31,z30,2.3,7.666666666666667,9.516666666666666
toy-0009482,3910,z31,z01,6.8999999999999995,22.999999999999996,22.549999999999997
toy-0009483,3910,z31,z11,4.6,15.333333333333334,16.03333333333333
toy-0009484,3910,z31,z21,2.3,7.666666666666667,9.516666666666666
toy-0009485,3910,z31,z22,3.2526911934581184,10.842303978193728,12.215958381464668
toy-0009486,3910,z31,z32,2.3,7.666666666666667,9.516666666666666
toy-0009487,3910,z12,z32,4.6,15.333333333333334,16.03333333333333
toy-0009488,3910,z22,z00,6.505382386916237,21.684607956387456,21.431916762929337
toy-0009489,3910,z22,z31,3.2526911934581184,10.842303978193728,12.215958381464668
toy-0009490,3910,z32,z20,5.142956348249516,17.143187827498387,17.57170965337363
toy-0009491,3910,z32,z31,2.3,7.666666666666667,9.516666666666666
toy-0009492,3915,z20,z22,4.6,15.333333333333334,16.03333333333333
toy-0009493,3915,z01,z20,5.142956348249516,17.143187827498387,17.57170965337363
toy-0009494,3915,z01,z22,5.142956348249516,17.143187827498387,17.57170965337363
toy-0009495,3915,z11,z01,2.3,7.666666666666667,9.516666666666666
toy-0009496,3915,z11,z22,3.2526911934581184,10.842303978193728,12.215958381464668
toy-0009497,3915,z11,z32,5.142956348249516,17.143187827498387,17.57170965337363
toy-0009498,3915,z21,z20,2.3,7.666666666666667,9.516666666666666
toy-0009499,3915,z21,z01,4.6,15.333333333333334,16.03333333333333
toy-0009500,3915,z21,z31,2.3,7.666666666666667,9.516666666666666
toy-0009501,3915,z21,z02,5.142956348249516,17.143187827498387,17.57170965337363
toy-0009502,3915,z21,z32,3.2526911934581184,10.842303978193728,12.215958381464668
toy-0009503,3915,z31,z00,7.273238618387272,24.244128727957573,23.607509418763936
toy-0009504,3915,z31,z21,2.3,7.666666666666667,9.516666666666666
toy-0009505,3915,z31,z12,5.142956348249516,17.143187827498387,17.57170965337363
toy-0009506,3915,z31,z22,3.2526911934581184,10.842303978193728,12.215958381464668
toy-0009507,3915,z31,z32,2.3,7.666666666666667,9.516666666666666
toy-0009508,3915,z12,z21,3.2526911934581184,10.842303978193728,12.215958381464668
toy-0009509,3915,z22,z10,5.142956348249516,17.143187827498387,17.57170965337363
toy-0009510,3915,z22,z20,4.6,15.333333333333334,16.03333333333333
toy-0009511,3915,z22,z21,2.3,7.666666666666667,9.516666666666666
toy-0009512,3915,z32,z10,6.505382386916237,21.684607956387456,21.431916762929337
toy-0009513,3915,z32,z30,4.6,15.333333333333334,16.03333333333333
toy-0009514,3915,z32,z11,5.142956348249516,17.143187827498387,17.57170965337363
toy-0009515,3915,z32,z21,3.2526911934581184,10.842303978193728,12.215958381464668
toy-0009516,3915,z32,z02,6.8999999999999995,22.999999999999996,22.549999999999997
toy-0009517,3915,z32,z22,2.3,7.666666666666667,9.516666666666666
toy-0009518,3920,z00,z11,3.2526911934581184,10.842303978193728,12.215958381464668
toy-0009519,3920,z10,z30,4.6,15.333333333333334,16.03333333333333
toy-0009520,3920,z11,z30,5.142956348249516,17.143187827498387,17.57170965337363
toy-0009521,3920,z21,z11,2.3,7.666666666666667,9.516666666666666
toy-0009522,3920,z21,z12,3.2526911934581184,10.842303978193728,12.215958381464668
toy-0009523,3920,z31,z10,5.142956348249516,17.143187827498387,17.57170965337363
toy-0009524,3920,z31,z20,3.2526911934581184,10.842303978193728,12.215958381464668
toy-0009525,3920,z31,z01,6.8999999999999995,22.999999999999996,22.549999999999997
toy-0009526,3920,z31,z11,4.6,15.333333333333334,16.03333333333333
toy-0009527,3920,z31,z02,7.273238618387272,24.244128727957573,23.607509418763936
toy-0009528,3920,z22,z30,5.142956348249516,17.143187827498387,17.57170965337363
toy-0009529,3920,z22,z11,3.2526911934581184,10.842303978193728,12.215958381464668
toy-0009530,3920,z22,z31,3.2526911934581184,10.842303978193728,12.215958381464668
toy-0009531,3920,z22,z32,2.3,7.666666666666667,9.516666666666666
toy-0009532,3920,z32,z00,8.292767933567175,27.64255977855725,26.49617581177366
toy-0009533,3920,z32,z01,7.273238618387272,24.244128727957573,23.607509418763936
toy-0009534,3920,z32,z31,2.3,7.666666666666667,9.516666666666666
toy-0009535,3920,z32,z12,4.6,15.333333333333334,16.03333333333333
toy-0009536,3925,z10,z20,2.3,7.666666666666667,9.516666666666666
toy-0009537,3925,z20,z30,2.3,7.666666666666667,9.516666666666666
toy-0009538,3925,z20,z21,2.3,7.666666666666667,9.516666666666666
toy-0009539,3925,z11,z00,3.2526911934581184,10.842303978193728,12.215958381464668
toy-0009540,3925,z11,z31,4.6,15.333333333333334,16.03333333333333
toy-0009541,3925,z21,z30,3.2526911934581184,10.842303978193728,12.215958381464668
toy-0009542,3925,z21,z22,2.3,7.666666666666667,9.516666666666666
toy-0009543,3925,z21,z32,3.2526911934581184,10.842303978193728,12.215958381464668
toy-0009544,3925,z31,z30,2.3,7.666666666666667,9.516666666666666
toy-0009545,3925,z31,z11,4.6,15.333333333333334,16.03333333333333
toy-0009546,3925,z31,z21,2.3,7.666666666666667,9.516666666666666
toy-0009547,3925,z31,z12,5.142956348249516,17.143187827498387,17.57170965337363
toy-0009548,3925,z31,z22,3.2526911934581184,10.842303978193728,12.215958381464668
toy-0009549,3925,z31,z32,2.3,7.666666666666667,9.516666666666666
toy-0009550,3925,z02,z31,7.273238618387272,24.244128727957573,23.607509418763936
toy-0009551,3925,z12,z20,5.142956348249516,17.143187827498387,17.57170965337363
toy-0009552,3925,z12,z30,6.505382386916237,21.684607956387456,21.431916762929337
toy-0009553,3925,z12,z11,2.3,7.666666666666667,9.516666666666666
toy-0009554,3925,z12,z31,5.142956348249516,17.143187827498387,17.57170965337363
toy-0009555,3925,z22,z02,4.6,15.333333333333334,16.03333333333333
toy-0009556,3925,z22,z12,2.3,7.666666666666667,9.516666666666666
toy-0009557,3925,z32,z20,5.142956348249516,17.143187827498387,17.57170965337363
toy-0009558,3925,z32,z22,2.3,7.666666666666667,9.516666666666666
toy-0009559,3930,z10,z22,5.142956348249516,17.143187827498387,17.57170965337363
toy-0009560,3930,z10,z32,6.505382386916237,21.684607956387456,21.431916762929337
toy-0009561,3930,z20,z31,3.2526911934581184,10.842303978193728,12.215958381464668
toy-0009562,3930,z30,z21,3.2526911934581184,10.842303978193728,12.215958381464668
toy-0009563,3930,z11,z21,2.3,7.666666666666667,9.516666666666666
toy-0009564,3930,z11,z02,3.2526911934581184,10.842303978193728,12.215958381464668
toy-0009565,3930,z21,z10,3.2526911934581184,10.842303978193728,12.215958381464668
toy-0009566,3930,z21,z20,2.3,7.666666666666667,9.516666666666666
toy-0009567,3930,z21,z31,2.3,7.666666666666667,9.516666666666666
toy-0009568,3930,z31,z00,7.273238618387272,24.244128727957573,23.607509418763936
toy-0009569,3930,z31,z10,5.142956348249516,17.143187827498387,17.57170965337363
toy-0009570,3930,z31,z20,3.2526911934581184,10.842303978193728,12.215958381464668
toy-0009571,3930,z31,z01,6.8999999999999995,22.999999999999996,22.549999999999997
toy-0009572,3930,z31,z21,2.3,7.666666666666667,9.516666666666666
toy-0009573,3930,z31,z22,3.2526911934581184,10.842303978193728,12.215958381464668
toy-0009574,3930,z31,z32,2.3,7.666666666666667,9.516666666666666
toy-0009575,3930,z02,z11,3.2526911934581184,10.842303978193728,12.215958381464668
toy-0009576,3930,z22,z01,5.142956348249516,17.143187827498387,17.57170965337363
toy-0009577,3930,z32,z10,6.505382386916237,21.684607956387456,21.431916762929337
toy-0009578,3930,z32,z30,4.6,15.333333333333334,16.03333333333333
toy-0009579,3930,z32,z11,5.142956348249516,17.143187827498387,17.57170965337363
toy-0009580,3930,z32,z21,3.2526911934581184,10.842303978193728,12.215958381464668
toy-0009581,3930,z32,z31,2.3,7.666666666666667,9.516666666666666
toy-0009582,3935,z00,z22,6.505382386916237,21.684607956387456,21.431916762929337
toy-0009583,3935,z10,z31,5.142956348249516,17.143187827498387,17.57170965337363
toy-0009584,3935,z20,z01,5.142956348249516,17.143187827498387,17.57170965337363
toy-0009585,3935,z20,z32,5.142956348249516,17.143187827498387,17.57170965337363
toy-0009586,3935,z30,z32,4.6,15.333333333333334,16.03333333333333
toy-0009587,3935,z11,z20,3.2526911934581184,10.842303978193728,12.215958381464668
toy-0009588,3935,z11,z12,2.3,7.666666666666667,9.516666666666666
toy-0009589,3935,z21,z00,5.142956348249516,17.143187827498387,17.57170965337363
toy-0009590,3935,z21,z11,2.3,7.666666666666667,9.516666666666666
toy-0009591,3935,z31,z30,2.3,7.666666666666667,9.516666666666666
toy-0009592,3935,z31,z11,4.6,15.333333333333334,16.03333333333333
toy-0009593,3935,z31,z21,2.3,7.666666666666667,9.516666666666666
toy-0009594,3935,z31,z02,7.273238618387272,24.244128727957573,23.607509418763936
toy-0009595,3935,z31,z12,5.142956348249516,17.143187827498387,17.57170965337363
toy-0009596,3935,z31,z22,3.2526911934581184,10.842303978193728,12.215958381464668
toy-0009597,3935,z31,z32,2.3,7.666666666666667,9.516666666666666
toy-0009598,3935,z02,z32,6.8999999999999995,22.999999999999996,22.549999999999997
toy-0009599,3935,z22,z00,6.505382386916237,21.684607956387456,21.431916762929337
toy-0009600,3935,z22,z20,4.6,15.333333333333334,16.03333333333333
toy-0009601,3935,z22,z21,2.3,7.666666666666667,9.516666666666666
toy-0009602,3935,z22,z31,3.2526911934581184,10.842303978193728,12.215958381464668
toy-0009603,3935,z22,z32,2.3,7.666666666666667,9.516666666666666
toy-0009604,3935,z32,z02,6.8999999999999995,22.999999999999996,22.549999999999997
toy-0009605,3935,z32,z12,4.6,15.333333333333334,16.03333333333333
toy-0009606,3940,z00,z12,5.142956348249516,17.143187827498387,17.57170965337363
toy-0009607,3940,z10,z11,2.3,7.666666666666667,9.516666666666666
toy-0009608,3940,z10,z21,3.2526911934581184,10.842303978193728,12.215958381464668
toy-0009609,3940,z20,z10,2.3,7.666666666666667,9.516666666666666
toy-0009610,3940,z20,z11,3.2526911934581184,10.842303978193728,12.215958381464668
toy-0009611,3940,z30,z10,4.6,15.333333333333334,16.03333333333333
toy-0009612,3940,z11,z31,4.6,15.333333333333334,16.03333333333333
toy-0009613,3940,z11,z22,3.2526911934581184,10.842303978193728,12.215958381464668
toy-0009614,3940,z11,z32,5.142956348249516,17.143187827498387,17.57170965337363
toy-0009615,3940,z21,z01,4.6,15.333333333333334,16.03333333333333
toy-0009616,3940,z21,z31,2.3,7.666666666666667,9.516666666666666
toy-0009617,3940,z21,z12,3.2526911934581184,10.842303978193728,12.215958381464668
toy-0009618,3940,z21,z22,2.3,7.666666666666667,9.516666666666666
toy-0009619,3940,z21,z32,3.2526911934581184,10.842303978193728,12.215958381464668
toy-0009620,3940,z31,z00,7.273238618387272,24.244128727957573,23.607509418763936
toy-0009621,3940,z31,z10,5.142956348249516,17.143187827498387,17.57170965337363
toy-0009622,3940,z31,z20,3.2526911934581184,10.842303978193728,12.215958381464668
toy-0009623,3940,z12,z22,2.3,7.666666666666667,9.516666666666666
toy-0009624,3940,z22,z10,5.142956348249516,17.143187827498387,17.57170965337363
toy-0009625,3940,z22,z11,3.2526911934581184,10.842303978193728,12.215958381464668
toy-0009626,3940,z32,z00,8.292767933567175,27.64255977855725,26.49617581177366
toy-0009627,3940,z32,z20,5.142956348249516,17.143187827498387,17.57170965337363
toy-0009628,3940,z32,z01,7.273238618387272,24.244128727957573,23.607509418763936
toy-0009629,3940,z32,z11,5.142956348249516,17.143187827498387,17.57170965337363
toy-0009630,3940,z32,z21,3.2526911934581184,10.842303978193728,12.215958381464668
toy-0009631,3940,z32,z31,2.3,7.666666666666667,9.516666666666666
toy-0009632,3940,z32,z22,2.3,7.666666666666667,9.516666666666666
toy-0009633,3945,z10,z00,2.3,7.666666666666667,9.516666666666666
toy-0009634,3945,z20,z12,5.142956348249516,17.143187827498387,17.57170965337363
toy-0009635,3945,z20,z22,4.6,15.333333333333334,16.03333333333333
toy-0009636,3945,z30,z00,6.8999999999999995,22.999999999999996,22.549999999999997
toy-0009637,3945,z01,z31,6.8999999999999995,22.999999999999996,22.549999999999997
toy-0009638,3945,z11,z10,2.3,7.666666666666667,9.516666666666666
toy-0009639,3945,z21,z30,3.2526911934581184,10.842303978193728,12.215958381464668
toy-0009640,3945,z21,z02,5.142956348249516,17.143187827498387,17.57170965337363
toy-0009641,3945,z31,z20,3.2526911934581184,10.842303978193728,12.215958381464668
toy-0009642,3945,z31,z01,6.8999999999999995,22.999999999999996,22.549999999999997
toy-0009643,3945,z31,z11,4.6,15.333333333333334,16.03333333333333
toy-0009644,3945,z31,z21,2.3,7.666666666666667,9.516666666666666
toy-0009645,3945,z31,z12,5.142956348249516,17.143187827498387,17.57170965337363
toy-0009646,3945,z31,z22,3.2526911934581184,10.842303978193728,12.215958381464668
toy-0009647,3945,z31,z32,2.3,7.666666666666667,9.516666666666666
toy-0009648,3945,z12,z01,3.2526911934581184,10.842303978193728,12.215958381464668
toy-0009649,3945,z12,z32,4.6,15.333333333333334,16.03333333333333
toy-0009650,3945,z22,z30,5.142956348249516,17.143187827498387,17.57170965337363
toy-0009651,3945,z22,z31,3.2526911934581184,10.842303978193728,12.215958381464668
toy-0009652,3945,z22,z12,2.3,7.666666666666667,9.516666666666666
toy-0009653,3945,z32,z10,6.505382386916237,21.684607956387456,21.431916762929337
toy-0009654,3945,z32,z31,2.3,7.666666666666667,9.516666666666666
toy-0009655,3950,z20,z21,2.3,7.666666666666667,9.516666666666666
toy-0009656,3950,z20,z31,3.2526911934581184,10.842303978193728,12.215958381464668
toy-0009657,3950,z20,z02,6.505382386916237,21.684607956387456,21.431916762929337
toy-0009658,3950,z11,z01,2.3,7.666666666666667,9.516666666666666
toy-0009659,3950,z21,z10,3.2526911934581184,10.842303978193728,12.215958381464668
toy-0009660,3950,z21,z20,2.3,7.666666666666667,9.516666666666666
toy-0009661,3950,z21,z31,2.3,7.666666666666667,9.516666666666666
toy-0009662,3950,z21,z22,2.3,7.666666666666667,9.516666666666666
toy-0009663,3950,z21,z32,3.2526911934581184,10.842303978193728,12.215958381464668
toy-0009664,3950,z31,z10,5.142956348249516,17.143187827498387,17.57170965337363
toy-0009665,3950,z31,z30,2.3,7.666666666666667,9.516666666666666
toy-0009666,3950,z31,z11,4.6,15.333333333333334,16.03333333333333
toy-0009667,3950,z31,z21,2.3,7.666666666666667,9.516666666666666
toy-0009668,3950,z31,z02,7.273238618387272,24.244128727957573,23.607509418763936
toy-0009669,3950,z31,z22,3.2526911934581184,10.842303978193728,12.215958381464668
toy-0009670,3950,z31,z32,2.3,7.666666666666667,9.516666666666666
toy-0009671,3950,z12,z02,2.3,7.666666666666667,9.516666666666666
toy-0009672,3950,z22,z21,2.3,7.666666666666667,9.516666666666666
toy-0009673,3950,z22,z32,2.3,7.666666666666667,9.516666666666666
toy-0009674,3950,z32,z20,5.142956348249516,17.143187827498387,17.57170965337363
toy-0009675,3950,z32,z30,4.6,15.333333333333334,16.03333333333333
toy-0009676,3950,z32,z21,3.2526911934581184,10.842303978193728,12.215958381464668
toy-0009677,3950,z32,z12,4.6,15.333333333333334,16.03333333333333
toy-0009678,3950,z32,z22,2.3,7.666666666666667,9.516666666666666
toy-0009679,3955,z11,z21,2.3,7.666666666666667,9.516666666666666
toy-0009680,3955,z21,z11,2.3,7.666666666666667,9.516666666666666
toy-0009681,3955,z31,z00,7.273238618387272,24.244128727957573,23.607509418763936
toy-0009682,3955,z31,z20,3.2526911934581184,10.842303978193728,12.215958381464668
toy-0009683,3955,z31,z01,6.8999999999999995,22.999999999999996,22.549999999999997
toy-0009684,3955,z31,z12,5.142956348249516,17.143187827498387,17.57170965337363
toy-0009685,3955,z31,z32,2.3,7.666666666666667,9.516666666666666
toy-0009686,3955,z12,z21,3.2526911934581184,10.842303978193728,12.215958381464668
toy-0009687,3955,z22,z20,4.6,15.333333333333334,16.03333333333333
toy-0009688,3955,z22,z01,5.142956348249516,17.143187827498387,17.57170965337363
toy-0009689,3955,z22,z02,4.6,15.333333333333334,16.03333333333333
toy-0009690,3955,z32,z01,7.273238618387272,24.244128727957573,23.607509418763936
toy-0009691,3955,z32,z11,5.142956348249516,17.143187827498387,17.57170965337363
toy-0009692,3955,z32,z31,2.3,7.666666666666667,9.516666666666666
toy-0009693,3955,z32,z02,6.8999999999999995,22.999999999999996,22.549999999999997
toy-0009694,3960,z00,z30,6.8999999999999995,22.999999999999996,22.549999999999997
toy-0009695,3960,z20,z00,4.6,15.333333333333334,16.03333333333333
toy-0009696,3960,z20,z32,5.142956348249516,17.143187827498387,17.57170965337363
toy-0009697,3960,z30,z31,2.3,7.666666666666667,9.516666666666666
toy-0009698,3960,z30,z12,6.505382386916237,21.684607956387456,21.431916762929337
toy-0009699,3960,z30,z22,5.142956348249516,17.143187827498387,17.57170965337363
toy-0009700,3960,z01,z32,7.273238618387272,24.244128727957573,23.607509418763936
toy-0009701,3960,z11,z30,5.142956348249516,17.143187827498387,17.57170965337363
toy-0009702,3960,z11,z31,4.6,15.333333333333334,16.03333333333333
toy-0009703,3960,z11,z32,5.142956348249516,17.143187827498387,17.57170965337363
toy-0009704,3960,z21,z00,5.142956348249516,17.143187827498387,17.57170965337363
toy-0009705,3960,z21,z01,4.6,15.333333333333334,16.03333333333333
toy-0009706,3960,z21,z31,2.3,7.666666666666667,9.516666666666666
toy-0009707,3960,z21,z12,3.2526911934581184,10.842303978193728,12.215958381464668
toy-0009708,3960,z31,z10,5.142956348249516,17.143187827498387,17.57170965337363
toy-0009709,3960,z31,z30,2.3,7.666666666666667,9.516666666666666
toy-0009710,3960,z31,z11,4.6,15.333333333333334,16.03333333333333
toy-0009711,3960,z31,z21,2.3,7.666666666666667,9.516666666666666
toy-0009712,3960,z31,z22,3.2526911934581184,10.842303978193728,12.215958381464668
toy-0009713,3960,z12,z10,4.6,15.333333333333334,16.03333333333333
toy-0009714,3960,z12,z31,5.142956348249516,17.143187827498387,17.57170965337363
toy-0009715,3960,z22,z10,5.142956348249516,17.143187827498387,17.57170965337363
toy-0009716,3960,z22,z11,3.2526911934581184,10.842303978193728,12.215958381464668
toy-0009717,3960,z22,z31,3.2526911934581184,10.842303978193728,12.215958381464668
toy-0009718,3960,z32,z00,8.292767933567175,27.64255977855725,26.49617581177366
toy-0009719,3960,z32,z21,3.2526911934581184,10.842303978193728,12.215958381464668
toy-0009720,3960,z32,z22,2.3,7.666666666666667,9.516666666666666
toy-0009721,3965,z00,z21,5.142956348249516,17.143187827498387,17.57170965337363
toy-0009722,3965,z01,z11,2.3,7.666666666666667,9.516666666666666
toy-0009723,3965,z01,z21,4.6,15.333333333333334,16.03333333333333
toy-0009724,3965,z11,z20,3.2526911934581184,10.842303978193728,12.215958381464668
toy-0009725,3965,z11,z22,3.2526911934581184,10.842303978193728,12.215958381464668
toy-0009726,3965,z21,z20,2.3,7.666666666666667,9.516666666666666
toy-0009727,3965,z21,z22,2.3,7.666666666666667,9.516666666666666
toy-0009728,3965,z21,z32,3.2526911934581184,10.842303978193728,12.215958381464668
toy-0009729,3965,z31,z20,3.2526911934581184,10.842303978193728,12.215958381464668
toy-0009730,3965,z31,z01,6.8999999999999995,22.999999999999996,22.549999999999997
toy-0009731,3965,z31,z21,2.3,7.666666666666667,9.516666666666666
toy-0009732,3965,z31,z02,7.273238618387272,24.244128727957573,23.607509418763936
toy-0009733,3965,z31,z12,5.142956348249516,17.143187827498387,17.57170965337363
toy-0009734,3965,z31,z32,2.3,7.666666666666667,9.516666666666666
toy-0009735,3965,z22,z00,6.505382386916237,21.684607956387456,21.431916762929337
toy-0009736,3965,z22,z21,2.3,7.666666666666667,9.516666666666666
toy-0009737,3965,z22,z32,2.3,7.666666666666667,9.516666666666666
toy-0009738,3965,z32,z10,6.505382386916237,21.684607956387456,21.431916762929337
toy-0009739,3965,z32,z20,5.142956348249516,17.143187827498387,17.57170965337363
toy-0009740,3965,z32,z31,2.3,7.666666666666667,9.516666666666666
toy-0009741,3970,z10,z01,3.2526911934581184,10.842303978193728,12.215958381464668
toy-0009742,3970,z10,z12,4.6,15.333333333333334,16.03333333333333
toy-0009743,3970,z20,z30,2.3,7.666666666666667,9.516666666666666
toy-0009744,3970,z01,z12,3.2526911934581184,10.842303978193728,12.215958381464668
toy-0009745,3970,z11,z00,3.2526911934581184,10.842303978193728,12.215958381464668
toy-0009746,3970,z11,z12,2.3,7.666666666666667,9.516666666666666
toy-0009747,3970,z21,z10,3.2526911934581184,10.842303978193728,12.215958381464668
toy-0009748,3970,z21,z30,3.2526911934581184,10.842303978193728,12.215958381464668
toy-0009749,3970,z21,z11,2.3,7.666666666666667,9.516666666666666
toy-0009750,3970,z21,z02,5.142956348249516,17.143187827498387,17.57170965337363
toy-0009751,3970,z31,z00,7.273238618387272,24.244128727957573,23.607509418763936
toy-0009752,3970,z31,z10,5.142956348249516,17.143187827498387,17.57170965337363
toy-0009753,3970,z31,z11,4.6,15.333333333333334,16.03333333333333
toy-0009754,3970,z31,z22,3.2526911934581184,10.842303978193728,12.215958381464668
toy-0009755,3970,z31,z32,2.3,7.666666666666667,9.516666666666666
toy-0009756,3970,z02,z20,6.505382386916237,21.684607956387456,21.431916762929337
toy-0009757,3970,z12,z11,2.3,7.666666666666667,9.516666666666666
toy-0009758,3970,z22,z12,2.3,7.666666666666667,9.516666666666666
toy-0009759,3970,z32,z30,4.6,15.333333333333334,16.03333333333333
toy-0009760,3970,z32,z11,5.142956348249516,17.143187827498387,17.57170965337363
toy-0009761,3970,z32,z21,3.2526911934581184,10.842303978193728,12.215958381464668
toy-0009762,3970,z32,z12,4.6,15.333333333333334,16.03333333333333
toy-0009763,3975,z10,z31,5.142956348249516,17.143187827498387,17.57170965337363
toy-0009764,3975,z10,z02,5.142956348249516,17.143187827498387,17.57170965337363
toy-0009765,3975,z10,z32,6.505382386916237,21.684607956387456,21.431916762929337
toy-0009766,3975,z20,z11,3.2526911934581184,10.842303978193728,12.215958381464668
toy-0009767,3975,z20,z31,3.2526911934581184,10.842303978193728,12.215958381464668
toy-0009768,3975,z20,z22,4.6,15.333333333333334,16.03333333333333
toy-0009769,3975,z11,z02,3.2526911934581184,10.842303978193728,12.215958381464668
toy-0009770,3975,z21,z31,2.3,7.666666666666667,9.516666666666666
toy-0009771,3975,z31,z20,3.2526911934581184,10.842303978193728,12.215958381464668
toy-0009772,3975,z31,z30,2.3,7.666666666666667,9.516666666666666
toy-0009773,3975,z31,z21,2.3,7.666666666666667,9.516666666666666
toy-0009774,3975,z31,z22,3.2526911934581184,10.842303978193728,12.215958381464668
toy-0009775,3975,z31,z32,2.3,7.666666666666667,9.516666666666666
toy-0009776,3975,z12,z20,5.142956348249516,17.143187827498387,17.57170965337363
toy-0009777,3975,z22,z30,5.142956348249516,17.143187827498387,17.57170965337363
toy-0009778,3975,z22,z31,3.2526911934581184,10.842303978193728,12.215958381464668
toy-0009779,3975,z32,z01,7.273238618387272,24.244128727957573,23.607509418763936
toy-0009780,3975,z32,z31,2.3,7.666666666666667,9.516666666666666
toy-0009781,3975,z32,z22,2.3,7.666666666666667,9.516666666666666
toy-0009782,3980,z00,z32,8.292767933567175,27.64255977855725,26.49617581177366
toy-0009783,3980,z20,z10,2.3,7.666666666666667,9.516666666666666
toy-0009784,3980,z20,z01,5.142956348249516,17.143187827498387,17.57170965337363
toy-0009785,3980,z20,z21,2.3,7.666666666666667,9.516666666666666
toy-0009786,3980,z01,z22,5.142956348249516,17.143187827498387,17.57170965337363
toy-0009787,3980,z11,z10,2.3,7.666666666666667,9.516666666666666
toy-0009788,3980,z11,z21,2.3,7.666666666666667,9.516666666666666
toy-0009789,3980,z21,z12,3.2526911934581184,10.842303978193728,12.215958381464668
toy-0009790,3980,z21,z32,3.2526911934581184,10.842303978193728,12.215958381464668
toy-0009791,3980,z31,z00,7.273238618387272,24.244128727957573,23.607509418763936
toy-0009792,3980,z31,z01,6.8999999999999995,22.999999999999996,22.549999999999997
toy-0009793,3980,z31,z11,4.6,15.333333333333334,16.03333333333333
toy-0009794,3980,z31,z21,2.3,7.666666666666667,9.516666666666666
toy-0009795,3980,z31,z02,7.273238618387272,24.244128727957573,23.607509418763936
toy-0009796,3980,z31,z12,5.142956348249516,17.143187827498387,17.57170965337363
toy-0009797,3980,z12,z00,5.142956348249516,17.143187827498387,17.57170965337363
toy-0009798,3980,z22,z20,4.6,15.333333333333334,16.03333333333333
toy-0009799,3980,z22,z01,5.142956348249516,17.143187827498387,17.57170965337363
toy-0009800,3980,z22,z11,3.2526911934581184,10.842303978193728,12.215958381464668
toy-0009801,3980,z22,z21,2.3,7.666666666666667,9.516666666666666
toy-0009802,3980,z22,z32,2.3,7.666666666666667,9.516666666666666
toy-0009803,3980,z32,z10,6.505382386916237,21.684607956387456,21.431916762929337
toy-0009804,3980,z32,z20,5.142956348249516,17.143187827498387,17.57170965337363
toy-0009805,3980,z32,z02,6.8999999999999995,22.999999999999996,22.549999999999997
toy-0009806,3985,z00,z31,7.273238618387272,24.244128727957573,23.607509418763936
toy-0009807,3985,z10,z20,2.3,7.666666666666667,9.516666666666666
toy-0009808,3985,z10,z22,5.142956348249516,17.143187827498387,17.57170965337363
toy-0009809,3985,z20,z12,5.142956348249516,17.143187827498387,17.57170965337363
toy-0009810,3985,z01,z10,3.2526911934581184,10.842303978193728,12.215958381464668
toy-0009811,3985,z11,z31,4.6,15.333333333333334,16.03333333333333
toy-0009812,3985,z11,z32,5.142956348249516,17.143187827498387,17.57170965337363
toy-0009813,3985,z21,z00,5.142956348249516,17.143187827498387,17.57170965337363
toy-0009814,3985,z21,z20,2.3,7.666666666666667,9.516666666666666
toy-0009815,3985,z21,z01,4.6,15.333333333333334,16.03333333333333
toy-0009816,3985,z21,z31,2.3,7.666666666666667,9.516666666666666
toy-0009817,3985,z21,z22,2.3,7.666666666666667,9.516666666666666
toy-0009818,3985,z31,z10,5.142956348249516,17.143187827498387,17.57170965337363
toy-0009819,3985,z31,z20,3.2526911934581184,10.842303978193728,12.215958381464668
toy-0009820,3985,z31,z30,2.3,7.666666666666667,9.516666666666666
toy-0009821,3985,z31,z22,3.2526911934581184,10.842303978193728,12.215958381464668
toy-0009822,3985,z31,z32,2.3,7.666666666666667,9.516666666666666
toy-0009823,3985,z12,z22,2.3,7.666666666666667,9.516666666666666
toy-0009824,3985,z12,z32,4.6,15.333333333333334,16.03333333333333
toy-0009825,3985,z32,z00,8.292767933567175,27.64255977855725,26.49617581177366
toy-0009826,3985,z32,z11,5.142956348249516,17.143187827498387,17.57170965337363
toy-0009827,3985,z32,z21,3.2526911934581184,10.842303978193728,12.215958381464668
toy-0009828,3985,z32,z31,2.3,7.666666666666667,9.516666666666666
toy-0009829,3985,z32,z12,4.6,15.333333333333334,16.03333333333333
toy-0009830,3985,z32,z22,2.3,7.666666666666667,9.516666666666666
toy-0009831,3990,z00,z20,4.6,15.333333333333334,16.03333333333333
toy-0009832,3990,z10,z21,3.2526911934581184,10.842303978193728,12.215958381464668
toy-0009833,3990,z20,z32,5.142956348249516,17.143187827498387,17.57170965337363
toy-0009834,3990,z01,z20,5.142956348249516,17.143187827498387,17.57170965337363
toy-0009835,3990,z21,z11,2.3,7.666666666666667,9.516666666666666
toy-0009836,3990,z31,z01,6.8999999999999995,22.999999999999996,22.549999999999997
toy-0009837,3990,z31,z11,4.6,15.333333333333334,16.03333333333333
toy-0009838,3990,z31,z21,2.3,7.666666666666667,9.516666666666666
toy-0009839,3990,z31,z12,5.142956348249516,17.143187827498387,17.57170965337363
toy-0009840,3990,z31,z22,3.2526911934581184,10.842303978193728,12.215958381464668
toy-0009841,3990,z31,z32,2.3,7.666666666666667,9.516666666666666
toy-0009842,3990,z22,z10,5.142956348249516,17.143187827498387,17.57170965337363
toy-0009843,3990,z22,z31,3.2526911934581184,10.842303978193728,12.215958381464668
toy-0009844,3990,z22,z02,4.6,15.333333333333334,16.03333333333333
toy-0009845,3990,z32,z30,4.6,15.333333333333334,16.03333333333333
toy-0009846,3995,z30,z20,2.3,7.666666666666667,9.516666666666666
toy-0009847,3995,z30,z11,5.142956348249516,17.143187827498387,17.57170965337363
toy-0009848,3995,z01,z31,6.8999999999999995,22.999999999999996,22.549999999999997
toy-0009849,3995,z11,z20,3.2526911934581184,10.842303978193728,12.215958381464668
toy-0009850,3995,z11,z01,2.3,7.666666666666667,9.516666666666666
toy-0009851,3995,z11,z22,3.2526911934581184,10.842303978193728,12.215958381464668
toy-0009852,3995,z21,z10,3.2526911934581184,10.842303978193728,12.215958381464668
toy-0009853,3995,z21,z30,3.2526911934581184,10.842303978193728,12.215958381464668
toy-0009854,3995,z21,z31,2.3,7.666666666666667,9.516666666666666
toy-0009855,3995,z21,z32,3.2526911934581184,10.842303978193728,12.215958381464668
toy-0009856,3995,z31,z00,7.273238618387272,24.244128727957573,23.607509418763936
toy-0009857,3995,z31,z10,5.142956348249516,17.143187827498387,17.57170965337363
toy-0009858,3995,z31,z20,3.2526911934581184,10.842303978193728,12.215958381464668
toy-0009859,3995,z31,z11,4.6,15.333333333333334,16.03333333333333
toy-0009860,3995,z31,z21,2.3,7.666666666666667,9.516666666666666
toy-0009861,3995,z31,z02,7.273238618387272,24.244128727957573,23.607509418763936
toy-0009862,3995,z12,z31,5.142956348249516,17.143187827498387,17.57170965337363
toy-0009863,3995,z22,z12,2.3,7.666666666666667,9.516666666666666
toy-0009864,3995,z22,z32,2.3,7.666666666666667,9.516666666666666
toy-0009865,3995,z32,z20,5.142956348249516,17.143187827498387,17.57170965337363
toy-0009866,3995,z32,z01,7.273238618387272,24.244128727957573,23.607509418763936
toy-0009867,3995,z32,z11,5.142956348249516,17.143187827498387,17.57170965337363
toy-0009868,3995,z32,z21,3.2526911934581184,10.842303978193728,12.215958381464668
toy-0009869,3995,z32,z31,2.3,7.666666666666667,9.516666666666666
toy-0009870,4000,z00,z10,2.3,7.666666666666667,9.516666666666666
toy-0009871,4000,z20,z31,3.2526911934581184,10.842303978193728,12.215958381464668
toy-0009872,4000,z21,z20,2.3,7.666666666666667,9.516666666666666
toy-0009873,4000,z21,z02,5.142956348249516,17.143187827498387,17.57170965337363
toy-0009874,4000,z21,z12,3.2526911934581184,10.842303978193728,12.215958381464668
toy-0009875,4000,z21,z22,2.3,7.666666666666667,9.516666666666666
toy-0009876,4000,z31,z20,3.2526911934581184,10.842303978193728,12.215958381464668
toy-0009877,4000,z31,z30,2.3,7.666666666666667,9.516666666666666
toy-0009878,4000,z31,z01,6.8999999999999995,22.999999999999996,22.549999999999997
toy-0009879,4000,z31,z12,5.142956348249516,17.143187827498387,17.57170965337363
toy-0009880,4000,z31,z22,3.2526911934581184,10.842303978193728,12.215958381464668
toy-0009881,4000,z31,z32,2.3,7.666666666666667,9.516666666666666
toy-0009882,4000,z12,z30,6.505382386916237,21.684607956387456,21.431916762929337
toy-0009883,4000,z12,z21,3.2526911934581184,10.842303978193728,12.215958381464668
toy-0009884,4000,z22,z00,6.505382386916237,21.684607956387456,21.431916762929337
toy-0009885,4000,z22,z20,4.6,15.333333333333334,16.03333333333333
toy-0009886,4000,z22,z11,3.2526911934581184,10.842303978193728,12.215958381464668
toy-0009887,4000,z22,z21,2.3,7.666666666666667,9.516666666666666
toy-0009888,4000,z32,z10,6.505382386916237,21.684607956387456,21.431916762929337
toy-0009889,4000,z32,z12,4.6,15.333333333333334,16.03333333333333
toy-0009890,4000,z32,z22,2.3,7.666666666666667,9.516666666666666
toy-0009891,4005,z10,z30,4.6,15.333333333333334,16.03333333333333
toy-0009892,4005,z10,z11,2.3,7.666666666666667,9.516666666666666
toy-0009893,4005,z20,z02,6.505382386916237,21.684607956387456,21.431916762929337
toy-0009894,4005,z20,z22,4.6,15.333333333333334,16.03333333333333
toy-0009895,4005,z30,z21,3.2526911934581184,10.842303978193728,12.215958381464668
toy-0009896,4005,z30,z32,4.6,15.333333333333334,16.03333333333333
toy-0009897,4005,z01,z00,2.3,7.666666666666667,9.516666666666666
toy-0009898,4005,z01,z30,7.273238618387272,24.244128727957573,23.607509418763936
toy-0009899,4005,z01,z02,2.3,7.666666666666667,9.516666666666666
toy-0009900,4005,z11,z30,5.142956348249516,17.143187827498387,17.57170965337363
toy-0009901,4005,z11,z21,2.3,7.666666666666667,9.516666666666666
toy-0009902,4005,z11,z31,4.6,15.333333333333334,16.03333333333333
toy-0009903,4005,z11,z12,2.3,7.666666666666667,9.516666666666666
toy-0009904,4005,z21,z01,4.6,15.333333333333334,16.03333333333333
toy-0009905,4005,z21,z11,2.3,7.666666666666667,9.516666666666666
toy-0009906,4005,z21,z32,3.2526911934581184,10.842303978193728,12.215958381464668
toy-0009907,4005,z31,z10,5.142956348249516,17.143187827498387,17.57170965337363
toy-0009908,4005,z31,z11,4.6,15.333333333333334,16.03333333333333
toy-0009909,4005,z31,z21,2.3,7.666666666666667,9.516666666666666
toy-0009910,4005,z31,z32,2.3,7.666666666666667,9.516666666666666
toy-0009911,4005,z22,z30,5.142956348249516,17.143187827498387,17.57170965337363
toy-0009912,4005,z22,z31,3.2526911934581184,10.842303978193728,12.215958381464668
toy-0009913,4005,z32,z00,8.292767933567175,27.64255977855725,26.49617581177366
toy-0009914,4005,z32,z21,3.2526911934581184,10.842303978193728,12.215958381464668
toy-0009915,4005,z32,z31,2.3,7.666666666666667,9.516666666666666
toy-0009916,4005,z32,z02,6.8999999999999995,22.999999999999996,22.549999999999997
toy-0009917,4010,z20,z11,3.2526911934581184,10.842303978193728,12.215958381464668
toy-0009918,4010,z20,z21,2.3,7.666666666666667,9.516666666666666
toy-0009919,4010,z11,z32,5.142956348249516,17.143187827498387,17.57170965337363
toy-0009920,4010,z21,z00,5.142956348249516,17.143187827498387,17.57170965337363
toy-0009921,4010,z21,z31,2.3,7.666666666666667,9.516666666666666
toy-0009922,4010,z31,z00,7.273238618387272,24.244128727957573,23.607509418763936
toy-0009923,4010,z31,z20,3.2526911934581184,10.842303978193728,12.215958381464668
toy-0009924,4010,z31,z30,2.3,7.666666666666667,9.516666666666666
toy-0009925,4010,z31,z21,2.3,7.666666666666667,9.516666666666666
toy-0009926,4010,z31,z02,7.273238618387272,24.244128727957573,23.607509418763936
toy-0009927,4010,z31,z12,5.142956348249516,17.143187827498387,17.57170965337363
toy-0009928,4010,z31,z22,3.2526911934581184,10.842303978193728,12.215958381464668
toy-0009929,4010,z22,z01,5.142956348249516,17.143187827498387,17.57170965337363
toy-0009930,4010,z32,z20,5.142956348249516,17.143187827498387,17.57170965337363
toy-0009931,4010,z32,z30,4.6,15.333333333333334,16.03333333333333
toy-0009932,4010,z32,z01,7.273238618387272,24.244128727957573,23.607509418763936
toy-0009933,4010,z32,z11,5.142956348249516,17.143187827498387,17.57170965337363
toy-0009934,4010,z32,z22,2.3,7.666666666666667,9.516666666666666
toy-0009935,4015,z20,z00,4.6,15.333333333333334,16.03333333333333
toy-0009936,4015,z20,z32,5.142956348249516,17.143187827498387,17.57170965337363
toy-0009937,4015,z11,z00,3.2526911934581184,10.842303978193728,12.215958381464668
toy-0009938,4015,z21,z10,3.2526911934581184,10.842303978193728,12.215958381464668
toy-0009939,4015,z21,z22,2.3,7.666666666666667,9.516666666666666
toy-0009940,4015,z31,z01,6.8999999999999995,22.999999999999996,22.549999999999997
toy-0009941,4015,z31,z11,4.6,15.333333333333334,16.03333333333333
toy-0009942,4015,z31,z22,3.2526911934581184,10.842303978193728,12.215958381464668
toy-0009943,4015,z31,z32,2.3,7.666666666666667,9.516666666666666
toy-0009944,4015,z02,z22,4.6,15.333333333333334,16.03333333333333
toy-0009945,4015,z12,z01,3.2526911934581184,10.842303978193728,12.215958381464668
toy-0009946,4015,z22,z10,5.142956348249516,17.143187827498387,17.57170965337363
toy-0009947,4015,z22,z21,2.3,7.666666666666667,9.516666666666666
toy-0009948,4015,z22,z31,3.2526911934581184,10.842303978193728,12.215958381464668
toy-0009949,4015,z22,z32,2.3,7.666666666666667,9.516666666666666
toy-0009950,4015,z32,z10,6.505382386916237,21.684607956387456,21.431916762929337
toy-0009951,4015,z32,z31,2.3,7.666666666666667,9.516666666666666
toy-0009952,4020,z10,z31,5.142956348249516,17.143187827498387,17.57170965337363
toy-0009953,4020,z20,z30,2.3,7.666666666666667,9.516666666666666
toy-0009954,4020,z01,z32,7.273238618387272,24.244128727957573,23.607509418763936
toy-0009955,4020,z11,z10,2.3,7.666666666666667,9.516666666666666
toy-0009956,4020,z11,z22,3.2526911934581184,10.842303978193728,12.215958381464668
toy-0009957,4020,z21,z20,2.3,7.666666666666667,9.516666666666666
toy-0009958,4020,z21,z30,3.2526911934581184,10.842303978193728,12.215958381464668
toy-0009959,4020,z21,z31,2.3,7.666666666666667,9.516666666666666
toy-0009960,4020,z21,z32,3.2526911934581184,10.842303978193728,12.215958381464668
toy-0009961,4020,z31,z10,5.142956348249516,17.143187827498387,17.57170965337363
toy-0009962,4020,z31,z20,3.2526911934581184,10.842303978193728,12.215958381464668
toy-0009963,4020,z31,z21,2.3,7.666666666666667,9.516666666666666
toy-0009964,4020,z31,z12,5.142956348249516,17.143187827498387,17.57170965337363
toy-0009965,4020,z31,z32,2.3,7.666666666666667,9.516666666666666
toy-0009966,4020,z02,z21,5.142956348249516,17.143187827498387,17.57170965337363
toy-0009967,4020,z22,z20,4.6,15.333333333333334,16.03333333333333
toy-0009968,4020,z22,z11,3.2526911934581184,10.842303978193728,12.215958381464668
toy-0009969,4020,z22,z12,2.3,7.666666666666667,9.516666666666666
toy-0009970,4020,z32,z21,3.2526911934581184,10.842303978193728,12.215958381464668
toy-0009971,4020,z32,z12,4.6,15.333333333333334,16.03333333333333
toy-0009972,4025,z20,z01,5.142956348249516,17.143187827498387,17.57170965337363
toy-0009973,4025,z20,z31,3.2526911934581184,10.842303978193728,12.215958381464668
toy-0009974,4025,z30,z31,2.3,7.666666666666667,9.516666666666666
toy-0009975,4025,z11,z31,4.6,15.333333333333334,16.03333333333333
toy-0009976,4025,z21,z11,2.3,7.666666666666667,9.516666666666666
toy-0009977,4025,z21,z12,3.2526911934581184,10.842303978193728,12.215958381464668
toy-0009978,4025,z31,z00,7.273238618387272,24.244128727957573,23.607509418763936
toy-0009979,4025,z31,z30,2.3,7.666666666666667,9.516666666666666
toy-0009980,4025,z31,z11,4.6,15.333333333333334,16.03333333333333
toy-0009981,4025,z31,z02,7.273238618387272,24.244128727957573,23.607509418763936
toy-0009982,4025,z31,z22,3.2526911934581184,10.842303978193728,12.215958381464668
toy-0009983,4025,z12,z10,4.6,15.333333333333334,16.03333333333333
toy-0009984,4025,z12,z11,2.3,7.666666666666667,9.516666666666666
toy-0009985,4025,z32,z20,5.142956348249516,17.143187827498387,17.57170965337363
toy-0009986,4025,z32,z11,5.142956348249516,17.143187827498387,17.57170965337363
toy-0009987,4025,z32,z31,2.3,7.666666666666667,9.516666666666666
toy-0009988,4025,z32,z22,2.3,7.666666666666667,9.516666666666666
toy-0009989,4030,z10,z32,6.505382386916237,21.684607956387456,21.431916762929337
toy-0009990,4030,z20,z10,2.3,7.666666666666667,9.516666666666666
toy-0009991,4030,z20,z12,5.142956348249516,17.143187827498387,17.57170965337363
toy-0009992,4030,z30,z01,7.273238618387272,24.244128727957573,23.607509418763936
toy-0009993,4030,z01,z21,4.6,15.333333333333334,16.03333333333333
toy-0009994,4030,z11,z20,3.2526911934581184,10.842303978193728,12.215958381464668
toy-0009995,4030,z11,z02,3.2526911934581184,10.842303978193728,12.215958381464668
toy-0009996,4030,z21,z01,4.6,15.333333333333334,16.03333333333333
toy-0009997,4030,z21,z22,2.3,7.666666666666667,9.516666666666666
toy-0009998,4030,z31,z10,5.142956348249516,17.143187827498387,17.57170965337363
toy-0009999,4030,z31,z01,6.8999999999999995,22.999999999999996,22.549999999999997
toy-0010000,4030,z31,z21,2.3,7.666666666666667,9.516666666666666
toy-0010001,4030,z31,z32,2.3,7.666666666666667,9.516666666666666
toy-0010002,4030,z12,z32,4.6,15.333333333333334,16.03333333333333
toy-0010003,4030,z22,z02,4.6,15.333333333333334,16.03333333333333
toy-0010004,4030,z22,z32,2.3,7.666666666666667,9.516666666666666
toy-0010005,4030,z32,z00,8.292767933567175,27.64255977855725,26.49617581177366
toy-0010006,4030,z32,z30,4.6,15.333333333333334,16.03333333333333
toy-0010007,4030,z32,z02,6.8999999999999995,22.999999999999996,22.549999999999997
toy-0010008,4035,z11,z01,2.3,7.666666666666667,9.516666666666666
toy-0010009,4035,z11,z21,2.3,7.666666666666667,9.516666666666666
toy-0010010,4035,z11,z32,5.142956348249516,17.143187827498387,17.57170965337363
toy-0010011,4035,z21,z31,2.3,7.666666666666667,9.516666666666666
toy-0010012,4035,z21,z02,5.142956348249516,17.143187827498387,17.57170965337363
toy-0010013,4035,z21,z32,3.2526911934581184,10.842303978193728,12.215958381464668
toy-0010014,4035,z31,z20,3.2526911934581184,10.842303978193728,12.215958381464668
toy-0010015,4035,z31,z11,4.6,15.333333333333334,16.03333333333333
toy-0010016,4035,z31,z12,5.142956348249516,17.143187827498387,17.57170965337363
toy-0010017,4035,z31,z22,3.2526911934581184,10.842303978193728,12.215958381464668
toy-0010018,4035,z02,z31,7.273238618387272,24.244128727957573,23.607509418763936
toy-0010019,4035,z12,z20,5.142956348249516,17.143187827498387,17.57170965337363
toy-0010020,4035,z12,z31,5.142956348249516,17.143187827498387,17.57170965337363
toy-0010021,4035,z12,z22,2.3,7.666666666666667,9.516666666666666
toy-0010022,4035,z22,z00,6.505382386916237,21.684607956387456,21.431916762929337
toy-0010023,4035,z22,z30,5.142956348249516,17.143187827498387,17.57170965337363
toy-0010024,4035,z22,z31,3.2526911934581184,10.842303978193728,12.215958381464668
toy-0010025,4035,z32,z10,6.505382386916237,21.684607956387456,21.431916762929337
toy-0010026,4035,z32,z01,7.273238618387272,24.244128727957573,23.607509418763936
toy-0010027,4035,z32,z21,3.2526911934581184,10.842303978193728,12.215958381464668
toy-0010028,4035,z32,z31,2.3,7.666666666666667,9.516666666666666
toy-0010029,4040,z00,z11,3.2526911934581184,10.842303978193728,12.215958381464668
toy-0010030,4040,z00,z22,6.505382386916237,21.684607956387456,21.431916762929337
toy-0010031,4040,z20,z21,2.3,7.666666666666667,9.516666666666666
toy-0010032,4040,z20,z22,4.6,15.333333333333334,16.03333333333333
toy-0010033,4040,z30,z02,8.292767933567175,27.64255977855725,26.49617581177366
toy-0010034,4040,z21,z00,5.142956348249516,17.143187827498387,17.57170965337363
toy-0010035,4040,z21,z10,3.2526911934581184,10.842303978193728,12.215958381464668
toy-0010036,4040,z21,z20,2.3,7.666666666666667,9.516666666666666
toy-0010037,4040,z31,z00,7.273238618387272,24.244128727957573,23.607509418763936
toy-0010038,4040,z31,z30,2.3,7.666666666666667,9.516666666666666
toy-0010039,4040,z31,z21,2.3,7.666666666666667,9.516666666666666
toy-0010040,4040,z31,z32,2.3,7.666666666666667,9.516666666666666
toy-0010041,4040,z22,z01,5.142956348249516,17.143187827498387,17.57170965337363
toy-0010042,4040,z22,z21,2.3,7.666666666666667,9.516666666666666
toy-0010043,4040,z32,z12,4.6,15.333333333333334,16.03333333333333
toy-0010044,4040,z32,z22,2.3,7.666666666666667,9.516666666666666
toy-0010045,4045,z10,z00,2.3,7.666666666666667,9.516666666666666
toy-0010046,4045,z10,z21,3.2526911934581184,10.842303978193728,12.215958381464668
toy-0010047,4045,z10,z22,5.142956348249516,17.143187827498387,17.57170965337363
toy-0010048,4045,z01,z11,2.3,7.666666666666667,9.516666666666666
toy-0010049,4045,z21,z11,2.3,7.666666666666667,9.516666666666666
toy-0010050,4045,z31,z10,5.142956348249516,17.143187827498387,17.57170965337363
toy-0010051,4045,z31,z20,3.2526911934581184,10.842303978193728,12.215958381464668
toy-0010052,4045,z31,z01,6.8999999999999995,22.999999999999996,22.549999999999997
toy-0010053,4045,z31,z21,2.3,7.666666666666667,9.516666666666666
toy-0010054,4045,z31,z02,7.273238618387272,24.244128727957573,23.607509418763936
toy-0010055,4045,z31,z22,3.2526911934581184,10.842303978193728,12.215958381464668
toy-0010056,4045,z31,z32,2.3,7.666666666666667,9.516666666666666
toy-0010057,4045,z12,z02,2.3,7.666666666666667,9.516666666666666
toy-0010058,4045,z22,z10,5.142956348249516,17.143187827498387,17.57170965337363
toy-0010059,4045,z22,z11,3.2526911934581184,10.842303978193728,12.215958381464668
toy-0010060,4045,z22,z12,2.3,7.666666666666667,9.516666666666666
toy-0010061,4045,z32,z20,5.142956348249516,17.143187827498387,17.57170965337363
toy-0010062,4045,z32,z11,5.142956348249516,17.143187827498387,17.57170965337363
toy-0010063,4045,z32,z31,2.3,7.666666666666667,9.516666666666666
toy-0010064,4050,z10,z12,4.6,15.333333333333334,16.03333333333333
toy-0010065,4050,z20,z11,3.2526911934581184,10.842303978193728,12.215958381464668
toy-0010066,4050,z20,z32,5.142956348249516,17.143187827498387,17.57170965337363
toy-0010067,4050,z30,z22,5.142956348249516,17.143187827498387,17.57170965337363
toy-0010068,4050,z01,z22,5.142956348249516,17.143187827498387,17.57170965337363
toy-0010069,4050,z11,z12,2.3,7.666666666666667,9.516666666666666
toy-0010070,4050,z21,z30,3.2526911934581184,10.842303978193728,12.215958381464668
toy-0010071,4050,z21,z31,2.3,7.666666666666667,9.516666666666666
toy-0010072,4050,z21,z12,3.2526911934581184,10.842303978193728,12.215958381464668
toy-0010073,4050,z21,z22,2.3,7.666666666666667,9.516666666666666
toy-0010074,4050,z31,z11,4.6,15.333333333333334,16.03333333333333
toy-0010075,4050,z31,z12,5.142956348249516,17.143187827498387,17.57170965337363
toy-0010076,4050,z12,z21,3.2526911934581184,10.842303978193728,12.215958381464668
toy-0010077,4050,z22,z20,4.6,15.333333333333334,16.03333333333333
toy-0010078,4050,z22,z31,3.2526911934581184,10.842303978193728,12.215958381464668
toy-0010079,4050,z22,z32,2.3,7.666666666666667,9.516666666666666
toy-0010080,4050,z32,z21,3.2526911934581184,10.842303978193728,12.215958381464668
toy-0010081,4055,z10,z20,2.3,7.666666666666667,9.516666666666666
toy-0010082,4055,z20,z31,3.2526911934581184,10.842303978193728,12.215958381464668
toy-0010083,4055,z01,z31,6.8999999999999995,22.999999999999996,22.549999999999997
toy-0010084,4055,z11,z30,5.142956348249516,17.143187827498387,17.57170965337363
toy-0010085,4055,z11,z31,4.6,15.333333333333334,16.03333333333333
toy-0010086,4055,z11,z22,3.2526911934581184,10.842303978193728,12.215958381464668
toy-0010087,4055,z21,z32,3.2526911934581184,10.842303978193728,12.215958381464668
toy-0010088,4055,z31,z20,3.2526911934581184,10.842303978193728,12.215958381464668
toy-0010089,4055,z31,z30,2.3,7.666666666666667,9.516666666666666
toy-0010090,4055,z31,z21,2.3,7.666666666666667,9.516666666666666
toy-0010091,4055,z31,z22,3.2526911934581184,10.842303978193728,12.215958381464668
toy-0010092,4055,z31,z32,2.3,7.666666666666667,9.516666666666666
toy-0010093,4055,z32,z00,8.292767933567175,27.64255977855725,26.49617581177366
toy-0010094,4055,z32,z10,6.505382386916237,21.684607956387456,21.431916762929337
toy-0010095,4055,z32,z30,4.6,15.333333333333334,16.03333333333333
toy-0010096,4055,z32,z01,7.273238618387272,24.244128727957573,23.607509418763936
toy-0010097,4055,z32,z02,6.8999999999999995,22.999999999999996,22.549999999999997
toy-0010098,4055,z32,z22,2.3,7.666666666666667,9.516666666666666
toy-0010099,4060,z10,z01,3.2526911934581184,10.842303978193728,12.215958381464668
toy-0010100,4060,z30,z10,4.6,15.333333333333334,16.03333333333333
toy-0010101,4060,z21,z01,4.6,15.333333333333334,16.03333333333333
toy-0010102,4060,z31,z00,7.273238618387272,24.244128727957573,23.607509418763936
toy-0010103,4060,z31,z10,5.142956348249516,17.143187827498387,17.57170965337363
toy-0010104,4060,z31,z01,6.8999999999999995,22.999999999999996,22.549999999999997
toy-0010105,4060,z31,z11,4.6,15.333333333333334,16.03333333333333
toy-0010106,4060,z31,z12,5.142956348249516,17.143187827498387,17.57170965337363
toy-0010107,4060,z22,z21,2.3,7.666666666666667,9.516666666666666
toy-0010108,4060,z32,z20,5.142956348249516,17.143187827498387,17.57170965337363
toy-0010109,4060,z32,z11,5.142956348249516,17.143187827498387,17.57170965337363
toy-0010110,4060,z32,z21,3.2526911934581184,10.842303978193728,12.215958381464668
toy-0010111,4060,z32,z31,2.3,7.666666666666667,9.516666666666666
toy-0010112,4060,z32,z12,4.6,15.333333333333334,16.03333333333333
toy-0010113,4065,z11,z21,2.3,7.666666666666667,9.516666666666666
toy-0010114,4065,z11,z32,5.142956348249516,17.143187827498387,17.57170965337363
toy-0010115,4065,z21,z10,3.2526911934581184,10.842303978193728,12.215958381464668
toy-0010116,4065,z21,z20,2.3,7.666666666666667,9.516666666666666
toy-0010117,4065,z21,z11,2.3,7.666666666666667,9.516666666666666
toy-0010118,4065,z21,z31,2.3,7.666666666666667,9.516666666666666
toy-0010119,4065,z31,z21,2.3,7.666666666666667,9.516666666666666
toy-0010120,4065,z31,z02,7.273238618387272,24.244128727957573,23.607509418763936
toy-0010121,4065,z31,z22,3.2526911934581184,10.842303978193728,12.215958381464668
toy-0010122,4065,z31,z32,2.3,7.666666666666667,9.516666666666666
toy-0010123,4065,z02,z32,6.8999999999999995,22.999999999999996,22.549999999999997
toy-0010124,4070,z10,z31,5.142956348249516,17.143187827498387,17.57170965337363
toy-0010125,4070,z01,z12,3.2526911934581184,10.842303978193728,12.215958381464668
toy-0010126,4070,z11,z00,3.2526911934581184,10.842303978193728,12.215958381464668
toy-0010127,4070,z11,z10,2.3,7.666666666666667,9.516666666666666
toy-0010128,4070,z11,z20,3.2526911934581184,10.842303978193728,12.215958381464668
toy-0010129,4070,z21,z02,5.142956348249516,17.143187827498387,17.57170965337363
toy-0010130,4070,z21,z22,2.3,7.666666666666667,9.516666666666666
toy-0010131,4070,z21,z32,3.2526911934581184,10.842303978193728,12.215958381464668
toy-0010132,4070,z31,z20,3.2526911934581184,10.842303978193728,12.215958381464668
toy-0010133,4070,z31,z01,6.8999999999999995,22.999999999999996,22.549999999999997
toy-0010134,4070,z31,z11,4.6,15.333333333333334,16.03333333333333
toy-0010135,4070,z12,z00,5.142956348249516,17.143187827498387,17.57170965337363
toy-0010136,4070,z22,z00,6.505382386916237,21.684607956387456,21.431916762929337
toy-0010137,4070,z22,z11,3.2526911934581184,10.842303978193728,12.215958381464668
toy-0010138,4070,z22,z31,3.2526911934581184,10.842303978193728,12.215958381464668
toy-0010139,4070,z22,z02,4.6,15.333333333333334,16.03333333333333
toy-0010140,4070,z22,z32,2.3,7.666666666666667,9.516666666666666
toy-0010141,4070,z32,z31,2.3,7.666666666666667,9.516666666666666
toy-0010142,4070,z32,z22,2.3,7.666666666666667,9.516666666666666
toy-0010143,4075,z00,z01,2.3,7.666666666666667,9.516666666666666
toy-0010144,4075,z00,z21,5.142956348249516,17.143187827498387,17.57170965337363
toy-0010145,4075,z00,z31,7.273238618387272,24.244128727957573,23.607509418763936
toy-0010146,4075,z10,z11,2.3,7.666666666666667,9.516666666666666
toy-0010147,4075,z20,z21,2.3,7.666666666666667,9.516666666666666
toy-0010148,4075,z20,z02,6.505382386916237,21.684607956387456,21.431916762929337
toy-0010149,4075,z20,z12,5.142956348249516,17.143187827498387,17.57170965337363
toy-0010150,4075,z20,z22,4.6,15.333333333333334,16.03333333333333
toy-0010151,4075,z21,z00,5.142956348249516,17.143187827498387,17.57170965337363
toy-0010152,4075,z21,z12,3.2526911934581184,10.842303978193728,12.215958381464668
toy-0010153,4075,z31,z00,7.273238618387272,24.244128727957573,23.607509418763936
toy-0010154,4075,z31,z10,5.142956348249516,17.143187827498387,17.57170965337363
toy-0010155,4075,z31,z30,2.3,7.666666666666667,9.516666666666666
toy-0010156,4075,z31,z21,2.3,7.666666666666667,9.516666666666666
toy-0010157,4075,z31,z12,5.142956348249516,17.143187827498387,17.57170965337363
toy-0010158,4075,z31,z22,3.2526911934581184,10.842303978193728,12.215958381464668
toy-0010159,4075,z31,z32,2.3,7.666666666666667,9.516666666666666
toy-0010160,4075,z22,z10,5.142956348249516,17.143187827498387,17.57170965337363
toy-0010161,4075,z22,z20,4.6,15.333333333333334,16.03333333333333
toy-0010162,4075,z22,z30,5.142956348249516,17.143187827498387,17.57170965337363
toy-0010163,4075,z22,z01,5.142956348249516,17.143187827498387,17.57170965337363
toy-0010164,4075,z22,z12,2.3,7.666666666666667,9.516666666666666
toy-0010165,4075,z32,z11,5.142956348249516,17.143187827498387,17.57170965337363
toy-0010166,4075,z32,z21,3.2526911934581184,10.842303978193728,12.215958381464668
toy-0010167,4080,z00,z32,8.292767933567175,27.64255977855725,26.49617581177366
toy-0010168,4080,z20,z00,4.6,15.333333333333334,16.03333333333333
toy-0010169,4080,z20,z10,2.3,7.666666666666667,9.516666666666666
toy-0010170,4080,z20,z30,2.3,7.666666666666667,9.516666666666666
toy-0010171,4080,z20,z01,5.142956348249516,17.143187827498387,17.57170965337363
toy-0010172,4080,z20,z31,3.2526911934581184,10.842303978193728,12.215958381464668
toy-0010173,4080,z20,z32,5.142956348249516,17.143187827498387,17.57170965337363
toy-0010174,4080,z01,z20,5.142956348249516,17.143187827498387,17.57170965337363
toy-0010175,4080,z11,z31,4.6,15.333333333333334,16.03333333333333
toy-0010176,4080,z21,z31,2.3,7.666666666666667,9.516666666666666
toy-0010177,4080,z31,z20,3.2526911934581184,10.842303978193728,12.215958381464668
toy-0010178,4080,z02,z12,2.3,7.666666666666667,9.516666666666666
toy-0010179,4080,z12,z31,5.142956348249516,17.143187827498387,17.57170965337363
toy-0010180,4080,z12,z32,4.6,15.333333333333334,16.03333333333333
toy-0010181,4080,z22,z21,2.3,7.666666666666667,9.516666666666666
toy-0010182,4080,z32,z00,8.292767933567175,27.64255977855725,26.49617581177366
toy-0010183,4080,z32,z10,6.505382386916237,21.684607956387456,21.431916762929337
toy-0010184,4080,z32,z20,5.142956348249516,17.143187827498387,17.57170965337363
toy-0010185,4080,z32,z30,4.6,15.333333333333334,16.03333333333333
toy-0010186,4080,z32,z01,7.273238618387272,24.244128727957573,23.607509418763936
toy-0010187,4080,z32,z31,2.3,7.666666666666667,9.516666666666666
toy-0010188,4080,z32,z12,4.6,15.333333333333334,16.03333333333333
toy-0010189,4085,z00,z02,4.6,15.333333333333334,16.03333333333333
toy-0010190,4085,z10,z32,6.505382386916237,21.684607956387456,21.431916762929337
toy-0010191,4085,z30,z12,6.505382386916237,21.684607956387456,21.431916762929337
toy-0010192,4085,z30,z32,4.6,15.333333333333334,16.03333333333333
toy-0010193,4085,z01,z32,7.273238618387272,24.244128727957573,23.607509418763936
toy-0010194,4085,z11,z22,3.2526911934581184,10.842303978193728,12.215958381464668
toy-0010195,4085,z21,z30,3.2526911934581184,10.842303978193728,12.215958381464668
toy-0010196,4085,z21,z32,3.2526911934581184,10.842303978193728,12.215958381464668
toy-0010197,4085,z31,z11,4.6,15.333333333333334,16.03333333333333
toy-0010198,4085,z31,z21,2.3,7.666666666666667,9.516666666666666
toy-0010199,4085,z31,z32,2.3,7.666666666666667,9.516666666666666
toy-0010200,4085,z22,z31,3.2526911934581184,10.842303978193728,12.215958381464668
toy-0010201,4085,z32,z22,2.3,7.666666666666667,9.516666666666666
toy-0010202,4090,z00,z12,5.142956348249516,17.143187827498387,17.57170965337363
toy-0010203,4090,z20,z11,3.2526911934581184,10.842303978193728,12.215958381464668
toy-0010204,4090,z30,z21,3.2526911934581184,10.842303978193728,12.215958381464668
toy-0010205,4090,z30,z31,2.3,7.666666666666667,9.516666666666666
toy-0010206,4090,z01,z10,3.2526911934581184,10.842303978193728,12.215958381464668
toy-0010207,4090,z11,z01,2.3,7.666666666666667,9.516666666666666
toy-0010208,4090,z11,z32,5.142956348249516,17.143187827498387,17.57170965337363
toy-0010209,4090,z21,z20,2.3,7.666666666666667,9.516666666666666
toy-0010210,4090,z21,z11,2.3,7.666666666666667,9.516666666666666
toy-0010211,4090,z21,z31,2.3,7.666666666666667,9.516666666666666
toy-0010212,4090,z21,z22,2.3,7.666666666666667,9.516666666666666
toy-0010213,4090,z31,z02,7.273238618387272,24.244128727957573,23.607509418763936
toy-0010214,4090,z31,z22,3.2526911934581184,10.842303978193728,12.215958381464668
toy-0010215,4090,z12,z30,6.505382386916237,21.684607956387456,21.431916762929337
toy-0010216,4090,z12,z11,2.3,7.666666666666667,9.516666666666666
toy-0010217,4090,z12,z22,2.3,7.666666666666667,9.516666666666666
toy-0010218,4090,z22,z32,2.3,7.666666666666667,9.516666666666666
toy-0010219,4090,z32,z21,3.2526911934581184,10.842303978193728,12.215958381464668
toy-0010220,4090,z32,z31,2.3,7.666666666666667,9.516666666666666
toy-0010221,4095,z30,z11,5.142956348249516,17.143187827498387,17.57170965337363
toy-0010222,4095,z01,z21,4.6,15.333333333333334,16.03333333333333
toy-0010223,4095,z01,z31,6.8999999999999995,22.999999999999996,22.549999999999997
toy-0010224,4095,z11,z21,2.3,7.666666666666667,9.516666666666666
toy-0010225,4095,z11,z31,4.6,15.333333333333334,16.03333333333333
toy-0010226,4095,z11,z12,2.3,7.666666666666667,9.516666666666666
toy-0010227,4095,z21,z01,4.6,15.333333333333334,16.03333333333333
toy-0010228,4095,z31,z10,5.142956348249516,17.143187827498387,17.57170965337363
toy-0010229,4095,z31,z12,5.142956348249516,17.143187827498387,17.57170965337363
toy-0010230,4095,z31,z32,2.3,7.666666666666667,9.516666666666666
toy-0010231,4095,z02,z11,3.2526911934581184,10.842303978193728,12.215958381464668
toy-0010232,4095,z12,z20,5.142956348249516,17.143187827498387,17.57170965337363
toy-0010233,4095,z12,z21,3.2526911934581184,10.842303978193728,12.215958381464668
toy-0010234,4095,z32,z02,6.8999999999999995,22.999999999999996,22.549999999999997
toy-0010235,4100,z10,z21,3.2526911934581184,10.842303978193728,12.215958381464668
toy-0010236,4100,z10,z31,5.142956348249516,17.143187827498387,17.57170965337363
toy-0010237,4100,z10,z02,5.142956348249516,17.143187827498387,17.57170965337363
toy-0010238,4100,z10,z22,5.142956348249516,17.143187827498387,17.57170965337363
toy-0010239,4100,z20,z31,3.2526911934581184,10.842303978193728,12.215958381464668
toy-0010240,4100,z30,z20,2.3,7.666666666666667,9.516666666666666
toy-0010241,4100,z21,z10,3.2526911934581184,10.842303978193728,12.215958381464668
toy-0010242,4100,z31,z20,3.2526911934581184,10.842303978193728,12.215958381464668
toy-0010243,4100,z31,z01,6.8999999999999995,22.999999999999996,22.549999999999997
toy-0010244,4100,z31,z11,4.6,15.333333333333334,16.03333333333333
toy-0010245,4100,z31,z21,2.3,7.666666666666667,9.516666666666666
toy-0010246,4100,z31,z22,3.2526911934581184,10.842303978193728,12.215958381464668
toy-0010247,4100,z02,z10,5.142956348249516,17.143187827498387,17.57170965337363
toy-0010248,4100,z12,z01,3.2526911934581184,10.842303978193728,12.215958381464668
toy-0010249,4100,z22,z11,3.2526911934581184,10.842303978193728,12.215958381464668
toy-0010250,4100,z22,z21,2.3,7.666666666666667,9.516666666666666
toy-0010251,4100,z22,z31,3.2526911934581184,10.842303978193728,12.215958381464668
toy-0010252,4100,z32,z11,5.142956348249516,17.143187827498387,17.57170965337363
toy-0010253,4105,z20,z21,2.3,7.666666666666667,9.516666666666666
toy-0010254,4105,z20,z32,5.142956348249516,17.143187827498387,17.57170965337363
toy-0010255,4105,z30,z00,6.8999999999999995,22.999999999999996,22.549999999999997
toy-0010256,4105,z11,z02,3.2526911934581184,10.842303978193728,12.215958381464668
toy-0010257,4105,z21,z31,2.3,7.666666666666667,9.516666666666666
toy-0010258,4105,z21,z32,3.2526911934581184,10.842303978193728,12.215958381464668
toy-0010259,4105,z31,z30,2.3,7.666666666666667,9.516666666666666
toy-0010260,4105,z31,z32,2.3,7.666666666666667,9.516666666666666
toy-0010261,4105,z12,z10,4.6,15.333333333333334,16.03333333333333
toy-0010262,4105,z12,z31,5.142956348249516,17.143187827498387,17.57170965337363
toy-0010263,4105,z22,z20,4.6,15.333333333333334,16.03333333333333
toy-0010264,4105,z32,z20,5.142956348249516,17.143187827498387,17.57170965337363
toy-0010265,4105,z32,z31,2.3,7.666666666666667,9.516666666666666
toy-0010266,4105,z32,z22,2.3,7.666666666666667,9.516666666666666
toy-0010267,4110,z20,z22,4.6,15.333333333333334,16.03333333333333
toy-0010268,4110,z11,z20,3.2526911934581184,10.842303978193728,12.215958381464668
toy-0010269,4110,z21,z12,3.2526911934581184,10.842303978193728,12.215958381464668
toy-0010270,4110,z21,z22,2.3,7.666666666666667,9.516666666666666
toy-0010271,4110,z31,z21,2.3,7.666666666666667,9.516666666666666
toy-0010272,4110,z02,z31,7.273238618387272,24.244128727957573,23.607509418763936
toy-0010273,4110,z12,z32,4.6,15.333333333333334,16.03333333333333
toy-0010274,4110,z22,z31,3.2526911934581184,10.842303978193728,12.215958381464668
toy-0010275,4110,z22,z32,2.3,7.666666666666667,9.516666666666666
toy-0010276,4110,z32,z21,3.2526911934581184,10.842303978193728,12.215958381464668
toy-0010277,4110,z32,z12,4.6,15.333333333333334,16.03333333333333
toy-0010278,4115,z00,z20,4.6,15.333333333333334,16.03333333333333
toy-0010279,4115,z10,z30,4.6,15.333333333333334,16.03333333333333
toy-0010280,4115,z01,z22,5.142956348249516,17.143187827498387,17.57170965337363
toy-0010281,4115,z11,z31,4.6,15.333333333333334,16.03333333333333
toy-0010282,4115,z11,z22,3.2526911934581184,10.842303978193728,12.215958381464668
toy-0010283,4115,z11,z32,5.142956348249516,17.143187827498387,17.57170965337363
toy-0010284,4115,z21,z20,2.3,7.666666666666667,9.516666666666666
toy-0010285,4115,z21,z31,2.3,7.666666666666667,9.516666666666666
toy-0010286,4115,z31,z00,7.273238618387272,24.244128727957573,23.607509418763936
toy-0010287,4115,z31,z22,3.2526911934581184,10.842303978193728,12.215958381464668
toy-0010288,4115,z31,z32,2.3,7.666666666666667,9.516666666666666
toy-0010289,4115,z32,z10,6.505382386916237,21.684607956387456,21.431916762929337
toy-0010290,4115,z32,z31,2.3,7.666666666666667,9.516666666666666
toy-0010291,4120,z00,z31,7.273238618387272,24.244128727957573,23.607509418763936
toy-0010292,4120,z10,z32,6.505382386916237,21.684607956387456,21.431916762929337
toy-0010293,4120,z20,z31,3.2526911934581184,10.842303978193728,12.215958381464668
toy-0010294,4120,z30,z22,5.142956348249516,17.143187827498387,17.57170965337363
toy-0010295,4120,z01,z11,2.3,7.666666666666667,9.516666666666666
toy-0010296,4120,z11,z30,5.142956348249516,17.143187827498387,17.57170965337363
toy-0010297,4120,z11,z21,2.3,7.666666666666667,9.516666666666666
toy-0010298,4120,z21,z11,2.3,7.666666666666667,9.516666666666666
toy-0010299,4120,z21,z32,3.2526911934581184,10.842303978193728,12.215958381464668
toy-0010300,4120,z31,z20,3.2526911934581184,10.842303978193728,12.215958381464668
toy-0010301,4120,z31,z11,4.6,15.333333333333334,16.03333333333333
toy-0010302,4120,z31,z12,5.142956348249516,17.143187827498387,17.57170965337363
toy-0010303,4120,z02,z01,2.3,7.666666666666667,9.516666666666666
toy-0010304,4120,z22,z10,5.142956348249516,17.143187827498387,17.57170965337363
toy-0010305,4120,z22,z21,2.3,7.666666666666667,9.516666666666666
toy-0010306,4120,z22,z12,2.3,7.666666666666667,9.516666666666666
toy-0010307,4120,z32,z01,7.273238618387272,24.244128727957573,23.607509418763936
toy-0010308,4120,z32,z22,2.3,7.666666666666667,9.516666666666666
toy-0010309,4125,z10,z20,2.3,7.666666666666667,9.516666666666666
toy-0010310,4125,z30,z31,2.3,7.666666666666667,9.516666666666666
toy-0010311,4125,z01,z32,7.273238618387272,24.244128727957573,23.607509418763936
toy-0010312,4125,z11,z10,2.3,7.666666666666667,9.516666666666666
toy-0010313,4125,z31,z10,5.142956348249516,17.143187827498387,17.57170965337363
toy-0010314,4125,z31,z21,2.3,7.666666666666667,9.516666666666666
toy-0010315,4125,z31,z32,2.3,7.666666666666667,9.516666666666666
toy-0010316,4125,z02,z20,6.505382386916237,21.684607956387456,21.431916762929337
toy-0010317,4125,z02,z21,5.142956348249516,17.143187827498387,17.57170965337363
toy-0010318,4125,z22,z01,5.142956348249516,17.143187827498387,17.57170965337363
toy-0010319,4125,z22,z31,3.2526911934581184,10.842303978193728,12.215958381464668
toy-0010320,4125,z22,z32,2.3,7.666666666666667,9.516666666666666
toy-0010321,4125,z32,z30,4.6,15.333333333333334,16.03333333333333
toy-0010322,4125,z32,z11,5.142956348249516,17.143187827498387,17.57170965337363
toy-0010323,4125,z32,z21,3.2526911934581184,10.842303978193728,12.215958381464668
toy-0010324,4125,z32,z31,2.3,7.666666666666667,9.516666666666666
toy-0010325,4130,z00,z22,6.505382386916237,21.684607956387456,21.431916762929337
toy-0010326,4130,z10,z31,5.142956348249516,17.143187827498387,17.57170965337363
toy-0010327,4130,z20,z32,5.142956348249516,17.143187827498387,17.57170965337363
toy-0010328,4130,z30,z32,4.6,15.333333333333334,16.03333333333333
toy-0010329,4130,z01,z30,7.273238618387272,24.244128727957573,23.607509418763936
toy-0010330,4130,z01,z31,6.8999999999999995,22.999999999999996,22.549999999999997
toy-0010331,4130,z11,z31,4.6,15.333333333333334,16.03333333333333
toy-0010332,4130,z21,z31,2.3,7.666666666666667,9.516666666666666
toy-0010333,4130,z21,z22,2.3,7.666666666666667,9.516666666666666
toy-0010334,4130,z31,z01,6.8999999999999995,22.999999999999996,22.549999999999997
toy-0010335,4130,z31,z22,3.2526911934581184,10.842303978193728,12.215958381464668
toy-0010336,4130,z02,z30,8.292767933567175,27.64255977855725,26.49617581177366
toy-0010337,4130,z02,z22,4.6,15.333333333333334,16.03333333333333
toy-0010338,4130,z12,z31,5.142956348249516,17.143187827498387,17.57170965337363
toy-0010339,4130,z12,z22,2.3,7.666666666666667,9.516666666666666
toy-0010340,4130,z22,z30,5.142956348249516,17.143187827498387,17.57170965337363
toy-0010341,4130,z22,z11,3.2526911934581184,10.842303978193728,12.215958381464668
toy-0010342,4130,z32,z20,5.142956348249516,17.143187827498387,17.57170965337363
toy-0010343,4135,z00,z32,8.292767933567175,27.64255977855725,26.49617581177366
toy-0010344,4135,z10,z11,2.3,7.666666666666667,9.516666666666666
toy-0010345,4135,z20,z11,3.2526911934581184,10.842303978193728,12.215958381464668
toy-0010346,4135,z20,z21,2.3,7.666666666666667,9.516666666666666
toy-0010347,4135,z20,z12,5.142956348249516,17.143187827498387,17.57170965337363
toy-0010348,4135,z21,z00,5.142956348249516,17.143187827498387,17.57170965337363
toy-0010349,4135,z21,z02,5.142956348249516,17.143187827498387,17.57170965337363
toy-0010350,4135,z21,z32,3.2526911934581184,10.842303978193728,12.215958381464668
toy-0010351,4135,z31,z11,4.6,15.333333333333334,16.03333333333333
toy-0010352,4135,z31,z21,2.3,7.666666666666667,9.516666666666666
toy-0010353,4135,z31,z32,2.3,7.666666666666667,9.516666666666666
toy-0010354,4135,z02,z00,4.6,15.333333333333334,16.03333333333333
toy-0010355,4135,z12,z21,3.2526911934581184,10.842303978193728,12.215958381464668
toy-0010356,4135,z22,z00,6.505382386916237,21.684607956387456,21.431916762929337
toy-0010357,4135,z32,z00,8.292767933567175,27.64255977855725,26.49617581177366
toy-0010358,4135,z32,z31,2.3,7.666666666666667,9.516666666666666
toy-0010359,4140,z00,z21,5.142956348249516,17.143187827498387,17.57170965337363
toy-0010360,4140,z10,z21,3.2526911934581184,10.842303978193728,12.215958381464668
toy-0010361,4140,z10,z12,4.6,15.333333333333334,16.03333333333333
toy-0010362,4140,z20,z31,3.2526911934581184,10.842303978193728,12.215958381464668
toy-0010363,4140,z20,z22,4.6,15.333333333333334,16.03333333333333
toy-0010364,4140,z11,z32,5.142956348249516,17.143187827498387,17.57170965337363
toy-0010365,4140,z21,z30,3.2526911934581184,10.842303978193728,12.215958381464668
toy-0010366,4140,z21,z01,4.6,15.333333333333334,16.03333333333333
toy-0010367,4140,z31,z20,3.2526911934581184,10.842303978193728,12.215958381464668
toy-0010368,4140,z31,z30,2.3,7.666666666666667,9.516666666666666
toy-0010369,4140,z31,z02,7.273238618387272,24.244128727957573,23.607509418763936
toy-0010370,4140,z02,z32,6.8999999999999995,22.999999999999996,22.549999999999997
toy-0010371,4140,z22,z20,4.6,15.333333333333334,16.03333333333333
toy-0010372,4140,z22,z31,3.2526911934581184,10.842303978193728,12.215958381464668
toy-0010373,4140,z32,z21,3.2526911934581184,10.842303978193728,12.215958381464668
toy-0010374,4140,z32,z22,2.3,7.666666666666667,9.516666666666666
toy-0010375,4145,z00,z11,3.2526911934581184,10.842303978193728,12.215958381464668
toy-0010376,4145,z20,z10,2.3,7.666666666666667,9.516666666666666
toy-0010377,4145,z30,z21,3.2526911934581184,10.842303978193728,12.215958381464668
toy-0010378,4145,z01,z21,4.6,15.333333333333334,16.03333333333333
toy-0010379,4145,z21,z10,3.2526911934581184,10.842303978193728,12.215958381464668
toy-0010380,4145,z21,z11,2.3,7.666666666666667,9.516666666666666
toy-0010381,4145,z21,z31,2.3,7.666666666666667,9.516666666666666
toy-0010382,4145,z31,z22,3.2526911934581184,10.842303978193728,12.215958381464668
toy-0010383,4145,z12,z11,2.3,7.666666666666667,9.516666666666666
toy-0010384,4145,z12,z32,4.6,15.333333333333334,16.03333333333333
toy-0010385,4145,z22,z21,2.3,7.666666666666667,9.516666666666666
toy-0010386,4145,z22,z32,2.3,7.666666666666667,9.516666666666666
toy-0010387,4145,z32,z12,4.6,15.333333333333334,16.03333333333333
toy-0010388,4150,z00,z30,6.8999999999999995,22.999999999999996,22.549999999999997
toy-0010389,4150,z10,z22,5.142956348249516,17.143187827498387,17.57170965337363
toy-0010390,4150,z11,z21,2.3,7.666666666666667,9.516666666666666
toy-0010391,4150,z11,z31,4.6,15.333333333333334,16.03333333333333
toy-0010392,4150,z11,z22,3.2526911934581184,10.842303978193728,12.215958381464668
toy-0010393,4150,z21,z20,2.3,7.666666666666667,9.516666666666666
toy-0010394,4150,z21,z12,3.2526911934581184,10.842303978193728,12.215958381464668
toy-0010395,4150,z31,z21,2.3,7.666666666666667,9.516666666666666
toy-0010396,4150,z31,z12,5.142956348249516,17.143187827498387,17.57170965337363
toy-0010397,4150,z31,z32,2.3,7.666666666666667,9.516666666666666
toy-0010398,4150,z22,z02,4.6,15.333333333333334,16.03333333333333
toy-0010399,4150,z32,z11,5.142956348249516,17.143187827498387,17.57170965337363
toy-0010400,4150,z32,z31,2.3,7.666666666666667,9.516666666666666
toy-0010401,4155,z01,z00,2.3,7.666666666666667,9.516666666666666
toy-0010402,4155,z01,z20,5.142956348249516,17.143187827498387,17.57170965337363
toy-0010403,4155,z11,z20,3.2526911934581184,10.842303978193728,12.215958381464668
toy-0010404,4155,z11,z12,2.3,7.666666666666667,9.516666666666666
toy-0010405,4155,z21,z31,2.3,7.666666666666667,9.516666666666666
toy-0010406,4155,z21,z22,2.3,7.666666666666667,9.516666666666666
toy-0010407,4155,z21,z32,3.2526911934581184,10.842303978193728,12.215958381464668
toy-0010408,4155,z31,z10,5.142956348249516,17.143187827498387,17.57170965337363
toy-0010409,4155,z22,z31,3.2526911934581184,10.842303978193728,12.215958381464668
toy-0010410,4155,z32,z10,6.505382386916237,21.684607956387456,21.431916762929337
toy-0010411,4155,z32,z20,5.142956348249516,17.143187827498387,17.57170965337363
toy-0010412,4160,z00,z10,2.3,7.666666666666667,9.516666666666666
toy-0010413,4160,z10,z31,5.142956348249516,17.143187827498387,17.57170965337363
toy-0010414,4160,z10,z32,6.505382386916237,21.684607956387456,21.431916762929337
toy-0010415,4160,z20,z01,5.142956348249516,17.143187827498387,17.57170965337363
toy-0010416,4160,z20,z31,3.2526911934581184,10.842303978193728,12.215958381464668
toy-0010417,4160,z20,z32,5.142956348249516,17.143187827498387,17.57170965337363
toy-0010418,4160,z11,z01,2.3,7.666666666666667,9.516666666666666
toy-0010419,4160,z31,z00,7.273238618387272,24.244128727957573,23.607509418763936
toy-0010420,4160,z31,z20,3.2526911934581184,10.842303978193728,12.215958381464668
toy-0010421,4160,z31,z11,4.6,15.333333333333334,16.03333333333333
toy-0010422,4160,z31,z22,3.2526911934581184,10.842303978193728,12.215958381464668
toy-0010423,4160,z12,z20,5.142956348249516,17.143187827498387,17.57170965337363
toy-0010424,4160,z12,z31,5.142956348249516,17.143187827498387,17.57170965337363
toy-0010425,4160,z32,z21,3.2526911934581184,10.842303978193728,12.215958381464668
toy-0010426,4160,z32,z31,2.3,7.666666666666667,9.516666666666666
toy-0010427,4160,z32,z22,2.3,7.666666666666667,9.516666666666666
toy-0010428,4165,z00,z31,7.273238618387272,24.244128727957573,23.607509418763936
toy-0010429,4165,z10,z01,3.2526911934581184,10.842303978193728,12.215958381464668
toy-0010430,4165,z30,z31,2.3,7.666666666666667,9.516666666666666
toy-0010431,4165,z01,z31,6.8999999999999995,22.999999999999996,22.549999999999997
toy-0010432,4165,z11,z00,3.2526911934581184,10.842303978193728,12.215958381464668
toy-0010433,4165,z11,z32,5.142956348249516,17.143187827498387,17.57170965337363
toy-0010434,4165,z31,z01,6.8999999999999995,22.999999999999996,22.549999999999997
toy-0010435,4165,z31,z21,2.3,7.666666666666667,9.516666666666666
toy-0010436,4165,z31,z32,2.3,7.666666666666667,9.516666666666666
toy-0010437,4165,z02,z31,7.273238618387272,24.244128727957573,23.607509418763936
toy-0010438,4165,z22,z11,3.2526911934581184,10.842303978193728,12.215958381464668
toy-0010439,4165,z22,z12,2.3,7.666666666666667,9.516666666666666
toy-0010440,4165,z22,z32,2.3,7.666666666666667,9.516666666666666
toy-0010441,4165,z32,z01,7.273238618387272,24.244128727957573,23.607509418763936
toy-0010442,4165,z32,z02,6.8999999999999995,22.999999999999996,22.549999999999997
toy-0010443,4170,z20,z30,2.3,7.666666666666667,9.516666666666666
toy-0010444,4170,z20,z21,2.3,7.666666666666667,9.516666666666666
toy-0010445,4170,z01,z12,3.2526911934581184,10.842303978193728,12.215958381464668
toy-0010446,4170,z01,z22,5.142956348249516,17.143187827498387,17.57170965337363
toy-0010447,4170,z21,z31,2.3,7.666666666666667,9.516666666666666
toy-0010448,4170,z22,z21,2.3,7.666666666666667,9.516666666666666
toy-0010449,4175,z30,z01,7.273238618387272,24.244128727957573,23.607509418763936
toy-0010450,4175,z01,z32,7.273238618387272,24.244128727957573,23.607509418763936
toy-0010451,4175,z11,z31,4.6,15.333333333333334,16.03333333333333
toy-0010452,4175,z21,z11,2.3,7.666666666666667,9.516666666666666
toy-0010453,4175,z21,z32,3.2526911934581184,10.842303978193728,12.215958381464668
toy-0010454,4175,z31,z22,3.2526911934581184,10.842303978193728,12.215958381464668
toy-0010455,4175,z31,z32,2.3,7.666666666666667,9.516666666666666
toy-0010456,4175,z22,z10,5.142956348249516,17.143187827498387,17.57170965337363
toy-0010457,4175,z22,z20,4.6,15.333333333333334,16.03333333333333
toy-0010458,4175,z22,z31,3.2526911934581184,10.842303978193728,12.215958381464668
toy-0010459,4175,z32,z11,5.142956348249516,17.143187827498387,17.57170965337363
toy-0010460,4175,z32,z31,2.3,7.666666666666667,9.516666666666666
toy-0010461,4180,z20,z00,4.6,15.333333333333334,16.03333333333333
toy-0010462,4180,z20,z11,3.2526911934581184,10.842303978193728,12.215958381464668
toy-0010463,4180,z20,z22,4.6,15.333333333333334,16.03333333333333
toy-0010464,4180,z30,z11,5.142956348249516,17.143187827498387,17.57170965337363
toy-0010465,4180,z01,z02,2.3,7.666666666666667,9.516666666666666
toy-0010466,4180,z11,z21,2.3,7.666666666666667,9.516666666666666
toy-0010467,4180,z21,z20,2.3,7.666666666666667,9.516666666666666
toy-0010468,4180,z21,z22,2.3,7.666666666666667,9.516666666666666
toy-0010469,4180,z31,z30,2.3,7.666666666666667,9.516666666666666
toy-0010470,4180,z31,z11,4.6,15.333333333333334,16.03333333333333
toy-0010471,4180,z31,z21,2.3,7.666666666666667,9.516666666666666
toy-0010472,4180,z31,z12,5.142956348249516,17.143187827498387,17.57170965337363
toy-0010473,4180,z12,z21,3.2526911934581184,10.842303978193728,12.215958381464668
toy-0010474,4180,z12,z22,2.3,7.666666666666667,9.516666666666666
toy-0010475,4180,z32,z30,4.6,15.333333333333334,16.03333333333333
toy-0010476,4180,z32,z21,3.2526911934581184,10.842303978193728,12.215958381464668
toy-0010477,4185,z10,z00,2.3,7.666666666666667,9.516666666666666
toy-0010478,4185,z20,z31,3.2526911934581184,10.842303978193728,12.215958381464668
toy-0010479,4185,z30,z32,4.6,15.333333333333334,16.03333333333333
toy-0010480,4185,z11,z22,3.2526911934581184,10.842303978193728,12.215958381464668
toy-0010481,4185,z21,z31,2.3,7.666666666666667,9.516666666666666
toy-0010482,4185,z31,z10,5.142956348249516,17.143187827498387,17.57170965337363
toy-0010483,4185,z31,z20,3.2526911934581184,10.842303978193728,12.215958381464668
toy-0010484,4185,z12,z31,5.142956348249516,17.143187827498387,17.57170965337363
toy-0010485,4185,z12,z32,4.6,15.333333333333334,16.03333333333333
toy-0010486,4185,z22,z01,5.142956348249516,17.143187827498387,17.57170965337363
toy-0010487,4185,z22,z32,2.3,7.666666666666667,9.516666666666666
toy-0010488,4185,z32,z20,5.142956348249516,17.143187827498387,17.57170965337363
toy-0010489,4185,z32,z31,2.3,7.666666666666667,9.516666666666666
toy-0010490,4185,z32,z12,4.6,15.333333333333334,16.03333333333333
toy-0010491,4185,z32,z22,2.3,7.666666666666667,9.516666666666666
toy-0010492,4190,z10,z21,3.2526911934581184,10.842303978193728,12.215958381464668
toy-0010493,4190,z20,z32,5.142956348249516,17.143187827498387,17.57170965337363
toy-0010494,4190,z30,z10,4.6,15.333333333333334,16.03333333333333
toy-0010495,4190,z30,z20,2.3,7.666666666666667,9.516666666666666
toy-0010496,4190,z30,z22,5.142956348249516,17.143187827498387,17.57170965337363
toy-0010497,4190,z11,z10,2.3,7.666666666666667,9.516666666666666
toy-0010498,4190,z21,z12,3.2526911934581184,10.842303978193728,12.215958381464668
toy-0010499,4190,z31,z32,2.3,7.666666666666667,9.516666666666666
toy-0010500,4190,z12,z02,2.3,7.666666666666667,9.516666666666666
toy-0010501,4190,z22,z21,2.3,7.666666666666667,9.516666666666666
toy-0010502,4190,z22,z31,3.2526911934581184,10.842303978193728,12.215958381464668
toy-0010503,4195,z10,z31,5.142956348249516,17.143187827498387,17.57170965337363
toy-0010504,4195,z11,z31,4.6,15.333333333333334,16.03333333333333
toy-0010505,4195,z11,z32,5.142956348249516,17.143187827498387,17.57170965337363
toy-0010506,4195,z21,z10,3.2526911934581184,10.842303978193728,12.215958381464668
toy-0010507,4195,z21,z01,4.6,15.333333333333334,16.03333333333333
toy-0010508,4195,z21,z32,3.2526911934581184,10.842303978193728,12.215958381464668
toy-0010509,4195,z31,z21,2.3,7.666666666666667,9.516666666666666
toy-0010510,4195,z31,z22,3.2526911934581184,10.842303978193728,12.215958381464668
toy-0010511,4195,z32,z10,6.505382386916237,21.684607956387456,21.431916762929337
toy-0010512,4200,z00,z32,8.292767933567175,27.64255977855725,26.49617581177366
toy-0010513,4200,z10,z20,2.3,7.666666666666667,9.516666666666666
toy-0010514,4200,z20,z21,2.3,7.666666666666667,9.516666666666666
toy-0010515,4200,z20,z02,6.505382386916237,21.684607956387456,21.431916762929337
toy-0010516,4200,z30,z12,6.505382386916237,21.684607956387456,21.431916762929337
toy-0010517,4200,z01,z11,2.3,7.666666666666667,9.516666666666666
toy-0010518,4200,z01,z21,4.6,15.333333333333334,16.03333333333333
toy-0010519,4200,z01,z31,6.8999999999999995,22.999999999999996,22.549999999999997
toy-0010520,4200,z21,z30,3.2526911934581184,10.842303978193728,12.215958381464668
toy-0010521,4200,z21,z31,2.3,7.666666666666667,9.516666666666666
toy-0010522,4200,z31,z01,6.8999999999999995,22.999999999999996,22.549999999999997
toy-0010523,4200,z31,z11,4.6,15.333333333333334,16.03333333333333
toy-0010524,4200,z31,z02,7.273238618387272,24.244128727957573,23.607509418763936
toy-0010525,4200,z31,z32,2.3,7.666666666666667,9.516666666666666
toy-0010526,4200,z12,z00,5.142956348249516,17.143187827498387,17.57170965337363
toy-0010527,4200,z12,z10,4.6,15.333333333333334,16.03333333333333
toy-0010528,4200,z22,z30,5.142956348249516,17.143187827498387,17.57170965337363
toy-0010529,4200,z22,z11,3.2526911934581184,10.842303978193728,12.215958381464668
toy-0010530,4200,z32,z00,8.292767933567175,27.64255977855725,26.49617581177366
toy-0010531,4200,z32,z21,3.2526911934581184,10.842303978193728,12.215958381464668
toy-0010532,4200,z32,z31,2.3,7.666666666666667,9.516666666666666
toy-0010533,4205,z10,z22,5.142956348249516,17.143187827498387,17.57170965337363
toy-0010534,4205,z10,z32,6.505382386916237,21.684607956387456,21.431916762929337
toy-0010535,4205,z20,z12,5.142956348249516,17.143187827498387,17.57170965337363
toy-0010536,4205,z11,z20,3.2526911934581184,10.842303978193728,12.215958381464668
toy-0010537,4205,z21,z22,2.3,7.666666666666667,9.516666666666666
toy-0010538,4205,z12,z01,3.2526911934581184,10.842303978193728,12.215958381464668
toy-0010539,4205,z32,z11,5.142956348249516,17.143187827498387,17.57170965337363
toy-0010540,4205,z32,z22,2.3,7.666666666666667,9.516666666666666
toy-0010541,4210,z00,z22,6.505382386916237,21.684607956387456,21.431916762929337
toy-0010542,4210,z10,z11,2.3,7.666666666666667,9.516666666666666
toy-0010543,4210,z20,z31,3.2526911934581184,10.842303978193728,12.215958381464668
toy-0010544,4210,z30,z21,3.2526911934581184,10.842303978193728,12.215958381464668
toy-0010545,4210,z30,z31,2.3,7.666666666666667,9.516666666666666
toy-0010546,4210,z01,z10,3.2526911934581184,10.842303978193728,12.215958381464668
toy-0010547,4210,z11,z30,5.142956348249516,17.143187827498387,17.57170965337363
toy-0010548,4210,z21,z00,5.142956348249516,17.143187827498387,17.57170965337363
toy-0010549,4210,z21,z11,2.3,7.666666666666667,9.516666666666666
toy-0010550,4210,z31,z00,7.273238618387272,24.244128727957573,23.607509418763936
toy-0010551,4210,z31,z20,3.2526911934581184,10.842303978193728,12.215958381464668
toy-0010552,4210,z31,z12,5.142956348249516,17.143187827498387,17.57170965337363
toy-0010553,4210,z31,z22,3.2526911934581184,10.842303978193728,12.215958381464668
toy-0010554,4210,z12,z30,6.505382386916237,21.684607956387456,21.431916762929337
toy-0010555,4210,z12,z11,2.3,7.666666666666667,9.516666666666666
toy-0010556,4210,z22,z31,3.2526911934581184,10.842303978193728,12.215958381464668
toy-0010557,4210,z22,z32,2.3,7.666666666666667,9.516666666666666
toy-0010558,4215,z00,z21,5.142956348249516,17.143187827498387,17.57170965337363
toy-0010559,4215,z11,z21,2.3,7.666666666666667,9.516666666666666
toy-0010560,4215,z21,z32,3.2526911934581184,10.842303978193728,12.215958381464668
toy-0010561,4215,z31,z21,2.3,7.666666666666667,9.516666666666666
toy-0010562,4215,z31,z32,2.3,7.666666666666667,9.516666666666666
toy-0010563,4215,z02,z11,3.2526911934581184,10.842303978193728,12.215958381464668
toy-0010564,4215,z02,z21,5.142956348249516,17.143187827498387,17.57170965337363
toy-0010565,4215,z22,z20,4.6,15.333333333333334,16.03333333333333
toy-0010566,4215,z22,z12,2.3,7.666666666666667,9.516666666666666
toy-0010567,4215,z32,z01,7.273238618387272,24.244128727957573,23.607509418763936
toy-0010568,4215,z32,z31,2.3,7.666666666666667,9.516666666666666
toy-0010569,4220,z00,z31,7.273238618387272,24.244128727957573,23.607509418763936
toy-0010570,4220,z20,z22,4.6,15.333333333333334,16.03333333333333
toy-0010571,4220,z11,z31,4.6,15.333333333333334,16.03333333333333
toy-0010572,4220,z11,z12,2.3,7.666666666666667,9.516666666666666
toy-0010573,4220,z21,z20,2.3,7.666666666666667,9.516666666666666
toy-0010574,4220,z21,z31,2.3,7.666666666666667,9.516666666666666
toy-0010575,4220,z02,z32,6.8999999999999995,22.999999999999996,22.549999999999997
toy-0010576,4220,z12,z31,5.142956348249516,17.143187827498387,17.57170965337363
toy-0010577,4220,z22,z00,6.505382386916237,21.684607956387456,21.431916762929337
toy-0010578,4220,z22,z21,2.3,7.666666666666667,9.516666666666666
toy-0010579,4220,z32,z20,5.142956348249516,17.143187827498387,17.57170965337363
toy-0010580,4225,z20,z32,5.142956348249516,17.143187827498387,17.57170965337363
toy-0010581,4225,z01,z32,7.273238618387272,24.244128727957573,23.607509418763936
toy-0010582,4225,z11,z22,3.2526911934581184,10.842303978193728,12.215958381464668
toy-0010583,4225,z11,z32,5.142956348249516,17.143187827498387,17.57170965337363
toy-0010584,4225,z31,z10,5.142956348249516,17.143187827498387,17.57170965337363
toy-0010585,4225,z31,z11,4.6,15.333333333333334,16.03333333333333
toy-0010586,4225,z32,z21,3.2526911934581184,10.842303978193728,12.215958381464668
toy-0010587,4230,z00,z20,4.6,15.333333333333334,16.03333333333333
toy-0010588,4230,z20,z10,2.3,7.666666666666667,9.516666666666666
toy-0010589,4230,z21,z02,5.142956348249516,17.143187827498387,17.57170965337363
toy-0010590,4230,z31,z30,2.3,7.666666666666667,9.516666666666666
toy-0010591,4230,z31,z21,2.3,7.666666666666667,9.516666666666666
toy-0010592,4230,z02,z31,7.273238618387272,24.244128727957573,23.607509418763936
toy-0010593,4230,z12,z21,3.2526911934581184,10.842303978193728,12.215958381464668
toy-0010594,4230,z12,z32,4.6,15.333333333333334,16.03333333333333
toy-0010595,4230,z22,z31,3.2526911934581184,10.842303978193728,12.215958381464668
toy-0010596,4230,z32,z31,2.3,7.666666666666667,9.516666666666666
toy-0010597,4230,z32,z12,4.6,15.333333333333334,16.03333333333333
toy-0010598,4230,z32,z22,2.3,7.666666666666667,9.516666666666666
toy-0010599,4235,z00,z12,5.142956348249516,17.143187827498387,17.57170965337363
toy-0010600,4235,z10,z31,5.142956348249516,17.143187827498387,17.57170965337363
toy-0010601,4235,z20,z11,3.2526911934581184,10.842303978193728,12.215958381464668
toy-0010602,4235,z20,z31,3.2526911934581184,10.842303978193728,12.215958381464668
toy-0010603,4235,z11,z02,3.2526911934581184,10.842303978193728,12.215958381464668
toy-0010604,4235,z21,z22,2.3,7.666666666666667,9.516666666666666
toy-0010605,4235,z31,z22,3.2526911934581184,10.842303978193728,12.215958381464668
toy-0010606,4235,z31,z32,2.3,7.666666666666667,9.516666666666666
toy-0010607,4235,z02,z22,4.6,15.333333333333334,16.03333333333333
toy-0010608,4235,z12,z20,5.142956348249516,17.143187827498387,17.57170965337363
toy-0010609,4235,z12,z22,2.3,7.666666666666667,9.516666666666666
toy-0010610,4235,z22,z10,5.142956348249516,17.143187827498387,17.57170965337363
toy-0010611,4240,z01,z22,5.142956348249516,17.143187827498387,17.57170965337363
toy-0010612,4240,z21,z31,2.3,7.666666666666667,9.516666666666666
toy-0010613,4240,z21,z32,3.2526911934581184,10.842303978193728,12.215958381464668
toy-0010614,4240,z31,z20,3.2526911934581184,10.842303978193728,12.215958381464668
toy-0010615,4240,z22,z11,3.2526911934581184,10.842303978193728,12.215958381464668
toy-0010616,4240,z22,z32,2.3,7.666666666666667,9.516666666666666
toy-0010617,4240,z32,z30,4.6,15.333333333333334,16.03333333333333
toy-0010618,4240,z32,z11,5.142956348249516,17.143187827498387,17.57170965337363
toy-0010619,4245,z10,z12,4.6,15.333333333333334,16.03333333333333
toy-0010620,4245,z20,z21,2.3,7.666666666666667,9.516666666666666
toy-0010621,4245,z01,z31,6.8999999999999995,22.999999999999996,22.549999999999997
toy-0010622,4245,z11,z31,4.6,15.333333333333334,16.03333333333333
toy-0010623,4245,z21,z12,3.2526911934581184,10.842303978193728,12.215958381464668
toy-0010624,4245,z31,z12,5.142956348249516,17.143187827498387,17.57170965337363
toy-0010625,4245,z32,z21,3.2526911934581184,10.842303978193728,12.215958381464668
toy-0010626,4245,z32,z31,2.3,7.666666666666667,9.516666666666666
toy-0010627,4250,z10,z21,3.2526911934581184,10.842303978193728,12.215958381464668
toy-0010628,4250,z30,z32,4.6,15.333333333333334,16.03333333333333
toy-0010629,4250,z01,z20,5.142956348249516,17.143187827498387,17.57170965337363
toy-0010630,4250,z11,z01,2.3,7.666666666666667,9.516666666666666
toy-0010631,4250,z21,z11,2.3,7.666666666666667,9.516666666666666
toy-0010632,4250,z31,z01,6.8999999999999995,22.999999999999996,22.549999999999997
toy-0010633,4250,z31,z21,2.3,7.666666666666667,9.516666666666666
toy-0010634,4250,z31,z32,2.3,7.666666666666667,9.516666666666666
toy-0010635,4250,z22,z21,2.3,7.666666666666667,9.516666666666666
toy-0010636,4250,z22,z31,3.2526911934581184,10.842303978193728,12.215958381464668
toy-0010637,4250,z32,z10,6.505382386916237,21.684607956387456,21.431916762929337
toy-0010638,4250,z32,z02,6.8999999999999995,22.999999999999996,22.549999999999997
toy-0010639,4255,z10,z32,6.505382386916237,21.684607956387456,21.431916762929337
toy-0010640,4255,z20,z01,5.142956348249516,17.143187827498387,17.57170965337363
toy-0010641,4255,z11,z21,2.3,7.666666666666667,9.516666666666666
toy-0010642,4255,z21,z10,3.2526911934581184,10.842303978193728,12.215958381464668
toy-0010643,4255,z21,z31,2.3,7.666666666666667,9.516666666666666
toy-0010644,4255,z31,z11,4.6,15.333333333333334,16.03333333333333
toy-0010645,4255,z31,z22,3.2526911934581184,10.842303978193728,12.215958381464668
toy-0010646,4255,z32,z20,5.142956348249516,17.143187827498387,17.57170965337363
toy-0010647,4260,z20,z32,5.142956348249516,17.143187827498387,17.57170965337363
toy-0010648,4260,z12,z31,5.142956348249516,17.143187827498387,17.57170965337363
toy-0010649,4260,z22,z01,5.142956348249516,17.143187827498387,17.57170965337363
toy-0010650,4260,z22,z02,4.6,15.333333333333334,16.03333333333333
toy-0010651,4260,z32,z22,2.3,7.666666666666667,9.516666666666666
toy-0010652,4265,z00,z01,2.3,7.666666666666667,9.516666666666666
toy-0010653,4265,z00,z11,3.2526911934581184,10.842303978193728,12.215958381464668
toy-0010654,4265,z10,z30,4.6,15.333333333333334,16.03333333333333
toy-0010655,4265,z30,z31,2.3,7.666666666666667,9.516666666666666
toy-0010656,4265,z11,z32,5.142956348249516,17.143187827498387,17.57170965337363
toy-0010657,4265,z21,z20,2.3,7.666666666666667,9.516666666666666
toy-0010658,4265,z21,z32,3.2526911934581184,10.842303978193728,12.215958381464668
toy-0010659,4265,z02,z12,2.3,7.666666666666667,9.516666666666666
toy-0010660,4265,z22,z20,4.6,15.333333333333334,16.03333333333333
toy-0010661,4265,z32,z31,2.3,7.666666666666667,9.516666666666666
toy-0010662,4270,z20,z31,3.2526911934581184,10.842303978193728,12.215958381464668
toy-0010663,4270,z11,z20,3.2526911934581184,10.842303978193728,12.215958381464668
toy-0010664,4270,z11,z22,3.2526911934581184,10.842303978193728,12.215958381464668
toy-0010665,4270,z21,z01,4.6,15.333333333333334,16.03333333333333
toy-0010666,4270,z21,z22,2.3,7.666666666666667,9.516666666666666
toy-0010667,4270,z31,z10,5.142956348249516,17.143187827498387,17.57170965337363
toy-0010668,4270,z31,z20,3.2526911934581184,10.842303978193728,12.215958381464668
toy-0010669,4270,z31,z32,2.3,7.666666666666667,9.516666666666666
toy-0010670,4270,z22,z32,2.3,7.666666666666667,9.516666666666666
toy-0010671,4275,z20,z22,4.6,15.333333333333334,16.03333333333333
toy-0010672,4275,z01,z21,4.6,15.333333333333334,16.03333333333333
toy-0010673,4275,z31,z21,2.3,7.666666666666667,9.516666666666666
toy-0010674,4275,z22,z31,3.2526911934581184,10.842303978193728,12.215958381464668
toy-0010675,4280,z10,z22,5.142956348249516,17.143187827498387,17.57170965337363
toy-0010676,4280,z30,z22,5.142956348249516,17.143187827498387,17.57170965337363
toy-0010677,4280,z11,z31,4.6,15.333333333333334,16.03333333333333
toy-0010678,4280,z31,z00,7.273238618387272,24.244128727957573,23.607509418763936
toy-0010679,4280,z31,z22,3.2526911934581184,10.842303978193728,12.215958381464668
toy-0010680,4280,z32,z11,5.142956348249516,17.143187827498387,17.57170965337363
toy-0010681,4280,z32,z21,3.2526911934581184,10.842303978193728,12.215958381464668
toy-0010682,4285,z10,z31,5.142956348249516,17.143187827498387,17.57170965337363
toy-0010683,4285,z21,z31,2.3,7.666666666666667,9.516666666666666
toy-0010684,4285,z31,z02,7.273238618387272,24.244128727957573,23.607509418763936
toy-0010685,4285,z02,z20,6.505382386916237,21.684607956387456,21.431916762929337
toy-0010686,4285,z12,z32,4.6,15.333333333333334,16.03333333333333
toy-0010687,4285,z32,z01,7.273238618387272,24.244128727957573,23.607509418763936
toy-0010688,4285,z32,z12,4.6,15.333333333333334,16.03333333333333
toy-0010689,4290,z00,z31,7.273238618387272,24.244128727957573,23.607509418763936
toy-0010690,4290,z00,z32,8.292767933567175,27.64255977855725,26.49617581177366
toy-0010691,4290,z11,z10,2.3,7.666666666666667,9.516666666666666
toy-0010692,4290,z21,z30,3.2526911934581184,10.842303978193728,12.215958381464668
toy-0010693,4290,z31,z11,4.6,15.333333333333334,16.03333333333333
toy-0010694,4290,z22,z12,2.3,7.666666666666667,9.516666666666666
toy-0010695,4290,z32,z31,2.3,7.666666666666667,9.516666666666666
toy-0010696,4295,z20,z30,2.3,7.666666666666667,9.516666666666666
toy-0010697,4295,z31,z30,2.3,7.666666666666667,9.516666666666666
toy-0010698,4295,z31,z12,5.142956348249516,17.143187827498387,17.57170965337363
toy-0010699,4295,z31,z32,2.3,7.666666666666667,9.516666666666666
toy-0010700,4295,z12,z21,3.2526911934581184,10.842303978193728,12.215958381464668
toy-0010701,4295,z22,z21,2.3,7.666666666666667,9.516666666666666
toy-0010702,4295,z32,z00,8.292767933567175,27.64255977855725,26.49617581177366
toy-0010703,4300,z30,z11,5.142956348249516,17.143187827498387,17.57170965337363
toy-0010704,4300,z01,z32,7.273238618387272,24.244128727957573,23.607509418763936
toy-0010705,4300,z11,z00,3.2526911934581184,10.842303978193728,12.215958381464668
toy-0010706,4300,z31,z21,2.3,7.666666666666667,9.516666666666666
toy-0010707,4300,z22,z30,5.142956348249516,17.143187827498387,17.57170965337363
toy-0010708,4300,z22,z11,3.2526911934581184,10.842303978193728,12.215958381464668
toy-0010709,4300,z32,z22,2.3,7.666666666666667,9.516666666666666
toy-0010710,4305,z20,z21,2.3,7.666666666666667,9.516666666666666
toy-0010711,4305,z20,z12,5.142956348249516,17.143187827498387,17.57170965337363
toy-0010712,4305,z30,z21,3.2526911934581184,10.842303978193728,12.215958381464668
toy-0010713,4305,z30,z02,8.292767933567175,27.64255977855725,26.49617581177366
toy-0010714,4305,z21,z11,2.3,7.666666666666667,9.516666666666666
toy-0010715,4305,z21,z32,3.2526911934581184,10.842303978193728,12.215958381464668
toy-0010716,4305,z12,z11,2.3,7.666666666666667,9.516666666666666
toy-0010717,4305,z22,z31,3.2526911934581184,10.842303978193728,12.215958381464668
toy-0010718,4310,z10,z20,2.3,7.666666666666667,9.516666666666666
toy-0010719,4310,z20,z31,3.2526911934581184,10.842303978193728,12.215958381464668
toy-0010720,4310,z01,z31,6.8999999999999995,22.999999999999996,22.549999999999997
toy-0010721,4310,z11,z21,2.3,7.666666666666667,9.516666666666666
toy-0010722,4310,z21,z31,2.3,7.666666666666667,9.516666666666666
toy-0010723,4310,z22,z32,2.3,7.666666666666667,9.516666666666666
toy-0010724,4315,z10,z11,2.3,7.666666666666667,9.516666666666666
toy-0010725,4315,z20,z32,5.142956348249516,17.143187827498387,17.57170965337363
toy-0010726,4315,z01,z11,2.3,7.666666666666667,9.516666666666666
toy-0010727,4315,z11,z32,5.142956348249516,17.143187827498387,17.57170965337363
toy-0010728,4315,z21,z22,2.3,7.666666666666667,9.516666666666666
toy-0010729,4315,z31,z20,3.2526911934581184,10.842303978193728,12.215958381464668
toy-0010730,4315,z31,z01,6.8999999999999995,22.999999999999996,22.549999999999997
toy-0010731,4315,z31,z22,3.2526911934581184,10.842303978193728,12.215958381464668
toy-0010732,4315,z12,z31,5.142956348249516,17.143187827498387,17.57170965337363
toy-0010733,4315,z12,z22,2.3,7.666666666666667,9.516666666666666
toy-0010734,4315,z32,z20,5.142956348249516,17.143187827498387,17.57170965337363
toy-0010735,4315,z32,z21,3.2526911934581184,10.842303978193728,12.215958381464668
toy-0010736,4315,z32,z31,2.3,7.666666666666667,9.516666666666666
