vehicle_id,kind,start_minutes,end_minutes,origin,destination,request_id,hub_id,service_category,opportunity_visit,energy_start_kwh,planned_added_kwh,planned_end_energy_kwh,planned_empty_miles,planned_passenger_miles,planned_charging_minutes
14,trip,1440,1458.3098544941652,z21,z00,toy-0003533,,,False,25.32312828938297,0.0,23.675241384908116,0.35,5.142956348249516,0
0,trip,1440,1448.8333333333333,z31,z32,toy-0003535,,,False,37.66596790636954,0.0,36.870967906369536,0.35,2.3,0
45,trip,1440,1452.0089706448605,z21,z12,toy-0003534,,,False,46.81419264196245,0.0,45.73338528392502,0.35,3.2526911934581184,0
11,trip,1440,1456.5,z31,z11,toy-0003539,,,False,27.861743443505144,0.0,26.376743443505145,0.35,4.6,0
18,trip,1440,1458.3098544941652,z31,z10,toy-0003538,,,False,47.894999999999854,0.0,46.247113095525,0.35,5.142956348249516,0
60,trip,1440,1458.3098544941652,z00,z21,toy-0003536,,,False,41.08419264196258,0.0,39.43630573748773,0.35,5.142956348249516,0
20,trip,1440,1458.3098544941652,z22,z10,toy-0003540,,,False,37.97929744330364,0.0,36.33141053882879,0.35,5.142956348249516,0
75,trip,1440,1448.8333333333333,z30,z20,toy-0003537,,,False,39.69805725213346,0.0,38.90305725213346,0.35,2.3,0
3,visit,1440,1470.3537986355427,z31,z31,,hub_core,local,False,9.73755782965091,38.36744217034909,47.895,0.7,0,23.020465302209455
56,visit,1440,1460.3333333333333,z10,z10,,depot_west,local,False,43.351008769115545,0.0,41.97100876911554,4.6,0,0
8,visit,1440,1455.0,z30,z30,,depot_south,local,True,45.82500000000017,2.2799999999998235,47.894999999999996,0.7,0,1.3679999999998942
31,visit,1440,1455.0,z11,z11,,hub_center,,True,20.31950566540576,17.77777777777778,37.88728344318354,0.7,0,10.666666666666668
6,visit,1440,1455.0,z11,z11,,hub_center,,True,36.67388366337537,11.431116336624626,47.894999999999996,0.7,0,6.858669801974775
19,trip,1450,1458.8333333333333,z30,z31,toy-0003543,,,False,19.94319482514825,0.0,19.148194825148252,0.35,2.3,0
15,trip,1450,1466.5,z20,z22,toy-0003542,,,False,35.68104348397873,0.0,34.196043483978734,0.35,4.6,0
28,trip,1450,1458.8333333333333,z22,z21,toy-0003550,,,False,41.669192641962574,0.0,40.87419264196257,0.35,2.3,0
5,trip,1450,1474.1666666666667,z02,z32,toy-0003548,,,False,46.247113095525286,0.0,44.07211309552529,0.35,6.8999999999999995,0
0,trip,1450,1466.5,z32,z30,toy-0003552,,,False,36.87096790636953,0.0,35.38596790636953,0.35,4.6,0
4,trip,1450,1458.8333333333333,z21,z31,toy-0003545,,,False,18.946186159763425,0.0,18.151186159763427,0.35,2.3,0
13,trip,1450,1472.8512746230542,z00,z22,toy-0003541,,,False,31.457442840621397,0.0,29.400828124546525,0.35,6.505382386916237,0
2,trip,1450,1475.4107953946243,z01,z30,toy-0003544,,,False,24.577651448805778,0.0,22.290679863289597,0.35,7.273238618387272,0
46,trip,1450,1462.0089706448605,z21,z32,toy-0003546,,,False,47.89499999999982,0.0,46.814192641962386,0.35,3.2526911934581184,0
37,trip,1450,1462.0089706448605,z22,z31,toy-0003551,,,False,41.68711309552516,0.0,40.60630573748773,0.35,3.2526911934581184,0
38,trip,1450,1466.5,z22,z20,toy-0003549,,,False,45.583914880911564,0.0,44.098914880911565,0.35,4.6,0
10,trip,1450,1462.0089706448605,z31,z22,toy-0003547,,,False,30.45561220270405,0.0,29.374804844666613,0.35,3.2526911934581184,0
21,trip,1450,1466.5,z20,z00,toy-0003553,,,False,47.3100000000001,0.0,45.8250000000001,0.35,4.6,0
30,trip,1450,1462.0089706448605,z32,z21,toy-0003556,,,False,39.01473774649117,0.0,37.93393038845374,0.35,3.2526911934581184,0
42,trip,1450,1458.8333333333333,z22,z32,toy-0003555,,,False,20.349289628221698,0.0,19.554289628221696,0.35,2.3,0
47,trip,1450,1468.3098544941652,z01,z22,toy-0003554,,,False,42.19925386292426,0.0,40.55136695844941,0.35,5.142956348249516,0
75,visit,1450,1470.3333333333333,z20,z20,,depot_south,local,False,38.90305725213345,0.0,37.52305725213345,4.6,0,0
7,trip,1460,1476.5,z12,z32,toy-0003560,,,False,40.292706245024725,0.0,38.807706245024725,0.35,4.6,0
4,trip,1460,1472.0089706448605,z31,z20,toy-0003558,,,False,18.15118615976341,0.0,17.070378801725973,0.35,3.2526911934581184,0
1,trip,1460,1478.3098544941652,z11,z30,toy-0003557,,,False,43.576305737487615,0.0,41.92841883301276,0.35,5.142956348249516,0
16,trip,1460,1476.5,z12,z10,toy-0003559,,,False,42.23194446117095,0.0,40.74694446117095,0.35,4.6,0
40,trip,1460,1468.8333333333333,z32,z31,toy-0003561,,,False,42.4089495957751,0.0,41.6139495957751,0.35,2.3,0
33,trip,1460,1468.8333333333333,z20,z21,toy-0003562,,,False,34.92983253142193,0.0,34.13483253142193,0.35,2.3,0
26,visit,1460,1475.0,z32,z32,,hub_waterfront,local,True,45.30216961993002,2.8028303800699774,47.894999999999996,0.7,0,1.6816982280419865
45,visit,1460,1480.3333333333333,z12,z12,,hub_center,local,False,45.73338528392501,0.0,44.35338528392501,4.6,0,0
19,visit,1460,1475.0,z31,z31,,hub_core,,True,19.148194825148234,17.77777777777778,36.71597260292601,0.7,0,10.666666666666668
42,visit,1460,1475.0,z32,z32,,hub_waterfront,,True,19.55428962822168,17.77777777777778,37.12206740599946,0.7,0,10.666666666666668
14,visit,1460,1475.0,z00,z00,,depot_west,,True,23.675241384908105,17.77777777777778,41.24301916268588,0.7,0,10.666666666666668
11,visit,1460,1475.0,z11,z11,,hub_center,,True,26.37674344350514,17.77777777777778,43.94452122128292,0.7,0,10.666666666666668
31,visit,1460,1475.0,z11,z11,,hub_center,,True,37.887283443183655,10.21771655681634,47.894999999999996,0.7,0,6.1306299340898045
38,trip,1470,1488.3098544941652,z20,z32,toy-0003563,,,False,44.098914880911565,0.0,42.45102797643671,0.35,5.142956348249516,0
0,trip,1470,1494.1666666666667,z30,z00,toy-0003564,,,False,35.38596790636953,0.0,33.21096790636953,0.35,6.8999999999999995,0
6,trip,1470,1478.8333333333333,z11,z21,toy-0003565,,,False,47.895000000000174,0.0,47.10000000000017,0.35,2.3,0
25,trip,1470,1478.8333333333333,z31,z21,toy-0003568,,,False,41.16261147497527,0.0,40.36761147497527,0.35,2.3,0
37,trip,1470,1494.1666666666667,z31,z01,toy-0003567,,,False,40.60630573748772,0.0,38.431305737487726,0.35,6.8999999999999995,0
21,trip,1470,1495.4107953946243,z00,z31,toy-0003566,,,False,45.8250000000001,0.0,43.53802841448392,0.35,7.273238618387272,0
15,visit,1470,1490.3333333333333,z22,z22,,hub_inner,local,False,34.196043483978734,0.0,32.81604348397873,4.6,0,0
33,visit,1470,1485.0,z21,z21,,hub_inner,,True,34.13483253142192,13.970167468578076,47.894999999999996,0.7,0,8.382100481146846
30,visit,1470,1485.0,z21,z21,,hub_inner,,True,37.93393038845373,10.171069611546265,47.894999999999996,0.7,0,6.102641766927759
3,trip,1480,1505.4107953946243,z31,z02,toy-0003571,,,False,47.895,0.0,45.60802841448382,0.35,7.273238618387272,0
11,trip,1480,1496.5,z11,z31,toy-0003570,,,False,43.94452122128303,0.0,42.45952122128303,0.35,4.6,0
12,trip,1480,1488.8333333333333,z11,z01,toy-0003569,,,False,47.89500000000004,0.0,47.10000000000004,0.35,2.3,0
19,trip,1480,1488.8333333333333,z31,z32,toy-0003572,,,False,36.71597260292613,0.0,35.92097260292613,0.35,2.3,0
17,trip,1480,1492.0089706448605,z11,z22,toy-0003573,,,False,46.814192641962485,0.0,45.73338528392505,0.35,3.2526911934581184,0
2,visit,1480,1495.0,z30,z30,,depot_south,local,True,22.29067986328959,12.777777777777779,34.85845764106737,0.7,0,7.666666666666668
16,visit,1480,1500.3333333333333,z10,z10,,depot_west,local,False,40.74694446117095,0.0,39.366944461170945,4.6,0,0
42,visit,1480,1495.0,z32,z32,,hub_waterfront,,True,37.12206740599957,10.982932594000424,47.894999999999996,0.7,0,6.589759556400254
7,visit,1480,1495.0,z32,z32,,hub_waterfront,,True,38.807706245024725,9.297293754975271,47.894999999999996,0.7,0,5.578376252985163
18,trip,1490,1512.8512746230542,z10,z32,toy-0003574,,,False,46.24711309552499,0.0,44.19049837945012,0.35,6.505382386916237,0
1,trip,1490,1512.8512746230542,z30,z12,toy-0003575,,,False,41.92841883301275,0.0,39.87180411693788,0.35,6.505382386916237,0
12,trip,1490,1508.3098544941652,z01,z20,toy-0003576,,,False,47.10000000000003,0.0,45.45211309552518,0.35,5.142956348249516,0
6,trip,1490,1502.0089706448605,z21,z30,toy-0003577,,,False,47.100000000000165,0.0,46.01919264196273,0.35,3.2526911934581184,0
5,trip,1490,1518.8092264452239,z32,z00,toy-0003579,,,False,44.07211309552528,0.0,41.47928271545513,0.35,8.292767933567175,0
25,trip,1490,1498.8333333333333,z21,z22,toy-0003578,,,False,40.36761147497526,0.0,39.57261147497526,0.35,2.3,0
19,trip,1490,1498.8333333333333,z32,z22,toy-0003587,,,False,35.92097260292612,0.0,35.12597260292612,0.35,2.3,0
20,trip,1490,1506.5,z10,z12,toy-0003580,,,False,36.33141053882878,0.0,34.84641053882878,0.35,4.6,0
8,trip,1490,1515.4107953946243,z30,z01,toy-0003582,,,False,47.89500000000006,0.0,45.608028414483876,0.35,7.273238618387272,0
27,trip,1490,1506.5,z30,z10,toy-0003581,,,False,43.54067227277122,0.0,42.05567227277122,0.35,4.6,0
29,trip,1490,1508.3098544941652,z12,z31,toy-0003586,,,False,30.20077785380594,0.0,28.552890949331083,0.35,5.142956348249516,0
22,trip,1490,1498.8333333333333,z11,z10,toy-0003584,,,False,46.24711309552513,0.0,45.45211309552513,0.35,2.3,0
4,trip,1490,1508.5089706448605,z20,z21,toy-0003583,,,False,17.070378801725962,0.0,15.404571443688527,2.3,3.2526911934581184,0
28,trip,1490,1498.8333333333333,z21,z31,toy-0003585,,,False,40.874192641962566,0.0,40.079192641962564,0.35,2.3,0
10,trip,1500,1512.0089706448605,z22,z31,toy-0003588,,,False,29.374804844666603,0.0,28.293997486629166,0.35,3.2526911934581184,0
7,trip,1500,1516.5,z32,z12,toy-0003589,,,False,47.89500000000007,0.0,46.41000000000007,0.35,4.6,0
13,trip,1500,1512.0089706448605,z22,z11,toy-0003593,,,False,29.400828124546518,0.0,28.32002076650908,0.35,3.2526911934581184,0
11,trip,1500,1512.0089706448605,z31,z22,toy-0003592,,,False,42.45952122128303,0.0,41.3787138632456,0.35,3.2526911934581184,0
26,trip,1500,1508.8333333333333,z32,z31,toy-0003595,,,False,47.89500000000005,0.0,47.10000000000005,0.35,2.3,0
38,trip,1500,1518.3098544941652,z32,z11,toy-0003594,,,False,42.4510279764367,0.0,40.803141071961846,0.35,5.142956348249516,0
23,trip,1500,1508.8333333333333,z11,z12,toy-0003591,,,False,46.247113095524995,0.0,45.45211309552499,0.35,2.3,0
37,trip,1500,1508.8333333333333,z01,z00,toy-0003590,,,False,38.43130573748772,0.0,37.63630573748772,0.35,2.3,0
0,visit,1500,1515.0,z00,z00,,depot_west,local,True,33.210967906369525,12.777777777777779,45.7787456841473,0.7,0,7.666666666666668
2,visit,1500,1515.0,z30,z30,,depot_south,,True,34.85845764106748,13.246542358932516,47.894999999999996,0.7,0,7.947925415359509
3,trip,1510,1535.4107953946243,z02,z31,toy-0003597,,,False,45.60802841448382,0.0,43.321056828967635,0.35,7.273238618387272,0
12,trip,1510,1522.0089706448605,z20,z31,toy-0003596,,,False,45.45211309552516,0.0,44.37130573748773,0.35,3.2526911934581184,0
20,trip,1510,1528.3098544941652,z12,z00,toy-0003601,,,False,34.84641053882878,0.0,33.198523634353926,0.35,5.142956348249516,0
4,trip,1510,1522.0089706448605,z21,z32,toy-0003598,,,False,15.404571443688516,0.0,14.32376408565108,0.35,3.2526911934581184,0
21,trip,1510,1526.5,z31,z11,toy-0003600,,,False,43.53802841448392,0.0,42.05302841448392,0.35,4.6,0
26,trip,1510,1518.8333333333333,z31,z30,toy-0003599,,,False,47.100000000000044,0.0,46.30500000000004,0.35,2.3,0
37,visit,1510,1525.0,z00,z00,,depot_west,local,True,37.63630573748771,10.468694262512287,47.894999999999996,0.7,0,6.281216557507372
29,visit,1510,1525.0,z31,z31,,hub_core,,True,28.552890949331072,17.77777777777778,46.12066872710885,0.7,0,10.666666666666668
13,trip,1520,1532.0089706448605,z11,z20,toy-0003604,,,False,28.32002076650907,0.0,27.239213408471635,0.35,3.2526911934581184,0
30,trip,1520,1528.8333333333333,z21,z20,toy-0003605,,,False,47.89499999999992,0.0,47.099999999999916,0.35,2.3,0
16,trip,1520,1528.8333333333333,z10,z20,toy-0003603,,,False,39.36694446117093,0.0,38.57194446117093,0.35,2.3,0
22,trip,1520,1528.8333333333333,z10,z00,toy-0003602,,,False,45.45211309552512,0.0,44.65711309552512,0.35,2.3,0
18,trip,1520,1532.0089706448605,z32,z21,toy-0003608,,,False,44.19049837945011,0.0,43.10969102141268,0.35,3.2526911934581184,0
10,trip,1520,1528.8333333333333,z31,z32,toy-0003607,,,False,28.293997486629156,0.0,27.498997486629158,0.35,2.3,0
28,trip,1520,1538.3098544941652,z31,z12,toy-0003606,,,False,40.07919264196256,0.0,38.431305737487705,0.35,5.142956348249516,0
11,visit,1520,1540.3333333333333,z22,z22,,hub_inner,local,False,41.37871386324559,0.0,39.99871386324559,4.6,0,0
15,trip,1530,1538.8333333333333,z22,z32,toy-0003613,,,False,32.81604348397872,0.0,32.021043483978715,0.35,2.3,0
12,trip,1530,1538.8333333333333,z31,z21,toy-0003612,,,False,44.371305737487724,0.0,43.57630573748772,0.35,2.3,0
27,trip,1530,1548.3098544941652,z10,z31,toy-0003610,,,False,42.05567227277122,0.0,40.407785368296366,0.35,5.142956348249516,0
0,trip,1530,1554.1666666666667,z00,z30,toy-0003609,,,False,45.778745684147424,0.0,43.60374568414743,0.35,6.8999999999999995,0
21,trip,1530,1548.3098544941652,z11,z32,toy-0003611,,,False,42.05302841448392,0.0,40.40514151000907,0.35,5.142956348249516,0
33,trip,1530,1546.5,z21,z01,toy-0003614,,,False,47.894999999999975,0.0,46.409999999999975,0.35,4.6,0
1,trip,1530,1548.3098544941652,z12,z20,toy-0003615,,,False,39.871804116937874,0.0,38.22391721246302,0.35,5.142956348249516,0
17,trip,1530,1538.8333333333333,z22,z12,toy-0003616,,,False,45.733385283925045,0.0,44.938385283925044,0.35,2.3,0
4,visit,1530,1608.700408215276,z32,z32,,depot_south,central,False,14.323764085651073,35.05623591434893,46.620000000000005,9.2,0,21.03374154860936
10,visit,1530,1545.0,z32,z32,,hub_waterfront,,True,27.49899748662914,17.77777777777778,45.06677526440692,0.7,0,10.666666666666668
20,visit,1530,1545.0,z00,z00,,depot_west,,True,33.19852363435391,14.906476365646085,47.894999999999996,0.7,0,8.943885819387651
19,trip,1540,1548.8333333333333,z22,z21,toy-0003621,,,False,35.12597260292611,0.0,34.33097260292611,0.35,2.3,0
15,trip,1540,1558.3098544941652,z32,z20,toy-0003622,,,False,32.02104348397871,0.0,30.373156579503853,0.35,5.142956348249516,0
8,trip,1540,1565.4107953946243,z01,z32,toy-0003619,,,False,45.608028414483876,0.0,43.32105682896769,0.35,7.273238618387272,0
49,trip,1540,1556.5,z01,z21,toy-0003618,,,False,40.805887632203536,0.0,39.32088763220354,0.35,4.6,0
13,trip,1540,1548.8333333333333,z20,z30,toy-0003617,,,False,27.239213408471624,0.0,26.444213408471626,0.35,2.3,0
3,trip,1540,1552.0089706448605,z31,z20,toy-0003620,,,False,43.321056828967635,0.0,42.2402494709302,0.35,3.2526911934581184,0
25,trip,1540,1558.3098544941652,z22,z01,toy-0003625,,,False,39.572611474975254,0.0,37.9247245705004,0.35,5.142956348249516,0
12,trip,1540,1548.8333333333333,z21,z11,toy-0003624,,,False,43.576305737487715,0.0,42.78130573748771,0.35,2.3,0
42,trip,1540,1562.8512746230542,z32,z10,toy-0003626,,,False,47.89499999999984,0.0,45.83838528392497,0.35,6.505382386916237,0
32,trip,1540,1558.3098544941652,z10,z22,toy-0003623,,,False,35.49691207785923,0.0,33.849025173384376,0.35,5.142956348249516,0
28,visit,1540,1560.3333333333333,z12,z12,,hub_center,local,False,38.43130573748769,0.0,37.05130573748769,4.6,0,0
17,visit,1540,1560.3333333333333,z12,z12,,hub_center,local,False,44.93838528392504,0.0,43.558385283925034,4.6,0,0
16,trip,1550,1562.0089706448605,z20,z11,toy-0003627,,,False,38.57194446117092,0.0,37.49113710313349,0.35,3.2526911934581184,0
1,visit,1550,1570.3333333333333,z20,z20,,depot_south,local,False,38.22391721246301,0.0,36.843917212463005,4.6,0,0
27,visit,1550,1565.0,z31,z31,,hub_core,local,True,40.40778536829635,7.697214631703646,47.894999999999996,0.7,0,4.618328779022187
13,visit,1550,1565.0,z30,z30,,depot_south,,True,26.444213408471608,17.77777777777778,44.01199118624938,0.7,0,10.666666666666668
19,visit,1550,1565.0,z21,z21,,hub_inner,,True,34.3309726029261,13.774027397073892,47.894999999999996,0.7,0,8.264416438244336
10,trip,1560,1568.8333333333333,z32,z31,toy-0003629,,,False,45.066775264407035,0.0,44.27177526440703,0.35,2.3,0
18,trip,1560,1568.8333333333333,z21,z31,toy-0003628,,,False,43.10969102141267,0.0,42.31469102141267,0.35,2.3,0
11,trip,1560,1582.8512746230542,z22,z00,toy-0003631,,,False,39.99871386324558,0.0,37.94209914717071,0.35,6.505382386916237,0
9,trip,1560,1588.8092264452239,z02,z30,toy-0003630,,,False,18.820562494373362,0.0,16.22773211430321,0.35,8.292767933567175,0
32,visit,1560,1580.3333333333333,z22,z22,,hub_inner,local,False,33.84902517338436,0.0,32.46902517338436,4.6,0,0
25,trip,1570,1594.1666666666667,z01,z31,toy-0003632,,,False,37.92472457050039,0.0,35.74972457050039,0.35,6.8999999999999995,0
12,trip,1570,1586.5,z11,z31,toy-0003633,,,False,42.781305737487706,0.0,41.29630573748771,0.35,4.6,0
18,trip,1570,1588.3098544941652,z31,z10,toy-0003634,,,False,42.31469102141266,0.0,40.66680411693781,0.35,5.142956348249516,0
47,trip,1570,1582.0089706448605,z22,z31,toy-0003636,,,False,40.55136695844939,0.0,39.47055960041196,0.35,3.2526911934581184,0
39,trip,1570,1582.0089706448605,z10,z21,toy-0003635,,,False,18.230881297306535,0.0,17.1500739392691,0.35,3.2526911934581184,0
10,visit,1570,1585.0,z31,z31,,hub_core,local,True,44.271775264407026,3.8332247355929714,47.894999999999996,0.7,0,2.2999348413557827
42,visit,1570,1590.3333333333333,z10,z10,,depot_west,local,False,45.838385283924964,0.0,44.45838528392496,4.6,0,0
16,visit,1570,1585.0,z11,z11,,hub_center,,True,37.49113710313348,10.613862896866515,47.894999999999996,0.7,0,6.3683177381199085
27,trip,1580,1592.0089706448605,z31,z22,toy-0003637,,,False,47.895000000000095,0.0,46.81419264196266,0.35,3.2526911934581184,0
19,trip,1580,1592.0089706448605,z21,z10,toy-0003638,,,False,47.894999999999975,0.0,46.81419264196254,0.35,3.2526911934581184,0
10,trip,1590,1598.8333333333333,z31,z32,toy-0003639,,,False,47.89499999999986,0.0,47.09999999999986,0.35,2.3,0
8,trip,1590,1614.1666666666667,z32,z02,toy-0003640,,,False,43.32105682896769,0.0,41.146056828967694,0.35,6.8999999999999995,0
1,trip,1590,1608.3098544941652,z20,z32,toy-0003641,,,False,36.84391721246299,0.0,35.19603030798814,0.35,5.142956348249516,0
21,trip,1590,1598.8333333333333,z32,z22,toy-0003642,,,False,40.40514151000905,0.0,39.61014151000905,0.35,2.3,0
39,visit,1590,1605.0,z21,z21,,hub_inner,local,True,17.150073939269088,12.777777777777779,29.717851717046866,0.7,0,7.666666666666668
9,visit,1590,1605.0,z30,z30,,depot_south,,True,16.227732114303212,17.77777777777778,33.79550989208099,0.7,0,10.666666666666668
11,visit,1590,1605.0,z00,z00,,depot_west,,True,37.9420991471707,10.162900852829296,47.894999999999996,0.7,0,6.097740511697578
0,trip,1600,1618.3098544941652,z30,z22,toy-0003643,,,False,43.60374568414742,0.0,41.95585877967257,0.35,5.142956348249516,0
7,trip,1600,1612.0089706448605,z12,z21,toy-0003645,,,False,46.41000000000007,0.0,45.329192641962635,0.35,3.2526911934581184,0
49,trip,1600,1608.8333333333333,z21,z22,toy-0003644,,,False,39.32088763220354,0.0,38.525887632203535,0.35,2.3,0
21,trip,1600,1616.5,z22,z20,toy-0003649,,,False,39.61014151000904,0.0,38.125141510009044,0.35,4.6,0
33,trip,1600,1608.8333333333333,z01,z02,toy-0003646,,,False,46.409999999999975,0.0,45.614999999999974,0.35,2.3,0
16,trip,1600,1608.8333333333333,z11,z21,toy-0003647,,,False,47.89499999999999,0.0,47.09999999999999,0.35,2.3,0
12,trip,1600,1608.8333333333333,z31,z21,toy-0003648,,,False,41.29630573748771,0.0,40.501305737487705,0.35,2.3,0
25,visit,1600,1615.0,z31,z31,,hub_core,,True,35.74972457050038,12.355275429499613,47.894999999999996,0.7,0,7.413165257699768
29,trip,1610,1635.4107953946243,z31,z00,toy-0003652,,,False,46.12066872710896,0.0,43.83369714159278,0.35,7.273238618387272,0
1,trip,1610,1635.4107953946243,z32,z01,toy-0003653,,,False,35.196030307988124,0.0,32.90905872247194,0.35,7.273238618387272,0
3,trip,1610,1626.5,z20,z22,toy-0003650,,,False,42.240249470930195,0.0,40.755249470930195,0.35,4.6,0
12,trip,1610,1622.0089706448605,z21,z32,toy-0003651,,,False,40.5013057374877,0.0,39.420498379450265,0.35,3.2526911934581184,0
2,trip,1610,1626.5,z30,z32,toy-0003655,,,False,47.8950000000001,0.0,46.4100000000001,0.35,4.6,0
15,trip,1610,1618.8333333333333,z20,z21,toy-0003654,,,False,30.373156579503842,0.0,29.57815657950384,0.35,2.3,0
39,visit,1610,1625.0,z21,z21,,hub_inner,,True,29.717851717046976,17.77777777777778,47.285629494824754,0.7,0,10.666666666666668
9,visit,1610,1625.0,z30,z30,,depot_south,,True,33.79550989208111,14.309490107918888,47.894999999999996,0.7,0,8.585694064751333
21,trip,1620,1632.0089706448605,z20,z31,toy-0003656,,,False,38.125141510009044,0.0,37.04433415197161,0.35,3.2526911934581184,0
25,trip,1620,1636.5,z31,z11,toy-0003657,,,False,47.895000000000046,0.0,46.410000000000046,0.35,4.6,0
4,trip,1620,1632.0089706448605,z32,z21,toy-0003658,,,False,46.620000000000154,0.0,45.53919264196272,0.35,3.2526911934581184,0
15,visit,1620,1635.0,z21,z21,,hub_inner,,True,29.578156579503826,17.77777777777778,47.145934357281604,0.7,0,10.666666666666668
30,trip,1630,1648.3098544941652,z20,z01,toy-0003659,,,False,47.09999999999991,0.0,45.45211309552506,0.35,5.142956348249516,0
7,trip,1630,1642.0089706448605,z21,z12,toy-0003660,,,False,45.32919264196263,0.0,44.248385283925195,0.35,3.2526911934581184,0
17,trip,1630,1646.5,z12,z32,toy-0003661,,,False,43.55838528392502,0.0,42.07338528392502,0.35,4.6,0
12,visit,1630,1645.0,z32,z32,,hub_waterfront,local,True,39.42049837945026,8.68450162054974,47.894999999999996,0.7,0,5.210700972329843
6,trip,1640,1648.8333333333333,z30,z31,toy-0003662,,,False,46.019192641962725,0.0,45.22419264196272,0.35,2.3,0
2,trip,1640,1648.8333333333333,z32,z31,toy-0003663,,,False,46.4100000000001,0.0,45.6150000000001,0.35,2.3,0
21,visit,1640,1655.0,z31,z31,,hub_core,,True,37.044334151971604,11.06066584802839,47.894999999999996,0.7,0,6.636399508817035
2,trip,1650,1674.1666666666667,z31,z01,toy-0003665,,,False,45.615000000000094,0.0,43.4400000000001,0.35,6.8999999999999995,0
4,trip,1650,1658.8333333333333,z21,z31,toy-0003664,,,False,45.539192641962714,0.0,44.74419264196271,0.35,2.3,0
7,trip,1650,1668.3098544941652,z12,z31,toy-0003666,,,False,44.24838528392519,0.0,42.600498379450336,0.35,5.142956348249516,0
0,trip,1650,1658.8333333333333,z22,z32,toy-0003667,,,False,41.95585877967255,0.0,41.16085877967255,0.35,2.3,0
8,trip,1660,1676.5,z02,z22,toy-0003668,,,False,41.14605682896769,0.0,39.66105682896769,0.35,4.6,0
23,trip,1660,1668.8333333333333,z12,z22,toy-0003669,,,False,45.452113095524986,0.0,44.657113095524984,0.35,2.3,0
0,trip,1660,1678.3098544941652,z32,z11,toy-0003670,,,False,41.160858779672544,0.0,39.51297187519769,0.35,5.142956348249516,0
28,trip,1660,1672.0089706448605,z12,z01,toy-0003671,,,False,37.051305737487674,0.0,35.97049837945024,0.35,3.2526911934581184,0
25,trip,1670,1682.0089706448605,z11,z22,toy-0003672,,,False,46.410000000000046,0.0,45.329192641962614,0.35,3.2526911934581184,0
7,visit,1670,1685.0,z31,z31,,hub_core,local,True,42.60049837945032,5.504501620549675,47.894999999999996,0.7,0,3.302700972329805
4,trip,1680,1688.8333333333333,z31,z32,toy-0003673,,,False,44.744192641962705,0.0,43.9491926419627,0.35,2.3,0
6,trip,1680,1692.0089706448605,z31,z20,toy-0003675,,,False,45.224192641962716,0.0,44.143385283925284,0.35,3.2526911934581184,0
3,trip,1680,1692.0089706448605,z22,z31,toy-0003676,,,False,40.755249470930195,0.0,39.67444211289276,0.35,3.2526911934581184,0
5,trip,1680,1688.8333333333333,z00,z01,toy-0003674,,,False,41.479282715455135,0.0,40.68428271545513,0.35,2.3,0
7,trip,1690,1702.0089706448605,z31,z22,toy-0003677,,,False,47.89500000000003,0.0,46.8141926419626,0.35,3.2526911934581184,0
8,trip,1690,1698.8333333333333,z22,z21,toy-0003678,,,False,39.66105682896769,0.0,38.866056828967686,0.35,2.3,0
0,trip,1700,1718.3098544941652,z11,z32,toy-0003679,,,False,39.51297187519768,0.0,37.865084970722826,0.35,5.142956348249516,0
23,trip,1700,1712.0089706448605,z22,z11,toy-0003681,,,False,44.65711309552498,0.0,43.576305737487544,0.35,3.2526911934581184,0
3,trip,1700,1718.3098544941652,z31,z12,toy-0003680,,,False,39.674442112892756,0.0,38.0265552084179,0.35,5.142956348249516,0
8,visit,1700,1715.0,z21,z21,,hub_inner,,True,38.86605682896768,9.23894317103232,47.894999999999996,0.7,0,5.543365902619391
21,trip,1710,1718.8333333333333,z31,z21,toy-0003682,,,False,47.89499999999997,0.0,47.099999999999966,0.35,2.3,0
6,trip,1710,1718.8333333333333,z20,z10,toy-0003683,,,False,44.14338528392528,0.0,43.348385283925275,0.35,2.3,0
7,trip,1710,1728.3098544941652,z22,z10,toy-0003685,,,False,46.81419264196259,0.0,45.16630573748774,0.35,5.142956348249516,0
31,trip,1710,1726.5,z11,z31,toy-0003684,,,False,47.89499999999983,0.0,46.40999999999983,0.35,4.6,0
0,trip,1720,1736.5,z32,z30,toy-0003687,,,False,37.86508497072281,0.0,36.38008497072281,0.35,4.6,0
4,trip,1720,1738.3098544941652,z32,z20,toy-0003686,,,False,43.949192641962696,0.0,42.301305737487844,0.35,5.142956348249516,0
10,trip,1720,1736.5,z32,z12,toy-0003688,,,False,47.09999999999985,0.0,45.61499999999985,0.35,4.6,0
21,visit,1720,1735.0,z21,z21,,hub_inner,local,True,47.09999999999996,1.005000000000038,47.894999999999996,0.7,0,0.6030000000000229
11,trip,1730,1758.8092264452239,z00,z32,toy-0003689,,,False,47.89499999999997,0.0,45.30216961992981,0.35,8.292767933567175,0
12,trip,1730,1738.8333333333333,z32,z31,toy-0003691,,,False,47.894999999999804,0.0,47.0999999999998,0.35,2.3,0
8,trip,1730,1738.8333333333333,z21,z20,toy-0003690,,,False,47.89499999999995,0.0,47.09999999999995,0.35,2.3,0
6,trip,1730,1748.3098544941652,z10,z31,toy-0003692,,,False,43.34838528392527,0.0,41.700498379450416,0.35,5.142956348249516,0
17,trip,1740,1748.8333333333333,z32,z22,toy-0003698,,,False,42.07338528392502,0.0,41.27838528392502,0.35,2.3,0
15,trip,1740,1748.8333333333333,z21,z11,toy-0003695,,,False,47.14593435728172,0.0,46.350934357281716,0.35,2.3,0
14,trip,1740,1765.4107953946243,z00,z31,toy-0003693,,,False,41.243019162686,0.0,38.95604757716981,0.35,7.273238618387272,0
7,trip,1740,1762.8512746230542,z10,z32,toy-0003694,,,False,45.166305737487725,0.0,43.10969102141286,0.35,6.505382386916237,0
16,trip,1740,1752.0089706448605,z21,z32,toy-0003696,,,False,47.09999999999998,0.0,46.01919264196255,0.35,3.2526911934581184,0
3,trip,1740,1748.8333333333333,z12,z11,toy-0003697,,,False,38.02655520841789,0.0,37.23155520841789,0.35,2.3,0
21,trip,1740,1748.8333333333333,z21,z31,toy-0003699,,,False,47.89500000000006,0.0,47.10000000000006,0.35,2.3,0
0,visit,1740,1755.0,z30,z30,,depot_south,,True,36.38008497072281,11.724915029277184,47.894999999999996,0.7,0,7.03494901756631
43,trip,1750,1762.0089706448605,z32,z21,toy-0003701,,,False,43.00922619105011,0.0,41.92841883301268,0.35,3.2526911934581184,0
12,trip,1750,1758.8333333333333,z31,z32,toy-0003700,,,False,47.099999999999795,0.0,46.304999999999794,0.35,2.3,0
39,trip,1750,1758.8333333333333,z21,z22,toy-0003704,,,False,47.28562949482487,0.0,46.490629494824866,0.35,2.3,0
21,trip,1750,1758.8333333333333,z31,z30,toy-0003705,,,False,47.10000000000005,0.0,46.30500000000005,0.35,2.3,0
4,trip,1750,1768.3098544941652,z20,z12,toy-0003702,,,False,42.30130573748783,0.0,40.65341883301298,0.35,5.142956348249516,0
31,trip,1750,1766.5,z31,z11,toy-0003706,,,False,46.40999999999983,0.0,44.924999999999834,0.35,4.6,0
1,trip,1750,1768.3098544941652,z01,z22,toy-0003703,,,False,32.90905872247194,0.0,31.261171817997084,0.35,5.142956348249516,0
6,visit,1750,1765.0,z31,z31,,hub_core,local,True,41.7004983794504,6.4045016205495955,47.894999999999996,0.7,0,3.8427009723297574
3,visit,1750,1765.0,z11,z11,,hub_center,,True,37.23155520841788,10.873444791582115,47.894999999999996,0.7,0,6.524066874949269
17,trip,1760,1778.3098544941652,z22,z30,toy-0003709,,,False,41.27838528392501,0.0,39.63049837945016,0.35,5.142956348249516,0
24,trip,1760,1778.3098544941652,z02,z21,toy-0003708,,,False,34.67757792588758,0.0,33.02969102141273,0.35,5.142956348249516,0
8,trip,1760,1772.0089706448605,z20,z31,toy-0003707,,,False,47.099999999999945,0.0,46.01919264196251,0.35,3.2526911934581184,0
48,trip,1760,1778.3098544941652,z20,z32,toy-0003710,,,False,43.27257792588753,0.0,41.62469102141268,0.35,5.142956348249516,0
25,trip,1760,1772.0089706448605,z22,z31,toy-0003712,,,False,45.32919264196261,0.0,44.248385283925174,0.35,3.2526911934581184,0
40,trip,1760,1778.3098544941652,z31,z10,toy-0003711,,,False,41.61394959577509,0.0,39.96606269130024,0.35,5.142956348249516,0
20,trip,1770,1778.8333333333333,z00,z10,toy-0003713,,,False,47.89499999999984,0.0,47.09999999999984,0.35,2.3,0
6,trip,1770,1782.0089706448605,z31,z22,toy-0003718,,,False,47.89500000000005,0.0,46.81419264196262,0.35,3.2526911934581184,0
18,trip,1770,1788.3098544941652,z10,z02,toy-0003715,,,False,40.6668041169378,0.0,39.018917212462945,0.35,5.142956348249516,0
14,trip,1770,1778.8333333333333,z31,z21,toy-0003717,,,False,38.95604757716981,0.0,38.16104757716981,0.35,2.3,0
1,trip,1770,1778.8333333333333,z22,z32,toy-0003719,,,False,31.261171817997077,0.0,30.46617181799708,0.35,2.3,0
43,trip,1770,1788.3098544941652,z21,z02,toy-0003716,,,False,41.92841883301267,0.0,40.28053192853782,0.35,5.142956348249516,0
19,trip,1770,1778.8333333333333,z10,z11,toy-0003714,,,False,46.814192641962535,0.0,46.01919264196253,0.35,2.3,0
7,trip,1770,1792.8512746230542,z32,z10,toy-0003723,,,False,43.10969102141285,0.0,41.05307630533798,0.35,6.505382386916237,0
41,trip,1770,1795.4107953946243,z31,z02,toy-0003722,,,False,41.83501488929514,0.0,39.548043303778954,0.35,7.273238618387272,0
2,trip,1770,1794.1666666666667,z01,z31,toy-0003720,,,False,43.44000000000009,0.0,41.26500000000009,0.35,6.8999999999999995,0
11,trip,1770,1778.8333333333333,z32,z31,toy-0003724,,,False,45.30216961992982,0.0,44.50716961992982,0.35,2.3,0
3,trip,1770,1782.0089706448605,z11,z20,toy-0003721,,,False,47.89500000000006,0.0,46.81419264196263,0.35,3.2526911934581184,0
15,trip,1780,1788.8333333333333,z11,z21,toy-0003725,,,False,46.35093435728171,0.0,45.55593435728171,0.35,2.3,0
24,trip,1780,1798.3098544941652,z21,z00,toy-0003727,,,False,33.02969102141272,0.0,31.38180411693786,0.35,5.142956348249516,0
8,trip,1780,1792.0089706448605,z31,z20,toy-0003728,,,False,46.019192641962505,0.0,44.93838528392507,0.35,3.2526911934581184,0
5,trip,1780,1792.0089706448605,z01,z12,toy-0003726,,,False,40.684282715455126,0.0,39.60347535741769,0.35,3.2526911934581184,0
14,visit,1780,1795.0,z21,z21,,hub_inner,local,True,38.1610475771698,9.943952422830193,47.894999999999996,0.7,0,5.966371453698116
40,visit,1780,1800.3333333333333,z10,z10,,depot_west,local,False,39.96606269130022,0.0,38.58606269130022,4.6,0,0
25,visit,1780,1795.0,z31,z31,,hub_core,local,True,44.24838528392517,3.85661471607483,47.894999999999996,0.7,0,2.313968829644898
1,visit,1780,1795.0,z32,z32,,hub_waterfront,,True,30.46617181799706,17.63882818200294,47.895,0.7,0,10.583296909201763
63,trip,1790,1798.8333333333333,z20,z21,toy-0003730,,,False,42.868385283925186,0.0,42.073385283925184,0.35,2.3,0
11,trip,1790,1798.8333333333333,z31,z32,toy-0003733,,,False,44.50716961992981,0.0,43.71216961992981,0.35,2.3,0
12,trip,1790,1808.3098544941652,z32,z11,toy-0003735,,,False,46.30499999999979,0.0,44.657113095524934,0.35,5.142956348249516,0
6,trip,1790,1798.8333333333333,z22,z12,toy-0003734,,,False,46.81419264196261,0.0,46.01919264196261,0.35,2.3,0
28,trip,1790,1815.4107953946243,z01,z32,toy-0003731,,,False,35.970498379450234,0.0,33.68352679393405,0.35,7.273238618387272,0
19,trip,1790,1806.5,z11,z31,toy-0003732,,,False,46.019192641962526,0.0,44.53419264196253,0.35,4.6,0
22,trip,1790,1808.3098544941652,z00,z21,toy-0003729,,,False,44.65711309552511,0.0,43.00922619105026,0.35,5.142956348249516,0
4,trip,1790,1808.3098544941652,z12,z31,toy-0003738,,,False,40.653418833012964,0.0,39.00553192853811,0.35,5.142956348249516,0
27,trip,1790,1806.5,z22,z20,toy-0003739,,,False,46.814192641962656,0.0,45.329192641962656,0.35,4.6,0
32,trip,1790,1798.8333333333333,z22,z21,toy-0003740,,,False,32.469025173384345,0.0,31.674025173384344,0.35,2.3,0
30,trip,1790,1798.8333333333333,z01,z11,toy-0003736,,,False,45.45211309552504,0.0,44.65711309552504,0.35,2.3,0
15,trip,1790,1798.8333333333333,z21,z31,toy-0003737,,,False,45.5559343572817,0.0,44.7609343572817,0.35,2.3,0
43,visit,1790,1816.6846079563875,z02,z02,,hub_center,local,False,40.280531928537805,0.0,38.32891721246293,6.505382386916237,0,0
3,visit,1790,1810.3333333333333,z20,z20,,depot_south,local,False,46.81419264196262,0.0,45.43419264196262,4.6,0,0
23,trip,1800,1818.3098544941652,z11,z32,toy-0003745,,,False,43.57630573748754,0.0,41.928418833012685,0.35,5.142956348249516,0
66,trip,1800,1816.5,z20,z22,toy-0003743,,,False,26.926416150544366,0.0,25.441416150544367,0.35,4.6,0
1,trip,1800,1828.8092264452239,z32,z00,toy-0003750,,,False,47.89500000000016,0.0,45.302169619930005,0.35,8.292767933567175,0
0,trip,1800,1812.0089706448605,z30,z21,toy-0003744,,,False,47.89499999999998,0.0,46.81419264196255,0.35,3.2526911934581184,0
14,trip,1800,1812.0089706448605,z21,z32,toy-0003747,,,False,47.894999999999804,0.0,46.81419264196237,0.35,3.2526911934581184,0
24,trip,1800,1818.3098544941652,z00,z12,toy-0003741,,,False,31.381804116937854,0.0,29.733917212463,0.35,5.142956348249516,0
18,trip,1800,1824.1666666666667,z02,z32,toy-0003749,,,False,39.01891721246293,0.0,36.843917212462934,0.35,6.8999999999999995,0
33,trip,1800,1825.4107953946243,z02,z31,toy-0003748,,,False,45.61499999999997,0.0,43.32802841448378,0.35,7.273238618387272,0
70,trip,1800,1812.0089706448605,z20,z11,toy-0003742,,,False,20.201152610675756,0.0,19.12034525263832,0.35,3.2526911934581184,0
11,trip,1800,1808.8333333333333,z32,z22,toy-0003751,,,False,43.7121696199298,0.0,42.9171696199298,0.35,2.3,0
32,trip,1800,1812.0089706448605,z21,z30,toy-0003746,,,False,31.674025173384333,0.0,30.593217815346897,0.35,3.2526911934581184,0
7,trip,1800,1812.0089706448605,z10,z01,toy-0003753,,,False,41.053076305337974,0.0,39.97226894730054,0.35,3.2526911934581184,0
51,trip,1800,1816.5,z01,z21,toy-0003756,,,False,20.720795741234493,0.0,19.235795741234494,0.35,4.6,0
30,trip,1800,1808.8333333333333,z11,z12,toy-0003757,,,False,44.657113095525034,0.0,43.86211309552503,0.35,2.3,0
2,trip,1800,1824.1666666666667,z31,z01,toy-0003760,,,False,41.265000000000086,0.0,39.09000000000009,0.35,6.8999999999999995,0
39,trip,1800,1812.0089706448605,z22,z31,toy-0003766,,,False,46.49062949482486,0.0,45.409822136787426,0.35,3.2526911934581184,0
16,trip,1800,1812.0089706448605,z32,z21,toy-0003767,,,False,46.01919264196254,0.0,44.93838528392511,0.35,3.2526911934581184,0
29,trip,1800,1822.8512746230542,z00,z22,toy-0003752,,,False,43.83369714159278,0.0,41.77708242551791,0.35,6.505382386916237,0
5,trip,1800,1816.5,z12,z32,toy-0003765,,,False,39.603475357417686,0.0,38.11847535741769,0.35,4.6,0
55,trip,1800,1816.5,z21,z01,toy-0003759,,,False,45.3291926419627,0.0,43.8441926419627,0.35,4.6,0
20,trip,1800,1818.3098544941652,z10,z22,toy-0003755,,,False,47.09999999999983,0.0,45.45211309552498,0.35,5.142956348249516,0
41,trip,1800,1822.8512746230542,z02,z20,toy-0003763,,,False,39.548043303778954,0.0,37.491428587704085,0.35,6.505382386916237,0
42,trip,1800,1812.0089706448605,z10,z21,toy-0003754,,,False,44.45838528392495,0.0,43.377577925887515,0.35,3.2526911934581184,0
15,trip,1800,1808.8333333333333,z31,z21,toy-0003761,,,False,44.76093435728169,0.0,43.96593435728169,0.35,2.3,0
46,trip,1800,1808.8333333333333,z32,z31,toy-0003768,,,False,46.81419264196238,0.0,46.01919264196238,0.35,2.3,0
6,trip,1800,1812.0089706448605,z12,z21,toy-0003764,,,False,46.019192641962604,0.0,44.93838528392517,0.35,3.2526911934581184,0
25,trip,1800,1818.3098544941652,z31,z12,toy-0003762,,,False,47.89499999999993,0.0,46.24711309552508,0.35,5.142956348249516,0
31,trip,1800,1812.0089706448605,z11,z22,toy-0003758,,,False,44.924999999999834,0.0,43.8441926419624,0.35,3.2526911934581184,0
8,visit,1800,1820.3333333333333,z20,z20,,depot_south,local,False,44.938385283925065,0.0,43.55838528392506,4.6,0,0
10,trip,1810,1818.8333333333333,z12,z02,toy-0003776,,,False,45.61499999999985,0.0,44.81999999999985,0.35,2.3,0
48,trip,1810,1828.3098544941652,z32,z20,toy-0003778,,,False,41.624691021412666,0.0,39.976804116937814,0.35,5.142956348249516,0
4,trip,1810,1826.5,z31,z11,toy-0003774,,,False,39.0055319285381,0.0,37.5205319285381,0.35,4.6,0
15,trip,1810,1822.0089706448605,z21,z12,toy-0003773,,,False,43.96593435728168,0.0,42.88512699924425,0.35,3.2526911934581184,0
12,trip,1810,1818.8333333333333,z11,z10,toy-0003771,,,False,44.65711309552492,0.0,43.86211309552492,0.35,2.3,0
19,trip,1810,1822.0089706448605,z31,z22,toy-0003775,,,False,44.53419264196253,0.0,43.453385283925094,0.35,3.2526911934581184,0
22,trip,1810,1822.0089706448605,z21,z10,toy-0003772,,,False,43.009226191050246,0.0,41.92841883301281,0.35,3.2526911934581184,0
9,trip,1810,1828.3098544941652,z30,z11,toy-0003769,,,False,47.89500000000002,0.0,46.247113095525165,0.35,5.142956348249516,0
13,trip,1810,1818.8333333333333,z30,z31,toy-0003770,,,False,44.0119911862495,0.0,43.2169911862495,0.35,2.3,0
11,trip,1810,1826.5,z22,z02,toy-0003777,,,False,42.917169619929794,0.0,41.432169619929795,0.35,4.6,0
46,trip,1810,1835.4107953946243,z31,z00,toy-0003786,,,False,46.01919264196237,0.0,43.732221056446186,0.35,7.273238618387272,0
40,trip,1810,1828.3098544941652,z10,z31,toy-0003779,,,False,38.58606269130021,0.0,36.938175786825354,0.35,5.142956348249516,0
47,trip,1810,1818.8333333333333,z31,z32,toy-0003787,,,False,39.47055960041195,0.0,38.67555960041195,0.35,2.3,0
49,trip,1810,1818.8333333333333,z22,z32,toy-0003791,,,False,38.52588763220353,0.0,37.730887632203526,0.35,2.3,0
60,trip,1810,1818.8333333333333,z21,z11,toy-0003783,,,False,39.436305737487714,0.0,38.64130573748771,0.35,2.3,0
53,trip,1810,1828.3098544941652,z22,z01,toy-0003789,,,False,20.193668303943074,0.0,18.54578139946822,0.35,5.142956348249516,0
57,trip,1810,1835.4107953946243,z32,z01,toy-0003792,,,False,47.894999999999996,0.0,45.60802841448381,0.35,7.273238618387272,0
27,trip,1810,1822.0089706448605,z20,z31,toy-0003780,,,False,45.329192641962656,0.0,44.248385283925224,0.35,3.2526911934581184,0
54,trip,1810,1818.8333333333333,z02,z01,toy-0003788,,,False,45.30216961993002,0.0,44.50716961993002,0.35,2.3,0
63,trip,1810,1818.8333333333333,z21,z31,toy-0003784,,,False,42.07338528392518,0.0,41.278385283925175,0.35,2.3,0
76,trip,1810,1818.8333333333333,z21,z22,toy-0003785,,,False,43.2904983794503,0.0,42.4954983794503,0.35,2.3,0
35,trip,1810,1818.8333333333333,z11,z01,toy-0003781,,,False,42.14919264196262,0.0,41.35419264196262,0.35,2.3,0
58,trip,1810,1822.0089706448605,z22,z11,toy-0003790,,,False,44.37130573748784,0.0,43.290498379450405,0.35,3.2526911934581184,0
82,trip,1810,1818.8333333333333,z21,z20,toy-0003782,,,False,47.89499999999994,0.0,47.09999999999994,0.35,2.3,0
36,trip,1820,1836.5,z00,z20,toy-0003793,,,False,43.44641369840876,0.0,41.96141369840876,0.35,4.6,0
37,trip,1820,1832.0089706448605,z00,z11,toy-0003794,,,False,47.895,0.0,46.81419264196257,0.35,3.2526911934581184,0
24,trip,1820,1838.3098544941652,z12,z20,toy-0003795,,,False,29.733917212462988,0.0,28.086030307988132,0.35,5.142956348249516,0
5,trip,1820,1828.8333333333333,z32,z31,toy-0003804,,,False,38.11847535741769,0.0,37.323475357417685,0.35,2.3,0
14,trip,1820,1836.5,z32,z12,toy-0003805,,,False,46.814192641962364,0.0,45.329192641962365,0.35,4.6,0
38,trip,1820,1836.5,z11,z31,toy-0003801,,,False,40.80314107196183,0.0,39.31814107196183,0.35,4.6,0
59,trip,1820,1838.3098544941652,z11,z30,toy-0003800,,,False,42.6952553332628,0.0,41.04736842878795,0.35,5.142956348249516,0
7,trip,1820,1832.0089706448605,z01,z10,toy-0003799,,,False,39.972268947300535,0.0,38.8914615892631,0.35,3.2526911934581184,0
12,trip,1820,1828.8333333333333,z10,z20,toy-0003796,,,False,43.86211309552491,0.0,43.06711309552491,0.35,2.3,0
17,trip,1820,1836.5,z30,z32,toy-0003798,,,False,39.630498379450145,0.0,38.145498379450146,0.35,4.6,0
3,trip,1820,1838.3098544941652,z20,z32,toy-0003797,,,False,45.4341926419626,0.0,43.78630573748775,0.35,5.142956348249516,0
13,trip,1820,1832.0089706448605,z31,z20,toy-0003802,,,False,43.216991186249494,0.0,42.13618382821206,0.35,3.2526911934581184,0
25,trip,1820,1828.8333333333333,z12,z22,toy-0003803,,,False,46.247113095525066,0.0,45.452113095525064,0.35,2.3,0
66,visit,1820,1881.2863756549968,z22,z22,,depot_south,central,False,25.441416150544363,0.0,22.355642341594653,10.285912696499032,0,0
49,visit,1820,1835.0,z32,z32,,hub_waterfront,local,True,37.73088763220352,10.374112367796478,47.894999999999996,0.7,0,6.224467420677887
60,visit,1820,1835.0,z11,z11,,hub_center,local,True,38.641305737487706,9.463694262512291,47.894999999999996,0.7,0,5.678216557507374
70,visit,1820,1835.0,z11,z11,,hub_center,,True,19.12034525263831,17.77777777777778,36.68812303041609,0.7,0,10.666666666666668
51,visit,1820,1835.0,z21,z21,,hub_inner,,True,19.23579574123449,17.77777777777778,36.80357351901227,0.7,0,10.666666666666668
32,visit,1820,1835.0,z30,z30,,depot_south,,True,30.593217815346886,17.511782184653114,47.895,0.7,0,10.50706931079187
28,visit,1820,1835.0,z32,z32,,hub_waterfront,,True,33.68352679393405,14.421473206065949,47.894999999999996,0.7,0,8.65288392363957
47,visit,1820,1835.0,z32,z32,,hub_waterfront,,True,38.675559600411944,9.429440399588053,47.894999999999996,0.7,0,5.657664239752831
18,trip,1830,1842.0089706448605,z32,z21,toy-0003818,,,False,36.84391721246293,0.0,35.763109854425494,0.35,3.2526911934581184,0
30,trip,1830,1852.8512746230542,z12,z30,toy-0003815,,,False,43.862113095525025,0.0,41.80549837945016,0.35,6.505382386916237,0
5,trip,1830,1838.8333333333333,z31,z32,toy-0003814,,,False,37.32347535741768,0.0,36.528475357417676,0.35,2.3,0
4,trip,1830,1842.0089706448605,z11,z00,toy-0003809,,,False,37.5205319285381,0.0,36.439724570500665,0.35,3.2526911934581184,0
20,trip,1830,1838.8333333333333,z22,z21,toy-0003816,,,False,45.452113095524965,0.0,44.65711309552496,0.35,2.3,0
22,trip,1830,1852.8512746230542,z10,z32,toy-0003806,,,False,41.928418833012806,0.0,39.87180411693794,0.35,6.505382386916237,0
27,trip,1830,1848.3098544941652,z31,z10,toy-0003811,,,False,44.24838528392522,0.0,42.600498379450364,0.35,5.142956348249516,0
25,trip,1830,1842.0089706448605,z22,z31,toy-0003817,,,False,45.45211309552506,0.0,44.371305737487624,0.35,3.2526911934581184,0
2,trip,1830,1848.3098544941652,z01,z20,toy-0003808,,,False,39.09000000000008,0.0,37.44211309552523,0.35,5.142956348249516,0
33,trip,1830,1838.8333333333333,z31,z21,toy-0003812,,,False,43.32802841448378,0.0,42.53302841448378,0.35,2.3,0
21,trip,1830,1838.8333333333333,z30,z20,toy-0003807,,,False,46.30500000000004,0.0,45.51000000000004,0.35,2.3,0
0,trip,1830,1842.0089706448605,z21,z32,toy-0003810,,,False,46.81419264196254,0.0,45.73338528392511,0.35,3.2526911934581184,0
39,trip,1830,1842.0089706448605,z31,z22,toy-0003813,,,False,45.40982213678742,0.0,44.329014778749986,0.35,3.2526911934581184,0
9,trip,1830,1838.8333333333333,z11,z21,toy-0003819,,,False,46.24711309552515,0.0,45.45211309552515,0.35,2.3,0
23,trip,1830,1848.3098544941652,z32,z11,toy-0003822,,,False,41.92841883301267,0.0,40.28053192853782,0.35,5.142956348249516,0
10,trip,1830,1842.0089706448605,z02,z11,toy-0003820,,,False,44.819999999999844,0.0,43.73919264196241,0.35,3.2526911934581184,0
34,trip,1830,1846.5,z12,z10,toy-0003821,,,False,20.189880422275824,0.0,18.704880422275824,0.35,4.6,0
65,trip,1830,1838.8333333333333,z32,z22,toy-0003823,,,False,41.4346969388145,0.0,40.639696938814495,0.35,2.3,0
15,visit,1830,1850.3333333333333,z12,z12,,hub_center,local,False,42.88512699924424,0.0,41.50512699924424,4.6,0,0
19,visit,1830,1850.3333333333333,z22,z22,,hub_inner,local,False,43.45338528392509,0.0,42.073385283925084,4.6,0,0
40,visit,1830,1845.0,z31,z31,,hub_core,,True,36.93817578682534,11.166824213174657,47.894999999999996,0.7,0,6.700094527904794
37,trip,1840,1852.0089706448605,z11,z02,toy-0003827,,,False,46.81419264196256,0.0,45.73338528392513,0.35,3.2526911934581184,0
38,trip,1840,1848.8333333333333,z31,z30,toy-0003830,,,False,39.31814107196183,0.0,38.52314107196183,0.35,2.3,0
6,trip,1840,1848.8333333333333,z21,z31,toy-0003829,,,False,44.938385283925165,0.0,44.14338528392516,0.35,2.3,0
58,trip,1840,1858.3098544941652,z11,z32,toy-0003828,,,False,43.2904983794504,0.0,41.642611474975546,0.35,5.142956348249516,0
35,trip,1840,1864.1666666666667,z01,z31,toy-0003826,,,False,41.35419264196261,0.0,39.179192641962615,0.35,6.8999999999999995,0
1,trip,1840,1865.4107953946243,z00,z31,toy-0003824,,,False,45.30216961993001,0.0,43.01519803441383,0.35,7.273238618387272,0
14,trip,1840,1858.3098544941652,z12,z31,toy-0003832,,,False,45.329192641962365,0.0,43.68130573748751,0.35,5.142956348249516,0
8,trip,1840,1862.8512746230542,z20,z02,toy-0003825,,,False,43.55838528392505,0.0,41.50177056785018,0.35,6.505382386916237,0
50,trip,1840,1856.5,z31,z11,toy-0003831,,,False,47.89499999999992,0.0,46.40999999999992,0.35,4.6,0
26,trip,1840,1858.3098544941652,z30,z22,toy-0003835,,,False,46.305000000000035,0.0,44.65711309552518,0.35,5.142956348249516,0
12,trip,1840,1852.0089706448605,z20,z31,toy-0003834,,,False,43.0671130955249,0.0,41.98630573748747,0.35,3.2526911934581184,0
29,trip,1840,1858.3098544941652,z22,z10,toy-0003836,,,False,41.777082425517904,0.0,40.12919552104305,0.35,5.142956348249516,0
13,trip,1840,1848.8333333333333,z20,z21,toy-0003833,,,False,42.136183828212054,0.0,41.34118382821205,0.35,2.3,0
3,trip,1840,1856.5,z32,z30,toy-0003838,,,False,43.78630573748774,0.0,42.30130573748774,0.35,4.6,0
17,trip,1840,1848.8333333333333,z32,z31,toy-0003839,,,False,38.145498379450146,0.0,37.350498379450144,0.35,2.3,0
31,trip,1840,1848.8333333333333,z22,z32,toy-0003837,,,False,43.844192641962394,0.0,43.04919264196239,0.35,2.3,0
5,visit,1840,1855.0,z32,z32,,hub_waterfront,local,True,36.52847535741767,11.576524642582326,47.894999999999996,0.7,0,6.945914785549396
33,visit,1840,1855.0,z21,z21,,hub_inner,local,True,42.53302841448377,5.5719715855162235,47.894999999999996,0.7,0,3.343182951309734
20,visit,1840,1855.0,z21,z21,,hub_inner,local,True,44.657113095524956,3.4478869044750406,47.894999999999996,0.7,0,2.0687321426850245
9,visit,1840,1888.6846079563875,z21,z21,,depot_south,central,False,45.45211309552514,0.0,43.50049837945027,6.505382386916237,0,0
70,visit,1840,1855.0,z11,z11,,hub_center,,True,36.6881230304162,11.416876969583797,47.894999999999996,0.7,0,6.850126181750278
6,trip,1850,1858.8333333333333,z31,z32,toy-0003844,,,False,44.143385283925156,0.0,43.348385283925154,0.35,2.3,0
17,trip,1850,1858.8333333333333,z31,z21,toy-0003842,,,False,37.35049837945014,0.0,36.555498379450135,0.35,2.3,0
28,trip,1850,1874.1666666666667,z32,z02,toy-0003848,,,False,47.89500000000003,0.0,45.720000000000034,0.35,6.8999999999999995,0
7,trip,1850,1866.5,z10,z12,toy-0003840,,,False,38.891461589263095,0.0,37.406461589263095,0.35,4.6,0
31,trip,1850,1872.8512746230542,z32,z10,toy-0003847,,,False,43.049192641962385,0.0,40.99257792588752,0.35,6.505382386916237,0
16,trip,1850,1858.8333333333333,z21,z22,toy-0003841,,,False,44.9383852839251,0.0,44.1433852839251,0.35,2.3,0
39,trip,1850,1872.8512746230542,z22,z00,toy-0003845,,,False,44.32901477874998,0.0,42.27240006267511,0.35,6.505382386916237,0
25,trip,1850,1868.3098544941652,z31,z12,toy-0003843,,,False,44.37130573748762,0.0,42.723418833012765,0.35,5.142956348249516,0
65,trip,1850,1866.5,z22,z20,toy-0003846,,,False,40.63969693881449,0.0,39.15469693881449,0.35,4.6,0
10,trip,1850,1866.5,z11,z31,toy-0003851,,,False,43.739192641962404,0.0,42.254192641962405,0.35,4.6,0
40,trip,1850,1862.0089706448605,z31,z20,toy-0003854,,,False,47.89500000000011,0.0,46.81419264196268,0.35,3.2526911934581184,0
2,trip,1850,1866.5,z20,z22,toy-0003850,,,False,37.442113095525215,0.0,35.957113095525216,0.35,4.6,0
76,trip,1850,1862.0089706448605,z22,z31,toy-0003856,,,False,42.49549837945029,0.0,41.41469102141286,0.35,3.2526911934581184,0
47,trip,1850,1868.3098544941652,z32,z20,toy-0003857,,,False,47.89500000000006,0.0,46.24711309552521,0.35,5.142956348249516,0
63,trip,1850,1862.0089706448605,z31,z22,toy-0003855,,,False,41.27838528392517,0.0,40.197577925887735,0.35,3.2526911934581184,0
42,trip,1850,1862.0089706448605,z21,z32,toy-0003853,,,False,43.37757792588751,0.0,42.296770567850075,0.35,3.2526911934581184,0
21,trip,1850,1866.5,z20,z00,toy-0003849,,,False,45.51000000000003,0.0,44.025000000000034,0.35,4.6,0
23,trip,1850,1862.0089706448605,z11,z22,toy-0003852,,,False,40.280531928537805,0.0,39.19972457050037,0.35,3.2526911934581184,0
4,visit,1850,1865.0,z00,z00,,depot_west,local,True,36.43972457050066,11.665275429499339,47.894999999999996,0.7,0,6.9991652576996035
0,visit,1850,1865.0,z32,z32,,hub_waterfront,local,True,45.7333852839251,2.3716147160748946,47.894999999999996,0.7,0,1.4229688296449368
38,visit,1850,1865.0,z30,z30,,depot_south,,True,38.523141071961824,9.581858928038173,47.894999999999996,0.7,0,5.749115356822903
50,trip,1860,1872.0089706448605,z11,z20,toy-0003864,,,False,46.40999999999992,0.0,45.329192641962486,0.35,3.2526911934581184,0
17,trip,1860,1868.8333333333333,z21,z11,toy-0003865,,,False,36.55549837945013,0.0,35.76049837945013,0.35,2.3,0
16,trip,1860,1872.0089706448605,z22,z11,toy-0003871,,,False,44.14338528392509,0.0,43.06257792588766,0.35,3.2526911934581184,0
19,trip,1860,1868.8333333333333,z22,z21,toy-0003872,,,False,42.07338528392507,0.0,41.27838528392507,0.35,2.3,0
5,trip,1860,1872.0089706448605,z32,z21,toy-0003873,,,False,47.89499999999991,0.0,46.81419264196248,0.35,3.2526911934581184,0
15,trip,1860,1876.5,z12,z32,toy-0003870,,,False,41.505126999244226,0.0,40.020126999244226,0.35,4.6,0
3,trip,1860,1868.8333333333333,z30,z31,toy-0003861,,,False,42.30130573748774,0.0,41.506305737487736,0.35,2.3,0
27,trip,1860,1878.3098544941652,z10,z31,toy-0003859,,,False,42.60049837945035,0.0,40.9526114749755,0.35,5.142956348249516,0
24,trip,1860,1878.3098544941652,z20,z32,toy-0003860,,,False,28.08603030798812,0.0,26.438143403513266,0.35,5.142956348249516,0
53,trip,1860,1878.3098544941652,z01,z22,toy-0003862,,,False,18.545781399468208,0.0,16.897894494993352,0.35,5.142956348249516,0
44,trip,1860,1868.8333333333333,z12,z11,toy-0003868,,,False,40.425498379450104,0.0,39.6304983794501,0.35,2.3,0
54,trip,1860,1885.4107953946243,z01,z32,toy-0003863,,,False,44.50716961993001,0.0,42.220198034413826,0.35,7.273238618387272,0
20,trip,1860,1868.8333333333333,z21,z31,toy-0003866,,,False,47.89500000000015,0.0,47.10000000000015,0.35,2.3,0
6,trip,1860,1868.8333333333333,z32,z22,toy-0003875,,,False,43.34838528392515,0.0,42.553385283925145,0.35,2.3,0
22,trip,1860,1868.8333333333333,z32,z31,toy-0003874,,,False,39.87180411693793,0.0,39.07680411693793,0.35,2.3,0
12,trip,1860,1884.1666666666667,z31,z01,toy-0003867,,,False,41.98630573748746,0.0,39.811305737487466,0.35,6.8999999999999995,0
46,trip,1860,1888.8092264452239,z00,z32,toy-0003858,,,False,43.732221056446186,0.0,41.13939067637603,0.35,8.292767933567175,0
45,trip,1860,1872.0089706448605,z12,z21,toy-0003869,,,False,44.35338528392499,0.0,43.27257792588756,0.35,3.2526911934581184,0
60,trip,1860,1878.3098544941652,z11,z32,toy-0003881,,,False,47.89499999999989,0.0,46.24711309552504,0.35,5.142956348249516,0
36,trip,1860,1872.0089706448605,z20,z11,toy-0003878,,,False,41.96141369840876,0.0,40.88060634037133,0.35,3.2526911934581184,0
14,trip,1860,1868.8333333333333,z31,z21,toy-0003884,,,False,43.6813057374875,0.0,42.8863057374875,0.35,2.3,0
26,trip,1860,1868.8333333333333,z22,z12,toy-0003890,,,False,44.65711309552517,0.0,43.86211309552517,0.35,2.3,0
29,trip,1860,1872.0089706448605,z10,z21,toy-0003876,,,False,40.12919552104304,0.0,39.048388163005605,0.35,3.2526911934581184,0
33,trip,1860,1868.8333333333333,z21,z20,toy-0003882,,,False,47.89499999999993,0.0,47.09999999999993,0.35,2.3,0
11,trip,1860,1885.4107953946243,z02,z31,toy-0003887,,,False,41.432169619929795,0.0,39.14519803441361,0.35,7.273238618387272,0
64,trip,1860,1868.8333333333333,z31,z32,toy-0003885,,,False,45.45211309552513,0.0,44.657113095525126,0.35,2.3,0
84,trip,1860,1868.8333333333333,z22,z32,toy-0003891,,,False,19.522749968797207,0.0,18.727749968797205,0.35,2.3,0
71,trip,1860,1876.5,z31,z11,toy-0003883,,,False,40.802751819208645,0.0,39.317751819208645,0.35,4.6,0
41,trip,1860,1868.8333333333333,z20,z30,toy-0003877,,,False,37.49142858770408,0.0,36.69642858770408,0.35,2.3,0
48,trip,1860,1872.0089706448605,z20,z31,toy-0003879,,,False,39.9768041169378,0.0,38.89599675890037,0.35,3.2526911934581184,0
49,trip,1860,1878.5089706448605,z32,z31,toy-0003889,,,False,47.89500000000003,0.0,46.2291926419626,2.3,3.2526911934581184,0
55,trip,1860,1876.5,z01,z21,toy-0003880,,,False,43.8441926419627,0.0,42.3591926419627,0.35,4.6,0
89,trip,1860,1878.3098544941652,z12,z31,toy-0003888,,,False,46.24711309552513,0.0,44.59922619105028,0.35,5.142956348249516,0
37,trip,1860,1878.3098544941652,z02,z10,toy-0003886,,,False,45.733385283925124,0.0,44.08549837945027,0.35,5.142956348249516,0
18,visit,1860,1875.0,z21,z21,,hub_inner,local,True,35.76310985442549,12.341890145574512,47.894999999999996,0.7,0,7.405134087344707
13,visit,1860,1875.0,z21,z21,,hub_inner,local,True,41.341183828212046,6.763816171787951,47.894999999999996,0.7,0,4.058289703072771
51,visit,1860,1875.0,z21,z21,,hub_inner,,True,36.80357351901238,11.301426480987613,47.894999999999996,0.7,0,6.780855888592568
33,trip,1870,1878.8333333333333,z20,z10,toy-0003898,,,False,47.09999999999992,0.0,46.30499999999992,0.35,2.3,0
0,trip,1870,1878.8333333333333,z32,z31,toy-0003912,,,False,47.89500000000012,0.0,47.100000000000115,0.35,2.3,0
4,trip,1870,1895.4107953946243,z00,z31,toy-0003893,,,False,47.89499999999997,0.0,45.60802841448378,0.35,7.273238618387272,0
34,trip,1870,1878.8333333333333,z10,z11,toy-0003895,,,False,18.70488042227582,0.0,17.90988042227582,0.35,2.3,0
52,trip,1870,1886.5,z10,z30,toy-0003894,,,False,32.114771295579004,0.0,30.629771295579005,0.35,4.6,0
56,trip,1870,1888.3098544941652,z10,z22,toy-0003896,,,False,41.97100876911553,0.0,40.323121864640676,0.35,5.142956348249516,0
42,trip,1870,1888.3098544941652,z32,z11,toy-0003911,,,False,42.29677056785007,0.0,40.648883663375216,0.35,5.142956348249516,0
17,trip,1870,1886.5,z11,z31,toy-0003905,,,False,35.76049837945012,0.0,34.27549837945012,0.35,4.6,0
21,trip,1870,1899.3512746230542,z00,z32,toy-0003897,,,False,44.025000000000034,0.0,41.383385283925165,2.3,6.505382386916237,0
44,trip,1870,1878.8333333333333,z11,z21,toy-0003904,,,False,39.630498379450096,0.0,38.835498379450094,0.35,2.3,0
14,trip,1870,1878.8333333333333,z21,z31,toy-0003906,,,False,42.88630573748749,0.0,42.09130573748749,0.35,2.3,0
57,trip,1870,1894.1666666666667,z01,z31,toy-0003903,,,False,45.60802841448381,0.0,43.433028414483815,0.35,6.8999999999999995,0
30,trip,1870,1882.0089706448605,z30,z21,toy-0003901,,,False,41.80549837945015,0.0,40.72469102141272,0.35,3.2526911934581184,0
19,trip,1870,1882.0089706448605,z21,z32,toy-0003907,,,False,41.27838528392506,0.0,40.19757792588763,0.35,3.2526911934581184,0
69,trip,1870,1888.3098544941652,z00,z21,toy-0003892,,,False,41.04630457171186,0.0,39.398417667237005,0.35,5.142956348249516,0
8,trip,1870,1886.5,z02,z22,toy-0003909,,,False,41.50177056785017,0.0,40.01677056785017,0.35,4.6,0
43,trip,1870,1894.1666666666667,z02,z32,toy-0003910,,,False,38.32891721246293,0.0,36.153917212462936,0.35,6.8999999999999995,0
40,trip,1870,1888.3098544941652,z20,z01,toy-0003899,,,False,46.81419264196267,0.0,45.16630573748782,0.35,5.142956348249516,0
47,trip,1870,1888.3098544941652,z20,z12,toy-0003900,,,False,46.247113095525194,0.0,44.59922619105034,0.35,5.142956348249516,0
62,trip,1870,1888.3098544941652,z02,z21,toy-0003908,,,False,41.978499107179005,0.0,40.33061220270415,0.35,5.142956348249516,0
32,trip,1870,1886.5,z30,z32,toy-0003902,,,False,47.89499999999996,0.0,46.40999999999996,0.35,4.6,0
65,trip,1870,1878.8333333333333,z20,z21,toy-0003914,,,False,39.15469693881449,0.0,38.35969693881449,0.35,2.3,0
38,trip,1870,1892.8512746230542,z30,z12,toy-0003917,,,False,47.89499999999983,0.0,45.838385283924964,0.35,6.505382386916237,0
58,trip,1870,1886.5,z32,z12,toy-0003928,,,False,41.64261147497553,0.0,40.15761147497553,0.35,4.6,0
59,trip,1870,1878.8333333333333,z30,z31,toy-0003916,,,False,41.047368428787934,0.0,40.25236842878793,0.35,2.3,0
1,trip,1870,1882.0089706448605,z31,z22,toy-0003922,,,False,43.01519803441383,0.0,41.934390676376395,0.35,3.2526911934581184,0
7,trip,1870,1878.8333333333333,z12,z22,toy-0003924,,,False,37.406461589263095,0.0,36.611461589263094,0.35,2.3,0
87,trip,1870,1878.8333333333333,z21,z22,toy-0003921,,,False,45.07522178417517,0.0,44.28022178417517,0.35,2.3,0
2,trip,1870,1882.0089706448605,z22,z31,toy-0003925,,,False,35.957113095525216,0.0,34.87630573748778,0.35,3.2526911934581184,0
67,trip,1870,1894.8098544941652,z11,z31,toy-0003913,,,False,47.09999999999989,0.0,44.867113095525035,2.3,5.142956348249516,0
64,trip,1870,1878.8333333333333,z32,z31,toy-0003927,,,False,44.65711309552512,0.0,43.86211309552512,0.35,2.3,0
79,trip,1870,1882.0089706448605,z32,z21,toy-0003926,,,False,47.1698697764874,0.0,46.08906241844997,0.35,3.2526911934581184,0
75,trip,1870,1882.0089706448605,z20,z31,toy-0003915,,,False,37.523057252133434,0.0,36.442249894096,0.35,3.2526911934581184,0
3,trip,1870,1878.8333333333333,z31,z32,toy-0003923,,,False,41.50630573748773,0.0,40.71130573748773,0.35,2.3,0
6,trip,1870,1885.3333333333333,z22,z31,toy-0003919,,,False,42.55338528392514,0.0,41.173385283925136,2.3,2.3,0
10,trip,1870,1888.5089706448605,z31,z12,toy-0003920,,,False,42.254192641962405,0.0,40.58838528392497,2.3,3.2526911934581184,0
20,trip,1870,1888.5089706448605,z31,z10,toy-0003918,,,False,47.10000000000014,0.0,45.43419264196271,2.3,3.2526911934581184,0
84,visit,1870,1885.0,z32,z32,,hub_waterfront,local,True,18.72774996879719,12.777777777777779,31.29552774657497,0.7,0,7.666666666666668
41,visit,1870,1899.3333333333333,z30,z30,,depot_south,central,False,36.69642858770407,0.0,36.48642858770407,0.7,0,0
35,visit,1870,1912.3333333333333,z31,z31,,depot_south,central,False,39.17919264196261,0.0,37.799192641962605,4.6,0,0
23,trip,1880,1898.3098544941652,z22,z30,toy-0003943,,,False,39.199724570500365,0.0,37.55183766602551,0.35,5.142956348249516,0
61,trip,1880,1905.4107953946243,z01,z32,toy-0003934,,,False,29.016912077859157,0.0,26.729940492342976,0.35,7.273238618387272,0
39,trip,1880,1902.8512746230542,z00,z22,toy-0003929,,,False,42.2724000626751,0.0,40.215785346600235,0.35,6.505382386916237,0
16,trip,1880,1892.0089706448605,z11,z22,toy-0003936,,,False,43.06257792588765,0.0,41.98177056785022,0.35,3.2526911934581184,0
50,trip,1880,1898.3098544941652,z20,z32,toy-0003931,,,False,45.32919264196248,0.0,43.68130573748763,0.35,5.142956348249516,0
25,trip,1880,1898.3098544941652,z12,z31,toy-0003941,,,False,42.72341883301275,0.0,41.0755319285379,0.35,5.142956348249516,0
68,trip,1880,1904.1666666666667,z01,z31,toy-0003933,,,False,28.045064114923143,0.0,25.870064114923142,0.35,6.8999999999999995,0
28,trip,1880,1905.4107953946243,z02,z31,toy-0003940,,,False,45.72000000000003,0.0,43.43302841448384,0.35,7.273238618387272,0
78,trip,1880,1888.8333333333333,z01,z11,toy-0003932,,,False,20.288199927918065,0.0,19.493199927918063,0.35,2.3,0
26,trip,1880,1896.5,z12,z32,toy-0003942,,,False,43.86211309552516,0.0,42.37711309552516,0.35,4.6,0
53,trip,1880,1888.8333333333333,z22,z21,toy-0003944,,,False,16.89789449499334,0.0,16.102894494993343,0.35,2.3,0
34,trip,1880,1896.5,z11,z31,toy-0003935,,,False,17.909880422275805,0.0,16.424880422275805,0.35,4.6,0
0,trip,1880,1898.3098544941652,z31,z10,toy-0003937,,,False,47.10000000000011,0.0,45.452113095525256,0.35,5.142956348249516,0
14,trip,1880,1888.8333333333333,z31,z21,toy-0003938,,,False,42.09130573748748,0.0,41.29630573748748,0.35,2.3,0
81,trip,1880,1896.5,z20,z22,toy-0003930,,,False,34.58877453667849,0.0,33.10377453667849,0.35,4.6,0
22,trip,1880,1905.4107953946243,z31,z02,toy-0003939,,,False,39.07680411693792,0.0,36.78983253142174,0.35,7.273238618387272,0
3,trip,1880,1888.8333333333333,z32,z22,toy-0003946,,,False,40.71130573748772,0.0,39.91630573748772,0.35,2.3,0
63,trip,1880,1888.8333333333333,z22,z32,toy-0003945,,,False,40.19757792588773,0.0,39.40257792588773,0.35,2.3,0
27,trip,1880,1892.0089706448605,z31,z20,toy-0003955,,,False,40.952611474975484,0.0,39.87180411693805,0.35,3.2526911934581184,0
36,trip,1880,1898.5089706448605,z11,z21,toy-0003958,,,False,40.88060634037132,0.0,39.21479898233389,2.3,3.2526911934581184,0
15,trip,1880,1898.3098544941652,z32,z20,toy-0003960,,,False,40.020126999244226,0.0,38.372240094769374,0.35,5.142956348249516,0
70,trip,1880,1888.8333333333333,z11,z12,toy-0003950,,,False,47.895,0.0,47.1,0.35,2.3,0
24,trip,1880,1888.8333333333333,z32,z31,toy-0003962,,,False,26.438143403513255,0.0,25.643143403513257,0.35,2.3,0
31,trip,1880,1915.3092264452239,z10,z32,toy-0003947,,,False,40.99257792588751,0.0,37.814747545817355,2.3,8.292767933567175,0
5,trip,1880,1892.0089706448605,z21,z32,toy-0003954,,,False,46.81419264196247,0.0,45.73338528392504,0.35,3.2526911934581184,0
60,trip,1880,1905.4107953946243,z32,z01,toy-0003961,,,False,46.24711309552502,0.0,43.96014151000884,0.35,7.273238618387272,0
13,trip,1880,1888.8333333333333,z21,z31,toy-0003953,,,False,47.894999999999804,0.0,47.0999999999998,0.35,2.3,0
87,trip,1880,1892.0089706448605,z22,z31,toy-0003959,,,False,44.28022178417516,0.0,43.19941442613773,0.35,3.2526911934581184,0
80,trip,1880,1895.3333333333333,z01,z12,toy-0003957,,,False,19.363002455914614,0.0,17.983002455914615,2.3,2.3,0
48,trip,1880,1888.8333333333333,z31,z32,toy-0003956,,,False,38.89599675890036,0.0,38.10099675890036,0.35,2.3,0
18,trip,1880,1896.5,z21,z01,toy-0003952,,,False,47.89500000000011,0.0,46.41000000000011,0.35,4.6,0
71,trip,1880,1898.3098544941652,z11,z32,toy-0003951,,,False,39.317751819208645,0.0,37.66986491473379,0.35,5.142956348249516,0
49,trip,1880,1903.0,z31,z10,toy-0003949,,,False,46.22919264196259,0.0,44.15919264196259,2.3,4.6,0
33,trip,1880,1898.3098544941652,z10,z31,toy-0003948,,,False,46.304999999999914,0.0,44.65711309552506,0.35,5.142956348249516,0
7,visit,1880,1941.2863756549968,z22,z22,,depot_south,central,False,36.61146158926309,0.0,33.525687780313376,10.285912696499032,0,0
65,visit,1880,1895.0,z21,z21,,hub_inner,,True,38.35969693881448,9.745303061185517,47.894999999999996,0.7,0,5.84718183671131
44,visit,1880,1895.0,z21,z21,,hub_inner,,True,38.83549837945009,9.26950162054991,47.894999999999996,0.7,0,5.561700972329946
12,trip,1890,1921.9107953946243,z01,z31,toy-0003963,,,False,39.81130573748746,0.0,36.93933415197128,2.3,7.273238618387272,0
20,trip,1890,1912.8512746230542,z10,z32,toy-0003965,,,False,45.4341926419627,0.0,43.377577925887834,0.35,6.505382386916237,0
52,trip,1890,1898.8333333333333,z30,z31,toy-0003968,,,False,30.629771295579005,0.0,29.834771295579003,0.35,2.3,0
6,trip,1890,1914.8098544941652,z31,z11,toy-0003967,,,False,41.17338528392513,0.0,38.940498379450275,2.3,5.142956348249516,0
11,trip,1890,1908.3098544941652,z31,z12,toy-0003973,,,False,39.14519803441361,0.0,37.49731112993876,0.35,5.142956348249516,0
82,trip,1890,1902.0089706448605,z20,z31,toy-0003966,,,False,47.09999999999993,0.0,46.0191926419625,0.35,3.2526911934581184,0
13,trip,1890,1914.8098544941652,z31,z22,toy-0003969,,,False,47.099999999999795,0.0,44.86711309552494,2.3,5.142956348249516,0
1,trip,1890,1906.5,z22,z20,toy-0003977,,,False,41.93439067637639,0.0,40.44939067637639,0.35,4.6,0
9,trip,1890,1902.0089706448605,z21,z30,toy-0003972,,,False,43.50049837945027,0.0,42.41969102141284,0.35,3.2526911934581184,0
24,trip,1890,1902.0089706448605,z31,z22,toy-0003974,,,False,25.64314340351324,0.0,24.562336045475803,0.35,3.2526911934581184,0
42,trip,1890,1906.5,z11,z31,toy-0003971,,,False,40.6488836633752,0.0,39.1638836633752,0.35,4.6,0
19,trip,1890,1902.0089706448605,z32,z21,toy-0003978,,,False,40.19757792588762,0.0,39.11677056785019,0.35,3.2526911934581184,0
37,trip,1890,1902.0089706448605,z10,z21,toy-0003964,,,False,44.08549837945026,0.0,43.004691021412825,0.35,3.2526911934581184,0
72,trip,1890,1898.8333333333333,z11,z21,toy-0003970,,,False,43.7471933696912,0.0,42.9521933696912,0.35,2.3,0
10,trip,1890,1908.3098544941652,z12,z20,toy-0003975,,,False,40.588385283924964,0.0,38.94049837945011,0.35,5.142956348249516,0
47,trip,1890,1908.3098544941652,z12,z31,toy-0003976,,,False,44.59922619105033,0.0,42.951339286575475,0.35,5.142956348249516,0
14,trip,1890,1914.8098544941652,z21,z32,toy-0003981,,,False,41.29630573748747,0.0,39.06341883301262,2.3,5.142956348249516,0
40,trip,1890,1908.3098544941652,z01,z22,toy-0003986,,,False,45.166305737487804,0.0,43.51841883301295,0.35,5.142956348249516,0
77,trip,1890,1920.6666666666667,z11,z31,toy-0003985,,,False,47.894999999999875,0.0,45.13499999999988,2.3,6.8999999999999995,0
3,trip,1890,1902.0089706448605,z22,z31,toy-0003994,,,False,39.91630573748771,0.0,38.83549837945028,0.35,3.2526911934581184,0
8,trip,1890,1898.8333333333333,z22,z32,toy-0003995,,,False,40.01677056785017,0.0,39.22177056785017,0.35,2.3,0
59,trip,1890,1913.0,z31,z32,toy-0003982,,,False,40.252368428787925,0.0,38.182368428787925,2.3,4.6,0
64,trip,1890,1898.8333333333333,z31,z21,toy-0003991,,,False,43.86211309552511,0.0,43.06711309552511,0.35,2.3,0
29,trip,1890,1908.5089706448605,z21,z20,toy-0003979,,,False,39.0483881630056,0.0,37.382580804968164,3.2526911934581184,2.3,0
32,trip,1890,1898.8333333333333,z32,z31,toy-0003996,,,False,46.40999999999996,0.0,45.61499999999996,0.35,2.3,0
58,trip,1890,1902.0089706448605,z12,z01,toy-0003992,,,False,40.15761147497553,0.0,39.0768041169381,0.35,3.2526911934581184,0
70,trip,1890,1916.175637311527,z12,z21,toy-0003984,,,False,47.099999999999994,0.0,44.744192641962556,3.2526911934581184,4.6,0
45,trip,1890,1898.8333333333333,z21,z11,toy-0003987,,,False,43.27257792588755,0.0,42.47757792588755,0.35,2.3,0
51,trip,1890,1905.3333333333333,z21,z21,toy-0003980,,,False,47.895000000000145,0.0,46.51500000000014,2.3,2.3,0
53,trip,1890,1898.8333333333333,z21,z31,toy-0003988,,,False,16.102894494993325,0.0,15.307894494993326,0.35,2.3,0
73,trip,1890,1906.5,z31,z11,toy-0003990,,,False,46.97761030919974,0.0,45.49261030919974,0.35,4.6,0
56,trip,1890,1902.0089706448605,z22,z11,toy-0003993,,,False,40.32312186464066,0.0,39.24231450660323,0.35,3.2526911934581184,0
55,trip,1890,1898.8333333333333,z21,z22,toy-0003989,,,False,42.3591926419627,0.0,41.5641926419627,0.35,2.3,0
62,trip,1890,1929.5774620612908,z21,z30,toy-0003983,,,False,40.33061220270414,0.0,36.768640617187955,4.6,7.273238618387272,0
78,visit,1890,1905.0,z11,z11,,hub_center,local,True,19.49319992791805,12.777777777777779,32.06097770569583,0.7,0,7.666666666666668
17,visit,1890,1932.3333333333333,z31,z31,,depot_south,central,False,34.27549837945012,0.0,32.89549837945012,4.6,0,0
2,visit,1890,1932.3333333333333,z31,z31,,depot_south,central,False,34.876305737487776,0.0,33.49630573748777,4.6,0,0
30,visit,1890,1905.0,z21,z21,,hub_inner,local,True,40.72469102141271,7.380308978587285,47.894999999999996,0.7,0,4.4281853871523715
54,visit,1890,1905.0,z32,z32,,hub_waterfront,local,True,42.220198034413826,5.88480196558617,47.894999999999996,0.7,0,3.530881179351702
84,visit,1890,1905.0,z32,z32,,hub_waterfront,,True,31.29552774657508,16.809472253424918,47.894999999999996,0.7,0,10.085683352054952
75,visit,1890,1905.0,z31,z31,,hub_core,,True,36.442249894095994,11.662750105904003,47.894999999999996,0.7,0,6.997650063542402
48,visit,1890,1905.0,z32,z32,,hub_waterfront,,True,38.10099675890035,10.004003241099646,47.894999999999996,0.7,0,6.002401944659788
15,trip,1900,1912.0089706448605,z20,z31,toy-0004000,,,False,38.37224009476936,0.0,37.29143273673193,0.35,3.2526911934581184,0
0,trip,1900,1918.3098544941652,z10,z31,toy-0003998,,,False,45.45211309552524,0.0,43.80422619105039,0.35,5.142956348249516,0
4,trip,1900,1925.4107953946243,z31,z00,toy-0004009,,,False,45.60802841448378,0.0,43.3210568289676,0.35,7.273238618387272,0
45,trip,1900,1912.0089706448605,z11,z20,toy-0004004,,,False,42.477577925887545,0.0,41.39677056785011,0.35,3.2526911934581184,0
36,trip,1900,1908.8333333333333,z21,z20,toy-0004007,,,False,39.21479898233388,0.0,38.41979898233388,0.35,2.3,0
18,trip,1900,1915.3333333333333,z01,z10,toy-0004003,,,False,46.41000000000011,0.0,45.03000000000011,2.3,2.3,0
38,trip,1900,1927.9854918056922,z12,z20,toy-0004002,,,False,45.83838528392496,0.0,43.319691021412666,3.2526911934581184,5.142956348249516,0
25,trip,1900,1908.8333333333333,z31,z32,toy-0004010,,,False,41.075531928537885,0.0,40.28053192853788,0.35,2.3,0
5,trip,1900,1908.8333333333333,z32,z31,toy-0004018,,,False,45.73338528392503,0.0,44.93838528392503,0.35,2.3,0
80,trip,1900,1930.6666666666667,z12,z32,toy-0004012,,,False,17.983002455914598,0.0,15.223002455914598,2.3,6.8999999999999995,0
8,trip,1900,1928.8092264452239,z32,z00,toy-0004016,,,False,39.221770567850164,0.0,36.62894018778001,0.35,8.292767933567175,0
41,trip,1900,1912.0089706448605,z30,z21,toy-0004001,,,False,36.48642858770406,0.0,35.40562122966663,0.35,3.2526911934581184,0
44,trip,1900,1923.0,z21,z31,toy-0004005,,,False,47.89499999999982,0.0,45.82499999999982,2.3,4.6,0
55,trip,1900,1923.0,z22,z32,toy-0004013,,,False,41.56419264196269,0.0,39.49419264196269,2.3,4.6,0
21,trip,1900,1918.3098544941652,z32,z11,toy-0004017,,,False,41.38338528392516,0.0,39.735498379450306,0.35,5.142956348249516,0
64,trip,1900,1924.8098544941652,z21,z32,toy-0004006,,,False,43.0671130955251,0.0,40.83422619105025,2.3,5.142956348249516,0
66,trip,1900,1908.8333333333333,z22,z21,toy-0004015,,,False,22.355642341594653,0.0,21.56064234159465,0.35,2.3,0
65,trip,1900,1912.0089706448605,z21,z32,toy-0004008,,,False,47.895000000000046,0.0,46.81419264196261,0.35,3.2526911934581184,0
81,trip,1900,1918.3098544941652,z22,z01,toy-0004014,,,False,33.10377453667849,0.0,31.455887632203638,0.35,5.142956348249516,0
26,trip,1900,1908.8333333333333,z32,z22,toy-0004019,,,False,42.37711309552516,0.0,41.58211309552516,0.35,2.3,0
27,trip,1900,1924.8098544941652,z20,z22,toy-0003999,,,False,39.871804116938044,0.0,37.63891721246319,2.3,5.142956348249516,0
69,trip,1900,1927.9854918056922,z21,z11,toy-0003997,,,False,39.39841766723699,0.0,36.8797234047247,5.142956348249516,3.2526911934581184,0
72,trip,1900,1941.387316555456,z21,z31,toy-0004011,,,False,42.952193369691194,0.0,39.22733487970016,5.142956348249516,7.273238618387272,0
79,trip,1900,1918.5089706448605,z21,z22,toy-0004027,,,False,46.08906241844996,0.0,44.42325506041253,2.3,3.2526911934581184,0
43,trip,1900,1918.5089706448605,z32,z31,toy-0004035,,,False,36.15391721246293,0.0,34.488109854425495,2.3,3.2526911934581184,0
32,trip,1900,1912.0089706448605,z31,z22,toy-0004030,,,False,45.61499999999995,0.0,44.53419264196252,0.35,3.2526911934581184,0
33,trip,1900,1941.387316555456,z31,z21,toy-0004020,,,False,44.65711309552505,0.0,40.93225460553401,7.273238618387272,5.142956348249516,0
34,trip,1900,1915.3333333333333,z31,z31,toy-0004029,,,False,16.424880422275802,0.0,15.044880422275803,2.3,2.3,0
46,trip,1900,1923.0,z32,z22,toy-0004034,,,False,41.13939067637604,0.0,39.06939067637604,4.6,2.3,0
52,trip,1900,1947.2441287279576,z31,z32,toy-0004026,,,False,29.83477129557899,0.0,25.582799710062808,6.8999999999999995,7.273238618387272,0
50,trip,1900,1940.1431878274984,z32,z21,toy-0004031,,,False,43.68130573748761,0.0,40.06841883301276,6.8999999999999995,5.142956348249516,0
53,trip,1900,1948.4882574559151,z31,z31,toy-0004021,,,False,15.307894494993311,0.0,10.943951323960949,7.273238618387272,7.273238618387272,0
63,trip,1900,1912.0089706448605,z32,z21,toy-0004036,,,False,39.40257792588772,0.0,38.32177056785029,0.35,3.2526911934581184,0
57,trip,1900,1915.3333333333333,z31,z20,toy-0004023,,,False,43.43302841448381,0.0,42.053028414483805,2.3,2.3,0
67,trip,1900,1921.6846079563875,z31,z11,toy-0004022,,,False,44.86711309552503,0.0,42.915498379450156,3.2526911934581184,3.2526911934581184,0
71,trip,1900,1923.0,z32,z11,toy-0004032,,,False,37.66986491473378,0.0,35.59986491473378,4.6,2.3,0
74,trip,1900,1933.8423039781937,z31,z12,toy-0004025,,,False,47.894999999999875,0.0,44.84919264196244,6.8999999999999995,3.2526911934581184,0
88,trip,1900,1932.4765211608317,z32,z31,toy-0004033,,,False,46.602390583805985,0.0,43.67950367933113,4.6,5.142956348249516,0
76,trip,1900,1931.9107953946243,z31,z01,toy-0004024,,,False,41.41469102141285,0.0,38.54271943589667,2.3,7.273238618387272,0
83,trip,1900,1924.8098544941652,z31,z00,toy-0004028,,,False,47.8949999999999,0.0,45.662113095525044,2.3,5.142956348249516,0
23,visit,1900,1915.0,z30,z30,,depot_south,local,True,37.5518376660255,10.553162333974496,47.894999999999996,0.7,0,6.331897400384698
16,visit,1900,1920.3333333333333,z22,z22,,hub_inner,local,False,41.98177056785021,0.0,40.60177056785021,4.6,0,0
60,trip,1910,1939.3512746230542,z01,z20,toy-0004049,,,False,43.96014151000884,0.0,41.31852679393397,2.3,6.505382386916237,0
56,trip,1910,1940.6666666666667,z11,z31,toy-0004043,,,False,39.24231450660322,0.0,36.482314506603224,2.3,6.8999999999999995,0
10,trip,1910,1922.0089706448605,z20,z31,toy-0004040,,,False,38.9404983794501,0.0,37.859691021412665,0.35,3.2526911934581184,0
73,trip,1910,1931.6846079563875,z11,z11,toy-0004050,,,False,45.49261030919974,0.0,43.54099559312487,3.2526911934581184,3.2526911934581184,0
78,trip,1910,1936.175637311527,z11,z22,toy-0004051,,,False,32.06097770569594,0.0,29.705170347658505,3.2526911934581184,4.6,0
3,trip,1910,1918.8333333333333,z31,z32,toy-0004048,,,False,38.83549837945027,0.0,38.04049837945027,0.35,2.3,0
26,trip,1910,1918.8333333333333,z22,z32,toy-0004054,,,False,41.58211309552515,0.0,40.78711309552515,0.35,2.3,0
5,trip,1910,1918.8333333333333,z31,z21,toy-0004047,,,False,44.93838528392502,0.0,44.14338528392502,0.35,2.3,0
49,trip,1910,1933.0,z10,z20,toy-0004037,,,False,44.15919264196259,0.0,42.08919264196259,2.3,4.6,0
29,trip,1910,1939.3512746230542,z20,z32,toy-0004039,,,False,37.38258080496816,0.0,34.74096608889329,2.3,6.505382386916237,0
25,trip,1910,1932.8512746230542,z32,z10,toy-0004055,,,False,40.280531928537876,0.0,38.22391721246301,0.35,6.505382386916237,0
39,trip,1910,1928.3098544941652,z22,z10,toy-0004053,,,False,40.21578534660023,0.0,38.567898442125376,0.35,5.142956348249516,0
19,trip,1910,1954.7857476060556,z21,z32,toy-0004038,,,False,39.11677056785018,0.0,35.086053283305176,5.142956348249516,8.292767933567175,0
30,trip,1910,1925.3333333333333,z21,z21,toy-0004044,,,False,47.89499999999991,0.0,46.51499999999991,2.3,2.3,0
9,trip,1910,1918.8333333333333,z30,z31,toy-0004042,,,False,42.41969102141283,0.0,41.62469102141283,0.35,2.3,0
48,trip,1910,1918.8333333333333,z32,z31,toy-0004056,,,False,47.895000000000046,0.0,47.100000000000044,0.35,2.3,0
40,trip,1910,1928.5089706448605,z22,z21,toy-0004052,,,False,43.51841883301294,0.0,41.852611474975504,2.3,3.2526911934581184,0
37,trip,1910,1933.0,z21,z31,toy-0004045,,,False,43.00469102141282,0.0,40.93469102141282,2.3,4.6,0
28,trip,1910,1918.8333333333333,z31,z30,toy-0004046,,,False,43.43302841448384,0.0,42.63802841448384,0.35,2.3,0
51,trip,1910,1933.0,z21,z22,toy-0004041,,,False,46.515000000000136,0.0,44.445000000000135,2.3,4.6,0
66,trip,1910,1937.9854918056922,z21,z31,toy-0004067,,,False,21.560642341594637,0.0,19.041948079082346,3.2526911934581184,5.142956348249516,0
42,trip,1910,1933.0,z31,z01,toy-0004061,,,False,39.1638836633752,0.0,37.0938836633752,4.6,2.3,0
47,trip,1910,1928.5089706448605,z31,z21,toy-0004059,,,False,42.95133928657546,0.0,41.28553192853803,3.2526911934581184,2.3,0
68,trip,1910,1937.9854918056922,z31,z32,toy-0004060,,,False,25.870064114923135,0.0,23.351369852410844,3.2526911934581184,5.142956348249516,0
54,trip,1910,1942.4765211608317,z32,z00,toy-0004066,,,False,47.89500000000016,0.0,44.9721130955253,4.6,5.142956348249516,0
75,trip,1910,1925.3333333333333,z31,z22,toy-0004063,,,False,47.89499999999986,0.0,46.51499999999986,2.3,2.3,0
85,trip,1910,1934.8098544941652,z31,z11,toy-0004057,,,False,40.52739614576697,0.0,38.29450924129212,5.142956348249516,2.3,0
86,trip,1910,1928.5089706448605,z31,z32,toy-0004064,,,False,47.894999999999904,0.0,46.22919264196247,2.3,3.2526911934581184,0
61,trip,1910,1928.5089706448605,z32,z31,toy-0004068,,,False,26.72994049234297,0.0,25.064133134305532,2.3,3.2526911934581184,0
87,trip,1910,1925.3333333333333,z31,z31,toy-0004062,,,False,43.19941442613772,0.0,41.81941442613772,2.3,2.3,0
89,trip,1910,1944.2863756549968,z31,z31,toy-0004058,,,False,44.59922619105026,0.0,41.51345238210055,5.142956348249516,5.142956348249516,0
84,trip,1910,1928.5089706448605,z32,z20,toy-0004065,,,False,47.894999999999996,0.0,46.22919264196256,2.3,3.2526911934581184,0
24,visit,1910,1930.3333333333333,z22,z22,,hub_inner,local,False,24.562336045475792,0.0,23.182336045475793,4.6,0,0
22,visit,1910,1967.6666666666667,z02,z02,,depot_west,central,False,36.78983253142174,0.0,34.02983253142174,9.2,0,0
11,visit,1910,1930.3333333333333,z12,z12,,hub_center,local,False,37.497311129938744,0.0,36.11731112993874,4.6,0,0
36,visit,1910,1930.3333333333333,z20,z20,,depot_south,local,False,38.41979898233387,0.0,37.03979898233387,4.6,0,0
58,visit,1910,1930.3333333333333,z01,z01,,depot_west,local,False,39.07680411693809,0.0,37.69680411693809,4.6,0,0
1,visit,1910,1930.3333333333333,z20,z20,,hub_inner,local,False,40.44939067637639,0.0,39.069390676376386,4.6,0,0
82,visit,1910,1925.0,z31,z31,,hub_core,local,True,46.01919264196249,2.0858073580375063,47.894999999999996,0.7,0,1.2514844148225037
13,trip,1920,1928.8333333333333,z22,z21,toy-0004084,,,False,44.867113095524935,0.0,44.072113095524934,0.35,2.3,0
21,trip,1920,1943.0,z11,z32,toy-0004083,,,False,39.73549837945029,0.0,37.66549837945029,2.3,4.6,0
5,trip,1920,1943.0,z21,z31,toy-0004076,,,False,44.143385283925014,0.0,42.07338528392501,2.3,4.6,0
18,trip,1920,1932.0089706448605,z10,z21,toy-0004071,,,False,45.0300000000001,0.0,43.94919264196267,0.35,3.2526911934581184,0
41,trip,1920,1928.8333333333333,z21,z31,toy-0004078,,,False,35.40562122966662,0.0,34.61062122966662,0.35,2.3,0
81,trip,1920,1951.9107953946243,z01,z31,toy-0004069,,,False,31.45588763220363,0.0,28.58391604668745,2.3,7.273238618387272,0
3,trip,1920,1928.8333333333333,z32,z22,toy-0004088,,,False,38.04049837945026,0.0,37.24549837945026,0.35,2.3,0
45,trip,1920,1932.0089706448605,z20,z31,toy-0004072,,,False,41.396770567850105,0.0,40.31596320981267,0.35,3.2526911934581184,0
14,trip,1920,1938.3098544941652,z32,z20,toy-0004086,,,False,39.06341883301261,0.0,37.41553192853776,0.35,5.142956348249516,0
23,trip,1920,1938.3098544941652,z30,z22,toy-0004073,,,False,47.89499999999983,0.0,46.24711309552498,0.35,5.142956348249516,0
20,trip,1920,1928.8333333333333,z32,z31,toy-0004087,,,False,43.37757792588783,0.0,42.582577925887826,0.35,2.3,0
0,trip,1920,1936.5,z31,z11,toy-0004080,,,False,43.804226191050375,0.0,42.319226191050376,0.35,4.6,0
9,trip,1920,1944.1666666666667,z31,z01,toy-0004079,,,False,41.62469102141282,0.0,39.449691021412825,0.35,6.8999999999999995,0
32,trip,1920,1959.5774620612908,z22,z31,toy-0004082,,,False,44.53419264196251,0.0,40.97222105644633,4.6,7.273238618387272,0
79,trip,1920,1928.8333333333333,z22,z12,toy-0004085,,,False,44.42325506041252,0.0,43.62825506041252,0.35,2.3,0
70,trip,1920,1944.8098544941652,z21,z32,toy-0004077,,,False,44.74419264196257,0.0,42.51130573748772,2.3,5.142956348249516,0
28,trip,1920,1936.5,z30,z32,toy-0004074,,,False,42.638028414483834,0.0,41.153028414483835,0.35,4.6,0
15,trip,1920,1928.8333333333333,z31,z32,toy-0004081,,,False,37.29143273673192,0.0,36.49643273673192,0.35,2.3,0
57,trip,1920,1952.4765211608317,z20,z21,toy-0004075,,,False,42.0530284144838,0.0,39.13014151000894,5.142956348249516,4.6,0
34,trip,1920,1965.928736684345,z31,z22,toy-0004070,,,False,15.044880422275789,0.0,10.911294120684737,7.273238618387272,6.505382386916237,0
26,trip,1920,1936.5,z32,z12,toy-0004111,,,False,40.78711309552514,0.0,39.302113095525144,0.35,4.6,0
31,trip,1920,1966.0,z32,z32,toy-0004103,,,False,37.81474754581736,0.0,33.67474754581736,6.8999999999999995,6.8999999999999995,0
59,trip,1920,1943.0,z32,z20,toy-0004104,,,False,38.182368428787925,0.0,36.112368428787924,2.3,4.6,0
35,trip,1920,1954.2863756549968,z31,z31,toy-0004090,,,False,37.7991926419626,0.0,34.71341883301289,5.142956348249516,5.142956348249516,0
65,trip,1920,1928.8333333333333,z32,z31,toy-0004110,,,False,46.814192641962606,0.0,46.019192641962604,0.35,2.3,0
43,trip,1920,1932.0089706448605,z31,z22,toy-0004102,,,False,34.48810985442549,0.0,33.407302496388056,0.35,3.2526911934581184,0
6,visit,1920,1968.6846079563875,z11,z11,,depot_west,central,False,38.94049837945027,0.0,36.9888836633754,6.505382386916237,0,0
48,visit,1920,1935.0,z31,z31,,hub_core,local,True,47.10000000000004,1.0049999999999601,47.894999999999996,0.7,0,0.602999999999976
13,trip,1930,1938.8333333333333,z21,z22,toy-0004128,,,False,44.07211309552493,0.0,43.277113095524925,0.35,2.3,0
79,trip,1930,1946.5,z12,z10,toy-0004131,,,False,43.62825506041251,0.0,42.143255060412514,0.35,4.6,0
67,trip,1930,1938.8333333333333,z11,z21,toy-0004122,,,False,42.915498379450156,0.0,42.120498379450154,0.35,2.3,0
20,trip,1930,1948.3098544941652,z31,z12,toy-0004129,,,False,42.58257792588782,0.0,40.93469102141297,0.35,5.142956348249516,0
84,trip,1930,1948.3098544941652,z20,z32,toy-0004120,,,False,46.229192641962555,0.0,44.5813057374877,0.35,5.142956348249516,0
30,trip,1930,1948.5089706448605,z21,z31,toy-0004118,,,False,46.5149999999999,0.0,44.84919264196247,2.3,3.2526911934581184,0
69,trip,1930,1942.0089706448605,z11,z22,toy-0004124,,,False,36.8797234047247,0.0,35.79891604668727,0.35,3.2526911934581184,0
39,trip,1930,1948.3098544941652,z10,z22,toy-0004116,,,False,38.56789844212536,0.0,36.92001153765051,0.35,5.142956348249516,0
71,trip,1930,1946.5,z11,z31,toy-0004123,,,False,35.59986491473378,0.0,34.11486491473378,0.35,4.6,0
15,trip,1930,1946.5,z32,z30,toy-0004135,,,False,36.49643273673191,0.0,35.01143273673191,0.35,4.6,0
4,trip,1930,1959.3512746230542,z00,z32,toy-0004117,,,False,43.3210568289676,0.0,40.67944211289273,2.3,6.505382386916237,0
8,trip,1930,1953.0,z00,z12,toy-0004115,,,False,36.62894018778002,0.0,34.55894018778002,2.3,4.6,0
40,trip,1930,1954.8098544941652,z21,z32,toy-0004125,,,False,41.8526114749755,0.0,39.619724570500644,2.3,5.142956348249516,0
16,trip,1930,1968.827795783886,z22,z21,toy-0004112,,,False,40.601770567850195,0.0,37.10726894730047,6.505382386916237,5.142956348249516,0
27,trip,1930,1954.8098544941652,z22,z31,toy-0004132,,,False,37.638917212463184,0.0,35.40603030798833,2.3,5.142956348249516,0
62,trip,1930,1953.0,z30,z00,toy-0004114,,,False,36.76864061718797,0.0,34.69864061718797,4.6,2.3,0
41,trip,1930,1945.3333333333333,z31,z31,toy-0004127,,,False,34.61062122966661,0.0,33.23062122966661,2.3,2.3,0
46,trip,1930,1945.3333333333333,z22,z22,toy-0004133,,,False,39.06939067637604,0.0,37.689390676376036,2.3,2.3,0
75,trip,1930,1979.3271677349446,z22,z32,toy-0004113,,,False,46.51499999999985,0.0,42.07555490385483,6.505382386916237,8.292767933567175,0
44,trip,1930,1956.175637311527,z31,z22,toy-0004119,,,False,45.82499999999982,0.0,43.46919264196238,3.2526911934581184,4.6,0
61,trip,1930,1945.3333333333333,z31,z20,toy-0004126,,,False,25.064133134305525,0.0,23.684133134305526,2.3,2.3,0
65,trip,1930,1960.6666666666667,z31,z11,toy-0004121,,,False,46.0191926419626,0.0,43.2591926419626,6.8999999999999995,2.3,0
77,trip,1930,1938.8333333333333,z31,z32,toy-0004130,,,False,45.13499999999987,0.0,44.33999999999987,0.35,2.3,0
55,trip,1930,1948.5089706448605,z32,z31,toy-0004134,,,False,39.49419264196269,0.0,37.82838528392526,2.3,3.2526911934581184,0
64,trip,1930,1938.8333333333333,z32,z31,toy-0004160,,,False,40.83422619105024,0.0,40.03922619105024,0.35,2.3,0
82,trip,1930,1963.8423039781937,z31,z10,toy-0004143,,,False,47.89499999999993,0.0,44.849192641962496,6.8999999999999995,3.2526911934581184,0
87,trip,1930,1945.3333333333333,z31,z31,toy-0004148,,,False,41.81941442613771,0.0,40.43941442613771,2.3,2.3,0
86,trip,1930,1962.5269119345812,z32,z01,toy-0004138,,,False,46.22919264196246,0.0,43.301770567850156,6.505382386916237,3.2526911934581184,0
12,visit,1930,1945.0,z31,z31,,hub_core,local,True,36.93933415197127,11.165665848028725,47.894999999999996,0.7,0,6.699399508817234
3,visit,1930,1991.2863756549968,z22,z22,,depot_south,central,False,37.245498379450254,0.0,34.15972457050054,10.285912696499032,0,0
10,visit,1930,1945.0,z31,z31,,hub_core,local,True,37.85969102141266,10.245308978587339,47.894999999999996,0.7,0,6.147185387152404
63,visit,1930,1945.0,z21,z21,,hub_inner,local,True,38.32177056785028,9.783229432149717,47.894999999999996,0.7,0,5.869937659289831
47,visit,1930,1978.6846079563875,z21,z21,,depot_south,central,False,41.28553192853802,0.0,39.33391721246315,6.505382386916237,0,0
38,visit,1930,1987.6666666666667,z20,z20,,depot_west,central,False,43.319691021412666,0.0,40.55969102141267,9.2,0,0
83,visit,1930,1945.0,z00,z00,,depot_west,local,True,45.66211309552504,2.4428869044749604,47.894999999999996,0.7,0,1.4657321426849763
1,trip,1940,1952.0089706448605,z20,z31,toy-0004166,,,False,39.06939067637637,0.0,37.98858331833894,0.35,3.2526911934581184,0
2,trip,1940,1948.8333333333333,z31,z32,toy-0004173,,,False,33.496305737487766,0.0,32.701305737487765,0.35,2.3,0
11,trip,1940,1958.3098544941652,z12,z31,toy-0004175,,,False,36.11731112993873,0.0,34.469424225463875,0.35,5.142956348249516,0
36,trip,1940,1952.0089706448605,z20,z11,toy-0004165,,,False,37.039798982333856,0.0,35.958991624296424,0.35,3.2526911934581184,0
17,trip,1940,1964.8098544941652,z31,z11,toy-0004167,,,False,32.89549837945011,0.0,30.662611474975257,2.3,5.142956348249516,0
25,trip,1940,1955.3333333333333,z10,z01,toy-0004162,,,False,38.223917212463,0.0,36.843917212463,2.3,2.3,0
74,trip,1940,1948.8333333333333,z12,z11,toy-0004174,,,False,44.84919264196244,0.0,44.05419264196244,0.35,2.3,0
42,trip,1940,1948.8333333333333,z01,z00,toy-0004169,,,False,37.0938836633752,0.0,36.2988836633752,0.35,2.3,0
13,trip,1940,1952.0089706448605,z22,z31,toy-0004176,,,False,43.27711309552492,0.0,42.196305737487485,0.35,3.2526911934581184,0
37,trip,1940,1963.0,z31,z32,toy-0004168,,,False,40.93469102141282,0.0,38.86469102141282,2.3,4.6,0
45,trip,1940,1956.5,z31,z11,toy-0004172,,,False,40.315963209812665,0.0,38.830963209812666,0.35,4.6,0
0,trip,1940,1955.3333333333333,z11,z20,toy-0004163,,,False,42.319226191050376,0.0,40.93922619105037,2.3,2.3,0
49,trip,1940,1958.5089706448605,z20,z21,toy-0004164,,,False,42.08919264196259,0.0,40.42338528392516,2.3,3.2526911934581184,0
28,trip,1940,1948.8333333333333,z32,z31,toy-0004177,,,False,41.153028414483835,0.0,40.35802841448383,0.35,2.3,0
73,trip,1940,1956.5,z11,z31,toy-0004170,,,False,43.54099559312487,0.0,42.05599559312487,0.35,4.6,0
48,trip,1940,1952.0089706448605,z31,z20,toy-0004171,,,False,47.89500000000014,0.0,46.814192641962705,0.35,3.2526911934581184,0
29,trip,1940,1958.3098544941652,z32,z20,toy-0004191,,,False,34.74096608889328,0.0,33.09307918441843,0.35,5.142956348249516,0
58,trip,1940,1965.4107953946243,z01,z32,toy-0004183,,,False,37.696804116938075,0.0,35.40983253142189,0.35,7.273238618387272,0
85,trip,1940,1948.8333333333333,z11,z21,toy-0004184,,,False,38.29450924129211,0.0,37.49950924129211,0.35,2.3,0
23,trip,1940,1952.0089706448605,z22,z31,toy-0004190,,,False,46.247113095524966,0.0,45.166305737487534,0.35,3.2526911934581184,0
64,trip,1940,1948.8333333333333,z31,z21,toy-0004188,,,False,40.03922619105023,0.0,39.24422619105023,0.35,2.3,0
60,trip,1940,1948.8333333333333,z20,z10,toy-0004180,,,False,41.31852679393396,0.0,40.52352679393396,0.35,2.3,0
76,trip,1940,1956.5,z01,z21,toy-0004182,,,False,38.542719435896664,0.0,37.057719435896665,0.35,4.6,0
18,trip,1940,1964.8098544941652,z21,z32,toy-0004181,,,False,43.94919264196266,0.0,41.71630573748781,2.3,5.142956348249516,0
24,trip,1940,1967.9854918056922,z22,z32,toy-0004186,,,False,23.182336045475775,0.0,20.663641782963484,3.2526911934581184,5.142956348249516,0
43,trip,1940,1978.827795783886,z22,z32,toy-0004179,,,False,33.40730249638805,0.0,29.91280087583832,5.142956348249516,6.505382386916237,0
68,trip,1940,1948.8333333333333,z32,z31,toy-0004192,,,False,23.35136985241084,0.0,22.55636985241084,0.35,2.3,0
78,trip,1940,1958.5089706448605,z22,z12,toy-0004185,,,False,29.70517034765851,0.0,28.039362989621072,3.2526911934581184,2.3,0
77,trip,1940,1978.3333333333333,z32,z22,toy-0004189,,,False,44.33999999999986,0.0,40.88999999999986,6.8999999999999995,4.6,0
66,trip,1940,1987.2441287279576,z31,z30,toy-0004178,,,False,19.041948079082342,0.0,14.789976493566162,7.273238618387272,6.8999999999999995,0
88,trip,1940,1955.3333333333333,z31,z31,toy-0004187,,,False,43.67950367933114,0.0,42.29950367933114,2.3,2.3,0
14,visit,1940,1960.3333333333333,z20,z20,,depot_south,local,False,37.415531928537746,0.0,36.03553192853774,4.6,0,0
26,visit,1940,1960.3333333333333,z12,z12,,hub_center,local,False,39.302113095525144,0.0,37.92211309552514,4.6,0,0
67,visit,1940,1955.0,z21,z21,,hub_inner,local,True,42.12049837945015,5.98450162054985,47.894999999999996,0.7,0,3.59070097232991
51,visit,1940,1960.3333333333333,z22,z22,,hub_inner,local,False,44.445000000000135,0.0,43.06500000000013,4.6,0,0
80,visit,1940,1955.0,z32,z32,,hub_waterfront,,True,15.223002455914589,17.77777777777778,32.79078023369237,0.7,0,10.666666666666668
20,trip,1950,1966.5,z12,z32,toy-0004219,,,False,40.93469102141295,0.0,39.44969102141295,0.35,4.6,0
9,trip,1950,1974.1666666666667,z01,z31,toy-0004205,,,False,39.44969102141282,0.0,37.27469102141282,0.35,6.8999999999999995,0
5,trip,1950,1958.8333333333333,z31,z32,toy-0004215,,,False,42.07338528392501,0.0,41.27838528392501,0.35,2.3,0
2,trip,1950,1968.3098544941652,z32,z11,toy-0004223,,,False,32.70130573748776,0.0,31.053418833012902,0.35,5.142956348249516,0
60,trip,1950,1968.3098544941652,z10,z31,toy-0004196,,,False,40.523526793933954,0.0,38.8756398894591,0.35,5.142956348249516,0
15,trip,1950,1974.1666666666667,z30,z00,toy-0004200,,,False,35.01143273673191,0.0,32.836432736731915,0.35,6.8999999999999995,0
42,trip,1950,1962.0089706448605,z00,z11,toy-0004193,,,False,36.29888366337519,0.0,35.21807630533776,0.35,3.2526911934581184,0
33,trip,1950,1962.0089706448605,z21,z32,toy-0004213,,,False,40.932254605534006,0.0,39.85144724749657,0.35,3.2526911934581184,0
21,trip,1950,1962.0089706448605,z32,z21,toy-0004224,,,False,37.66549837945029,0.0,36.58469102141286,0.35,3.2526911934581184,0
10,trip,1950,1968.5089706448605,z31,z21,toy-0004201,,,False,47.894999999999946,0.0,46.22919264196251,2.3,3.2526911934581184,0
54,trip,1950,1975.4107953946243,z00,z31,toy-0004194,,,False,44.972113095525316,0.0,42.68514151000913,0.35,7.273238618387272,0
59,trip,1950,1958.8333333333333,z20,z21,toy-0004197,,,False,36.112368428787924,0.0,35.31736842878792,0.35,2.3,0
52,trip,1950,1958.8333333333333,z32,z22,toy-0004225,,,False,25.582799710062815,0.0,24.787799710062814,0.35,2.3,0
50,trip,1950,1958.8333333333333,z21,z22,toy-0004212,,,False,40.06841883301275,0.0,39.27341883301275,0.35,2.3,0
61,trip,1950,1962.0089706448605,z20,z31,toy-0004198,,,False,23.684133134305508,0.0,22.603325776268072,0.35,3.2526911934581184,0
70,trip,1950,1975.4107953946243,z32,z01,toy-0004222,,,False,42.51130573748771,0.0,40.224334151971526,0.35,7.273238618387272,0
74,trip,1950,1966.5,z11,z31,toy-0004207,,,False,44.05419264196243,0.0,42.56919264196243,0.35,4.6,0
7,trip,1950,1958.8333333333333,z22,z32,toy-0004221,,,False,33.52568778031337,0.0,32.73068778031337,0.35,2.3,0
63,trip,1950,1958.8333333333333,z21,z11,toy-0004210,,,False,47.89500000000014,0.0,47.100000000000136,0.35,2.3,0
83,trip,1950,1974.8098544941652,z00,z20,toy-0004204,,,False,47.895000000000124,0.0,45.66211309552527,2.3,5.142956348249516,0
85,trip,1950,1958.8333333333333,z21,z31,toy-0004211,,,False,37.4995092412921,0.0,36.7045092412921,0.35,2.3,0
12,trip,1950,1965.3333333333333,z31,z31,toy-0004202,,,False,47.894999999999804,0.0,46.5149999999998,2.3,2.3,0
39,trip,1950,1988.3333333333333,z22,z32,toy-0004217,,,False,36.920011537650495,0.0,33.47001153765049,4.6,6.8999999999999995,0
46,trip,1950,1974.8098544941652,z22,z31,toy-0004218,,,False,37.68939067637603,0.0,35.456503771901176,2.3,5.142956348249516,0
79,trip,1950,1968.5089706448605,z10,z22,toy-0004208,,,False,42.143255060412514,0.0,40.47744770237508,2.3,3.2526911934581184,0
69,trip,1950,1993.369215912775,z22,z22,toy-0004195,,,False,35.79891604668726,0.0,31.895686614537517,6.505382386916237,6.505382386916237,0
28,trip,1950,1990.1431878274984,z31,z22,toy-0004206,,,False,40.358028414483826,0.0,36.74514151000897,6.8999999999999995,5.142956348249516,0
30,trip,1950,1973.0,z31,z01,toy-0004209,,,False,44.84919264196246,0.0,42.77919264196246,2.3,4.6,0
41,trip,1950,1976.175637311527,z31,z22,toy-0004199,,,False,33.2306212296666,0.0,30.87481387162917,3.2526911934581184,4.6,0
53,trip,1950,1962.0089706448605,z31,z22,toy-0004214,,,False,10.94395132396095,0.0,9.863143965923515,0.35,3.2526911934581184,0
84,trip,1950,1997.2441287279576,z32,z31,toy-0004216,,,False,44.58130573748769,0.0,40.32933415197151,6.8999999999999995,7.273238618387272,0
56,trip,1950,1968.5089706448605,z31,z21,toy-0004220,,,False,36.48231450660322,0.0,34.81650714856578,3.2526911934581184,2.3,0
68,trip,1950,1974.8098544941652,z31,z22,toy-0004203,,,False,22.556369852410825,0.0,20.32348294793597,2.3,5.142956348249516,0
72,trip,1950,1984.2863756549968,z31,z22,toy-0004229,,,False,39.22733487970016,0.0,36.14156107075045,5.142956348249516,5.142956348249516,0
71,visit,1950,1965.0,z31,z31,,hub_core,local,True,34.11486491473378,12.777777777777779,46.68264269251156,0.7,0,7.666666666666668
55,visit,1950,1992.3333333333333,z31,z31,,depot_south,central,False,37.82838528392525,0.0,36.44838528392525,4.6,0,0
64,visit,1950,1998.6846079563875,z21,z21,,depot_south,central,False,39.244226191050224,0.0,37.29261147497535,6.505382386916237,0,0
87,visit,1950,1965.0,z31,z31,,hub_core,local,True,40.4394144261377,7.665585573862294,47.894999999999996,0.7,0,4.599351344317377
89,visit,1950,1992.3333333333333,z31,z31,,depot_south,central,False,41.51345238210055,0.0,40.13345238210055,4.6,0,0
44,trip,1960,1968.8333333333333,z22,z32,toy-0004264,,,False,43.469192641962394,0.0,42.67419264196239,0.35,2.3,0
36,trip,1960,1976.5,z11,z31,toy-0004251,,,False,35.95899162429642,0.0,34.47399162429642,0.35,4.6,0
49,trip,1960,1968.8333333333333,z21,z20,toy-0004253,,,False,40.42338528392515,0.0,39.62838528392515,0.35,2.3,0
8,trip,1960,1982.8512746230542,z12,z30,toy-0004260,,,False,34.55894018778002,0.0,32.50232547170515,0.35,6.505382386916237,0
0,trip,1960,1978.5089706448605,z20,z21,toy-0004245,,,False,40.939226191050366,0.0,39.27341883301293,2.3,3.2526911934581184,0
45,trip,1960,1986.175637311527,z11,z20,toy-0004242,,,False,38.830963209812666,0.0,36.47515585177523,3.2526911934581184,4.6,0
48,trip,1960,1984.8098544941652,z20,z31,toy-0004246,,,False,46.8141926419627,0.0,44.581305737487845,2.3,5.142956348249516,0
1,trip,1960,1968.8333333333333,z31,z32,toy-0004259,,,False,37.98858331833893,0.0,37.19358331833893,0.35,2.3,0
4,trip,1960,1968.8333333333333,z32,z31,toy-0004266,,,False,40.67944211289272,0.0,39.88444211289272,0.35,2.3,0
5,trip,1960,1982.8512746230542,z32,z10,toy-0004265,,,False,41.278385283925005,0.0,39.221770567850136,0.35,6.505382386916237,0
57,trip,1960,1972.0089706448605,z21,z32,toy-0004255,,,False,39.130141510008954,0.0,38.04933415197152,0.35,3.2526911934581184,0
50,trip,1960,1976.5,z22,z02,toy-0004263,,,False,39.27341883301274,0.0,37.78841883301274,0.35,4.6,0
63,trip,1960,1991.9107953946243,z11,z32,toy-0004250,,,False,47.10000000000013,0.0,44.228028414483944,2.3,7.273238618387272,0
59,trip,1960,1968.8333333333333,z21,z31,toy-0004254,,,False,35.317368428787915,0.0,34.522368428787914,0.35,2.3,0
67,trip,1960,1994.2863756549968,z21,z21,toy-0004243,,,False,47.894999999999875,0.0,44.809226191050165,5.142956348249516,5.142956348249516,0
11,trip,1960,1972.0089706448605,z31,z20,toy-0004256,,,False,34.46942422546386,0.0,33.38861686742643,0.35,3.2526911934581184,0
78,trip,1960,2001.387316555456,z12,z31,toy-0004244,,,False,28.039362989621065,0.0,24.31450449963003,5.142956348249516,7.273238618387272,0
13,trip,1960,1981.6846079563875,z31,z31,toy-0004247,,,False,42.19630573748748,0.0,40.244691021412606,3.2526911934581184,3.2526911934581184,0
23,trip,1960,1968.8333333333333,z31,z21,toy-0004258,,,False,45.16630573748753,0.0,44.371305737487525,0.35,2.3,0
32,trip,1960,1975.3333333333333,z31,z31,toy-0004248,,,False,40.972221056446344,0.0,39.59222105644634,2.3,2.3,0
52,trip,1960,1972.0089706448605,z22,z31,toy-0004262,,,False,24.7877997100628,0.0,23.706992352025363,0.35,3.2526911934581184,0
35,trip,1960,1976.5,z31,z11,toy-0004257,,,False,34.71341883301289,0.0,33.22841883301289,0.35,4.6,0
7,trip,1960,1992.4765211608317,z32,z31,toy-0004261,,,False,32.73068778031336,0.0,29.807800875838506,4.6,5.142956348249516,0
73,trip,1960,1992.4765211608317,z31,z32,toy-0004252,,,False,42.05599559312487,0.0,39.13310868865001,4.6,5.142956348249516,0
81,trip,1960,2006.0,z31,z31,toy-0004249,,,False,28.583916046687445,0.0,24.443916046687445,6.8999999999999995,6.8999999999999995,0
85,trip,1960,1972.0089706448605,z31,z22,toy-0004277,,,False,36.704509241292094,0.0,35.62370188325466,0.35,3.2526911934581184,0
88,trip,1960,1981.6846079563875,z31,z31,toy-0004268,,,False,42.29950367933113,0.0,40.34788896325626,3.2526911934581184,3.2526911934581184,0
19,trip,1960,1984.8098544941652,z32,z12,toy-0004276,,,False,35.08605328330518,0.0,32.85316637883033,2.3,5.142956348249516,0
40,trip,1960,1984.8098544941652,z32,z10,toy-0004283,,,False,39.61972457050064,0.0,37.386837666025784,2.3,5.142956348249516,0
80,trip,1960,1990.6666666666667,z32,z32,toy-0004281,,,False,32.79078023369248,0.0,30.030780233692482,4.6,4.6,0
29,visit,1960,1980.3333333333333,z20,z20,,hub_inner,local,False,33.093079184418414,0.0,31.713079184418415,4.6,0,0
62,visit,1960,1989.3333333333333,z00,z00,,depot_west,central,False,34.69864061718797,0.0,34.48864061718797,0.7,0,0
27,visit,1960,1975.0,z31,z31,,hub_core,local,True,35.406030307988324,12.698969692011673,47.894999999999996,0.7,0,7.619381815207004
25,visit,1960,1980.3333333333333,z01,z01,,depot_west,local,False,36.84391721246299,0.0,35.46391721246299,4.6,0,0
76,visit,1960,2021.2863756549968,z21,z21,,depot_west,central,False,37.057719435896665,0.0,33.971945626946955,10.285912696499032,0,0
4,trip,1970,1978.8333333333333,z31,z21,toy-0004305,,,False,39.884442112892714,0.0,39.08944211289271,0.35,2.3,0
1,trip,1970,1978.8333333333333,z32,z31,toy-0004316,,,False,37.19358331833892,0.0,36.39858331833892,0.35,2.3,0
14,trip,1970,1988.3098544941652,z20,z32,toy-0004294,,,False,36.03553192853773,0.0,34.38764502406288,0.35,5.142956348249516,0
10,trip,1970,1982.0089706448605,z21,z12,toy-0004301,,,False,46.229192641962506,0.0,45.14838528392507,0.35,3.2526911934581184,0
22,trip,1970,1994.1666666666667,z02,z32,toy-0004309,,,False,34.02983253142176,0.0,31.85483253142176,0.35,6.8999999999999995,0
2,trip,1970,1982.0089706448605,z11,z22,toy-0004298,,,False,31.053418833012895,0.0,29.97261147497546,0.35,3.2526911934581184,0
26,trip,1970,2005.3092264452239,z12,z30,toy-0004308,,,False,37.92211309552513,0.0,34.74428271545497,2.3,8.292767933567175,0
49,trip,1970,1982.0089706448605,z20,z11,toy-0004291,,,False,39.62838528392514,0.0,38.54757792588771,0.35,3.2526911934581184,0
86,trip,1970,1994.1666666666667,z01,z31,toy-0004296,,,False,43.301770567850156,0.0,41.12677056785016,0.35,6.8999999999999995,0
6,trip,1970,1988.3098544941652,z11,z32,toy-0004299,,,False,36.9888836633754,0.0,35.340996758900545,0.35,5.142956348249516,0
34,trip,1970,1988.3098544941652,z22,z01,toy-0004312,,,False,10.911294120684735,0.0,9.263407216209881,0.35,5.142956348249516,0
18,trip,1970,1988.3098544941652,z32,z11,toy-0004315,,,False,41.7163057374878,0.0,40.06841883301295,0.35,5.142956348249516,0
17,trip,1970,2002.5269119345812,z11,z20,toy-0004307,,,False,30.662611474975247,0.0,27.73518940086294,3.2526911934581184,6.505382386916237,0
16,trip,1970,1985.3333333333333,z21,z21,toy-0004292,,,False,37.10726894730047,0.0,35.727268947300466,2.3,2.3,0
23,trip,1970,1993.0,z21,z22,toy-0004293,,,False,44.37130573748752,0.0,42.30130573748752,2.3,4.6,0
12,trip,1970,1988.3098544941652,z31,z10,toy-0004303,,,False,46.514999999999795,0.0,44.86711309552494,0.35,5.142956348249516,0
82,trip,1970,1988.3098544941652,z10,z31,toy-0004289,,,False,44.849192641962496,0.0,43.201305737487644,0.35,5.142956348249516,0
56,trip,1970,1982.0089706448605,z21,z30,toy-0004300,,,False,34.816507148565776,0.0,33.735699790528344,0.35,3.2526911934581184,0
51,trip,1970,1988.3098544941652,z22,z30,toy-0004311,,,False,43.06500000000012,0.0,41.417113095525266,0.35,5.142956348249516,0
60,trip,1970,1994.1666666666667,z31,z01,toy-0004304,,,False,38.87563988945909,0.0,36.70063988945909,0.35,6.8999999999999995,0
42,trip,1970,1985.3333333333333,z11,z11,toy-0004295,,,False,35.21807630533775,0.0,33.83807630533775,2.3,2.3,0
53,trip,1970,1994.8098544941652,z22,z31,toy-0004310,,,False,9.863143965923507,0.0,7.630257061448653,2.3,5.142956348249516,0
61,trip,1970,1988.5089706448605,z31,z30,toy-0004290,,,False,22.60332577626806,0.0,20.937518418230624,3.2526911934581184,2.3,0
71,trip,1970,1978.8333333333333,z31,z32,toy-0004306,,,False,46.68264269251168,0.0,45.887642692511676,0.35,2.3,0
20,trip,1970,1988.3098544941652,z32,z20,toy-0004314,,,False,39.44969102141295,0.0,37.8018041169381,0.35,5.142956348249516,0
79,trip,1970,1982.0089706448605,z22,z31,toy-0004313,,,False,40.47744770237507,0.0,39.39664034433764,0.35,3.2526911934581184,0
65,trip,1970,1988.5089706448605,z11,z32,toy-0004302,,,False,43.259192641962585,0.0,41.59338528392515,2.3,3.2526911934581184,0
74,trip,1970,1996.175637311527,z31,z20,toy-0004297,,,False,42.56919264196243,0.0,40.21338528392499,4.6,3.2526911934581184,0
24,trip,1970,2000.6666666666667,z32,z01,toy-0004329,,,False,20.66364178296348,0.0,17.903641782963483,6.8999999999999995,2.3,0
33,trip,1970,1978.8333333333333,z32,z31,toy-0004335,,,False,39.851447247496566,0.0,39.056447247496564,0.35,2.3,0
87,trip,1970,1985.3333333333333,z31,z31,toy-0004321,,,False,47.89500000000017,0.0,46.515000000000164,2.3,2.3,0
37,trip,1970,1985.3333333333333,z32,z32,toy-0004333,,,False,38.86469102141282,0.0,37.484691021412814,2.3,2.3,0
58,trip,1970,2002.4765211608317,z32,z31,toy-0004324,,,False,35.40983253142189,0.0,32.48694562694703,5.142956348249516,4.6,0
31,visit,1970,1985.0,z32,z32,,hub_waterfront,local,True,33.67474754581736,12.777777777777779,46.24252532359514,0.7,0,7.666666666666668
59,visit,1970,1985.0,z31,z31,,hub_core,local,True,34.52236842878791,12.777777777777779,47.090146206565684,0.7,0,7.666666666666668
21,visit,1970,1985.0,z21,z21,,hub_inner,local,True,36.58469102141285,11.520308978587146,47.894999999999996,0.7,0,6.912185387152288
44,visit,1970,1985.0,z32,z32,,hub_waterfront,local,True,42.674192641962385,5.430807358037612,47.894999999999996,0.7,0,3.258484414822567
1,trip,1980,1996.5,z31,z11,toy-0004346,,,False,36.398583318338915,0.0,34.913583318338915,0.35,4.6,0
30,trip,1980,1998.3098544941652,z01,z22,toy-0004343,,,False,42.77919264196246,0.0,41.13130573748761,0.35,5.142956348249516,0
41,trip,1980,1992.0089706448605,z22,z11,toy-0004355,,,False,30.874813871629172,0.0,29.794006513591736,0.35,3.2526911934581184,0
68,trip,1980,1988.8333333333333,z22,z21,toy-0004356,,,False,20.323482947935958,0.0,19.528482947935956,0.35,2.3,0
35,trip,1980,1988.8333333333333,z11,z21,toy-0004345,,,False,33.22841883301289,0.0,32.43341883301289,0.35,2.3,0
50,trip,1980,1995.3333333333333,z02,z11,toy-0004353,,,False,37.78841883301274,0.0,36.40841883301274,2.3,2.3,0
70,trip,1980,2005.4107953946243,z01,z32,toy-0004344,,,False,40.224334151971526,0.0,37.93736256645534,0.35,7.273238618387272,0
77,trip,1980,2004.8098544941652,z22,z31,toy-0004354,,,False,40.889999999999866,0.0,38.65711309552501,2.3,5.142956348249516,0
11,trip,1980,2004.8098544941652,z20,z22,toy-0004338,,,False,33.38861686742642,0.0,31.15572996295157,2.3,5.142956348249516,0
9,trip,1980,2003.0,z31,z10,toy-0004340,,,False,37.27469102141281,0.0,35.20469102141281,2.3,4.6,0
15,trip,1980,2002.8512746230542,z00,z22,toy-0004336,,,False,32.83643273673191,0.0,30.779818020657036,0.35,6.505382386916237,0
27,trip,1980,1988.8333333333333,z31,z21,toy-0004347,,,False,47.89499999999983,0.0,47.09999999999983,0.35,2.3,0
32,trip,1980,1992.0089706448605,z31,z22,toy-0004348,,,False,39.592221056446334,0.0,38.5114136984089,0.35,3.2526911934581184,0
85,trip,1980,1992.0089706448605,z22,z31,toy-0004357,,,False,35.623701883254654,0.0,34.54289452521722,0.35,3.2526911934581184,0
83,trip,1980,1998.5089706448605,z20,z21,toy-0004337,,,False,45.662113095525264,0.0,43.99630573748783,2.3,3.2526911934581184,0
33,trip,1980,2004.8098544941652,z31,z11,toy-0004341,,,False,39.05644724749656,0.0,36.823560343021704,2.3,5.142956348249516,0
0,trip,1980,2012.4765211608317,z21,z22,toy-0004352,,,False,39.273418833012926,0.0,36.35053192853807,5.142956348249516,4.6,0
36,trip,1980,2004.8098544941652,z31,z22,toy-0004342,,,False,34.47399162429642,0.0,32.241104719821564,2.3,5.142956348249516,0
4,trip,1980,2021.387316555456,z21,z31,toy-0004350,,,False,39.089442112892705,0.0,35.36458362290167,5.142956348249516,7.273238618387272,0
47,trip,1980,2012.5269119345812,z21,z32,toy-0004339,,,False,39.33391721246315,0.0,36.40649513835084,3.2526911934581184,6.505382386916237,0
43,trip,1980,2020.1431878274984,z32,z10,toy-0004349,,,False,29.91280087583832,0.0,26.299913971363466,6.8999999999999995,5.142956348249516,0
57,trip,1980,2010.6666666666667,z32,z12,toy-0004351,,,False,38.049334151971514,0.0,35.28933415197152,6.8999999999999995,2.3,0
52,trip,1980,2021.387316555456,z31,z21,toy-0004358,,,False,23.706992352025352,0.0,19.982133862034317,7.273238618387272,5.142956348249516,0
54,trip,1980,1995.3333333333333,z31,z22,toy-0004365,,,False,42.68514151000913,0.0,41.30514151000913,2.3,2.3,0
71,trip,1980,2009.3512746230542,z32,z20,toy-0004359,,,False,45.88764269251167,0.0,43.2460279764368,6.505382386916237,2.3,0
75,trip,1980,2001.6846079563875,z32,z32,toy-0004366,,,False,42.075554903854844,0.0,40.12394018777997,3.2526911934581184,3.2526911934581184,0
46,visit,1980,1995.0,z31,z31,,hub_core,local,True,35.45650377190117,12.648496228098828,47.894999999999996,0.7,0,7.589097736859298
2,trip,1990,2006.5,z22,z20,toy-0004387,,,False,29.972611474975448,0.0,28.48761147497545,0.35,4.6,0
20,trip,1990,2006.5,z20,z00,toy-0004375,,,False,37.80180411693809,0.0,36.31680411693809,0.35,4.6,0
62,trip,1990,2015.4107953946243,z00,z31,toy-0004374,,,False,34.48864061718796,0.0,32.20166903167178,0.35,7.273238618387272,0
72,trip,1990,2002.0089706448605,z22,z31,toy-0004388,,,False,36.14156107075045,0.0,35.060753712713016,0.35,3.2526911934581184,0
16,trip,1990,1998.8333333333333,z21,z31,toy-0004384,,,False,35.72726894730046,0.0,34.93226894730046,0.35,2.3,0
29,trip,1990,2008.3098544941652,z20,z12,toy-0004378,,,False,31.7130791844184,0.0,30.065192279943545,0.35,5.142956348249516,0
18,trip,1990,2008.3098544941652,z11,z32,toy-0004381,,,False,40.068418833012934,0.0,38.42053192853808,0.35,5.142956348249516,0
13,trip,1990,1998.8333333333333,z31,z32,toy-0004385,,,False,40.244691021412606,0.0,39.449691021412605,0.35,2.3,0
21,trip,1990,1998.8333333333333,z21,z20,toy-0004383,,,False,47.894999999999925,0.0,47.09999999999992,0.35,2.3,0
38,trip,1990,2002.0089706448605,z20,z31,toy-0004377,,,False,40.55969102141269,0.0,39.47888366337526,0.35,3.2526911934581184,0
10,trip,1990,2002.0089706448605,z12,z01,toy-0004386,,,False,45.148385283925066,0.0,44.06757792588763,0.35,3.2526911934581184,0
8,trip,1990,1998.8333333333333,z30,z31,toy-0004380,,,False,32.50232547170514,0.0,31.70732547170514,0.35,2.3,0
45,trip,1990,1998.8333333333333,z20,z21,toy-0004376,,,False,36.47515585177524,0.0,35.68015585177524,0.35,2.3,0
6,trip,1990,1998.8333333333333,z32,z31,toy-0004389,,,False,35.34099675890053,0.0,34.54599675890053,0.35,2.3,0
27,trip,1990,2002.0089706448605,z21,z10,toy-0004382,,,False,47.099999999999824,0.0,46.01919264196239,0.35,3.2526911934581184,0
5,trip,1990,2014.8098544941652,z10,z32,toy-0004379,,,False,39.22177056785013,0.0,36.988883663375276,2.3,5.142956348249516,0
48,trip,1990,2002.0089706448605,z31,z22,toy-0004397,,,False,44.58130573748784,0.0,43.500498379450406,0.35,3.2526911934581184,0
12,trip,1990,2008.3098544941652,z10,z31,toy-0004392,,,False,44.86711309552493,0.0,43.219226191050076,0.35,5.142956348249516,0
40,trip,1990,1998.8333333333333,z10,z11,toy-0004391,,,False,37.38683766602578,0.0,36.591837666025775,0.35,2.3,0
49,trip,1990,2002.0089706448605,z11,z22,toy-0004395,,,False,38.5475779258877,0.0,37.46677056785027,0.35,3.2526911934581184,0
19,trip,1990,2005.3333333333333,z12,z01,toy-0004394,,,False,32.85316637883032,0.0,31.473166378830324,2.3,2.3,0
59,trip,1990,1998.8333333333333,z31,z21,toy-0004396,,,False,47.090146206565805,0.0,46.2951462065658,0.35,2.3,0
25,trip,1990,2016.175637311527,z01,z30,toy-0004390,,,False,35.463917212462974,0.0,33.108109854425535,3.2526911934581184,4.6,0
35,trip,1990,2020.6666666666667,z21,z21,toy-0004393,,,False,32.43341883301288,0.0,29.67341883301288,4.6,4.6,0
14,trip,1990,2002.0089706448605,z32,z21,toy-0004399,,,False,34.38764502406286,0.0,33.30683766602543,0.35,3.2526911934581184,0
68,trip,1990,2017.9854918056922,z21,z31,toy-0004398,,,False,19.52848294793594,0.0,17.00978868542365,3.2526911934581184,5.142956348249516,0
34,visit,1990,2055.9892890036076,z01,z01,,depot_west,central,False,9.26340721620987,39.42659278379013,47.309999999999995,4.6,0,23.655955670274075
39,visit,1990,2005.0,z32,z32,,hub_waterfront,local,True,33.47001153765051,12.777777777777779,46.037789315428284,0.7,0,7.666666666666668
42,visit,1990,2005.0,z11,z11,,hub_center,local,True,33.838076305337744,12.777777777777779,46.40585408311552,0.7,0,7.666666666666668
65,visit,1990,2005.0,z32,z32,,hub_waterfront,local,True,41.593385283925144,6.511614716074852,47.894999999999996,0.7,0,3.9069688296449114
66,visit,1990,2014.3223474371937,z30,z30,,depot_south,,False,14.789976493566165,33.31502350643383,47.894999999999996,0.7,0,19.9890141038603
61,visit,1990,2005.0,z30,z30,,depot_south,,True,20.937518418230617,17.77777777777778,38.505296196008395,0.7,0,10.666666666666668
37,visit,1990,2005.0,z32,z32,,hub_waterfront,,True,37.48469102141281,10.62030897858719,47.894999999999996,0.7,0,6.372185387152314
1,trip,2000,2008.8333333333333,z11,z21,toy-0004408,,,False,34.913583318338915,0.0,34.118583318338914,0.35,2.3,0
60,trip,2000,2035.3092264452239,z01,z32,toy-0004401,,,False,36.70063988945908,0.0,33.52280950938893,2.3,8.292767933567175,0
6,trip,2000,2008.8333333333333,z31,z32,toy-0004414,,,False,34.54599675890052,0.0,33.75099675890052,0.35,2.3,0
41,trip,2000,2008.8333333333333,z11,z12,toy-0004410,,,False,29.794006513591725,0.0,28.999006513591723,0.35,2.3,0
3,trip,2000,2018.5089706448605,z22,z21,toy-0004418,,,False,34.159724570500536,0.0,32.4939172124631,2.3,3.2526911934581184,0
50,trip,2000,2016.5,z11,z31,toy-0004409,,,False,36.40841883301273,0.0,34.92341883301273,0.35,4.6,0
45,trip,2000,2008.8333333333333,z21,z31,toy-0004411,,,False,35.68015585177523,0.0,34.88515585177523,0.35,2.3,0
21,trip,2000,2023.0,z20,z12,toy-0004402,,,False,47.099999999999916,0.0,45.029999999999916,2.3,4.6,0
74,trip,2000,2016.5,z20,z22,toy-0004404,,,False,40.21338528392501,0.0,38.72838528392501,0.35,4.6,0
13,trip,2000,2008.8333333333333,z32,z31,toy-0004424,,,False,39.4496910214126,0.0,38.654691021412596,0.35,2.3,0
51,trip,2000,2016.5,z30,z32,toy-0004405,,,False,41.41711309552525,0.0,39.93211309552525,0.35,4.6,0
59,trip,2000,2012.0089706448605,z21,z32,toy-0004412,,,False,46.295146206565796,0.0,45.214338848528364,0.35,3.2526911934581184,0
23,trip,2000,2032.4765211608317,z22,z21,toy-0004415,,,False,42.30130573748752,0.0,39.37841883301266,4.6,5.142956348249516,0
22,trip,2000,2028.8092264452239,z32,z00,toy-0004422,,,False,31.854832531421756,0.0,29.262002151351602,0.35,8.292767933567175,0
64,trip,2000,2038.3333333333333,z21,z31,toy-0004407,,,False,37.29261147497535,0.0,33.84261147497535,4.6,6.8999999999999995,0
31,trip,2000,2018.3098544941652,z32,z11,toy-0004423,,,False,46.24252532359526,0.0,44.59463841912041,0.35,5.142956348249516,0
30,trip,2000,2039.5774620612908,z22,z31,toy-0004416,,,False,41.131305737487594,0.0,37.56933415197141,4.6,7.273238618387272,0
56,trip,2000,2018.5089706448605,z30,z31,toy-0004403,,,False,33.73569979052834,0.0,32.0698924324909,2.3,3.2526911934581184,0
54,trip,2000,2038.3333333333333,z22,z32,toy-0004417,,,False,41.30514151000912,0.0,37.85514151000912,4.6,6.8999999999999995,0
67,trip,2000,2032.4765211608317,z21,z20,toy-0004406,,,False,44.809226191050165,0.0,41.88633928657531,4.6,5.142956348249516,0
69,trip,2000,2008.8333333333333,z22,z32,toy-0004421,,,False,31.89568661453752,0.0,31.100686614537523,0.35,2.3,0
7,trip,2000,2025.4107953946243,z31,z02,toy-0004413,,,False,29.807800875838513,0.0,27.520829290322332,0.35,7.273238618387272,0
44,trip,2000,2018.5089706448605,z32,z31,toy-0004420,,,False,47.894999999999925,0.0,46.22919264196249,2.3,3.2526911934581184,0
63,trip,2000,2015.3333333333333,z32,z21,toy-0004419,,,False,44.228028414483944,0.0,42.84802841448394,2.3,2.3,0
83,trip,2000,2027.9854918056922,z21,z11,toy-0004400,,,False,43.99630573748782,0.0,41.47761147497553,5.142956348249516,3.2526911934581184,0
8,trip,2000,2016.5,z31,z11,toy-0004434,,,False,31.70732547170513,0.0,30.22232547170513,0.35,4.6,0
16,trip,2000,2047.2441287279576,z31,z32,toy-0004430,,,False,34.93226894730045,0.0,30.68029736178427,6.8999999999999995,7.273238618387272,0
46,trip,2000,2038.827795783886,z31,z32,toy-0004425,,,False,47.89499999999988,0.0,44.400498379450156,5.142956348249516,6.505382386916237,0
55,trip,2000,2015.3333333333333,z31,z22,toy-0004433,,,False,36.44838528392524,0.0,35.06838528392524,2.3,2.3,0
79,trip,2000,2021.6846079563875,z31,z11,toy-0004426,,,False,39.396640344337634,0.0,37.44502562826276,3.2526911934581184,3.2526911934581184,0
82,trip,2000,2032.4765211608317,z31,z32,toy-0004431,,,False,43.20130573748763,0.0,40.27841883301277,4.6,5.142956348249516,0
84,trip,2000,2018.5089706448605,z31,z21,toy-0004428,,,False,40.32933415197151,0.0,38.663526793934075,2.3,3.2526911934581184,0
73,trip,2000,2018.3098544941652,z32,z20,toy-0004436,,,False,39.133108688650026,0.0,37.485221784175174,0.35,5.142956348249516,0
85,trip,2000,2032.4765211608317,z31,z32,toy-0004435,,,False,34.542894525217214,0.0,31.62000762074236,5.142956348249516,4.6,0
86,trip,2000,2027.9854918056922,z31,z32,toy-0004427,,,False,41.12677056785015,0.0,38.60807630533786,3.2526911934581184,5.142956348249516,0
53,trip,2000,2015.3333333333333,z31,z31,toy-0004429,,,False,7.630257061448642,0.0,6.250257061448642,2.3,2.3,0
87,trip,2000,2015.3333333333333,z31,z22,toy-0004437,,,False,46.51500000000016,0.0,45.135000000000154,2.3,2.3,0
88,trip,2000,2015.3333333333333,z31,z11,toy-0004432,,,False,40.34788896325626,0.0,38.96788896325626,2.3,2.3,0
40,visit,2000,2015.0,z11,z11,,hub_center,local,True,36.59183766602577,11.513162333974229,47.894999999999996,0.7,0,6.907897400384537
28,visit,2000,2020.3333333333333,z22,z22,,hub_inner,local,False,36.74514151000896,0.0,35.36514151000896,4.6,0,0
32,visit,2000,2020.3333333333333,z22,z22,,hub_inner,local,False,38.511413698408894,0.0,37.13141369840889,4.6,0,0
29,trip,2010,2026.5,z12,z10,toy-0004450,,,False,30.065192279943535,0.0,28.580192279943535,0.35,4.6,0
33,trip,2010,2026.5,z11,z31,toy-0004445,,,False,36.8235603430217,0.0,35.3385603430217,0.35,4.6,0
9,trip,2010,2022.0089706448605,z10,z21,toy-0004439,,,False,35.20469102141281,0.0,34.12388366337538,0.35,3.2526911934581184,0
27,trip,2010,2028.3098544941652,z10,z31,toy-0004440,,,False,46.019192641962384,0.0,44.37130573748753,0.35,5.142956348249516,0
1,trip,2010,2028.3098544941652,z21,z00,toy-0004446,,,False,34.11858331833891,0.0,32.470696413864054,0.35,5.142956348249516,0
2,trip,2010,2034.8098544941652,z20,z22,toy-0004441,,,False,28.487611474975445,0.0,26.254724570500592,2.3,5.142956348249516,0
11,trip,2010,2022.0089706448605,z22,z31,toy-0004453,,,False,31.155729962951558,0.0,30.07492260491412,0.35,3.2526911934581184,0
41,trip,2010,2028.3098544941652,z12,z31,toy-0004451,,,False,28.99900651359171,0.0,27.351119609116854,0.35,5.142956348249516,0
12,trip,2010,2028.3098544941652,z31,z12,toy-0004449,,,False,43.21922619105006,0.0,41.57133928657521,0.35,5.142956348249516,0
6,trip,2010,2022.0089706448605,z32,z21,toy-0004455,,,False,33.75099675890051,0.0,32.67018940086308,0.35,3.2526911934581184,0
18,trip,2010,2026.5,z32,z30,toy-0004454,,,False,38.42053192853807,0.0,36.93553192853807,0.35,4.6,0
37,trip,2010,2018.8333333333333,z32,z31,toy-0004456,,,False,47.89499999999993,0.0,47.09999999999993,0.35,2.3,0
38,trip,2010,2018.8333333333333,z31,z21,toy-0004448,,,False,39.47888366337525,0.0,38.68388366337525,0.35,2.3,0
15,trip,2010,2025.3333333333333,z22,z22,toy-0004452,,,False,30.779818020657032,0.0,29.399818020657033,2.3,2.3,0
14,trip,2010,2018.8333333333333,z21,z31,toy-0004447,,,False,33.30683766602542,0.0,32.51183766602542,0.35,2.3,0
17,trip,2010,2022.0089706448605,z20,z31,toy-0004442,,,False,27.735189400862936,0.0,26.6543820428255,0.35,3.2526911934581184,0
10,trip,2010,2041.9107953946243,z01,z31,toy-0004438,,,False,44.067577925887626,0.0,41.19560634037144,2.3,7.273238618387272,0
26,trip,2010,2018.8333333333333,z30,z20,toy-0004443,,,False,34.74428271545498,0.0,33.94928271545498,0.35,2.3,0
19,trip,2010,2018.8333333333333,z01,z02,toy-0004444,,,False,31.47316637883031,0.0,30.678166378830312,0.35,2.3,0
71,trip,2010,2018.8333333333333,z20,z10,toy-0004458,,,False,43.24602797643679,0.0,42.45102797643679,0.35,2.3,0
58,trip,2010,2018.8333333333333,z31,z32,toy-0004468,,,False,32.48694562694705,0.0,31.691945626947046,0.35,2.3,0
36,trip,2010,2022.0089706448605,z22,z11,toy-0004470,,,False,32.24110471982156,0.0,31.16029736178412,0.35,3.2526911934581184,0
61,trip,2010,2028.3098544941652,z30,z22,toy-0004460,,,False,38.50529619600851,0.0,36.857409291533656,0.35,5.142956348249516,0
24,trip,2010,2034.1666666666667,z01,z31,toy-0004462,,,False,17.90364178296348,0.0,15.728641782963479,0.35,6.8999999999999995,0
39,trip,2010,2032.8512746230542,z32,z10,toy-0004472,,,False,46.037789315428405,0.0,43.98117459935354,0.35,6.505382386916237,0
42,trip,2010,2034.8098544941652,z11,z22,toy-0004463,,,False,46.40585408311564,0.0,44.17296717864079,2.3,5.142956348249516,0
48,trip,2010,2034.8098544941652,z22,z11,toy-0004461,,,False,43.5004983794504,0.0,41.267611474975546,5.142956348249516,2.3,0
65,trip,2010,2035.4107953946243,z32,z01,toy-0004473,,,False,47.89500000000004,0.0,45.608028414483854,0.35,7.273238618387272,0
49,trip,2010,2048.827795783886,z22,z12,toy-0004457,,,False,37.46677056785026,0.0,33.972268947300535,6.505382386916237,5.142956348249516,0
70,trip,2010,2025.3333333333333,z32,z21,toy-0004471,,,False,37.93736256645534,0.0,36.55736256645534,2.3,2.3,0
77,trip,2010,2028.5089706448605,z31,z21,toy-0004459,,,False,38.657113095525006,0.0,36.99130573748757,3.2526911934581184,2.3,0
78,trip,2010,2022.0089706448605,z31,z20,toy-0004466,,,False,24.314504499630033,0.0,23.233697141592597,0.35,3.2526911934581184,0
81,trip,2010,2028.5089706448605,z31,z32,toy-0004465,,,False,24.443916046687452,0.0,22.778108688650015,2.3,3.2526911934581184,0
89,trip,2010,2036.175637311527,z31,z20,toy-0004464,,,False,40.13345238210054,0.0,37.777645024063105,4.6,3.2526911934581184,0
75,trip,2010,2026.5,z32,z12,toy-0004474,,,False,40.12394018777997,0.0,38.63894018777997,0.35,4.6,0
80,visit,2010,2025.0,z32,z32,,hub_waterfront,local,True,30.030780233692496,12.777777777777779,42.598558011470274,0.7,0,7.666666666666668
69,visit,2010,2025.0,z32,z32,,hub_waterfront,local,True,31.100686614537505,12.777777777777779,43.66846439231528,0.7,0,7.666666666666668
45,visit,2010,2025.0,z31,z31,,hub_core,local,True,34.885155851775224,12.777777777777779,47.452933629553,0.7,0,7.666666666666668
72,visit,2010,2025.0,z31,z31,,hub_core,local,True,35.06075371271301,12.777777777777779,47.628531490490786,0.7,0,7.666666666666668
20,visit,2010,2039.3333333333333,z00,z00,,depot_west,central,False,36.31680411693809,0.0,36.106804116938086,0.7,0,0
13,visit,2010,2025.0,z31,z31,,hub_core,local,True,38.65469102141259,9.450308978587408,47.894999999999996,0.7,0,5.670185387152445
0,trip,2020,2028.8333333333333,z22,z32,toy-0004489,,,False,36.35053192853808,0.0,35.55553192853808,0.35,2.3,0
55,trip,2020,2032.0089706448605,z22,z31,toy-0004487,,,False,35.06838528392523,0.0,33.9875779258878,0.35,3.2526911934581184,0
25,trip,2020,2045.4107953946243,z30,z01,toy-0004477,,,False,33.10810985442555,0.0,30.82113826890937,0.35,7.273238618387272,0
19,trip,2020,2043.0,z02,z21,toy-0004479,,,False,30.678166378830294,0.0,28.608166378830294,2.3,4.6,0
31,trip,2020,2032.0089706448605,z11,z02,toy-0004481,,,False,44.59463841912039,0.0,43.51383106108296,0.35,3.2526911934581184,0
47,trip,2020,2028.8333333333333,z32,z31,toy-0004490,,,False,36.40649513835084,0.0,35.61149513835084,0.35,2.3,0
14,trip,2020,2038.3098544941652,z31,z10,toy-0004485,,,False,32.511837666025414,0.0,30.86395076155056,0.35,5.142956348249516,0
66,trip,2020,2028.8333333333333,z30,z31,toy-0004478,,,False,47.89499999999982,0.0,47.09999999999982,0.35,2.3,0
40,trip,2020,2036.5,z11,z31,toy-0004480,,,False,47.89500000000014,0.0,46.41000000000014,0.35,4.6,0
88,trip,2020,2032.0089706448605,z11,z22,toy-0004482,,,False,38.96788896325625,0.0,37.88708160521882,0.35,3.2526911934581184,0
3,trip,2020,2032.0089706448605,z21,z12,toy-0004484,,,False,32.493917212463096,0.0,31.41310985442566,0.35,3.2526911934581184,0
71,trip,2020,2044.8098544941652,z10,z21,toy-0004475,,,False,42.451027976436784,0.0,40.21814107196193,2.3,5.142956348249516,0
57,trip,2020,2038.3098544941652,z12,z31,toy-0004486,,,False,35.2893341519715,0.0,33.64144724749665,0.35,5.142956348249516,0
26,trip,2020,2057.017941289721,z20,z22,toy-0004476,,,False,33.94928271545497,0.0,30.6176679993801,4.6,6.505382386916237,0
74,trip,2020,2028.8333333333333,z22,z12,toy-0004488,,,False,38.72838528392501,0.0,37.933385283925006,0.35,2.3,0
38,trip,2020,2028.8333333333333,z21,z31,toy-0004483,,,False,38.68388366337524,0.0,37.88888366337524,0.35,2.3,0
73,trip,2020,2032.0089706448605,z20,z31,toy-0004497,,,False,37.48522178417516,0.0,36.40441442613773,0.35,3.2526911934581184,0
63,trip,2020,2044.8098544941652,z21,z32,toy-0004503,,,False,42.848028414483935,0.0,40.61514151000908,2.3,5.142956348249516,0
84,trip,2020,2028.8333333333333,z21,z20,toy-0004504,,,False,38.66352679393407,0.0,37.868526793934066,0.35,2.3,0
44,trip,2020,2028.8333333333333,z31,z21,toy-0004506,,,False,46.229192641962484,0.0,45.43419264196248,0.35,2.3,0
87,trip,2020,2043.0,z22,z32,toy-0004513,,,False,45.13500000000015,0.0,43.06500000000015,2.3,4.6,0
51,trip,2020,2028.8333333333333,z32,z22,toy-0004516,,,False,39.93211309552525,0.0,39.13711309552525,0.35,2.3,0
58,trip,2020,2052.476521160832,z32,z20,toy-0004510,,,False,31.691945626947035,0.0,28.76905872247218,4.6,5.142956348249516,0
56,trip,2020,2067.2441287279576,z31,z32,toy-0004501,,,False,32.069892432490896,0.0,27.817920846974715,6.8999999999999995,7.273238618387272,0
59,trip,2020,2043.0,z32,z11,toy-0004511,,,False,45.21433884852836,0.0,43.144338848528356,4.6,2.3,0
62,trip,2020,2043.0,z31,z32,toy-0004500,,,False,32.20166903167178,0.0,30.131669031671777,2.3,4.6,0
68,trip,2020,2059.577462061291,z31,z22,toy-0004509,,,False,17.009788685423647,0.0,13.447817099907466,7.273238618387272,4.6,0
8,visit,2020,2035.0,z11,z11,,hub_center,local,True,30.222325471705126,12.777777777777779,42.790103249482904,0.7,0,7.666666666666668
5,visit,2020,2035.0,z32,z32,,hub_waterfront,local,True,36.98888366337527,11.11611633662473,47.894999999999996,0.7,0,6.6696698019748375
28,trip,2030,2042.0089706448605,z22,z31,toy-0004526,,,False,35.36514151000895,0.0,34.284334151971514,0.35,3.2526911934581184,0
6,trip,2030,2038.8333333333333,z21,z31,toy-0004521,,,False,32.67018940086307,0.0,31.87518940086307,0.35,2.3,0
78,trip,2030,2052.851274623054,z20,z02,toy-0004517,,,False,23.233697141592586,0.0,21.177082425517714,0.35,6.505382386916237,0
36,trip,2030,2046.5,z11,z31,toy-0004520,,,False,31.160297361784114,0.0,29.675297361784114,0.35,4.6,0
4,trip,2030,2042.0089706448605,z31,z22,toy-0004524,,,False,35.36458362290167,0.0,34.28377626486424,0.35,3.2526911934581184,0
69,trip,2030,2038.8333333333333,z32,z31,toy-0004528,,,False,43.6684643923154,0.0,42.8734643923154,0.35,2.3,0
7,trip,2030,2054.1666666666665,z02,z32,toy-0004525,,,False,27.520829290322325,0.0,25.345829290322325,0.35,6.8999999999999995,0
1,trip,2030,2060.6666666666665,z00,z31,toy-0004519,,,False,32.47069641386404,0.0,29.710696413864042,2.3,6.8999999999999995,0
22,trip,2030,2048.5089706448603,z00,z10,toy-0004518,,,False,29.262002151351606,0.0,27.59619479331417,2.3,3.2526911934581184,0
9,trip,2030,2038.8333333333333,z21,z22,toy-0004522,,,False,34.12388366337537,0.0,33.32888366337537,0.35,2.3,0
80,trip,2030,2048.309854494165,z32,z11,toy-0004527,,,False,42.59855801147039,0.0,40.950671106995536,0.35,5.142956348249516,0
35,trip,2030,2042.0089706448605,z21,z32,toy-0004523,,,False,29.673418833012896,0.0,28.59261147497546,0.35,3.2526911934581184,0
12,trip,2030,2048.309854494165,z12,z31,toy-0004541,,,False,41.571339286575196,0.0,39.92345238210034,0.35,5.142956348249516,0
29,trip,2030,2042.0089706448605,z10,z21,toy-0004529,,,False,28.58019227994353,0.0,27.499384921906096,0.35,3.2526911934581184,0
84,trip,2030,2038.8333333333333,z20,z21,toy-0004530,,,False,37.86852679393406,0.0,37.07352679393406,0.35,2.3,0
11,trip,2030,2046.5,z31,z11,toy-0004537,,,False,30.07492260491411,0.0,28.58992260491411,0.35,4.6,0
81,trip,2030,2038.8333333333333,z32,z31,toy-0004546,,,False,22.778108688650008,0.0,21.983108688650006,0.35,2.3,0
44,trip,2030,2038.8333333333333,z21,z11,toy-0004535,,,False,45.434192641962476,0.0,44.639192641962474,0.35,2.3,0
32,trip,2030,2048.309854494165,z22,z10,toy-0004543,,,False,37.13141369840888,0.0,35.483526793934026,0.35,5.142956348249516,0
51,trip,2030,2038.8333333333333,z22,z32,toy-0004545,,,False,39.137113095525244,0.0,38.34211309552524,0.35,2.3,0
21,trip,2030,2061.910795394624,z12,z31,toy-0004540,,,False,45.029999999999916,0.0,42.15802841448374,2.3,7.273238618387272,0
13,trip,2030,2038.8333333333333,z31,z32,toy-0004538,,,False,47.89500000000011,0.0,47.10000000000011,0.35,2.3,0
17,trip,2030,2054.1666666666665,z31,z01,toy-0004536,,,False,26.65438204282549,0.0,24.47938204282549,0.35,6.8999999999999995,0
75,trip,2030,2054.809854494165,z12,z21,toy-0004539,,,False,38.63894018777997,0.0,36.40605328330512,2.3,5.142956348249516,0
83,trip,2030,2061.910795394624,z11,z30,toy-0004534,,,False,41.47761147497553,0.0,38.605639889459354,2.3,7.273238618387272,0
18,trip,2030,2048.5089706448603,z30,z31,toy-0004531,,,False,36.93553192853807,0.0,35.269724570500635,2.3,3.2526911934581184,0
27,trip,2030,2045.3333333333333,z31,z31,toy-0004533,,,False,44.37130573748752,0.0,42.991305737487515,2.3,2.3,0
38,trip,2030,2048.5089706448603,z31,z21,toy-0004532,,,False,37.88888366337523,0.0,36.2230763053378,2.3,3.2526911934581184,0
61,trip,2030,2045.3333333333333,z22,z02,toy-0004542,,,False,36.85740929153364,0.0,35.47740929153364,2.3,2.3,0
52,trip,2030,2045.3333333333333,z21,z21,toy-0004544,,,False,19.98213386203432,0.0,18.60213386203432,2.3,2.3,0
53,visit,2030,2062.446179096464,z31,z31,,hub_core,local,False,6.250257061448629,41.85474293855137,47.894999999999996,0.7,0,25.11284576313082
15,visit,2030,2050.3333333333335,z22,z22,,hub_inner,local,False,29.399818020657015,0.0,28.019818020657016,4.6,0,0
50,visit,2030,2045.0,z31,z31,,hub_core,local,True,34.92341883301273,12.777777777777779,47.49119661079051,0.7,0,7.666666666666668
33,visit,2030,2045.0,z31,z31,,hub_core,local,True,35.3385603430217,12.7664396569783,47.894999999999996,0.7,0,7.65986379418698
0,visit,2030,2045.0,z32,z32,,hub_waterfront,local,True,35.55553192853807,12.549468071461924,47.894999999999996,0.7,0,7.529680842877155
79,visit,2030,2045.0,z11,z11,,hub_center,local,True,37.44502562826276,10.659974371737235,47.894999999999996,0.7,0,6.395984623042341
74,visit,2030,2050.3333333333335,z12,z12,,hub_center,local,False,37.933385283925,0.0,36.553385283924996,4.6,0,0
86,visit,2030,2045.0,z32,z32,,hub_waterfront,local,True,38.60807630533786,9.496923694662136,47.894999999999996,0.7,0,5.698154216797281
76,visit,2030,2045.0,z21,z21,,hub_inner,,True,33.97194562694695,14.13305437305305,47.894999999999996,0.7,0,8.479832623831829
70,visit,2030,2045.0,z21,z21,,hub_inner,,True,36.55736256645533,11.547637433544667,47.894999999999996,0.7,0,6.928582460126799
6,trip,2040,2064.809854494165,z31,z11,toy-0004549,,,False,31.87518940086306,0.0,29.642302496388204,2.3,5.142956348249516,0
8,trip,2040,2048.8333333333335,z11,z10,toy-0004550,,,False,42.79010324948302,0.0,41.995103249483016,0.35,2.3,0
14,trip,2040,2048.8333333333335,z10,z20,toy-0004547,,,False,30.86395076155055,0.0,30.068950761550553,0.35,2.3,0
23,trip,2040,2048.8333333333335,z21,z31,toy-0004552,,,False,39.378418833012674,0.0,38.58341883301267,0.35,2.3,0
2,trip,2040,2052.0089706448603,z22,z31,toy-0004556,,,False,26.254724570500578,0.0,25.17391721246314,0.35,3.2526911934581184,0
5,trip,2040,2058.309854494165,z32,z20,toy-0004557,,,False,47.89499999999994,0.0,46.24711309552509,0.35,5.142956348249516,0
44,trip,2040,2058.309854494165,z11,z30,toy-0004551,,,False,44.63919264196247,0.0,42.991305737487615,0.35,5.142956348249516,0
39,trip,2040,2052.0089706448603,z10,z01,toy-0004548,,,False,43.98117459935353,0.0,42.9003672413161,0.35,3.2526911934581184,0
24,trip,2040,2048.8333333333335,z31,z21,toy-0004553,,,False,15.728641782963471,0.0,14.933641782963472,0.35,2.3,0
3,trip,2040,2048.8333333333335,z12,z22,toy-0004555,,,False,31.413109854425652,0.0,30.618109854425654,0.35,2.3,0
31,trip,2040,2062.851274623054,z02,z20,toy-0004554,,,False,43.51383106108295,0.0,41.457216345008085,0.35,6.505382386916237,0
30,trip,2040,2048.8333333333335,z31,z30,toy-0004566,,,False,37.569334151971425,0.0,36.77433415197142,0.35,2.3,0
48,trip,2040,2058.309854494165,z11,z32,toy-0004563,,,False,41.26761147497554,0.0,39.619724570500686,0.35,5.142956348249516,0
40,trip,2040,2069.351274623054,z31,z12,toy-0004562,,,False,46.41000000000014,0.0,43.76838528392527,2.3,6.505382386916237,0
20,trip,2040,2048.8333333333335,z00,z10,toy-0004558,,,False,36.10680411693808,0.0,35.31180411693808,0.35,2.3,0
67,trip,2040,2058.309854494165,z20,z01,toy-0004560,,,False,41.88633928657532,0.0,40.23845238210047,0.35,5.142956348249516,0
13,trip,2040,2052.0089706448603,z32,z21,toy-0004568,,,False,47.1000000000001,0.0,46.01919264196267,0.35,3.2526911934581184,0
46,trip,2040,2048.8333333333335,z32,z22,toy-0004569,,,False,44.400498379450156,0.0,43.605498379450154,0.35,2.3,0
89,trip,2040,2058.309854494165,z20,z32,toy-0004561,,,False,37.77764502406312,0.0,36.12975811958827,0.35,5.142956348249516,0
43,trip,2040,2058.309854494165,z10,z31,toy-0004559,,,False,26.29991397136347,0.0,24.652027066888614,0.35,5.142956348249516,0
9,trip,2040,2058.309854494165,z22,z01,toy-0004567,,,False,33.328883663375365,0.0,31.68099675890051,0.35,5.142956348249516,0
77,trip,2040,2052.0089706448603,z21,z32,toy-0004564,,,False,36.991305737487565,0.0,35.91049837945013,0.35,3.2526911934581184,0
41,trip,2040,2052.0089706448603,z31,z20,toy-0004565,,,False,27.351119609116843,0.0,26.270312251079407,0.35,3.2526911934581184,0
85,visit,2040,2055.0,z32,z32,,hub_waterfront,,True,31.620007620742367,16.484992379257633,47.895,0.7,0,9.89099542755458
10,trip,2050,2058.8333333333335,z31,z32,toy-0004580,,,False,41.19560634037144,0.0,40.40060634037144,0.35,2.3,0
12,trip,2050,2062.0089706448603,z31,z22,toy-0004579,,,False,39.92345238210035,0.0,38.84264502406292,0.35,3.2526911934581184,0
8,trip,2050,2068.309854494165,z10,z22,toy-0004571,,,False,41.99510324948301,0.0,40.34721634500816,0.35,5.142956348249516,0
11,trip,2050,2062.0089706448603,z11,z22,toy-0004575,,,False,28.589922604914108,0.0,27.50911524687667,0.35,3.2526911934581184,0
24,trip,2050,2062.0089706448603,z21,z10,toy-0004576,,,False,14.933641782963457,0.0,13.852834424926021,0.35,3.2526911934581184,0
59,trip,2050,2066.5,z11,z31,toy-0004574,,,False,43.144338848528356,0.0,41.65933884852836,0.35,4.6,0
20,trip,2050,2058.8333333333335,z10,z11,toy-0004570,,,False,35.31180411693807,0.0,34.51680411693807,0.35,2.3,0
29,trip,2050,2058.8333333333335,z21,z22,toy-0004577,,,False,27.499384921906085,0.0,26.704384921906083,0.35,2.3,0
3,trip,2050,2062.0089706448603,z22,z11,toy-0004581,,,False,30.618109854425636,0.0,29.5373024963882,0.35,3.2526911934581184,0
79,trip,2050,2058.8333333333335,z11,z21,toy-0004573,,,False,47.89499999999992,0.0,47.099999999999916,0.35,2.3,0
0,trip,2050,2058.8333333333335,z32,z31,toy-0004582,,,False,47.894999999999804,0.0,47.0999999999998,0.35,2.3,0
23,trip,2050,2068.309854494165,z31,z12,toy-0004578,,,False,38.583418833012665,0.0,36.93553192853781,0.35,5.142956348249516,0
14,trip,2050,2062.0089706448603,z20,z11,toy-0004572,,,False,30.068950761550536,0.0,28.9881434035131,0.35,3.2526911934581184,0
4,trip,2050,2058.8333333333335,z22,z32,toy-0004588,,,False,34.28377626486423,0.0,33.48877626486423,0.35,2.3,0
42,trip,2050,2062.0089706448603,z22,z31,toy-0004587,,,False,44.17296717864078,0.0,43.09215982060335,0.35,3.2526911934581184,0
46,trip,2050,2073.0,z22,z32,toy-0004586,,,False,43.60549837945015,0.0,41.535498379450146,2.3,4.6,0
27,trip,2050,2066.5,z31,z11,toy-0004585,,,False,42.99130573748751,0.0,41.50630573748751,0.35,4.6,0
38,trip,2050,2058.8333333333335,z21,z31,toy-0004584,,,False,36.22307630533781,0.0,35.42807630533781,0.35,2.3,0
25,trip,2050,2068.309854494165,z01,z22,toy-0004583,,,False,30.821138268909365,0.0,29.17325136443451,0.35,5.142956348249516,0
52,visit,2050,2065.0,z21,z21,,hub_inner,local,True,18.602133862034304,12.777777777777779,31.16991163981208,0.7,0,7.666666666666668
81,visit,2050,2065.0,z31,z31,,hub_core,local,True,21.983108688649992,12.777777777777779,34.55088646642777,0.7,0,7.666666666666668
19,visit,2050,2065.0,z21,z21,,hub_inner,local,True,28.608166378830294,12.777777777777779,41.175944156608075,0.7,0,7.666666666666668
57,visit,2050,2065.0,z31,z31,,hub_core,local,True,33.641447247496636,12.777777777777779,46.209225025274414,0.7,0,7.666666666666668
49,visit,2050,2070.3333333333335,z12,z12,,hub_center,local,False,33.972268947300535,0.0,32.59226894730053,4.6,0,0
35,visit,2050,2065.0,z32,z32,,hub_waterfront,,True,28.59261147497545,17.77777777777778,46.16038925275323,0.7,0,10.666666666666668
62,visit,2050,2065.0,z32,z32,,hub_waterfront,,True,30.131669031671777,17.77777777777778,47.699446809449555,0.7,0,10.666666666666668
30,visit,2050,2065.0,z30,z30,,depot_south,,True,36.774334151971416,11.33066584802858,47.894999999999996,0.7,0,6.798399508817148
7,trip,2060,2078.309854494165,z32,z11,toy-0004604,,,False,25.34582929032234,0.0,23.697942385847483,0.35,5.142956348249516,0
13,trip,2060,2078.309854494165,z21,z02,toy-0004597,,,False,46.01919264196268,0.0,44.37130573748783,0.35,5.142956348249516,0
20,trip,2060,2072.0089706448603,z11,z20,toy-0004595,,,False,34.5168041169381,0.0,33.435996758900664,0.35,3.2526911934581184,0
5,trip,2060,2072.0089706448603,z20,z31,toy-0004591,,,False,46.247113095525094,0.0,45.16630573748766,0.35,3.2526911934581184,0
17,trip,2060,2084.1666666666665,z01,z31,toy-0004594,,,False,24.479382042825502,0.0,22.3043820428255,0.35,6.8999999999999995,0
58,trip,2060,2076.5,z20,z22,toy-0004593,,,False,28.76905872247221,0.0,27.28405872247221,0.35,4.6,0
0,trip,2060,2078.309854494165,z31,z10,toy-0004599,,,False,47.09999999999983,0.0,45.45211309552498,0.35,5.142956348249516,0
15,trip,2060,2068.8333333333335,z22,z21,toy-0004603,,,False,28.019818020657,0.0,27.224818020656997,0.35,2.3,0
70,trip,2060,2072.0089706448603,z21,z30,toy-0004596,,,False,47.894999999999975,0.0,46.81419264196254,0.35,3.2526911934581184,0
26,trip,2060,2078.309854494165,z22,z30,toy-0004602,,,False,30.617667999380128,0.0,28.969781094905272,0.35,5.142956348249516,0
2,trip,2060,2085.410795394624,z31,z00,toy-0004598,,,False,25.173917212463152,0.0,22.88694562694697,0.35,7.273238618387272,0
22,trip,2060,2082.851274623054,z10,z32,toy-0004590,,,False,27.59619479331418,0.0,25.539580077239307,0.35,6.505382386916237,0
10,trip,2060,2076.5,z32,z12,toy-0004605,,,False,40.40060634037147,0.0,38.91560634037147,0.35,4.6,0
32,trip,2060,2084.809854494165,z10,z12,toy-0004592,,,False,35.48352679393403,0.0,33.25063988945918,2.3,5.142956348249516,0
28,trip,2060,2068.8333333333335,z31,z21,toy-0004600,,,False,34.28433415197151,0.0,33.489334151971505,0.35,2.3,0
34,trip,2060,2091.910795394624,z01,z31,toy-0004589,,,False,47.30999999999971,0.0,44.438028414483526,2.3,7.273238618387272,0
74,trip,2060,2072.0089706448603,z12,z21,toy-0004601,,,False,36.55338528392498,0.0,35.47257792588755,0.35,3.2526911934581184,0
39,trip,2060,2085.410795394624,z01,z32,toy-0004608,,,False,42.90036724131611,0.0,40.61339565579993,0.35,7.273238618387272,0
16,trip,2060,2072.0089706448603,z32,z21,toy-0004617,,,False,30.68029736178427,0.0,29.599490003746833,0.35,3.2526911934581184,0
29,trip,2060,2076.5,z22,z20,toy-0004615,,,False,26.70438492190611,0.0,25.219384921906112,0.35,4.6,0
33,trip,2060,2072.0089706448603,z31,z22,toy-0004612,,,False,47.89500000000003,0.0,46.8141926419626,0.35,3.2526911934581184,0
71,trip,2060,2072.0089706448603,z21,z32,toy-0004611,,,False,40.218141071961924,0.0,39.13733371392449,0.35,3.2526911934581184,0
65,trip,2060,2078.309854494165,z01,z20,toy-0004606,,,False,45.608028414483854,0.0,43.960141510009,0.35,5.142956348249516,0
75,trip,2060,2068.8333333333335,z21,z20,toy-0004610,,,False,36.406053283305134,0.0,35.61105328330513,0.35,2.3,0
48,trip,2060,2082.851274623054,z32,z10,toy-0004616,,,False,39.61972457050069,0.0,37.563109854425825,0.35,6.505382386916237,0
51,trip,2060,2068.8333333333335,z32,z31,toy-0004618,,,False,38.342113095525235,0.0,37.54711309552523,0.35,2.3,0
67,trip,2060,2076.5,z01,z21,toy-0004607,,,False,40.238452382100476,0.0,38.75345238210048,0.35,4.6,0
80,trip,2060,2068.8333333333335,z11,z12,toy-0004609,,,False,40.95067110699554,0.0,40.15567110699554,0.35,2.3,0
61,trip,2060,2084.809854494165,z02,z31,toy-0004614,,,False,35.47740929153363,0.0,33.24452238705878,2.3,5.142956348249516,0
36,trip,2060,2068.8333333333335,z31,z32,toy-0004613,,,False,29.67529736178411,0.0,28.88029736178411,0.35,2.3,0
68,visit,2060,2101.478643073389,z22,z22,,hub_inner,local,False,13.447817099907455,35.242182900092544,47.309999999999995,4.6,0,21.145309740055527
41,visit,2060,2080.3333333333335,z20,z20,,depot_south,local,False,26.270312251079417,0.0,24.89031225107942,4.6,0,0
9,visit,2060,2080.3333333333335,z01,z01,,depot_west,local,False,31.680996758900523,0.0,30.300996758900524,4.6,0,0
4,visit,2060,2075.0,z32,z32,,hub_waterfront,local,True,33.488776264864256,12.777777777777779,46.056554042642034,0.7,0,7.666666666666668
30,trip,2070,2088.309854494165,z30,z22,toy-0004621,,,False,47.89499999999986,0.0,46.24711309552501,0.35,5.142956348249516,0
1,trip,2070,2082.0089706448603,z31,z20,toy-0004627,,,False,29.710696413864053,0.0,28.629889055826617,0.35,3.2526911934581184,0
15,trip,2070,2082.0089706448603,z21,z12,toy-0004626,,,False,27.224818020657025,0.0,26.14401066261959,0.35,3.2526911934581184,0
19,trip,2070,2078.8333333333335,z21,z11,toy-0004625,,,False,41.17594415660784,0.0,40.38094415660784,0.35,2.3,0
35,trip,2070,2078.8333333333335,z32,z22,toy-0004631,,,False,46.160389252753,0.0,45.365389252753,0.35,2.3,0
36,trip,2070,2088.309854494165,z32,z20,toy-0004629,,,False,28.880297361784137,0.0,27.232410457309282,0.35,5.142956348249516,0
3,trip,2070,2088.309854494165,z11,z32,toy-0004624,,,False,29.537302496388214,0.0,27.88941559191336,0.35,5.142956348249516,0
6,trip,2070,2086.5,z11,z31,toy-0004623,,,False,29.642302496388215,0.0,28.157302496388215,0.35,4.6,0
31,trip,2070,2078.8333333333335,z20,z21,toy-0004620,,,False,41.4572163450081,0.0,40.6622163450081,0.35,2.3,0
24,trip,2070,2094.809854494165,z10,z21,toy-0004619,,,False,13.852834424926034,0.0,11.619947520451179,2.3,5.142956348249516,0
23,trip,2070,2088.309854494165,z12,z00,toy-0004628,,,False,36.93553192853781,0.0,35.28764502406296,0.35,5.142956348249516,0
44,trip,2070,2086.5,z30,z32,toy-0004622,,,False,42.99130573748762,0.0,41.50630573748762,0.35,4.6,0
54,trip,2070,2095.410795394624,z32,z01,toy-0004630,,,False,37.85514151000913,0.0,35.56816992449295,0.35,7.273238618387272,0
8,trip,2070,2078.8333333333335,z22,z12,toy-0004639,,,False,40.34721634500816,0.0,39.552216345008155,0.35,2.3,0
56,trip,2070,2086.5,z32,z30,toy-0004641,,,False,27.817920846974722,0.0,26.332920846974723,0.35,4.6,0
21,trip,2070,2078.8333333333335,z31,z21,toy-0004635,,,False,42.15802841448371,0.0,41.36302841448371,0.35,2.3,0
11,trip,2070,2078.8333333333335,z22,z32,toy-0004640,,,False,27.509115246876686,0.0,26.714115246876688,0.35,2.3,0
60,trip,2070,2078.8333333333335,z32,z31,toy-0004642,,,False,33.522809509388935,0.0,32.72780950938893,0.35,2.3,0
28,trip,2070,2078.8333333333335,z21,z31,toy-0004633,,,False,33.48933415197153,0.0,32.69433415197153,0.35,2.3,0
38,trip,2070,2094.1666666666665,z31,z01,toy-0004634,,,False,35.42807630533784,0.0,33.25307630533784,0.35,6.8999999999999995,0
14,trip,2070,2088.5089706448603,z11,z12,toy-0004632,,,False,28.988143403513114,0.0,27.322336045475677,2.3,3.2526911934581184,0
42,trip,2070,2078.8333333333335,z31,z32,toy-0004636,,,False,43.09215982060336,0.0,42.297159820603355,0.35,2.3,0
12,trip,2070,2092.851274623054,z22,z00,toy-0004637,,,False,38.842645024062925,0.0,36.78603030798806,0.35,6.505382386916237,0
25,trip,2070,2082.0089706448603,z22,z31,toy-0004638,,,False,29.173251364434524,0.0,28.092444006397088,0.35,3.2526911934581184,0
18,visit,2070,2085.0,z31,z31,,hub_core,local,True,35.26972457050065,12.777777777777779,47.83750234827843,0.7,0,7.666666666666668
73,visit,2070,2085.0,z31,z31,,hub_core,local,True,36.40441442613772,11.700585573862277,47.894999999999996,0.7,0,7.020351344317366
37,visit,2070,2085.0,z31,z31,,hub_core,local,True,47.09999999999992,1.0050000000000736,47.894999999999996,0.7,0,0.6030000000000442
52,visit,2070,2085.0,z21,z21,,hub_inner,,True,31.169911639811858,16.935088360188143,47.895,0.7,0,10.161053016112886
77,visit,2070,2085.0,z32,z32,,hub_waterfront,,True,35.910498379450146,12.19450162054985,47.894999999999996,0.7,0,7.31670097232991
89,visit,2070,2085.0,z32,z32,,hub_waterfront,,True,36.129758119588274,11.975241880411723,47.894999999999996,0.7,0,7.185145128247034
84,visit,2070,2085.0,z21,z21,,hub_inner,,True,37.07352679393405,11.031473206065947,47.894999999999996,0.7,0,6.618883923639568
83,visit,2070,2085.0,z30,z30,,depot_south,,True,38.605639889459326,9.499360110540671,47.894999999999996,0.7,0,5.699616066324403
0,trip,2080,2098.5089706448603,z10,z11,toy-0004643,,,False,45.45211309552498,0.0,43.786305737487545,2.3,3.2526911934581184,0
5,trip,2080,2098.309854494165,z31,z12,toy-0004653,,,False,45.16630573748767,0.0,43.51841883301282,0.35,5.142956348249516,0
20,trip,2080,2088.8333333333335,z20,z30,toy-0004646,,,False,33.43599675890067,0.0,32.64099675890067,0.35,2.3,0
7,trip,2080,2104.809854494165,z11,z31,toy-0004645,,,False,23.697942385847497,0.0,21.465055481372644,2.3,5.142956348249516,0
16,trip,2080,2088.8333333333335,z21,z22,toy-0004651,,,False,29.599490003746848,0.0,28.80449000374685,0.35,2.3,0
26,trip,2080,2088.8333333333335,z30,z31,toy-0004649,,,False,28.969781094905287,0.0,28.174781094905285,0.35,2.3,0
19,trip,2080,2118.484863756751,z11,z32,toy-0004644,,,False,40.38094415660787,0.0,36.91730641850028,3.2526911934581184,8.292767933567175,0
29,trip,2080,2092.0089706448603,z20,z31,toy-0004647,,,False,25.219384921906112,0.0,24.138577563868676,0.35,3.2526911934581184,0
27,trip,2080,2088.8333333333335,z11,z01,toy-0004650,,,False,41.5063057374875,0.0,40.7113057374875,0.35,2.3,0
28,trip,2080,2096.5,z31,z11,toy-0004652,,,False,32.69433415197156,0.0,31.20933415197156,0.35,4.6,0
65,trip,2080,2098.309854494165,z20,z32,toy-0004648,,,False,43.960141510009,0.0,42.31225460553415,0.35,5.142956348249516,0
13,trip,2080,2117.017941289721,z02,z22,toy-0004655,,,False,44.37130573748783,0.0,41.039691021412956,4.6,6.505382386916237,0
21,trip,2080,2092.0089706448603,z21,z32,toy-0004660,,,False,41.363028414483736,0.0,40.2822210564463,0.35,3.2526911934581184,0
31,trip,2080,2096.5,z21,z01,toy-0004659,,,False,40.662216345008126,0.0,39.17721634500813,0.35,4.6,0
43,trip,2080,2092.0089706448603,z31,z22,toy-0004662,,,False,24.652027066888625,0.0,23.57121970885119,0.35,3.2526911934581184,0
8,trip,2080,2095.3333333333335,z12,z21,toy-0004657,,,False,39.55221634500818,0.0,38.17221634500818,2.3,2.3,0
4,trip,2080,2092.0089706448603,z32,z21,toy-0004666,,,False,46.0565540426418,0.0,44.97574668460437,0.35,3.2526911934581184,0
45,trip,2080,2105.410795394624,z31,z02,toy-0004661,,,False,47.45293362955312,0.0,45.16596204403694,0.35,7.273238618387272,0
11,trip,2080,2108.809226445224,z32,z00,toy-0004665,,,False,26.714115246876712,0.0,24.121284866806562,0.35,8.292767933567175,0
78,trip,2080,2095.3333333333335,z02,z11,toy-0004656,,,False,21.177082425517725,0.0,19.797082425517726,2.3,2.3,0
33,trip,2080,2092.0089706448603,z22,z11,toy-0004664,,,False,46.814192641962606,0.0,45.73338528392517,0.35,3.2526911934581184,0
10,trip,2080,2098.5089706448603,z12,z22,toy-0004658,,,False,38.91560634037146,0.0,37.24979898233403,2.3,3.2526911934581184,0
75,trip,2080,2103.0,z20,z01,toy-0004654,,,False,35.61105328330516,0.0,33.54105328330516,4.6,2.3,0
40,trip,2080,2088.8333333333335,z12,z11,toy-0004663,,,False,43.768385283925284,0.0,42.97338528392528,0.35,2.3,0
70,visit,2080,2095.0,z30,z30,,depot_south,local,True,46.81419264196255,1.2908073580374477,47.894999999999996,0.7,0,0.7744844148224687
52,trip,2090,2098.8333333333335,z21,z31,toy-0004669,,,False,47.895,0.0,47.1,0.35,2.3,0
3,trip,2090,2098.8333333333335,z32,z22,toy-0004681,,,False,27.889415591913373,0.0,27.094415591913375,0.35,2.3,0
22,trip,2090,2114.1666666666665,z32,z02,toy-0004680,,,False,25.53958007723932,0.0,23.36458007723932,0.35,6.8999999999999995,0
6,trip,2090,2098.8333333333335,z31,z32,toy-0004673,,,False,28.157302496388215,0.0,27.362302496388217,0.35,2.3,0
14,trip,2090,2098.8333333333335,z12,z22,toy-0004674,,,False,27.322336045475687,0.0,26.527336045475685,0.35,2.3,0
17,trip,2090,2098.8333333333335,z31,z21,toy-0004672,,,False,22.30438204282552,0.0,21.50938204282552,0.35,2.3,0
18,trip,2090,2098.8333333333335,z31,z30,toy-0004671,,,False,47.83750234827819,0.0,47.04250234827819,0.35,2.3,0
16,trip,2090,2102.0089706448603,z22,z31,toy-0004677,,,False,28.804490003746874,0.0,27.723682645709438,0.35,3.2526911934581184,0
40,trip,2090,2102.0089706448603,z11,z00,toy-0004668,,,False,42.97338528392531,0.0,41.89257792588788,0.35,3.2526911934581184,0
30,trip,2090,2108.309854494165,z22,z10,toy-0004675,,,False,46.24711309552501,0.0,44.59922619105016,0.35,5.142956348249516,0
39,trip,2090,2098.8333333333335,z32,z31,toy-0004679,,,False,40.61339565579994,0.0,39.81839565579994,0.35,2.3,0
25,trip,2090,2102.0089706448603,z31,z20,toy-0004670,,,False,28.092444006397102,0.0,27.011636648359666,0.35,3.2526911934581184,0
48,trip,2090,2102.0089706448603,z10,z21,toy-0004667,,,False,37.56310985442583,0.0,36.4823024963884,0.35,3.2526911934581184,0
35,trip,2090,2098.8333333333335,z22,z21,toy-0004676,,,False,45.365389252753026,0.0,44.570389252753024,0.35,2.3,0
42,trip,2090,2108.309854494165,z32,z11,toy-0004678,,,False,42.29715982060338,0.0,40.64927291612853,0.35,5.142956348249516,0
15,trip,2090,2106.5,z12,z32,toy-0004694,,,False,26.144010662619603,0.0,24.659010662619604,0.35,4.6,0
32,trip,2090,2112.851274623054,z12,z30,toy-0004692,,,False,33.250639889459194,0.0,31.194025173384322,0.35,6.505382386916237,0
36,trip,2090,2098.8333333333335,z20,z10,toy-0004684,,,False,27.232410457309296,0.0,26.437410457309298,0.35,2.3,0
2,trip,2090,2113.0,z00,z12,toy-0004683,,,False,22.88694562694699,0.0,20.81694562694699,2.3,4.6,0
49,trip,2090,2108.309854494165,z12,z20,toy-0004691,,,False,32.59226894730057,0.0,30.944382042825712,0.35,5.142956348249516,0
20,trip,2090,2098.8333333333335,z30,z20,toy-0004685,,,False,32.6409967589007,0.0,31.845996758900696,0.35,2.3,0
9,trip,2090,2113.0,z01,z31,toy-0004687,,,False,30.30099675890055,0.0,28.23099675890055,2.3,4.6,0
58,trip,2090,2106.5,z22,z02,toy-0004695,,,False,27.28405872247221,0.0,25.79905872247221,0.35,4.6,0
26,trip,2090,2108.309854494165,z31,z10,toy-0004688,,,False,28.174781094905313,0.0,26.526894190430458,0.35,5.142956348249516,0
27,trip,2090,2114.1666666666665,z01,z31,toy-0004686,,,False,40.71130573748753,0.0,38.53630573748753,0.35,6.8999999999999995,0
80,trip,2090,2120.6666666666665,z12,z32,toy-0004690,,,False,40.15567110699557,0.0,37.39567110699557,2.3,6.8999999999999995,0
88,trip,2090,2129.577462061291,z22,z31,toy-0004689,,,False,37.88708160521881,0.0,34.32511001970263,4.6,7.273238618387272,0
41,trip,2090,2105.3333333333335,z20,z00,toy-0004682,,,False,24.890312251079443,0.0,23.510312251079444,2.3,2.3,0
67,trip,2090,2117.985491805692,z21,z31,toy-0004693,,,False,38.75345238210047,0.0,36.23475811958818,3.2526911934581184,5.142956348249516,0
56,visit,2090,2105.0,z30,z30,,depot_south,local,True,26.332920846974723,12.777777777777779,38.9006986247525,0.7,0,7.666666666666668
1,visit,2090,2110.3333333333335,z20,z20,,depot_south,local,False,28.62988905582663,0.0,27.249889055826632,4.6,0,0
60,visit,2090,2105.0,z31,z31,,hub_core,local,True,32.72780950938896,12.777777777777779,45.29558728716674,0.7,0,7.666666666666668
61,visit,2090,2105.0,z31,z31,,hub_core,local,True,33.244522387058794,12.777777777777779,45.81230016483657,0.7,0,7.666666666666668
23,visit,2090,2105.0,z00,z00,,depot_west,local,True,35.28764502406296,12.777777777777779,47.85542280184074,0.7,0,7.666666666666668
64,visit,2090,2105.0,z31,z31,,hub_core,,True,33.842611474975364,14.262388525024637,47.895,0.7,0,8.557433115014781
74,visit,2090,2105.0,z21,z21,,hub_inner,,True,35.472577925887556,12.63242207411244,47.894999999999996,0.7,0,7.579453244467464
20,trip,2100,2116.5,z20,z22,toy-0004697,,,False,31.84599675890072,0.0,30.360996758900722,0.35,4.6,0
0,trip,2100,2118.309854494165,z11,z32,toy-0004699,,,False,43.78630573748756,0.0,42.13841883301271,0.35,5.142956348249516,0
4,trip,2100,2108.8333333333335,z21,z20,toy-0004701,,,False,44.975746684604374,0.0,44.18074668460437,0.35,2.3,0
29,trip,2100,2112.0089706448603,z31,z22,toy-0004704,,,False,24.13857756386869,0.0,23.057770205831254,0.35,3.2526911934581184,0
21,trip,2100,2116.5,z32,z12,toy-0004707,,,False,40.28222105644631,0.0,38.79722105644631,0.35,4.6,0
34,trip,2100,2116.5,z31,z11,toy-0004703,,,False,44.43802841448355,0.0,42.95302841448355,0.35,4.6,0
3,trip,2100,2108.8333333333335,z22,z32,toy-0004705,,,False,27.0944155919134,0.0,26.2994155919134,0.35,2.3,0
8,trip,2100,2118.5089706448603,z21,z11,toy-0004696,,,False,38.17221634500821,0.0,36.506408986970776,2.3,3.2526911934581184,0
44,trip,2100,2118.309854494165,z32,z20,toy-0004706,,,False,41.506305737487615,0.0,39.85841883301276,0.35,5.142956348249516,0
17,trip,2100,2108.8333333333335,z21,z11,toy-0004702,,,False,21.509382042825546,0.0,20.714382042825548,0.35,2.3,0
24,trip,2100,2118.309854494165,z21,z00,toy-0004700,,,False,11.619947520451188,0.0,9.972060615976332,0.35,5.142956348249516,0
18,trip,2100,2112.0089706448603,z30,z21,toy-0004698,,,False,47.04250234827822,0.0,45.96169499024079,0.35,3.2526911934581184,0
5,trip,2100,2123.0,z12,z22,toy-0004719,,,False,43.51841883301282,0.0,41.448418833012816,2.3,4.6,0
10,trip,2100,2118.5089706448603,z22,z01,toy-0004720,,,False,37.24979898233404,0.0,35.58399162429661,2.3,3.2526911934581184,0
70,trip,2100,2116.5,z30,z10,toy-0004712,,,False,47.894999999999875,0.0,46.409999999999876,0.35,4.6,0
46,trip,2100,2108.8333333333335,z32,z31,toy-0004725,,,False,41.535498379450146,0.0,40.740498379450145,0.35,2.3,0
43,trip,2100,2112.0089706448603,z22,z31,toy-0004723,,,False,23.571219708851203,0.0,22.490412350813767,0.35,3.2526911934581184,0
35,trip,2100,2118.5089706448603,z21,z31,toy-0004711,,,False,44.57038925275305,0.0,42.90458189471562,2.3,3.2526911934581184,0
76,trip,2100,2112.0089706448603,z21,z10,toy-0004713,,,False,47.89499999999982,0.0,46.814192641962386,0.35,3.2526911934581184,0
28,trip,2100,2118.5089706448603,z11,z21,toy-0004721,,,False,31.209334151971557,0.0,29.54352679393412,2.3,3.2526911934581184,0
12,trip,2100,2124.809854494165,z00,z22,toy-0004708,,,False,36.786030307988064,0.0,34.55314340351321,2.3,5.142956348249516,0
37,trip,2100,2108.8333333333335,z31,z21,toy-0004717,,,False,47.89500000000005,0.0,47.10000000000005,0.35,2.3,0
62,trip,2100,2112.0089706448603,z32,z21,toy-0004724,,,False,47.69944680944932,0.0,46.61863945141189,0.35,3.2526911934581184,0
33,trip,2100,2129.351274623054,z11,z32,toy-0004709,,,False,45.73338528392518,0.0,43.09177056785031,2.3,6.505382386916237,0
79,trip,2100,2115.3333333333335,z21,z21,toy-0004710,,,False,47.099999999999945,0.0,45.71999999999994,2.3,2.3,0
84,trip,2100,2108.8333333333335,z21,z31,toy-0004714,,,False,47.89500000000026,0.0,47.10000000000026,0.35,2.3,0
63,trip,2100,2123.0,z32,z20,toy-0004722,,,False,40.615141510009074,0.0,38.545141510009074,2.3,4.6,0
39,trip,2100,2115.3333333333335,z31,z22,toy-0004715,,,False,39.81839565579997,0.0,38.438395655799965,2.3,2.3,0
47,trip,2100,2108.8333333333335,z31,z32,toy-0004718,,,False,35.61149513835083,0.0,34.81649513835083,0.35,2.3,0
50,trip,2100,2118.5089706448603,z31,z32,toy-0004716,,,False,47.49119661079063,0.0,45.8253892527532,2.3,3.2526911934581184,0
36,visit,2100,2142.3333333333335,z10,z10,,depot_west,central,False,26.437410457309323,0.0,25.057410457309324,4.6,0,0
14,visit,2100,2161.286375654997,z22,z22,,depot_south,central,False,26.527336045475714,0.0,23.441562236526003,10.285912696499032,0,0
6,visit,2100,2115.0,z32,z32,,hub_waterfront,local,True,27.362302496388242,12.777777777777779,39.93008027416602,0.7,0,7.666666666666668
78,visit,2100,2115.0,z11,z11,,hub_center,,True,19.79708242551775,17.77777777777778,37.36486020329553,0.7,0,10.666666666666668
26,trip,2110,2128.309854494165,z10,z31,toy-0004727,,,False,26.526894190430472,0.0,24.879007285955616,0.35,5.142956348249516,0
17,trip,2110,2133.0,z11,z10,toy-0004735,,,False,20.714382042825573,0.0,18.644382042825573,2.3,4.6,0
68,trip,2110,2128.309854494165,z22,z01,toy-0004736,,,False,47.30999999999979,0.0,45.66211309552494,0.35,5.142956348249516,0
3,trip,2110,2132.851274623054,z32,z10,toy-0004737,,,False,26.299415591913426,0.0,24.242800875838554,0.35,6.505382386916237,0
31,trip,2110,2135.410795394624,z01,z32,toy-0004729,,,False,39.17721634500812,0.0,36.890244759491935,0.35,7.273238618387272,0
7,trip,2110,2135.410795394624,z31,z00,toy-0004732,,,False,21.46505548137265,0.0,19.17808389585647,0.35,7.273238618387272,0
23,trip,2110,2135.410795394624,z00,z31,toy-0004726,,,False,47.855422801840504,0.0,45.56845121632432,0.35,7.273238618387272,0
4,trip,2110,2128.309854494165,z20,z32,toy-0004728,,,False,44.1807466846044,0.0,42.53285978012955,0.35,5.142956348249516,0
42,trip,2110,2118.8333333333335,z11,z10,toy-0004730,,,False,40.64927291612853,0.0,39.85427291612853,0.35,2.3,0
15,trip,2110,2118.8333333333335,z32,z22,toy-0004738,,,False,24.659010662619604,0.0,23.864010662619606,0.35,2.3,0
37,trip,2110,2128.5089706448603,z21,z20,toy-0004731,,,False,47.10000000000008,0.0,45.434192641962646,2.3,3.2526911934581184,0
16,trip,2110,2128.309854494165,z31,z12,toy-0004734,,,False,27.723682645709452,0.0,26.075795741234597,0.35,5.142956348249516,0
46,trip,2110,2134.1666666666665,z31,z01,toy-0004733,,,False,40.74049837945017,0.0,38.565498379450176,0.35,6.8999999999999995,0
51,trip,2110,2118.8333333333335,z31,z32,toy-0004744,,,False,37.54711309552526,0.0,36.75211309552526,0.35,2.3,0
52,trip,2110,2122.0089706448603,z31,z22,toy-0004743,,,False,47.10000000000003,0.0,46.0191926419626,0.35,3.2526911934581184,0
38,trip,2110,2133.0,z01,z31,toy-0004740,,,False,33.25307630533785,0.0,31.18307630533785,2.3,4.6,0
47,trip,2110,2125.3333333333335,z32,z21,toy-0004745,,,False,34.81649513835086,0.0,33.43649513835086,2.3,2.3,0
65,trip,2110,2118.8333333333335,z32,z31,toy-0004747,,,False,42.31225460553415,0.0,41.51725460553415,0.35,2.3,0
71,trip,2110,2128.309854494165,z32,z11,toy-0004746,,,False,39.1373337139245,0.0,37.489446809449646,0.35,5.142956348249516,0
53,trip,2110,2122.0089706448603,z31,z20,toy-0004742,,,False,47.89500000000024,0.0,46.814192641962805,0.35,3.2526911934581184,0
48,trip,2110,2122.0089706448603,z21,z12,toy-0004741,,,False,36.48230249638841,0.0,35.401495138350974,0.35,3.2526911934581184,0
54,trip,2110,2125.3333333333335,z01,z21,toy-0004739,,,False,35.56816992449296,0.0,34.18816992449296,2.3,2.3,0
11,visit,2110,2125.0,z00,z00,,depot_west,local,True,24.121284866806565,12.777777777777779,36.68906264458435,0.7,0,7.666666666666668
75,visit,2110,2130.3333333333335,z01,z01,,depot_west,local,False,33.54105328330516,0.0,32.16105328330516,4.6,0,0
30,visit,2110,2130.3333333333335,z10,z10,,depot_west,local,False,44.59922619105016,0.0,43.219226191050154,4.6,0,0
41,visit,2110,2125.0,z00,z00,,depot_west,,True,23.51031225107947,17.77777777777778,41.07809002885725,0.7,0,10.666666666666668
55,visit,2110,2125.0,z31,z31,,hub_core,,True,33.98757792588779,14.117422074112206,47.894999999999996,0.7,0,8.470453244467324
81,visit,2110,2125.0,z31,z31,,hub_core,,True,34.55088646642754,13.554113533572457,47.894999999999996,0.7,0,8.132468120143473
56,visit,2110,2125.0,z30,z30,,depot_south,,True,38.90069862475227,9.204301375247724,47.894999999999996,0.7,0,5.522580825148634
9,trip,2120,2128.8333333333335,z31,z21,toy-0004757,,,False,28.23099675890055,0.0,27.43599675890055,0.35,2.3,0
0,trip,2120,2145.410795394624,z32,z01,toy-0004760,,,False,42.13841883301271,0.0,39.85144724749652,0.35,7.273238618387272,0
13,trip,2120,2132.0089706448603,z22,z11,toy-0004758,,,False,41.03969102141295,0.0,39.95888366337552,0.35,3.2526911934581184,0
8,trip,2120,2143.0,z11,z21,toy-0004752,,,False,36.50640898697079,0.0,34.43640898697079,2.3,4.6,0
1,trip,2120,2136.5,z20,z00,toy-0004750,,,False,27.249889055826657,0.0,25.764889055826657,0.35,4.6,0
42,trip,2120,2128.8333333333335,z10,z11,toy-0004749,,,False,39.85427291612856,0.0,39.059272916128556,0.35,2.3,0
18,trip,2120,2128.8333333333335,z21,z31,toy-0004755,,,False,45.961694990240794,0.0,45.16669499024079,0.35,2.3,0
27,trip,2120,2136.5,z31,z11,toy-0004756,,,False,38.53630573748754,0.0,37.05130573748754,0.35,4.6,0
15,trip,2120,2128.8333333333335,z22,z32,toy-0004759,,,False,23.86401066261963,0.0,23.069010662619633,0.35,2.3,0
22,trip,2120,2144.809854494165,z02,z22,toy-0004753,,,False,23.36458007723934,0.0,21.131693172764486,2.3,5.142956348249516,0
70,trip,2120,2128.8333333333335,z10,z20,toy-0004748,,,False,46.40999999999987,0.0,45.61499999999987,0.35,2.3,0
34,trip,2120,2132.0089706448603,z11,z22,toy-0004754,,,False,42.95302841448354,0.0,41.87222105644611,0.35,3.2526911934581184,0
32,trip,2120,2128.8333333333335,z30,z31,toy-0004751,,,False,31.19402517338433,0.0,30.39902517338433,0.35,2.3,0
45,trip,2120,2138.309854494165,z02,z21,toy-0004766,,,False,45.16596204403695,0.0,43.5180751395621,0.35,5.142956348249516,0
20,trip,2120,2128.8333333333335,z22,z12,toy-0004770,,,False,30.360996758900722,0.0,29.565996758900724,0.35,2.3,0
83,trip,2120,2136.5,z30,z32,toy-0004761,,,False,47.8949999999999,0.0,46.4099999999999,0.35,4.6,0
28,trip,2120,2132.0089706448603,z21,z30,toy-0004763,,,False,29.54352679393413,0.0,28.462719435896695,0.35,3.2526911934581184,0
29,trip,2120,2132.0089706448603,z22,z31,toy-0004769,,,False,23.057770205831268,0.0,21.976962847793832,0.35,3.2526911934581184,0
58,trip,2120,2128.8333333333335,z02,z12,toy-0004767,,,False,25.79905872247221,0.0,25.00405872247221,0.35,2.3,0
24,trip,2120,2135.3333333333335,z00,z00,toy-0004762,,,False,9.972060615976343,0.0,8.592060615976344,2.3,2.3,0
62,trip,2120,2128.8333333333335,z21,z22,toy-0004764,,,False,46.618639451411894,0.0,45.82363945141189,0.35,2.3,0
21,trip,2120,2138.309854494165,z12,z31,toy-0004768,,,False,38.797221056446304,0.0,37.14933415197145,0.35,5.142956348249516,0
74,trip,2120,2132.0089706448603,z21,z32,toy-0004765,,,False,47.89500000000001,0.0,46.81419264196258,0.35,3.2526911934581184,0
6,trip,2120,2132.0089706448603,z32,z21,toy-0004771,,,False,39.93008027416579,0.0,38.849272916128356,0.35,3.2526911934581184,0
2,visit,2120,2140.3333333333335,z12,z12,,hub_center,local,False,20.81694562694699,0.0,19.43694562694699,4.6,0,0
43,visit,2120,2135.0,z31,z31,,hub_core,local,True,22.49041235081378,12.777777777777779,35.058190128591555,0.7,0,7.666666666666668
10,visit,2120,2140.3333333333335,z01,z01,,depot_west,local,False,35.58399162429662,0.0,34.20399162429662,4.6,0,0
51,visit,2120,2135.0,z32,z32,,hub_waterfront,,True,36.75211309552529,11.352886904474708,47.894999999999996,0.7,0,6.811732142684825
19,visit,2120,2135.0,z32,z32,,hub_waterfront,,True,36.917306418500274,11.187693581499722,47.894999999999996,0.7,0,6.7126161488998335
78,visit,2120,2135.0,z11,z11,,hub_center,,True,37.3648602032953,10.740139796704698,47.894999999999996,0.7,0,6.444083878022818
18,trip,2130,2148.309854494165,z31,z10,toy-0004781,,,False,45.16669499024082,0.0,43.51880808576597,0.35,5.142956348249516,0
9,trip,2130,2138.8333333333335,z21,z31,toy-0004780,,,False,27.435996758900576,0.0,26.640996758900577,0.35,2.3,0
42,trip,2130,2138.8333333333335,z11,z12,toy-0004777,,,False,39.059272916128585,0.0,38.26427291612858,0.35,2.3,0
11,trip,2130,2146.5,z00,z20,toy-0004772,,,False,36.68906264458411,0.0,35.20406264458411,0.35,4.6,0
56,trip,2130,2148.309854494165,z30,z11,toy-0004776,,,False,47.89499999999971,0.0,46.24711309552486,0.35,5.142956348249516,0
25,trip,2130,2142.0089706448603,z20,z31,toy-0004774,,,False,27.01163664835968,0.0,25.930829290322244,0.35,3.2526911934581184,0
4,trip,2130,2148.309854494165,z32,z20,toy-0004784,,,False,42.53285978012955,0.0,40.8849728756547,0.35,5.142956348249516,0
47,trip,2130,2138.8333333333335,z21,z20,toy-0004779,,,False,33.436495138350885,0.0,32.641495138350884,0.35,2.3,0
15,trip,2130,2138.8333333333335,z32,z31,toy-0004785,,,False,23.069010662619657,0.0,22.27401066261966,0.35,2.3,0
5,trip,2130,2148.309854494165,z22,z30,toy-0004783,,,False,41.448418833012816,0.0,39.800531928537964,0.35,5.142956348249516,0
37,trip,2130,2148.309854494165,z20,z01,toy-0004773,,,False,45.43419264196266,0.0,43.78630573748781,0.35,5.142956348249516,0
26,trip,2130,2138.8333333333335,z31,z32,toy-0004782,,,False,24.87900728595563,0.0,24.08400728595563,0.35,2.3,0
44,trip,2130,2148.309854494165,z20,z12,toy-0004775,,,False,39.85841883301276,0.0,38.21053192853791,0.35,5.142956348249516,0
71,trip,2130,2148.309854494165,z11,z32,toy-0004778,,,False,37.489446809449646,0.0,35.841559904974794,0.35,5.142956348249516,0
32,trip,2130,2142.0089706448603,z31,z20,toy-0004793,,,False,30.399025173384356,0.0,29.31821781534692,0.35,3.2526911934581184,0
33,trip,2130,2146.5,z32,z12,toy-0004800,,,False,43.091770567850325,0.0,41.606770567850326,0.35,4.6,0
39,trip,2130,2138.8333333333335,z22,z21,toy-0004798,,,False,38.438395655799994,0.0,37.64339565579999,0.35,2.3,0
49,trip,2130,2148.309854494165,z20,z32,toy-0004788,,,False,30.944382042825723,0.0,29.296495138350867,0.35,5.142956348249516,0
50,trip,2130,2138.8333333333335,z32,z22,toy-0004801,,,False,45.82538925275321,0.0,45.03038925275321,0.35,2.3,0
68,trip,2130,2154.1666666666665,z01,z31,toy-0004789,,,False,45.66211309552494,0.0,43.48711309552494,0.35,6.8999999999999995,0
77,trip,2130,2146.5,z32,z30,toy-0004799,,,False,47.89499999999971,0.0,46.40999999999971,0.35,4.6,0
40,trip,2130,2154.1666666666665,z00,z30,toy-0004786,,,False,41.892577925887885,0.0,39.71757792588789,0.35,6.8999999999999995,0
54,trip,2130,2138.8333333333335,z21,z11,toy-0004792,,,False,34.18816992449299,0.0,33.39316992449299,0.35,2.3,0
55,trip,2130,2138.8333333333335,z31,z21,toy-0004795,,,False,47.89500000000037,0.0,47.10000000000037,0.35,2.3,0
20,trip,2130,2153.0,z12,z31,toy-0004791,,,False,29.56599675890075,0.0,27.49599675890075,2.3,4.6,0
58,trip,2130,2146.5,z12,z32,toy-0004797,,,False,25.004058722472237,0.0,23.519058722472238,0.35,4.6,0
57,trip,2130,2138.8333333333335,z31,z30,toy-0004794,,,False,46.20922502527418,0.0,45.41422502527418,0.35,2.3,0
53,trip,2130,2146.5,z20,z22,toy-0004787,,,False,46.81419264196281,0.0,45.32919264196281,0.35,4.6,0
76,trip,2130,2154.809854494165,z10,z30,toy-0004790,,,False,46.81419264196239,0.0,44.58130573748754,2.3,5.142956348249516,0
59,trip,2130,2142.0089706448603,z31,z22,toy-0004796,,,False,41.65933884852835,0.0,40.57853149049092,0.35,3.2526911934581184,0
16,visit,2130,2150.3333333333335,z12,z12,,hub_center,local,False,26.07579574123461,0.0,24.695795741234612,4.6,0,0
12,visit,2130,2150.3333333333335,z22,z22,,hub_inner,local,False,34.553143403513225,0.0,33.17314340351322,4.6,0,0
48,visit,2130,2156.6846079563875,z12,z12,,hub_inner,local,False,35.40149513835098,0.0,33.44988042227611,6.505382386916237,0,0
35,visit,2130,2145.0,z31,z31,,hub_core,local,True,42.90458189471563,5.2004181052843625,47.894999999999996,0.7,0,3.1202508631706176
88,visit,2130,2145.0,z31,z31,,hub_core,,True,34.32511001970262,13.779889980297376,47.894999999999996,0.7,0,8.267933988178426
80,visit,2130,2145.0,z32,z32,,hub_waterfront,,True,37.395671106995586,10.709328893004413,47.894999999999996,0.7,0,6.425597335802647
6,trip,2140,2156.5,z21,z01,toy-0004807,,,False,38.84927291612836,0.0,37.364272916128364,0.35,4.6,0
19,trip,2140,2148.8333333333335,z32,z31,toy-0004817,,,False,47.89500000000029,0.0,47.100000000000286,0.35,2.3,0
47,trip,2140,2148.8333333333335,z20,z21,toy-0004805,,,False,32.64149513835091,0.0,31.84649513835091,0.35,2.3,0
39,trip,2140,2152.0089706448603,z21,z32,toy-0004808,,,False,37.64339565580002,0.0,36.56258829776259,0.35,3.2526911934581184,0
9,trip,2140,2158.309854494165,z31,z12,toy-0004811,,,False,26.640996758900602,0.0,24.993109854425747,0.35,5.142956348249516,0
28,trip,2140,2158.309854494165,z30,z22,toy-0004806,,,False,28.46271943589671,0.0,26.814832531421853,0.35,5.142956348249516,0
30,trip,2140,2156.5,z10,z30,toy-0004803,,,False,43.21922619105019,0.0,41.73422619105019,0.35,4.6,0
42,trip,2140,2158.5089706448603,z12,z11,toy-0004813,,,False,38.26427291612861,0.0,36.59846555809118,2.3,3.2526911934581184,0
13,trip,2140,2155.3333333333335,z11,z22,toy-0004814,,,False,39.958883663375524,0.0,38.57888366337552,2.3,2.3,0
15,trip,2140,2156.5,z31,z11,toy-0004809,,,False,22.274010662619684,0.0,20.789010662619685,0.35,4.6,0
34,trip,2140,2152.0089706448603,z22,z31,toy-0004815,,,False,41.872221056446115,0.0,40.79141369840868,0.35,3.2526911934581184,0
1,trip,2140,2168.809226445224,z00,z32,toy-0004802,,,False,25.764889055826657,0.0,23.172058675756503,0.35,8.292767933567175,0
21,trip,2140,2148.8333333333335,z31,z32,toy-0004812,,,False,37.14933415197145,0.0,36.35433415197145,0.35,2.3,0
7,trip,2140,2158.5089706448603,z00,z21,toy-0004804,,,False,19.17808389585649,0.0,17.51227653781905,2.3,3.2526911934581184,0
23,trip,2140,2165.410795394624,z31,z02,toy-0004810,,,False,45.568451216324334,0.0,43.28147963080815,0.35,7.273238618387272,0
50,trip,2140,2148.8333333333335,z22,z32,toy-0004816,,,False,45.03038925275324,0.0,44.23538925275324,0.35,2.3,0
52,trip,2140,2155.3333333333335,z22,z11,toy-0004824,,,False,46.019192641962604,0.0,44.6391926419626,2.3,2.3,0
54,trip,2140,2148.8333333333335,z11,z21,toy-0004821,,,False,33.393169924493016,0.0,32.598169924493014,0.35,2.3,0
31,trip,2140,2152.0089706448603,z32,z21,toy-0004828,,,False,36.89024475949195,0.0,35.80943740145452,0.35,3.2526911934581184,0
62,trip,2140,2158.309854494165,z22,z10,toy-0004825,,,False,45.82363945141192,0.0,44.17575254693707,0.35,5.142956348249516,0
45,trip,2140,2148.8333333333335,z21,z31,toy-0004822,,,False,43.5180751395621,0.0,42.7230751395621,0.35,2.3,0
41,trip,2140,2169.351274623054,z00,z32,toy-0004820,,,False,41.07809002885701,0.0,38.43647531278214,2.3,6.505382386916237,0
63,trip,2140,2164.809854494165,z20,z31,toy-0004819,,,False,38.545141510009074,0.0,36.31225460553422,2.3,5.142956348249516,0
51,trip,2140,2163.0,z32,z20,toy-0004826,,,False,47.89500000000003,0.0,45.82500000000003,2.3,4.6,0
46,trip,2140,2164.809854494165,z01,z21,toy-0004818,,,False,38.56549837945018,0.0,36.33261147497533,2.3,5.142956348249516,0
38,trip,2140,2148.8333333333335,z31,z21,toy-0004823,,,False,31.183076305337853,0.0,30.388076305337854,0.35,2.3,0
74,trip,2140,2158.309854494165,z32,z11,toy-0004827,,,False,46.814192641962585,0.0,45.16630573748773,0.35,5.142956348249516,0
24,visit,2140,2171.0410969637473,z00,z00,,depot_west,local,False,8.59206061597637,39.51293938402363,47.895,0.7,0,23.707763630414178
17,visit,2140,2160.3333333333335,z10,z10,,depot_west,local,False,18.644382042825573,0.0,17.264382042825574,4.6,0,0
29,visit,2140,2155.0,z31,z31,,hub_core,local,True,21.976962847793846,12.777777777777779,34.54474062557163,0.7,0,7.666666666666668
26,visit,2140,2155.0,z32,z32,,hub_waterfront,local,True,24.084007285955657,12.777777777777779,36.651785063733435,0.7,0,7.666666666666668
3,visit,2140,2160.3333333333335,z10,z10,,depot_west,local,False,24.24280087583857,0.0,22.86280087583857,4.6,0,0
27,visit,2140,2188.6846079563875,z11,z11,,depot_west,central,False,37.05130573748753,0.0,35.09969102141266,6.505382386916237,0,0
8,trip,2150,2158.8333333333335,z21,z22,toy-0004835,,,False,34.43640898697079,0.0,33.64140898697079,0.35,2.3,0
4,trip,2150,2162.0089706448603,z20,z11,toy-0004829,,,False,40.8849728756547,0.0,39.804165517617264,0.35,3.2526911934581184,0
49,trip,2150,2178.809226445224,z32,z00,toy-0004840,,,False,29.29649513835088,0.0,26.70366475828073,0.35,8.292767933567175,0
0,trip,2150,2162.0089706448603,z01,z10,toy-0004831,,,False,39.85144724749654,0.0,38.770639889459105,0.35,3.2526911934581184,0
10,trip,2150,2168.309854494165,z01,z20,toy-0004832,,,False,34.203991624296656,0.0,32.5561047198218,0.35,5.142956348249516,0
47,trip,2150,2162.0089706448603,z21,z10,toy-0004833,,,False,31.846495138350935,0.0,30.7656877803135,0.35,3.2526911934581184,0
50,trip,2150,2172.851274623054,z32,z10,toy-0004841,,,False,44.235389252753265,0.0,42.1787745366784,0.35,6.505382386916237,0
2,trip,2150,2174.809854494165,z12,z10,toy-0004838,,,False,19.436945626947015,0.0,17.204058722472162,2.3,5.142956348249516,0
11,trip,2150,2162.0089706448603,z20,z31,toy-0004830,,,False,35.204062644584106,0.0,34.12325528654667,0.35,3.2526911934581184,0
19,trip,2150,2162.0089706448603,z31,z22,toy-0004837,,,False,47.100000000000314,0.0,46.01919264196288,0.35,3.2526911934581184,0
33,trip,2150,2162.0089706448603,z12,z21,toy-0004839,,,False,41.60677056785032,0.0,40.525963209812886,0.35,3.2526911934581184,0
25,trip,2150,2174.1666666666665,z31,z01,toy-0004836,,,False,25.930829290322258,0.0,23.755829290322257,0.35,6.8999999999999995,0
55,trip,2150,2168.309854494165,z21,z02,toy-0004834,,,False,47.1000000000004,0.0,45.45211309552555,0.35,5.142956348249516,0
18,trip,2150,2181.910795394624,z10,z31,toy-0004842,,,False,43.51880808576597,0.0,40.64683650024979,2.3,7.273238618387272,0
71,trip,2150,2158.8333333333335,z32,z31,toy-0004854,,,False,35.841559904974794,0.0,35.04655990497479,0.35,2.3,0
44,trip,2150,2168.309854494165,z12,z31,toy-0004851,,,False,38.21053192853791,0.0,36.56264502406306,0.35,5.142956348249516,0
80,trip,2150,2158.8333333333335,z32,z22,toy-0004855,,,False,47.895000000000024,0.0,47.10000000000002,0.35,2.3,0
37,trip,2150,2181.910795394624,z01,z31,toy-0004850,,,False,43.78630573748781,0.0,40.91433415197163,2.3,7.273238618387272,0
5,trip,2150,2174.1666666666665,z30,z00,toy-0004844,,,False,39.800531928537964,0.0,37.62553192853797,0.35,6.8999999999999995,0
56,trip,2150,2168.309854494165,z11,z32,toy-0004848,,,False,46.24711309552486,0.0,44.59922619105001,0.35,5.142956348249516,0
22,trip,2150,2162.0089706448603,z22,z31,toy-0004853,,,False,21.131693172764493,0.0,20.050885814727057,0.35,3.2526911934581184,0
78,trip,2150,2166.5,z11,z31,toy-0004845,,,False,47.895000000000095,0.0,46.410000000000096,0.35,4.6,0
36,trip,2150,2174.809854494165,z10,z12,toy-0004843,,,False,25.05741045730935,0.0,22.824523552834492,2.3,5.142956348249516,0
75,trip,2150,2168.5089706448603,z01,z22,toy-0004847,,,False,32.16105328330519,0.0,30.495245925267756,2.3,3.2526911934581184,0
53,trip,2150,2162.0089706448603,z22,z11,toy-0004852,,,False,45.329192641962806,0.0,44.24838528392537,0.35,3.2526911934581184,0
79,trip,2150,2168.5089706448603,z21,z02,toy-0004846,,,False,45.71999999999997,0.0,44.05419264196254,2.3,3.2526911934581184,0
35,trip,2150,2158.8333333333335,z31,z32,toy-0004849,,,False,47.894999999999726,0.0,47.099999999999724,0.35,2.3,0
58,visit,2150,2165.0,z32,z32,,hub_waterfront,local,True,23.519058722472238,12.777777777777779,36.086836500250016,0.7,0,7.666666666666668
38,visit,2150,2165.0,z21,z21,,hub_inner,local,True,30.38807630533788,12.777777777777779,42.95585408311566,0.7,0,7.666666666666668
21,visit,2150,2165.0,z32,z32,,hub_waterfront,local,True,36.35433415197148,11.750665848028518,47.894999999999996,0.7,0,7.050399508817111
43,visit,2150,2165.0,z31,z31,,hub_core,,True,35.05819012859133,13.04680987140867,47.894999999999996,0.7,0,7.828085922845202
67,visit,2150,2165.0,z31,z31,,hub_core,,True,36.23475811958818,11.870241880411818,47.894999999999996,0.7,0,7.122145128247091
8,trip,2160,2182.851274623054,z22,z00,toy-0004871,,,False,33.641408986970816,0.0,31.584794270895944,0.35,6.505382386916237,0
30,trip,2160,2172.0089706448603,z30,z21,toy-0004857,,,False,41.73422619105018,0.0,40.65341883301275,0.35,3.2526911934581184,0
29,trip,2160,2185.410795394624,z31,z00,toy-0004865,,,False,34.54474062557139,0.0,32.25776904005521,0.35,7.273238618387272,0
34,trip,2160,2172.0089706448603,z31,z20,toy-0004867,,,False,40.79141369840869,0.0,39.71060634037126,0.35,3.2526911934581184,0
45,trip,2160,2168.8333333333335,z31,z21,toy-0004869,,,False,42.72307513956213,0.0,41.928075139562125,0.35,2.3,0
26,trip,2160,2172.0089706448603,z32,z21,toy-0004875,,,False,36.65178506373321,0.0,35.570977705695775,0.35,3.2526911934581184,0
12,trip,2160,2168.8333333333335,z22,z21,toy-0004872,,,False,33.17314340351326,0.0,32.378143403513256,0.35,2.3,0
9,trip,2160,2178.309854494165,z12,z20,toy-0004870,,,False,24.99310985442576,0.0,23.345222949950905,0.35,5.142956348249516,0
6,trip,2160,2185.410795394624,z01,z32,toy-0004859,,,False,37.36427291612836,0.0,35.07730133061217,0.35,7.273238618387272,0
60,trip,2160,2176.5,z31,z11,toy-0004868,,,False,45.295587287166505,0.0,43.810587287166506,0.35,4.6,0
61,trip,2160,2178.309854494165,z31,z10,toy-0004866,,,False,45.81230016483634,0.0,44.164413260361485,0.35,5.142956348249516,0
31,trip,2160,2168.8333333333335,z21,z31,toy-0004862,,,False,35.809437401454524,0.0,35.01443740145452,0.35,2.3,0
13,trip,2160,2168.8333333333335,z22,z32,toy-0004873,,,False,38.57888366337555,0.0,37.78388366337555,0.35,2.3,0
15,trip,2160,2168.8333333333335,z11,z01,toy-0004861,,,False,20.789010662619685,0.0,19.994010662619687,0.35,2.3,0
40,trip,2160,2168.8333333333335,z30,z31,toy-0004858,,,False,39.717577925887895,0.0,38.92257792588789,0.35,2.3,0
52,trip,2160,2172.0089706448603,z11,z20,toy-0004860,,,False,44.63919264196263,0.0,43.5583852839252,0.35,3.2526911934581184,0
35,trip,2160,2178.309854494165,z32,z20,toy-0004874,,,False,47.09999999999975,0.0,45.4521130955249,0.35,5.142956348249516,0
28,trip,2160,2178.5089706448603,z22,z12,toy-0004863,,,False,26.814832531421867,0.0,25.14902517338443,2.3,3.2526911934581184,0
32,trip,2160,2178.5089706448603,z20,z32,toy-0004864,,,False,29.318217815346934,0.0,27.652410457309497,2.3,3.2526911934581184,0
62,trip,2160,2178.309854494165,z10,z22,toy-0004856,,,False,44.17575254693707,0.0,42.52786564246222,0.35,5.142956348249516,0
39,trip,2160,2168.8333333333335,z32,z31,toy-0004887,,,False,36.562588297762595,0.0,35.76758829776259,0.35,2.3,0
64,trip,2160,2172.0089706448603,z31,z22,toy-0004884,,,False,47.8949999999998,0.0,46.814192641962364,0.35,3.2526911934581184,0
82,trip,2160,2185.410795394624,z32,z01,toy-0004886,,,False,40.278418833012786,0.0,37.9914472474966,0.35,7.273238618387272,0
59,trip,2160,2175.3333333333335,z22,z20,toy-0004881,,,False,40.578531490490924,0.0,39.19853149049092,2.3,2.3,0
70,trip,2160,2178.309854494165,z20,z32,toy-0004879,,,False,45.614999999999895,0.0,43.96711309552504,0.35,5.142956348249516,0
74,trip,2160,2178.5089706448603,z11,z01,toy-0004877,,,False,45.16630573748773,0.0,43.5004983794503,2.3,3.2526911934581184,0
16,trip,2160,2178.5089706448603,z12,z11,toy-0004880,,,False,24.695795741234637,0.0,23.0299883831972,3.2526911934581184,2.3,0
65,trip,2160,2168.8333333333335,z31,z32,toy-0004885,,,False,41.51725460553418,0.0,40.722254605534175,0.35,2.3,0
66,trip,2160,2175.3333333333335,z31,z11,toy-0004882,,,False,47.09999999999981,0.0,45.71999999999981,2.3,2.3,0
48,trip,2160,2198.827795783886,z12,z22,toy-0004876,,,False,33.44988042227611,0.0,29.955378801726383,5.142956348249516,6.505382386916237,0
57,trip,2160,2175.3333333333335,z30,z10,toy-0004878,,,False,45.414225025274206,0.0,44.0342250252742,2.3,2.3,0
83,trip,2160,2184.1666666666665,z32,z02,toy-0004888,,,False,46.40999999999989,0.0,44.23499999999989,0.35,6.8999999999999995,0
68,trip,2160,2178.309854494165,z31,z12,toy-0004883,,,False,43.48711309552495,0.0,41.839226191050095,0.35,5.142956348249516,0
7,visit,2160,2175.0,z21,z21,,hub_inner,local,True,17.512276537819062,12.777777777777779,30.08005431559684,0.7,0,7.666666666666668
20,visit,2160,2175.0,z31,z31,,hub_core,local,True,27.49599675890075,12.777777777777779,40.06377453667853,0.7,0,7.666666666666668
54,visit,2160,2175.0,z21,z21,,hub_inner,local,True,32.59816992449304,12.777777777777779,45.16594770227082,0.7,0,7.666666666666668
71,visit,2160,2202.3333333333335,z31,z31,,depot_south,central,False,35.04655990497482,0.0,33.66655990497482,4.6,0,0
42,visit,2160,2175.0,z11,z11,,hub_center,local,True,36.59846555809119,11.506534441908805,47.894999999999996,0.7,0,6.903920665145283
23,trip,2170,2194.1666666666665,z02,z32,toy-0004897,,,False,43.281479630808164,0.0,41.10647963080817,0.35,6.8999999999999995,0
14,trip,2170,2182.0089706448603,z22,z31,toy-0004900,,,False,23.441562236526003,0.0,22.360754878488567,0.35,3.2526911934581184,0
4,trip,2170,2193.0,z11,z32,toy-0004898,,,False,39.80416551761727,0.0,37.73416551761727,2.3,4.6,0
10,trip,2170,2192.851274623054,z20,z02,toy-0004891,,,False,32.5561047198218,0.0,30.49949000374693,0.35,6.505382386916237,0
19,trip,2170,2178.8333333333335,z22,z12,toy-0004901,,,False,46.01919264196289,0.0,45.22419264196289,0.35,2.3,0
1,trip,2170,2188.309854494165,z32,z11,toy-0004902,,,False,23.17205867575651,0.0,21.524171771281654,0.35,5.142956348249516,0
53,trip,2170,2200.6666666666665,z11,z31,toy-0004894,,,False,44.24838528392538,0.0,41.48838528392538,2.3,6.8999999999999995,0
51,trip,2170,2178.8333333333335,z20,z21,toy-0004889,,,False,45.82500000000003,0.0,45.03000000000003,0.35,2.3,0
11,trip,2170,2178.8333333333335,z31,z30,toy-0004896,,,False,34.12325528654668,0.0,33.32825528654668,0.35,2.3,0
12,trip,2170,2188.309854494165,z21,z00,toy-0004895,,,False,32.378143403513285,0.0,30.73025649903843,0.35,5.142956348249516,0
75,trip,2170,2188.309854494165,z22,z01,toy-0004899,,,False,30.495245925267767,0.0,28.84735902079291,0.35,5.142956348249516,0
76,trip,2170,2192.851274623054,z30,z12,toy-0004893,,,False,44.581305737487554,0.0,42.524691021412686,0.35,6.505382386916237,0
0,trip,2170,2193.0,z10,z22,toy-0004892,,,False,38.77063988945911,0.0,36.70063988945911,2.3,4.6,0
3,trip,2170,2188.5089706448603,z10,z31,toy-0004890,,,False,22.862800875838595,0.0,21.196993517801157,2.3,3.2526911934581184,0
22,trip,2170,2178.8333333333335,z31,z32,toy-0004915,,,False,20.05088581472707,0.0,19.255885814727073,0.35,2.3,0
55,trip,2170,2192.851274623054,z02,z20,toy-0004916,,,False,45.45211309552555,0.0,43.39549837945068,0.35,6.505382386916237,0
17,trip,2170,2193.0,z10,z31,toy-0004910,,,False,17.2643820428256,0.0,15.194382042825598,2.3,4.6,0
77,trip,2170,2186.5,z30,z32,toy-0004906,,,False,46.409999999999705,0.0,44.924999999999706,0.35,4.6,0
13,trip,2170,2178.8333333333335,z32,z31,toy-0004919,,,False,37.783883663375576,0.0,36.988883663375574,0.35,2.3,0
33,trip,2170,2182.0089706448603,z21,z32,toy-0004913,,,False,40.52596320981289,0.0,39.44515585177546,0.35,3.2526911934581184,0
79,trip,2170,2178.8333333333335,z02,z01,toy-0004917,,,False,44.05419264196255,0.0,43.25919264196255,0.35,2.3,0
38,trip,2170,2178.8333333333335,z21,z31,toy-0004911,,,False,42.955854083115426,0.0,42.160854083115424,0.35,2.3,0
45,trip,2170,2178.8333333333335,z21,z22,toy-0004912,,,False,41.928075139562154,0.0,41.13307513956215,0.35,2.3,0
47,trip,2170,2196.175637311527,z10,z21,toy-0004907,,,False,30.765687780313513,0.0,28.40988042227608,3.2526911934581184,4.6,0
40,trip,2170,2201.910795394624,z31,z01,toy-0004905,,,False,38.92257792588792,0.0,36.05060634037174,2.3,7.273238618387272,0
46,trip,2170,2197.985491805692,z21,z31,toy-0004903,,,False,36.332611474975344,0.0,33.81391721246305,3.2526911934581184,5.142956348249516,0
80,trip,2170,2186.5,z22,z20,toy-0004918,,,False,47.10000000000005,0.0,45.61500000000005,0.35,4.6,0
43,trip,2170,2193.0,z31,z21,toy-0004909,,,False,47.89500000000014,0.0,45.82500000000014,4.6,2.3,0
63,trip,2170,2188.5089706448603,z31,z30,toy-0004904,,,False,36.312254605534235,0.0,34.6464472474968,3.2526911934581184,2.3,0
67,trip,2170,2193.0,z31,z10,toy-0004908,,,False,47.895000000000216,0.0,45.825000000000216,4.6,2.3,0
21,trip,2170,2186.5,z32,z12,toy-0004920,,,False,47.89499999999985,0.0,46.40999999999985,0.35,4.6,0
41,trip,2170,2178.8333333333335,z32,z22,toy-0004921,,,False,38.43647531278216,0.0,37.641475312782156,0.35,2.3,0
69,trip,2170,2178.8333333333335,z31,z21,toy-0004914,,,False,42.87346439231539,0.0,42.07846439231539,0.35,2.3,0
15,visit,2170,2212.3333333333335,z01,z01,,depot_west,central,False,19.99401066261971,0.0,18.614010662619712,4.6,0,0
31,visit,2170,2185.0,z31,z31,,hub_core,local,True,35.01443740145455,12.777777777777779,47.58221517923233,0.7,0,7.666666666666668
39,visit,2170,2185.0,z31,z31,,hub_core,local,True,35.76758829776262,12.337411702237375,47.894999999999996,0.7,0,7.402447021342425
58,visit,2170,2185.0,z32,z32,,hub_waterfront,,True,36.08683650024979,12.018163499750209,47.894999999999996,0.7,0,7.210898099850125
41,trip,2180,2188.8333333333335,z22,z21,toy-0004932,,,False,37.641475312782184,0.0,36.84647531278218,0.35,2.3,0
19,trip,2180,2198.309854494165,z12,z31,toy-0004931,,,False,45.224192641962915,0.0,43.57630573748806,0.35,5.142956348249516,0
20,trip,2180,2192.0089706448603,z31,z20,toy-0004927,,,False,40.063774536678295,0.0,38.98296717864086,0.35,3.2526911934581184,0
25,trip,2180,2192.0089706448603,z01,z12,toy-0004923,,,False,23.755829290322275,0.0,22.67502193228484,0.35,3.2526911934581184,0
38,trip,2180,2196.5,z31,z11,toy-0004929,,,False,42.16085408311545,0.0,40.67585408311545,0.35,4.6,0
16,trip,2180,2198.309854494165,z11,z32,toy-0004925,,,False,23.029988383197214,0.0,21.382101478722358,0.35,5.142956348249516,0
7,trip,2180,2192.0089706448603,z21,z30,toy-0004926,,,False,30.080054315596616,0.0,28.99924695755918,0.35,3.2526911934581184,0
32,trip,2180,2192.0089706448603,z32,z21,toy-0004934,,,False,27.652410457309507,0.0,26.57160309927207,0.35,3.2526911934581184,0
72,trip,2180,2204.1666666666665,z31,z01,toy-0004928,,,False,47.62853149049091,0.0,45.45353149049091,0.35,6.8999999999999995,0
73,trip,2180,2192.0089706448603,z31,z22,toy-0004930,,,False,47.895000000000294,0.0,46.81419264196286,0.35,3.2526911934581184,0
2,trip,2180,2192.0089706448603,z10,z21,toy-0004922,,,False,17.20405872247217,0.0,16.123251364434733,0.35,3.2526911934581184,0
45,trip,2180,2188.8333333333335,z22,z32,toy-0004933,,,False,41.13307513956218,0.0,40.33807513956218,0.35,2.3,0
74,trip,2180,2198.309854494165,z01,z22,toy-0004924,,,False,43.50049837945031,0.0,41.85261147497546,0.35,5.142956348249516,0
62,trip,2180,2196.5,z22,z02,toy-0004947,,,False,42.52786564246222,0.0,41.04286564246222,0.35,4.6,0
78,trip,2180,2188.8333333333335,z31,z21,toy-0004942,,,False,46.41000000000009,0.0,45.61500000000009,0.35,2.3,0
26,trip,2180,2188.8333333333335,z21,z31,toy-0004941,,,False,35.57097770569578,0.0,34.77597770569578,0.35,2.3,0
50,trip,2180,2202.851274623054,z10,z32,toy-0004938,,,False,42.178774536678404,0.0,40.122159820603535,0.35,6.505382386916237,0
56,trip,2180,2196.5,z32,z30,toy-0004949,,,False,44.59922619105001,0.0,43.11422619105001,0.35,4.6,0
81,trip,2180,2188.8333333333335,z31,z32,toy-0004943,,,False,47.8950000000002,0.0,47.1000000000002,0.35,2.3,0
64,trip,2180,2192.0089706448603,z22,z31,toy-0004946,,,False,46.81419264196237,0.0,45.73338528392494,0.35,3.2526911934581184,0
42,trip,2180,2192.0089706448603,z11,z22,toy-0004940,,,False,47.89500000000039,0.0,46.814192641962954,0.35,3.2526911934581184,0
65,trip,2180,2188.8333333333335,z32,z31,toy-0004950,,,False,40.722254605534204,0.0,39.9272546055342,0.35,2.3,0
57,trip,2180,2188.8333333333335,z10,z11,toy-0004936,,,False,44.03422502527423,0.0,43.23922502527423,0.35,2.3,0
5,trip,2180,2192.0089706448603,z00,z11,toy-0004935,,,False,37.625531928537974,0.0,36.54472457050054,0.35,3.2526911934581184,0
30,trip,2180,2198.5089706448603,z21,z11,toy-0004945,,,False,40.65341883301276,0.0,38.987611474975324,2.3,3.2526911934581184,0
70,trip,2180,2198.309854494165,z32,z20,toy-0004948,,,False,43.96711309552504,0.0,42.31922619105019,0.35,5.142956348249516,0
11,trip,2180,2188.8333333333335,z30,z20,toy-0004939,,,False,33.32825528654671,0.0,32.533255286546705,0.35,2.3,0
36,trip,2180,2188.8333333333335,z12,z22,toy-0004944,,,False,22.824523552834503,0.0,22.029523552834505,0.35,2.3,0
61,trip,2180,2196.5,z10,z12,toy-0004937,,,False,44.164413260361485,0.0,42.679413260361486,0.35,4.6,0
22,visit,2180,2195.0,z32,z32,,hub_waterfront,local,True,19.255885814727097,12.777777777777779,31.82366359250488,0.7,0,7.666666666666668
28,visit,2180,2200.3333333333335,z12,z12,,hub_center,local,False,25.14902517338444,0.0,23.769025173384442,4.6,0,0
44,visit,2180,2195.0,z31,z31,,hub_core,local,True,36.56264502406306,11.542354975936938,47.894999999999996,0.7,0,6.925412985562162
13,visit,2180,2222.3333333333335,z31,z31,,depot_south,central,False,36.9888836633756,0.0,35.6088836633756,4.6,0,0
51,visit,2180,2195.0,z21,z21,,hub_inner,local,True,45.03000000000006,3.074999999999939,47.894999999999996,0.7,0,1.8449999999999633
49,visit,2180,2195.0,z00,z00,,depot_west,,True,26.703664758280734,17.77777777777778,44.27144253605851,0.7,0,10.666666666666668
3,trip,2190,2202.0089706448603,z31,z22,toy-0004964,,,False,21.196993517801168,0.0,20.116186159763732,0.35,3.2526911934581184,0
6,trip,2190,2198.8333333333335,z32,z22,toy-0004968,,,False,35.07730133061219,0.0,34.282301330612185,0.35,2.3,0
14,trip,2190,2208.309854494165,z31,z10,toy-0004962,,,False,22.36075487848858,0.0,20.712867974013726,0.35,5.142956348249516,0
75,trip,2190,2215.410795394624,z01,z30,toy-0004956,,,False,28.847359020792926,0.0,26.560387435276745,0.35,7.273238618387272,0
9,trip,2190,2202.0089706448603,z20,z31,toy-0004953,,,False,23.34522294995092,0.0,22.264415591913483,0.35,3.2526911934581184,0
1,trip,2190,2198.8333333333335,z11,z12,toy-0004959,,,False,21.52417177128167,0.0,20.72917177128167,0.35,2.3,0
21,trip,2190,2202.0089706448603,z12,z21,toy-0004965,,,False,46.40999999999984,0.0,45.32919264196241,0.35,3.2526911934581184,0
11,trip,2190,2208.309854494165,z20,z12,toy-0004954,,,False,32.53325528654673,0.0,30.885368382071878,0.35,5.142956348249516,0
27,trip,2190,2202.0089706448603,z11,z00,toy-0004957,,,False,35.09969102141266,0.0,34.01888366337523,0.35,3.2526911934581184,0
34,trip,2190,2208.309854494165,z20,z32,toy-0004955,,,False,39.710606340371264,0.0,38.06271943589641,0.35,5.142956348249516,0
41,trip,2190,2198.8333333333335,z21,z11,toy-0004961,,,False,36.84647531278221,0.0,36.05147531278221,0.35,2.3,0
33,trip,2190,2208.309854494165,z32,z11,toy-0004967,,,False,39.44515585177547,0.0,37.797268947300616,0.35,5.142956348249516,0
54,trip,2190,2206.5,z21,z01,toy-0004960,,,False,45.165947702270586,0.0,43.680947702270586,0.35,4.6,0
12,trip,2190,2205.3333333333335,z00,z20,toy-0004951,,,False,30.73025649903844,0.0,29.35025649903844,2.3,2.3,0
57,trip,2190,2206.5,z11,z31,toy-0004958,,,False,43.23922502527426,0.0,41.75422502527426,0.35,4.6,0
18,trip,2190,2208.309854494165,z31,z12,toy-0004963,,,False,40.646836500249805,0.0,38.99894959577495,0.35,5.142956348249516,0
45,trip,2190,2212.851274623054,z32,z10,toy-0004966,,,False,40.33807513956221,0.0,38.28146042348734,0.35,6.505382386916237,0
35,trip,2190,2202.0089706448603,z20,z11,toy-0004952,,,False,45.4521130955249,0.0,44.37130573748747,0.35,3.2526911934581184,0
69,trip,2190,2198.8333333333335,z21,z20,toy-0004970,,,False,42.07846439231542,0.0,41.283464392315416,0.35,2.3,0
83,trip,2190,2218.809226445224,z02,z30,toy-0004975,,,False,44.2349999999999,0.0,41.642169619929746,0.35,8.292767933567175,0
58,trip,2190,2202.0089706448603,z32,z21,toy-0004979,,,False,47.894999999999904,0.0,46.81419264196247,0.35,3.2526911934581184,0
36,trip,2190,2208.309854494165,z22,z10,toy-0004976,,,False,22.02952355283453,0.0,20.381636648359674,0.35,5.142956348249516,0
26,trip,2190,2208.5089706448603,z31,z10,toy-0004969,,,False,34.77597770569581,0.0,33.110170347658375,2.3,3.2526911934581184,0
31,trip,2190,2208.5089706448603,z31,z32,toy-0004973,,,False,47.582215179232094,0.0,45.91640782119466,2.3,3.2526911934581184,0
68,trip,2190,2214.809854494165,z12,z30,toy-0004977,,,False,41.839226191050095,0.0,39.60633928657524,2.3,5.142956348249516,0
37,trip,2190,2208.5089706448603,z31,z12,toy-0004971,,,False,40.914334151971644,0.0,39.24852679393421,2.3,3.2526911934581184,0
39,trip,2190,2205.3333333333335,z31,z22,toy-0004972,,,False,47.8950000000003,0.0,46.5150000000003,2.3,2.3,0
65,trip,2190,2215.410795394624,z31,z02,toy-0004974,,,False,39.92725460553423,0.0,37.640283020018046,0.35,7.273238618387272,0
81,trip,2190,2205.3333333333335,z32,z32,toy-0004978,,,False,47.10000000000023,0.0,45.720000000000226,2.3,2.3,0
8,visit,2190,2219.3333333333335,z00,z00,,depot_west,central,False,31.58479427089595,0.0,31.37479427089595,0.7,0,0
77,visit,2190,2247.6666666666665,z32,z32,,depot_south,central,False,44.9249999999997,0.0,42.1649999999997,9.2,0,0
78,visit,2190,2205.0,z21,z21,,hub_inner,local,True,45.615000000000116,2.489999999999881,47.894999999999996,0.7,0,1.4939999999999287
29,visit,2190,2205.0,z00,z00,,depot_west,,True,32.25776904005522,15.847230959944776,47.894999999999996,0.7,0,9.508338575966865
63,visit,2190,2205.0,z30,z30,,depot_south,,True,34.646447247496816,13.458552752503183,47.894999999999996,0.7,0,8.07513165150191
17,trip,2200,2225.410795394624,z31,z00,toy-0004992,,,False,15.194382042825596,0.0,12.907410457309414,0.35,7.273238618387272,0
2,trip,2200,2208.8333333333335,z21,z31,toy-0004991,,,False,16.123251364434747,0.0,15.328251364434747,0.35,2.3,0
19,trip,2200,2208.8333333333335,z31,z21,toy-0004995,,,False,43.57630573748806,0.0,42.78130573748806,0.35,2.3,0
24,trip,2200,2208.8333333333335,z00,z10,toy-0004980,,,False,47.89500000000027,0.0,47.10000000000027,0.35,2.3,0
20,trip,2200,2208.8333333333335,z20,z21,toy-0004984,,,False,38.98296717864087,0.0,38.18796717864087,0.35,2.3,0
44,trip,2200,2212.0089706448603,z31,z20,toy-0004993,,,False,47.89500000000002,0.0,46.814192641962585,0.35,3.2526911934581184,0
67,trip,2200,2218.309854494165,z10,z31,toy-0004983,,,False,45.825000000000216,0.0,44.177113095525364,0.35,5.142956348249516,0
1,trip,2200,2216.5,z12,z10,toy-0004998,,,False,20.729171771281695,0.0,19.244171771281696,0.35,4.6,0
49,trip,2200,2225.410795394624,z00,z31,toy-0004981,,,False,44.27144253605828,0.0,41.9844709505421,0.35,7.273238618387272,0
10,trip,2200,2216.5,z02,z22,toy-0004997,,,False,30.499490003746942,0.0,29.014490003746943,0.35,4.6,0
79,trip,2200,2225.410795394624,z01,z32,toy-0004988,,,False,43.25919264196258,0.0,40.972221056446394,0.35,7.273238618387272,0
46,trip,2200,2208.8333333333335,z31,z32,toy-0004996,,,False,33.81391721246305,0.0,33.01891721246305,0.35,2.3,0
82,trip,2200,2224.1666666666665,z01,z31,toy-0004987,,,False,37.991447247496616,0.0,35.81644724749662,0.35,6.8999999999999995,0
5,trip,2200,2212.0089706448603,z11,z20,toy-0004989,,,False,36.54472457050055,0.0,35.463917212463116,0.35,3.2526911934581184,0
4,trip,2200,2208.8333333333335,z32,z31,toy-0005001,,,False,37.73416551761727,0.0,36.93916551761727,0.35,2.3,0
7,trip,2200,2208.8333333333335,z30,z31,toy-0004985,,,False,28.999246957559194,0.0,28.204246957559192,0.35,2.3,0
61,trip,2200,2216.5,z12,z32,toy-0004999,,,False,42.67941326036148,0.0,41.19441326036148,0.35,4.6,0
0,trip,2200,2212.0089706448603,z22,z31,toy-0005000,,,False,36.70063988945911,0.0,35.61983253142168,0.35,3.2526911934581184,0
56,trip,2200,2218.309854494165,z30,z22,toy-0004986,,,False,43.11422619105,0.0,41.46633928657515,0.35,5.142956348249516,0
30,trip,2200,2238.484863756751,z11,z32,toy-0004982,,,False,38.98761147497534,0.0,35.52397373686775,3.2526911934581184,8.292767933567175,0
38,trip,2200,2208.8333333333335,z11,z21,toy-0004990,,,False,40.675854083115446,0.0,39.880854083115445,0.35,2.3,0
64,trip,2200,2216.5,z31,z11,toy-0004994,,,False,45.733385283924946,0.0,44.24838528392495,0.35,4.6,0
76,trip,2200,2218.309854494165,z12,z31,toy-0005010,,,False,42.52469102141269,0.0,40.87680411693784,0.35,5.142956348249516,0
16,trip,2200,2225.410795394624,z32,z01,toy-0005014,,,False,21.382101478722372,0.0,19.09512989320619,0.35,7.273238618387272,0
62,trip,2200,2218.309854494165,z02,z21,toy-0005006,,,False,41.04286564246221,0.0,39.39497873798736,0.35,5.142956348249516,0
6,trip,2200,2215.3333333333335,z22,z02,toy-0005011,,,False,34.28230133061221,0.0,32.90230133061221,2.3,2.3,0
22,trip,2200,2228.809226445224,z32,z00,toy-0005013,,,False,31.82366359250465,0.0,29.230833212434497,0.35,8.292767933567175,0
42,trip,2200,2208.8333333333335,z22,z21,toy-0005012,,,False,46.81419264196296,0.0,46.01919264196296,0.35,2.3,0
41,trip,2200,2235.0864327061513,z11,z31,toy-0005007,,,False,36.05147531278224,0.0,32.89369636922862,3.2526911934581184,7.273238618387272,0
48,trip,2200,2218.5089706448603,z22,z01,toy-0005008,,,False,29.955378801726383,0.0,28.289571443688946,2.3,3.2526911934581184,0
60,trip,2200,2218.309854494165,z11,z32,toy-0005004,,,False,43.8105872871665,0.0,42.162700382691646,0.35,5.142956348249516,0
52,trip,2200,2224.809854494165,z20,z22,toy-0005002,,,False,43.558385283925205,0.0,41.32549837945035,2.3,5.142956348249516,0
23,trip,2200,2216.5,z32,z12,toy-0005015,,,False,41.106479630808174,0.0,39.621479630808174,0.35,4.6,0
66,trip,2200,2215.3333333333335,z11,z11,toy-0005009,,,False,45.719999999999835,0.0,44.33999999999983,2.3,2.3,0
55,trip,2200,2216.5,z20,z22,toy-0005003,,,False,43.395498379450686,0.0,41.91049837945069,0.35,4.6,0
84,trip,2200,2212.0089706448603,z31,z22,toy-0005005,,,False,47.100000000000286,0.0,46.01919264196285,0.35,3.2526911934581184,0
25,visit,2200,2220.3333333333335,z12,z12,,hub_center,local,False,22.675021932284853,0.0,21.295021932284854,4.6,0,0
47,visit,2200,2215.0,z21,z21,,hub_inner,local,True,28.40988042227606,12.777777777777779,40.97765820005384,0.7,0,7.666666666666668
32,visit,2200,2215.0,z21,z21,,hub_inner,,True,26.571603099272085,17.77777777777778,44.13938087704987,0.7,0,10.666666666666668
31,trip,2210,2218.8333333333335,z32,z22,toy-0005034,,,False,45.916407821194674,0.0,45.12140782119467,0.35,2.3,0
27,trip,2210,2228.309854494165,z00,z21,toy-0005016,,,False,34.018883663375235,0.0,32.37099675890038,0.35,5.142956348249516,0
19,trip,2210,2218.8333333333335,z21,z31,toy-0005021,,,False,42.78130573748809,0.0,41.98630573748809,0.35,2.3,0
11,trip,2210,2232.851274623054,z12,z30,toy-0005027,,,False,30.88536838207189,0.0,28.828753665997016,0.35,6.505382386916237,0
20,trip,2210,2222.0089706448603,z21,z32,toy-0005022,,,False,38.187967178640896,0.0,37.107159820603464,0.35,3.2526911934581184,0
33,trip,2210,2226.5,z11,z31,toy-0005020,,,False,37.797268947300616,0.0,36.312268947300616,0.35,4.6,0
2,trip,2210,2218.8333333333335,z31,z32,toy-0005025,,,False,15.328251364434774,0.0,14.533251364434774,0.35,2.3,0
12,trip,2210,2222.0089706448603,z20,z31,toy-0005018,,,False,29.350256499038466,0.0,28.26944914100103,0.35,3.2526911934581184,0
34,trip,2210,2228.309854494165,z32,z20,toy-0005031,,,False,38.06271943589641,0.0,36.41483253142156,0.35,5.142956348249516,0
18,trip,2210,2228.309854494165,z12,z00,toy-0005026,,,False,38.99894959577495,0.0,37.3510626913001,0.35,5.142956348249516,0
4,trip,2210,2218.8333333333335,z31,z21,toy-0005024,,,False,36.9391655176173,0.0,36.144165517617296,0.35,2.3,0
7,trip,2210,2218.8333333333335,z31,z30,toy-0005023,,,False,28.20424695755922,0.0,27.40924695755922,0.35,2.3,0
3,trip,2210,2218.8333333333335,z22,z12,toy-0005030,,,False,20.116186159763746,0.0,19.321186159763748,0.35,2.3,0
50,trip,2210,2222.0089706448603,z32,z21,toy-0005032,,,False,40.12215982060354,0.0,39.04135246256611,0.35,3.2526911934581184,0
39,trip,2210,2222.0089706448603,z22,z31,toy-0005029,,,False,46.51500000000033,0.0,45.434192641962895,0.35,3.2526911934581184,0
63,trip,2210,2228.309854494165,z30,z11,toy-0005019,,,False,47.89500000000022,0.0,46.24711309552537,0.35,5.142956348249516,0
81,trip,2210,2218.8333333333335,z32,z31,toy-0005033,,,False,45.720000000000255,0.0,44.92500000000025,0.35,2.3,0
73,trip,2210,2226.5,z22,z20,toy-0005028,,,False,46.81419264196287,0.0,45.32919264196287,0.35,4.6,0
59,trip,2210,2228.309854494165,z20,z01,toy-0005017,,,False,39.19853149049095,0.0,37.5506445860161,0.35,5.142956348249516,0
28,trip,2210,2233.0,z12,z00,toy-0005046,,,False,23.769025173384467,0.0,21.699025173384467,2.3,4.6,0
35,trip,2210,2222.0089706448603,z11,z22,toy-0005039,,,False,44.371305737487475,0.0,43.29049837945004,0.35,3.2526911934581184,0
9,trip,2210,2226.5,z31,z11,toy-0005044,,,False,22.264415591913497,0.0,20.779415591913498,0.35,4.6,0
53,trip,2210,2222.0089706448603,z31,z20,toy-0005042,,,False,41.488385283925396,0.0,40.40757792588796,0.35,3.2526911934581184,0
85,trip,2210,2228.309854494165,z32,z11,toy-0005049,,,False,47.89500000000037,0.0,46.24711309552552,0.35,5.142956348249516,0
21,trip,2210,2218.8333333333335,z21,z22,toy-0005040,,,False,45.329192641962415,0.0,44.53419264196241,0.35,2.3,0
14,trip,2210,2234.809854494165,z10,z30,toy-0005038,,,False,20.71286797401374,0.0,18.479981069538887,2.3,5.142956348249516,0
57,trip,2210,2228.309854494165,z31,z10,toy-0005041,,,False,41.75422502527425,0.0,40.1063381207994,0.35,5.142956348249516,0
69,trip,2210,2228.309854494165,z20,z32,toy-0005036,,,False,41.283464392315445,0.0,39.63557748784059,0.35,5.142956348249516,0
74,trip,2210,2222.0089706448603,z22,z11,toy-0005047,,,False,41.85261147497546,0.0,40.77180411693803,0.35,3.2526911934581184,0
24,trip,2210,2228.309854494165,z10,z02,toy-0005035,,,False,47.1000000000003,0.0,45.45211309552545,0.35,5.142956348249516,0
71,trip,2210,2228.309854494165,z31,z12,toy-0005045,,,False,33.666559904974854,0.0,32.0186730005,0.35,5.142956348249516,0
88,trip,2210,2234.1666666666665,z31,z01,toy-0005043,,,False,47.894999999999904,0.0,45.71999999999991,0.35,6.8999999999999995,0
37,trip,2210,2225.3333333333335,z12,z32,toy-0005048,,,False,39.248526793934225,0.0,37.86852679393422,2.3,2.3,0
70,trip,2210,2228.5089706448603,z20,z21,toy-0005037,,,False,42.31922619105019,0.0,40.65341883301276,2.3,3.2526911934581184,0
46,visit,2210,2225.0,z32,z32,,hub_waterfront,local,True,33.01891721246308,12.777777777777779,45.58669499024086,0.7,0,7.666666666666668
67,trip,2220,2228.8333333333335,z31,z32,toy-0005054,,,False,44.177113095525364,0.0,43.38211309552536,0.35,2.3,0
10,trip,2220,2238.309854494165,z22,z01,toy-0005056,,,False,29.014490003746943,0.0,27.366603099272087,0.35,5.142956348249516,0
76,trip,2220,2232.0089706448603,z31,z22,toy-0005053,,,False,40.87680411693784,0.0,39.79599675890041,0.35,3.2526911934581184,0
32,trip,2220,2228.8333333333335,z21,z11,toy-0005052,,,False,44.13938087704963,0.0,43.34438087704963,0.35,2.3,0
3,trip,2220,2238.309854494165,z12,z20,toy-0005055,,,False,19.321186159763773,0.0,17.673299255288917,0.35,5.142956348249516,0
15,trip,2220,2236.5,z01,z21,toy-0005051,,,False,18.614010662619737,0.0,17.129010662619738,0.35,4.6,0
2,trip,2220,2228.8333333333335,z32,z31,toy-0005057,,,False,14.5332513644348,0.0,13.7382513644348,0.35,2.3,0
1,trip,2220,2242.851274623054,z10,z32,toy-0005050,,,False,19.244171771281696,0.0,17.187557055206824,0.35,6.505382386916237,0
60,trip,2220,2242.851274623054,z32,z10,toy-0005072,,,False,42.162700382691646,0.0,40.10608566661678,0.35,6.505382386916237,0
44,trip,2220,2236.5,z20,z00,toy-0005059,,,False,46.81419264196259,0.0,45.32919264196259,0.35,4.6,0
23,trip,2220,2228.8333333333335,z12,z22,toy-0005069,,,False,39.62147963080817,0.0,38.826479630808166,0.35,2.3,0
38,trip,2220,2232.0089706448603,z21,z32,toy-0005067,,,False,39.88085408311547,0.0,38.80004672507804,0.35,3.2526911934581184,0
40,trip,2220,2238.309854494165,z01,z20,toy-0005061,,,False,36.05060634037176,0.0,34.402719435896906,0.35,5.142956348249516,0
26,trip,2220,2232.0089706448603,z10,z21,toy-0005058,,,False,33.11017034765839,0.0,32.02936298962096,0.35,3.2526911934581184,0
81,trip,2220,2228.8333333333335,z31,z21,toy-0005068,,,False,44.92500000000028,0.0,44.13000000000028,0.35,2.3,0
42,trip,2220,2228.8333333333335,z21,z20,toy-0005064,,,False,46.01919264196299,0.0,45.224192641962986,0.35,2.3,0
43,trip,2220,2228.8333333333335,z21,z31,toy-0005065,,,False,45.82500000000014,0.0,45.030000000000136,0.35,2.3,0
21,trip,2220,2232.0089706448603,z22,z31,toy-0005071,,,False,44.53419264196244,0.0,43.45338528392501,0.35,3.2526911934581184,0
31,trip,2220,2228.8333333333335,z22,z21,toy-0005070,,,False,45.1214078211947,0.0,44.3264078211947,0.35,2.3,0
64,trip,2220,2238.309854494165,z11,z32,toy-0005063,,,False,44.24838528392494,0.0,42.60049837945009,0.35,5.142956348249516,0
47,trip,2220,2238.309854494165,z21,z02,toy-0005066,,,False,40.977658200053604,0.0,39.32977129557875,0.35,5.142956348249516,0
7,trip,2220,2236.5,z30,z32,toy-0005060,,,False,27.409246957559247,0.0,25.924246957559248,0.35,4.6,0
48,trip,2220,2228.8333333333335,z01,z02,toy-0005062,,,False,28.289571443688956,0.0,27.494571443688955,0.35,2.3,0
5,visit,2220,2240.3333333333335,z20,z20,,depot_south,local,False,35.46391721246312,0.0,34.08391721246312,4.6,0,0
0,visit,2220,2262.3333333333335,z31,z31,,depot_south,central,False,35.619832531421686,0.0,34.23983253142168,4.6,0,0
4,visit,2220,2235.0,z21,z21,,hub_inner,local,True,36.144165517617324,11.960834482382673,47.894999999999996,0.7,0,7.176500689429604
62,visit,2220,2235.0,z21,z21,,hub_inner,local,True,39.39497873798736,8.710021262012638,47.894999999999996,0.7,0,5.226012757207583
19,visit,2220,2235.0,z31,z31,,hub_core,local,True,41.98630573748812,6.11869426251188,47.894999999999996,0.7,0,3.6712165575071283
84,visit,2220,2240.3333333333335,z22,z22,,hub_inner,local,False,46.01919264196286,0.0,44.63919264196286,4.6,0,0
75,visit,2220,2235.0,z30,z30,,depot_south,,True,26.560387435276763,17.77777777777778,44.12816521305454,0.7,0,10.666666666666668
8,visit,2220,2235.0,z00,z00,,depot_west,,True,31.37479427089598,16.730205729104018,47.894999999999996,0.7,0,10.038123437462412
9,trip,2230,2238.8333333333335,z11,z21,toy-0005080,,,False,20.779415591913498,0.0,19.984415591913496,0.35,2.3,0
25,trip,2230,2242.0089706448603,z12,z21,toy-0005082,,,False,21.29502193228488,0.0,20.214214574247443,0.35,3.2526911934581184,0
34,trip,2230,2238.8333333333335,z20,z21,toy-0005075,,,False,36.41483253142156,0.0,35.61983253142156,0.35,2.3,0
20,trip,2230,2238.8333333333335,z32,z22,toy-0005088,,,False,37.10715982060347,0.0,36.31215982060347,0.35,2.3,0
16,trip,2230,2238.8333333333335,z01,z11,toy-0005077,,,False,19.09512989320621,0.0,18.30012989320621,0.35,2.3,0
36,trip,2230,2248.309854494165,z10,z31,toy-0005074,,,False,20.381636648359688,0.0,18.733749743884832,0.35,5.142956348249516,0
54,trip,2230,2248.309854494165,z01,z22,toy-0005078,,,False,43.68094770227058,0.0,42.03306079779573,0.35,5.142956348249516,0
23,trip,2230,2252.851274623054,z22,z00,toy-0005084,,,False,38.826479630808194,0.0,36.769864914733326,0.35,6.505382386916237,0
42,trip,2230,2242.0089706448603,z20,z31,toy-0005076,,,False,45.224192641963015,0.0,44.14338528392558,0.35,3.2526911934581184,0
66,trip,2230,2238.8333333333335,z11,z01,toy-0005079,,,False,44.33999999999986,0.0,43.54499999999986,0.35,2.3,0
74,trip,2230,2246.5,z11,z31,toy-0005081,,,False,40.771804116938036,0.0,39.286804116938036,0.35,4.6,0
17,trip,2230,2246.5,z00,z20,toy-0005073,,,False,12.90741045730943,0.0,11.42241045730943,0.35,4.6,0
37,trip,2230,2238.8333333333335,z32,z31,toy-0005087,,,False,37.86852679393425,0.0,37.07352679393425,0.35,2.3,0
71,trip,2230,2248.309854494165,z12,z31,toy-0005083,,,False,32.0186730005,0.0,30.370786096025146,0.35,5.142956348249516,0
46,trip,2230,2246.5,z32,z30,toy-0005085,,,False,45.58669499024062,0.0,44.101694990240624,0.35,4.6,0
61,trip,2230,2242.0089706448603,z32,z21,toy-0005086,,,False,41.19441326036147,0.0,40.11360590232404,0.35,3.2526911934581184,0
2,trip,2230,2238.8333333333335,z31,z32,toy-0005101,,,False,13.738251364434827,0.0,12.943251364434827,0.35,2.3,0
35,trip,2230,2238.8333333333335,z22,z32,toy-0005104,,,False,43.29049837945005,0.0,42.49549837945005,0.35,2.3,0
68,trip,2230,2246.5,z30,z10,toy-0005093,,,False,39.606339286575256,0.0,38.12133928657526,0.35,4.6,0
59,trip,2230,2254.1666666666665,z01,z31,toy-0005096,,,False,37.5506445860161,0.0,35.3756445860161,0.35,6.8999999999999995,0
53,trip,2230,2242.0089706448603,z20,z11,toy-0005091,,,False,40.40757792588797,0.0,39.32677056785054,0.35,3.2526911934581184,0
12,trip,2230,2246.5,z31,z11,toy-0005099,,,False,28.269449141001044,0.0,26.784449141001044,0.35,4.6,0
69,trip,2230,2254.1666666666665,z32,z02,toy-0005106,,,False,39.63557748784059,0.0,37.460577487840595,0.35,6.8999999999999995,0
6,trip,2230,2254.1666666666665,z02,z32,toy-0005102,,,False,32.90230133061224,0.0,30.72730133061224,0.35,6.8999999999999995,0
18,trip,2230,2252.851274623054,z00,z22,toy-0005089,,,False,37.3510626913001,0.0,35.29444797522523,0.35,6.505382386916237,0
73,trip,2230,2238.8333333333335,z20,z10,toy-0005090,,,False,45.32919264196286,0.0,44.53419264196286,0.35,2.3,0
83,trip,2230,2238.8333333333335,z30,z31,toy-0005094,,,False,41.642169619929746,0.0,40.847169619929744,0.35,2.3,0
79,trip,2230,2248.309854494165,z32,z20,toy-0005105,,,False,40.97222105644641,0.0,39.324334151971556,0.35,5.142956348249516,0
27,trip,2230,2242.0089706448603,z21,z12,toy-0005098,,,False,32.37099675890038,0.0,31.290189400862946,0.35,3.2526911934581184,0
31,trip,2230,2248.309854494165,z21,z00,toy-0005097,,,False,44.32640782119473,0.0,42.678520916719876,0.35,5.142956348249516,0
13,trip,2230,2265.309226445224,z31,z02,toy-0005095,,,False,35.608883663375636,0.0,32.43105328330548,2.3,8.292767933567175,0
39,trip,2230,2242.0089706448603,z31,z22,toy-0005100,,,False,45.4341926419629,0.0,44.35338528392547,0.35,3.2526911934581184,0
24,trip,2230,2253.0,z02,z32,toy-0005103,,,False,45.45211309552545,0.0,43.38211309552545,2.3,4.6,0
80,trip,2230,2246.5,z20,z22,toy-0005092,,,False,45.615000000000045,0.0,44.130000000000045,0.35,4.6,0
33,visit,2230,2245.0,z31,z31,,hub_core,local,True,36.31226894730061,11.792731052699388,47.894999999999996,0.7,0,7.075638631619633
32,visit,2230,2278.6846079563875,z11,z11,,depot_west,central,False,43.34438087704966,0.0,41.39276616097479,6.505382386916237,0,0
67,visit,2230,2287.6666666666665,z32,z32,,depot_south,central,False,43.38211309552539,0.0,40.62211309552539,9.2,0,0
63,visit,2230,2245.0,z11,z11,,hub_center,local,True,46.24711309552537,1.8578869044746256,47.894999999999996,0.7,0,1.1147321426847754
85,visit,2230,2245.0,z11,z11,,hub_center,local,True,46.24711309552552,1.8578869044744766,47.894999999999996,0.7,0,1.114732142684686
22,visit,2230,2245.0,z00,z00,,depot_west,,True,29.230833212434504,17.77777777777778,46.79861099021228,0.7,0,10.666666666666668
82,visit,2230,2245.0,z31,z31,,hub_core,,True,35.816447247496626,12.28855275250337,47.894999999999996,0.7,0,7.373131651502023
16,trip,2240,2248.8333333333335,z11,z10,toy-0005108,,,False,18.300129893206236,0.0,17.505129893206238,0.35,2.3,0
2,trip,2240,2258.309854494165,z32,z11,toy-0005117,,,False,12.943251364434854,0.0,11.295364459959998,0.35,5.142956348249516,0
4,trip,2240,2248.8333333333335,z21,z22,toy-0005113,,,False,47.89500000000027,0.0,47.10000000000027,0.35,2.3,0
15,trip,2240,2248.8333333333335,z21,z31,toy-0005112,,,False,17.129010662619738,0.0,16.33401066261974,0.35,2.3,0
20,trip,2240,2252.0089706448603,z22,z31,toy-0005116,,,False,36.3121598206035,0.0,35.231352462566065,0.35,3.2526911934581184,0
26,trip,2240,2252.0089706448603,z21,z10,toy-0005109,,,False,32.029362989620964,0.0,30.948555631583528,0.35,3.2526911934581184,0
50,trip,2240,2252.0089706448603,z21,z30,toy-0005110,,,False,39.04135246256612,0.0,37.960545104528684,0.35,3.2526911934581184,0
8,trip,2240,2256.5,z00,z02,toy-0005107,,,False,47.8949999999997,0.0,46.4099999999997,0.35,4.6,0
7,trip,2240,2256.5,z32,z12,toy-0005118,,,False,25.924246957559248,0.0,24.43924695755925,0.35,4.6,0
51,trip,2240,2256.5,z21,z01,toy-0005111,,,False,47.89499999999975,0.0,46.40999999999975,0.35,4.6,0
19,trip,2240,2252.0089706448603,z31,z20,toy-0005114,,,False,47.89500000000023,0.0,46.8141926419628,0.35,3.2526911934581184,0
21,trip,2240,2248.8333333333335,z31,z21,toy-0005115,,,False,43.453385283925016,0.0,42.658385283925014,0.35,2.3,0
28,trip,2240,2265.410795394624,z00,z31,toy-0005119,,,False,21.699025173384467,0.0,19.412053587868286,0.35,7.273238618387272,0
10,trip,2240,2265.410795394624,z01,z32,toy-0005121,,,False,27.3666030992721,0.0,25.07963151375592,0.35,7.273238618387272,0
37,trip,2240,2265.410795394624,z31,z00,toy-0005125,,,False,37.07352679393428,0.0,34.78655520841809,0.35,7.273238618387272,0
45,trip,2240,2258.5089706448603,z10,z20,toy-0005122,,,False,38.281460423487346,0.0,36.61565306544991,2.3,3.2526911934581184,0
41,trip,2240,2258.309854494165,z31,z12,toy-0005130,,,False,32.89369636922862,0.0,31.245809464753766,0.35,5.142956348249516,0
52,trip,2240,2258.309854494165,z22,z10,toy-0005132,,,False,41.325498379450366,0.0,39.677611474975514,0.35,5.142956348249516,0
30,trip,2240,2252.0089706448603,z32,z21,toy-0005135,,,False,35.523973736867745,0.0,34.44316637883031,0.35,3.2526911934581184,0
55,trip,2240,2248.8333333333335,z22,z21,toy-0005134,,,False,41.91049837945068,0.0,41.11549837945068,0.35,2.3,0
43,trip,2240,2248.8333333333335,z31,z30,toy-0005127,,,False,45.030000000000165,0.0,44.23500000000016,0.35,2.3,0
57,trip,2240,2255.3333333333335,z10,z12,toy-0005123,,,False,40.1063381207994,0.0,38.7263381207994,2.3,2.3,0
56,trip,2240,2256.5,z22,z20,toy-0005133,,,False,41.46633928657515,0.0,39.98133928657515,0.35,4.6,0
49,trip,2240,2264.1666666666665,z31,z01,toy-0005128,,,False,41.98447095054211,0.0,39.809470950542114,0.35,6.8999999999999995,0
11,trip,2240,2264.809854494165,z30,z10,toy-0005126,,,False,28.82875366599703,0.0,26.595866761522174,2.3,5.142956348249516,0
3,trip,2240,2258.309854494165,z20,z32,toy-0005120,,,False,17.67329925528893,0.0,16.025412350814076,0.35,5.142956348249516,0
14,trip,2240,2255.3333333333335,z30,z32,toy-0005131,,,False,18.479981069538894,0.0,17.099981069538895,2.3,2.3,0
35,trip,2240,2248.8333333333335,z32,z31,toy-0005136,,,False,42.495498379450076,0.0,41.700498379450075,0.35,2.3,0
38,trip,2240,2271.910795394624,z32,z02,toy-0005129,,,False,38.80004672507805,0.0,35.92807513956187,2.3,7.273238618387272,0
58,trip,2240,2252.0089706448603,z21,z32,toy-0005124,,,False,46.81419264196248,0.0,45.733385283925045,0.35,3.2526911934581184,0
9,visit,2240,2255.0,z21,z21,,hub_inner,local,True,19.984415591913525,12.777777777777779,32.5521933696913,0.7,0,7.666666666666668
40,visit,2240,2282.3333333333335,z20,z20,,depot_south,central,False,34.402719435896906,0.0,33.0227194358969,4.6,0,0
34,visit,2240,2255.0,z21,z21,,hub_inner,local,True,35.61983253142159,12.485167468578409,47.894999999999996,0.7,0,7.491100481147046
83,visit,2240,2255.0,z31,z31,,hub_core,local,True,40.84716961992977,7.2578303800702235,47.894999999999996,0.7,0,4.3546982280421345
16,trip,2250,2258.8333333333335,z10,z00,toy-0005137,,,False,17.505129893206263,0.0,16.710129893206265,0.35,2.3,0
12,trip,2250,2266.5,z11,z31,toy-0005141,,,False,26.784449141001044,0.0,25.299449141001045,0.35,4.6,0
21,trip,2250,2258.8333333333335,z21,z31,toy-0005144,,,False,42.65838528392504,0.0,41.86338528392504,0.35,2.3,0
1,trip,2250,2275.410795394624,z32,z01,toy-0005147,,,False,17.187557055206838,0.0,14.900585469690657,0.35,7.273238618387272,0
53,trip,2250,2262.0089706448603,z11,z22,toy-0005142,,,False,39.326770567850545,0.0,38.24596320981311,0.35,3.2526911934581184,0
5,trip,2250,2262.0089706448603,z20,z31,toy-0005139,,,False,34.083917212463156,0.0,33.00310985442572,0.35,3.2526911934581184,0
64,trip,2250,2258.8333333333335,z32,z22,toy-0005148,,,False,42.60049837945009,0.0,41.805498379450086,0.35,2.3,0
60,trip,2250,2258.8333333333335,z10,z11,toy-0005138,,,False,40.106085666616785,0.0,39.31108566661678,0.35,2.3,0
4,trip,2250,2262.0089706448603,z22,z11,toy-0005146,,,False,47.1000000000003,0.0,46.01919264196287,0.35,3.2526911934581184,0
17,trip,2250,2268.309854494165,z20,z12,toy-0005140,,,False,11.42241045730943,0.0,9.774523552834577,0.35,5.142956348249516,0
15,trip,2250,2262.0089706448603,z31,z22,toy-0005145,,,False,16.334010662619765,0.0,15.253203304582328,0.35,3.2526911934581184,0
25,trip,2250,2258.8333333333335,z21,z11,toy-0005143,,,False,20.214214574247457,0.0,19.419214574247455,0.35,2.3,0
33,trip,2250,2266.5,z31,z11,toy-0005153,,,False,47.895000000000245,0.0,46.410000000000245,0.35,4.6,0
77,trip,2250,2258.8333333333335,z32,z31,toy-0005158,,,False,42.16499999999968,0.0,41.36999999999968,0.35,2.3,0
63,trip,2250,2268.309854494165,z11,z32,toy-0005151,,,False,47.89499999999992,0.0,46.247113095525066,0.35,5.142956348249516,0
22,trip,2250,2278.809226445224,z00,z32,toy-0005149,,,False,46.79861099021205,0.0,44.20578061014189,0.35,8.292767933567175,0
47,trip,2250,2262.0089706448603,z02,z11,toy-0005156,,,False,39.32977129557875,0.0,38.24896393754132,0.35,3.2526911934581184,0
68,trip,2250,2268.309854494165,z10,z22,toy-0005150,,,False,38.12133928657525,0.0,36.4734523821004,0.35,5.142956348249516,0
39,trip,2250,2258.8333333333335,z22,z32,toy-0005157,,,False,44.353385283925476,0.0,43.558385283925475,0.35,2.3,0
35,trip,2250,2258.8333333333335,z31,z21,toy-0005154,,,False,41.7004983794501,0.0,40.9054983794501,0.35,2.3,0
55,trip,2250,2258.8333333333335,z21,z20,toy-0005152,,,False,41.115498379450706,0.0,40.320498379450704,0.35,2.3,0
36,trip,2250,2258.8333333333335,z31,z32,toy-0005155,,,False,18.733749743884847,0.0,17.93874974388485,0.35,2.3,0
71,visit,2250,2265.0,z31,z31,,hub_core,,True,30.37078609602516,17.73421390397484,47.895,0.7,0,10.640528342384904
26,trip,2260,2282.851274623054,z10,z32,toy-0005162,,,False,30.94855563158354,0.0,28.89194091550867,0.35,6.505382386916237,0
8,trip,2260,2285.410795394624,z02,z31,toy-0005168,,,False,46.40999999999969,0.0,44.12302841448351,0.35,7.273238618387272,0
2,trip,2260,2268.8333333333335,z11,z21,toy-0005165,,,False,11.295364459960009,0.0,10.500364459960009,0.35,2.3,0
16,trip,2260,2268.8333333333335,z00,z01,toy-0005159,,,False,16.71012989320629,0.0,15.91512989320629,0.35,2.3,0
51,trip,2260,2272.0089706448603,z01,z10,toy-0005164,,,False,46.40999999999974,0.0,45.32919264196231,0.35,3.2526911934581184,0
52,trip,2260,2278.309854494165,z10,z31,toy-0005161,,,False,39.677611474975514,0.0,38.02972457050066,0.35,5.142956348249516,0
3,trip,2260,2288.809226445224,z32,z00,toy-0005174,,,False,16.02541235081409,0.0,13.432581970743938,0.35,8.292767933567175,0
54,trip,2260,2278.309854494165,z22,z30,toy-0005171,,,False,42.03306079779573,0.0,40.385173893320875,0.35,5.142956348249516,0
73,trip,2260,2268.8333333333335,z10,z20,toy-0005160,,,False,44.53419264196289,0.0,43.73919264196289,0.35,2.3,0
9,trip,2260,2268.8333333333335,z21,z22,toy-0005166,,,False,32.552193369691075,0.0,31.757193369691073,0.35,2.3,0
64,trip,2260,2272.0089706448603,z22,z31,toy-0005172,,,False,41.805498379450114,0.0,40.72469102141268,0.35,3.2526911934581184,0
76,trip,2260,2268.8333333333335,z22,z12,toy-0005173,,,False,39.795996758900415,0.0,39.00099675890041,0.35,2.3,0
19,trip,2260,2268.8333333333335,z20,z30,toy-0005163,,,False,46.814192641962805,0.0,46.0191926419628,0.35,2.3,0
7,trip,2260,2278.309854494165,z12,z31,toy-0005170,,,False,24.43924695755925,0.0,22.791360053084393,0.35,5.142956348249516,0
20,trip,2260,2272.0089706448603,z31,z20,toy-0005167,,,False,35.23135246256607,0.0,34.15054510452864,0.35,3.2526911934581184,0
27,trip,2260,2268.8333333333335,z12,z11,toy-0005169,,,False,31.290189400862957,0.0,30.495189400862955,0.35,2.3,0
6,trip,2260,2272.0089706448603,z32,z21,toy-0005186,,,False,30.72730133061225,0.0,29.646493972574813,0.35,3.2526911934581184,0
43,trip,2260,2278.309854494165,z30,z22,toy-0005177,,,False,44.23500000000019,0.0,42.58711309552534,0.35,5.142956348249516,0
56,trip,2260,2268.8333333333335,z20,z21,toy-0005176,,,False,39.98133928657514,0.0,39.18633928657514,0.35,2.3,0
14,trip,2260,2278.309854494165,z32,z11,toy-0005185,,,False,17.09998106953892,0.0,15.452094165064064,0.35,5.142956348249516,0
24,trip,2260,2282.851274623054,z32,z10,toy-0005183,,,False,43.38211309552545,0.0,41.32549837945058,0.35,6.505382386916237,0
66,trip,2260,2284.1666666666665,z01,z31,toy-0005178,,,False,43.54499999999989,0.0,41.36999999999989,0.35,6.8999999999999995,0
30,trip,2260,2272.0089706448603,z21,z32,toy-0005180,,,False,34.44316637883032,0.0,33.36235902079289,0.35,3.2526911934581184,0
36,trip,2260,2278.309854494165,z32,z20,toy-0005184,,,False,17.938749743884873,0.0,16.290862839410018,0.35,5.142956348249516,0
23,trip,2260,2283.0,z00,z30,toy-0005175,,,False,36.76986491473333,0.0,34.69986491473333,2.3,4.6,0
34,trip,2260,2268.8333333333335,z21,z31,toy-0005179,,,False,47.89499999999992,0.0,47.099999999999916,0.35,2.3,0
21,trip,2260,2268.8333333333335,z31,z21,toy-0005181,,,False,41.86338528392507,0.0,41.06838528392507,0.35,2.3,0
42,trip,2260,2272.0089706448603,z31,z22,toy-0005182,,,False,44.14338528392559,0.0,43.06257792588816,0.35,3.2526911934581184,0
18,visit,2260,2321.286375654997,z22,z22,,depot_south,central,False,35.29444797522524,0.0,32.20867416627553,10.285912696499032,0,0
59,visit,2260,2275.0,z31,z31,,hub_core,local,True,35.37564458601611,12.729355413983889,47.894999999999996,0.7,0,7.637613248390334
45,visit,2260,2280.3333333333335,z20,z20,,depot_south,local,False,36.615653065449926,0.0,35.235653065449924,4.6,0,0
55,visit,2260,2280.3333333333335,z20,z20,,depot_south,local,False,40.32049837945073,0.0,38.94049837945073,4.6,0,0
25,visit,2260,2275.0,z11,z11,,hub_center,,True,19.419214574247484,17.77777777777778,36.98699235202526,0.7,0,10.666666666666668
17,trip,2270,2282.0089706448603,z12,z21,toy-0005194,,,False,9.774523552834586,0.0,8.69371619479715,0.35,3.2526911934581184,0
10,trip,2270,2278.8333333333335,z32,z22,toy-0005197,,,False,25.07963151375594,0.0,24.28463151375594,0.35,2.3,0
4,trip,2270,2286.5,z11,z31,toy-0005191,,,False,46.019192641962874,0.0,44.534192641962875,0.35,4.6,0
11,trip,2270,2282.0089706448603,z10,z21,toy-0005187,,,False,26.595866761522185,0.0,25.51505940348475,0.35,3.2526911934581184,0
73,trip,2270,2282.0089706448603,z20,z31,toy-0005188,,,False,43.739192641962916,0.0,42.65838528392548,0.35,3.2526911934581184,0
39,trip,2270,2278.8333333333335,z32,z31,toy-0005196,,,False,43.5583852839255,0.0,42.7633852839255,0.35,2.3,0
0,trip,2270,2278.8333333333335,z31,z32,toy-0005193,,,False,34.23983253142172,0.0,33.44483253142172,0.35,2.3,0
79,trip,2270,2288.309854494165,z20,z32,toy-0005190,,,False,39.324334151971556,0.0,37.676447247496704,0.35,5.142956348249516,0
19,trip,2270,2293.0,z30,z22,toy-0005189,,,False,46.01919264196283,0.0,43.94919264196283,2.3,4.6,0
27,trip,2270,2282.0089706448603,z11,z02,toy-0005192,,,False,30.495189400862984,0.0,29.414382042825547,0.35,3.2526911934581184,0
9,trip,2270,2278.8333333333335,z22,z21,toy-0005195,,,False,31.757193369691098,0.0,30.9621933696911,0.35,2.3,0
5,trip,2270,2288.309854494165,z31,z10,toy-0005206,,,False,33.00310985442573,0.0,31.355222949950875,0.35,5.142956348249516,0
46,trip,2270,2282.0089706448603,z30,z21,toy-0005201,,,False,44.10169499024062,0.0,43.020887632203184,0.35,3.2526911934581184,0
50,trip,2270,2278.8333333333335,z30,z20,toy-0005200,,,False,37.96054510452869,0.0,37.16554510452869,0.35,2.3,0
15,trip,2270,2282.0089706448603,z22,z31,toy-0005211,,,False,15.25320330458234,0.0,14.172395946544905,0.35,3.2526911934581184,0
21,trip,2270,2278.8333333333335,z21,z11,toy-0005205,,,False,41.068385283925096,0.0,40.273385283925094,0.35,2.3,0
12,trip,2270,2288.309854494165,z31,z12,toy-0005208,,,False,25.299449141001045,0.0,23.65156223652619,0.35,5.142956348249516,0
29,trip,2270,2293.0,z00,z12,toy-0005199,,,False,47.894999999999776,0.0,45.824999999999775,2.3,4.6,0
41,trip,2270,2278.8333333333335,z12,z22,toy-0005209,,,False,31.245809464753776,0.0,30.450809464753775,0.35,2.3,0
57,trip,2270,2286.5,z12,z32,toy-0005210,,,False,38.726338120799426,0.0,37.241338120799426,0.35,4.6,0
53,trip,2270,2278.8333333333335,z22,z32,toy-0005213,,,False,38.24596320981312,0.0,37.45096320981312,0.35,2.3,0
68,trip,2270,2286.5,z22,z02,toy-0005212,,,False,36.4734523821004,0.0,34.9884523821004,0.35,4.6,0
28,trip,2270,2286.5,z31,z11,toy-0005207,,,False,19.412053587868304,0.0,17.927053587868304,0.35,4.6,0
58,trip,2270,2286.5,z32,z12,toy-0005214,,,False,45.73338528392505,0.0,44.24838528392505,0.35,4.6,0
75,trip,2270,2286.5,z30,z32,toy-0005203,,,False,44.12816521305431,0.0,42.64316521305431,0.35,4.6,0
31,trip,2270,2288.5089706448603,z00,z01,toy-0005198,,,False,42.678520916719876,0.0,41.01271355868244,2.3,3.2526911934581184,0
16,trip,2270,2286.5,z01,z21,toy-0005204,,,False,15.915129893206316,0.0,14.430129893206317,0.35,4.6,0
34,trip,2270,2285.3333333333335,z31,z31,toy-0005202,,,False,47.099999999999945,0.0,45.71999999999994,2.3,2.3,0
2,visit,2270,2299.8961146573574,z21,z21,,hub_inner,local,False,10.500364459960036,37.60463554003997,47.895,0.7,0,22.56278132402398
37,visit,2270,2285.0,z00,z00,,depot_west,local,True,34.78655520841811,12.777777777777779,47.354332986195885,0.7,0,7.666666666666668
47,visit,2270,2285.0,z11,z11,,hub_center,,True,38.248963937541326,9.856036062458672,47.894999999999996,0.7,0,5.913621637475203
7,trip,2280,2292.0089706448603,z31,z22,toy-0005227,,,False,22.791360053084407,0.0,21.71055269504697,0.35,3.2526911934581184,0
10,trip,2280,2292.0089706448603,z22,z11,toy-0005231,,,False,24.284631513755965,0.0,23.20382415571853,0.35,3.2526911934581184,0
39,trip,2280,2292.0089706448603,z31,z20,toy-0005224,,,False,42.76338528392553,0.0,41.6825779258881,0.35,3.2526911934581184,0
20,trip,2280,2292.0089706448603,z20,z11,toy-0005217,,,False,34.150545104528646,0.0,33.069737746491214,0.35,3.2526911934581184,0
1,trip,2280,2292.0089706448603,z01,z12,toy-0005218,,,False,14.900585469690673,0.0,13.819778111653237,0.35,3.2526911934581184,0
52,trip,2280,2288.8333333333335,z31,z21,toy-0005226,,,False,38.02972457050066,0.0,37.23472457050066,0.35,2.3,0
6,trip,2280,2292.0089706448603,z21,z32,toy-0005223,,,False,29.646493972574827,0.0,28.56568661453739,0.35,3.2526911934581184,0
9,trip,2280,2288.8333333333335,z21,z31,toy-0005221,,,False,30.962193369691125,0.0,30.167193369691127,0.35,2.3,0
42,trip,2280,2298.309854494165,z22,z01,toy-0005230,,,False,43.062577925888164,0.0,41.41469102141331,0.35,5.142956348249516,0
44,trip,2280,2292.0089706448603,z00,z11,toy-0005215,,,False,45.329192641962585,0.0,44.24838528392515,0.35,3.2526911934581184,0
14,trip,2280,2298.309854494165,z11,z32,toy-0005220,,,False,15.452094165064077,0.0,13.804207260589223,0.35,5.142956348249516,0
59,trip,2280,2304.1666666666665,z31,z01,toy-0005225,,,False,47.89499999999972,0.0,45.71999999999972,0.35,6.8999999999999995,0
0,trip,2280,2288.8333333333335,z32,z31,toy-0005233,,,False,33.444832531421746,0.0,32.649832531421744,0.35,2.3,0
64,trip,2280,2288.8333333333335,z31,z32,toy-0005228,,,False,40.72469102141269,0.0,39.92969102141269,0.35,2.3,0
25,trip,2280,2292.0089706448603,z11,z22,toy-0005219,,,False,36.986992352025034,0.0,35.9061849939876,0.35,3.2526911934581184,0
43,trip,2280,2296.5,z22,z20,toy-0005229,,,False,42.58711309552534,0.0,41.10211309552534,0.35,4.6,0
22,trip,2280,2292.0089706448603,z32,z21,toy-0005232,,,False,44.20578061014189,0.0,43.12497325210446,0.35,3.2526911934581184,0
49,trip,2280,2304.809854494165,z01,z21,toy-0005216,,,False,39.80947095054212,0.0,37.57658404606727,2.3,5.142956348249516,0
35,trip,2280,2292.0089706448603,z21,z12,toy-0005222,,,False,40.90549837945013,0.0,39.8246910214127,0.35,3.2526911934581184,0
71,trip,2280,2288.8333333333335,z31,z30,toy-0005238,,,False,47.895000000000344,0.0,47.10000000000034,0.35,2.3,0
54,trip,2280,2302.851274623054,z30,z12,toy-0005235,,,False,40.385173893320875,0.0,38.32855917724601,0.35,6.505382386916237,0
76,trip,2280,2298.309854494165,z12,z31,toy-0005242,,,False,39.00099675890044,0.0,37.35310985442559,0.35,5.142956348249516,0
13,trip,2280,2298.309854494165,z02,z21,toy-0005239,,,False,32.43105328330549,0.0,30.783166378830632,0.35,5.142956348249516,0
56,trip,2280,2288.8333333333335,z21,z22,toy-0005237,,,False,39.18633928657517,0.0,38.39133928657517,0.35,2.3,0
32,trip,2280,2304.809854494165,z11,z20,toy-0005241,,,False,41.39276616097479,0.0,39.159879256499934,2.3,5.142956348249516,0
38,trip,2280,2288.8333333333335,z02,z12,toy-0005240,,,False,35.928075139561884,0.0,35.13307513956188,0.35,2.3,0
30,trip,2280,2296.5,z32,z30,toy-0005243,,,False,33.362359020792894,0.0,31.877359020792895,0.35,4.6,0
51,trip,2280,2304.809854494165,z10,z12,toy-0005234,,,False,45.329192641962315,0.0,43.09630573748746,2.3,5.142956348249516,0
61,trip,2280,2292.0089706448603,z21,z10,toy-0005236,,,False,40.113605902324046,0.0,39.032798544286614,0.35,3.2526911934581184,0
41,visit,2280,2300.3333333333335,z22,z22,,hub_inner,local,False,30.450809464753803,0.0,29.070809464753804,4.6,0,0
50,visit,2280,2300.3333333333335,z20,z20,,depot_south,local,False,37.16554510452872,0.0,35.785545104528715,4.6,0,0
53,visit,2280,2295.0,z32,z32,,hub_waterfront,local,True,37.450963209813146,10.654036790186849,47.894999999999996,0.7,0,6.39242207411211
21,visit,2280,2295.0,z11,z11,,hub_center,local,True,40.27338528392512,7.831614716074873,47.894999999999996,0.7,0,4.698968829644924
56,trip,2290,2302.0089706448603,z22,z31,toy-0005256,,,False,38.391339286575196,0.0,37.31053192853776,0.35,3.2526911934581184,0
28,trip,2290,2302.0089706448603,z11,z20,toy-0005249,,,False,17.927053587868304,0.0,16.846246229830868,0.35,3.2526911934581184,0
31,trip,2290,2315.410795394624,z01,z32,toy-0005247,,,False,41.01271355868246,0.0,38.72574197316627,0.35,7.273238618387272,0
3,trip,2290,2315.410795394624,z00,z31,toy-0005244,,,False,13.43258197074394,0.0,11.145610385227759,0.35,7.273238618387272,0
33,trip,2290,2306.5,z11,z31,toy-0005251,,,False,46.41000000000024,0.0,44.92500000000024,0.35,4.6,0
47,trip,2290,2298.8333333333335,z11,z21,toy-0005250,,,False,47.89499999999966,0.0,47.09999999999966,0.35,2.3,0
26,trip,2290,2298.8333333333335,z32,z22,toy-0005257,,,False,28.891940915508684,0.0,28.096940915508682,0.35,2.3,0
36,trip,2290,2308.309854494165,z20,z01,toy-0005245,,,False,16.290862839410032,0.0,14.642975934935176,0.35,5.142956348249516,0
72,trip,2290,2308.309854494165,z01,z22,toy-0005246,,,False,45.45353149049092,0.0,43.805644586016065,0.35,5.142956348249516,0
17,trip,2290,2298.8333333333335,z21,z20,toy-0005252,,,False,8.693716194797162,0.0,7.898716194797162,0.35,2.3,0
12,trip,2290,2306.5,z12,z10,toy-0005255,,,False,23.651562236526203,0.0,22.166562236526204,0.35,4.6,0
46,trip,2290,2306.5,z21,z01,toy-0005253,,,False,43.02088763220319,0.0,41.53588763220319,0.35,4.6,0
60,trip,2290,2302.0089706448603,z11,z00,toy-0005248,,,False,39.31108566661681,0.0,38.23027830857938,0.35,3.2526911934581184,0
27,trip,2290,2306.5,z02,z22,toy-0005254,,,False,29.41438204282556,0.0,27.929382042825562,0.35,4.6,0
62,trip,2290,2298.8333333333335,z21,z31,toy-0005264,,,False,47.89500000000009,0.0,47.10000000000009,0.35,2.3,0
0,trip,2290,2306.5,z31,z11,toy-0005266,,,False,32.64983253142177,0.0,31.164832531421773,0.35,4.6,0
23,trip,2290,2308.309854494165,z30,z11,toy-0005262,,,False,34.69986491473333,0.0,33.05197801025848,0.35,5.142956348249516,0
5,trip,2290,2308.309854494165,z10,z31,toy-0005258,,,False,31.355222949950882,0.0,29.707336045476026,0.35,5.142956348249516,0
4,trip,2290,2298.8333333333335,z31,z21,toy-0005267,,,False,44.53419264196287,0.0,43.739192641962866,0.35,2.3,0
40,trip,2290,2302.0089706448603,z20,z31,toy-0005260,,,False,33.02271943589694,0.0,31.941912077859502,0.35,3.2526911934581184,0
57,trip,2290,2298.8333333333335,z32,z31,toy-0005274,,,False,37.24133812079942,0.0,36.44633812079942,0.35,2.3,0
8,trip,2290,2298.8333333333335,z31,z32,toy-0005268,,,False,44.12302841448352,0.0,43.32802841448352,0.35,2.3,0
63,trip,2290,2308.309854494165,z32,z20,toy-0005272,,,False,46.247113095525066,0.0,44.599226191050214,0.35,5.142956348249516,0
45,trip,2290,2312.851274623054,z20,z02,toy-0005261,,,False,35.23565306544996,0.0,33.17903834937509,0.35,6.505382386916237,0
80,trip,2290,2298.8333333333335,z22,z21,toy-0005270,,,False,44.13000000000004,0.0,43.335000000000036,0.35,2.3,0
84,trip,2290,2298.8333333333335,z22,z32,toy-0005271,,,False,44.63919264196289,0.0,43.84419264196289,0.35,2.3,0
88,trip,2290,2298.8333333333335,z01,z00,toy-0005263,,,False,45.719999999999914,0.0,44.92499999999991,0.35,2.3,0
9,trip,2290,2315.410795394624,z31,z00,toy-0005265,,,False,30.16719336969115,0.0,27.88022178417497,0.35,7.273238618387272,0
38,trip,2290,2314.809854494165,z12,z10,toy-0005269,,,False,35.13307513956191,0.0,32.90018823508706,2.3,5.142956348249516,0
67,trip,2290,2308.309854494165,z32,z11,toy-0005273,,,False,40.62211309552537,0.0,38.97422619105052,0.35,5.142956348249516,0
55,trip,2290,2298.8333333333335,z20,z21,toy-0005259,,,False,38.940498379450766,0.0,38.145498379450764,0.35,2.3,0
16,visit,2290,2359.412014435286,z21,z21,,depot_south,central,False,14.430129893206317,34.545677464831115,47.02419264196256,6.505382386916237,0,20.72740647889867
11,visit,2290,2338.6846079563875,z21,z21,,depot_south,central,False,25.515059403484763,0.0,23.56344468740989,6.505382386916237,0,0
52,visit,2290,2305.0,z21,z21,,hub_inner,local,True,37.23472457050069,10.870275429499308,47.894999999999996,0.7,0,6.5221652576995846
64,visit,2290,2305.0,z32,z32,,hub_waterfront,local,True,39.929691021412715,8.175308978587282,47.894999999999996,0.7,0,4.905185387152369
66,visit,2290,2305.0,z31,z31,,hub_core,local,True,41.3699999999999,6.735000000000098,47.894999999999996,0.7,0,4.041000000000059
15,visit,2290,2314.6928957654063,z31,z31,,hub_core,,False,14.172395946544917,33.93260405345508,47.894999999999996,0.7,0,20.359562432073048
79,visit,2290,2305.0,z32,z32,,hub_waterfront,,True,37.676447247496704,10.428552752503293,47.894999999999996,0.7,0,6.257131651501976
17,trip,2300,2318.309854494165,z20,z32,toy-0005276,,,False,7.898716194797189,0.0,6.250829290322335,0.35,5.142956348249516,0
48,trip,2300,2322.851274623054,z02,z20,toy-0005282,,,False,27.494571443688983,0.0,25.43795672761411,0.35,6.505382386916237,0
24,trip,2300,2322.851274623054,z10,z32,toy-0005275,,,False,41.325498379450586,0.0,39.26888366337572,0.35,6.505382386916237,0
34,trip,2300,2318.309854494165,z31,z12,toy-0005280,,,False,45.71999999999997,0.0,44.07211309552512,0.35,5.142956348249516,0
2,trip,2300,2312.0089706448603,z21,z32,toy-0005279,,,False,47.894999999999975,0.0,46.81419264196254,0.35,3.2526911934581184,0
8,trip,2300,2325.410795394624,z32,z01,toy-0005283,,,False,43.32802841448355,0.0,41.04105682896736,0.35,7.273238618387272,0
14,trip,2300,2312.0089706448603,z32,z21,toy-0005284,,,False,13.804207260589232,0.0,12.723399902551796,0.35,3.2526911934581184,0
4,trip,2300,2312.0089706448603,z21,z30,toy-0005278,,,False,43.739192641962894,0.0,42.65838528392546,0.35,3.2526911934581184,0
62,trip,2300,2312.0089706448603,z31,z22,toy-0005281,,,False,47.100000000000115,0.0,46.01919264196268,0.35,3.2526911934581184,0
10,trip,2300,2318.309854494165,z11,z30,toy-0005277,,,False,23.203824155718543,0.0,21.555937251243687,0.35,5.142956348249516,0
20,trip,2300,2308.8333333333335,z11,z10,toy-0005288,,,False,33.06973774649122,0.0,32.27473774649122,0.35,2.3,0
53,trip,2300,2308.8333333333335,z32,z31,toy-0005299,,,False,47.894999999999655,0.0,47.09999999999965,0.35,2.3,0
73,trip,2300,2308.8333333333335,z31,z32,toy-0005295,,,False,42.65838528392549,0.0,41.86338528392549,0.35,2.3,0
7,trip,2300,2308.8333333333335,z22,z12,toy-0005298,,,False,21.710552695046985,0.0,20.915552695046983,0.35,2.3,0
21,trip,2300,2308.8333333333335,z11,z01,toy-0005289,,,False,47.894999999999904,0.0,47.0999999999999,0.35,2.3,0
42,trip,2300,2318.309854494165,z01,z20,toy-0005286,,,False,41.41469102141331,0.0,39.76680411693846,0.35,5.142956348249516,0
74,trip,2300,2325.410795394624,z31,z02,toy-0005294,,,False,39.28680411693803,0.0,36.999832531421845,0.35,7.273238618387272,0
76,trip,2300,2312.0089706448603,z31,z20,toy-0005293,,,False,37.35310985442559,0.0,36.27230249638816,0.35,3.2526911934581184,0
19,trip,2300,2312.0089706448603,z22,z31,toy-0005297,,,False,43.94919264196283,0.0,42.8683852839254,0.35,3.2526911934581184,0
44,trip,2300,2318.309854494165,z11,z32,toy-0005291,,,False,44.24838528392516,0.0,42.60049837945031,0.35,5.142956348249516,0
75,trip,2300,2324.1666666666665,z32,z02,toy-0005300,,,False,42.6431652130543,0.0,40.468165213054306,0.35,6.8999999999999995,0
37,trip,2300,2330.6666666666665,z00,z31,toy-0005287,,,False,47.35433298619565,0.0,44.59433298619565,2.3,6.8999999999999995,0
39,trip,2300,2308.8333333333335,z20,z10,toy-0005285,,,False,41.682577925888104,0.0,40.8875779258881,0.35,2.3,0
85,trip,2300,2308.8333333333335,z11,z12,toy-0005290,,,False,47.89500000000007,0.0,47.100000000000065,0.35,2.3,0
25,trip,2300,2322.851274623054,z22,z00,toy-0005296,,,False,35.90618499398761,0.0,33.84957027791274,0.35,6.505382386916237,0
13,trip,2300,2318.309854494165,z21,z00,toy-0005292,,,False,30.783166378830643,0.0,29.135279474355787,0.35,5.142956348249516,0
1,visit,2300,2341.255466466341,z12,z12,,hub_center,local,False,13.81977811165325,34.87022188834674,47.30999999999999,4.6,0,20.922133133008046
6,visit,2300,2315.0,z32,z32,,hub_waterfront,local,True,28.565686614537405,12.777777777777779,41.13346439231518,0.7,0,7.666666666666668
57,visit,2300,2315.0,z31,z31,,hub_core,local,True,36.446338120799446,11.65866187920055,47.894999999999996,0.7,0,6.99519712752033
35,visit,2300,2320.3333333333335,z12,z12,,hub_center,local,False,39.824691021412704,0.0,38.4446910214127,4.6,0,0
88,visit,2300,2315.0,z00,z00,,depot_west,local,True,44.92499999999994,3.1800000000000566,47.894999999999996,0.7,0,1.908000000000034
30,visit,2300,2315.0,z30,z30,,depot_south,,True,31.877359020792888,16.227640979207113,47.895,0.7,0,9.736584587524268
55,visit,2300,2315.0,z21,z21,,hub_inner,,True,38.14549837945079,9.959501620549206,47.894999999999996,0.7,0,5.975700972329523
65,trip,2310,2334.1666666666665,z02,z32,toy-0005311,,,False,37.64028302001806,0.0,35.46528302001806,0.35,6.8999999999999995,0
22,trip,2310,2318.8333333333335,z21,z22,toy-0005308,,,False,43.12497325210447,0.0,42.329973252104466,0.35,2.3,0
64,trip,2310,2332.851274623054,z32,z10,toy-0005315,,,False,47.895000000000095,0.0,45.83838528392523,0.35,6.505382386916237,0
28,trip,2310,2326.5,z20,z22,toy-0005302,,,False,16.846246229830882,0.0,15.361246229830883,0.35,4.6,0
21,trip,2310,2318.8333333333335,z01,z11,toy-0005303,,,False,47.09999999999993,0.0,46.30499999999993,0.35,2.3,0
47,trip,2310,2318.8333333333335,z21,z11,toy-0005305,,,False,47.09999999999969,0.0,46.30499999999969,0.35,2.3,0
29,trip,2310,2326.5,z12,z32,toy-0005314,,,False,45.824999999999775,0.0,44.339999999999776,0.35,4.6,0
39,trip,2310,2328.309854494165,z10,z22,toy-0005301,,,False,40.88757792588813,0.0,39.23969102141328,0.35,5.142956348249516,0
73,trip,2310,2318.8333333333335,z32,z22,toy-0005316,,,False,41.86338528392552,0.0,41.068385283925515,0.35,2.3,0
51,trip,2310,2322.0089706448603,z12,z01,toy-0005312,,,False,43.09630573748748,0.0,42.015498379450044,0.35,3.2526911934581184,0
5,trip,2310,2328.309854494165,z31,z10,toy-0005309,,,False,29.70733604547604,0.0,28.059449141001185,0.35,5.142956348249516,0
54,trip,2310,2322.0089706448603,z12,z21,toy-0005313,,,False,38.328559177246014,0.0,37.24775181920858,0.35,3.2526911934581184,0
0,trip,2310,2326.5,z11,z31,toy-0005304,,,False,31.16483253142177,0.0,29.67983253142177,0.35,4.6,0
49,trip,2310,2318.8333333333335,z21,z31,toy-0005306,,,False,37.57658404606728,0.0,36.78158404606728,0.35,2.3,0
52,trip,2310,2328.309854494165,z21,z02,toy-0005307,,,False,47.89500000000025,0.0,46.2471130955254,0.35,5.142956348249516,0
33,trip,2310,2318.8333333333335,z31,z21,toy-0005310,,,False,44.92500000000023,0.0,44.13000000000023,0.35,2.3,0
40,trip,2310,2322.0089706448603,z31,z22,toy-0005323,,,False,31.94191207785951,0.0,30.861104719822073,0.35,3.2526911934581184,0
67,trip,2310,2322.0089706448603,z11,z22,toy-0005321,,,False,38.97422619105052,0.0,37.89341883301309,0.35,3.2526911934581184,0
58,trip,2310,2328.309854494165,z12,z31,toy-0005325,,,False,44.248385283925046,0.0,42.600498379450194,0.35,5.142956348249516,0
26,trip,2310,2326.5,z22,z20,toy-0005326,,,False,28.09694091550871,0.0,26.61194091550871,0.35,4.6,0
27,trip,2310,2322.0089706448603,z22,z11,toy-0005327,,,False,27.929382042825562,0.0,26.848574684788126,0.35,3.2526911934581184,0
68,trip,2310,2335.410795394624,z02,z31,toy-0005324,,,False,34.98845238210039,0.0,32.70148079658421,0.35,7.273238618387272,0
60,trip,2310,2332.851274623054,z00,z22,toy-0005317,,,False,38.230278308579386,0.0,36.17366359250452,0.35,6.505382386916237,0
61,trip,2310,2318.8333333333335,z10,z11,toy-0005318,,,False,39.03279854428662,0.0,38.23779854428662,0.35,2.3,0
32,trip,2310,2322.0089706448603,z20,z31,toy-0005319,,,False,39.15987925649995,0.0,38.079071898462516,0.35,3.2526911934581184,0
79,trip,2310,2326.5,z32,z12,toy-0005328,,,False,47.89499999999977,0.0,46.40999999999977,0.35,4.6,0
53,trip,2310,2326.5,z31,z11,toy-0005322,,,False,47.09999999999968,0.0,45.61499999999968,0.35,4.6,0
71,trip,2310,2318.8333333333335,z30,z31,toy-0005320,,,False,47.10000000000037,0.0,46.30500000000037,0.35,2.3,0
7,visit,2310,2330.3333333333335,z12,z12,,hub_center,local,False,20.915552695047012,0.0,19.535552695047013,4.6,0,0
12,visit,2310,2330.3333333333335,z10,z10,,depot_west,local,False,22.166562236526204,0.0,20.786562236526205,4.6,0,0
20,visit,2310,2330.3333333333335,z10,z10,,depot_west,local,False,32.27473774649125,0.0,30.89473774649125,4.6,0,0
56,visit,2310,2325.0,z31,z31,,hub_core,local,True,37.31053192853777,10.794468071462227,47.894999999999996,0.7,0,6.476680842877336
36,visit,2310,2347.761547772372,z01,z01,,depot_west,,False,14.642975934935187,34.04702406506481,47.309999999999995,4.6,0,20.428214439038886
4,trip,2320,2345.410795394624,z30,z01,toy-0005332,,,False,42.65838528392547,0.0,40.371413698409285,0.35,7.273238618387272,0
2,trip,2320,2338.309854494165,z32,z11,toy-0005345,,,False,46.81419264196255,0.0,45.1663057374877,0.35,5.142956348249516,0
14,trip,2320,2332.0089706448603,z21,z12,toy-0005335,,,False,12.723399902551808,0.0,11.642592544514372,0.35,3.2526911934581184,0
33,trip,2320,2328.8333333333335,z21,z20,toy-0005334,,,False,44.13000000000026,0.0,43.33500000000026,0.35,2.3,0
6,trip,2320,2338.309854494165,z32,z20,toy-0005344,,,False,41.133464392314956,0.0,39.485577487840104,0.35,5.142956348249516,0
22,trip,2320,2332.0089706448603,z22,z31,toy-0005342,,,False,42.329973252104494,0.0,41.24916589406706,0.35,3.2526911934581184,0
3,trip,2320,2344.1666666666665,z31,z01,toy-0005337,,,False,11.145610385227773,0.0,8.970610385227772,0.35,6.8999999999999995,0
31,trip,2320,2328.8333333333335,z32,z31,toy-0005347,,,False,38.725741973166286,0.0,37.930741973166285,0.35,2.3,0
34,trip,2320,2328.8333333333335,z12,z11,toy-0005339,,,False,44.07211309552512,0.0,43.27711309552512,0.35,2.3,0
21,trip,2320,2328.8333333333335,z11,z21,toy-0005333,,,False,46.30499999999996,0.0,45.509999999999955,0.35,2.3,0
85,trip,2320,2328.8333333333335,z12,z22,toy-0005340,,,False,47.100000000000094,0.0,46.30500000000009,0.35,2.3,0
44,trip,2320,2332.0089706448603,z32,z21,toy-0005346,,,False,42.60049837945031,0.0,41.519691021412875,0.35,3.2526911934581184,0
55,trip,2320,2332.0089706448603,z21,z32,toy-0005336,,,False,47.89499999999978,0.0,46.81419264196235,0.35,3.2526911934581184,0
41,trip,2320,2328.8333333333335,z22,z32,toy-0005343,,,False,29.07080946475383,0.0,28.275809464753827,0.35,2.3,0
38,trip,2320,2332.0089706448603,z10,z21,toy-0005330,,,False,32.90018823508707,0.0,31.819380877049635,0.35,3.2526911934581184,0
42,trip,2320,2338.309854494165,z20,z12,toy-0005331,,,False,39.76680411693846,0.0,38.11891721246361,0.35,5.142956348249516,0
15,trip,2320,2328.8333333333335,z31,z32,toy-0005338,,,False,47.89499999999967,0.0,47.09999999999967,0.35,2.3,0
9,trip,2320,2348.809226445224,z00,z32,toy-0005329,,,False,27.88022178417499,0.0,25.287391404104838,0.35,8.292767933567175,0
62,trip,2320,2328.8333333333335,z22,z21,toy-0005341,,,False,46.01919264196269,0.0,45.22419264196269,0.35,2.3,0
19,trip,2320,2328.8333333333335,z31,z21,toy-0005352,,,False,42.868385283925406,0.0,42.073385283925404,0.35,2.3,0
72,trip,2320,2338.309854494165,z22,z30,toy-0005353,,,False,43.805644586016065,0.0,42.15775768154121,0.35,5.142956348249516,0
70,trip,2320,2328.8333333333335,z21,z31,toy-0005350,,,False,40.65341883301277,0.0,39.85841883301277,0.35,2.3,0
49,trip,2320,2332.0089706448603,z31,z20,toy-0005351,,,False,36.78158404606731,0.0,35.700776688029876,0.35,3.2526911934581184,0
84,trip,2320,2348.809226445224,z32,z00,toy-0005354,,,False,43.84419264196292,0.0,41.251362261892766,0.35,8.292767933567175,0
46,trip,2320,2336.5,z01,z21,toy-0005349,,,False,41.535887632203185,0.0,40.050887632203185,0.35,4.6,0
13,trip,2320,2344.809854494165,z00,z31,toy-0005348,,,False,29.1352794743558,0.0,26.902392569880945,2.3,5.142956348249516,0
10,visit,2320,2335.0,z30,z30,,depot_south,local,True,21.5559372512437,12.777777777777779,34.123715029021476,0.7,0,7.666666666666668
76,visit,2320,2340.3333333333335,z20,z20,,depot_south,local,False,36.272302496388164,0.0,34.89230249638816,4.6,0,0
17,visit,2320,2349.4458357591398,z32,z32,,hub_waterfront,,False,6.250829290322345,41.85417070967765,47.894999999999996,0.7,0,25.112502425806593
33,trip,2330,2338.8333333333335,z20,z21,toy-0005359,,,False,43.335000000000285,0.0,42.54000000000028,0.35,2.3,0
0,trip,2330,2342.0089706448603,z31,z22,toy-0005365,,,False,29.67983253142177,0.0,28.599025173384334,0.35,3.2526911934581184,0
15,trip,2330,2338.8333333333335,z32,z22,toy-0005370,,,False,47.099999999999696,0.0,46.304999999999694,0.35,2.3,0
45,trip,2330,2348.309854494165,z02,z10,toy-0005367,,,False,33.1790383493751,0.0,31.531151444900242,0.35,5.142956348249516,0
25,trip,2330,2354.1666666666665,z00,z30,toy-0005355,,,False,33.84957027791275,0.0,31.674570277912746,0.35,6.8999999999999995,0
43,trip,2330,2342.0089706448603,z20,z11,toy-0005358,,,False,41.10211309552533,0.0,40.0213057374879,0.35,3.2526911934581184,0
35,trip,2330,2352.851274623054,z12,z30,toy-0005368,,,False,38.44469102141274,0.0,36.38807630533787,0.35,6.505382386916237,0
31,trip,2330,2338.8333333333335,z31,z32,toy-0005366,,,False,37.93074197316631,0.0,37.13574197316631,0.35,2.3,0
24,trip,2330,2338.8333333333335,z32,z31,toy-0005369,,,False,39.268883663375725,0.0,38.47388366337572,0.35,2.3,0
5,trip,2330,2338.8333333333335,z10,z20,toy-0005356,,,False,28.0594491410012,0.0,27.2644491410012,0.35,2.3,0
30,trip,2330,2346.5,z30,z32,toy-0005361,,,False,47.894999999999996,0.0,46.41,0.35,4.6,0
32,trip,2330,2338.8333333333335,z31,z30,toy-0005363,,,False,38.07907189846252,0.0,37.28407189846252,0.35,2.3,0
27,trip,2330,2346.5,z11,z31,toy-0005362,,,False,26.84857468478814,0.0,25.36357468478814,0.35,4.6,0
48,trip,2330,2348.309854494165,z20,z32,toy-0005360,,,False,25.437956727614125,0.0,23.79006982313927,0.35,5.142956348249516,0
50,trip,2330,2346.5,z20,z00,toy-0005357,,,False,35.78554510452875,0.0,34.30054510452875,0.35,4.6,0
56,trip,2330,2348.309854494165,z31,z12,toy-0005364,,,False,47.89499999999972,0.0,46.24711309552487,0.35,5.142956348249516,0
19,trip,2330,2338.8333333333335,z21,z22,toy-0005376,,,False,42.07338528392543,0.0,41.27838528392543,0.35,2.3,0
57,trip,2330,2354.809854494165,z31,z22,toy-0005371,,,False,47.8950000000002,0.0,45.66211309552535,2.3,5.142956348249516,0
34,trip,2330,2348.309854494165,z11,z32,toy-0005374,,,False,43.277113095525145,0.0,41.62922619105029,0.35,5.142956348249516,0
8,trip,2330,2355.410795394624,z01,z32,toy-0005373,,,False,41.04105682896738,0.0,38.75408524345119,0.35,7.273238618387272,0
51,trip,2330,2355.410795394624,z01,z30,toy-0005372,,,False,42.01549837945005,0.0,39.72852679393387,0.35,7.273238618387272,0
29,trip,2330,2346.5,z32,z30,toy-0005378,,,False,44.33999999999977,0.0,42.85499999999977,0.35,4.6,0
58,trip,2330,2346.5,z31,z11,toy-0005377,,,False,42.600498379450194,0.0,41.115498379450194,0.35,4.6,0
21,trip,2330,2342.0089706448603,z21,z10,toy-0005375,,,False,45.509999999999984,0.0,44.42919264196255,0.35,3.2526911934581184,0
26,visit,2330,2350.3333333333335,z20,z20,,depot_south,local,False,26.61194091550871,0.0,25.231940915508712,4.6,0,0
23,visit,2330,2345.0,z11,z11,,hub_center,local,True,33.05197801025848,12.777777777777779,45.61975578803626,0.7,0,7.666666666666668
74,visit,2330,2365.6666666666665,z02,z02,,depot_west,local,False,36.99983253142186,0.0,34.23983253142186,9.2,0,0
39,visit,2330,2350.3333333333335,z22,z22,,hub_inner,local,False,39.23969102141328,0.0,37.859691021413276,4.6,0,0
79,visit,2330,2356.6846079563875,z12,z12,,hub_inner,local,False,46.40999999999976,0.0,44.45838528392489,6.505382386916237,0,0
41,visit,2330,2345.0,z32,z32,,hub_waterfront,,True,28.275809464753856,17.77777777777778,45.84358724253163,0.7,0,10.666666666666668
54,visit,2330,2345.0,z21,z21,,hub_inner,,True,37.24775181920859,10.857248180791409,47.894999999999996,0.7,0,6.514348908474846
88,trip,2340,2365.410795394624,z00,z31,toy-0005380,,,False,47.8949999999998,0.0,45.60802841448361,0.35,7.273238618387272,0
11,trip,2340,2348.8333333333335,z21,z31,toy-0005386,,,False,23.56344468740989,0.0,22.76844468740989,0.35,2.3,0
12,trip,2340,2363.0,z10,z20,toy-0005379,,,False,20.78656223652623,0.0,18.71656223652623,2.3,4.6,0
22,trip,2340,2348.8333333333335,z31,z21,toy-0005390,,,False,41.24916589406707,0.0,40.45416589406707,0.35,2.3,0
15,trip,2340,2352.0089706448603,z22,z31,toy-0005393,,,False,46.30499999999972,0.0,45.22419264196229,0.35,3.2526911934581184,0
18,trip,2340,2348.8333333333335,z22,z21,toy-0005392,,,False,32.20867416627552,0.0,31.41367416627552,0.35,2.3,0
59,trip,2340,2364.1666666666665,z01,z31,toy-0005383,,,False,45.71999999999973,0.0,43.54499999999973,0.35,6.8999999999999995,0
2,trip,2340,2352.0089706448603,z11,z20,toy-0005384,,,False,45.1663057374877,0.0,44.085498379450264,0.35,3.2526911934581184,0
55,trip,2340,2352.0089706448603,z32,z21,toy-0005395,,,False,46.81419264196236,0.0,45.733385283924925,0.35,3.2526911934581184,0
33,trip,2340,2348.8333333333335,z21,z11,toy-0005385,,,False,42.54000000000031,0.0,41.74500000000031,0.35,2.3,0
5,trip,2340,2352.0089706448603,z20,z31,toy-0005381,,,False,27.264449141001226,0.0,26.18364178296379,0.35,3.2526911934581184,0
19,trip,2340,2348.8333333333335,z22,z32,toy-0005394,,,False,41.27838528392546,0.0,40.48338528392546,0.35,2.3,0
24,trip,2340,2358.309854494165,z31,z10,toy-0005389,,,False,38.47388366337575,0.0,36.8259967589009,0.35,5.142956348249516,0
37,trip,2340,2365.410795394624,z31,z00,toy-0005388,,,False,44.59433298619567,0.0,42.30736140067948,0.35,7.273238618387272,0
10,trip,2340,2352.0089706448603,z30,z21,toy-0005382,,,False,34.12371502902125,0.0,33.042907670983816,0.35,3.2526911934581184,0
44,trip,2340,2352.0089706448603,z21,z32,toy-0005387,,,False,41.51969102141288,0.0,40.43888366337545,0.35,3.2526911934581184,0
28,trip,2340,2358.309854494165,z22,z01,toy-0005391,,,False,15.361246229830883,0.0,13.713359325356027,0.35,5.142956348249516,0
20,trip,2340,2362.851274623054,z10,z32,toy-0005396,,,False,30.894737746491273,0.0,28.8381230304164,0.35,6.505382386916237,0
66,trip,2340,2348.8333333333335,z31,z32,toy-0005402,,,False,47.895000000000195,0.0,47.10000000000019,0.35,2.3,0
70,trip,2340,2352.0089706448603,z31,z22,toy-0005401,,,False,39.8584188330128,0.0,38.777611474975366,0.35,3.2526911934581184,0
7,trip,2340,2358.309854494165,z12,z31,toy-0005403,,,False,19.535552695047038,0.0,17.887665790572182,0.35,5.142956348249516,0
86,trip,2340,2358.309854494165,z32,z11,toy-0005406,,,False,47.89500000000005,0.0,46.2471130955252,0.35,5.142956348249516,0
6,trip,2340,2356.5,z20,z22,toy-0005397,,,False,39.485577487840104,0.0,38.000577487840104,0.35,4.6,0
40,trip,2340,2363.0,z22,z32,toy-0005404,,,False,30.861104719822087,0.0,28.791104719822087,2.3,4.6,0
46,trip,2340,2356.5,z21,z01,toy-0005399,,,False,40.05088763220318,0.0,38.56588763220318,0.35,4.6,0
87,trip,2340,2365.410795394624,z32,z01,toy-0005405,,,False,43.06500000000015,0.0,40.77802841448396,0.35,7.273238618387272,0
32,trip,2340,2364.1666666666665,z30,z00,toy-0005398,,,False,37.28407189846255,0.0,35.10907189846255,0.35,6.8999999999999995,0
89,trip,2340,2348.8333333333335,z32,z31,toy-0005407,,,False,47.894999999999726,0.0,47.099999999999724,0.35,2.3,0
71,trip,2340,2352.0089706448603,z31,z20,toy-0005400,,,False,46.3050000000004,0.0,45.224192641962965,0.35,3.2526911934581184,0
14,visit,2340,2382.561777806625,z12,z12,,hub_center,local,False,11.642592544514384,37.04740745548561,47.309999999999995,4.6,0,22.228444473291365
68,visit,2340,2355.0,z31,z31,,hub_core,local,True,32.70148079658422,12.777777777777779,45.269258574362,0.7,0,7.666666666666668
65,visit,2340,2355.0,z32,z32,,hub_waterfront,local,True,35.46528302001807,12.639716979981927,47.894999999999996,0.7,0,7.583830187989156
49,visit,2340,2360.3333333333335,z20,z20,,depot_south,local,False,35.70077668802988,0.0,34.32077668802988,4.6,0,0
42,visit,2340,2379.286375654997,z12,z12,,depot_west,local,False,38.11891721246361,0.0,35.0331434035139,10.285912696499032,0,0
0,trip,2350,2358.8333333333335,z22,z12,toy-0005422,,,False,28.599025173384348,0.0,27.804025173384346,0.35,2.3,0
23,trip,2350,2358.8333333333335,z11,z21,toy-0005410,,,False,45.619755788036024,0.0,44.82475578803602,0.35,2.3,0
11,trip,2350,2374.1666666666665,z31,z01,toy-0005414,,,False,22.768444687409918,0.0,20.593444687409917,0.35,6.8999999999999995,0
33,trip,2350,2366.5,z11,z31,toy-0005411,,,False,41.74500000000034,0.0,40.26000000000034,0.35,4.6,0
18,trip,2350,2358.8333333333335,z21,z31,toy-0005413,,,False,31.413674166275545,0.0,30.618674166275547,0.35,2.3,0
60,trip,2350,2368.309854494165,z22,z10,toy-0005418,,,False,36.173663592504525,0.0,34.52577668802967,0.35,5.142956348249516,0
9,trip,2350,2372.851274623054,z32,z10,toy-0005423,,,False,25.28739140410484,0.0,23.23077668802997,0.35,6.505382386916237,0
17,trip,2350,2368.309854494165,z32,z20,toy-0005424,,,False,47.895000000000245,0.0,46.24711309552539,0.35,5.142956348249516,0
50,trip,2350,2368.309854494165,z00,z21,toy-0005408,,,False,34.300545104528744,0.0,32.65265820005389,0.35,5.142956348249516,0
1,trip,2350,2368.309854494165,z12,z20,toy-0005417,,,False,47.31000000000024,0.0,45.662113095525385,0.35,5.142956348249516,0
13,trip,2350,2358.8333333333335,z31,z21,toy-0005415,,,False,26.902392569880956,0.0,26.107392569880957,0.35,2.3,0
67,trip,2350,2366.5,z22,z20,toy-0005419,,,False,37.893418833013094,0.0,36.408418833013094,0.35,4.6,0
73,trip,2350,2362.0089706448603,z22,z31,toy-0005421,,,False,41.068385283925544,0.0,39.98757792588811,0.35,3.2526911934581184,0
4,trip,2350,2368.309854494165,z01,z22,toy-0005409,,,False,40.3714136984093,0.0,38.72352679393445,0.35,5.142956348249516,0
19,trip,2350,2358.8333333333335,z32,z22,toy-0005426,,,False,40.483385283925486,0.0,39.688385283925484,0.35,2.3,0
56,trip,2350,2368.309854494165,z12,z00,toy-0005416,,,False,46.24711309552487,0.0,44.599226191050015,0.35,5.142956348249516,0
34,trip,2350,2366.5,z32,z12,toy-0005425,,,False,41.62922619105029,0.0,40.14422619105029,0.35,4.6,0
43,trip,2350,2362.0089706448603,z11,z22,toy-0005412,,,False,40.02130573748791,0.0,38.940498379450474,0.35,3.2526911934581184,0
85,trip,2350,2362.0089706448603,z22,z11,toy-0005420,,,False,46.30500000000012,0.0,45.22419264196269,0.35,3.2526911934581184,0
63,trip,2350,2358.8333333333335,z20,z30,toy-0005429,,,False,44.599226191050214,0.0,43.80422619105021,0.35,2.3,0
76,trip,2350,2368.309854494165,z20,z32,toy-0005430,,,False,34.8923024963882,0.0,33.244415591913345,0.35,5.142956348249516,0
47,trip,2350,2368.5089706448603,z11,z21,toy-0005439,,,False,46.304999999999715,0.0,44.63919264196228,2.3,3.2526911934581184,0
84,trip,2350,2358.8333333333335,z00,z10,toy-0005427,,,False,41.251362261892766,0.0,40.456362261892764,0.35,2.3,0
22,trip,2350,2362.0089706448603,z21,z32,toy-0005435,,,False,40.454165894067096,0.0,39.37335853602966,0.35,3.2526911934581184,0
77,trip,2350,2358.8333333333335,z31,z32,toy-0005438,,,False,41.369999999999706,0.0,40.574999999999704,0.35,2.3,0
82,trip,2350,2368.309854494165,z31,z12,toy-0005437,,,False,47.89499999999966,0.0,46.24711309552481,0.35,5.142956348249516,0
41,trip,2350,2362.0089706448603,z32,z21,toy-0005441,,,False,45.843587242531406,0.0,44.76277988449397,0.35,3.2526911934581184,0
53,trip,2350,2368.309854494165,z11,z32,toy-0005432,,,False,45.614999999999675,0.0,43.96711309552482,0.35,5.142956348249516,0
54,trip,2350,2358.8333333333335,z21,z20,toy-0005433,,,False,47.895000000000046,0.0,47.100000000000044,0.35,2.3,0
48,trip,2350,2358.8333333333335,z32,z31,toy-0005442,,,False,23.790069823139284,0.0,22.995069823139282,0.35,2.3,0
83,trip,2350,2366.5,z31,z11,toy-0005436,,,False,47.895000000000216,0.0,46.41000000000022,0.35,4.6,0
62,trip,2350,2365.3333333333335,z21,z32,toy-0005440,,,False,45.224192641962716,0.0,43.844192641962714,2.3,2.3,0
78,trip,2350,2358.8333333333335,z21,z22,toy-0005434,,,False,47.89500000000037,0.0,47.10000000000037,0.35,2.3,0
29,trip,2350,2358.8333333333335,z30,z31,toy-0005431,,,False,42.85499999999976,0.0,42.05999999999976,0.35,2.3,0
21,trip,2350,2368.309854494165,z10,z31,toy-0005428,,,False,44.42919264196256,0.0,42.781305737487706,0.35,5.142956348249516,0
3,visit,2350,2394.1649671021964,z01,z01,,depot_west,local,False,8.970610385227786,39.71938961477221,47.309999999999995,4.6,0,23.831633768863327
27,visit,2350,2365.0,z31,z31,,hub_core,local,True,25.36357468478814,12.777777777777779,37.93135246256592,0.7,0,7.666666666666668
38,visit,2350,2365.0,z21,z21,,hub_inner,local,True,31.819380877049642,12.777777777777779,44.387158654827424,0.7,0,7.666666666666668
31,visit,2350,2365.0,z32,z32,,hub_waterfront,local,True,37.13574197316634,10.969258026833659,47.894999999999996,0.7,0,6.581554816100195
30,visit,2350,2365.0,z32,z32,,hub_waterfront,local,True,46.40999999999999,1.6950000000000072,47.894999999999996,0.7,0,1.0170000000000043
61,visit,2350,2365.0,z11,z11,,hub_center,,True,38.23779854428665,9.86720145571335,47.894999999999996,0.7,0,5.92032087342801
5,trip,2360,2372.0089706448603,z31,z22,toy-0005449,,,False,26.183641782963804,0.0,25.102834424926368,0.35,3.2526911934581184,0
24,trip,2360,2378.309854494165,z10,z22,toy-0005443,,,False,36.8259967589009,0.0,35.17810985442605,0.35,5.142956348249516,0
10,trip,2360,2372.0089706448603,z21,z12,toy-0005447,,,False,33.04290767098382,0.0,31.962100312946387,0.35,3.2526911934581184,0
2,trip,2360,2372.0089706448603,z20,z31,toy-0005445,,,False,44.08549837945027,0.0,43.00469102141284,0.35,3.2526911934581184,0
7,trip,2360,2385.410795394624,z31,z02,toy-0005448,,,False,17.887665790572196,0.0,15.600694205056016,0.35,7.273238618387272,0
26,trip,2360,2368.8333333333335,z20,z21,toy-0005444,,,False,25.231940915508737,0.0,24.436940915508735,0.35,2.3,0
13,trip,2360,2372.0089706448603,z21,z30,toy-0005446,,,False,26.107392569880982,0.0,25.026585211843546,0.35,3.2526911934581184,0
0,trip,2360,2368.8333333333335,z12,z22,toy-0005460,,,False,27.804025173384375,0.0,27.009025173384373,0.35,2.3,0
25,trip,2360,2368.8333333333335,z30,z20,toy-0005452,,,False,31.674570277912757,0.0,30.879570277912755,0.35,2.3,0
58,trip,2360,2368.8333333333335,z11,z12,toy-0005453,,,False,41.11549837945019,0.0,40.320498379450186,0.35,2.3,0
54,trip,2360,2378.309854494165,z20,z01,toy-0005451,,,False,47.10000000000007,0.0,45.45211309552522,0.35,5.142956348249516,0
15,trip,2360,2368.8333333333335,z31,z30,toy-0005457,,,False,45.2241926419623,0.0,44.429192641962295,0.35,2.3,0
6,trip,2360,2372.0089706448603,z22,z31,toy-0005462,,,False,38.0005774878401,0.0,36.919770129802664,0.35,3.2526911934581184,0
18,trip,2360,2368.8333333333335,z31,z32,toy-0005459,,,False,30.61867416627557,0.0,29.823674166275573,0.35,2.3,0
8,trip,2360,2368.8333333333335,z32,z31,toy-0005463,,,False,38.75408524345121,0.0,37.959085243451206,0.35,2.3,0
29,trip,2360,2372.0089706448603,z31,z20,toy-0005456,,,False,42.05999999999979,0.0,40.979192641962356,0.35,3.2526911934581184,0
16,trip,2360,2368.8333333333335,z21,z31,toy-0005455,,,False,47.02419264196228,0.0,46.22919264196228,0.35,2.3,0
39,trip,2360,2368.8333333333335,z22,z21,toy-0005461,,,False,37.85969102141331,0.0,37.06469102141331,0.35,2.3,0
45,trip,2360,2372.0089706448603,z10,z21,toy-0005450,,,False,31.53115144490025,0.0,30.450344086862813,0.35,3.2526911934581184,0
23,trip,2360,2368.8333333333335,z21,z11,toy-0005454,,,False,44.82475578803605,0.0,44.02975578803605,0.35,2.3,0
48,trip,2360,2368.8333333333335,z31,z21,toy-0005458,,,False,22.99506982313931,0.0,22.20006982313931,0.35,2.3,0
19,visit,2360,2380.3333333333335,z22,z22,,hub_inner,local,False,39.68838528392551,0.0,38.30838528392551,4.6,0,0
28,visit,2360,2398.31931773812,z01,z01,,depot_west,,False,13.713359325356038,34.97664067464396,47.309999999999995,4.6,0,20.98598440478638
35,visit,2360,2375.0,z30,z30,,depot_south,,True,36.388076305337876,11.716923694662121,47.894999999999996,0.7,0,7.030154216797273
60,trip,2370,2386.5,z10,z12,toy-0005464,,,False,34.52577668802967,0.0,33.04077668802967,0.35,4.6,0
23,trip,2370,2386.5,z11,z31,toy-0005469,,,False,44.02975578803608,0.0,42.54475578803608,0.35,4.6,0
51,trip,2370,2386.5,z30,z10,toy-0005466,,,False,39.72852679393388,0.0,38.24352679393388,0.35,4.6,0
18,trip,2370,2388.309854494165,z32,z11,toy-0005478,,,False,29.823674166275598,0.0,28.175787261800743,0.35,5.142956348249516,0
36,trip,2370,2394.1666666666665,z01,z31,toy-0005467,,,False,47.31000000000028,0.0,45.13500000000028,0.35,6.8999999999999995,0
34,trip,2370,2378.8333333333335,z12,z02,toy-0005476,,,False,40.144226191050286,0.0,39.349226191050285,0.35,2.3,0
26,trip,2370,2382.0089706448603,z21,z32,toy-0005471,,,False,24.436940915508764,0.0,23.356133557471328,0.35,3.2526911934581184,0
20,trip,2370,2382.0089706448603,z32,z21,toy-0005479,,,False,28.838123030416416,0.0,27.75731567237898,0.35,3.2526911934581184,0
38,trip,2370,2388.309854494165,z21,z00,toy-0005470,,,False,44.38715865482719,0.0,42.73927175035234,0.35,5.142956348249516,0
0,trip,2370,2386.5,z22,z02,toy-0005477,,,False,27.0090251733844,0.0,25.524025173384402,0.35,4.6,0
52,trip,2370,2395.410795394624,z02,z31,toy-0005474,,,False,46.2471130955254,0.0,43.960141510009215,0.35,7.273238618387272,0
1,trip,2370,2382.0089706448603,z20,z11,toy-0005465,,,False,45.662113095525385,0.0,44.58130573748795,0.35,3.2526911934581184,0
58,trip,2370,2388.309854494165,z12,z31,toy-0005475,,,False,40.320498379450214,0.0,38.67261147497536,0.35,5.142956348249516,0
22,trip,2370,2378.8333333333335,z32,z22,toy-0005480,,,False,39.37335853602967,0.0,38.57835853602967,0.35,2.3,0
69,trip,2370,2388.309854494165,z02,z21,toy-0005473,,,False,37.4605774878406,0.0,35.81269058336575,0.35,5.142956348249516,0
61,trip,2370,2378.8333333333335,z11,z10,toy-0005468,,,False,47.89499999999993,0.0,47.09999999999993,0.35,2.3,0
8,trip,2370,2388.309854494165,z31,z10,toy-0005472,,,False,37.959085243451234,0.0,36.31119833897638,0.35,5.142956348249516,0
39,trip,2370,2378.8333333333335,z21,z22,toy-0005490,,,False,37.06469102141334,0.0,36.26969102141334,0.35,2.3,0
16,trip,2370,2378.8333333333335,z31,z21,toy-0005492,,,False,46.22919264196231,0.0,45.434192641962305,0.35,2.3,0
30,trip,2370,2388.309854494165,z32,z20,toy-0005498,,,False,47.89499999999972,0.0,46.24711309552487,0.35,5.142956348249516,0
31,trip,2370,2394.1666666666665,z32,z02,toy-0005500,,,False,47.89500000000032,0.0,45.720000000000326,0.35,6.8999999999999995,0
74,trip,2370,2378.8333333333335,z02,z01,toy-0005495,,,False,34.23983253142184,0.0,33.44483253142184,0.35,2.3,0
4,trip,2370,2378.8333333333335,z22,z32,toy-0005497,,,False,38.72352679393445,0.0,37.928526793934445,0.35,2.3,0
41,trip,2370,2378.8333333333335,z21,z31,toy-0005489,,,False,44.76277988449398,0.0,43.96777988449398,0.35,2.3,0
47,trip,2370,2382.0089706448603,z21,z10,toy-0005488,,,False,44.639192641962296,0.0,43.55838528392486,0.35,3.2526911934581184,0
40,trip,2370,2378.8333333333335,z32,z31,toy-0005499,,,False,28.791104719822087,0.0,27.996104719822085,0.35,2.3,0
46,trip,2370,2382.0089706448603,z01,z10,toy-0005485,,,False,38.56588763220317,0.0,37.48508027416574,0.35,3.2526911934581184,0
21,trip,2370,2378.8333333333335,z31,z32,toy-0005494,,,False,42.781305737487706,0.0,41.986305737487704,0.35,2.3,0
83,trip,2370,2378.8333333333335,z11,z01,toy-0005487,,,False,46.41000000000021,0.0,45.61500000000021,0.35,2.3,0
32,trip,2370,2398.809226445224,z00,z32,toy-0005482,,,False,35.10907189846256,0.0,32.516241518392405,0.35,8.292767933567175,0
63,trip,2370,2386.5,z30,z32,toy-0005484,,,False,43.80422619105024,0.0,42.31922619105024,0.35,4.6,0
27,trip,2370,2382.0089706448603,z31,z22,toy-0005493,,,False,37.93135246256569,0.0,36.85054510452826,0.35,3.2526911934581184,0
37,trip,2370,2382.0089706448603,z00,z11,toy-0005481,,,False,42.3073614006795,0.0,41.226554042642064,0.35,3.2526911934581184,0
75,trip,2370,2382.0089706448603,z02,z11,toy-0005496,,,False,40.46816521305431,0.0,39.38735785501688,0.35,3.2526911934581184,0
33,trip,2370,2386.5,z31,z11,toy-0005491,,,False,40.26000000000033,0.0,38.77500000000033,0.35,4.6,0
87,trip,2370,2386.5,z01,z21,toy-0005486,,,False,40.77802841448398,0.0,39.29302841448398,0.35,4.6,0
12,trip,2370,2378.8333333333335,z20,z10,toy-0005483,,,False,18.71656223652623,0.0,17.921562236526228,0.35,2.3,0
73,visit,2370,2385.0,z31,z31,,hub_core,local,True,39.98757792588812,8.117422074111879,47.894999999999996,0.7,0,4.870453244467127
15,visit,2370,2385.0,z30,z30,,depot_south,local,True,44.429192641962324,3.6758073580376736,47.894999999999996,0.7,0,2.205484414822604
17,visit,2370,2390.3333333333335,z20,z20,,depot_south,local,False,46.24711309552539,0.0,44.86711309552539,4.6,0,0
48,visit,2370,2385.0,z21,z21,,hub_inner,,True,22.200069823139337,17.77777777777778,39.767847600917115,0.7,0,10.666666666666668
50,visit,2370,2385.0,z21,z21,,hub_inner,,True,32.65265820005389,15.452341799946105,47.894999999999996,0.7,0,9.271405079967662
76,visit,2370,2385.0,z32,z32,,hub_waterfront,,True,33.244415591913345,14.860584408086654,47.894999999999996,0.7,0,8.916350644851992
16,trip,2380,2388.8333333333335,z21,z20,toy-0005516,,,False,45.43419264196233,0.0,44.63919264196233,0.35,2.3,0
25,trip,2380,2396.5,z20,z22,toy-0005506,,,False,30.879570277912784,0.0,29.394570277912784,0.35,4.6,0
11,trip,2380,2405.410795394624,z01,z32,toy-0005510,,,False,20.593444687409935,0.0,18.306473101893754,0.35,7.273238618387272,0
5,trip,2380,2392.0089706448603,z22,z11,toy-0005524,,,False,25.10283442492638,0.0,24.022027066888946,0.35,3.2526911934581184,0
21,trip,2380,2408.809226445224,z32,z00,toy-0005526,,,False,41.98630573748773,0.0,39.39347535741758,0.35,8.292767933567175,0
34,trip,2380,2396.5,z02,z22,toy-0005518,,,False,39.34922619105031,0.0,37.864226191050314,0.35,4.6,0
56,trip,2380,2405.410795394624,z00,z31,toy-0005501,,,False,44.599226191050015,0.0,42.31225460553383,0.35,7.273238618387272,0
2,trip,2380,2398.309854494165,z31,z12,toy-0005517,,,False,43.004691021412846,0.0,41.356804116937994,0.35,5.142956348249516,0
10,trip,2380,2388.8333333333335,z12,z11,toy-0005521,,,False,31.962100312946394,0.0,31.167100312946395,0.35,2.3,0
39,trip,2380,2392.0089706448603,z22,z31,toy-0005525,,,False,36.269691021413365,0.0,35.18888366337593,0.35,3.2526911934581184,0
42,trip,2380,2396.5,z12,z10,toy-0005520,,,False,35.03314340351389,0.0,33.54814340351389,0.35,4.6,0
85,trip,2380,2392.0089706448603,z11,z22,toy-0005514,,,False,45.224192641962695,0.0,44.14338528392526,0.35,3.2526911934581184,0
29,trip,2380,2392.0089706448603,z20,z31,toy-0005504,,,False,40.97919264196236,0.0,39.89838528392493,0.35,3.2526911934581184,0
9,trip,2380,2388.8333333333335,z10,z11,toy-0005502,,,False,23.230776688029984,0.0,22.435776688029982,0.35,2.3,0
43,trip,2380,2402.851274623054,z22,z00,toy-0005523,,,False,38.94049837945048,0.0,36.88388366337561,0.35,6.505382386916237,0
13,trip,2380,2398.309854494165,z30,z11,toy-0005508,,,False,25.02658521184356,0.0,23.378698307368705,0.35,5.142956348249516,0
54,trip,2380,2388.8333333333335,z01,z11,toy-0005509,,,False,45.45211309552522,0.0,44.65711309552522,0.35,2.3,0
86,trip,2380,2392.0089706448603,z11,z20,toy-0005511,,,False,46.2471130955252,0.0,45.16630573748777,0.35,3.2526911934581184,0
12,trip,2380,2404.809854494165,z10,z32,toy-0005515,,,False,17.921562236526256,0.0,15.688675332051401,2.3,5.142956348249516,0
45,trip,2380,2395.3333333333335,z21,z21,toy-0005513,,,False,30.450344086862827,0.0,29.07034408686283,2.3,2.3,0
49,trip,2380,2398.309854494165,z20,z12,toy-0005505,,,False,34.320776688029916,0.0,32.672889783555064,0.35,5.142956348249516,0
79,trip,2380,2396.5,z12,z32,toy-0005522,,,False,44.45838528392489,0.0,42.97338528392489,0.35,4.6,0
74,trip,2380,2410.6666666666665,z01,z32,toy-0005519,,,False,33.444832531421866,0.0,30.68483253142187,2.3,6.8999999999999995,0
61,trip,2380,2402.851274623054,z10,z32,toy-0005503,,,False,47.09999999999996,0.0,45.04338528392509,0.35,6.505382386916237,0
55,trip,2380,2404.809854494165,z21,z30,toy-0005512,,,False,45.73338528392493,0.0,43.50049837945008,2.3,5.142956348249516,0
67,trip,2380,2398.309854494165,z20,z32,toy-0005507,,,False,36.40841883301309,0.0,34.760531928538235,0.35,5.142956348249516,0
64,trip,2380,2398.309854494165,z10,z31,toy-0005527,,,False,45.838385283925234,0.0,44.19049837945038,0.35,5.142956348249516,0
6,trip,2380,2392.0089706448603,z31,z22,toy-0005536,,,False,36.91977012980267,0.0,35.83896277176524,0.35,3.2526911934581184,0
40,trip,2380,2392.0089706448603,z31,z20,toy-0005534,,,False,27.996104719822114,0.0,26.915297361784678,0.35,3.2526911934581184,0
80,trip,2380,2403.0,z21,z31,toy-0005531,,,False,43.335000000000065,0.0,41.265000000000065,2.3,4.6,0
57,trip,2380,2388.8333333333335,z22,z21,toy-0005539,,,False,45.66211309552536,0.0,44.86711309552536,0.35,2.3,0
44,trip,2380,2405.410795394624,z32,z01,toy-0005542,,,False,40.43888366337546,0.0,38.15191207785927,0.35,7.273238618387272,0
83,trip,2380,2392.0089706448603,z01,z12,toy-0005529,,,False,45.61500000000024,0.0,44.534192641962804,0.35,3.2526911934581184,0
41,trip,2380,2388.8333333333335,z31,z32,toy-0005537,,,False,43.96777988449401,0.0,43.172779884494005,0.35,2.3,0
53,trip,2380,2396.5,z32,z12,toy-0005544,,,False,43.96711309552482,0.0,42.482113095524824,0.35,4.6,0
62,trip,2380,2388.8333333333335,z32,z31,toy-0005543,,,False,43.84419264196274,0.0,43.04919264196274,0.35,2.3,0
59,trip,2380,2404.1666666666665,z31,z01,toy-0005535,,,False,43.54499999999974,0.0,41.36999999999974,0.35,6.8999999999999995,0
81,trip,2380,2398.5089706448603,z21,z02,toy-0005532,,,False,44.13000000000031,0.0,42.464192641962875,2.3,3.2526911934581184,0
82,trip,2380,2407.985491805692,z12,z20,toy-0005528,,,False,46.24711309552481,0.0,43.72841883301252,3.2526911934581184,5.142956348249516,0
68,trip,2380,2405.410795394624,z31,z00,toy-0005533,,,False,45.269258574361764,0.0,42.98228698884558,0.35,7.273238618387272,0
65,trip,2380,2402.851274623054,z32,z10,toy-0005540,,,False,47.894999999999676,0.0,45.83838528392481,0.35,6.505382386916237,0
70,trip,2380,2396.5,z22,z20,toy-0005538,,,False,38.77761147497537,0.0,37.292611474975374,0.35,4.6,0
84,trip,2380,2398.5089706448603,z10,z00,toy-0005530,,,False,40.45636226189279,0.0,38.79055490385536,2.3,3.2526911934581184,0
66,trip,2380,2388.8333333333335,z32,z22,toy-0005545,,,False,47.10000000000022,0.0,46.30500000000022,0.35,2.3,0
77,trip,2380,2396.5,z32,z30,toy-0005541,,,False,40.57499999999973,0.0,39.08999999999973,0.35,4.6,0
24,visit,2380,2400.3333333333335,z22,z22,,hub_waterfront,local,False,35.17810985442605,0.0,33.798109854426045,4.6,0,0
4,visit,2380,2395.0,z32,z32,,hub_waterfront,local,True,37.92852679393447,10.176473206065525,47.894999999999996,0.7,0,6.105883923639315
22,visit,2380,2406.6846079563875,z22,z22,,hub_center,local,False,38.5783585360297,0.0,36.626743819954825,6.505382386916237,0,0
23,trip,2390,2406.5,z31,z11,toy-0005555,,,False,42.54475578803607,0.0,41.05975578803607,0.35,4.6,0
20,trip,2390,2406.5,z21,z01,toy-0005551,,,False,27.757315672378994,0.0,26.272315672378994,0.35,4.6,0
48,trip,2390,2408.309854494165,z21,z02,toy-0005553,,,False,39.76784760091689,0.0,38.119960696442035,0.35,5.142956348249516,0
58,trip,2390,2398.8333333333335,z31,z21,toy-0005556,,,False,38.67261147497536,0.0,37.87761147497536,0.35,2.3,0
8,trip,2390,2402.0089706448603,z10,z01,toy-0005547,,,False,36.31119833897638,0.0,35.23039098093895,0.35,3.2526911934581184,0
16,trip,2390,2398.8333333333335,z20,z21,toy-0005548,,,False,44.63919264196236,0.0,43.84419264196236,0.35,2.3,0
50,trip,2390,2402.0089706448603,z21,z32,toy-0005554,,,False,47.89500000000014,0.0,46.814192641962705,0.35,3.2526911934581184,0
15,trip,2390,2398.8333333333335,z30,z31,toy-0005550,,,False,47.89499999999971,0.0,47.09999999999971,0.35,2.3,0
26,trip,2390,2402.0089706448603,z32,z21,toy-0005559,,,False,23.356133557471342,0.0,22.275326199433906,0.35,3.2526911934581184,0
14,trip,2390,2402.0089706448603,z12,z21,toy-0005557,,,False,47.309999999999995,0.0,46.22919264196256,0.35,3.2526911934581184,0
57,trip,2390,2398.8333333333335,z21,z31,toy-0005552,,,False,44.86711309552539,0.0,44.07211309552539,0.35,2.3,0
38,trip,2390,2412.851274623054,z00,z22,toy-0005546,,,False,42.73927175035234,0.0,40.68265703427747,0.35,6.505382386916237,0
19,trip,2390,2408.309854494165,z22,z30,toy-0005558,,,False,38.308385283925546,0.0,36.660498379450694,0.35,5.142956348249516,0
35,trip,2390,2402.0089706448603,z30,z21,toy-0005549,,,False,47.8949999999999,0.0,46.814192641962464,0.35,3.2526911934581184,0
46,trip,2390,2398.8333333333335,z10,z20,toy-0005560,,,False,37.485080274165746,0.0,36.690080274165744,0.35,2.3,0
1,trip,2390,2414.809854494165,z11,z31,toy-0005568,,,False,44.58130573748796,0.0,42.348418833013106,2.3,5.142956348249516,0
47,trip,2390,2406.5,z10,z30,toy-0005561,,,False,43.55838528392487,0.0,42.07338528392487,0.35,4.6,0
27,trip,2390,2398.8333333333335,z22,z12,toy-0005572,,,False,36.850545104528265,0.0,36.055545104528264,0.35,2.3,0
66,trip,2390,2402.0089706448603,z22,z31,toy-0005571,,,False,46.30500000000025,0.0,45.224192641962816,0.35,3.2526911934581184,0
72,trip,2390,2408.309854494165,z30,z22,toy-0005564,,,False,42.15775768154121,0.0,40.50987077706636,0.35,5.142956348249516,0
51,trip,2390,2408.309854494165,z10,z02,toy-0005562,,,False,38.243526793933874,0.0,36.59563988945902,0.35,5.142956348249516,0
78,trip,2390,2398.8333333333335,z22,z32,toy-0005573,,,False,47.1000000000004,0.0,46.3050000000004,0.35,2.3,0
30,trip,2390,2402.0089706448603,z20,z31,toy-0005563,,,False,46.24711309552487,0.0,45.166305737487434,0.35,3.2526911934581184,0
69,trip,2390,2398.8333333333335,z21,z11,toy-0005565,,,False,35.81269058336575,0.0,35.01769058336575,0.35,2.3,0
41,trip,2390,2414.809854494165,z32,z10,toy-0005569,,,False,43.172779884494034,0.0,40.93989298001918,2.3,5.142956348249516,0
63,trip,2390,2408.309854494165,z32,z11,toy-0005574,,,False,42.319226191050234,0.0,40.67133928657538,0.35,5.142956348249516,0
87,trip,2390,2398.8333333333335,z21,z22,toy-0005566,,,False,39.29302841448397,0.0,38.49802841448397,0.35,2.3,0
62,trip,2390,2408.309854494165,z31,z10,toy-0005567,,,False,43.04919264196277,0.0,41.40130573748792,0.35,5.142956348249516,0
76,trip,2390,2414.809854494165,z32,z01,toy-0005570,,,False,47.89500000000032,0.0,45.66211309552547,2.3,5.142956348249516,0
0,visit,2390,2416.6846079563875,z02,z02,,hub_center,local,False,25.524025173384402,0.0,23.57241045730953,6.505382386916237,0,0
60,visit,2390,2410.3333333333335,z12,z12,,hub_center,local,False,33.040776688029666,0.0,31.660776688029667,4.6,0,0
15,trip,2400,2412.0089706448603,z31,z20,toy-0005580,,,False,47.09999999999974,0.0,46.019192641962306,0.35,3.2526911934581184,0
4,trip,2400,2418.309854494165,z32,z20,toy-0005587,,,False,47.89500000000006,0.0,46.24711309552521,0.35,5.142956348249516,0
29,trip,2400,2408.8333333333335,z31,z32,toy-0005586,,,False,39.89838528392494,0.0,39.103385283924936,0.35,2.3,0
42,trip,2400,2408.8333333333335,z10,z00,toy-0005575,,,False,33.54814340351388,0.0,32.75314340351388,0.35,2.3,0
39,trip,2400,2408.8333333333335,z31,z21,toy-0005582,,,False,35.18888366337594,0.0,34.39388366337594,0.35,2.3,0
3,trip,2400,2418.309854494165,z01,z22,toy-0005577,,,False,47.310000000000166,0.0,45.662113095525314,0.35,5.142956348249516,0
32,trip,2400,2408.8333333333335,z32,z31,toy-0005588,,,False,32.516241518392405,0.0,31.721241518392404,0.35,2.3,0
52,trip,2400,2425.410795394624,z31,z02,toy-0005583,,,False,43.96014151000923,0.0,41.673169924493045,0.35,7.273238618387272,0
16,trip,2400,2412.0089706448603,z21,z12,toy-0005579,,,False,43.84419264196239,0.0,42.763385283924954,0.35,3.2526911934581184,0
57,trip,2400,2412.0089706448603,z31,z22,toy-0005585,,,False,44.07211309552542,0.0,42.991305737487984,0.35,3.2526911934581184,0
64,trip,2400,2418.309854494165,z31,z12,toy-0005584,,,False,44.19049837945038,0.0,42.54261147497553,0.35,5.142956348249516,0
77,trip,2400,2422.851274623054,z30,z12,toy-0005576,,,False,39.089999999999726,0.0,37.03338528392486,0.35,6.505382386916237,0
45,trip,2400,2408.8333333333335,z21,z31,toy-0005578,,,False,29.070344086862853,0.0,28.27534408686285,0.35,2.3,0
73,trip,2400,2408.8333333333335,z31,z30,toy-0005581,,,False,47.89500000000009,0.0,47.10000000000009,0.35,2.3,0
6,trip,2400,2408.8333333333335,z22,z21,toy-0005606,,,False,35.838962771765246,0.0,35.043962771765244,0.35,2.3,0
9,trip,2400,2424.809854494165,z11,z22,toy-0005589,,,False,22.43577668803001,0.0,20.202889783555158,2.3,5.142956348249516,0
88,trip,2400,2425.410795394624,z31,z00,toy-0005599,,,False,45.60802841448363,0.0,43.32105682896744,0.35,7.273238618387272,0
89,trip,2400,2408.8333333333335,z31,z32,toy-0005602,,,False,47.09999999999975,0.0,46.30499999999975,0.35,2.3,0
10,trip,2400,2418.5089706448603,z11,z30,toy-0005597,,,False,31.16710031294642,0.0,29.501292954908983,2.3,3.2526911934581184,0
13,trip,2400,2415.3333333333335,z11,z20,toy-0005596,,,False,23.37869830736872,0.0,21.99869830736872,2.3,2.3,0
67,trip,2400,2430.6666666666665,z32,z01,toy-0005600,,,False,34.760531928538235,0.0,32.00053192853824,2.3,6.8999999999999995,0
78,trip,2400,2412.0089706448603,z32,z21,toy-0005607,,,False,46.305000000000426,0.0,45.22419264196299,0.35,3.2526911934581184,0
79,trip,2400,2416.5,z32,z12,toy-0005608,,,False,42.973385283924884,0.0,41.488385283924885,0.35,4.6,0
17,trip,2400,2422.851274623054,z20,z02,toy-0005590,,,False,44.867113095525426,0.0,42.81049837945056,0.35,6.505382386916237,0
2,trip,2400,2412.0089706448603,z12,z01,toy-0005604,,,False,41.356804116937994,0.0,40.27599675890056,0.35,3.2526911934581184,0
28,trip,2400,2424.1666666666665,z01,z31,toy-0005592,,,False,47.31000000000015,0.0,45.135000000000154,0.35,6.8999999999999995,0
25,trip,2400,2412.0089706448603,z22,z11,toy-0005605,,,False,29.394570277912784,0.0,28.313762919875348,0.35,3.2526911934581184,0
40,trip,2400,2418.309854494165,z20,z32,toy-0005591,,,False,26.915297361784692,0.0,25.267410457309836,0.35,5.142956348249516,0
18,trip,2400,2416.5,z11,z31,toy-0005594,,,False,28.175787261800757,0.0,26.690787261800757,0.35,4.6,0
37,trip,2400,2408.8333333333335,z11,z21,toy-0005593,,,False,41.22655404264207,0.0,40.43155404264207,0.35,2.3,0
46,trip,2400,2418.5089706448603,z20,z32,toy-0005598,,,False,36.69008027416577,0.0,35.02427291612834,2.3,3.2526911934581184,0
71,trip,2400,2426.175637311527,z20,z11,toy-0005601,,,False,45.22419264196297,0.0,42.868385283925534,3.2526911934581184,4.6,0
85,trip,2400,2415.3333333333335,z22,z22,toy-0005609,,,False,44.14338528392527,0.0,42.76338528392527,2.3,2.3,0
27,trip,2400,2418.309854494165,z12,z20,toy-0005603,,,False,36.05554510452829,0.0,34.40765820005344,0.35,5.142956348249516,0
69,trip,2400,2418.309854494165,z11,z32,toy-0005595,,,False,35.01769058336578,0.0,33.369803678890925,0.35,5.142956348249516,0
5,visit,2400,2448.6846079563875,z11,z11,,depot_west,central,False,24.02202706688896,0.0,22.070412350814088,6.505382386916237,0,0
70,visit,2400,2420.3333333333335,z20,z20,,depot_south,local,False,37.29261147497537,0.0,35.912611474975364,4.6,0,0
34,visit,2400,2420.3333333333335,z22,z22,,hub_inner,local,False,37.86422619105031,0.0,36.484226191050304,4.6,0,0
58,visit,2400,2415.0,z21,z21,,hub_inner,local,True,37.87761147497539,10.22738852502461,47.894999999999996,0.7,0,6.136433115014765
36,visit,2400,2415.0,z31,z31,,hub_core,local,True,45.13500000000029,2.9699999999997075,47.894999999999996,0.7,0,1.7819999999998246
84,visit,2400,2415.0,z00,z00,,depot_west,,True,38.79055490385537,9.314445096144624,47.894999999999996,0.7,0,5.5886670576867745
82,trip,2410,2422.0089706448603,z20,z11,toy-0005611,,,False,43.72841883301252,0.0,42.647611474975086,0.35,3.2526911934581184,0
86,trip,2410,2426.5,z20,z22,toy-0005612,,,False,45.166305737487775,0.0,43.681305737487776,0.35,4.6,0
11,trip,2410,2428.309854494165,z32,z11,toy-0005627,,,False,18.306473101893772,0.0,16.658586197418916,0.35,5.142956348249516,0
22,trip,2410,2422.0089706448603,z22,z31,toy-0005622,,,False,36.626743819954825,0.0,35.54593646191739,0.35,3.2526911934581184,0
30,trip,2410,2418.8333333333335,z31,z21,toy-0005618,,,False,45.16630573748744,0.0,44.37130573748744,0.35,2.3,0
23,trip,2410,2422.0089706448603,z11,z22,toy-0005614,,,False,41.059755788036064,0.0,39.97894842999863,0.35,3.2526911934581184,0
6,trip,2410,2422.0089706448603,z21,z10,toy-0005615,,,False,35.04396277176527,0.0,33.96315541372784,0.35,3.2526911934581184,0
24,trip,2410,2426.5,z22,z20,toy-0005621,,,False,33.79810985442608,0.0,32.31310985442608,0.35,4.6,0
12,trip,2410,2418.8333333333335,z32,z31,toy-0005628,,,False,15.68867533205141,0.0,14.89367533205141,0.35,2.3,0
50,trip,2410,2426.5,z32,z30,toy-0005625,,,False,46.81419264196271,0.0,45.32919264196271,0.35,4.6,0
49,trip,2410,2418.8333333333335,z12,z22,toy-0005620,,,False,32.672889783555064,0.0,31.877889783555062,0.35,2.3,0
63,trip,2410,2418.8333333333335,z11,z12,toy-0005613,,,False,40.67133928657538,0.0,39.87633928657538,0.35,2.3,0
62,trip,2410,2422.0089706448603,z10,z21,toy-0005610,,,False,41.40130573748792,0.0,40.320498379450484,0.35,3.2526911934581184,0
89,trip,2410,2435.410795394624,z32,z01,toy-0005626,,,False,46.30499999999978,0.0,44.018028414483595,0.35,7.273238618387272,0
32,trip,2410,2422.0089706448603,z31,z22,toy-0005619,,,False,31.72124151839243,0.0,30.640434160354992,0.35,3.2526911934581184,0
45,trip,2410,2422.0089706448603,z31,z20,toy-0005617,,,False,28.27534408686288,0.0,27.194536728825444,0.35,3.2526911934581184,0
56,trip,2410,2428.309854494165,z31,z10,toy-0005616,,,False,42.312254605533845,0.0,40.66436770105899,0.35,5.142956348249516,0
72,trip,2410,2418.8333333333335,z22,z32,toy-0005623,,,False,40.50987077706636,0.0,39.71487077706636,0.35,2.3,0
66,trip,2410,2439.351274623054,z31,z10,toy-0005624,,,False,45.22419264196282,0.0,42.58257792588795,2.3,6.505382386916237,0
14,trip,2410,2428.5089706448603,z21,z22,toy-0005641,,,False,46.22919264196257,0.0,44.563385283925136,2.3,3.2526911934581184,0
19,trip,2410,2441.910795394624,z30,z02,toy-0005639,,,False,36.660498379450694,0.0,33.78852679393451,2.3,7.273238618387272,0
87,trip,2410,2425.3333333333335,z22,z22,toy-0005647,,,False,38.498028414484,0.0,37.118028414483994,2.3,2.3,0
26,trip,2410,2418.8333333333335,z21,z22,toy-0005634,,,False,22.27532619943392,0.0,21.480326199433918,0.35,2.3,0
35,trip,2410,2440.6666666666665,z21,z01,toy-0005636,,,False,46.81419264196247,0.0,44.05419264196247,2.3,6.8999999999999995,0
37,trip,2410,2434.809854494165,z21,z12,toy-0005640,,,False,40.4315540426421,0.0,38.198667138167245,2.3,5.142956348249516,0
39,trip,2410,2418.8333333333335,z21,z11,toy-0005632,,,False,34.393883663375966,0.0,33.598883663375965,0.35,2.3,0
47,trip,2410,2425.3333333333335,z30,z30,toy-0005635,,,False,42.073385283924864,0.0,40.69338528392486,2.3,2.3,0
53,trip,2410,2436.175637311527,z12,z21,toy-0005645,,,False,42.48211309552482,0.0,40.12630573748738,4.6,3.2526911934581184,0
55,trip,2410,2448.3333333333335,z30,z02,toy-0005646,,,False,43.50049837945009,0.0,40.05049837945009,4.6,6.8999999999999995,0
73,trip,2410,2452.9758931118904,z30,z00,toy-0005643,,,False,47.100000000000115,0.0,43.23216961992996,4.6,8.292767933567175,0
75,trip,2410,2434.809854494165,z11,z00,toy-0005631,,,False,39.38735785501689,0.0,37.154470950542034,2.3,5.142956348249516,0
83,trip,2410,2442.476521160832,z12,z20,toy-0005644,,,False,44.53419264196281,0.0,41.61130573748795,4.6,5.142956348249516,0
65,trip,2410,2428.5089706448603,z10,z31,toy-0005633,,,False,45.838385283924815,0.0,44.17257792588738,3.2526911934581184,2.3,0
21,trip,2410,2440.6666666666665,z00,z00,toy-0005629,,,False,39.39347535741758,0.0,36.63347535741758,4.6,4.6,0
20,trip,2410,2428.5089706448603,z01,z20,toy-0005630,,,False,26.272315672378994,0.0,24.606508314341557,2.3,3.2526911934581184,0
44,trip,2410,2440.6666666666665,z01,z21,toy-0005638,,,False,38.151912077859286,0.0,35.39191207785929,6.8999999999999995,2.3,0
59,trip,2410,2440.6666666666665,z01,z32,toy-0005642,,,False,41.36999999999975,0.0,38.60999999999975,6.8999999999999995,2.3,0
7,trip,2410,2449.577462061291,z02,z11,toy-0005637,,,False,15.600694205056033,0.0,12.038722619539852,7.273238618387272,4.6,0
8,visit,2410,2430.3333333333335,z01,z01,,depot_west,local,False,35.23039098093896,0.0,33.850390980938954,4.6,0,0
43,visit,2410,2439.3333333333335,z00,z00,,depot_west,central,False,36.88388366337562,0.0,36.67388366337562,0.7,0,0
48,visit,2410,2436.6846079563875,z02,z02,,hub_center,local,False,38.119960696442035,0.0,36.168345980367164,6.505382386916237,0,0
29,visit,2410,2425.0,z32,z32,,hub_waterfront,local,True,39.103385283924965,9.001614716075032,47.894999999999996,0.7,0,5.400968829645019
80,visit,2410,2425.0,z31,z31,,hub_core,local,True,41.265000000000065,6.839999999999932,47.894999999999996,0.7,0,4.103999999999959
61,visit,2410,2425.0,z32,z32,,hub_waterfront,local,True,45.0433852839251,3.0616147160748994,47.894999999999996,0.7,0,1.8369688296449396
42,visit,2410,2425.0,z00,z00,,depot_west,,True,32.75314340351391,15.351856596486089,47.894999999999996,0.7,0,9.211113957891653
1,trip,2420,2445.410795394624,z31,z00,toy-0005657,,,False,42.34841883301312,0.0,40.061447247496936,0.35,7.273238618387272,0
30,trip,2420,2436.5,z21,z01,toy-0005654,,,False,44.37130573748747,0.0,42.88630573748747,0.35,4.6,0
3,trip,2420,2436.5,z22,z02,toy-0005664,,,False,45.662113095525314,0.0,44.177113095525314,0.35,4.6,0
4,trip,2420,2428.8333333333335,z20,z21,toy-0005650,,,False,46.24711309552521,0.0,45.452113095525206,0.35,2.3,0
58,trip,2420,2432.0089706448603,z21,z12,toy-0005655,,,False,47.89500000000012,0.0,46.814192641962684,0.35,3.2526911934581184,0
12,trip,2420,2432.0089706448603,z31,z20,toy-0005659,,,False,14.893675332051437,0.0,13.812867974014,0.35,3.2526911934581184,0
18,trip,2420,2438.309854494165,z31,z10,toy-0005658,,,False,26.690787261800757,0.0,25.0429003573259,0.35,5.142956348249516,0
15,trip,2420,2432.0089706448603,z20,z31,toy-0005651,,,False,46.01919264196231,0.0,44.93838528392488,0.35,3.2526911934581184,0
78,trip,2420,2432.0089706448603,z21,z32,toy-0005656,,,False,45.224192641963,0.0,44.14338528392557,0.35,3.2526911934581184,0
39,trip,2420,2428.8333333333335,z11,z10,toy-0005653,,,False,33.59888366337599,0.0,32.80388366337599,0.35,2.3,0
26,trip,2420,2428.8333333333335,z22,z21,toy-0005663,,,False,21.480326199433946,0.0,20.685326199433945,0.35,2.3,0
36,trip,2420,2428.8333333333335,z31,z32,toy-0005660,,,False,47.894999999999804,0.0,47.0999999999998,0.35,2.3,0
38,trip,2420,2428.8333333333335,z22,z12,toy-0005665,,,False,40.682657034277476,0.0,39.887657034277474,0.35,2.3,0
41,trip,2420,2438.309854494165,z10,z31,toy-0005648,,,False,40.939892980019195,0.0,39.29200607554434,0.35,5.142956348249516,0
2,trip,2420,2428.8333333333335,z01,z02,toy-0005652,,,False,40.27599675890057,0.0,39.48099675890057,0.35,2.3,0
40,trip,2420,2428.8333333333335,z32,z31,toy-0005666,,,False,25.26741045730985,0.0,24.47241045730985,0.35,2.3,0
49,trip,2420,2438.309854494165,z22,z10,toy-0005662,,,False,31.877889783555087,0.0,30.23000287908023,0.35,5.142956348249516,0
16,trip,2420,2436.5,z12,z32,toy-0005661,,,False,42.76338528392496,0.0,41.27838528392496,0.35,4.6,0
27,trip,2420,2428.8333333333335,z20,z30,toy-0005649,,,False,34.40765820005344,0.0,33.61265820005344,0.35,2.3,0
60,trip,2420,2435.3333333333335,z12,z01,toy-0005674,,,False,31.660776688029696,0.0,30.280776688029697,2.3,2.3,0
57,trip,2420,2442.851274623054,z22,z00,toy-0005684,,,False,42.99130573748799,0.0,40.93469102141312,0.35,6.505382386916237,0
68,trip,2420,2449.351274623054,z00,z32,toy-0005670,,,False,42.982286988845594,0.0,40.340672272770725,2.3,6.505382386916237,0
85,trip,2420,2438.309854494165,z22,z01,toy-0005686,,,False,42.763385283925295,0.0,41.11549837945044,0.35,5.142956348249516,0
10,trip,2420,2438.5089706448603,z30,z31,toy-0005677,,,False,29.501292954908994,0.0,27.835485596871557,3.2526911934581184,2.3,0
63,trip,2420,2435.3333333333335,z12,z32,toy-0005688,,,False,39.87633928657541,0.0,38.496339286575406,2.3,2.3,0
64,trip,2420,2447.985491805692,z12,z02,toy-0005678,,,False,42.54261147497553,0.0,40.02391721246324,3.2526911934581184,5.142956348249516,0
72,trip,2420,2438.309854494165,z32,z11,toy-0005689,,,False,39.71487077706639,0.0,38.066983872591535,0.35,5.142956348249516,0
74,trip,2420,2428.8333333333335,z32,z31,toy-0005691,,,False,30.684832531421883,0.0,29.88983253142188,0.35,2.3,0
79,trip,2420,2444.809854494165,z12,z30,toy-0005679,,,False,41.48838528392488,0.0,39.255498379450025,5.142956348249516,2.3,0
84,trip,2420,2443.0,z00,z10,toy-0005671,,,False,47.89500000000033,0.0,45.82500000000033,4.6,2.3,0
0,trip,2420,2452.476521160832,z02,z30,toy-0005685,,,False,23.57241045730953,0.0,20.649523552834676,4.6,5.142956348249516,0
76,trip,2420,2435.3333333333335,z01,z01,toy-0005667,,,False,45.662113095525484,0.0,44.28211309552548,2.3,2.3,0
31,trip,2420,2452.476521160832,z02,z12,toy-0005669,,,False,45.72000000000033,0.0,42.797113095525475,4.6,5.142956348249516,0
51,trip,2420,2446.175637311527,z02,z31,toy-0005687,,,False,36.59563988945902,0.0,34.239832531421584,4.6,3.2526911934581184,0
81,trip,2420,2452.476521160832,z02,z21,toy-0005668,,,False,42.46419264196289,0.0,39.54130573748803,4.6,5.142956348249516,0
13,visit,2420,2440.3333333333335,z20,z20,,depot_south,local,False,21.998698307368745,0.0,20.618698307368746,4.6,0,0
25,visit,2420,2435.0,z11,z11,,hub_center,local,True,28.313762919875362,12.777777777777779,40.88154069765314,0.7,0,7.666666666666668
69,visit,2420,2435.0,z32,z32,,hub_waterfront,local,True,33.369803678890925,12.777777777777779,45.9375814566687,0.7,0,7.666666666666668
33,visit,2420,2435.0,z11,z11,,hub_center,local,True,38.775000000000325,9.329999999999671,47.894999999999996,0.7,0,5.597999999999803
11,trip,2430,2438.8333333333335,z11,z21,toy-0005694,,,False,16.65858619741893,0.0,15.86358619741893,0.35,2.3,0
4,trip,2430,2438.8333333333335,z21,z22,toy-0005699,,,False,45.452113095525235,0.0,44.65711309552523,0.35,2.3,0
22,trip,2430,2446.5,z31,z11,toy-0005703,,,False,35.5459364619174,0.0,34.0609364619174,0.35,4.6,0
29,trip,2430,2438.8333333333335,z32,z22,toy-0005714,,,False,47.89500000000012,0.0,47.100000000000115,0.35,2.3,0
2,trip,2430,2458.809226445224,z02,z30,toy-0005707,,,False,39.480996758900595,0.0,36.88816637883044,0.35,8.292767933567175,0
28,trip,2430,2454.1666666666665,z31,z01,toy-0005702,,,False,45.13500000000016,0.0,42.960000000000164,0.35,6.8999999999999995,0
26,trip,2430,2442.0089706448603,z21,z32,toy-0005700,,,False,20.685326199433973,0.0,19.604518841396537,0.35,3.2526911934581184,0
36,trip,2430,2452.851274623054,z32,z10,toy-0005711,,,False,47.09999999999983,0.0,45.04338528392496,0.35,6.505382386916237,0
40,trip,2430,2438.8333333333335,z31,z32,toy-0005705,,,False,24.472410457309877,0.0,23.677410457309875,0.35,2.3,0
61,trip,2430,2455.410795394624,z32,z01,toy-0005713,,,False,47.89499999999974,0.0,45.608028414483556,0.35,7.273238618387272,0
62,trip,2430,2442.0089706448603,z21,z30,toy-0005697,,,False,40.32049837945049,0.0,39.23969102141306,0.35,3.2526911934581184,0
14,trip,2430,2454.809854494165,z22,z20,toy-0005712,,,False,44.56338528392515,0.0,42.3304983794503,2.3,5.142956348249516,0
23,trip,2430,2442.0089706448603,z22,z11,toy-0005710,,,False,39.97894842999864,0.0,38.898141071961206,0.35,3.2526911934581184,0
20,trip,2430,2448.5089706448603,z20,z10,toy-0005696,,,False,24.606508314341568,0.0,22.94070095630413,2.3,3.2526911934581184,0
38,trip,2430,2452.851274623054,z12,z30,toy-0005708,,,False,39.8876570342775,0.0,37.831042318202634,0.35,6.505382386916237,0
17,trip,2430,2461.910795394624,z02,z32,toy-0005693,,,False,42.810498379450564,0.0,39.938526793934386,2.3,7.273238618387272,0
71,trip,2430,2448.309854494165,z11,z32,toy-0005695,,,False,42.86838528392553,0.0,41.220498379450675,0.35,5.142956348249516,0
65,trip,2430,2438.8333333333335,z31,z21,toy-0005704,,,False,44.172577925887396,0.0,43.377577925887394,0.35,2.3,0
52,trip,2430,2452.851274623054,z02,z20,toy-0005706,,,False,41.67316992449306,0.0,39.61655520841819,0.35,6.505382386916237,0
24,trip,2430,2445.3333333333335,z20,z11,toy-0005698,,,False,32.313109854426074,0.0,30.933109854426075,2.3,2.3,0
77,trip,2430,2448.309854494165,z12,z31,toy-0005709,,,False,37.033385283924865,0.0,35.38549837945001,0.35,5.142956348249516,0
74,trip,2430,2442.0089706448603,z31,z20,toy-0005701,,,False,29.88983253142191,0.0,28.809025173384473,0.35,3.2526911934581184,0
80,trip,2430,2448.309854494165,z31,z10,toy-0005720,,,False,47.894999999999776,0.0,46.247113095524924,0.35,5.142956348249516,0
6,trip,2430,2454.809854494165,z10,z30,toy-0005717,,,False,33.96315541372785,0.0,31.730268509252994,2.3,5.142956348249516,0
27,trip,2430,2448.5089706448603,z30,z22,toy-0005723,,,False,33.61265820005347,0.0,31.94685084201603,2.3,3.2526911934581184,0
32,trip,2430,2465.309226445224,z22,z00,toy-0005728,,,False,30.640434160355007,0.0,27.462603780284855,2.3,8.292767933567175,0
34,trip,2430,2453.0,z22,z30,toy-0005729,,,False,36.48422619105034,0.0,34.41422619105034,2.3,4.6,0
50,trip,2430,2461.910795394624,z30,z02,toy-0005721,,,False,45.329192641962706,0.0,42.45722105644653,2.3,7.273238618387272,0
86,trip,2430,2445.3333333333335,z22,z31,toy-0005730,,,False,43.68130573748777,0.0,42.301305737487766,2.3,2.3,0
45,trip,2430,2448.5089706448603,z20,z32,toy-0005724,,,False,27.194536728825458,0.0,25.52872937078802,3.2526911934581184,2.3,0
39,trip,2430,2448.5089706448603,z10,z22,toy-0005718,,,False,32.80388366337602,0.0,31.138076305338583,2.3,3.2526911934581184,0
42,trip,2430,2453.0,z00,z21,toy-0005716,,,False,47.89499999999974,0.0,45.82499999999974,2.3,4.6,0
87,trip,2430,2446.5,z22,z20,toy-0005727,,,False,37.11802841448402,0.0,35.63302841448402,0.35,4.6,0
70,trip,2430,2457.985491805692,z20,z12,toy-0005722,,,False,35.9126114749754,0.0,33.39391721246311,3.2526911934581184,5.142956348249516,0
56,trip,2430,2471.387316555456,z10,z00,toy-0005719,,,False,40.66436770105899,0.0,36.93950921106796,5.142956348249516,7.273238618387272,0
88,trip,2430,2454.809854494165,z00,z11,toy-0005725,,,False,43.32105682896746,0.0,41.088169924492604,5.142956348249516,2.3,0
9,visit,2430,2450.3333333333335,z22,z22,,hub_inner,local,False,20.202889783555165,0.0,18.822889783555166,4.6,0,0
46,visit,2430,2445.0,z32,z32,,hub_waterfront,local,True,35.02427291612835,12.777777777777779,47.59205069390613,0.7,0,7.666666666666668
47,visit,2430,2445.0,z30,z30,,depot_south,local,True,40.69338528392489,7.411614716075106,47.894999999999996,0.7,0,4.446968829645064
10,trip,2440,2452.0089706448603,z31,z22,toy-0005742,,,False,27.83548559687157,0.0,26.754678238834135,0.35,3.2526911934581184,0
16,trip,2440,2452.0089706448603,z32,z21,toy-0005747,,,False,41.278385283924955,0.0,40.19757792588752,0.35,3.2526911934581184,0
4,trip,2440,2452.0089706448603,z22,z31,toy-0005745,,,False,44.65711309552526,0.0,43.57630573748783,0.35,3.2526911934581184,0
15,trip,2440,2456.5,z31,z11,toy-0005740,,,False,44.93838528392489,0.0,43.45338528392489,0.35,4.6,0
12,trip,2440,2456.5,z20,z22,toy-0005731,,,False,13.812867974014013,0.0,12.327867974014014,0.35,4.6,0
41,trip,2440,2448.8333333333335,z31,z32,toy-0005743,,,False,39.29200607554434,0.0,38.49700607554434,0.35,2.3,0
11,trip,2440,2455.3333333333335,z21,z21,toy-0005741,,,False,15.863586197418957,0.0,14.483586197418958,2.3,2.3,0
53,trip,2440,2466.175637311527,z21,z32,toy-0005732,,,False,40.12630573748737,0.0,37.77049837944993,3.2526911934581184,4.6,0
65,trip,2440,2458.309854494165,z21,z00,toy-0005734,,,False,43.37757792588742,0.0,41.72969102141257,0.35,5.142956348249516,0
63,trip,2440,2456.5,z32,z12,toy-0005749,,,False,38.496339286575434,0.0,37.011339286575435,0.35,4.6,0
25,trip,2440,2452.0089706448603,z11,z00,toy-0005733,,,False,40.88154069765291,0.0,39.800733339615476,0.35,3.2526911934581184,0
29,trip,2440,2455.3333333333335,z22,z31,toy-0005735,,,False,47.10000000000014,0.0,45.72000000000014,2.3,2.3,0
37,trip,2440,2455.3333333333335,z12,z21,toy-0005744,,,False,38.19866713816726,0.0,36.81866713816726,2.3,2.3,0
69,trip,2440,2448.8333333333335,z32,z22,toy-0005750,,,False,45.93758145666847,0.0,45.142581456668466,0.35,2.3,0
78,trip,2440,2455.3333333333335,z32,z30,toy-0005738,,,False,44.143385283925575,0.0,42.76338528392557,2.3,2.3,0
58,trip,2440,2478.3333333333335,z12,z02,toy-0005748,,,False,46.81419264196269,0.0,43.36419264196269,4.6,6.8999999999999995,0
33,trip,2440,2478.3333333333335,z11,z01,toy-0005739,,,False,47.89500000000027,0.0,44.44500000000027,4.6,6.8999999999999995,0
72,trip,2440,2466.175637311527,z11,z20,toy-0005737,,,False,38.066983872591535,0.0,35.7111765145541,4.6,3.2526911934581184,0
18,trip,2440,2461.6846079563875,z10,z12,toy-0005736,,,False,25.042900357325916,0.0,23.091285641251044,3.2526911934581184,3.2526911934581184,0
49,trip,2440,2478.827795783886,z10,z11,toy-0005746,,,False,30.230002879080246,0.0,26.73550125853052,6.505382386916237,5.142956348249516,0
66,trip,2440,2458.5089706448603,z10,z31,toy-0005753,,,False,42.58257792588797,0.0,40.916770567850534,2.3,3.2526911934581184,0
8,trip,2440,2480.1431878274984,z01,z10,toy-0005761,,,False,33.85039098093899,0.0,30.237504076464134,6.8999999999999995,5.142956348249516,0
3,trip,2440,2463.0,z02,z12,toy-0005764,,,False,44.17711309552531,0.0,42.10711309552531,4.6,2.3,0
30,trip,2440,2466.175637311527,z01,z32,toy-0005760,,,False,42.88630573748746,0.0,40.53049837945002,4.6,3.2526911934581184,0
48,trip,2440,2470.6666666666665,z02,z31,toy-0005768,,,False,36.168345980367164,0.0,33.408345980367166,6.8999999999999995,2.3,0
60,trip,2440,2471.910795394624,z01,z31,toy-0005763,,,False,30.28077668802972,0.0,27.40880510251354,2.3,7.273238618387272,0
67,trip,2440,2463.0,z01,z22,toy-0005759,,,False,32.00053192853825,0.0,29.93053192853825,4.6,2.3,0
43,trip,2440,2466.175637311527,z00,z11,toy-0005752,,,False,36.67388366337564,0.0,34.3180763053382,4.6,3.2526911934581184,0
76,trip,2440,2458.5089706448603,z01,z02,toy-0005756,,,False,44.28211309552551,0.0,42.61630573748808,2.3,3.2526911934581184,0
85,trip,2440,2448.8333333333335,z01,z00,toy-0005755,,,False,41.11549837945044,0.0,40.32049837945044,0.35,2.3,0
75,trip,2440,2490.6425597785574,z00,z02,toy-0005754,,,False,37.15447095054205,0.0,32.5966405704719,6.8999999999999995,8.292767933567175,0
89,trip,2440,2485.928736684345,z01,z10,toy-0005766,,,False,44.01802841448361,0.0,39.88444211289256,7.273238618387272,6.505382386916237,0
40,visit,2440,2455.0,z32,z32,,hub_waterfront,local,True,23.677410457309904,12.777777777777779,36.24518823508768,0.7,0,7.666666666666668
82,visit,2440,2455.0,z11,z11,,hub_center,local,True,42.64761147497509,5.457388525024904,47.894999999999996,0.7,0,3.274433115014942
54,visit,2440,2455.0,z11,z11,,hub_center,local,True,44.65711309552525,3.4478869044747498,47.894999999999996,0.7,0,2.06873214268485
26,trip,2450,2475.410795394624,z32,z01,toy-0005790,,,False,19.60451884139655,0.0,17.31754725588037,0.35,7.273238618387272,0
5,trip,2450,2466.5,z11,z31,toy-0005774,,,False,22.070412350814088,0.0,20.58541235081409,0.35,4.6,0
77,trip,2450,2462.0089706448603,z31,z20,toy-0005779,,,False,35.38549837945001,0.0,34.30469102141258,0.35,3.2526911934581184,0
20,trip,2450,2466.5,z10,z12,toy-0005771,,,False,22.94070095630414,0.0,21.455700956304142,0.35,4.6,0
86,trip,2450,2462.0089706448603,z31,z22,toy-0005783,,,False,42.301305737487795,0.0,41.22049837945036,0.35,3.2526911934581184,0
7,trip,2450,2462.0089706448603,z11,z20,toy-0005773,,,False,12.03872261953984,0.0,10.957915261502404,0.35,3.2526911934581184,0
41,trip,2450,2465.3333333333335,z32,z21,toy-0005781,,,False,38.49700607554437,0.0,37.11700607554437,2.3,2.3,0
45,trip,2450,2465.3333333333335,z32,z32,toy-0005784,,,False,25.528729370788035,0.0,24.148729370788036,2.3,2.3,0
27,trip,2450,2468.309854494165,z22,z10,toy-0005786,,,False,31.946850842016044,0.0,30.29896393754119,0.35,5.142956348249516,0
13,trip,2450,2465.3333333333335,z20,z31,toy-0005777,,,False,20.61869830736877,0.0,19.23869830736877,2.3,2.3,0
46,trip,2450,2481.910795394624,z32,z00,toy-0005778,,,False,47.5920506939059,0.0,44.72007910838971,2.3,7.273238618387272,0
19,trip,2450,2474.809854494165,z02,z00,toy-0005785,,,False,33.78852679393453,0.0,31.555639889459677,2.3,5.142956348249516,0
39,trip,2450,2462.0089706448603,z22,z11,toy-0005788,,,False,31.138076305338597,0.0,30.05726894730116,0.35,3.2526911934581184,0
22,trip,2450,2465.3333333333335,z11,z11,toy-0005776,,,False,34.06093646191739,0.0,32.68093646191739,2.3,2.3,0
23,trip,2450,2458.8333333333335,z11,z12,toy-0005775,,,False,38.89814107196121,0.0,38.10314107196121,0.35,2.3,0
69,trip,2450,2462.0089706448603,z22,z31,toy-0005789,,,False,45.142581456668495,0.0,44.06177409863106,0.35,3.2526911934581184,0
47,trip,2450,2473.0,z30,z11,toy-0005780,,,False,47.89499999999975,0.0,45.82499999999975,2.3,4.6,0
74,trip,2450,2458.8333333333335,z20,z21,toy-0005772,,,False,28.809025173384487,0.0,28.01402517338449,0.35,2.3,0
59,trip,2450,2462.0089706448603,z32,z21,toy-0005791,,,False,38.60999999999976,0.0,37.529192641962325,0.35,3.2526911934581184,0
1,trip,2450,2475.410795394624,z00,z31,toy-0005770,,,False,40.06144724749695,0.0,37.774475661980766,0.35,7.273238618387272,0
57,trip,2450,2466.5,z00,z20,toy-0005769,,,False,40.93469102141313,0.0,39.44969102141313,0.35,4.6,0
68,trip,2450,2481.910795394624,z32,z02,toy-0005782,,,False,40.34067227277074,0.0,37.468700687254554,2.3,7.273238618387272,0
71,trip,2450,2474.809854494165,z32,z01,toy-0005787,,,False,41.220498379450675,0.0,38.98761147497582,2.3,5.142956348249516,0
79,trip,2450,2482.476521160832,z30,z11,toy-0005810,,,False,39.25549837945004,0.0,36.33261147497518,4.6,5.142956348249516,0
24,trip,2450,2476.175637311527,z11,z20,toy-0005806,,,False,30.9331098544261,0.0,28.577302496388665,3.2526911934581184,4.6,0
83,trip,2450,2474.809854494165,z20,z02,toy-0005798,,,False,41.611305737487946,0.0,39.37841883301309,2.3,5.142956348249516,0
35,trip,2450,2458.8333333333335,z01,z11,toy-0005794,,,False,44.05419264196249,0.0,43.259192641962485,0.35,2.3,0
80,trip,2450,2484.286375654997,z10,z10,toy-0005799,,,False,46.247113095524924,0.0,43.16133928657521,5.142956348249516,5.142956348249516,0
84,trip,2450,2474.809854494165,z10,z21,toy-0005802,,,False,45.82500000000033,0.0,43.59211309552548,5.142956348249516,2.3,0
55,trip,2450,2477.985491805692,z02,z32,toy-0005795,,,False,40.05049837945008,0.0,37.53180411693779,3.2526911934581184,5.142956348249516,0
64,trip,2450,2473.0,z02,z10,toy-0005804,,,False,40.02391721246324,0.0,37.95391721246324,2.3,4.6,0
85,trip,2450,2487.017941289721,z00,z02,toy-0005808,,,False,40.32049837945047,0.0,36.988883663375596,6.505382386916237,4.6,0
51,visit,2450,2465.0,z31,z31,,hub_core,local,True,34.23983253142158,12.777777777777779,46.807610309199355,0.7,0,7.666666666666668
44,visit,2450,2498.6846079563875,z21,z21,,depot_south,central,False,35.391912077859295,0.0,33.440297361784424,6.505382386916237,0,0
87,visit,2450,2470.3333333333335,z20,z20,,depot_south,local,False,35.633028414484016,0.0,34.253028414484014,4.6,0,0
21,visit,2450,2465.0,z00,z00,,depot_west,local,True,36.63347535741755,11.471524642582445,47.894999999999996,0.7,0,6.882914785549467
62,visit,2450,2465.0,z30,z30,,depot_south,local,True,39.239691021413066,8.865308978586931,47.894999999999996,0.7,0,5.319185387152158
4,trip,2460,2472.0089706448603,z31,z20,toy-0005824,,,False,43.576305737487836,0.0,42.4954983794504,0.35,3.2526911934581184,0
9,trip,2460,2468.8333333333335,z22,z21,toy-0005831,,,False,18.82288978355519,0.0,18.02788978355519,0.35,2.3,0
40,trip,2460,2478.309854494165,z32,z20,toy-0005834,,,False,36.245188235087454,0.0,34.5973013306126,0.35,5.142956348249516,0
76,trip,2460,2468.8333333333335,z02,z12,toy-0005828,,,False,42.61630573748809,0.0,41.82130573748809,0.35,2.3,0
10,trip,2460,2483.0,z22,z12,toy-0005836,,,False,26.75467823883415,0.0,24.68467823883415,2.3,4.6,0
15,trip,2460,2468.8333333333335,z11,z21,toy-0005819,,,False,43.45338528392488,0.0,42.65838528392488,0.35,2.3,0
29,trip,2460,2472.0089706448603,z31,z22,toy-0005827,,,False,45.72000000000017,0.0,44.63919264196274,0.35,3.2526911934581184,0
61,trip,2460,2485.410795394624,z01,z30,toy-0005816,,,False,45.60802841448357,0.0,43.321056828967386,0.35,7.273238618387272,0
25,trip,2460,2490.6666666666665,z00,z31,toy-0005817,,,False,39.80073333961548,0.0,37.040733339615485,2.3,6.8999999999999995,0
11,trip,2460,2472.0089706448603,z21,z12,toy-0005821,,,False,14.483586197418985,0.0,13.402778839381549,0.35,3.2526911934581184,0
23,trip,2460,2468.8333333333335,z12,z22,toy-0005829,,,False,38.10314107196124,0.0,37.30814107196124,0.35,2.3,0
12,trip,2460,2495.309226445224,z22,z00,toy-0005833,,,False,12.327867974014014,0.0,9.150037593943862,2.3,8.292767933567175,0
35,trip,2460,2468.8333333333335,z11,z10,toy-0005818,,,False,43.259192641962514,0.0,42.46419264196251,0.35,2.3,0
65,trip,2460,2488.809226445224,z00,z32,toy-0005813,,,False,41.72969102141257,0.0,39.136860641342416,0.35,8.292767933567175,0
16,trip,2460,2475.3333333333335,z21,z32,toy-0005832,,,False,40.19757792588753,0.0,38.81757792588753,2.3,2.3,0
0,trip,2460,2468.8333333333335,z30,z20,toy-0005815,,,False,20.64952355283466,0.0,19.854523552834657,0.35,2.3,0
66,trip,2460,2478.309854494165,z31,z12,toy-0005826,,,False,40.91677056785055,0.0,39.268883663375696,0.35,5.142956348249516,0
6,trip,2460,2483.0,z30,z11,toy-0005825,,,False,31.730268509253005,0.0,29.660268509253005,2.3,4.6,0
37,trip,2460,2468.8333333333335,z21,z20,toy-0005820,,,False,36.818667138167285,0.0,36.02366713816728,0.35,2.3,0
36,trip,2460,2472.0089706448603,z10,z21,toy-0005814,,,False,45.04338528392497,0.0,43.96257792588754,0.35,3.2526911934581184,0
31,trip,2460,2476.5,z12,z32,toy-0005830,,,False,42.79711309552547,0.0,41.31211309552547,0.35,4.6,0
42,trip,2460,2472.0089706448603,z21,z32,toy-0005823,,,False,45.82499999999974,0.0,44.74419264196231,0.35,3.2526911934581184,0
74,trip,2460,2468.8333333333335,z21,z22,toy-0005822,,,False,28.014025173384514,0.0,27.219025173384516,0.35,2.3,0
81,trip,2460,2493.8423039781937,z21,z02,toy-0005835,,,False,39.541305737488024,0.0,36.49549837945059,3.2526911934581184,6.8999999999999995,0
34,trip,2460,2497.017941289721,z30,z10,toy-0005858,,,False,34.41422619105034,0.0,31.08261147497547,4.6,6.505382386916237,0
14,trip,2460,2478.309854494165,z20,z32,toy-0005841,,,False,42.33049837945031,0.0,40.68261147497546,0.35,5.142956348249516,0
38,trip,2460,2499.577462061291,z30,z01,toy-0005859,,,False,37.83104231820264,0.0,34.26907073268646,4.6,7.273238618387272,0
52,trip,2460,2483.0,z20,z01,toy-0005844,,,False,39.6165552084182,0.0,37.5465552084182,2.3,4.6,0
70,trip,2460,2483.0,z12,z22,toy-0005863,,,False,33.39391721246311,0.0,31.32391721246311,4.6,2.3,0
78,trip,2460,2478.5089706448603,z30,z22,toy-0005853,,,False,42.7633852839256,0.0,41.09757792588817,2.3,3.2526911934581184,0
54,trip,2460,2483.0,z11,z32,toy-0005854,,,False,47.89500000000009,0.0,45.82500000000009,4.6,2.3,0
82,trip,2460,2475.3333333333335,z11,z11,toy-0005845,,,False,47.8949999999997,0.0,46.514999999999695,2.3,2.3,0
88,trip,2460,2472.0089706448603,z11,z22,toy-0005843,,,False,41.08816992449262,0.0,40.007362566455186,0.35,3.2526911934581184,0
73,trip,2460,2491.910795394624,z00,z21,toy-0005851,,,False,43.23216961992994,0.0,40.360198034413756,7.273238618387272,2.3,0
2,visit,2460,2475.0,z30,z30,,depot_south,local,True,36.88816637883044,11.216833621169558,47.894999999999996,0.7,0,6.730100172701734
63,visit,2460,2480.3333333333335,z12,z12,,hub_center,local,False,37.01133928657543,0.0,35.631339286575425,4.6,0,0
28,visit,2460,2480.3333333333335,z01,z01,,depot_west,local,False,42.96000000000017,0.0,41.58000000000017,4.6,0,0
0,trip,2470,2486.5,z20,z00,toy-0005865,,,False,19.854523552834685,0.0,18.369523552834686,0.35,4.6,0
21,trip,2470,2494.809854494165,z00,z22,toy-0005874,,,False,47.89500000000003,0.0,45.66211309552518,2.3,5.142956348249516,0
5,trip,2470,2482.0089706448603,z31,z20,toy-0005879,,,False,20.58541235081409,0.0,19.504604992776652,0.35,3.2526911934581184,0
17,trip,2470,2486.5,z32,z30,toy-0005888,,,False,39.9385267939344,0.0,38.4535267939344,0.35,4.6,0
7,trip,2470,2478.8333333333335,z20,z10,toy-0005866,,,False,10.957915261502416,0.0,10.162915261502416,0.35,2.3,0
37,trip,2470,2482.0089706448603,z20,z31,toy-0005869,,,False,36.02366713816731,0.0,34.94285978012988,0.35,3.2526911934581184,0
62,trip,2470,2488.309854494165,z30,z11,toy-0005872,,,False,47.895000000000046,0.0,46.247113095525194,0.35,5.142956348249516,0
27,trip,2470,2492.851274623054,z10,z32,toy-0005864,,,False,30.298963937541203,0.0,28.24234922146633,0.35,6.505382386916237,0
57,trip,2470,2478.8333333333335,z20,z30,toy-0005867,,,False,39.44969102141312,0.0,38.65469102141312,0.35,2.3,0
9,trip,2470,2488.309854494165,z21,z00,toy-0005877,,,False,18.027889783555217,0.0,16.38000287908036,0.35,5.142956348249516,0
67,trip,2470,2482.0089706448603,z22,z11,toy-0005885,,,False,29.93053192853825,0.0,28.849724570500815,0.35,3.2526911934581184,0
15,trip,2470,2482.0089706448603,z21,z32,toy-0005878,,,False,42.65838528392491,0.0,41.577577925887475,0.35,3.2526911934581184,0
74,trip,2470,2478.8333333333335,z22,z12,toy-0005886,,,False,27.21902517338454,0.0,26.424025173384543,0.35,2.3,0
3,trip,2470,2478.8333333333335,z12,z02,toy-0005884,,,False,42.10711309552531,0.0,41.312113095525305,0.35,2.3,0
72,trip,2470,2488.309854494165,z20,z12,toy-0005870,,,False,35.71117651455409,0.0,34.06328961007924,0.35,5.142956348249516,0
13,trip,2470,2478.8333333333335,z31,z32,toy-0005883,,,False,19.238698307368796,0.0,18.4436983073688,0.35,2.3,0
77,trip,2470,2486.5,z20,z22,toy-0005871,,,False,34.30469102141259,0.0,32.81969102141259,0.35,4.6,0
35,trip,2470,2494.809854494165,z10,z01,toy-0005868,,,False,42.46419264196254,0.0,40.23130573748769,2.3,5.142956348249516,0
51,trip,2470,2478.8333333333335,z31,z21,toy-0005881,,,False,46.80761030919912,0.0,46.01261030919912,0.35,2.3,0
22,trip,2470,2486.5,z11,z31,toy-0005876,,,False,32.68093646191742,0.0,31.19593646191742,0.35,4.6,0
43,trip,2470,2478.8333333333335,z11,z01,toy-0005875,,,False,34.318076305338195,0.0,33.52307630533819,0.35,2.3,0
69,trip,2470,2486.5,z31,z11,toy-0005880,,,False,44.06177409863107,0.0,42.57677409863107,0.35,4.6,0
59,trip,2470,2491.6846079563875,z21,z21,toy-0005873,,,False,37.52919264196233,0.0,35.57757792588746,3.2526911934581184,3.2526911934581184,0
30,trip,2470,2488.309854494165,z32,z20,toy-0005887,,,False,40.530498379450016,0.0,38.882611474975164,0.35,5.142956348249516,0
53,trip,2470,2494.809854494165,z32,z12,toy-0005882,,,False,37.770498379449926,0.0,35.53761147497507,2.3,5.142956348249516,0
86,trip,2470,2493.0,z22,z12,toy-0005913,,,False,41.22049837945037,0.0,39.15049837945037,2.3,4.6,0
18,trip,2470,2494.809854494165,z12,z21,toy-0005890,,,False,23.09128564125104,0.0,20.858398736776188,5.142956348249516,2.3,0
20,trip,2470,2497.985491805692,z12,z22,toy-0005903,,,False,21.455700956304142,0.0,18.93700669379185,5.142956348249516,3.2526911934581184,0
76,trip,2470,2482.0089706448603,z12,z01,toy-0005905,,,False,41.82130573748812,0.0,40.740498379450685,0.35,3.2526911934581184,0
50,trip,2470,2497.985491805692,z02,z10,toy-0005895,,,False,42.45722105644654,0.0,39.93852679393425,5.142956348249516,3.2526911934581184,0
45,visit,2470,2527.6666666666665,z32,z32,,depot_south,central,False,24.14872937078806,0.0,21.388729370788063,9.2,0,0
32,visit,2470,2485.0,z00,z00,,depot_west,local,True,27.46260378028486,12.777777777777779,40.030381558062636,0.7,0,7.666666666666668
39,visit,2470,2485.0,z11,z11,,hub_center,local,True,30.057268947301175,12.777777777777779,42.62504672507895,0.7,0,7.666666666666668
41,visit,2470,2485.0,z21,z21,,hub_inner,local,True,37.117006075544396,10.987993924455601,47.894999999999996,0.7,0,6.592796354673361
23,visit,2470,2490.3333333333335,z22,z22,,hub_inner,local,False,37.308141071961266,0.0,35.928141071961264,4.6,0,0
1,trip,2480,2498.309854494165,z31,z10,toy-0005924,,,False,37.77447566198078,0.0,36.12658875750593,0.35,5.142956348249516,0
48,trip,2480,2498.309854494165,z31,z12,toy-0005927,,,False,33.40834598036717,0.0,31.760459075892317,0.35,5.142956348249516,0
47,trip,2480,2488.8333333333335,z11,z21,toy-0005919,,,False,45.82499999999975,0.0,45.029999999999745,0.35,2.3,0
29,trip,2480,2492.0089706448603,z22,z31,toy-0005934,,,False,44.639192641962744,0.0,43.55838528392531,0.35,3.2526911934581184,0
13,trip,2480,2498.309854494165,z32,z11,toy-0005936,,,False,18.443698307368823,0.0,16.795811402893968,0.35,5.142956348249516,0
36,trip,2480,2488.8333333333335,z21,z20,toy-0005920,,,False,43.962577925887544,0.0,43.16757792588754,0.35,2.3,0
51,trip,2480,2492.0089706448603,z21,z12,toy-0005923,,,False,46.01261030919915,0.0,44.931802951161714,0.35,3.2526911934581184,0
2,trip,2480,2498.309854494165,z30,z22,toy-0005917,,,False,47.89500000000029,0.0,46.247113095525435,0.35,5.142956348249516,0
3,trip,2480,2496.5,z02,z00,toy-0005929,,,False,41.31211309552533,0.0,39.827113095525334,0.35,4.6,0
11,trip,2480,2492.0089706448603,z12,z21,toy-0005931,,,False,13.402778839381561,0.0,12.321971481344125,0.35,3.2526911934581184,0
60,trip,2480,2492.0089706448603,z31,z22,toy-0005928,,,False,27.408805102513554,0.0,26.327997744476118,0.35,3.2526911934581184,0
14,trip,2480,2502.851274623054,z32,z10,toy-0005935,,,False,40.68261147497546,0.0,38.62599675890059,0.35,6.505382386916237,0
4,trip,2480,2492.0089706448603,z20,z11,toy-0005916,,,False,42.49549837945041,0.0,41.41469102141298,0.35,3.2526911934581184,0
78,trip,2480,2498.309854494165,z22,z01,toy-0005933,,,False,41.09757792588818,0.0,39.44969102141333,0.35,5.142956348249516,0
84,trip,2480,2492.0089706448603,z21,z30,toy-0005921,,,False,43.59211309552549,0.0,42.51130573748806,0.35,3.2526911934581184,0
24,trip,2480,2495.3333333333335,z20,z11,toy-0005922,,,False,28.577302496388647,0.0,27.197302496388648,2.3,2.3,0
19,trip,2480,2496.5,z00,z02,toy-0005915,,,False,31.555639889459687,0.0,30.070639889459688,0.35,4.6,0
49,trip,2480,2492.0089706448603,z11,z20,toy-0005918,,,False,26.735501258530515,0.0,25.65469390049308,0.35,3.2526911934581184,0
31,trip,2480,2511.910795394624,z32,z02,toy-0005926,,,False,41.31211309552546,0.0,38.44014151000928,2.3,7.273238618387272,0
88,trip,2480,2498.309854494165,z22,z30,toy-0005932,,,False,40.00736256645519,0.0,38.35947566198034,0.35,5.142956348249516,0
42,trip,2480,2498.5089706448603,z32,z20,toy-0005925,,,False,44.744192641962314,0.0,43.07838528392488,2.3,3.2526911934581184,0
58,trip,2480,2498.309854494165,z02,z21,toy-0005930,,,False,43.36419264196268,0.0,41.71630573748783,0.35,5.142956348249516,0
83,trip,2480,2504.1666666666665,z02,z32,toy-0005950,,,False,39.37841883301311,0.0,37.20341883301311,0.35,6.8999999999999995,0
55,trip,2480,2504.1666666666665,z32,z02,toy-0005957,,,False,37.53180411693779,0.0,35.356804116937795,0.35,6.8999999999999995,0
40,trip,2480,2503.0,z20,z01,toy-0005942,,,False,34.5973013306126,0.0,32.5273013306126,2.3,4.6,0
57,trip,2480,2498.5089706448603,z30,z20,toy-0005946,,,False,38.65469102141315,0.0,36.98888366337572,2.3,3.2526911934581184,0
87,trip,2480,2503.0,z20,z10,toy-0005938,,,False,34.25302841448405,0.0,32.18302841448405,2.3,4.6,0
66,trip,2480,2519.577462061291,z12,z01,toy-0005954,,,False,39.268883663375696,0.0,35.70691207785951,4.6,7.273238618387272,0
82,trip,2480,2498.5089706448603,z11,z32,toy-0005945,,,False,46.51499999999972,0.0,44.84919264196229,2.3,3.2526911934581184,0
7,trip,2480,2504.809854494165,z10,z21,toy-0005948,,,False,10.162915261502443,0.0,7.930028357027588,5.142956348249516,2.3,0
64,trip,2480,2498.5089706448603,z10,z31,toy-0005943,,,False,37.95391721246324,0.0,36.288109854425805,3.2526911934581184,2.3,0
74,trip,2480,2506.175637311527,z12,z21,toy-0005955,,,False,26.424025173384567,0.0,24.068217815347133,4.6,3.2526911934581184,0
26,trip,2480,2518.3333333333335,z01,z11,toy-0005947,,,False,17.31754725588039,0.0,13.867547255880389,6.8999999999999995,4.6,0
33,trip,2480,2512.476521160832,z01,z02,toy-0005944,,,False,44.44500000000026,0.0,41.522113095525405,4.6,5.142956348249516,0
43,trip,2480,2510.6666666666665,z01,z32,toy-0005949,,,False,33.52307630533822,0.0,30.763076305338224,6.8999999999999995,2.3,0
56,trip,2480,2498.5089706448603,z00,z12,toy-0005941,,,False,36.93950921106796,0.0,35.27370185303052,3.2526911934581184,2.3,0
16,visit,2480,2495.0,z32,z32,,hub_waterfront,local,True,38.817577925887555,9.287422074112442,47.894999999999996,0.7,0,5.572453244467465
71,visit,2480,2500.3333333333335,z01,z01,,depot_west,local,False,38.987611474975836,0.0,37.60761147497583,4.6,0,0
22,trip,2490,2508.309854494165,z31,z10,toy-0005966,,,False,31.195936461917416,0.0,29.54804955744256,0.35,5.142956348249516,0
15,trip,2490,2498.8333333333335,z32,z31,toy-0005982,,,False,41.57757792588748,0.0,40.78257792588748,0.35,2.3,0
17,trip,2490,2520.6666666666665,z30,z01,toy-0005968,,,False,38.453526793934394,0.0,35.693526793934396,2.3,6.8999999999999995,0
70,trip,2490,2498.8333333333335,z22,z32,toy-0005979,,,False,31.323917212463112,0.0,30.528917212463114,0.35,2.3,0
0,trip,2490,2502.0089706448603,z00,z11,toy-0005958,,,False,18.369523552834686,0.0,17.28871619479725,0.35,3.2526911934581184,0
41,trip,2490,2521.910795394624,z21,z00,toy-0005965,,,False,47.89499999999989,0.0,45.023028414483704,2.3,7.273238618387272,0
39,trip,2490,2506.5,z11,z31,toy-0005962,,,False,42.625046725078725,0.0,41.140046725078726,0.35,4.6,0
77,trip,2490,2498.8333333333335,z22,z21,toy-0005975,,,False,32.81969102141258,0.0,32.02469102141258,0.35,2.3,0
10,trip,2490,2513.0,z12,z02,toy-0005977,,,False,24.68467823883415,0.0,22.61467823883415,2.3,4.6,0
47,trip,2490,2521.910795394624,z21,z02,toy-0005970,,,False,45.029999999999774,0.0,42.158028414483596,2.3,7.273238618387272,0
9,trip,2490,2512.851274623054,z00,z22,toy-0005959,,,False,16.380002879080376,0.0,14.323388163005506,0.35,6.505382386916237,0
54,trip,2490,2505.3333333333335,z32,z30,toy-0005967,,,False,45.82500000000009,0.0,44.445000000000086,2.3,2.3,0
61,trip,2490,2508.5089706448603,z30,z22,toy-0005972,,,False,43.3210568289674,0.0,41.65524947092997,2.3,3.2526911934581184,0
5,trip,2490,2508.309854494165,z20,z32,toy-0005961,,,False,19.504604992776667,0.0,17.85671808830181,0.35,5.142956348249516,0
65,trip,2490,2505.3333333333335,z32,z32,toy-0005973,,,False,39.136860641342416,0.0,37.75686064134241,2.3,2.3,0
63,trip,2490,2522.476521160832,z12,z11,toy-0005981,,,False,35.63133928657546,0.0,32.7084523821006,4.6,5.142956348249516,0
30,trip,2490,2502.0089706448603,z20,z31,toy-0005960,,,False,38.882611474975164,0.0,37.80180411693773,0.35,3.2526911934581184,0
62,trip,2490,2508.5089706448603,z11,z12,toy-0005978,,,False,46.247113095525194,0.0,44.58130573748776,3.2526911934581184,2.3,0
36,trip,2490,2514.809854494165,z20,z22,toy-0005984,,,False,43.16757792588757,0.0,40.93469102141272,5.142956348249516,2.3,0
67,trip,2490,2511.6846079563875,z11,z11,toy-0005974,,,False,28.84972457050083,0.0,26.898109854425957,3.2526911934581184,3.2526911934581184,0
69,trip,2490,2522.476521160832,z11,z30,toy-0005980,,,False,42.57677409863106,0.0,39.653887194156205,5.142956348249516,4.6,0
79,trip,2490,2513.0,z11,z21,toy-0005969,,,False,36.332611474975174,0.0,34.262611474975174,4.6,2.3,0
68,trip,2490,2516.175637311527,z02,z31,toy-0005976,,,False,37.468700687254575,0.0,35.11289332921714,4.6,3.2526911934581184,0
8,trip,2490,2524.286375654997,z10,z12,toy-0005971,,,False,30.237504076464138,0.0,27.151730267514427,5.142956348249516,5.142956348249516,0
28,trip,2490,2508.5089706448603,z01,z22,toy-0005963,,,False,41.580000000000204,0.0,39.91419264196277,2.3,3.2526911934581184,0
80,trip,2490,2527.017941289721,z10,z12,toy-0005983,,,False,43.16133928657521,0.0,39.82972457050034,6.505382386916237,4.6,0
89,trip,2490,2508.5089706448603,z10,z22,toy-0005964,,,False,39.88444211289256,0.0,38.218634754855124,3.2526911934581184,2.3,0
52,trip,2490,2505.3333333333335,z01,z10,toy-0005987,,,False,37.5465552084182,0.0,36.166555208418195,2.3,2.3,0
76,trip,2490,2516.175637311527,z01,z10,toy-0005990,,,False,40.74049837945069,0.0,38.38469102141325,4.6,3.2526911934581184,0
32,trip,2490,2525.0864327061513,z00,z20,toy-0005994,,,False,40.03038155806241,0.0,36.87260261450879,7.273238618387272,3.2526911934581184,0
46,trip,2490,2514.809854494165,z00,z20,toy-0005991,,,False,44.72007910838973,0.0,42.48719220391488,5.142956348249516,2.3,0
6,visit,2490,2505.0,z11,z11,,hub_center,local,True,29.660268509253005,12.777777777777779,42.228046287030786,0.7,0,7.666666666666668
72,visit,2490,2510.3333333333335,z12,z12,,hub_center,local,False,34.06328961007924,0.0,32.683289610079235,4.6,0,0
37,visit,2490,2532.3333333333335,z31,z31,,depot_south,central,False,34.942859780129886,0.0,33.562859780129884,4.6,0,0
85,visit,2490,2516.6846079563875,z02,z02,,hub_center,local,False,36.98888366337559,0.0,35.03726894730072,6.505382386916237,0,0
16,trip,2500,2508.8333333333335,z32,z31,toy-0006026,,,False,47.894999999999904,0.0,47.0999999999999,0.35,2.3,0
42,trip,2500,2516.5,z20,z22,toy-0006007,,,False,43.078385283924895,0.0,41.593385283924896,0.35,4.6,0
27,trip,2500,2518.309854494165,z32,z20,toy-0006024,,,False,28.242349221466345,0.0,26.59446231699149,0.35,5.142956348249516,0
15,trip,2500,2508.8333333333335,z31,z21,toy-0006017,,,False,40.78257792588751,0.0,39.98757792588751,0.35,2.3,0
48,trip,2500,2518.309854494165,z12,z31,toy-0006020,,,False,31.760459075892324,0.0,30.11257217141747,0.35,5.142956348249516,0
3,trip,2500,2508.8333333333335,z00,z10,toy-0006002,,,False,39.82711309552533,0.0,39.032113095525325,0.35,2.3,0
25,trip,2500,2524.1666666666665,z31,z01,toy-0006015,,,False,37.0407333396155,0.0,34.8657333396155,0.35,6.8999999999999995,0
12,trip,2500,2524.1666666666665,z00,z30,toy-0006003,,,False,9.150037593943862,0.0,6.9750375939438625,0.35,6.8999999999999995,0
44,trip,2500,2512.0089706448603,z21,z30,toy-0006010,,,False,33.440297361784424,0.0,32.35949000374699,0.35,3.2526911934581184,0
70,trip,2500,2508.8333333333335,z32,z22,toy-0006027,,,False,30.52891721246314,0.0,29.73391721246314,0.35,2.3,0
29,trip,2500,2508.8333333333335,z31,z30,toy-0006014,,,False,43.55838528392532,0.0,42.76338528392532,0.35,2.3,0
51,trip,2500,2522.851274623054,z12,z30,toy-0006019,,,False,44.93180295116172,0.0,42.87518823508685,0.35,6.505382386916237,0
58,trip,2500,2508.8333333333335,z21,z11,toy-0006011,,,False,41.71630573748783,0.0,40.92130573748783,0.35,2.3,0
1,trip,2500,2508.8333333333335,z10,z11,toy-0006004,,,False,36.12658875750593,0.0,35.331588757505926,0.35,2.3,0
84,trip,2500,2524.1666666666665,z30,z00,toy-0006008,,,False,42.511305737488065,0.0,40.33630573748807,0.35,6.8999999999999995,0
53,trip,2500,2508.8333333333335,z12,z22,toy-0006021,,,False,35.53761147497509,0.0,34.742611474975085,0.35,2.3,0
64,trip,2500,2518.309854494165,z31,z12,toy-0006018,,,False,36.28810985442582,0.0,34.64022294995097,0.35,5.142956348249516,0
2,trip,2500,2518.309854494165,z22,z10,toy-0006023,,,False,46.247113095525435,0.0,44.59922619105058,0.35,5.142956348249516,0
34,trip,2500,2518.309854494165,z10,z02,toy-0006006,,,False,31.082611474975458,0.0,29.434724570500602,0.35,5.142956348249516,0
50,trip,2500,2518.309854494165,z10,z31,toy-0006005,,,False,39.93852679393425,0.0,38.2906398894594,0.35,5.142956348249516,0
59,trip,2500,2523.0,z21,z11,toy-0006016,,,False,35.57757792588746,0.0,33.50757792588746,2.3,4.6,0
82,trip,2500,2525.410795394624,z32,z01,toy-0006025,,,False,44.849192641962304,0.0,42.56222105644612,0.35,7.273238618387272,0
56,trip,2500,2516.5,z12,z32,toy-0006022,,,False,35.27370185303054,0.0,33.78870185303054,0.35,4.6,0
4,trip,2500,2518.309854494165,z11,z32,toy-0006009,,,False,41.414691021412985,0.0,39.76680411693813,0.35,5.142956348249516,0
73,trip,2500,2512.0089706448603,z21,z12,toy-0006012,,,False,40.36019803441377,0.0,39.27939067637634,0.35,3.2526911934581184,0
88,trip,2500,2524.809854494165,z30,z10,toy-0006013,,,False,38.35947566198034,0.0,36.12658875750549,2.3,5.142956348249516,0
49,trip,2500,2508.8333333333335,z20,z21,toy-0006028,,,False,25.654693900493093,0.0,24.85969390049309,0.35,2.3,0
20,trip,2500,2518.5089706448603,z22,z21,toy-0006048,,,False,18.93700669379185,0.0,17.271199335754414,2.3,3.2526911934581184,0
21,trip,2500,2535.0864327061513,z22,z00,toy-0006035,,,False,45.66211309552519,0.0,42.50433415197158,3.2526911934581184,7.273238618387272,0
23,trip,2500,2518.5089706448603,z22,z32,toy-0006040,,,False,35.9281410719613,0.0,34.262333713923866,3.2526911934581184,2.3,0
60,trip,2500,2508.8333333333335,z22,z32,toy-0006046,,,False,26.327997744476132,0.0,25.532997744476134,0.35,2.3,0
13,trip,2500,2539.577462061291,z11,z02,toy-0006038,,,False,16.795811402893982,0.0,13.2338398173778,4.6,7.273238618387272,0
24,trip,2500,2527.985491805692,z11,z12,toy-0006029,,,False,27.197302496388673,0.0,24.678608233876382,3.2526911934581184,5.142956348249516,0
35,trip,2500,2524.1666666666665,z01,z31,toy-0006030,,,False,40.2313057374877,0.0,38.056305737487705,0.35,6.8999999999999995,0
38,trip,2500,2515.3333333333335,z01,z01,toy-0006031,,,False,34.26907073268645,0.0,32.88907073268645,2.3,2.3,0
78,trip,2500,2515.3333333333335,z01,z21,toy-0006032,,,False,39.44969102141333,0.0,38.06969102141333,2.3,2.3,0
86,trip,2500,2518.5089706448603,z12,z31,toy-0006033,,,False,39.15049837945037,0.0,37.484691021412935,3.2526911934581184,2.3,0
19,trip,2500,2532.476521160832,z02,z01,toy-0006042,,,False,30.070639889459688,0.0,27.147752984984834,4.6,5.142956348249516,0
81,trip,2500,2523.0,z02,z21,toy-0006044,,,False,36.495498379450595,0.0,34.425498379450595,4.6,2.3,0
11,visit,2500,2528.8031504445266,z21,z21,,hub_inner,local,False,12.321971481344137,35.78302851865586,47.894999999999996,0.7,0,21.469817111193514
18,visit,2500,2515.0,z21,z21,,hub_inner,local,True,20.8583987367762,12.777777777777779,33.42617651455398,0.7,0,7.666666666666668
77,visit,2500,2515.0,z21,z21,,hub_inner,local,True,32.02469102141261,12.777777777777779,44.592468799190385,0.7,0,7.666666666666668
75,visit,2500,2535.6666666666665,z02,z02,,depot_west,local,False,32.596640570471884,0.0,29.836640570471886,9.2,0,0
57,visit,2500,2520.3333333333335,z20,z20,,depot_south,local,False,36.98888366337573,0.0,35.60888366337573,4.6,0,0
16,trip,2510,2522.0089706448603,z31,z20,toy-0006063,,,False,47.09999999999993,0.0,46.0191926419625,0.35,3.2526911934581184,0
30,trip,2510,2528.309854494165,z31,z12,toy-0006067,,,False,37.80180411693774,0.0,36.153917212462886,0.35,5.142956348249516,0
5,trip,2510,2526.5,z32,z30,toy-0006073,,,False,17.856718088301825,0.0,16.371718088301826,0.35,4.6,0
39,trip,2510,2522.0089706448603,z31,z22,toy-0006068,,,False,41.14004672507872,0.0,40.059239367041286,0.35,3.2526911934581184,0
7,trip,2510,2518.8333333333335,z21,z20,toy-0006058,,,False,7.930028357027598,0.0,7.135028357027598,0.35,2.3,0
0,trip,2510,2526.5,z11,z31,toy-0006057,,,False,17.288716194797264,0.0,15.803716194797264,0.35,4.6,0
49,trip,2510,2526.5,z21,z01,toy-0006059,,,False,24.85969390049312,0.0,23.37469390049312,0.35,4.6,0
29,trip,2510,2526.5,z30,z32,toy-0006055,,,False,42.763385283925345,0.0,41.278385283925346,0.35,4.6,0
54,trip,2510,2525.3333333333335,z30,z32,toy-0006069,,,False,44.445000000000114,0.0,43.06500000000011,2.3,2.3,0
28,trip,2510,2528.309854494165,z22,z30,toy-0006070,,,False,39.914192641962785,0.0,38.26630573748793,0.35,5.142956348249516,0
60,trip,2510,2533.0,z32,z11,toy-0006065,,,False,25.53299774447616,0.0,23.46299774447616,2.3,4.6,0
65,trip,2510,2525.3333333333335,z32,z21,toy-0006066,,,False,37.75686064134244,0.0,36.37686064134244,2.3,2.3,0
83,trip,2510,2518.8333333333335,z32,z31,toy-0006074,,,False,37.20341883301312,0.0,36.408418833013116,0.35,2.3,0
1,trip,2510,2522.0089706448603,z11,z20,toy-0006056,,,False,35.331588757505955,0.0,34.25078139946852,0.35,3.2526911934581184,0
61,trip,2510,2537.985491805692,z22,z10,toy-0006062,,,False,41.65524947092998,0.0,39.13655520841769,3.2526911934581184,5.142956348249516,0
3,trip,2510,2528.5089706448603,z10,z11,toy-0006053,,,False,39.032113095525354,0.0,37.36630573748792,2.3,3.2526911934581184,0
14,trip,2510,2522.0089706448603,z10,z21,toy-0006051,,,False,38.6259967589006,0.0,37.545189400863165,0.35,3.2526911934581184,0
70,trip,2510,2539.351274623054,z22,z10,toy-0006071,,,False,29.733917212463165,0.0,27.092302496388296,2.3,6.505382386916237,0
89,trip,2510,2534.809854494165,z22,z20,toy-0006072,,,False,38.21863475485514,0.0,35.985747850380285,2.3,5.142956348249516,0
6,trip,2510,2548.3333333333335,z11,z01,toy-0006064,,,False,42.22804628703055,0.0,38.77804628703055,4.6,6.8999999999999995,0
58,trip,2510,2528.5089706448603,z11,z32,toy-0006061,,,False,40.921305737487856,0.0,39.25549837945042,2.3,3.2526911934581184,0
22,trip,2510,2525.3333333333335,z10,z10,toy-0006052,,,False,29.548049557442575,0.0,28.168049557442576,2.3,2.3,0
62,trip,2510,2533.0,z12,z22,toy-0006075,,,False,44.581305737487774,0.0,42.511305737487774,4.6,2.3,0
52,trip,2510,2537.985491805692,z10,z02,toy-0006060,,,False,36.166555208418224,0.0,33.64786094590593,3.2526911934581184,5.142956348249516,0
87,trip,2510,2547.017941289721,z10,z12,toy-0006054,,,False,32.18302841448405,0.0,28.85141369840918,4.6,6.505382386916237,0
40,trip,2510,2534.809854494165,z01,z30,toy-0006078,,,False,32.5273013306126,0.0,30.29441442613775,5.142956348249516,2.3,0
71,trip,2510,2534.809854494165,z01,z30,toy-0006083,,,False,37.60761147497587,0.0,35.374724570501016,2.3,5.142956348249516,0
55,trip,2510,2533.0,z02,z10,toy-0006096,,,False,35.3568041169378,0.0,33.2868041169378,2.3,4.6,0
53,visit,2510,2571.286375654997,z22,z22,,depot_south,central,False,34.742611474975114,0.0,31.656837666025403,10.285912696499032,0,0
48,trip,2520,2538.309854494165,z31,z12,toy-0006115,,,False,30.112572171417483,0.0,28.464685266942627,0.35,5.142956348249516,0
9,trip,2520,2528.8333333333335,z22,z32,toy-0006122,,,False,14.323388163005516,0.0,13.528388163005516,0.35,2.3,0
64,trip,2520,2532.0089706448603,z12,z21,toy-0006117,,,False,34.64022294995097,0.0,33.559415591913535,0.35,3.2526911934581184,0
50,trip,2520,2545.410795394624,z31,z02,toy-0006114,,,False,38.2906398894594,0.0,36.003668303943215,0.35,7.273238618387272,0
18,trip,2520,2532.0089706448603,z21,z12,toy-0006108,,,False,33.426176514553745,0.0,32.34536915651631,0.35,3.2526911934581184,0
68,trip,2520,2536.5,z31,z11,toy-0006112,,,False,35.11289332921713,0.0,33.62789332921713,0.35,4.6,0
46,trip,2520,2542.851274623054,z20,z02,toy-0006106,,,False,42.487192203914894,0.0,40.430577487840026,0.35,6.505382386916237,0
2,trip,2520,2544.809854494165,z10,z21,toy-0006103,,,False,44.59922619105058,0.0,42.36633928657573,2.3,5.142956348249516,0
76,trip,2520,2536.5,z10,z12,toy-0006104,,,False,38.384691021413246,0.0,36.89969102141325,0.35,4.6,0
38,trip,2520,2544.809854494165,z01,z32,toy-0006107,,,False,32.88907073268648,0.0,30.656183828211624,2.3,5.142956348249516,0
4,trip,2520,2538.309854494165,z32,z11,toy-0006124,,,False,39.76680411693813,0.0,38.11891721246328,0.35,5.142956348249516,0
83,trip,2520,2544.1666666666665,z31,z01,toy-0006111,,,False,36.408418833013144,0.0,34.23341883301315,0.35,6.8999999999999995,0
31,trip,2520,2532.0089706448603,z02,z11,toy-0006116,,,False,38.4401415100093,0.0,37.359334151971865,0.35,3.2526911934581184,0
23,trip,2520,2536.5,z32,z12,toy-0006126,,,False,34.26233371392388,0.0,32.77733371392388,0.35,4.6,0
86,trip,2520,2532.0089706448603,z31,z20,toy-0006110,,,False,37.48469102141295,0.0,36.40388366337552,0.35,3.2526911934581184,0
43,trip,2520,2544.809854494165,z32,z10,toy-0006109,,,False,30.763076305338238,0.0,28.530189400863385,2.3,5.142956348249516,0
44,trip,2520,2543.0,z30,z00,toy-0006105,,,False,32.359490003747,0.0,30.289490003746998,2.3,4.6,0
56,trip,2520,2535.3333333333335,z32,z21,toy-0006113,,,False,33.78870185303053,0.0,32.40870185303053,2.3,2.3,0
36,trip,2520,2538.309854494165,z22,z10,toy-0006118,,,False,40.93469102141273,0.0,39.28680411693788,0.35,5.142956348249516,0
42,trip,2520,2532.0089706448603,z22,z31,toy-0006120,,,False,41.59338528392489,0.0,40.512577925887456,0.35,3.2526911934581184,0
72,trip,2520,2535.3333333333335,z12,z21,toy-0006119,,,False,32.68328961007927,0.0,31.303289610079272,2.3,2.3,0
73,trip,2520,2543.0,z12,z02,toy-0006121,,,False,39.279390676376345,0.0,37.209390676376344,2.3,4.6,0
77,trip,2520,2538.5089706448603,z21,z31,toy-0006125,,,False,44.59246879919015,0.0,42.92666144115272,3.2526911934581184,2.3,0
79,trip,2520,2555.0864327061513,z21,z01,toy-0006123,,,False,34.262611474975174,0.0,31.104832531421557,3.2526911934581184,7.273238618387272,0
66,trip,2520,2553.8423039781937,z01,z22,toy-0006134,,,False,35.706912077859506,0.0,32.66110471982207,6.8999999999999995,3.2526911934581184,0
33,trip,2520,2535.3333333333335,z02,z11,toy-0006129,,,False,41.5221130955254,0.0,40.142113095525396,2.3,2.3,0
34,trip,2520,2551.910795394624,z02,z30,toy-0006132,,,False,29.434724570500617,0.0,26.562752984984435,7.273238618387272,2.3,0
85,trip,2520,2544.809854494165,z02,z00,toy-0006136,,,False,35.03726894730072,0.0,32.804382042825864,2.3,5.142956348249516,0
26,visit,2520,2589.7495640176817,z11,z11,,depot_west,central,False,13.867547255880375,35.10826010215706,47.024192641962564,6.505382386916237,0,21.06495606129424
20,visit,2520,2535.0,z21,z21,,hub_inner,local,True,17.271199335754424,12.777777777777779,29.838977113532202,0.7,0,7.666666666666668
10,visit,2520,2577.6666666666665,z02,z02,,depot_west,central,False,22.61467823883415,0.0,19.854678238834147,9.2,0,0
74,visit,2520,2535.0,z21,z21,,hub_inner,local,True,24.068217815347115,12.777777777777779,36.635995593124896,0.7,0,7.666666666666668
27,visit,2520,2540.3333333333335,z20,z20,,depot_south,local,False,26.594462316991503,0.0,25.214462316991504,4.6,0,0
67,visit,2520,2535.0,z11,z11,,hub_center,local,True,26.898109854425954,12.777777777777779,39.46588763220373,0.7,0,7.666666666666668
7,visit,2520,2562.266316319117,z20,z20,,depot_south,,False,7.135028357027625,41.554971642972376,47.309999999999995,4.6,0,24.932982985783426
3,trip,2530,2542.0089706448603,z11,z00,toy-0006144,,,False,37.366305737487934,0.0,36.2854983794505,0.35,3.2526911934581184,0
9,trip,2530,2542.0089706448603,z32,z21,toy-0006162,,,False,13.528388163005543,0.0,12.447580804968107,0.35,3.2526911934581184,0
0,trip,2530,2548.309854494165,z31,z10,toy-0006153,,,False,15.803716194797266,0.0,14.155829290322412,0.35,5.142956348249516,0
35,trip,2530,2546.5,z31,z11,toy-0006155,,,False,38.05630573748771,0.0,36.57130573748771,0.35,4.6,0
5,trip,2530,2561.910795394624,z30,z00,toy-0006152,,,False,16.371718088301826,0.0,13.499746502785644,2.3,7.273238618387272,0
59,trip,2530,2538.8333333333335,z11,z10,toy-0006145,,,False,33.50757792588746,0.0,32.71257792588746,0.35,2.3,0
29,trip,2530,2552.851274623054,z32,z10,toy-0006160,,,False,41.27838528392534,0.0,39.22177056785047,0.35,6.505382386916237,0
11,trip,2530,2548.5089706448603,z21,z20,toy-0006154,,,False,47.895000000000174,0.0,46.22919264196274,2.3,3.2526911934581184,0
39,trip,2530,2542.0089706448603,z22,z31,toy-0006159,,,False,40.05923936704129,0.0,38.97843200900386,0.35,3.2526911934581184,0
14,trip,2530,2545.3333333333335,z21,z32,toy-0006157,,,False,37.54518940086317,0.0,36.16518940086317,2.3,2.3,0
65,trip,2530,2538.8333333333335,z21,z11,toy-0006150,,,False,36.37686064134247,0.0,35.581860641342466,0.35,2.3,0
8,trip,2530,2554.809854494165,z12,z01,toy-0006158,,,False,27.151730267514427,0.0,24.91884336303957,2.3,5.142956348249516,0
16,trip,2530,2545.3333333333335,z20,z31,toy-0006151,,,False,46.019192641962505,0.0,44.6391926419625,2.3,2.3,0
32,trip,2530,2545.3333333333335,z20,z20,toy-0006148,,,False,36.872602614508786,0.0,35.49260261450878,2.3,2.3,0
57,trip,2530,2546.5,z20,z22,toy-0006143,,,False,35.608883663375764,0.0,34.123883663375764,0.35,4.6,0
45,trip,2530,2548.309854494165,z32,z11,toy-0006161,,,False,21.388729370788035,0.0,19.74084246631318,0.35,5.142956348249516,0
22,trip,2530,2545.3333333333335,z10,z21,toy-0006142,,,False,28.1680495574426,0.0,26.7880495574426,2.3,2.3,0
28,trip,2530,2554.809854494165,z30,z12,toy-0006156,,,False,38.26630573748793,0.0,36.03341883301308,2.3,5.142956348249516,0
54,trip,2530,2538.8333333333335,z32,z31,toy-0006163,,,False,43.06500000000014,0.0,42.27000000000014,0.35,2.3,0
63,trip,2530,2538.8333333333335,z11,z21,toy-0006146,,,False,32.708452382100596,0.0,31.913452382100594,0.35,2.3,0
17,trip,2530,2553.0,z01,z31,toy-0006147,,,False,35.69352679393441,0.0,33.62352679393441,2.3,4.6,0
24,trip,2530,2556.175637311527,z12,z01,toy-0006149,,,False,24.67860823387638,0.0,22.322800875838944,3.2526911934581184,4.6,0
58,trip,2530,2545.3333333333335,z32,z32,toy-0006179,,,False,39.25549837945044,0.0,37.875498379450434,2.3,2.3,0
51,trip,2530,2545.3333333333335,z30,z32,toy-0006174,,,False,42.87518823508686,0.0,41.49518823508686,2.3,2.3,0
80,trip,2530,2554.809854494165,z12,z30,toy-0006178,,,False,39.82972457050033,0.0,37.59683766602548,2.3,5.142956348249516,0
25,trip,2530,2548.309854494165,z01,z22,toy-0006166,,,False,34.86573333961551,0.0,33.21784643514066,0.35,5.142956348249516,0
69,trip,2530,2560.6666666666665,z30,z12,toy-0006181,,,False,39.6538871941562,0.0,36.8938871941562,4.6,4.6,0
88,trip,2530,2554.809854494165,z10,z21,toy-0006171,,,False,36.1265887575055,0.0,33.89370185303065,5.142956348249516,2.3,0
41,trip,2530,2556.175637311527,z00,z31,toy-0006164,,,False,45.023028414483726,0.0,42.66722105644629,4.6,3.2526911934581184,0
49,trip,2530,2556.175637311527,z01,z32,toy-0006169,,,False,23.37469390049312,0.0,21.018886542455686,4.6,3.2526911934581184,0
82,trip,2530,2577.2441287279576,z01,z02,toy-0006172,,,False,42.562221056446134,0.0,38.31024947092995,6.8999999999999995,7.273238618387272,0
47,trip,2530,2565.0864327061513,z02,z22,toy-0006173,,,False,42.15802841448361,0.0,39.000249470929994,7.273238618387272,3.2526911934581184,0
12,visit,2530,2584.011310776967,z30,z30,,depot_south,central,False,6.975037593943875,41.12996240605612,47.894999999999996,0.7,0,24.677977443633672
1,visit,2530,2572.3333333333335,z20,z20,,depot_south,central,False,34.25078139946853,0.0,32.87078139946853,4.6,0,0
81,visit,2530,2545.0,z21,z21,,hub_inner,local,True,34.425498379450595,12.777777777777779,46.99327615722837,0.7,0,7.666666666666668
30,visit,2530,2550.3333333333335,z12,z12,,hub_center,local,False,36.153917212462886,0.0,34.773917212462884,4.6,0,0
84,visit,2530,2559.3333333333335,z00,z00,,depot_west,central,False,40.336305737488075,0.0,40.126305737488074,0.7,0,0
37,trip,2540,2575.309226445224,z31,z00,toy-0006199,,,False,33.56285978012992,0.0,30.385029400059768,2.3,8.292767933567175,0
20,trip,2540,2552.0089706448603,z21,z12,toy-0006189,,,False,29.83897711353198,0.0,28.758169755494542,0.35,3.2526911934581184,0
63,trip,2540,2558.309854494165,z21,z02,toy-0006188,,,False,31.91345238210062,0.0,30.265565477625763,0.35,5.142956348249516,0
42,trip,2540,2552.0089706448603,z31,z20,toy-0006190,,,False,40.51257792588746,0.0,39.43177056785003,0.35,3.2526911934581184,0
31,trip,2540,2552.0089706448603,z11,z20,toy-0006185,,,False,37.35933415197187,0.0,36.27852679393444,0.35,3.2526911934581184,0
54,trip,2540,2555.3333333333335,z31,z31,toy-0006202,,,False,42.27000000000017,0.0,40.890000000000164,2.3,2.3,0
77,trip,2540,2548.8333333333335,z31,z30,toy-0006191,,,False,42.92666144115273,0.0,42.13166144115273,0.35,2.3,0
40,trip,2540,2563.0,z30,z11,toy-0006192,,,False,30.29441442613776,0.0,28.22441442613776,2.3,4.6,0
72,trip,2540,2548.8333333333335,z21,z31,toy-0006187,,,False,31.303289610079297,0.0,30.508289610079295,0.35,2.3,0
62,trip,2540,2548.8333333333335,z22,z12,toy-0006198,,,False,42.511305737487774,0.0,41.71630573748777,0.35,2.3,0
18,trip,2540,2556.5,z12,z32,toy-0006196,,,False,32.34536915651632,0.0,30.86036915651632,0.35,4.6,0
74,trip,2540,2561.6846079563875,z21,z21,toy-0006201,,,False,36.63599559312466,0.0,34.68438087704979,3.2526911934581184,3.2526911934581184,0
71,trip,2540,2555.3333333333335,z30,z21,toy-0006193,,,False,35.37472457050103,0.0,33.99472457050103,2.3,2.3,0
19,trip,2540,2548.8333333333335,z01,z02,toy-0006184,,,False,27.147752984984816,0.0,26.352752984984818,0.35,2.3,0
33,trip,2540,2572.476521160832,z11,z12,toy-0006194,,,False,40.142113095525424,0.0,37.219226191050566,4.6,5.142956348249516,0
23,trip,2540,2555.3333333333335,z12,z21,toy-0006197,,,False,32.77733371392387,0.0,31.397333713923874,2.3,2.3,0
60,trip,2540,2566.175637311527,z11,z22,toy-0006195,,,False,23.46299774447616,0.0,21.107190386438724,4.6,3.2526911934581184,0
67,trip,2540,2552.0089706448603,z11,z22,toy-0006186,,,False,39.4658876322035,0.0,38.385080274166064,0.35,3.2526911934581184,0
36,trip,2540,2564.809854494165,z10,z32,toy-0006183,,,False,39.28680411693788,0.0,37.05391721246303,2.3,5.142956348249516,0
48,trip,2540,2572.476521160832,z12,z20,toy-0006200,,,False,28.46468526694264,0.0,25.541798362467787,4.6,5.142956348249516,0
61,trip,2540,2566.175637311527,z10,z21,toy-0006207,,,False,39.13655520841769,0.0,36.78074785038025,4.6,3.2526911934581184,0
68,trip,2540,2578.3333333333335,z11,z01,toy-0006215,,,False,33.62789332921712,0.0,30.177893329217124,4.6,6.8999999999999995,0
21,trip,2540,2568.809226445224,z00,z32,toy-0006203,,,False,42.50433415197158,0.0,39.91150377190142,0.35,8.292767933567175,0
70,trip,2540,2558.5089706448603,z10,z11,toy-0006205,,,False,27.092302496388307,0.0,25.42649513835087,2.3,3.2526911934581184,0
13,trip,2540,2567.985491805692,z02,z32,toy-0006211,,,False,13.233839817377788,0.0,10.715145554865497,3.2526911934581184,5.142956348249516,0
52,trip,2540,2581.387316555456,z02,z10,toy-0006214,,,False,33.64786094590593,0.0,29.923002455914897,7.273238618387272,5.142956348249516,0
75,trip,2540,2561.6846079563875,z02,z02,toy-0006210,,,False,29.836640570471857,0.0,27.885025854396986,3.2526911934581184,3.2526911934581184,0
56,visit,2540,2588.6846079563875,z21,z21,,depot_south,central,False,32.40870185303056,0.0,30.457087136955685,6.505382386916237,0,0
59,visit,2540,2560.3333333333335,z10,z10,,depot_west,local,False,32.71257792588749,0.0,31.332577925887488,4.6,0,0
55,visit,2540,2560.3333333333335,z10,z10,,depot_west,local,False,33.2868041169378,0.0,31.906804116937803,4.6,0,0
64,visit,2540,2555.0,z21,z21,,hub_inner,local,True,33.55941559191354,12.777777777777779,46.12719336969132,0.7,0,7.666666666666668
65,visit,2540,2555.0,z11,z11,,hub_center,local,True,35.581860641342494,12.523139358657504,47.894999999999996,0.7,0,7.513883615194502
89,visit,2540,2560.3333333333335,z20,z20,,hub_inner,local,False,35.9857478503803,0.0,34.6057478503803,4.6,0,0
86,visit,2540,2566.6846079563875,z20,z20,,hub_center,local,False,36.403883663375524,0.0,34.45226894730065,6.505382386916237,0,0
76,visit,2540,2575.6666666666665,z12,z12,,hub_waterfront,local,False,36.89969102141324,0.0,34.13969102141324,9.2,0,0
16,trip,2550,2558.8333333333335,z31,z30,toy-0006234,,,False,44.63919264196253,0.0,43.84419264196253,0.35,2.3,0
25,trip,2550,2562.0089706448603,z22,z11,toy-0006242,,,False,33.21784643514066,0.0,32.137039077103225,0.35,3.2526911934581184,0
77,trip,2550,2558.8333333333335,z30,z20,toy-0006226,,,False,42.13166144115276,0.0,41.336661441152756,0.35,2.3,0
14,trip,2550,2562.0089706448603,z32,z21,toy-0006243,,,False,36.1651894008632,0.0,35.084382042825766,0.35,3.2526911934581184,0
38,trip,2550,2574.1666666666665,z32,z02,toy-0006244,,,False,30.656183828211635,0.0,28.481183828211634,0.35,6.8999999999999995,0
19,trip,2550,2575.410795394624,z02,z31,toy-0006240,,,False,26.352752984984843,0.0,24.065781399468662,0.35,7.273238618387272,0
39,trip,2550,2562.0089706448603,z31,z20,toy-0006233,,,False,38.97843200900387,0.0,37.897624650966435,0.35,3.2526911934581184,0
45,trip,2550,2566.5,z11,z31,toy-0006227,,,False,19.740842466313193,0.0,18.255842466313194,0.35,4.6,0
72,trip,2550,2558.8333333333335,z31,z21,toy-0006235,,,False,30.508289610079323,0.0,29.713289610079322,0.35,2.3,0
2,trip,2550,2574.809854494165,z21,z12,toy-0006237,,,False,42.366339286575744,0.0,40.13345238210089,2.3,5.142956348249516,0
9,trip,2550,2558.8333333333335,z21,z20,toy-0006228,,,False,12.44758080496812,0.0,11.65258080496812,0.35,2.3,0
22,trip,2550,2558.8333333333335,z21,z11,toy-0006230,,,False,26.788049557442626,0.0,25.993049557442625,0.35,2.3,0
81,trip,2550,2558.8333333333335,z21,z22,toy-0006231,,,False,46.99327615722814,0.0,46.198276157228136,0.35,2.3,0
51,trip,2550,2568.5089706448603,z32,z22,toy-0006238,,,False,41.495188235086886,0.0,39.82938087704945,2.3,3.2526911934581184,0
58,trip,2550,2565.3333333333335,z32,z32,toy-0006239,,,False,37.87549837945046,0.0,36.49549837945046,2.3,2.3,0
57,trip,2550,2565.3333333333335,z22,z22,toy-0006245,,,False,34.12388366337576,0.0,32.743883663375755,2.3,2.3,0
11,trip,2550,2568.5089706448603,z20,z32,toy-0006232,,,False,46.229192641962754,0.0,44.56338528392532,2.3,3.2526911934581184,0
27,trip,2550,2568.5089706448603,z20,z30,toy-0006229,,,False,25.21446231699153,0.0,23.548654958954092,2.3,3.2526911934581184,0
62,trip,2550,2574.809854494165,z12,z10,toy-0006241,,,False,41.7163057374878,0.0,39.48341883301295,2.3,5.142956348249516,0
32,trip,2550,2585.0864327061513,z20,z02,toy-0006236,,,False,35.49260261450881,0.0,32.334823670955195,3.2526911934581184,7.273238618387272,0
0,trip,2550,2584.286375654997,z10,z10,toy-0006255,,,False,14.155829290322421,0.0,11.070055481372712,5.142956348249516,5.142956348249516,0
87,trip,2550,2574.809854494165,z12,z01,toy-0006258,,,False,28.851413698409164,0.0,26.618526793934308,2.3,5.142956348249516,0
46,trip,2550,2573.0,z02,z32,toy-0006261,,,False,40.43057748784003,0.0,38.36057748784003,4.6,2.3,0
43,trip,2550,2562.0089706448603,z10,z01,toy-0006246,,,False,28.530189400863392,0.0,27.449382042825956,0.35,3.2526911934581184,0
6,trip,2550,2565.3333333333335,z01,z21,toy-0006251,,,False,38.77804628703054,0.0,37.39804628703054,2.3,2.3,0
73,trip,2550,2590.1431878274984,z02,z20,toy-0006262,,,False,37.209390676376344,0.0,33.59650377190149,6.8999999999999995,5.142956348249516,0
44,trip,2550,2573.0,z00,z10,toy-0006247,,,False,30.289490003746998,0.0,28.219490003746998,4.6,2.3,0
85,trip,2550,2568.5089706448603,z00,z12,toy-0006252,,,False,32.80438204282588,0.0,31.13857468478844,3.2526911934581184,2.3,0
83,visit,2550,2570.3333333333335,z01,z01,,depot_west,local,False,34.233418833013154,0.0,32.85341883301315,4.6,0,0
50,visit,2550,2589.286375654997,z02,z02,,hub_inner,local,False,36.00366830394323,0.0,32.91789449499352,10.285912696499032,0,0
17,trip,2560,2568.8333333333335,z31,z21,toy-0006282,,,False,33.62352679393441,0.0,32.82852679393441,0.35,2.3,0
67,trip,2560,2576.5,z22,z20,toy-0006286,,,False,38.38508027416607,0.0,36.90008027416607,0.35,4.6,0
41,trip,2560,2568.8333333333335,z31,z32,toy-0006285,,,False,42.66722105644628,0.0,41.87222105644628,0.35,2.3,0
29,trip,2560,2572.0089706448603,z10,z21,toy-0006267,,,False,39.22177056785048,0.0,38.140963209813044,0.35,3.2526911934581184,0
8,trip,2560,2584.1666666666665,z01,z31,toy-0006274,,,False,24.91884336303958,0.0,22.74384336303958,0.35,6.8999999999999995,0
54,trip,2560,2578.309854494165,z31,z12,toy-0006283,,,False,40.89000000000019,0.0,39.24211309552534,0.35,5.142956348249516,0
16,trip,2560,2590.6666666666665,z30,z01,toy-0006281,,,False,43.84419264196256,0.0,41.08419264196256,2.3,6.8999999999999995,0
18,trip,2560,2591.910795394624,z32,z00,toy-0006279,,,False,30.860369156516317,0.0,27.988397571000135,2.3,7.273238618387272,0
84,trip,2560,2578.309854494165,z00,z12,toy-0006266,,,False,40.126305737488096,0.0,38.478418833013244,0.35,5.142956348249516,0
81,trip,2560,2572.0089706448603,z22,z31,toy-0006287,,,False,46.198276157228165,0.0,45.11746879919073,0.35,3.2526911934581184,0
9,trip,2560,2568.8333333333335,z20,z21,toy-0006269,,,False,11.652580804968146,0.0,10.857580804968146,0.35,2.3,0
23,trip,2560,2578.5089706448603,z21,z20,toy-0006280,,,False,31.397333713923903,0.0,29.731526355886466,2.3,3.2526911934581184,0
65,trip,2560,2578.309854494165,z11,z30,toy-0006276,,,False,47.89500000000014,0.0,46.247113095525286,0.35,5.142956348249516,0
64,trip,2560,2572.0089706448603,z21,z12,toy-0006278,,,False,46.127193369691085,0.0,45.04638601165365,0.35,3.2526911934581184,0
24,trip,2560,2572.0089706448603,z01,z12,toy-0006275,,,False,22.322800875838926,0.0,21.24199351780149,0.35,3.2526911934581184,0
71,trip,2560,2598.484863756751,z21,z00,toy-0006288,,,False,33.994724570501056,0.0,30.53108683239347,3.2526911934581184,8.292767933567175,0
34,trip,2560,2578.5089706448603,z30,z22,toy-0006284,,,False,26.562752984984453,0.0,24.896945626947016,2.3,3.2526911934581184,0
31,trip,2560,2572.0089706448603,z20,z31,toy-0006270,,,False,36.27852679393445,0.0,35.197719435897014,0.35,3.2526911934581184,0
72,trip,2560,2587.985491805692,z21,z11,toy-0006289,,,False,29.71328961007935,0.0,27.19459534756706,3.2526911934581184,5.142956348249516,0
80,trip,2560,2578.309854494165,z30,z11,toy-0006272,,,False,37.59683766602549,0.0,35.94895076155064,0.35,5.142956348249516,0
77,trip,2560,2576.5,z20,z22,toy-0006271,,,False,41.336661441152785,0.0,39.851661441152785,0.35,4.6,0
79,trip,2560,2585.410795394624,z01,z30,toy-0006273,,,False,31.10483253142156,0.0,28.81786094590538,0.35,7.273238618387272,0
88,trip,2560,2584.809854494165,z21,z01,toy-0006268,,,False,33.89370185303066,0.0,31.66081494855581,2.3,5.142956348249516,0
70,trip,2560,2578.5089706448603,z11,z10,toy-0006277,,,False,25.42649513835088,0.0,23.760687780313443,2.3,3.2526911934581184,0
20,trip,2560,2583.0,z12,z22,toy-0006290,,,False,28.758169755494556,0.0,26.688169755494556,4.6,2.3,0
28,trip,2560,2578.5089706448603,z12,z20,toy-0006296,,,False,36.033418833013094,0.0,34.36761147497566,3.2526911934581184,2.3,0
30,trip,2560,2575.3333333333335,z12,z12,toy-0006310,,,False,34.77391721246292,0.0,33.39391721246292,2.3,2.3,0
63,trip,2560,2593.8423039781937,z02,z21,toy-0006313,,,False,30.265565477625778,0.0,27.21975811958834,6.8999999999999995,3.2526911934581184,0
49,visit,2560,2575.0,z32,z32,,hub_waterfront,local,True,21.018886542455668,12.777777777777779,33.586664320233446,0.7,0,7.666666666666668
22,visit,2560,2575.0,z11,z11,,hub_center,local,True,25.993049557442653,12.777777777777779,38.56082733522043,0.7,0,7.666666666666668
66,visit,2560,2580.3333333333335,z22,z22,,hub_inner,local,False,32.66110471982207,0.0,31.28110471982207,4.6,0,0
3,visit,2560,2575.0,z00,z00,,depot_west,local,True,36.28549837945051,11.819501620549488,47.894999999999996,0.7,0,7.091700972329693
35,visit,2560,2575.0,z11,z11,,hub_center,local,True,36.571305737487705,11.533694262512292,47.894999999999996,0.7,0,6.920216557507375
42,visit,2560,2580.3333333333335,z20,z20,,depot_south,local,False,39.43177056785004,0.0,38.051770567850035,4.6,0,0
45,trip,2570,2588.309854494165,z31,z12,toy-0006328,,,False,18.255842466313194,0.0,16.607955561838338,0.35,5.142956348249516,0
7,trip,2570,2586.5,z20,z00,toy-0006318,,,False,47.30999999999996,0.0,45.82499999999996,0.35,4.6,0
47,trip,2570,2582.0089706448603,z22,z11,toy-0006331,,,False,39.00024947092999,0.0,37.919442112892554,0.35,3.2526911934581184,0
6,trip,2570,2588.309854494165,z21,z00,toy-0006323,,,False,37.39804628703057,0.0,35.750159382555715,0.35,5.142956348249516,0
25,trip,2570,2578.8333333333335,z11,z10,toy-0006319,,,False,32.13703907710323,0.0,31.34203907710323,0.35,2.3,0
11,trip,2570,2586.5,z32,z12,toy-0006334,,,False,44.563385283925335,0.0,43.078385283925336,0.35,4.6,0
69,trip,2570,2588.309854494165,z12,z20,toy-0006329,,,False,36.89388719415617,0.0,35.24600028968132,0.35,5.142956348249516,0
9,trip,2570,2588.5089706448603,z21,z20,toy-0006326,,,False,10.857580804968173,0.0,9.191773446930737,2.3,3.2526911934581184,0
55,trip,2570,2586.5,z10,z30,toy-0006316,,,False,31.90680411693783,0.0,30.42180411693783,0.35,4.6,0
40,trip,2570,2582.0089706448603,z11,z22,toy-0006321,,,False,28.22441442613776,0.0,27.143607068100323,0.35,3.2526911934581184,0
51,trip,2570,2578.8333333333335,z22,z32,toy-0006332,,,False,39.829380877049466,0.0,39.034380877049465,0.35,2.3,0
17,trip,2570,2593.0,z21,z31,toy-0006320,,,False,32.82852679393444,0.0,30.758526793934436,2.3,4.6,0
61,trip,2570,2588.309854494165,z21,z02,toy-0006324,,,False,36.780747850380244,0.0,35.13286094590539,0.35,5.142956348249516,0
13,trip,2570,2601.910795394624,z32,z00,toy-0006325,,,False,10.715145554865494,0.0,7.843173969349312,2.3,7.273238618387272,0
21,trip,2570,2588.309854494165,z32,z20,toy-0006333,,,False,39.91150377190142,0.0,38.26361686742657,0.35,5.142956348249516,0
85,trip,2570,2588.309854494165,z12,z31,toy-0006330,,,False,31.138574684788455,0.0,29.4906877803136,0.35,5.142956348249516,0
5,trip,2570,2586.5,z00,z20,toy-0006315,,,False,13.499746502785658,0.0,12.014746502785659,0.35,4.6,0
59,trip,2570,2588.309854494165,z10,z22,toy-0006317,,,False,31.332577925887517,0.0,29.68469102141266,0.35,5.142956348249516,0
27,trip,2570,2600.6666666666665,z30,z01,toy-0006327,,,False,23.548654958954103,0.0,20.788654958954105,2.3,6.8999999999999995,0
43,trip,2570,2594.809854494165,z01,z32,toy-0006322,,,False,27.44938204282597,0.0,25.216495138351114,2.3,5.142956348249516,0
36,trip,2570,2578.8333333333335,z32,z31,toy-0006356,,,False,37.05391721246304,0.0,36.25891721246304,0.35,2.3,0
41,trip,2570,2585.3333333333335,z32,z21,toy-0006345,,,False,41.87222105644631,0.0,40.492221056446304,2.3,2.3,0
57,trip,2570,2578.8333333333335,z22,z21,toy-0006351,,,False,32.74388366337578,0.0,31.94888366337578,0.35,2.3,0
39,trip,2570,2601.910795394624,z20,z01,toy-0006335,,,False,37.89762465096644,0.0,35.02565306545026,2.3,7.273238618387272,0
74,trip,2570,2588.5089706448603,z21,z20,toy-0006338,,,False,34.68438087704979,0.0,33.01857351901236,2.3,3.2526911934581184,0
60,trip,2570,2588.5089706448603,z22,z30,toy-0006339,,,False,21.107190386438706,0.0,19.44138302840127,2.3,3.2526911934581184,0
86,trip,2570,2593.0,z20,z01,toy-0006340,,,False,34.45226894730065,0.0,32.38226894730065,2.3,4.6,0
58,trip,2570,2588.5089706448603,z32,z22,toy-0006346,,,False,36.49549837945049,0.0,34.829691021413055,2.3,3.2526911934581184,0
75,trip,2570,2591.6846079563875,z02,z00,toy-0006337,,,False,27.885025854396982,0.0,25.93341113832211,3.2526911934581184,3.2526911934581184,0
89,trip,2570,2588.5089706448603,z20,z30,toy-0006343,,,False,34.60574785038033,0.0,32.9399404923429,3.2526911934581184,2.3,0
14,visit,2570,2585.0,z21,z21,,hub_inner,local,True,35.08438204282577,12.777777777777779,47.65215982060355,0.7,0,7.666666666666668
4,visit,2570,2585.0,z11,z11,,hub_center,local,True,38.11891721246328,9.986082787536718,47.894999999999996,0.7,0,5.991649672522031
19,trip,2580,2592.0089706448603,z31,z20,toy-0006365,,,False,24.06578139946868,0.0,22.984974041431244,0.35,3.2526911934581184,0
46,trip,2580,2602.851274623054,z32,z10,toy-0006372,,,False,38.36057748784003,0.0,36.303962771765164,0.35,6.505382386916237,0
57,trip,2580,2592.0089706448603,z21,z10,toy-0006362,,,False,31.948883663375806,0.0,30.86807630533837,0.35,3.2526911934581184,0
1,trip,2580,2598.5089706448603,z20,z32,toy-0006364,,,False,32.87078139946856,0.0,31.204974041431125,2.3,3.2526911934581184,0
2,trip,2580,2596.5,z12,z32,toy-0006369,,,False,40.133452382100906,0.0,38.648452382100906,0.35,4.6,0
24,trip,2580,2596.5,z12,z10,toy-0006368,,,False,21.241993517801504,0.0,19.756993517801504,0.35,4.6,0
23,trip,2580,2592.0089706448603,z20,z11,toy-0006360,,,False,29.731526355886476,0.0,28.65071899784904,0.35,3.2526911934581184,0
31,trip,2580,2588.8333333333335,z31,z21,toy-0006366,,,False,35.19771943589702,0.0,34.40271943589702,0.35,2.3,0
22,trip,2580,2595.3333333333335,z11,z22,toy-0006363,,,False,38.5608273352202,0.0,37.1808273352202,2.3,2.3,0
28,trip,2580,2602.851274623054,z20,z02,toy-0006361,,,False,34.367611474975675,0.0,32.31099675890081,0.35,6.505382386916237,0
34,trip,2580,2596.5,z22,z20,toy-0006370,,,False,24.896945626947026,0.0,23.411945626947027,0.35,4.6,0
49,trip,2580,2608.809226445224,z32,z00,toy-0006371,,,False,33.58666432023322,0.0,30.993833940163064,0.35,8.292767933567175,0
3,trip,2580,2588.8333333333335,z00,z01,toy-0006359,,,False,47.89500000000022,0.0,47.10000000000022,0.35,2.3,0
81,trip,2580,2588.8333333333335,z31,z32,toy-0006367,,,False,45.11746879919074,0.0,44.32246879919074,0.35,2.3,0
51,trip,2580,2588.8333333333335,z32,z22,toy-0006389,,,False,39.03438087704949,0.0,38.23938087704949,0.35,2.3,0
65,trip,2580,2598.5089706448603,z30,z22,toy-0006384,,,False,46.247113095525286,0.0,44.58130573748785,2.3,3.2526911934581184,0
53,trip,2580,2604.809854494165,z22,z20,toy-0006388,,,False,31.6568376660254,0.0,29.423950761550543,2.3,5.142956348249516,0
35,trip,2580,2595.3333333333335,z11,z11,toy-0006377,,,False,47.89500000000023,0.0,46.51500000000023,2.3,2.3,0
48,trip,2580,2613.8423039781937,z20,z01,toy-0006380,,,False,25.54179836246777,0.0,22.495991004430334,3.2526911934581184,6.8999999999999995,0
67,trip,2580,2598.5089706448603,z20,z12,toy-0006378,,,False,36.900080274166065,0.0,35.23427291612863,2.3,3.2526911934581184,0
77,trip,2580,2595.3333333333335,z22,z20,toy-0006376,,,False,39.85166144115278,0.0,38.471661441152776,2.3,2.3,0
80,trip,2580,2619.577462061291,z11,z02,toy-0006382,,,False,35.94895076155064,0.0,32.38697917603446,4.6,7.273238618387272,0
30,trip,2580,2595.3333333333335,z12,z32,toy-0006387,,,False,33.393917212462945,0.0,32.01391721246294,2.3,2.3,0
25,trip,2580,2612.476521160832,z10,z11,toy-0006381,,,False,31.342039077103255,0.0,28.4191521726284,5.142956348249516,4.6,0
33,trip,2580,2621.387316555456,z12,z00,toy-0006379,,,False,37.21922619105056,0.0,33.494367701059524,5.142956348249516,7.273238618387272,0
10,trip,2580,2588.8333333333335,z02,z01,toy-0006385,,,False,19.854678238834122,0.0,19.059678238834124,0.35,2.3,0
54,trip,2580,2604.809854494165,z12,z01,toy-0006386,,,False,39.24211309552534,0.0,37.00922619105049,2.3,5.142956348249516,0
44,trip,2580,2598.5089706448603,z10,z31,toy-0006373,,,False,28.219490003746998,0.0,26.55368264570956,2.3,3.2526911934581184,0
62,trip,2580,2614.286375654997,z10,z12,toy-0006383,,,False,39.48341883301296,0.0,36.39764502406325,5.142956348249516,5.142956348249516,0
70,trip,2580,2610.6666666666665,z10,z32,toy-0006374,,,False,23.760687780313454,0.0,21.000687780313456,4.6,4.6,0
64,trip,2580,2595.3333333333335,z12,z21,toy-0006375,,,False,45.04638601165366,0.0,43.66638601165366,2.3,2.3,0
38,visit,2580,2606.6846079563875,z02,z02,,hub_center,local,False,28.481183828211652,0.0,26.52956911213678,6.505382386916237,0,0
36,visit,2580,2595.0,z31,z31,,hub_core,local,True,36.25891721246307,11.846082787536927,47.894999999999996,0.7,0,7.1076496725221565
37,visit,2580,2595.0,z00,z00,,depot_west,,True,30.385029400059775,17.719970599940225,47.895,0.7,0,10.631982359964136
8,trip,2590,2598.8333333333335,z31,z32,toy-0006400,,,False,22.7438433630396,0.0,21.9488433630396,0.35,2.3,0
85,trip,2590,2608.309854494165,z31,z10,toy-0006397,,,False,29.490687780313614,0.0,27.84280087583876,0.35,5.142956348249516,0
4,trip,2590,2598.8333333333335,z11,z01,toy-0006395,,,False,47.89499999999966,0.0,47.09999999999966,0.35,2.3,0
12,trip,2590,2605.3333333333335,z30,z21,toy-0006399,,,False,47.89499999999992,0.0,46.514999999999915,2.3,2.3,0
81,trip,2590,2598.8333333333335,z32,z31,toy-0006408,,,False,44.322468799190766,0.0,43.527468799190764,0.35,2.3,0
0,trip,2590,2598.8333333333335,z10,z00,toy-0006390,,,False,11.070055481372703,0.0,10.275055481372704,0.35,2.3,0
14,trip,2590,2608.5089706448603,z21,z20,toy-0006398,,,False,47.652159820603316,0.0,45.98635246256588,2.3,3.2526911934581184,0
5,trip,2590,2608.309854494165,z20,z12,toy-0006394,,,False,12.014746502785659,0.0,10.366859598310803,0.35,5.142956348249516,0
41,trip,2590,2598.8333333333335,z21,z31,toy-0006396,,,False,40.49222105644633,0.0,39.69722105644633,0.35,2.3,0
6,trip,2590,2605.3333333333335,z00,z20,toy-0006391,,,False,35.750159382555715,0.0,34.37015938255571,2.3,2.3,0
20,trip,2590,2602.0089706448603,z22,z31,toy-0006403,,,False,26.688169755494556,0.0,25.60736239745712,0.35,3.2526911934581184,0
11,trip,2590,2598.8333333333335,z12,z11,toy-0006401,,,False,43.07838528392533,0.0,42.28338528392533,0.35,2.3,0
40,trip,2590,2608.5089706448603,z22,z21,toy-0006407,,,False,27.143607068100337,0.0,25.4777997100629,2.3,3.2526911934581184,0
51,trip,2590,2614.809854494165,z22,z11,toy-0006406,,,False,38.23938087704952,0.0,36.00649397257467,2.3,5.142956348249516,0
59,trip,2590,2598.8333333333335,z22,z12,toy-0006404,,,False,29.684691021412675,0.0,28.889691021412673,0.35,2.3,0
21,trip,2590,2614.809854494165,z20,z31,toy-0006392,,,False,38.26361686742657,0.0,36.03072996295172,2.3,5.142956348249516,0
42,trip,2590,2598.8333333333335,z20,z21,toy-0006393,,,False,38.05177056785007,0.0,37.25677056785007,0.35,2.3,0
66,trip,2590,2602.0089706448603,z22,z11,toy-0006402,,,False,31.281104719822096,0.0,30.20029736178466,0.35,3.2526911934581184,0
56,trip,2590,2616.175637311527,z21,z30,toy-0006405,,,False,30.457087136955685,0.0,28.10127977891825,3.2526911934581184,4.6,0
45,trip,2590,2620.6666666666665,z12,z12,toy-0006409,,,False,16.607955561838352,0.0,13.847955561838353,4.6,4.6,0
55,trip,2590,2608.5089706448603,z30,z22,toy-0006419,,,False,30.42180411693783,0.0,28.755996758900395,2.3,3.2526911934581184,0
26,trip,2590,2608.5089706448603,z11,z32,toy-0006415,,,False,47.0241926419625,0.0,45.35838528392507,2.3,3.2526911934581184,0
69,trip,2590,2606.5,z20,z22,toy-0006412,,,False,35.24600028968132,0.0,33.76100028968132,0.35,4.6,0
47,trip,2590,2598.8333333333335,z11,z12,toy-0006414,,,False,37.91944211289256,0.0,37.12444211289256,0.35,2.3,0
76,trip,2590,2605.3333333333335,z12,z21,toy-0006421,,,False,34.13969102141322,0.0,32.75969102141322,2.3,2.3,0
72,trip,2590,2606.5,z11,z31,toy-0006413,,,False,27.194595347567056,0.0,25.709595347567056,0.35,4.6,0
60,trip,2590,2613.0,z30,z11,toy-0006417,,,False,19.44138302840128,0.0,17.37138302840128,2.3,4.6,0
79,trip,2590,2614.809854494165,z30,z12,toy-0006418,,,False,28.817860945905398,0.0,26.58497404143054,2.3,5.142956348249516,0
84,trip,2590,2629.577462061291,z12,z01,toy-0006423,,,False,38.478418833013244,0.0,34.91644724749706,4.6,7.273238618387272,0
32,trip,2590,2605.3333333333335,z02,z22,toy-0006420,,,False,32.334823670955195,0.0,30.954823670955196,2.3,2.3,0
3,trip,2590,2619.351274623054,z01,z22,toy-0006410,,,False,47.10000000000025,0.0,44.45838528392538,2.3,6.505382386916237,0
89,trip,2590,2605.3333333333335,z30,z30,toy-0006416,,,False,32.93994049234291,0.0,31.559940492342914,2.3,2.3,0
50,trip,2590,2620.6666666666665,z02,z02,toy-0006422,,,False,32.91789449499351,0.0,30.157894494993513,4.6,4.6,0
74,trip,2590,2613.0,z20,z12,toy-0006411,,,False,33.01857351901237,0.0,30.94857351901237,2.3,4.6,0
9,visit,2590,2634.032269265175,z20,z20,,depot_south,local,False,9.19177344693075,39.49822655306925,47.309999999999995,4.6,0,23.69893593184155
52,visit,2590,2632.3333333333335,z10,z10,,depot_west,central,False,29.9230024559149,0.0,28.543002455914902,4.6,0,0
88,visit,2590,2610.3333333333335,z01,z01,,depot_west,local,False,31.66081494855582,0.0,30.280814948555822,4.6,0,0
31,visit,2590,2605.0,z21,z21,,hub_inner,local,True,34.40271943589705,12.777777777777779,46.970497213674825,0.7,0,7.666666666666668
58,visit,2590,2610.3333333333335,z22,z22,,hub_inner,local,False,34.82969102141307,0.0,33.44969102141307,4.6,0,0
78,visit,2590,2605.0,z21,z21,,hub_inner,local,True,38.069691021413355,10.035308978586642,47.894999999999996,0.7,0,6.021185387151985
7,visit,2590,2605.0,z00,z00,,depot_west,local,True,45.82499999999995,2.2800000000000438,47.894999999999996,0.7,0,1.3680000000000263
34,trip,2600,2618.309854494165,z20,z32,toy-0006425,,,False,23.411945626947027,0.0,21.76405872247217,0.35,5.142956348249516,0
42,trip,2600,2618.309854494165,z21,z00,toy-0006429,,,False,37.2567705678501,0.0,35.608883663375245,0.35,5.142956348249516,0
17,trip,2600,2608.8333333333335,z31,z32,toy-0006436,,,False,30.75852679393444,0.0,29.96352679393444,0.35,2.3,0
61,trip,2600,2622.851274623054,z02,z20,toy-0006437,,,False,35.13286094590539,0.0,33.076246229830524,0.35,6.505382386916237,0
22,trip,2600,2618.309854494165,z22,z30,toy-0006438,,,False,37.18082733522023,0.0,35.53294043074538,0.35,5.142956348249516,0
1,trip,2600,2608.8333333333335,z32,z31,toy-0006440,,,False,31.20497404143114,0.0,30.40997404143114,0.35,2.3,0
63,trip,2600,2618.309854494165,z21,z02,toy-0006430,,,False,27.219758119588345,0.0,25.57187121511349,0.35,5.142956348249516,0
2,trip,2600,2624.1666666666665,z32,z02,toy-0006441,,,False,38.6484523821009,0.0,36.4734523821009,0.35,6.8999999999999995,0
36,trip,2600,2625.410795394624,z31,z02,toy-0006435,,,False,47.89500000000018,0.0,45.608028414484,0.35,7.273238618387272,0
41,trip,2600,2624.1666666666665,z31,z01,toy-0006433,,,False,39.69722105644636,0.0,37.52222105644636,0.35,6.8999999999999995,0
8,trip,2600,2608.8333333333335,z32,z22,toy-0006442,,,False,21.948843363039625,0.0,21.153843363039627,0.35,2.3,0
44,trip,2600,2612.0089706448603,z31,z20,toy-0006432,,,False,26.55368264570957,0.0,25.472875287672135,0.35,3.2526911934581184,0
81,trip,2600,2608.8333333333335,z31,z21,toy-0006434,,,False,43.52746879919079,0.0,42.73246879919079,0.35,2.3,0
11,trip,2600,2618.309854494165,z11,z32,toy-0006428,,,False,42.283385283925355,0.0,40.6354983794505,0.35,5.142956348249516,0
73,trip,2600,2608.8333333333335,z20,z10,toy-0006424,,,False,33.59650377190148,0.0,32.80150377190148,0.35,2.3,0
64,trip,2600,2608.8333333333335,z21,z22,toy-0006431,,,False,43.666386011653685,0.0,42.871386011653684,0.35,2.3,0
23,trip,2600,2612.0089706448603,z11,z22,toy-0006427,,,False,28.650718997849054,0.0,27.569911639811618,0.35,3.2526911934581184,0
35,trip,2600,2612.0089706448603,z11,z02,toy-0006426,,,False,46.515000000000256,0.0,45.434192641962824,0.35,3.2526911934581184,0
30,trip,2600,2622.851274623054,z32,z10,toy-0006439,,,False,32.01391721246297,0.0,29.9573024963881,0.35,6.505382386916237,0
65,trip,2600,2616.5,z22,z20,toy-0006458,,,False,44.58130573748787,0.0,43.09630573748787,0.35,4.6,0
43,trip,2600,2618.309854494165,z32,z11,toy-0006462,,,False,25.216495138351124,0.0,23.56860823387627,0.35,5.142956348249516,0
77,trip,2600,2618.5089706448603,z20,z30,toy-0006448,,,False,38.471661441152804,0.0,36.80585408311537,2.3,3.2526911934581184,0
4,trip,2600,2608.8333333333335,z01,z11,toy-0006445,,,False,47.09999999999969,0.0,46.30499999999969,0.35,2.3,0
47,trip,2600,2632.476521160832,z12,z11,toy-0006454,,,False,37.12444211289259,0.0,34.20155520841773,5.142956348249516,4.6,0
57,trip,2600,2627.985491805692,z10,z22,toy-0006455,,,False,30.868076305338384,0.0,28.349382042826093,5.142956348249516,3.2526911934581184,0
59,trip,2600,2637.017941289721,z12,z10,toy-0006443,,,False,28.889691021412702,0.0,25.55807630533783,6.505382386916237,4.6,0
67,trip,2600,2624.809854494165,z12,z10,toy-0006457,,,False,35.234272916128646,0.0,33.00138601165379,2.3,5.142956348249516,0
10,trip,2600,2626.175637311527,z01,z10,toy-0006447,,,False,19.05967823883415,0.0,16.703870880796714,4.6,3.2526911934581184,0
16,trip,2600,2623.0,z01,z31,toy-0006451,,,False,41.084192641962574,0.0,39.01419264196257,4.6,2.3,0
68,trip,2600,2640.1431878274984,z01,z10,toy-0006453,,,False,30.177893329217113,0.0,26.565006424742258,6.8999999999999995,5.142956348249516,0
83,trip,2600,2630.6666666666665,z01,z32,toy-0006456,,,False,32.85341883301319,0.0,30.09341883301319,6.8999999999999995,2.3,0
82,trip,2600,2633.8423039781937,z02,z21,toy-0006463,,,False,38.31024947092995,0.0,35.26444211289252,6.8999999999999995,3.2526911934581184,0
86,trip,2600,2624.809854494165,z01,z32,toy-0006459,,,False,32.38226894730065,0.0,30.1493820428258,5.142956348249516,2.3,0
87,trip,2600,2641.387316555456,z01,z20,toy-0006461,,,False,26.61852679393432,0.0,22.893668303943283,7.273238618387272,5.142956348249516,0
18,trip,2600,2624.809854494165,z00,z11,toy-0006450,,,False,27.98839757100015,0.0,25.755510666525296,5.142956348249516,2.3,0
37,trip,2600,2650.6425597785574,z00,z02,toy-0006444,,,False,47.8950000000002,0.0,43.33716961993005,6.8999999999999995,8.292767933567175,0
71,trip,2600,2632.476521160832,z00,z01,toy-0006449,,,False,30.53108683239346,0.0,27.608199927918605,5.142956348249516,4.6,0
75,trip,2600,2655.2851195571143,z00,z00,toy-0006460,,,False,25.933411138322107,0.0,20.957750378181803,8.292767933567175,8.292767933567175,0
0,visit,2600,2630.03130004451,z00,z00,,depot_west,local,False,10.27505548137273,37.82994451862727,47.895,0.7,0,22.697966711176363
24,visit,2600,2642.3333333333335,z10,z10,,depot_west,central,False,19.756993517801504,0.0,18.376993517801505,4.6,0,0
19,visit,2600,2620.3333333333335,z20,z20,,depot_south,local,False,22.984974041431258,0.0,21.60497404143126,4.6,0,0
1,trip,2610,2618.8333333333335,z31,z30,toy-0006473,,,False,30.409974041431166,0.0,29.614974041431168,0.35,2.3,0
4,trip,2610,2628.309854494165,z11,z30,toy-0006469,,,False,46.304999999999715,0.0,44.65711309552486,0.35,5.142956348249516,0
26,trip,2610,2618.8333333333335,z32,z31,toy-0006477,,,False,45.35838528392508,0.0,44.56338528392508,0.35,2.3,0
6,trip,2610,2628.309854494165,z20,z01,toy-0006466,,,False,34.37015938255574,0.0,32.72227247808089,0.35,5.142956348249516,0
8,trip,2610,2633.0,z22,z12,toy-0006478,,,False,21.153843363039652,0.0,19.08384336303965,2.3,4.6,0
20,trip,2610,2628.309854494165,z31,z12,toy-0006475,,,False,25.607362397457134,0.0,23.95947549298228,0.35,5.142956348249516,0
12,trip,2610,2622.0089706448603,z21,z12,toy-0006471,,,False,46.514999999999944,0.0,45.43419264196251,0.35,3.2526911934581184,0
32,trip,2610,2622.0089706448603,z22,z31,toy-0006476,,,False,30.95482367095522,0.0,29.874016312917785,0.35,3.2526911934581184,0
31,trip,2610,2618.8333333333335,z21,z20,toy-0006470,,,False,46.97049721367459,0.0,46.17549721367459,0.35,2.3,0
46,trip,2610,2628.309854494165,z10,z02,toy-0006465,,,False,36.30396277176517,0.0,34.65607586729032,0.35,5.142956348249516,0
27,trip,2610,2635.410795394624,z01,z32,toy-0006467,,,False,20.788654958954115,0.0,18.501683373437935,0.35,7.273238618387272,0
66,trip,2610,2622.0089706448603,z11,z20,toy-0006468,,,False,30.200297361784674,0.0,29.119490003747238,0.35,3.2526911934581184,0
40,trip,2610,2622.0089706448603,z21,z32,toy-0006472,,,False,25.47779971006291,0.0,24.396992352025475,0.35,3.2526911934581184,0
72,trip,2610,2618.8333333333335,z31,z21,toy-0006474,,,False,25.709595347567056,0.0,24.914595347567058,0.35,2.3,0
7,trip,2610,2622.0089706448603,z00,z11,toy-0006464,,,False,47.89499999999987,0.0,46.814192641962435,0.35,3.2526911934581184,0
5,trip,2610,2628.309854494165,z12,z00,toy-0006490,,,False,10.366859598310814,0.0,8.718972693835958,0.35,5.142956348249516,0
76,trip,2610,2618.8333333333335,z21,z22,toy-0006484,,,False,32.759691021413246,0.0,31.964691021413245,0.35,2.3,0
55,trip,2610,2622.0089706448603,z22,z11,toy-0006494,,,False,28.755996758900405,0.0,27.67518940086297,0.35,3.2526911934581184,0
28,trip,2610,2634.809854494165,z02,z31,toy-0006492,,,False,32.310996758900814,0.0,30.07810985442596,2.3,5.142956348249516,0
64,trip,2610,2625.3333333333335,z22,z22,toy-0006498,,,False,42.87138601165371,0.0,41.49138601165371,2.3,2.3,0
14,trip,2610,2622.0089706448603,z20,z31,toy-0006480,,,False,45.9863524625659,0.0,44.905545104528464,0.35,3.2526911934581184,0
69,trip,2610,2628.5089706448603,z22,z21,toy-0006497,,,False,33.76100028968131,0.0,32.09519293164388,2.3,3.2526911934581184,0
39,trip,2610,2625.3333333333335,z01,z10,toy-0006482,,,False,35.02565306545028,0.0,33.645653065450276,2.3,2.3,0
38,trip,2610,2634.1666666666665,z02,z32,toy-0006489,,,False,26.52956911213678,0.0,24.35456911213678,0.35,6.8999999999999995,0
54,trip,2610,2631.6846079563875,z01,z21,toy-0006491,,,False,37.0092261910505,0.0,35.05761147497563,3.2526911934581184,3.2526911934581184,0
73,trip,2610,2625.3333333333335,z10,z21,toy-0006483,,,False,32.80150377190151,0.0,31.42150377190151,2.3,2.3,0
49,trip,2610,2635.410795394624,z00,z31,toy-0006479,,,False,30.993833940163064,0.0,28.706862354646884,0.35,7.273238618387272,0
78,trip,2610,2636.175637311527,z21,z30,toy-0006496,,,False,47.89499999999995,0.0,45.539192641962515,3.2526911934581184,4.6,0
81,trip,2610,2628.5089706448603,z21,z20,toy-0006485,,,False,42.73246879919082,0.0,41.066661441153386,2.3,3.2526911934581184,0
89,trip,2610,2640.6666666666665,z30,z01,toy-0006486,,,False,31.559940492342943,0.0,28.79994049234294,2.3,6.8999999999999995,0
53,trip,2610,2647.017941289721,z20,z00,toy-0006493,,,False,29.423950761550554,0.0,26.092336045475683,4.6,6.505382386916237,0
85,trip,2610,2643.8423039781937,z10,z31,toy-0006481,,,False,27.842800875838773,0.0,24.796993517801337,3.2526911934581184,6.8999999999999995,0
17,visit,2610,2625.0,z32,z32,,hub_waterfront,local,True,29.963526793934466,12.777777777777779,42.53130457171225,0.7,0,7.666666666666668
29,visit,2610,2625.0,z21,z21,,hub_inner,local,True,38.14096320981305,9.964036790186945,47.894999999999996,0.7,0,5.978422074112167
15,visit,2610,2625.0,z21,z21,,hub_inner,local,True,39.987577925887535,8.117422074112461,47.894999999999996,0.7,0,4.870453244467477
13,visit,2610,2638.4904289517235,z00,z00,,depot_west,,False,7.843173969349326,40.261826030650674,47.895,0.7,0,24.157095618390404
21,trip,2620,2636.5,z31,z11,toy-0006503,,,False,36.03072996295173,0.0,34.54572996295173,0.35,4.6,0
11,trip,2620,2628.8333333333335,z32,z31,toy-0006513,,,False,40.6354983794505,0.0,39.8404983794505,0.35,2.3,0
26,trip,2620,2632.0089706448603,z31,z22,toy-0006506,,,False,44.56338528392511,0.0,43.482577925887675,0.35,3.2526911934581184,0
3,trip,2620,2628.8333333333335,z22,z12,toy-0006510,,,False,44.458385283925395,0.0,43.66338528392539,0.35,2.3,0
34,trip,2620,2638.309854494165,z32,z20,toy-0006511,,,False,21.764058722472186,0.0,20.11617181799733,0.35,5.142956348249516,0
1,trip,2620,2651.910795394624,z30,z02,toy-0006505,,,False,29.614974041431193,0.0,26.74300245591501,2.3,7.273238618387272,0
25,trip,2620,2636.5,z11,z31,toy-0006499,,,False,28.419152172628387,0.0,26.934152172628387,0.35,4.6,0
22,trip,2620,2651.910795394624,z30,z00,toy-0006501,,,False,35.53294043074538,0.0,32.66096884522919,2.3,7.273238618387272,0
56,trip,2620,2635.3333333333335,z30,z21,toy-0006504,,,False,28.101279778918233,0.0,26.721279778918234,2.3,2.3,0
72,trip,2620,2628.8333333333335,z21,z31,toy-0006500,,,False,24.914595347567083,0.0,24.119595347567085,0.35,2.3,0
23,trip,2620,2651.910795394624,z22,z01,toy-0006512,,,False,27.569911639811632,0.0,24.69794005429545,2.3,7.273238618387272,0
35,trip,2620,2638.309854494165,z02,z21,toy-0006507,,,False,45.43419264196283,0.0,43.78630573748798,0.35,5.142956348249516,0
58,trip,2620,2638.309854494165,z22,z01,toy-0006509,,,False,33.4496910214131,0.0,31.801804116938246,0.35,5.142956348249516,0
62,trip,2620,2632.0089706448603,z12,z01,toy-0006508,,,False,36.39764502406325,0.0,35.31683766602582,0.35,3.2526911934581184,0
77,trip,2620,2644.809854494165,z30,z10,toy-0006502,,,False,36.805854083115385,0.0,34.57296717864053,2.3,5.142956348249516,0
31,trip,2620,2638.5089706448603,z20,z32,toy-0006521,,,False,46.17549721367462,0.0,44.509689855637184,2.3,3.2526911934581184,0
76,trip,2620,2649.351274623054,z22,z10,toy-0006528,,,False,31.96469102141327,0.0,29.3230763053384,2.3,6.505382386916237,0
44,trip,2620,2638.5089706448603,z20,z32,toy-0006525,,,False,25.47287528767215,0.0,23.807067929634712,3.2526911934581184,2.3,0
74,trip,2620,2652.476521160832,z12,z11,toy-0006529,,,False,30.948573519012374,0.0,28.02568661453752,4.6,5.142956348249516,0
43,trip,2620,2641.6846079563875,z11,z31,toy-0006526,,,False,23.568608233876283,0.0,21.61699351780141,3.2526911934581184,3.2526911934581184,0
65,trip,2620,2628.8333333333335,z20,z30,toy-0006516,,,False,43.09630573748786,0.0,42.30130573748786,0.35,2.3,0
48,trip,2620,2638.309854494165,z01,z20,toy-0006519,,,False,22.495991004430334,0.0,20.848104099955478,0.35,5.142956348249516,0
88,trip,2620,2653.8423039781937,z01,z20,toy-0006522,,,False,30.280814948555847,0.0,27.23500759051841,6.8999999999999995,3.2526911934581184,0
42,trip,2620,2661.387316555456,z00,z12,toy-0006524,,,False,35.608883663375245,0.0,31.88402517338421,7.273238618387272,5.142956348249516,0
63,trip,2620,2647.985491805692,z02,z32,toy-0006520,,,False,25.571871215113504,0.0,23.053176952601213,3.2526911934581184,5.142956348249516,0
80,trip,2620,2647.985491805692,z02,z21,toy-0006514,,,False,32.38697917603445,0.0,29.86828491352216,5.142956348249516,3.2526911934581184,0
60,visit,2620,2635.0,z11,z11,,hub_center,local,True,17.37138302840128,12.777777777777779,29.939160806179057,0.7,0,7.666666666666668
70,visit,2620,2635.0,z32,z32,,hub_waterfront,local,True,21.000687780313427,12.777777777777779,33.568465558091205,0.7,0,7.666666666666668
79,visit,2620,2640.3333333333335,z12,z12,,hub_center,local,False,26.584974041430552,0.0,25.204974041430553,4.6,0,0
51,visit,2620,2635.0,z11,z11,,hub_center,local,True,36.00649397257468,12.098506027425316,47.894999999999996,0.7,0,7.25910361645519
15,trip,2630,2638.8333333333335,z21,z20,toy-0006536,,,False,47.895000000000266,0.0,47.100000000000264,0.35,2.3,0
11,trip,2630,2638.8333333333335,z31,z21,toy-0006541,,,False,39.84049837945053,0.0,39.04549837945053,0.35,2.3,0
4,trip,2630,2652.851274623054,z30,z12,toy-0006534,,,False,44.65711309552486,0.0,42.600498379449995,0.35,6.505382386916237,0
14,trip,2630,2648.309854494165,z31,z10,toy-0006538,,,False,44.90554510452847,0.0,43.25765820005362,0.35,5.142956348249516,0
57,trip,2630,2646.5,z22,z20,toy-0006545,,,False,28.349382042826093,0.0,26.864382042826094,0.35,4.6,0
3,trip,2630,2648.309854494165,z12,z20,toy-0006543,,,False,43.66338528392542,0.0,42.01549837945057,0.35,5.142956348249516,0
17,trip,2630,2654.1666666666665,z32,z02,toy-0006547,,,False,42.53130457171201,0.0,40.356304571712016,0.35,6.8999999999999995,0
16,trip,2630,2654.1666666666665,z31,z01,toy-0006539,,,False,39.01419264196257,0.0,36.839192641962576,0.35,6.8999999999999995,0
40,trip,2630,2646.5,z32,z12,toy-0006548,,,False,24.39699235202549,0.0,22.91199235202549,0.35,4.6,0
12,trip,2630,2646.5,z12,z32,toy-0006544,,,False,45.43419264196252,0.0,43.94919264196252,0.35,4.6,0
86,trip,2630,2642.0089706448603,z32,z21,toy-0006546,,,False,30.14938204282581,0.0,29.068574684788373,0.35,3.2526911934581184,0
29,trip,2630,2638.8333333333335,z21,z11,toy-0006537,,,False,47.89499999999996,0.0,47.09999999999996,0.35,2.3,0
33,trip,2630,2648.309854494165,z00,z21,toy-0006530,,,False,33.494367701059524,0.0,31.846480796584668,0.35,5.142956348249516,0
32,trip,2630,2642.0089706448603,z31,z22,toy-0006542,,,False,29.8740163129178,0.0,28.793208954880363,0.35,3.2526911934581184,0
65,trip,2630,2642.0089706448603,z30,z21,toy-0006533,,,False,42.30130573748789,0.0,41.220498379450454,0.35,3.2526911934581184,0
72,trip,2630,2646.5,z31,z11,toy-0006540,,,False,24.11959534756711,0.0,22.63459534756711,0.35,4.6,0
19,trip,2630,2646.5,z20,z22,toy-0006531,,,False,21.604974041431284,0.0,20.119974041431284,0.35,4.6,0
6,trip,2630,2646.5,z01,z21,toy-0006535,,,False,32.72227247808089,0.0,31.23727247808089,0.35,4.6,0
64,trip,2630,2645.3333333333335,z22,z22,toy-0006549,,,False,41.49138601165374,0.0,40.111386011653735,2.3,2.3,0
61,trip,2630,2648.309854494165,z20,z32,toy-0006532,,,False,33.07624622983053,0.0,31.428359325355675,0.35,5.142956348249516,0
66,trip,2630,2648.5089706448603,z20,z32,toy-0006566,,,False,29.119490003747252,0.0,27.453682645709815,3.2526911934581184,2.3,0
7,trip,2630,2642.0089706448603,z11,z00,toy-0006553,,,False,46.81419264196244,0.0,45.73338528392501,0.35,3.2526911934581184,0
18,trip,2630,2648.5089706448603,z11,z12,toy-0006561,,,False,25.755510666525307,0.0,24.08970330848787,2.3,3.2526911934581184,0
81,trip,2630,2648.5089706448603,z20,z21,toy-0006564,,,False,41.0666614411534,0.0,39.400854083115966,3.2526911934581184,2.3,0
20,trip,2630,2654.809854494165,z12,z10,toy-0006567,,,False,23.959475492982293,0.0,21.72658858850744,2.3,5.142956348249516,0
10,trip,2630,2638.8333333333335,z10,z11,toy-0006550,,,False,16.703870880796696,0.0,15.908870880796696,0.35,2.3,0
45,trip,2630,2653.0,z12,z31,toy-0006573,,,False,13.847955561838326,0.0,11.777955561838326,4.6,2.3,0
55,trip,2630,2648.5089706448603,z11,z10,toy-0006556,,,False,27.675189400862983,0.0,26.009382042825546,2.3,3.2526911934581184,0
30,trip,2630,2657.985491805692,z10,z20,toy-0006563,,,False,29.957302496388113,0.0,27.438608233875822,5.142956348249516,3.2526911934581184,0
39,trip,2630,2657.985491805692,z10,z00,toy-0006555,,,False,33.645653065450304,0.0,31.126958802938013,3.2526911934581184,5.142956348249516,0
67,trip,2630,2653.0,z10,z00,toy-0006552,,,False,33.00138601165381,0.0,30.931386011653807,2.3,4.6,0
41,trip,2630,2653.0,z01,z31,toy-0006559,,,False,37.52222105644637,0.0,35.45222105644637,4.6,2.3,0
2,trip,2630,2653.0,z02,z21,toy-0006569,,,False,36.47345238210091,0.0,34.40345238210091,4.6,2.3,0
36,trip,2630,2662.476521160832,z02,z30,toy-0006568,,,False,45.60802841448401,0.0,42.68514151000915,4.6,5.142956348249516,0
84,trip,2630,2660.6666666666665,z01,z01,toy-0006558,,,False,34.916447247497054,0.0,32.156447247497056,4.6,4.6,0
46,trip,2630,2664.286375654997,z02,z02,toy-0006560,,,False,34.65607586729032,0.0,31.57030205834061,5.142956348249516,5.142956348249516,0
50,trip,2630,2660.6666666666665,z02,z02,toy-0006570,,,False,30.157894494993485,0.0,27.397894494993487,4.6,4.6,0
5,visit,2630,2660.9649497170317,z00,z00,,depot_west,local,False,8.718972693835969,39.38602730616403,47.895,0.7,0,23.631616383698418
73,visit,2630,2645.0,z21,z21,,hub_inner,local,True,31.421503771901538,12.777777777777779,43.98928154967931,0.7,0,7.666666666666668
69,visit,2630,2678.6846079563875,z21,z21,,depot_south,central,False,32.09519293164389,0.0,30.143578215569022,6.505382386916237,0,0
9,trip,2640,2658.309854494165,z20,z12,toy-0006576,,,False,47.309999999999675,0.0,45.66211309552482,0.35,5.142956348249516,0
28,trip,2640,2648.8333333333335,z31,z30,toy-0006580,,,False,30.078109854425968,0.0,29.283109854425966,0.35,2.3,0
26,trip,2640,2652.0089706448603,z22,z11,toy-0006584,,,False,43.48257792588768,0.0,42.40177056785025,0.35,3.2526911934581184,0
49,trip,2640,2648.8333333333335,z31,z32,toy-0006583,,,False,28.7068623546469,0.0,27.9118623546469,0.35,2.3,0
10,trip,2640,2648.8333333333335,z11,z01,toy-0006577,,,False,15.908870880796723,0.0,15.113870880796723,0.35,2.3,0
21,trip,2640,2648.8333333333335,z11,z12,toy-0006578,,,False,34.545729962951725,0.0,33.75072996295172,0.35,2.3,0
8,trip,2640,2658.5089706448603,z12,z31,toy-0006585,,,False,19.08384336303965,0.0,17.418036005002214,2.3,3.2526911934581184,0
15,trip,2640,2652.0089706448603,z20,z31,toy-0006575,,,False,47.10000000000029,0.0,46.01919264196286,0.35,3.2526911934581184,0
11,trip,2640,2671.910795394624,z21,z02,toy-0006582,,,False,39.04549837945056,0.0,36.17352679393437,2.3,7.273238618387272,0
27,trip,2640,2658.309854494165,z32,z20,toy-0006586,,,False,18.501683373437952,0.0,16.853796468963097,0.35,5.142956348249516,0
31,trip,2640,2663.0,z32,z11,toy-0006581,,,False,44.5096898556372,0.0,42.4396898556372,2.3,4.6,0
52,trip,2640,2658.309854494165,z10,z31,toy-0006574,,,False,28.543002455914927,0.0,26.89511555144007,0.35,5.142956348249516,0
35,trip,2640,2671.910795394624,z21,z00,toy-0006579,,,False,43.78630573748798,0.0,40.9143341519718,2.3,7.273238618387272,0
38,trip,2640,2652.0089706448603,z32,z21,toy-0006597,,,False,24.354569112136797,0.0,23.27376175409936,0.35,3.2526911934581184,0
78,trip,2640,2658.309854494165,z30,z22,toy-0006589,,,False,45.53919264196251,0.0,43.891305737487656,0.35,5.142956348249516,0
44,trip,2640,2665.410795394624,z32,z01,toy-0006595,,,False,23.807067929634727,0.0,21.520096344118546,0.35,7.273238618387272,0
29,trip,2640,2656.5,z11,z31,toy-0006591,,,False,47.09999999999999,0.0,45.61499999999999,0.35,4.6,0
70,trip,2640,2658.309854494165,z32,z11,toy-0006596,,,False,33.56846555809098,0.0,31.920578653616122,0.35,5.142956348249516,0
56,trip,2640,2658.5089706448603,z21,z22,toy-0006593,,,False,26.72127977891826,0.0,25.05547242088082,2.3,3.2526911934581184,0
82,trip,2640,2652.0089706448603,z21,z32,toy-0006592,,,False,35.26444211289252,0.0,34.183634754855085,0.35,3.2526911934581184,0
83,trip,2640,2655.3333333333335,z32,z32,toy-0006594,,,False,30.093418833013203,0.0,28.713418833013204,2.3,2.3,0
47,trip,2640,2648.8333333333335,z11,z21,toy-0006590,,,False,34.20155520841772,0.0,33.40655520841772,0.35,2.3,0
48,trip,2640,2655.3333333333335,z20,z31,toy-0006588,,,False,20.848104099955492,0.0,19.468104099955493,2.3,2.3,0
0,trip,2640,2668.809226445224,z00,z32,toy-0006587,,,False,47.89500000000005,0.0,45.3021696199299,0.35,8.292767933567175,0
51,trip,2640,2664.809854494165,z11,z31,toy-0006598,,,False,47.89500000000033,0.0,45.66211309552548,5.142956348249516,2.3,0
34,visit,2640,2660.3333333333335,z20,z20,,depot_south,local,False,20.116171817997344,0.0,18.736171817997345,4.6,0,0
25,visit,2640,2655.0,z31,z31,,hub_core,local,True,26.934152172628387,12.777777777777779,39.501929950406165,0.7,0,7.666666666666668
54,visit,2640,2655.0,z21,z21,,hub_inner,local,True,35.05761147497563,12.777777777777779,47.62538925275341,0.7,0,7.666666666666668
60,visit,2640,2655.0,z11,z11,,hub_center,,True,29.939160806178833,17.77777777777778,47.50693858395661,0.7,0,10.666666666666668
6,trip,2650,2658.8333333333335,z21,z11,toy-0006601,,,False,31.237272478080886,0.0,30.442272478080888,0.35,2.3,0
18,trip,2650,2658.8333333333335,z12,z11,toy-0006607,,,False,24.08970330848788,0.0,23.294703308487883,0.35,2.3,0
12,trip,2650,2658.8333333333335,z32,z22,toy-0006611,,,False,43.94919264196251,0.0,43.15419264196251,0.35,2.3,0
85,trip,2650,2674.1666666666665,z31,z01,toy-0006603,,,False,24.796993517801337,0.0,22.621993517801336,0.35,6.8999999999999995,0
33,trip,2650,2658.8333333333335,z21,z31,toy-0006602,,,False,31.846480796584675,0.0,31.051480796584677,0.35,2.3,0
10,trip,2650,2668.5089706448603,z01,z20,toy-0006600,,,False,15.11387088079675,0.0,13.448063522759314,2.3,3.2526911934581184,0
21,trip,2650,2658.8333333333335,z12,z22,toy-0006609,,,False,33.75072996295175,0.0,32.95572996295175,0.35,2.3,0
58,trip,2650,2673.0,z01,z22,toy-0006606,,,False,31.801804116938253,0.0,29.731804116938253,2.3,4.6,0
62,trip,2650,2665.3333333333335,z01,z12,toy-0006605,,,False,35.316837666025826,0.0,33.93683766602582,2.3,2.3,0
14,trip,2650,2662.0089706448603,z10,z01,toy-0006599,,,False,43.25765820005362,0.0,42.17685084201619,0.35,3.2526911934581184,0
49,trip,2650,2672.851274623054,z32,z10,toy-0006610,,,False,27.911862354646928,0.0,25.855247638572056,0.35,6.505382386916237,0
79,trip,2650,2668.309854494165,z12,z31,toy-0006608,,,False,25.204974041430578,0.0,23.557087136955722,0.35,5.142956348249516,0
28,trip,2650,2665.3333333333335,z30,z21,toy-0006604,,,False,29.283109854425994,0.0,27.903109854425995,2.3,2.3,0
65,trip,2650,2658.8333333333335,z21,z22,toy-0006621,,,False,41.22049837945046,0.0,40.42549837945046,0.35,2.3,0
63,trip,2650,2666.5,z32,z12,toy-0006630,,,False,23.05317695260121,0.0,21.56817695260121,0.35,4.6,0
3,trip,2650,2680.6666666666665,z20,z00,toy-0006616,,,False,42.01549837945057,0.0,39.25549837945057,2.3,6.8999999999999995,0
24,trip,2650,2674.809854494165,z10,z32,toy-0006619,,,False,18.37699351780153,0.0,16.144106613326677,2.3,5.142956348249516,0
66,trip,2650,2674.809854494165,z32,z10,toy-0006622,,,False,27.45368264570983,0.0,25.220795741234973,2.3,5.142956348249516,0
57,trip,2650,2658.8333333333335,z20,z10,toy-0006613,,,False,26.864382042826094,0.0,26.069382042826092,0.35,2.3,0
73,trip,2650,2658.8333333333335,z21,z20,toy-0006620,,,False,43.989281549679085,0.0,43.19428154967908,0.35,2.3,0
19,trip,2650,2662.0089706448603,z22,z31,toy-0006627,,,False,20.119974041431284,0.0,19.039166683393848,0.35,3.2526911934581184,0
7,trip,2650,2658.8333333333335,z00,z10,toy-0006612,,,False,45.73338528392502,0.0,44.938385283925015,0.35,2.3,0
71,trip,2650,2681.910795394624,z01,z31,toy-0006625,,,False,27.60819992791859,0.0,24.73622834240241,2.3,7.273238618387272,0
87,trip,2650,2673.0,z20,z32,toy-0006618,,,False,22.893668303943286,0.0,20.823668303943286,2.3,4.6,0
32,trip,2650,2658.8333333333335,z22,z21,toy-0006626,,,False,28.793208954880377,0.0,27.998208954880376,0.35,2.3,0
55,trip,2650,2679.351274623054,z10,z02,toy-0006614,,,False,26.009382042825557,0.0,23.367767326750688,2.3,6.505382386916237,0
80,trip,2650,2665.3333333333335,z21,z32,toy-0006624,,,False,29.86828491352216,0.0,28.48828491352216,2.3,2.3,0
81,trip,2650,2668.5089706448603,z21,z20,toy-0006617,,,False,39.40085408311598,0.0,37.73504672507855,3.2526911934581184,2.3,0
86,trip,2650,2668.5089706448603,z21,z20,toy-0006623,,,False,29.068574684788388,0.0,27.40276732675095,2.3,3.2526911934581184,0
64,trip,2650,2665.3333333333335,z22,z31,toy-0006629,,,False,40.111386011653764,0.0,38.73138601165376,2.3,2.3,0
59,trip,2650,2674.809854494165,z10,z32,toy-0006615,,,False,25.558076305337817,0.0,23.32518940086296,2.3,5.142956348249516,0
68,trip,2650,2674.809854494165,z10,z12,toy-0006628,,,False,26.56500642474226,0.0,24.332119520267405,5.142956348249516,2.3,0
43,visit,2650,2665.0,z31,z31,,hub_core,local,True,21.616993517801408,12.777777777777779,34.18477129557919,0.7,0,7.666666666666668
72,visit,2650,2698.6846079563875,z11,z11,,depot_west,central,False,22.63459534756711,0.0,20.68298063149224,6.505382386916237,0,0
40,visit,2650,2670.3333333333335,z12,z12,,hub_center,local,False,22.91199235202549,0.0,21.53199235202549,4.6,0,0
61,visit,2650,2665.0,z32,z32,,hub_waterfront,local,True,31.428359325355682,12.777777777777779,43.99613710313346,0.7,0,7.666666666666668
47,visit,2650,2665.0,z21,z21,,hub_inner,local,True,33.40655520841775,12.777777777777779,45.97433298619553,0.7,0,7.666666666666668
53,visit,2650,2665.0,z00,z00,,depot_west,,True,26.09233604547567,17.77777777777778,43.66011382325345,0.7,0,10.666666666666668
15,trip,2660,2672.0089706448603,z31,z22,toy-0006643,,,False,46.01919264196287,0.0,44.938385283925435,0.35,3.2526911934581184,0
16,trip,2660,2684.1666666666665,z01,z31,toy-0006634,,,False,36.83919264196258,0.0,34.664192641962586,0.35,6.8999999999999995,0
25,trip,2660,2684.809854494165,z31,z11,toy-0006633,,,False,39.50192995040593,0.0,37.26904304593108,2.3,5.142956348249516,0
2,trip,2660,2672.0089706448603,z21,z32,toy-0006639,,,False,34.40345238210091,0.0,33.322645024063476,0.35,3.2526911934581184,0
1,trip,2660,2688.809226445224,z02,z30,toy-0006644,,,False,26.743002455915025,0.0,24.15017207584487,0.35,8.292767933567175,0
6,trip,2660,2676.5,z11,z31,toy-0006637,,,False,30.442272478080913,0.0,28.957272478080913,0.35,4.6,0
23,trip,2660,2685.410795394624,z01,z32,toy-0006636,,,False,24.697940054295465,0.0,22.410968468779284,0.35,7.273238618387272,0
12,trip,2660,2678.309854494165,z22,z01,toy-0006648,,,False,43.15419264196254,0.0,41.506305737487686,0.35,5.142956348249516,0
4,trip,2660,2672.0089706448603,z12,z21,toy-0006646,,,False,42.60049837945,0.0,41.51969102141257,0.35,3.2526911934581184,0
29,trip,2660,2668.8333333333335,z31,z21,toy-0006641,,,False,45.61499999999998,0.0,44.81999999999998,0.35,2.3,0
9,trip,2660,2676.5,z12,z10,toy-0006645,,,False,45.66211309552482,0.0,44.177113095524824,0.35,4.6,0
27,trip,2660,2668.8333333333335,z20,z21,toy-0006631,,,False,16.85379646896311,0.0,16.05879646896311,0.35,2.3,0
33,trip,2660,2676.5,z31,z11,toy-0006640,,,False,31.051480796584702,0.0,29.566480796584703,0.35,4.6,0
30,trip,2660,2672.0089706448603,z20,z31,toy-0006632,,,False,27.438608233875822,0.0,26.357800875838386,0.35,3.2526911934581184,0
56,trip,2660,2676.5,z22,z20,toy-0006647,,,False,25.055472420880832,0.0,23.570472420880833,0.35,4.6,0
89,trip,2660,2672.0089706448603,z01,z12,toy-0006635,,,False,28.799940492342955,0.0,27.71913313430552,0.35,3.2526911934581184,0
41,trip,2660,2678.309854494165,z31,z12,toy-0006642,,,False,35.45222105644637,0.0,33.80433415197152,0.35,5.142956348249516,0
32,trip,2660,2668.8333333333335,z21,z31,toy-0006638,,,False,27.998208954880404,0.0,27.203208954880402,0.35,2.3,0
82,trip,2660,2678.309854494165,z32,z11,toy-0006661,,,False,34.18363475485509,0.0,32.53574785038024,0.35,5.142956348249516,0
65,trip,2660,2682.851274623054,z22,z00,toy-0006658,,,False,40.42549837945049,0.0,38.36888366337562,0.35,6.505382386916237,0
78,trip,2660,2668.8333333333335,z22,z32,toy-0006659,,,False,43.891305737487656,0.0,43.096305737487654,0.35,2.3,0
73,trip,2660,2672.0089706448603,z20,z11,toy-0006652,,,False,43.19428154967911,0.0,42.11347419164168,0.35,3.2526911934581184,0
17,trip,2660,2675.3333333333335,z02,z02,toy-0006656,,,False,40.35630457171202,0.0,38.97630457171202,2.3,2.3,0
45,trip,2660,2668.8333333333335,z31,z32,toy-0006655,,,False,11.777955561838327,0.0,10.982955561838327,0.35,2.3,0
18,trip,2660,2672.0089706448603,z11,z22,toy-0006654,,,False,23.294703308487907,0.0,22.21389595045047,0.35,3.2526911934581184,0
83,trip,2660,2668.8333333333335,z32,z31,toy-0006663,,,False,28.71341883301323,0.0,27.918418833013227,0.35,2.3,0
26,trip,2660,2683.0,z11,z32,toy-0006657,,,False,42.40177056785026,0.0,40.331770567850256,2.3,4.6,0
7,trip,2660,2682.851274623054,z10,z32,toy-0006651,,,False,44.938385283925044,0.0,42.881770567850175,0.35,6.505382386916237,0
52,trip,2660,2684.809854494165,z31,z20,toy-0006660,,,False,26.895115551440085,0.0,24.662228646965232,2.3,5.142956348249516,0
20,trip,2660,2668.8333333333335,z10,z20,toy-0006649,,,False,21.726588588507447,0.0,20.931588588507445,0.35,2.3,0
88,trip,2660,2676.5,z20,z22,toy-0006653,,,False,27.235007590518414,0.0,25.750007590518415,0.35,4.6,0
38,trip,2660,2681.6846079563875,z21,z21,toy-0006662,,,False,23.273761754099375,0.0,21.322147038024504,3.2526911934581184,3.2526911934581184,0
57,trip,2660,2678.309854494165,z10,z31,toy-0006650,,,False,26.06938204282612,0.0,24.421495138351265,0.35,5.142956348249516,0
54,trip,2660,2678.5089706448603,z21,z22,toy-0006664,,,False,47.62538925275317,0.0,45.95958189471574,3.2526911934581184,2.3,0
8,visit,2660,2675.0,z31,z31,,hub_core,local,True,17.418036005002225,12.777777777777779,29.985813782780003,0.7,0,7.666666666666668
48,visit,2660,2675.0,z31,z31,,hub_core,local,True,19.468104099955518,12.777777777777779,32.035881877733296,0.7,0,7.666666666666668
21,visit,2660,2721.286375654997,z22,z22,,depot_south,central,False,32.95572996295178,0.0,29.869956154002068,10.285912696499032,0,0
75,visit,2660,2675.0,z00,z00,,depot_west,,True,20.957750378181785,17.77777777777778,38.52552815595956,0.7,0,10.666666666666668
74,visit,2660,2675.0,z11,z11,,hub_center,,True,28.025686614537502,17.77777777777778,45.593464392315276,0.7,0,10.666666666666668
67,visit,2660,2675.0,z00,z00,,depot_west,,True,30.93138601165381,17.17361398834619,47.895,0.7,0,10.304168393007714
39,visit,2660,2675.0,z00,z00,,depot_west,,True,31.12695880293801,16.97804119706199,47.895,0.7,0,10.186824718237194
70,visit,2660,2675.0,z11,z11,,hub_center,,True,31.92057865361613,16.184421346383868,47.894999999999996,0.7,0,9.710652807830321
0,trip,2670,2688.5089706448603,z32,z11,toy-0006676,,,False,45.3021696199299,0.0,43.636362261892465,2.3,3.2526911934581184,0
37,trip,2670,2682.0089706448603,z02,z11,toy-0006674,,,False,43.33716961993004,0.0,42.256362261892605,0.35,3.2526911934581184,0
42,trip,2670,2692.851274623054,z12,z30,toy-0006675,,,False,31.884025173384206,0.0,29.827410457309334,0.35,6.505382386916237,0
14,trip,2670,2682.0089706448603,z01,z10,toy-0006667,,,False,42.176850842016194,0.0,41.09604348397876,0.35,3.2526911934581184,0
27,trip,2670,2682.0089706448603,z21,z10,toy-0006671,,,False,16.058796468963138,0.0,14.977989110925702,0.35,3.2526911934581184,0
29,trip,2670,2682.0089706448603,z21,z12,toy-0006672,,,False,44.82000000000001,0.0,43.739192641962575,0.35,3.2526911934581184,0
76,trip,2670,2682.0089706448603,z10,z21,toy-0006666,,,False,29.32307630533841,0.0,28.242268947300975,0.35,3.2526911934581184,0
44,trip,2670,2688.309854494165,z01,z22,toy-0006668,,,False,21.520096344118564,0.0,19.872209439643708,0.35,5.142956348249516,0
5,trip,2670,2695.410795394624,z00,z31,toy-0006665,,,False,47.89499999999967,0.0,45.608028414483485,0.35,7.273238618387272,0
45,trip,2670,2688.5089706448603,z32,z31,toy-0006677,,,False,10.982955561838354,0.0,9.317148203800919,2.3,3.2526911934581184,0
31,trip,2670,2678.8333333333335,z11,z10,toy-0006669,,,False,42.4396898556372,0.0,41.644689855637196,0.35,2.3,0
60,trip,2670,2678.8333333333335,z11,z21,toy-0006670,,,False,47.50693858395638,0.0,46.711938583956375,0.35,2.3,0
19,trip,2670,2682.0089706448603,z31,z22,toy-0006673,,,False,19.039166683393862,0.0,17.958359325356426,0.35,3.2526911934581184,0
47,trip,2670,2694.809854494165,z21,z32,toy-0006680,,,False,45.97433298619529,0.0,43.74144608172044,2.3,5.142956348249516,0
10,trip,2670,2688.5089706448603,z20,z32,toy-0006684,,,False,13.448063522759327,0.0,11.782256164721892,2.3,3.2526911934581184,0
43,trip,2670,2678.8333333333335,z31,z32,toy-0006687,,,False,34.184771295578955,0.0,33.38977129557895,0.35,2.3,0
20,trip,2670,2685.3333333333335,z20,z22,toy-0006683,,,False,20.931588588507474,0.0,19.551588588507474,2.3,2.3,0
34,trip,2670,2685.3333333333335,z20,z31,toy-0006682,,,False,18.73617181799737,0.0,17.35617181799737,2.3,2.3,0
51,trip,2670,2682.0089706448603,z31,z20,toy-0006685,,,False,45.66211309552549,0.0,44.58130573748806,0.35,3.2526911934581184,0
63,trip,2670,2688.309854494165,z12,z31,toy-0006688,,,False,21.56817695260121,0.0,19.920290048126354,0.35,5.142956348249516,0
64,trip,2670,2693.0,z31,z01,toy-0006681,,,False,38.73138601165379,0.0,36.66138601165379,2.3,4.6,0
79,trip,2670,2678.8333333333335,z31,z21,toy-0006686,,,False,23.557087136955737,0.0,22.762087136955735,0.35,2.3,0
86,trip,2670,2688.309854494165,z20,z01,toy-0006678,,,False,27.40276732675096,0.0,25.754880422276106,0.35,5.142956348249516,0
77,trip,2670,2694.809854494165,z10,z30,toy-0006679,,,False,34.572967178640546,0.0,32.34008027416569,2.3,5.142956348249516,0
32,visit,2670,2685.0,z31,z31,,hub_core,local,True,27.20320895488043,12.777777777777779,39.77098673265821,0.7,0,7.666666666666668
28,visit,2670,2685.0,z21,z21,,hub_inner,local,True,27.90310985442602,12.777777777777779,40.4708876322038,0.7,0,7.666666666666668
80,visit,2670,2727.6666666666665,z32,z32,,depot_south,central,False,28.488284913522186,0.0,25.728284913522188,9.2,0,0
62,visit,2670,2696.6846079563875,z12,z12,,hub_inner,local,False,33.93683766602585,0.0,31.98522294995098,6.505382386916237,0,0
81,visit,2670,2712.3333333333335,z20,z20,,depot_south,central,False,37.73504672507856,0.0,36.35504672507856,4.6,0,0
22,visit,2670,2685.0,z00,z00,,depot_west,,True,32.66096884522921,15.444031154770782,47.894999999999996,0.7,0,9.26641869286247
24,trip,2680,2692.0089706448603,z32,z21,toy-0006707,,,False,16.144106613326684,0.0,15.063299255289248,0.35,3.2526911934581184,0
36,trip,2680,2688.8333333333335,z30,z31,toy-0006693,,,False,42.685141510009146,0.0,41.890141510009144,0.35,2.3,0
43,trip,2680,2688.8333333333335,z32,z31,toy-0006708,,,False,33.38977129557898,0.0,32.59477129557898,0.35,2.3,0
8,trip,2680,2698.309854494165,z31,z10,toy-0006700,,,False,29.98581378277978,0.0,28.337926878304923,0.35,5.142956348249516,0
30,trip,2680,2704.1666666666665,z31,z01,toy-0006702,,,False,26.3578008758384,0.0,24.1828008758384,0.35,6.8999999999999995,0
70,trip,2680,2696.5,z11,z31,toy-0006696,,,False,47.89499999999987,0.0,46.40999999999987,0.35,4.6,0
4,trip,2680,2688.8333333333335,z21,z11,toy-0006698,,,False,41.51969102141258,0.0,40.724691021412575,0.35,2.3,0
56,trip,2680,2692.0089706448603,z20,z31,toy-0006692,,,False,23.570472420880833,0.0,22.489665062843397,0.35,3.2526911934581184,0
12,trip,2680,2696.5,z01,z21,toy-0006695,,,False,41.506305737487686,0.0,40.02130573748769,0.35,4.6,0
84,trip,2680,2688.8333333333335,z01,z11,toy-0006694,,,False,32.15644724749703,0.0,31.361447247497026,0.35,2.3,0
48,trip,2680,2705.410795394624,z31,z00,toy-0006699,,,False,32.03588187773307,0.0,29.748910292216888,0.35,7.273238618387272,0
15,trip,2680,2688.8333333333335,z22,z32,toy-0006706,,,False,44.93838528392544,0.0,44.14338528392544,0.35,2.3,0
18,trip,2680,2688.8333333333335,z22,z21,toy-0006705,,,False,22.213895950450485,0.0,21.418895950450484,0.35,2.3,0
9,trip,2680,2698.309854494165,z10,z22,toy-0006691,,,False,44.17711309552482,0.0,42.529226191049965,0.35,5.142956348249516,0
54,trip,2680,2698.309854494165,z22,z10,toy-0006704,,,False,45.959581894715754,0.0,44.3116949902409,0.35,5.142956348249516,0
31,trip,2680,2696.5,z10,z12,toy-0006690,,,False,41.644689855637225,0.0,40.159689855637225,0.35,4.6,0
83,trip,2680,2688.8333333333335,z31,z30,toy-0006701,,,False,27.918418833013256,0.0,27.123418833013254,0.35,2.3,0
73,trip,2680,2692.0089706448603,z11,z02,toy-0006697,,,False,42.113474191641686,0.0,41.03266683360425,0.35,3.2526911934581184,0
49,trip,2680,2696.5,z10,z30,toy-0006689,,,False,25.85524763857207,0.0,24.37024763857207,0.35,4.6,0
59,trip,2680,2703.0,z32,z11,toy-0006703,,,False,23.32518940086297,0.0,21.25518940086297,2.3,4.6,0
60,trip,2680,2695.3333333333335,z21,z21,toy-0006711,,,False,46.7119385839564,0.0,45.3319385839564,2.3,2.3,0
69,trip,2680,2688.8333333333335,z21,z31,toy-0006715,,,False,30.143578215569022,0.0,29.34857821556902,0.35,2.3,0
13,trip,2680,2702.851274623054,z00,z22,toy-0006710,,,False,47.89500000000016,0.0,45.83838528392529,0.35,6.505382386916237,0
79,trip,2680,2688.8333333333335,z21,z20,toy-0006713,,,False,22.762087136955763,0.0,21.96708713695576,0.35,2.3,0
58,trip,2680,2698.5089706448603,z22,z30,toy-0006714,,,False,29.731804116938253,0.0,28.065996758900816,2.3,3.2526911934581184,0
61,trip,2680,2696.5,z32,z30,toy-0006723,,,False,43.99613710313323,0.0,42.51113710313323,0.35,4.6,0
78,trip,2680,2695.3333333333335,z32,z21,toy-0006716,,,False,43.09630573748768,0.0,41.71630573748768,2.3,2.3,0
87,trip,2680,2708.809226445224,z32,z00,toy-0006721,,,False,20.823668303943286,0.0,18.230837923873132,0.35,8.292767933567175,0
88,trip,2680,2710.6666666666665,z22,z02,toy-0006725,,,False,25.750007590518415,0.0,22.990007590518417,2.3,6.8999999999999995,0
40,trip,2680,2717.017941289721,z12,z10,toy-0006722,,,False,21.531992352025515,0.0,18.200377635950645,4.6,6.505382386916237,0
35,trip,2680,2704.1666666666665,z00,z30,toy-0006709,,,False,40.914334151971815,0.0,38.73933415197182,0.35,6.8999999999999995,0
89,trip,2680,2710.6666666666665,z12,z12,toy-0006726,,,False,27.719133134305533,0.0,24.95913313430553,4.6,4.6,0
74,trip,2680,2706.175637311527,z11,z22,toy-0006718,,,False,45.59346439231505,0.0,43.23765703427761,4.6,3.2526911934581184,0
82,trip,2680,2701.6846079563875,z11,z31,toy-0006720,,,False,32.53574785038024,0.0,30.584133134305368,3.2526911934581184,3.2526911934581184,0
66,trip,2680,2725.928736684345,z10,z01,toy-0006724,,,False,25.220795741234983,0.0,21.08720943964393,6.505382386916237,7.273238618387272,0
85,trip,2680,2720.1431878274984,z01,z12,toy-0006717,,,False,22.621993517801354,0.0,19.009106613326498,6.8999999999999995,5.142956348249516,0
17,trip,2680,2711.910795394624,z02,z32,toy-0006719,,,False,38.97630457171205,0.0,36.10433298619587,7.273238618387272,2.3,0
39,trip,2680,2712.476521160832,z00,z32,toy-0006712,,,False,47.89500000000037,0.0,44.972113095525515,4.6,5.142956348249516,0
46,trip,2680,2710.6666666666665,z02,z22,toy-0006727,,,False,31.57030205834061,0.0,28.81030205834061,6.8999999999999995,2.3,0
68,visit,2680,2700.3333333333335,z12,z12,,hub_center,local,False,24.33211952026742,0.0,22.95211952026742,4.6,0,0
57,visit,2680,2695.0,z31,z31,,hub_core,local,True,24.42149513835128,12.777777777777779,36.98927291612906,0.7,0,7.666666666666668
6,visit,2680,2695.0,z31,z31,,hub_core,local,True,28.957272478080913,12.777777777777779,41.525050255858694,0.7,0,7.666666666666668
33,visit,2680,2728.6846079563875,z11,z11,,depot_west,central,False,29.566480796584703,0.0,27.61486608050983,6.505382386916237,0,0
2,visit,2680,2695.0,z32,z32,,hub_waterfront,local,True,33.32264502406348,12.777777777777779,45.89042280184126,0.7,0,7.666666666666668
41,visit,2680,2700.3333333333335,z12,z12,,hub_center,local,False,33.80433415197152,0.0,32.424334151971514,4.6,0,0
11,visit,2680,2706.6846079563875,z02,z02,,hub_center,local,False,36.17352679393439,0.0,34.22191207785952,6.505382386916237,0,0
75,visit,2680,2695.0,z00,z00,,depot_west,,True,38.52552815595933,9.57947184404067,47.894999999999996,0.7,0,5.747683106424401
3,trip,2690,2706.5,z00,z20,toy-0006728,,,False,39.255498379450586,0.0,37.770498379450586,0.35,4.6,0
7,trip,2690,2698.8333333333335,z32,z31,toy-0006740,,,False,42.88177056785018,0.0,42.08677056785018,0.35,2.3,0
0,trip,2690,2702.0089706448603,z11,z20,toy-0006732,,,False,43.63636226189248,0.0,42.55555490385505,0.35,3.2526911934581184,0
19,trip,2690,2708.309854494165,z22,z30,toy-0006737,,,False,17.95835932535644,0.0,16.310472420881585,0.35,5.142956348249516,0
32,trip,2690,2715.410795394624,z31,z02,toy-0006734,,,False,39.77098673265798,0.0,37.4840151471418,0.35,7.273238618387272,0
29,trip,2690,2698.8333333333335,z12,z22,toy-0006736,,,False,43.73919264196258,0.0,42.94419264196258,0.35,2.3,0
1,trip,2690,2702.0089706448603,z30,z21,toy-0006729,,,False,24.15017207584488,0.0,23.069364717807442,0.35,3.2526911934581184,0
86,trip,2690,2714.1666666666665,z01,z31,toy-0006731,,,False,25.75488042227612,0.0,23.57988042227612,0.35,6.8999999999999995,0
10,trip,2690,2708.309854494165,z32,z20,toy-0006738,,,False,11.782256164721904,0.0,10.134369260247048,0.35,5.142956348249516,0
4,trip,2690,2721.910795394624,z11,z30,toy-0006730,,,False,40.7246910214126,0.0,37.85271943589642,2.3,7.273238618387272,0
25,trip,2690,2698.8333333333335,z11,z12,toy-0006733,,,False,37.26904304593109,0.0,36.47404304593109,0.35,2.3,0
20,trip,2690,2714.809854494165,z22,z20,toy-0006735,,,False,19.5515885885075,0.0,17.318701684032646,2.3,5.142956348249516,0
15,trip,2690,2708.309854494165,z32,z11,toy-0006739,,,False,44.14338528392547,0.0,42.495498379450616,0.35,5.142956348249516,0
51,trip,2690,2706.5,z20,z22,toy-0006745,,,False,44.581305737488066,0.0,43.096305737488066,0.35,4.6,0
22,trip,2690,2708.309854494165,z00,z21,toy-0006741,,,False,47.89499999999976,0.0,46.24711309552491,0.35,5.142956348249516,0
52,trip,2690,2708.309854494165,z20,z12,toy-0006744,,,False,24.66222864696524,0.0,23.014341742490384,0.35,5.142956348249516,0
26,trip,2690,2705.3333333333335,z32,z12,toy-0006756,,,False,40.331770567850256,0.0,38.951770567850254,2.3,2.3,0
34,trip,2690,2706.5,z31,z11,toy-0006751,,,False,17.356171817997396,0.0,15.871171817997396,0.35,4.6,0
28,trip,2690,2702.0089706448603,z21,z32,toy-0006749,,,False,40.470887632203564,0.0,39.39008027416613,0.35,3.2526911934581184,0
36,trip,2690,2708.5089706448603,z31,z21,toy-0006757,,,False,41.89014151000917,0.0,40.22433415197174,2.3,3.2526911934581184,0
37,trip,2690,2705.3333333333335,z11,z00,toy-0006746,,,False,42.25636226189261,0.0,40.87636226189261,2.3,2.3,0
38,trip,2690,2708.309854494165,z21,z00,toy-0006748,,,False,21.3221470380245,0.0,19.674260133549645,0.35,5.142956348249516,0
76,trip,2690,2708.5089706448603,z21,z31,toy-0006755,,,False,28.24226894730099,0.0,26.576461589263552,2.3,3.2526911934581184,0
50,trip,2690,2714.1666666666665,z02,z32,toy-0006753,,,False,27.39789449499346,0.0,25.222894494993458,0.35,6.8999999999999995,0
14,trip,2690,2708.309854494165,z10,z31,toy-0006743,,,False,41.09604348397877,0.0,39.448156579503916,0.35,5.142956348249516,0
84,trip,2690,2702.0089706448603,z11,z22,toy-0006747,,,False,31.36144724749705,0.0,30.280639889459614,0.35,3.2526911934581184,0
43,trip,2690,2698.8333333333335,z31,z32,toy-0006752,,,False,32.59477129557901,0.0,31.799771295579006,0.35,2.3,0
27,trip,2690,2698.8333333333335,z10,z11,toy-0006742,,,False,14.977989110925714,0.0,14.182989110925714,0.35,2.3,0
45,trip,2690,2702.0089706448603,z31,z20,toy-0006750,,,False,9.317148203800931,0.0,8.236340845763495,0.35,3.2526911934581184,0
69,trip,2690,2716.175637311527,z31,z20,toy-0006754,,,False,29.34857821556905,0.0,26.992770857531614,3.2526911934581184,4.6,0
44,visit,2690,2710.3333333333335,z22,z22,,hub_inner,local,False,19.872209439643722,0.0,18.492209439643723,4.6,0,0
63,visit,2690,2705.0,z31,z31,,hub_core,local,True,19.92029004812637,12.777777777777779,32.488067825904146,0.7,0,7.666666666666668
18,visit,2690,2705.0,z21,z21,,hub_inner,local,True,21.418895950450512,12.777777777777779,33.98667372822829,0.7,0,7.666666666666668
23,visit,2690,2705.0,z32,z32,,hub_waterfront,local,True,22.410968468779302,12.777777777777779,34.97874624655708,0.7,0,7.666666666666668
83,visit,2690,2705.0,z30,z30,,depot_south,,True,27.123418833013282,17.77777777777778,44.69119661079106,0.7,0,10.666666666666668
65,visit,2690,2705.0,z00,z00,,depot_west,,True,38.36888366337563,9.73611633662437,47.894999999999996,0.7,0,5.841669801974621
25,trip,2700,2718.309854494165,z12,z31,toy-0006772,,,False,36.47404304593112,0.0,34.826156141456266,0.35,5.142956348249516,0
9,trip,2700,2708.8333333333335,z22,z21,toy-0006774,,,False,42.529226191049965,0.0,41.73422619104996,0.35,2.3,0
2,trip,2700,2708.8333333333335,z32,z31,toy-0006776,,,False,45.89042280184103,0.0,45.095422801841025,0.35,2.3,0
12,trip,2700,2708.8333333333335,z21,z22,toy-0006768,,,False,40.02130573748768,0.0,39.22630573748768,0.35,2.3,0
8,trip,2700,2722.851274623054,z10,z32,toy-0006759,,,False,28.337926878304938,0.0,26.281312162230066,0.35,6.505382386916237,0
24,trip,2700,2708.8333333333335,z21,z31,toy-0006767,,,False,15.06329925528926,0.0,14.26829925528926,0.35,2.3,0
79,trip,2700,2712.0089706448603,z20,z31,toy-0006761,,,False,21.96708713695579,0.0,20.886279778918354,0.35,3.2526911934581184,0
27,trip,2700,2718.309854494165,z11,z32,toy-0006766,,,False,14.18298911092574,0.0,12.535102206450887,0.35,5.142956348249516,0
64,trip,2700,2708.8333333333335,z01,z02,toy-0006763,,,False,36.66138601165379,0.0,35.86638601165379,0.35,2.3,0
53,trip,2700,2728.809226445224,z00,z32,toy-0006758,,,False,43.66011382325322,0.0,41.067283443183065,0.35,8.292767933567175,0
72,trip,2700,2708.8333333333335,z11,z21,toy-0006764,,,False,20.68298063149224,0.0,19.88798063149224,0.35,2.3,0
31,trip,2700,2712.0089706448603,z12,z21,toy-0006771,,,False,40.15968985563722,0.0,39.078882497599785,0.35,3.2526911934581184,0
62,trip,2700,2716.5,z12,z32,toy-0006773,,,False,31.985222949950977,0.0,30.500222949950977,0.35,4.6,0
5,trip,2700,2708.8333333333335,z31,z21,toy-0006769,,,False,45.6080284144835,0.0,44.8130284144835,0.35,2.3,0
6,trip,2700,2712.0089706448603,z31,z22,toy-0006770,,,False,41.52505025585846,0.0,40.44424289782103,0.35,3.2526911934581184,0
42,trip,2700,2715.3333333333335,z30,z30,toy-0006760,,,False,29.827410457309348,0.0,28.44741045730935,2.3,2.3,0
55,trip,2700,2724.809854494165,z02,z20,toy-0006762,,,False,23.3677673267507,0.0,21.13488042227584,2.3,5.142956348249516,0
29,trip,2700,2708.8333333333335,z22,z32,toy-0006775,,,False,42.94419264196261,0.0,42.14919264196261,0.35,2.3,0
54,trip,2700,2723.0,z10,z31,toy-0006765,,,False,44.3116949902409,0.0,42.2416949902409,2.3,4.6,0
73,trip,2700,2718.309854494165,z02,z21,toy-0006783,,,False,41.03266683360426,0.0,39.38477992912941,0.35,5.142956348249516,0
43,trip,2700,2718.5089706448603,z32,z11,toy-0006786,,,False,31.79977129557903,0.0,30.133963937541594,2.3,3.2526911934581184,0
67,trip,2700,2718.309854494165,z00,z12,toy-0006778,,,False,47.895000000000145,0.0,46.24711309552529,0.35,5.142956348249516,0
47,trip,2700,2708.8333333333335,z32,z22,toy-0006787,,,False,43.741446081720454,0.0,42.94644608172045,0.35,2.3,0
75,trip,2700,2731.910795394624,z00,z32,toy-0006780,,,False,47.89500000000031,0.0,45.02302841448413,2.3,7.273238618387272,0
49,trip,2700,2716.5,z30,z32,toy-0006779,,,False,24.37024763857207,0.0,22.88524763857207,0.35,4.6,0
60,trip,2700,2712.0089706448603,z21,z12,toy-0006782,,,False,45.33193858395643,0.0,44.251131225918996,0.35,3.2526911934581184,0
78,trip,2700,2715.3333333333335,z21,z01,toy-0006781,,,False,41.71630573748771,0.0,40.336305737487706,2.3,2.3,0
7,trip,2700,2724.809854494165,z31,z11,toy-0006785,,,False,42.08677056785021,0.0,39.853883663375356,5.142956348249516,2.3,0
58,trip,2700,2738.3333333333335,z30,z02,toy-0006777,,,False,28.065996758900827,0.0,24.615996758900828,6.8999999999999995,4.6,0
56,trip,2700,2748.488257455915,z31,z31,toy-0006784,,,False,22.48966506284341,0.0,18.125721891811047,7.273238618387272,7.273238618387272,0
77,visit,2700,2715.0,z30,z30,,depot_south,local,True,32.34008027416571,12.777777777777779,44.907858051943485,0.7,0,7.666666666666668
16,visit,2700,2715.0,z31,z31,,hub_core,local,True,34.66419264196259,12.777777777777779,47.23197041974037,0.7,0,7.666666666666668
71,visit,2700,2715.0,z31,z31,,hub_core,,True,24.736228342402423,17.77777777777778,42.3040061201802,0.7,0,10.666666666666668
0,trip,2710,2728.309854494165,z20,z32,toy-0006789,,,False,42.555554903855054,0.0,40.9076679993802,0.35,5.142956348249516,0
2,trip,2710,2728.309854494165,z31,z12,toy-0006794,,,False,45.09542280184105,0.0,43.4475358973662,0.35,5.142956348249516,0
14,trip,2710,2718.8333333333335,z31,z32,toy-0006795,,,False,39.448156579503916,0.0,38.653156579503914,0.35,2.3,0
24,trip,2710,2728.309854494165,z31,z10,toy-0006793,,,False,14.268299255289287,0.0,12.620412350814433,0.35,5.142956348249516,0
1,trip,2710,2722.0089706448603,z21,z32,toy-0006792,,,False,23.069364717807456,0.0,21.98855735977002,0.35,3.2526911934581184,0
3,trip,2710,2722.0089706448603,z20,z11,toy-0006788,,,False,37.77049837945058,0.0,36.68969102141315,0.35,3.2526911934581184,0
5,trip,2710,2718.8333333333335,z21,z11,toy-0006791,,,False,44.813028414483526,0.0,44.018028414483524,0.35,2.3,0
19,trip,2710,2728.309854494165,z30,z22,toy-0006790,,,False,16.3104724208816,0.0,14.662585516406743,0.35,5.142956348249516,0
57,trip,2710,2718.8333333333335,z31,z30,toy-0006805,,,False,36.989272916128826,0.0,36.194272916128824,0.35,2.3,0
9,trip,2710,2718.8333333333335,z21,z20,toy-0006801,,,False,41.73422619104999,0.0,40.93922619104999,0.35,2.3,0
23,trip,2710,2718.8333333333335,z32,z31,toy-0006816,,,False,34.97874624655685,0.0,34.18374624655685,0.35,2.3,0
37,trip,2710,2722.0089706448603,z00,z11,toy-0006796,,,False,40.87636226189264,0.0,39.795554903855205,0.35,3.2526911934581184,0
38,trip,2710,2735.410795394624,z00,z31,toy-0006797,,,False,19.67426013354966,0.0,17.387288548033478,0.35,7.273238618387272,0
12,trip,2710,2728.309854494165,z22,z01,toy-0006812,,,False,39.226305737487706,0.0,37.578418833012854,0.35,5.142956348249516,0
10,trip,2710,2728.5089706448603,z20,z21,toy-0006798,,,False,10.134369260247059,0.0,8.468561902209624,2.3,3.2526911934581184,0
63,trip,2710,2726.5,z31,z11,toy-0006807,,,False,32.48806782590392,0.0,31.00306782590392,0.35,4.6,0
70,trip,2710,2722.0089706448603,z31,z22,toy-0006809,,,False,46.40999999999986,0.0,45.32919264196243,0.35,3.2526911934581184,0
76,trip,2710,2718.8333333333335,z31,z21,toy-0006808,,,False,26.576461589263563,0.0,25.781461589263564,0.35,2.3,0
28,trip,2710,2722.0089706448603,z32,z21,toy-0006815,,,False,39.39008027416614,0.0,38.309272916128705,0.35,3.2526911934581184,0
11,trip,2710,2728.309854494165,z02,z10,toy-0006810,,,False,34.22191207785952,0.0,32.57402517338467,0.35,5.142956348249516,0
18,trip,2710,2740.6666666666665,z21,z01,toy-0006806,,,False,33.98667372822806,0.0,31.226673728228064,2.3,6.8999999999999995,0
22,trip,2710,2718.8333333333335,z21,z31,toy-0006802,,,False,46.24711309552491,0.0,45.45211309552491,0.35,2.3,0
29,trip,2710,2728.309854494165,z32,z11,toy-0006814,,,False,42.149192641962635,0.0,40.50130573748778,0.35,5.142956348249516,0
35,trip,2710,2735.410795394624,z30,z01,toy-0006799,,,False,38.739334151971825,0.0,36.45236256645564,0.35,7.273238618387272,0
36,trip,2710,2728.5089706448603,z21,z20,toy-0006804,,,False,40.22433415197175,0.0,38.55852679393432,2.3,3.2526911934581184,0
72,trip,2710,2722.0089706448603,z21,z10,toy-0006800,,,False,19.887980631492265,0.0,18.80717327345483,0.35,3.2526911934581184,0
26,trip,2710,2722.0089706448603,z12,z01,toy-0006811,,,False,38.95177056785028,0.0,37.87096320981285,0.35,3.2526911934581184,0
13,trip,2710,2734.809854494165,z22,z02,toy-0006803,,,False,45.8383852839253,0.0,43.605498379450445,2.3,5.142956348249516,0
47,trip,2710,2722.0089706448603,z22,z31,toy-0006813,,,False,42.94644608172048,0.0,41.86563872368305,0.35,3.2526911934581184,0
45,visit,2710,2754.6055288258754,z20,z20,,depot_south,local,False,8.236340845763507,40.45365915423649,47.309999999999995,4.6,0,24.272195492541897
82,visit,2710,2752.3333333333335,z31,z31,,depot_south,central,False,30.584133134305365,0.0,29.204133134305366,4.6,0,0
64,visit,2710,2736.6846079563875,z02,z02,,hub_center,local,False,35.866386011653816,0.0,33.914771295578944,6.505382386916237,0,0
34,visit,2710,2725.0,z11,z11,,hub_center,,True,15.871171817997398,17.77777777777778,33.43894959577518,0.7,0,10.666666666666668
87,visit,2710,2725.0,z00,z00,,depot_west,,True,18.23083792387314,17.77777777777778,35.79861570165092,0.7,0,10.666666666666668
59,visit,2710,2725.0,z11,z11,,hub_center,,True,21.25518940086297,17.77777777777778,38.822967178640745,0.7,0,10.666666666666668
48,visit,2710,2725.0,z00,z00,,depot_west,,True,29.748910292216905,17.77777777777778,47.31668806999468,0.7,0,10.666666666666668
9,trip,2720,2728.8333333333335,z20,z21,toy-0006817,,,False,40.93922619105002,0.0,40.144226191050016,0.35,2.3,0
14,trip,2720,2738.309854494165,z32,z20,toy-0006823,,,False,38.65315657950394,0.0,37.00526967502909,0.35,5.142956348249516,0
6,trip,2720,2728.8333333333335,z22,z32,toy-0006822,,,False,40.444242897821034,0.0,39.64924289782103,0.35,2.3,0
44,trip,2720,2736.5,z22,z02,toy-0006821,,,False,18.492209439643748,0.0,17.00720943964375,0.35,4.6,0
16,trip,2720,2728.8333333333335,z31,z32,toy-0006820,,,False,47.231970419740136,0.0,46.436970419740135,0.35,2.3,0
5,trip,2720,2736.5,z11,z31,toy-0006819,,,False,44.01802841448355,0.0,42.53302841448355,0.35,4.6,0
42,trip,2720,2728.8333333333335,z30,z31,toy-0006818,,,False,28.447410457309374,0.0,27.652410457309372,0.35,2.3,0
15,trip,2720,2738.309854494165,z11,z32,toy-0006831,,,False,42.495498379450616,0.0,40.847611474975764,0.35,5.142956348249516,0
40,trip,2720,2728.8333333333335,z10,z00,toy-0006824,,,False,18.20037763595063,0.0,17.40537763595063,0.35,2.3,0
31,trip,2720,2728.8333333333335,z21,z22,toy-0006832,,,False,39.07888249759979,0.0,38.28388249759979,0.35,2.3,0
30,trip,2720,2738.309854494165,z01,z22,toy-0006829,,,False,24.182800875838417,0.0,22.53491397136356,0.35,5.142956348249516,0
17,trip,2720,2728.8333333333335,z32,z22,toy-0006838,,,False,36.10433298619588,0.0,35.30933298619588,0.35,2.3,0
49,trip,2720,2728.8333333333335,z32,z31,toy-0006836,,,False,22.88524763857207,0.0,22.090247638572073,0.35,2.3,0
43,trip,2720,2732.0089706448603,z11,z00,toy-0006830,,,False,30.133963937541605,0.0,29.05315657950417,0.35,3.2526911934581184,0
78,trip,2720,2744.1666666666665,z01,z31,toy-0006828,,,False,40.336305737487734,0.0,38.16130573748774,0.35,6.8999999999999995,0
50,trip,2720,2742.851274623054,z32,z10,toy-0006835,,,False,25.222894494993476,0.0,23.166279778918604,0.35,6.505382386916237,0
65,trip,2720,2744.809854494165,z00,z31,toy-0006825,,,False,47.894999999999996,0.0,45.66211309552514,2.3,5.142956348249516,0
69,trip,2720,2728.8333333333335,z20,z10,toy-0006826,,,False,26.992770857531596,0.0,26.197770857531594,0.35,2.3,0
51,trip,2720,2728.8333333333335,z22,z21,toy-0006834,,,False,43.09630573748806,0.0,42.30130573748806,0.35,2.3,0
62,trip,2720,2736.5,z32,z12,toy-0006837,,,False,30.500222949950977,0.0,29.015222949950978,0.35,4.6,0
22,trip,2720,2745.410795394624,z31,z00,toy-0006833,,,False,45.452113095524936,0.0,43.16514151000875,0.35,7.273238618387272,0
81,trip,2720,2732.0089706448603,z20,z31,toy-0006827,,,False,36.355046725078594,0.0,35.27423936704116,0.35,3.2526911934581184,0
27,visit,2720,2748.675272009463,z32,z32,,hub_waterfront,local,False,12.535102206450896,35.5698977935491,47.894999999999996,0.7,0,21.341938676129462
20,visit,2720,2740.3333333333335,z20,z20,,depot_south,local,False,17.318701684032654,0.0,15.938701684032655,4.6,0,0
46,visit,2720,2740.3333333333335,z22,z22,,hub_inner,local,False,28.810302058340625,0.0,27.430302058340626,4.6,0,0
39,visit,2720,2735.0,z32,z32,,hub_waterfront,local,True,44.97211309552551,3.132886904474489,47.894999999999996,0.7,0,1.8797321426846936
79,visit,2720,2735.0,z31,z31,,hub_core,,True,20.886279778918368,17.77777777777778,38.45405755669615,0.7,0,10.666666666666668
86,visit,2720,2735.0,z31,z31,,hub_core,,True,23.579880422276137,17.77777777777778,41.14765820005392,0.7,0,10.666666666666668
76,visit,2720,2735.0,z21,z21,,hub_inner,,True,25.78146158926359,17.77777777777778,43.34923936704137,0.7,0,10.666666666666668
23,visit,2720,2735.0,z31,z31,,hub_core,,True,34.18374624655688,13.92125375344312,47.894999999999996,0.7,0,8.352752252065871
57,visit,2720,2735.0,z30,z30,,depot_south,,True,36.19427291612885,11.910727083871144,47.894999999999996,0.7,0,7.146436250322687
2,trip,2730,2748.309854494165,z12,z31,toy-0006847,,,False,43.4475358973662,0.0,41.79964899289135,0.35,5.142956348249516,0
17,trip,2730,2746.5,z22,z20,toy-0006849,,,False,35.309332986195905,0.0,33.824332986195905,0.35,4.6,0
26,trip,2730,2746.5,z01,z21,toy-0006839,,,False,37.87096320981286,0.0,36.38596320981286,0.35,4.6,0
0,trip,2730,2755.410795394624,z32,z01,toy-0006851,,,False,40.9076679993802,0.0,38.62069641386402,0.35,7.273238618387272,0
9,trip,2730,2738.8333333333335,z21,z31,toy-0006843,,,False,40.144226191050045,0.0,39.34922619105004,0.35,2.3,0
28,trip,2730,2746.5,z21,z01,toy-0006842,,,False,38.30927291612871,0.0,36.82427291612871,0.35,4.6,0
25,trip,2730,2742.0089706448603,z31,z22,toy-0006846,,,False,34.826156141456266,0.0,33.745348783418834,0.35,3.2526911934581184,0
42,trip,2730,2738.8333333333335,z31,z21,toy-0006845,,,False,27.6524104573094,0.0,26.8574104573094,0.35,2.3,0
3,trip,2730,2742.0089706448603,z11,z22,toy-0006841,,,False,36.689691021413154,0.0,35.60888366337572,0.35,3.2526911934581184,0
19,trip,2730,2748.309854494165,z22,z10,toy-0006848,,,False,14.662585516406754,0.0,13.014698611931898,0.35,5.142956348249516,0
7,trip,2730,2738.8333333333335,z11,z21,toy-0006840,,,False,39.85388366337537,0.0,39.05888366337537,0.35,2.3,0
51,trip,2730,2742.0089706448603,z21,z32,toy-0006844,,,False,42.301305737488086,0.0,41.22049837945065,0.35,3.2526911934581184,0
21,trip,2730,2742.0089706448603,z22,z31,toy-0006850,,,False,29.869956154002068,0.0,28.789148795964632,0.35,3.2526911934581184,0
47,trip,2730,2738.8333333333335,z31,z32,toy-0006859,,,False,41.865638723683055,0.0,41.070638723683054,0.35,2.3,0
49,trip,2730,2746.5,z31,z11,toy-0006858,,,False,22.090247638572098,0.0,20.6052476385721,0.35,4.6,0
11,trip,2730,2748.309854494165,z10,z22,toy-0006853,,,False,32.57402517338467,0.0,30.926138268909813,0.35,5.142956348249516,0
1,trip,2730,2746.5,z32,z30,toy-0006862,,,False,21.988557359770034,0.0,20.503557359770035,0.35,4.6,0
24,trip,2730,2738.8333333333335,z10,z20,toy-0006852,,,False,12.620412350814442,0.0,11.825412350814442,0.35,2.3,0
32,trip,2730,2752.851274623054,z02,z20,toy-0006860,,,False,37.48401514714181,0.0,35.42740043106694,0.35,6.505382386916237,0
4,trip,2730,2746.5,z30,z10,toy-0006856,,,False,37.85271943589644,0.0,36.36771943589644,0.35,4.6,0
29,trip,2730,2738.8333333333335,z11,z10,toy-0006857,,,False,40.50130573748778,0.0,39.70630573748778,0.35,2.3,0
41,trip,2730,2746.5,z12,z32,toy-0006861,,,False,32.42433415197155,0.0,30.93933415197155,0.35,4.6,0
6,trip,2730,2742.0089706448603,z32,z21,toy-0006863,,,False,39.64924289782106,0.0,38.56843553978363,0.35,3.2526911934581184,0
36,trip,2730,2746.5,z20,z00,toy-0006854,,,False,38.558526793934334,0.0,37.073526793934334,0.35,4.6,0
55,trip,2730,2746.5,z20,z22,toy-0006855,,,False,21.134880422275852,0.0,19.649880422275853,0.35,4.6,0
10,visit,2730,2761.1151961920077,z21,z21,,hub_inner,local,False,8.468561902209636,39.63643809779036,47.894999999999996,0.7,0,23.781862858674216
12,visit,2730,2750.3333333333335,z01,z01,,depot_west,local,False,37.578418833012854,0.0,36.19841883301285,4.6,0,0
40,visit,2730,2745.0,z00,z00,,depot_west,,True,17.405377635950657,17.77777777777778,34.973155413728435,0.7,0,10.666666666666668
80,visit,2730,2745.0,z32,z32,,hub_waterfront,,True,25.72828491352216,17.77777777777778,43.29606269129994,0.7,0,10.666666666666668
33,visit,2730,2745.0,z11,z11,,hub_center,,True,27.61486608050983,17.77777777777778,45.18264385828761,0.7,0,10.666666666666668
63,visit,2730,2745.0,z11,z11,,hub_center,,True,31.003067825903916,17.101932174096085,47.895,0.7,0,10.261159304457651
87,visit,2730,2745.0,z00,z00,,depot_west,,True,35.79861570165069,12.306384298349307,47.894999999999996,0.7,0,7.383830579009584
34,trip,2740,2756.5,z11,z31,toy-0006867,,,False,33.43894959577494,0.0,31.953949595774944,0.35,4.6,0
5,trip,2740,2758.309854494165,z31,z12,toy-0006871,,,False,42.533028414483546,0.0,40.885141510008694,0.35,5.142956348249516,0
9,trip,2740,2752.0089706448603,z31,z20,toy-0006870,,,False,39.34922619105007,0.0,38.26841883301264,0.35,3.2526911934581184,0
7,trip,2740,2748.8333333333335,z21,z31,toy-0006869,,,False,39.0588836633754,0.0,38.263883663375395,0.35,2.3,0
37,trip,2740,2752.0089706448603,z11,z20,toy-0006866,,,False,39.79555490385521,0.0,38.71474754581778,0.35,3.2526911934581184,0
57,trip,2740,2758.309854494165,z30,z11,toy-0006865,,,False,47.8949999999997,0.0,46.247113095524846,0.35,5.142956348249516,0
30,trip,2740,2752.0089706448603,z22,z11,toy-0006878,,,False,22.534913971363576,0.0,21.45410661332614,0.35,3.2526911934581184,0
44,trip,2740,2756.5,z02,z00,toy-0006872,,,False,17.00720943964375,0.0,15.522209439643749,0.35,4.6,0
42,trip,2740,2748.8333333333335,z21,z11,toy-0006868,,,False,26.857410457309427,0.0,26.062410457309426,0.35,2.3,0
52,trip,2740,2748.8333333333335,z12,z22,toy-0006876,,,False,23.014341742490398,0.0,22.2193417424904,0.35,2.3,0
31,trip,2740,2748.8333333333335,z22,z32,toy-0006879,,,False,38.28388249759982,0.0,37.48888249759982,0.35,2.3,0
24,trip,2740,2758.309854494165,z20,z32,toy-0006864,,,False,11.825412350814469,0.0,10.177525446339615,0.35,5.142956348249516,0
70,trip,2740,2762.851274623054,z22,z00,toy-0006877,,,False,45.329192641962436,0.0,43.27257792588757,0.35,6.505382386916237,0
60,trip,2740,2752.0089706448603,z12,z21,toy-0006875,,,False,44.251131225919,0.0,43.17032386788157,0.35,3.2526911934581184,0
58,trip,2740,2756.5,z02,z22,toy-0006873,,,False,24.615996758900817,0.0,23.130996758900817,0.35,4.6,0
62,trip,2740,2758.309854494165,z12,z00,toy-0006874,,,False,29.015222949950978,0.0,27.367336045476122,0.35,5.142956348249516,0
8,trip,2740,2748.8333333333335,z32,z31,toy-0006880,,,False,26.28131216223008,0.0,25.486312162230078,0.35,2.3,0
74,trip,2740,2752.0089706448603,z22,z31,toy-0006890,,,False,43.2376570342776,0.0,42.15684967624017,0.35,3.2526911934581184,0
61,trip,2740,2748.8333333333335,z30,z20,toy-0006883,,,False,42.51113710313322,0.0,41.71613710313322,0.35,2.3,0
23,trip,2740,2758.309854494165,z31,z10,toy-0006887,,,False,47.894999999999875,0.0,46.24711309552502,0.35,5.142956348249516,0
69,trip,2740,2762.851274623054,z10,z32,toy-0006881,,,False,26.197770857531623,0.0,24.14115614145675,0.35,6.505382386916237,0
77,trip,2740,2762.851274623054,z30,z12,toy-0006884,,,False,44.90785805194325,0.0,42.85124333586838,0.35,6.505382386916237,0
73,trip,2740,2748.8333333333335,z21,z22,toy-0006886,,,False,39.38477992912941,0.0,38.589779929129406,0.35,2.3,0
84,trip,2740,2748.8333333333335,z22,z12,toy-0006891,,,False,30.28063988945963,0.0,29.485639889459627,0.35,2.3,0
15,trip,2740,2748.8333333333335,z32,z22,toy-0006895,,,False,40.847611474975764,0.0,40.05261147497576,0.35,2.3,0
72,trip,2740,2758.5089706448603,z10,z31,toy-0006882,,,False,18.807173273454843,0.0,17.141365915417406,2.3,3.2526911934581184,0
16,trip,2740,2768.809226445224,z32,z00,toy-0006892,,,False,46.43697041974016,0.0,43.84414003967001,0.35,8.292767933567175,0
38,trip,2740,2765.410795394624,z31,z02,toy-0006889,,,False,17.387288548033496,0.0,15.100316962517315,0.35,7.273238618387272,0
76,trip,2740,2752.0089706448603,z21,z30,toy-0006885,,,False,43.349239367041136,0.0,42.2684320090037,0.35,3.2526911934581184,0
54,trip,2740,2748.8333333333335,z31,z21,toy-0006888,,,False,42.2416949902409,0.0,41.4466949902409,0.35,2.3,0
39,trip,2740,2758.309854494165,z32,z20,toy-0006893,,,False,47.89499999999984,0.0,46.24711309552499,0.35,5.142956348249516,0
47,trip,2740,2758.309854494165,z32,z11,toy-0006894,,,False,41.07063872368308,0.0,39.42275181920823,0.35,5.142956348249516,0
14,visit,2740,2760.3333333333335,z20,z20,,depot_south,local,False,37.00526967502909,0.0,35.62526967502909,4.6,0,0
29,visit,2740,2760.3333333333335,z10,z10,,depot_west,local,False,39.70630573748781,0.0,38.32630573748781,4.6,0,0
13,visit,2740,2766.6846079563875,z02,z02,,hub_center,local,False,43.60549837945046,0.0,41.65388366337559,6.505382386916237,0,0
43,visit,2740,2755.0,z00,z00,,depot_west,,True,29.053156579504183,17.77777777777778,46.62093435728196,0.7,0,10.666666666666668
81,visit,2740,2755.0,z31,z31,,hub_core,,True,35.27423936704117,12.830760632958828,47.894999999999996,0.7,0,7.698456379775297
79,visit,2740,2755.0,z31,z31,,hub_core,,True,38.454057556695915,9.650942443304082,47.894999999999996,0.7,0,5.79056546598245
2,trip,2750,2762.0089706448603,z31,z22,toy-0006902,,,False,41.79964899289135,0.0,40.718841634853916,0.35,3.2526911934581184,0
18,trip,2750,2775.410795394624,z01,z32,toy-0006897,,,False,31.22667372822808,0.0,28.939702142711898,0.35,7.273238618387272,0
8,trip,2750,2758.8333333333335,z31,z32,toy-0006903,,,False,25.486312162230107,0.0,24.691312162230105,0.35,2.3,0
6,trip,2750,2762.0089706448603,z21,z12,toy-0006899,,,False,38.568435539783636,0.0,37.4876281817462,0.35,3.2526911934581184,0
54,trip,2750,2758.8333333333335,z21,z20,toy-0006898,,,False,41.44669499024093,0.0,40.65169499024093,0.35,2.3,0
83,trip,2750,2762.0089706448603,z30,z21,toy-0006896,,,False,44.69119661079083,0.0,43.6103892527534,0.35,3.2526911934581184,0
11,trip,2750,2768.5089706448603,z22,z32,toy-0006900,,,False,30.926138268909824,0.0,29.260330910872387,2.3,3.2526911934581184,0
15,trip,2750,2758.8333333333335,z22,z21,toy-0006904,,,False,40.05261147497579,0.0,39.25761147497579,0.35,2.3,0
27,trip,2750,2758.8333333333335,z32,z31,toy-0006905,,,False,47.89499999999976,0.0,47.09999999999976,0.35,2.3,0
21,trip,2750,2774.1666666666665,z31,z01,toy-0006901,,,False,28.789148795964646,0.0,26.614148795964645,0.35,6.8999999999999995,0
41,trip,2750,2762.0089706448603,z32,z21,toy-0006914,,,False,30.939334151971547,0.0,29.85852679393411,0.35,3.2526911934581184,0
67,trip,2750,2768.309854494165,z12,z31,toy-0006913,,,False,46.24711309552529,0.0,44.59922619105044,0.35,5.142956348249516,0
33,trip,2750,2768.309854494165,z11,z32,toy-0006910,,,False,45.18264385828738,0.0,43.534756953812526,0.35,5.142956348249516,0
17,trip,2750,2758.8333333333335,z20,z21,toy-0006908,,,False,33.8243329861959,0.0,33.0293329861959,0.35,2.3,0
20,trip,2750,2768.309854494165,z20,z01,toy-0006906,,,False,15.93870168403268,0.0,14.290814779557824,0.35,5.142956348249516,0
25,trip,2750,2765.3333333333335,z22,z31,toy-0006911,,,False,33.74534878341884,0.0,32.36534878341884,2.3,2.3,0
61,trip,2750,2762.0089706448603,z20,z11,toy-0006907,,,False,41.71613710313325,0.0,40.63532974509582,0.35,3.2526911934581184,0
68,trip,2750,2766.5,z12,z10,toy-0006912,,,False,22.952119520267445,0.0,21.467119520267445,0.35,4.6,0
59,trip,2750,2758.8333333333335,z11,z12,toy-0006909,,,False,38.82296717864052,0.0,38.027967178640516,0.35,2.3,0
1,visit,2750,2765.0,z30,z30,,depot_south,local,True,20.503557359770035,12.777777777777779,33.07133513754781,0.7,0,7.666666666666668
49,visit,2750,2765.0,z11,z11,,hub_center,local,True,20.6052476385721,12.777777777777779,33.17302541634988,0.7,0,7.666666666666668
42,visit,2750,2798.6846079563875,z11,z11,,depot_west,central,False,26.062410457309454,0.0,24.110795741234583,6.505382386916237,0,0
3,visit,2750,2770.3333333333335,z22,z22,,hub_inner,local,False,35.60888366337573,0.0,34.228883663375726,4.6,0,0
4,visit,2750,2770.3333333333335,z10,z10,,depot_west,local,False,36.36771943589643,0.0,34.98771943589643,4.6,0,0
26,visit,2750,2765.0,z21,z21,,hub_inner,local,True,36.38596320981285,11.719036790187147,47.894999999999996,0.7,0,7.031422074112288
31,visit,2750,2807.6666666666665,z32,z32,,depot_south,central,False,37.488882497599846,0.0,34.72888249759985,9.2,0,0
7,visit,2750,2765.0,z31,z31,,hub_core,local,True,38.263883663375424,9.841116336624573,47.894999999999996,0.7,0,5.904669801974745
19,visit,2750,2788.7385141661744,z10,z10,,depot_west,,False,13.014698611931909,35.67530138806809,47.309999999999995,4.6,0,21.405180832840855
76,trip,2760,2776.5,z30,z32,toy-0006917,,,False,42.26843200900371,0.0,40.78343200900371,0.35,4.6,0
27,trip,2760,2768.8333333333335,z31,z30,toy-0006923,,,False,47.09999999999979,0.0,46.30499999999979,0.35,2.3,0
47,trip,2760,2776.5,z11,z31,toy-0006921,,,False,39.42275181920823,0.0,37.93775181920823,0.35,4.6,0
5,trip,2760,2778.309854494165,z12,z20,toy-0006927,,,False,40.885141510008694,0.0,39.23725460553384,0.35,5.142956348249516,0
0,trip,2760,2784.1666666666665,z01,z31,toy-0006919,,,False,38.62069641386403,0.0,36.445696413864034,0.35,6.8999999999999995,0
12,trip,2760,2768.8333333333335,z01,z11,toy-0006918,,,False,36.19841883301289,0.0,35.403418833012886,0.35,2.3,0
46,trip,2760,2778.309854494165,z22,z30,toy-0006928,,,False,27.43030205834065,0.0,25.782415153865795,0.35,5.142956348249516,0
34,trip,2760,2768.8333333333335,z31,z21,toy-0006925,,,False,31.953949595774937,0.0,31.158949595774935,0.35,2.3,0
23,trip,2760,2778.309854494165,z10,z31,toy-0006916,,,False,46.24711309552502,0.0,44.59922619105017,0.35,5.142956348249516,0
56,trip,2760,2768.8333333333335,z31,z32,toy-0006926,,,False,18.125721891811057,0.0,17.33072189181106,0.35,2.3,0
71,trip,2760,2772.0089706448603,z31,z20,toy-0006922,,,False,42.30400612017997,0.0,41.22319876214254,0.35,3.2526911934581184,0
72,trip,2760,2776.5,z31,z11,toy-0006924,,,False,17.141365915417417,0.0,15.656365915417418,0.35,4.6,0
8,trip,2760,2784.1666666666665,z32,z02,toy-0006929,,,False,24.691312162230133,0.0,22.516312162230133,0.35,6.8999999999999995,0
57,trip,2760,2778.309854494165,z11,z30,toy-0006920,,,False,46.247113095524846,0.0,44.59922619104999,0.35,5.142956348249516,0
22,trip,2760,2768.8333333333335,z00,z01,toy-0006915,,,False,43.165141510008766,0.0,42.370141510008764,0.35,2.3,0
36,trip,2760,2788.809226445224,z00,z32,toy-0006932,,,False,37.07352679393433,0.0,34.48069641386417,0.35,8.292767933567175,0
24,trip,2760,2776.5,z32,z12,toy-0006945,,,False,10.177525446339624,0.0,8.692525446339625,0.35,4.6,0
32,trip,2760,2775.3333333333335,z20,z31,toy-0006936,,,False,35.42740043106695,0.0,34.04740043106695,2.3,2.3,0
17,trip,2760,2772.0089706448603,z21,z10,toy-0006939,,,False,33.029332986195925,0.0,31.94852562815849,0.35,3.2526911934581184,0
51,trip,2760,2768.8333333333335,z32,z31,toy-0006944,,,False,41.22049837945066,0.0,40.42549837945066,0.35,2.3,0
63,trip,2760,2772.0089706448603,z11,z22,toy-0006938,,,False,47.894999999999904,0.0,46.81419264196247,0.35,3.2526911934581184,0
37,trip,2760,2778.309854494165,z20,z12,toy-0006935,,,False,38.71474754581779,0.0,37.066860641342934,0.35,5.142956348249516,0
40,trip,2760,2785.410795394624,z00,z31,toy-0006930,,,False,34.97315541372821,0.0,32.68618382821202,0.35,7.273238618387272,0
52,trip,2760,2768.8333333333335,z22,z32,toy-0006943,,,False,22.219341742490425,0.0,21.424341742490427,0.35,2.3,0
28,trip,2760,2775.3333333333335,z01,z21,toy-0006937,,,False,36.824272916128706,0.0,35.4442729161287,2.3,2.3,0
43,trip,2760,2782.851274623054,z00,z22,toy-0006931,,,False,46.62093435728173,0.0,44.564319641206865,0.35,6.505382386916237,0
50,trip,2760,2772.0089706448603,z10,z21,toy-0006934,,,False,23.166279778918618,0.0,22.08547242088118,0.35,3.2526911934581184,0
39,trip,2760,2778.5089706448603,z20,z01,toy-0006933,,,False,46.24711309552499,0.0,44.581305737487554,2.3,3.2526911934581184,0
55,trip,2760,2772.0089706448603,z22,z31,toy-0006942,,,False,19.649880422275853,0.0,18.569073064238417,0.35,3.2526911934581184,0
64,trip,2760,2785.410795394624,z02,z31,toy-0006941,,,False,33.914771295578944,0.0,31.627799710062764,0.35,7.273238618387272,0
74,trip,2760,2772.0089706448603,z31,z22,toy-0006940,,,False,42.15684967624018,0.0,41.076042318202745,0.35,3.2526911934581184,0
30,visit,2760,2808.6846079563875,z11,z11,,depot_west,central,False,21.454106613326154,0.0,19.502491897251282,6.505382386916237,0,0
9,visit,2760,2780.3333333333335,z20,z20,,depot_south,local,False,38.268418833012646,0.0,36.88841883301264,4.6,0,0
65,visit,2760,2775.0,z31,z31,,hub_core,local,True,45.66211309552516,2.4428869044748396,47.894999999999996,0.7,0,1.4657321426849037
44,visit,2760,2775.0,z00,z00,,depot_west,,True,15.52220943964375,17.77777777777778,33.08998721742153,0.7,0,10.666666666666668
82,visit,2760,2775.0,z31,z31,,hub_core,,True,29.20413313430539,17.77777777777778,46.771910912083165,0.7,0,10.666666666666668
10,trip,2770,2782.0089706448603,z21,z32,toy-0006952,,,False,47.895000000000046,0.0,46.81419264196261,0.35,3.2526911934581184,0
6,trip,2770,2778.8333333333335,z12,z11,toy-0006953,,,False,37.48762818174621,0.0,36.69262818174621,0.35,2.3,0
11,trip,2770,2778.8333333333335,z32,z22,toy-0006956,,,False,29.260330910872398,0.0,28.465330910872396,0.35,2.3,0
14,trip,2770,2788.309854494165,z20,z32,toy-0006949,,,False,35.625269675029124,0.0,33.97738277055427,0.35,5.142956348249516,0
26,trip,2770,2788.309854494165,z21,z00,toy-0006951,,,False,47.89500000000032,0.0,46.24711309552547,0.35,5.142956348249516,0
45,trip,2770,2782.0089706448603,z20,z31,toy-0006948,,,False,47.30999999999998,0.0,46.22919264196255,0.35,3.2526911934581184,0
2,trip,2770,2786.5,z22,z20,toy-0006954,,,False,40.71884163485392,0.0,39.233841634853924,0.35,4.6,0
29,trip,2770,2778.8333333333335,z10,z11,toy-0006947,,,False,38.32630573748784,0.0,37.53130573748784,0.35,2.3,0
16,trip,2770,2788.309854494165,z00,z21,toy-0006946,,,False,43.84414003967001,0.0,42.19625313519516,0.35,5.142956348249516,0
33,trip,2770,2792.851274623054,z32,z10,toy-0006955,,,False,43.534756953812526,0.0,41.47814223773766,0.35,6.505382386916237,0
20,trip,2770,2782.0089706448603,z01,z12,toy-0006950,,,False,14.290814779557834,0.0,13.210007421520398,0.35,3.2526911934581184,0
34,trip,2770,2778.8333333333335,z21,z31,toy-0006959,,,False,31.158949595774963,0.0,30.36394959577496,0.35,2.3,0
7,trip,2770,2788.309854494165,z31,z12,toy-0006962,,,False,47.89499999999995,0.0,46.2471130955251,0.35,5.142956348249516,0
41,trip,2770,2778.8333333333335,z21,z22,toy-0006960,,,False,29.858526793934125,0.0,29.063526793934123,0.35,2.3,0
13,trip,2770,2794.1666666666665,z02,z32,toy-0006964,,,False,41.65388366337559,0.0,39.47888366337559,0.35,6.8999999999999995,0
52,trip,2770,2782.0089706448603,z32,z21,toy-0006968,,,False,21.42434174249045,0.0,20.343534384453015,0.35,3.2526911934581184,0
58,trip,2770,2778.8333333333335,z22,z21,toy-0006966,,,False,23.130996758900817,0.0,22.33599675890082,0.35,2.3,0
60,trip,2770,2778.8333333333335,z21,z11,toy-0006958,,,False,43.17032386788158,0.0,42.375323867881576,0.35,2.3,0
73,trip,2770,2782.0089706448603,z22,z11,toy-0006965,,,False,38.589779929129435,0.0,37.508972571092,0.35,3.2526911934581184,0
25,trip,2770,2778.8333333333335,z31,z21,toy-0006961,,,False,32.36534878341887,0.0,31.570348783418865,0.35,2.3,0
51,trip,2770,2778.8333333333335,z31,z32,toy-0006963,,,False,40.42549837945069,0.0,39.630498379450685,0.35,2.3,0
53,trip,2770,2788.309854494165,z32,z11,toy-0006967,,,False,41.067283443183065,0.0,39.41939653870821,0.35,5.142956348249516,0
54,trip,2770,2786.5,z20,z22,toy-0006957,,,False,40.651694990240955,0.0,39.166694990240956,0.35,4.6,0
15,visit,2770,2785.0,z21,z21,,hub_inner,local,True,39.25761147497582,8.84738852502418,47.894999999999996,0.7,0,5.308433115014508
56,visit,2770,2785.0,z32,z32,,hub_waterfront,,True,17.330721891811084,17.77777777777778,34.898499669588865,0.7,0,10.666666666666668
69,visit,2770,2785.0,z32,z32,,hub_waterfront,,True,24.141156141456765,17.77777777777778,41.708933919234546,0.7,0,10.666666666666668
62,visit,2770,2785.0,z00,z00,,depot_west,,True,27.367336045476137,17.77777777777778,44.935113823253914,0.7,0,10.666666666666668
1,visit,2770,2785.0,z30,z30,,depot_south,,True,33.071335137547585,15.033664862452412,47.894999999999996,0.7,0,9.020198917471447
49,visit,2770,2785.0,z11,z11,,hub_center,,True,33.173025416349645,14.931974583650351,47.894999999999996,0.7,0,8.95918475019021
12,visit,2770,2785.0,z11,z11,,hub_center,,True,35.403418833012914,12.701581166987085,47.894999999999996,0.7,0,7.62094870019225
78,visit,2770,2785.0,z31,z31,,hub_core,,True,38.161305737487744,9.943694262512253,47.894999999999996,0.7,0,5.966216557507352
18,trip,2780,2788.8333333333335,z32,z31,toy-0006976,,,False,28.939702142711916,0.0,28.144702142711914,0.35,2.3,0
51,trip,2780,2805.410795394624,z32,z01,toy-0006975,,,False,39.630498379450714,0.0,37.34352679393453,0.35,7.273238618387272,0
24,trip,2780,2796.5,z12,z32,toy-0006972,,,False,8.692525446339625,0.0,7.207525446339625,0.35,4.6,0
75,trip,2780,2798.309854494165,z32,z20,toy-0006974,,,False,45.023028414484145,0.0,43.37514151000929,0.35,5.142956348249516,0
23,trip,2780,2805.410795394624,z31,z00,toy-0006970,,,False,44.59922619105017,0.0,42.31225460553399,0.35,7.273238618387272,0
3,trip,2780,2798.309854494165,z22,z01,toy-0006973,,,False,34.22888366337576,0.0,32.58099675890091,0.35,5.142956348249516,0
4,trip,2780,2796.5,z10,z12,toy-0006969,,,False,34.987719435896466,0.0,33.502719435896466,0.35,4.6,0
32,trip,2780,2798.309854494165,z31,z10,toy-0006971,,,False,34.047400431066976,0.0,32.39951352659212,0.35,5.142956348249516,0
11,trip,2780,2792.0089706448603,z22,z31,toy-0006981,,,False,28.465330910872424,0.0,27.384523552834988,0.35,3.2526911934581184,0
34,trip,2780,2796.5,z31,z11,toy-0006979,,,False,30.36394959577499,0.0,28.87894959577499,0.35,4.6,0
47,trip,2780,2792.0089706448603,z31,z22,toy-0006980,,,False,37.93775181920822,0.0,36.85694446117079,0.35,3.2526911934581184,0
27,trip,2780,2798.309854494165,z30,z22,toy-0006978,,,False,46.304999999999815,0.0,44.65711309552496,0.35,5.142956348249516,0
17,trip,2780,2798.309854494165,z10,z02,toy-0006977,,,False,31.948525628158496,0.0,30.30063872368364,0.35,5.142956348249516,0
55,visit,2780,2795.0,z31,z31,,hub_core,local,True,18.56907306423843,12.777777777777779,31.13685084201621,0.7,0,7.666666666666668
76,visit,2780,2795.0,z32,z32,,hub_waterfront,local,True,40.783432009003704,7.321567990996292,47.894999999999996,0.7,0,4.392940794597775
72,visit,2780,2795.0,z11,z11,,hub_center,,True,15.65636591541742,17.77777777777778,33.224143693195195,0.7,0,10.666666666666668
50,visit,2780,2795.0,z21,z21,,hub_inner,,True,22.085472420881196,17.77777777777778,39.653250198658974,0.7,0,10.666666666666668
58,visit,2780,2795.0,z21,z21,,hub_inner,,True,22.335996758900844,17.77777777777778,39.90377453667862,0.7,0,10.666666666666668
46,visit,2780,2795.0,z30,z30,,depot_south,,True,25.78241515386581,17.77777777777778,43.35019293164358,0.7,0,10.666666666666668
44,visit,2780,2795.0,z00,z00,,depot_west,,True,33.089987217421296,15.015012782578701,47.894999999999996,0.7,0,9.00900766954722
2,trip,2790,2812.851274623054,z20,z02,toy-0006982,,,False,39.23384163485392,0.0,37.17722691877905,0.35,6.505382386916237,0
21,trip,2790,2808.309854494165,z01,z20,toy-0006983,,,False,26.614148795964663,0.0,24.966261891489808,0.35,5.142956348249516,0
41,trip,2790,2798.8333333333335,z22,z32,toy-0006989,,,False,29.06352679393415,0.0,28.26852679393415,0.35,2.3,0
6,trip,2790,2806.5,z11,z31,toy-0006984,,,False,36.69262818174624,0.0,35.20762818174624,0.35,4.6,0
15,trip,2790,2798.8333333333335,z21,z20,toy-0006986,,,False,47.89499999999983,0.0,47.09999999999983,0.35,2.3,0
12,trip,2790,2808.309854494165,z11,z32,toy-0006985,,,False,47.895000000000366,0.0,46.24711309552551,0.35,5.142956348249516,0
16,trip,2790,2806.5,z21,z01,toy-0006987,,,False,42.19625313519516,0.0,40.71125313519516,0.35,4.6,0
0,trip,2790,2802.0089706448603,z31,z20,toy-0006988,,,False,36.44569641386404,0.0,35.36488905582661,0.35,3.2526911934581184,0
25,trip,2790,2798.8333333333335,z21,z31,toy-0006997,,,False,31.57034878341889,0.0,30.77534878341889,0.35,2.3,0
18,trip,2790,2798.8333333333335,z31,z32,toy-0007001,,,False,28.144702142711942,0.0,27.34970214271194,0.35,2.3,0
5,trip,2790,2798.8333333333335,z20,z21,toy-0006992,,,False,39.23725460553384,0.0,38.44225460553384,0.35,2.3,0
7,trip,2790,2798.8333333333335,z12,z22,toy-0007004,,,False,46.2471130955251,0.0,45.4521130955251,0.35,2.3,0
29,trip,2790,2798.8333333333335,z11,z01,toy-0006996,,,False,37.53130573748787,0.0,36.73630573748787,0.35,2.3,0
49,trip,2790,2802.0089706448603,z11,z20,toy-0006995,,,False,47.89499999999993,0.0,46.8141926419625,0.35,3.2526911934581184,0
10,trip,2790,2806.5,z32,z30,toy-0007006,,,False,46.81419264196262,0.0,45.32919264196262,0.35,4.6,0
14,trip,2790,2798.8333333333335,z32,z31,toy-0007007,,,False,33.97738277055427,0.0,33.18238277055427,0.35,2.3,0
40,trip,2790,2798.8333333333335,z31,z21,toy-0007000,,,False,32.68618382821204,0.0,31.891183828212036,0.35,2.3,0
20,trip,2790,2802.0089706448603,z12,z21,toy-0007002,,,False,13.21000742152041,0.0,12.129200063482974,0.35,3.2526911934581184,0
45,trip,2790,2814.1666666666665,z31,z01,toy-0006999,,,False,46.229192641962555,0.0,44.05419264196256,0.35,6.8999999999999995,0
37,trip,2790,2808.309854494165,z12,z31,toy-0007003,,,False,37.066860641342934,0.0,35.41897373686808,0.35,5.142956348249516,0
36,trip,2790,2798.8333333333335,z32,z22,toy-0007008,,,False,34.48069641386417,0.0,33.68569641386417,0.35,2.3,0
19,trip,2790,2808.309854494165,z10,z22,toy-0006990,,,False,47.31000000000005,0.0,45.6621130955252,0.35,5.142956348249516,0
28,trip,2790,2802.0089706448603,z21,z32,toy-0006998,,,False,35.44427291612873,0.0,34.3634655580913,0.35,3.2526911934581184,0
43,trip,2790,2808.309854494165,z22,z10,toy-0007005,,,False,44.56431964120687,0.0,42.91643273673202,0.35,5.142956348249516,0
22,trip,2790,2808.309854494165,z01,z22,toy-0006994,,,False,42.37014151000879,0.0,40.72225460553394,0.35,5.142956348249516,0
68,trip,2790,2812.851274623054,z10,z32,toy-0006991,,,False,21.467119520267445,0.0,19.410504804192573,0.35,6.505382386916237,0
35,trip,2790,2806.5,z01,z21,toy-0006993,,,False,36.452362566455655,0.0,34.967362566455655,0.35,4.6,0
52,visit,2790,2805.0,z21,z21,,hub_inner,,True,20.34353438445303,17.77777777777778,37.91131216223081,0.7,0,10.666666666666668
64,visit,2790,2805.0,z31,z31,,hub_core,,True,31.627799710062774,16.477200289937226,47.895,0.7,0,9.886320173962336
56,visit,2790,2805.0,z32,z32,,hub_waterfront,,True,34.89849966958863,13.206500330411366,47.894999999999996,0.7,0,7.92390019824682
73,visit,2790,2805.0,z11,z11,,hub_center,,True,37.50897257109201,10.59602742890799,47.894999999999996,0.7,0,6.357616457344793
9,trip,2800,2812.0089706448603,z20,z31,toy-0007010,,,False,36.88841883301268,0.0,35.807611474975246,0.35,3.2526911934581184,0
13,trip,2800,2812.0089706448603,z32,z21,toy-0007013,,,False,39.4788836633756,0.0,38.398076305338165,0.35,3.2526911934581184,0
4,trip,2800,2822.851274623054,z12,z30,toy-0007012,,,False,33.50271943589646,0.0,31.446104719821587,0.35,6.505382386916237,0
3,trip,2800,2812.0089706448603,z01,z10,toy-0007011,,,False,32.58099675890091,0.0,31.500189400863473,0.35,3.2526911934581184,0
32,trip,2800,2818.309854494165,z10,z31,toy-0007009,,,False,32.39951352659212,0.0,30.751626622117268,0.35,5.142956348249516,0
8,trip,2800,2818.309854494165,z02,z21,toy-0007018,,,False,22.51631216223015,0.0,20.868425257755295,0.35,5.142956348249516,0
5,trip,2800,2808.8333333333335,z21,z22,toy-0007016,,,False,38.44225460553387,0.0,37.64725460553387,0.35,2.3,0
18,trip,2800,2818.309854494165,z32,z11,toy-0007022,,,False,27.34970214271197,0.0,25.701815238237113,0.35,5.142956348249516,0
7,trip,2800,2808.8333333333335,z22,z12,toy-0007021,,,False,45.45211309552513,0.0,44.657113095525126,0.35,2.3,0
27,trip,2800,2812.0089706448603,z22,z31,toy-0007020,,,False,44.65711309552496,0.0,43.57630573748753,0.35,3.2526911934581184,0
34,trip,2800,2808.8333333333335,z11,z21,toy-0007014,,,False,28.87894959577499,0.0,28.08394959577499,0.35,2.3,0
47,trip,2800,2808.8333333333335,z22,z21,toy-0007019,,,False,36.8569444611708,0.0,36.061944461170796,0.35,2.3,0
38,trip,2800,2812.0089706448603,z02,z11,toy-0007017,,,False,15.100316962517331,0.0,14.019509604479895,0.35,3.2526911934581184,0
40,trip,2800,2812.0089706448603,z21,z12,toy-0007015,,,False,31.89118382821206,0.0,30.810376470174624,0.35,3.2526911934581184,0
24,visit,2800,2831.8718180655296,z32,z32,,hub_waterfront,local,False,7.207525446339625,40.89747455366037,47.894999999999996,0.7,0,24.538484732196224
17,visit,2800,2826.6846079563875,z02,z02,,hub_center,local,False,30.300638723683655,0.0,28.349024007608783,6.505382386916237,0,0
36,visit,2800,2820.3333333333335,z22,z22,,hub_inner,local,False,33.6856964138642,0.0,32.3056964138642,4.6,0,0
42,visit,2800,2815.0,z11,z11,,hub_center,,True,24.110795741234583,17.77777777777778,41.67857351901236,0.7,0,10.666666666666668
11,visit,2800,2815.0,z31,z31,,hub_core,,True,27.384523552835002,17.77777777777778,44.95230133061278,0.7,0,10.666666666666668
41,visit,2800,2815.0,z32,z32,,hub_waterfront,,True,28.26852679393418,17.77777777777778,45.836304571711956,0.7,0,10.666666666666668
25,visit,2800,2815.0,z31,z31,,hub_core,,True,30.775348783418917,17.329651216581087,47.895,0.7,0,10.397790729948651
20,trip,2810,2828.309854494165,z21,z02,toy-0007030,,,False,12.129200063482987,0.0,10.481313159008131,0.35,5.142956348249516,0
6,trip,2810,2818.8333333333335,z31,z32,toy-0007035,,,False,35.20762818174623,0.0,34.41262818174623,0.35,2.3,0
14,trip,2810,2828.309854494165,z31,z12,toy-0007033,,,False,33.1823827705543,0.0,31.534495866079443,0.35,5.142956348249516,0
12,trip,2810,2826.5,z32,z12,toy-0007036,,,False,46.24711309552551,0.0,44.762113095525514,0.35,4.6,0
55,trip,2810,2818.8333333333335,z31,z30,toy-0007031,,,False,31.136850842015985,0.0,30.341850842015987,0.35,2.3,0
64,trip,2810,2826.5,z31,z11,toy-0007032,,,False,47.89499999999997,0.0,46.40999999999997,0.35,4.6,0
65,trip,2810,2822.0089706448603,z31,z22,toy-0007034,,,False,47.89499999999989,0.0,46.81419264196246,0.35,3.2526911934581184,0
0,trip,2810,2828.309854494165,z20,z32,toy-0007025,,,False,35.364889055826616,0.0,33.717002151351764,0.35,5.142956348249516,0
30,trip,2810,2822.0089706448603,z11,z22,toy-0007028,,,False,19.502491897251282,0.0,18.421684539213846,0.35,3.2526911934581184,0
16,trip,2810,2834.1666666666665,z01,z31,toy-0007026,,,False,40.71125313519515,0.0,38.53625313519515,0.35,6.8999999999999995,0
15,trip,2810,2818.8333333333335,z20,z10,toy-0007023,,,False,47.09999999999986,0.0,46.30499999999986,0.35,2.3,0
34,trip,2810,2818.8333333333335,z21,z31,toy-0007029,,,False,28.083949595775017,0.0,27.288949595775016,0.35,2.3,0
21,trip,2810,2818.8333333333335,z20,z30,toy-0007024,,,False,24.966261891489822,0.0,24.17126189148982,0.35,2.3,0
29,trip,2810,2835.410795394624,z01,z32,toy-0007027,,,False,36.736305737487896,0.0,34.44933415197171,0.35,7.273238618387272,0
1,trip,2810,2818.8333333333335,z30,z31,toy-0007039,,,False,47.89500000000025,0.0,47.10000000000025,0.35,2.3,0
67,trip,2810,2818.8333333333335,z31,z21,toy-0007044,,,False,44.59922619105044,0.0,43.80422619105044,0.35,2.3,0
23,trip,2810,2826.5,z00,z20,toy-0007037,,,False,42.312254605534,0.0,40.827254605534,0.35,4.6,0
53,trip,2810,2826.5,z11,z31,toy-0007041,,,False,39.41939653870821,0.0,37.934396538708214,0.35,4.6,0
49,trip,2810,2822.0089706448603,z20,z11,toy-0007038,,,False,46.81419264196251,0.0,45.733385283925074,0.35,3.2526911934581184,0
88,trip,2810,2818.8333333333335,z02,z01,toy-0007045,,,False,22.990007590518427,0.0,22.19500759051843,0.35,2.3,0
60,trip,2810,2822.0089706448603,z11,z02,toy-0007042,,,False,42.375323867881605,0.0,41.29451650984417,0.35,3.2526911934581184,0
35,trip,2810,2818.8333333333335,z21,z11,toy-0007043,,,False,34.96736256645565,0.0,34.17236256645565,0.35,2.3,0
28,trip,2810,2818.8333333333335,z32,z31,toy-0007046,,,False,34.363465558091306,0.0,33.568465558091305,0.35,2.3,0
61,trip,2810,2818.8333333333335,z11,z10,toy-0007040,,,False,40.635329745095824,0.0,39.84032974509582,0.35,2.3,0
37,visit,2810,2825.0,z31,z31,,hub_core,local,True,35.41897373686808,12.686026263131915,47.894999999999996,0.7,0,7.611615757879149
47,visit,2810,2825.0,z21,z21,,hub_inner,local,True,36.061944461170825,12.043055538829172,47.894999999999996,0.7,0,7.225833323297503
51,visit,2810,2830.3333333333335,z01,z01,,depot_west,local,False,37.343526793934544,0.0,35.96352679393454,4.6,0,0
5,visit,2810,2830.3333333333335,z22,z22,,hub_inner,local,False,37.647254605533895,0.0,36.26725460553389,4.6,0,0
22,visit,2810,2830.3333333333335,z22,z22,,hub_waterfront,local,False,40.72225460553394,0.0,39.34225460553394,4.6,0,0
72,visit,2810,2825.0,z11,z11,,hub_center,,True,33.22414369319497,14.88085630680503,47.894999999999996,0.7,0,8.928513784083018
8,trip,2820,2832.0089706448603,z21,z32,toy-0007048,,,False,20.86842525775531,0.0,19.787617899717873,0.35,3.2526911934581184,0
1,trip,2820,2832.0089706448603,z31,z20,toy-0007049,,,False,47.10000000000028,0.0,46.019192641962846,0.35,3.2526911934581184,0
6,trip,2820,2838.309854494165,z32,z20,toy-0007055,,,False,34.41262818174626,0.0,32.764741277271405,0.35,5.142956348249516,0
13,trip,2820,2832.0089706448603,z21,z30,toy-0007047,,,False,38.39807630533817,0.0,37.31726894730074,0.35,3.2526911934581184,0
19,trip,2820,2832.0089706448603,z22,z11,toy-0007052,,,False,45.6621130955252,0.0,44.58130573748777,0.35,3.2526911934581184,0
54,trip,2820,2828.8333333333335,z22,z32,toy-0007053,,,False,39.16669499024095,0.0,38.37169499024095,0.35,2.3,0
9,trip,2820,2845.410795394624,z31,z02,toy-0007050,,,False,35.80761147497525,0.0,33.52063988945907,0.35,7.273238618387272,0
31,trip,2820,2848.809226445224,z32,z00,toy-0007054,,,False,34.72888249759983,0.0,32.13605211752967,0.35,8.292767933567175,0
63,trip,2820,2836.5,z22,z20,toy-0007051,,,False,46.81419264196248,0.0,45.32919264196248,0.35,4.6,0
71,trip,2820,2836.5,z20,z22,toy-0007057,,,False,41.223198762142545,0.0,39.738198762142545,0.35,4.6,0
11,trip,2820,2838.309854494165,z31,z10,toy-0007059,,,False,44.95230133061255,0.0,43.3044144261377,0.35,5.142956348249516,0
41,trip,2820,2832.0089706448603,z32,z21,toy-0007060,,,False,45.83630457171173,0.0,44.755497213674296,0.35,3.2526911934581184,0
3,trip,2820,2828.8333333333335,z10,z20,toy-0007056,,,False,31.500189400863484,0.0,30.705189400863482,0.35,2.3,0
18,trip,2820,2838.309854494165,z11,z32,toy-0007058,,,False,25.701815238237128,0.0,24.053928333762272,0.35,5.142956348249516,0
56,trip,2820,2828.8333333333335,z32,z22,toy-0007061,,,False,47.895000000000124,0.0,47.10000000000012,0.35,2.3,0
34,visit,2820,2835.0,z31,z31,,hub_core,local,True,27.288949595775044,12.777777777777779,39.85672737355282,0.7,0,7.666666666666668
35,visit,2820,2835.0,z11,z11,,hub_center,local,True,34.172362566455675,12.777777777777779,46.74014034423345,0.7,0,7.666666666666668
38,visit,2820,2864.658386608522,z11,z11,,depot_west,,False,14.019509604479907,34.95629775355753,47.024192641962564,6.505382386916237,0,20.973778652134516
68,visit,2820,2835.0,z32,z32,,hub_waterfront,,True,19.410504804192588,17.77777777777778,36.97828258197037,0.7,0,10.666666666666668
21,visit,2820,2835.0,z30,z30,,depot_south,,True,24.17126189148985,17.77777777777778,41.739039669267626,0.7,0,10.666666666666668
55,visit,2820,2835.0,z30,z30,,depot_south,,True,30.34185084201601,17.76314915798399,47.895,0.7,0,10.657889494790393
32,visit,2820,2835.0,z31,z31,,hub_core,,True,30.75162662211728,17.353373377882722,47.895,0.7,0,10.412024026729632
26,trip,2830,2838.8333333333335,z00,z10,toy-0007062,,,False,46.24711309552547,0.0,45.45211309552547,0.35,2.3,0
4,trip,2830,2842.0089706448603,z30,z21,toy-0007066,,,False,31.446104719821594,0.0,30.365297361784158,0.35,3.2526911934581184,0
7,trip,2830,2846.5,z12,z32,toy-0007069,,,False,44.657113095525155,0.0,43.172113095525155,0.35,4.6,0
30,trip,2830,2842.0089706448603,z22,z31,toy-0007070,,,False,18.42168453921386,0.0,17.340877181176424,0.35,3.2526911934581184,0
3,trip,2830,2842.0089706448603,z20,z31,toy-0007065,,,False,30.70518940086351,0.0,29.624382042826074,0.35,3.2526911934581184,0
10,trip,2830,2846.5,z30,z32,toy-0007067,,,False,45.329192641962614,0.0,43.844192641962614,0.35,4.6,0
25,trip,2830,2838.8333333333335,z31,z32,toy-0007068,,,False,47.89499999999996,0.0,47.09999999999996,0.35,2.3,0
54,trip,2830,2852.851274623054,z32,z10,toy-0007071,,,False,38.371694990240975,0.0,36.31508027416611,0.35,6.505382386916237,0
15,trip,2830,2842.0089706448603,z10,z21,toy-0007064,,,False,46.304999999999886,0.0,45.22419264196245,0.35,3.2526911934581184,0
44,trip,2830,2855.410795394624,z00,z31,toy-0007063,,,False,47.89500000000027,0.0,45.60802841448409,0.35,7.273238618387272,0
27,trip,2830,2842.0089706448603,z31,z22,toy-0007074,,,False,43.57630573748754,0.0,42.495498379450105,0.35,3.2526911934581184,0
47,trip,2830,2842.0089706448603,z21,z10,toy-0007072,,,False,47.89500000000017,0.0,46.814192641962734,0.35,3.2526911934581184,0
69,trip,2830,2838.8333333333335,z32,z31,toy-0007075,,,False,41.70893391923431,0.0,40.91393391923431,0.35,2.3,0
50,trip,2830,2838.8333333333335,z21,z31,toy-0007073,,,False,39.653250198658746,0.0,38.858250198658745,0.35,2.3,0
67,visit,2830,2845.0,z21,z21,,hub_inner,local,True,43.80422619105047,4.300773808949529,47.894999999999996,0.7,0,2.5804642853697173
56,visit,2830,2850.3333333333335,z22,z22,,hub_inner,local,False,47.10000000000015,0.0,45.72000000000015,4.6,0,0
20,visit,2830,2876.781304475805,z02,z02,,hub_center,,False,10.481313159008142,38.49449419902929,47.02419264196256,6.505382386916237,0,23.096696519417574
28,visit,2830,2845.0,z31,z31,,hub_core,,True,33.56846555809133,14.536534441908664,47.894999999999996,0.7,0,8.721920665145198
16,trip,2840,2848.8333333333335,z31,z21,toy-0007078,,,False,38.53625313519516,0.0,37.74125313519516,0.35,2.3,0
35,trip,2840,2848.8333333333335,z11,z12,toy-0007077,,,False,46.74014034423322,0.0,45.94514034423322,0.35,2.3,0
11,trip,2840,2856.5,z10,z30,toy-0007076,,,False,43.3044144261377,0.0,41.8194144261377,0.35,4.6,0
5,trip,2840,2856.5,z22,z02,toy-0007081,,,False,36.26725460553393,0.0,34.78225460553393,0.35,4.6,0
12,trip,2840,2858.309854494165,z12,z31,toy-0007080,,,False,44.76211309552551,0.0,43.114226191050655,0.35,5.142956348249516,0
2,trip,2840,2848.8333333333335,z02,z12,toy-0007079,,,False,37.177226918779056,0.0,36.382226918779054,0.35,2.3,0
41,trip,2840,2848.8333333333335,z21,z22,toy-0007085,,,False,44.7554972136743,0.0,43.9604972136743,0.35,2.3,0
48,trip,2840,2852.0089706448603,z00,z11,toy-0007082,,,False,47.31668806999445,0.0,46.235880711957016,0.35,3.2526911934581184,0
52,trip,2840,2848.8333333333335,z21,z20,toy-0007084,,,False,37.91131216223058,0.0,37.11631216223058,0.35,2.3,0
1,trip,2840,2848.8333333333335,z20,z21,toy-0007083,,,False,46.01919264196285,0.0,45.22419264196285,0.35,2.3,0
32,trip,2840,2856.5,z31,z11,toy-0007086,,,False,47.8950000000003,0.0,46.4100000000003,0.35,4.6,0
6,visit,2840,2860.3333333333335,z20,z20,,depot_south,local,False,32.764741277271405,0.0,31.384741277271406,4.6,0,0
0,visit,2840,2855.0,z32,z32,,hub_waterfront,local,True,33.717002151351764,12.777777777777779,46.28477992912954,0.7,0,7.666666666666668
19,visit,2840,2888.6846079563875,z11,z11,,depot_west,central,False,44.581305737487774,0.0,42.6296910214129,6.505382386916237,0,0
25,visit,2840,2897.6666666666665,z32,z32,,depot_south,central,False,47.09999999999999,0.0,44.33999999999999,9.2,0,0
8,visit,2840,2855.0,z32,z32,,hub_waterfront,,True,19.787617899717887,17.77777777777778,37.355395677495665,0.7,0,10.666666666666668
18,visit,2840,2855.0,z32,z32,,hub_waterfront,,True,24.053928333762286,17.77777777777778,41.621706111540064,0.7,0,10.666666666666668
13,visit,2840,2855.0,z30,z30,,depot_south,,True,37.31726894730075,10.78773105269925,47.894999999999996,0.7,0,6.472638631619549
53,visit,2840,2855.0,z31,z31,,hub_core,,True,37.93439653870821,10.17060346129179,47.894999999999996,0.7,0,6.102362076775075
50,visit,2840,2855.0,z31,z31,,hub_core,,True,38.85825019865877,9.246749801341224,47.894999999999996,0.7,0,5.548049880804735
42,trip,2850,2866.5,z11,z31,toy-0007087,,,False,41.678573519012126,0.0,40.193573519012126,0.35,4.6,0
22,trip,2850,2858.8333333333335,z22,z21,toy-0007091,,,False,39.342254605533974,0.0,38.54725460553397,0.35,2.3,0
3,trip,2850,2874.1666666666665,z31,z01,toy-0007088,,,False,29.62438204282609,0.0,27.449382042826088,0.35,6.8999999999999995,0
27,trip,2850,2872.851274623054,z22,z00,toy-0007090,,,False,42.49549837945011,0.0,40.43888366337524,0.35,6.505382386916237,0
9,trip,2850,2875.410795394624,z02,z31,toy-0007089,,,False,33.52063988945908,0.0,31.233668303942903,0.35,7.273238618387272,0
49,trip,2850,2858.8333333333335,z11,z21,toy-0007093,,,False,45.73338528392508,0.0,44.93838528392508,0.35,2.3,0
2,trip,2850,2868.309854494165,z12,z20,toy-0007097,,,False,36.38222691877908,0.0,34.73434001430423,0.35,5.142956348249516,0
28,trip,2850,2858.8333333333335,z31,z32,toy-0007096,,,False,47.895000000000124,0.0,47.10000000000012,0.35,2.3,0
14,trip,2850,2862.0089706448603,z12,z01,toy-0007098,,,False,31.53449586607945,0.0,30.453688508042013,0.35,3.2526911934581184,0
26,trip,2850,2868.309854494165,z10,z31,toy-0007092,,,False,45.4521130955255,0.0,43.804226191050645,0.35,5.142956348249516,0
7,trip,2850,2875.410795394624,z32,z01,toy-0007099,,,False,43.17211309552515,0.0,40.885141510008964,0.35,7.273238618387272,0
30,trip,2850,2875.410795394624,z31,z00,toy-0007095,,,False,17.340877181176438,0.0,15.053905595660257,0.35,7.273238618387272,0
1,trip,2850,2862.0089706448603,z21,z32,toy-0007094,,,False,45.22419264196288,0.0,44.14338528392545,0.35,3.2526911934581184,0
10,trip,2850,2868.309854494165,z32,z11,toy-0007100,,,False,43.84419264196261,0.0,42.196305737487755,0.35,5.142956348249516,0
4,visit,2850,2865.0,z21,z21,,hub_inner,,True,30.365297361784172,17.739702638215828,47.895,0.7,0,10.643821582929498
31,visit,2850,2865.0,z00,z00,,depot_west,,True,32.13605211752967,15.968947882470326,47.894999999999996,0.7,0,9.581368729482195
16,visit,2850,2865.0,z21,z21,,hub_inner,,True,37.74125313519519,10.363746864804812,47.894999999999996,0.7,0,6.218248118882887
23,trip,2860,2878.309854494165,z20,z32,toy-0007102,,,False,40.827254605533994,0.0,39.17936770105914,0.35,5.142956348249516,0
36,trip,2860,2872.0089706448603,z22,z31,toy-0007104,,,False,32.30569641386423,0.0,31.224889055826797,0.35,3.2526911934581184,0
41,trip,2860,2868.8333333333335,z22,z32,toy-0007105,,,False,43.96049721367433,0.0,43.16549721367433,0.35,2.3,0
0,trip,2860,2868.8333333333335,z32,z31,toy-0007106,,,False,46.28477992912931,0.0,45.489779929129305,0.35,2.3,0
12,trip,2860,2872.0089706448603,z31,z20,toy-0007103,,,False,43.114226191050655,0.0,42.03341883301322,0.35,3.2526911934581184,0
62,trip,2860,2888.809226445224,z00,z32,toy-0007101,,,False,44.93511382325368,0.0,42.342283443183526,0.35,8.292767933567175,0
34,trip,2860,2878.309854494165,z31,z12,toy-0007112,,,False,39.856727373552594,0.0,38.20884046907774,0.35,5.142956348249516,0
37,trip,2860,2872.0089706448603,z31,z22,toy-0007113,,,False,47.89499999999978,0.0,46.81419264196235,0.35,3.2526911934581184,0
32,trip,2860,2872.0089706448603,z11,z00,toy-0007109,,,False,46.410000000000295,0.0,45.32919264196286,0.35,3.2526911934581184,0
11,trip,2860,2878.309854494165,z30,z11,toy-0007108,,,False,41.81941442613769,0.0,40.17152752166284,0.35,5.142956348249516,0
35,trip,2860,2872.0089706448603,z12,z21,toy-0007114,,,False,45.945140344233245,0.0,44.86433298619581,0.35,3.2526911934581184,0
56,trip,2860,2878.309854494165,z22,z30,toy-0007115,,,False,45.720000000000184,0.0,44.07211309552533,0.35,5.142956348249516,0
8,trip,2860,2872.0089706448603,z32,z21,toy-0007116,,,False,37.35539567749544,0.0,36.274588319458005,0.35,3.2526911934581184,0
33,trip,2860,2882.851274623054,z10,z32,toy-0007107,,,False,41.478142237737664,0.0,39.421527521662796,0.35,6.505382386916237,0
44,trip,2860,2868.8333333333335,z31,z21,toy-0007111,,,False,45.6080284144841,0.0,44.8130284144841,0.35,2.3,0
15,trip,2860,2868.8333333333335,z21,z31,toy-0007110,,,False,45.22419264196246,0.0,44.42919264196246,0.35,2.3,0
18,trip,2860,2868.8333333333335,z32,z22,toy-0007117,,,False,41.62170611153983,0.0,40.82670611153983,0.35,2.3,0
54,visit,2860,2902.3333333333335,z10,z10,,depot_west,central,False,36.315080274166114,0.0,34.93508027416611,4.6,0,0
29,visit,2860,2875.0,z32,z32,,hub_waterfront,,True,34.449334151971726,13.65566584802827,47.894999999999996,0.7,0,8.193399508816963
68,visit,2860,2875.0,z32,z32,,hub_waterfront,,True,36.978282581970134,11.126717418029862,47.894999999999996,0.7,0,6.676030450817917
22,visit,2860,2875.0,z21,z21,,hub_inner,,True,38.547254605534,9.557745394465996,47.894999999999996,0.7,0,5.7346472366795975
40,trip,2870,2878.8333333333335,z12,z11,toy-0007122,,,False,30.81037647017464,0.0,30.015376470174637,0.35,2.3,0
4,trip,2870,2878.8333333333335,z21,z11,toy-0007121,,,False,47.89499999999982,0.0,47.09999999999982,0.35,2.3,0
6,trip,2870,2888.309854494165,z20,z12,toy-0007118,,,False,31.384741277271434,0.0,29.73685437279658,0.35,5.142956348249516,0
13,trip,2870,2898.809226445224,z30,z02,toy-0007119,,,False,47.89500000000028,0.0,45.302169619930126,0.35,8.292767933567175,0
10,trip,2870,2882.0089706448603,z11,z22,toy-0007120,,,False,42.196305737487755,0.0,41.11549837945032,0.35,3.2526911934581184,0
14,trip,2870,2894.1666666666665,z01,z31,toy-0007126,,,False,30.453688508042028,0.0,28.278688508042027,0.35,6.8999999999999995,0
43,trip,2870,2878.8333333333335,z10,z11,toy-0007123,,,False,42.91643273673202,0.0,42.12143273673202,0.35,2.3,0
38,trip,2870,2882.0089706448603,z11,z20,toy-0007127,,,False,47.02419264196266,0.0,45.943385283925224,0.35,3.2526911934581184,0
39,trip,2870,2878.8333333333335,z01,z11,toy-0007125,,,False,44.58130573748757,0.0,43.78630573748757,0.35,2.3,0
52,trip,2870,2882.0089706448603,z20,z31,toy-0007124,,,False,37.11631216223061,0.0,36.035504804193174,0.35,3.2526911934581184,0
48,trip,2870,2888.309854494165,z11,z32,toy-0007128,,,False,46.23588071195702,0.0,44.58799380748217,0.35,5.142956348249516,0
1,trip,2870,2888.309854494165,z32,z20,toy-0007132,,,False,44.143385283925454,0.0,42.4954983794506,0.35,5.142956348249516,0
18,trip,2870,2888.309854494165,z22,z01,toy-0007131,,,False,40.826706111539856,0.0,39.178819207065004,0.35,5.142956348249516,0
59,trip,2870,2878.8333333333335,z12,z22,toy-0007130,,,False,38.027967178640544,0.0,37.23296717864054,0.35,2.3,0
5,trip,2870,2886.5,z02,z22,toy-0007129,,,False,34.78225460553392,0.0,33.29725460553392,0.35,4.6,0
2,visit,2870,2890.3333333333335,z20,z20,,depot_south,local,False,34.73434001430423,0.0,33.35434001430423,4.6,0,0
23,trip,2880,2896.5,z32,z12,toy-0007137,,,False,39.17936770105914,0.0,37.69436770105914,0.35,4.6,0
0,trip,2880,2888.8333333333335,z31,z32,toy-0007134,,,False,45.489779929129334,0.0,44.69477992912933,0.35,2.3,0
34,trip,2880,2888.8333333333335,z12,z02,toy-0007135,,,False,38.20884046907774,0.0,37.41384046907774,0.35,2.3,0
24,trip,2880,2904.1666666666665,z32,z02,toy-0007136,,,False,47.894999999999875,0.0,45.71999999999988,0.35,6.8999999999999995,0
16,trip,2880,2896.5,z21,z01,toy-0007133,,,False,47.89500000000007,0.0,46.41000000000007,0.35,4.6,0
22,trip,2880,2898.309854494165,z21,z00,toy-0007138,,,False,47.89499999999968,0.0,46.24711309552483,0.35,5.142956348249516,0
35,trip,2880,2892.0089706448603,z21,z12,toy-0007139,,,False,44.86433298619582,0.0,43.78352562815839,0.35,3.2526911934581184,0
28,trip,2880,2888.8333333333335,z32,z31,toy-0007140,,,False,47.10000000000015,0.0,46.30500000000015,0.35,2.3,0
8,visit,2880,2895.0,z21,z21,,hub_inner,local,True,36.27458831945801,11.830411680541983,47.894999999999996,0.7,0,7.098247008325191
11,visit,2880,2895.0,z11,z11,,hub_center,local,True,40.17152752166284,7.933472478337157,47.894999999999996,0.7,0,4.760083487002294
43,visit,2880,2895.0,z11,z11,,hub_center,local,True,42.12143273673205,5.9835672632679495,47.894999999999996,0.7,0,3.59014035796077
30,visit,2880,2895.0,z00,z00,,depot_west,,True,15.053905595660273,17.77777777777778,32.62168337343805,0.7,0,10.666666666666668
40,visit,2880,2895.0,z11,z11,,hub_center,,True,30.015376470174665,17.77777777777778,47.58315424795244,0.7,0,10.666666666666668
36,visit,2880,2895.0,z31,z31,,hub_core,,True,31.224889055826807,16.880110944173193,47.895,0.7,0,10.128066566503916
9,visit,2880,2895.0,z31,z31,,hub_core,,True,31.233668303942913,16.871331696057087,47.895,0.7,0,10.122799017634252
15,trip,2890,2906.5,z31,z11,toy-0007142,,,False,44.42919264196249,0.0,42.94419264196249,0.35,4.6,0
3,trip,2890,2906.5,z01,z21,toy-0007141,,,False,27.449382042826105,0.0,25.964382042826106,0.35,4.6,0
5,trip,2890,2908.309854494165,z22,z10,toy-0007143,,,False,33.297254605533915,0.0,31.64936770105906,0.35,5.142956348249516,0
1,trip,2890,2908.309854494165,z20,z01,toy-0007146,,,False,42.4954983794506,0.0,40.84761147497575,0.35,5.142956348249516,0
26,trip,2890,2898.8333333333335,z31,z30,toy-0007149,,,False,43.804226191050645,0.0,43.009226191050644,0.35,2.3,0
42,trip,2890,2908.309854494165,z31,z10,toy-0007148,,,False,40.19357351901212,0.0,38.54568661453727,0.35,5.142956348249516,0
27,trip,2890,2908.309854494165,z00,z21,toy-0007144,,,False,40.43888366337525,0.0,38.7909967589004,0.35,5.142956348249516,0
10,trip,2890,2898.8333333333335,z22,z12,toy-0007151,,,False,41.11549837945033,0.0,40.32049837945033,0.35,2.3,0
37,trip,2890,2902.0089706448603,z22,z11,toy-0007150,,,False,46.81419264196236,0.0,45.733385283924925,0.35,3.2526911934581184,0
47,trip,2890,2908.309854494165,z10,z22,toy-0007145,,,False,46.81419264196274,0.0,45.16630573748789,0.35,5.142956348249516,0
21,trip,2890,2898.8333333333335,z30,z20,toy-0007147,,,False,41.73903966926739,0.0,40.94403966926739,0.35,2.3,0
52,visit,2890,2905.0,z31,z31,,hub_core,local,True,36.03550480419318,12.069495195806816,47.894999999999996,0.7,0,7.24169711748409
18,visit,2890,2910.3333333333335,z01,z01,,depot_west,local,False,39.178819207065004,0.0,37.798819207065,4.6,0,0
38,visit,2890,2910.3333333333335,z20,z20,,depot_south,local,False,45.94338528392523,0.0,44.56338528392523,4.6,0,0
28,visit,2890,2932.3333333333335,z31,z31,,depot_south,central,False,46.30500000000018,0.0,44.925000000000175,4.6,0,0
8,trip,2900,2912.0089706448603,z21,z32,toy-0007155,,,False,47.895000000000394,0.0,46.81419264196296,0.35,3.2526911934581184,0
0,trip,2900,2916.5,z32,z30,toy-0007158,,,False,44.69477992912936,0.0,43.20977992912936,0.35,4.6,0
59,trip,2900,2912.0089706448603,z22,z31,toy-0007157,,,False,37.23296717864057,0.0,36.15215982060314,0.35,3.2526911934581184,0
44,trip,2900,2908.8333333333335,z21,z22,toy-0007154,,,False,44.81302841448413,0.0,44.01802841448413,0.35,2.3,0
7,trip,2900,2925.410795394624,z01,z30,toy-0007152,,,False,40.88514151000898,0.0,38.598169924492794,0.35,7.273238618387272,0
65,trip,2900,2916.5,z22,z20,toy-0007156,,,False,46.814192641962464,0.0,45.329192641962464,0.35,4.6,0
4,trip,2900,2916.5,z11,z31,toy-0007153,,,False,47.099999999999845,0.0,45.614999999999846,0.35,4.6,0
26,trip,2900,2908.8333333333335,z30,z31,toy-0007161,,,False,43.00922619105067,0.0,42.21422619105067,0.35,2.3,0
71,trip,2900,2908.8333333333335,z22,z21,toy-0007167,,,False,39.73819876214254,0.0,38.943198762142536,0.35,2.3,0
22,trip,2900,2922.851274623054,z00,z22,toy-0007159,,,False,46.24711309552483,0.0,44.19049837944996,0.35,6.505382386916237,0
13,trip,2900,2924.1666666666665,z02,z32,toy-0007165,,,False,45.302169619930126,0.0,43.12716961993013,0.35,6.8999999999999995,0
2,trip,2900,2916.5,z20,z22,toy-0007160,,,False,33.35434001430426,0.0,31.869340014304264,0.35,4.6,0
49,trip,2900,2908.8333333333335,z21,z31,toy-0007162,,,False,44.93838528392511,0.0,44.143385283925106,0.35,2.3,0
9,trip,2900,2908.8333333333335,z31,z21,toy-0007163,,,False,47.89500000000029,0.0,47.100000000000286,0.35,2.3,0
14,trip,2900,2912.0089706448603,z31,z22,toy-0007164,,,False,28.278688508042045,0.0,27.19788115000461,0.35,3.2526911934581184,0
6,trip,2900,2918.309854494165,z12,z31,toy-0007166,,,False,29.736854372796593,0.0,28.088967468321737,0.35,5.142956348249516,0
30,visit,2900,2915.0,z00,z00,,depot_west,,True,32.62168337343782,15.483316626562178,47.894999999999996,0.7,0,9.289989975937306
46,trip,2910,2928.309854494165,z30,z22,toy-0007168,,,False,43.350192931643356,0.0,41.702306027168504,0.35,5.142956348249516,0
44,trip,2910,2918.8333333333335,z22,z32,toy-0007171,,,False,44.01802841448416,0.0,43.223028414484155,0.35,2.3,0
1,trip,2910,2928.309854494165,z01,z22,toy-0007169,,,False,40.84761147497575,0.0,39.1997245705009,0.35,5.142956348249516,0
16,trip,2910,2935.410795394624,z01,z32,toy-0007170,,,False,46.41000000000006,0.0,44.123028414483876,0.35,7.273238618387272,0
12,trip,2910,2926.5,z20,z00,toy-0007172,,,False,42.03341883301323,0.0,40.54841883301323,0.35,4.6,0
25,trip,2910,2922.0089706448603,z32,z21,toy-0007173,,,False,44.33999999999997,0.0,43.259192641962535,0.35,3.2526911934581184,0
71,visit,2910,2925.0,z21,z21,,hub_inner,local,True,38.943198762142565,9.16180123785743,47.894999999999996,0.7,0,5.497080742714458
3,visit,2910,2925.0,z21,z21,,hub_inner,,True,25.964382042826106,17.77777777777778,43.53215982060389,0.7,0,10.666666666666668
27,visit,2910,2925.0,z21,z21,,hub_inner,,True,38.7909967589004,9.314003241099597,47.894999999999996,0.7,0,5.588401944659759
11,trip,2920,2938.309854494165,z11,z30,toy-0007174,,,False,47.89499999999994,0.0,46.24711309552509,0.35,5.142956348249516,0
4,trip,2920,2928.8333333333335,z31,z32,toy-0007176,,,False,45.61499999999984,0.0,44.81999999999984,0.35,2.3,0
10,trip,2920,2936.5,z12,z10,toy-0007177,,,False,40.320498379450356,0.0,38.83549837945036,0.35,4.6,0
6,trip,2920,2932.0089706448603,z31,z20,toy-0007175,,,False,28.08896746832175,0.0,27.008160110284315,0.35,3.2526911934581184,0
23,trip,2920,2936.5,z12,z32,toy-0007178,,,False,37.694367701059136,0.0,36.209367701059136,0.35,4.6,0
9,trip,2920,2928.8333333333335,z21,z20,toy-0007180,,,False,47.100000000000314,0.0,46.30500000000031,0.35,2.3,0
8,trip,2920,2928.8333333333335,z32,z31,toy-0007182,,,False,46.81419264196297,0.0,46.01919264196297,0.35,2.3,0
29,trip,2920,2928.8333333333335,z32,z22,toy-0007183,,,False,47.895000000000145,0.0,47.10000000000014,0.35,2.3,0
33,trip,2920,2938.309854494165,z32,z11,toy-0007181,,,False,39.4215275216628,0.0,37.77364061718795,0.35,5.142956348249516,0
30,trip,2920,2938.309854494165,z00,z12,toy-0007179,,,False,47.89499999999994,0.0,46.24711309552509,0.35,5.142956348249516,0
59,visit,2920,2935.0,z31,z31,,hub_core,local,True,36.152159820603146,11.952840179396851,47.894999999999996,0.7,0,7.171704107638111
9,trip,2930,2942.0089706448603,z20,z11,toy-0007184,,,False,46.30500000000034,0.0,45.22419264196291,0.35,3.2526911934581184,0
4,trip,2930,2952.851274623054,z32,z10,toy-0007186,,,False,44.819999999999865,0.0,42.763385283925,0.35,6.505382386916237,0
21,trip,2930,2938.8333333333335,z20,z21,toy-0007185,,,False,40.94403966926742,0.0,40.14903966926742,0.35,2.3,0
7,visit,2930,2945.0,z30,z30,,depot_south,,True,38.59816992449281,9.506830075507189,47.894999999999996,0.7,0,5.704098045304313
6,trip,2940,2958.309854494165,z20,z32,toy-0007187,,,False,27.00816011028433,0.0,25.360273205809474,0.35,5.142956348249516,0
0,trip,2940,2964.1666666666665,z30,z00,toy-0007188,,,False,43.209779929129354,0.0,41.03477992912936,0.35,6.8999999999999995,0
15,trip,2940,2948.8333333333335,z11,z21,toy-0007189,,,False,42.94419264196248,0.0,42.14919264196248,0.35,2.3,0
38,trip,2940,2952.0089706448603,z20,z31,toy-0007191,,,False,44.563385283925264,0.0,43.48257792588783,0.35,3.2526911934581184,0
5,trip,2940,2958.309854494165,z10,z31,toy-0007190,,,False,31.649367701059067,0.0,30.00148079658421,0.35,5.142956348249516,0
23,visit,2940,2997.6666666666665,z32,z32,,depot_south,central,False,36.20936770105913,0.0,33.44936770105913,9.2,0,0
16,visit,2940,2955.0,z32,z32,,hub_waterfront,local,True,44.12302841448389,3.9819715855161064,47.894999999999996,0.7,0,2.389182951309664
33,visit,2940,2955.0,z11,z11,,hub_center,,True,37.77364061718795,10.331359382812046,47.894999999999996,0.7,0,6.198815629687227
8,trip,2950,2968.309854494165,z31,z12,toy-0007192,,,False,46.019192641962995,0.0,44.37130573748814,0.35,5.142956348249516,0
26,trip,2950,2974.1666666666665,z31,z01,toy-0007196,,,False,42.2142261910507,0.0,40.0392261910507,0.35,6.8999999999999995,0
1,trip,2950,2962.0089706448603,z22,z31,toy-0007197,,,False,39.1997245705009,0.0,38.118917212463465,0.35,3.2526911934581184,0
3,trip,2950,2958.8333333333335,z21,z31,toy-0007195,,,False,43.53215982060365,0.0,42.73715982060365,0.35,2.3,0
10,trip,2950,2962.0089706448603,z10,z21,toy-0007194,,,False,38.83549837945035,0.0,37.75469102141292,0.35,3.2526911934581184,0
12,trip,2950,2975.410795394624,z00,z31,toy-0007193,,,False,40.54841883301322,0.0,38.26144724749704,0.35,7.273238618387272,0
3,trip,2960,2968.8333333333335,z31,z21,toy-0007198,,,False,42.73715982060368,0.0,41.94215982060368,0.35,2.3,0
5,trip,2960,2976.5,z31,z11,toy-0007199,,,False,30.001480796584225,0.0,28.516480796584226,0.35,4.6,0
28,trip,2960,2972.0089706448603,z31,z22,toy-0007200,,,False,44.92500000000021,0.0,43.84419264196278,0.35,3.2526911934581184,0
36,trip,2960,2968.8333333333335,z31,z32,toy-0007201,,,False,47.89500000000017,0.0,47.100000000000165,0.35,2.3,0
6,visit,2960,2975.0,z32,z32,,hub_waterfront,,True,25.360273205809488,17.77777777777778,42.92805098358726,0.7,0,10.666666666666668
15,trip,2970,2982.0089706448603,z21,z10,toy-0007204,,,False,42.14919264196251,0.0,41.068385283925075,0.35,3.2526911934581184,0
21,trip,2970,2982.0089706448603,z21,z32,toy-0007205,,,False,40.149039669267445,0.0,39.06823231123001,0.35,3.2526911934581184,0
38,trip,2970,2995.410795394624,z31,z02,toy-0007206,,,False,43.48257792588784,0.0,41.195606340371654,0.35,7.273238618387272,0
9,trip,2970,2978.8333333333335,z11,z01,toy-0007202,,,False,45.224192641962915,0.0,44.42919264196291,0.35,2.3,0
19,trip,2970,2988.309854494165,z11,z32,toy-0007203,,,False,42.6296910214129,0.0,40.98180411693805,0.35,5.142956348249516,0
13,trip,2970,2988.309854494165,z32,z20,toy-0007209,,,False,43.127169619930136,0.0,41.479282715455284,0.35,5.142956348249516,0
33,trip,2970,2986.5,z11,z31,toy-0007207,,,False,47.8949999999997,0.0,46.4099999999997,0.35,4.6,0
25,trip,2970,2978.8333333333335,z21,z11,toy-0007208,,,False,43.25919264196254,0.0,42.46419264196254,0.35,2.3,0
10,visit,2970,2985.0,z21,z21,,hub_inner,local,True,37.754691021412924,10.350308978587073,47.894999999999996,0.7,0,6.210185387152244
1,visit,2970,2985.0,z31,z31,,hub_core,local,True,38.11891721246347,9.986082787536525,47.894999999999996,0.7,0,5.991649672521914
3,visit,2970,2985.0,z21,z21,,hub_inner,local,True,41.942159820603706,6.162840179396292,47.894999999999996,0.7,0,3.6977041076377746
6,trip,2980,2988.8333333333335,z32,z31,toy-0007210,,,False,42.928050983587035,0.0,42.13305098358703,0.35,2.3,0
7,trip,2980,2996.5,z30,z32,toy-0007211,,,False,47.89500000000011,0.0,46.41000000000011,0.35,4.6,0
5,trip,2980,2992.0089706448603,z11,z22,toy-0007212,,,False,28.516480796584226,0.0,27.43567343854679,0.35,3.2526911934581184,0
12,visit,2980,2995.0,z31,z31,,hub_core,,True,38.26144724749705,9.843552752502944,47.894999999999996,0.7,0,5.9061316515017666
16,trip,2990,3002.0089706448603,z32,z21,toy-0007213,,,False,47.89499999999978,0.0,46.81419264196235,0.35,3.2526911934581184,0
3,trip,2990,3002.0089706448603,z21,z30,toy-0007216,,,False,47.89500000000031,0.0,46.814192641962876,0.35,3.2526911934581184,0
10,trip,2990,2998.8333333333335,z21,z22,toy-0007217,,,False,47.89500000000003,0.0,47.10000000000003,0.35,2.3,0
2,trip,2990,2998.8333333333335,z22,z32,toy-0007218,,,False,31.869340014304257,0.0,31.074340014304255,0.35,2.3,0
11,trip,2990,3012.851274623054,z30,z12,toy-0007214,,,False,46.24711309552509,0.0,44.19049837945022,0.35,6.505382386916237,0
9,trip,2990,3008.309854494165,z01,z20,toy-0007215,,,False,44.42919264196294,0.0,42.78130573748809,0.35,5.142956348249516,0
5,trip,3000,3008.8333333333335,z22,z21,toy-0007219,,,False,27.435673438546804,0.0,26.640673438546806,0.35,2.3,0
18,trip,3000,3024.1666666666665,z01,z31,toy-0007220,,,False,37.79881920706504,0.0,35.62381920706504,0.35,6.8999999999999995,0
17,trip,3000,3022.851274623054,z02,z20,toy-0007221,,,False,28.349024007608783,0.0,26.29240929153391,0.35,6.505382386916237,0
2,trip,3000,3028.809226445224,z32,z00,toy-0007222,,,False,31.074340014304283,0.0,28.48150963423413,0.35,8.292767933567175,0
23,visit,3000,3015.0,z32,z32,,hub_waterfront,,True,33.44936770105911,14.655632298940889,47.894999999999996,0.7,0,8.793379379364533
4,trip,3010,3032.851274623054,z10,z32,toy-0007223,,,False,42.763385283925004,0.0,40.706770567850135,0.35,6.505382386916237,0
1,trip,3010,3035.410795394624,z31,z00,toy-0007224,,,False,47.894999999999854,0.0,45.60802841448367,0.35,7.273238618387272,0
7,trip,3010,3035.410795394624,z32,z01,toy-0007226,,,False,46.4100000000001,0.0,44.12302841448392,0.35,7.273238618387272,0
19,trip,3010,3018.8333333333335,z32,z22,toy-0007227,,,False,40.98180411693805,0.0,40.18680411693805,0.35,2.3,0
6,trip,3010,3022.0089706448603,z31,z20,toy-0007225,,,False,42.13305098358706,0.0,41.05224362554963,0.35,3.2526911934581184,0
9,visit,3010,3052.3333333333335,z20,z20,,depot_south,central,False,42.78130573748809,0.0,41.40130573748809,4.6,0,0
5,visit,3010,3025.0,z21,z21,,hub_inner,,True,26.64067343854683,17.77777777777778,44.20845121632461,0.7,0,10.666666666666668
3,trip,3020,3036.5,z30,z10,toy-0007228,,,False,46.81419264196288,0.0,45.329192641962884,0.35,4.6,0
8,trip,3020,3032.0089706448603,z12,z21,toy-0007231,,,False,44.37130573748814,0.0,43.29049837945071,0.35,3.2526911934581184,0
25,trip,3020,3028.8333333333335,z11,z10,toy-0007230,,,False,42.46419264196257,0.0,41.66919264196257,0.35,2.3,0
55,trip,3020,3045.410795394624,z30,z01,toy-0007229,,,False,47.8949999999997,0.0,45.60802841448351,0.35,7.273238618387272,0
16,trip,3020,3028.8333333333335,z21,z31,toy-0007234,,,False,46.81419264196236,0.0,46.019192641962356,0.35,2.3,0
56,trip,3020,3032.0089706448603,z30,z21,toy-0007233,,,False,44.07211309552533,0.0,42.9913057374879,0.35,3.2526911934581184,0
15,trip,3020,3036.5,z10,z12,toy-0007232,,,False,41.06838528392508,0.0,39.58338528392508,0.35,4.6,0
12,trip,3020,3038.309854494165,z31,z10,toy-0007235,,,False,47.894999999999925,0.0,46.24711309552507,0.35,5.142956348249516,0
11,trip,3020,3038.309854494165,z12,z31,toy-0007236,,,False,44.190498379450226,0.0,42.542611474975374,0.35,5.142956348249516,0
16,trip,3030,3038.8333333333335,z31,z32,toy-0007240,,,False,46.019192641962384,0.0,45.22419264196238,0.35,2.3,0
6,trip,3030,3038.8333333333335,z20,z10,toy-0007237,,,False,41.052243625549636,0.0,40.257243625549634,0.35,2.3,0
26,trip,3030,3042.0089706448603,z01,z12,toy-0007238,,,False,40.03922619105071,0.0,38.958418833013276,0.35,3.2526911934581184,0
18,trip,3030,3038.8333333333335,z31,z21,toy-0007239,,,False,35.62381920706505,0.0,34.828819207065045,0.35,2.3,0
10,trip,3030,3042.0089706448603,z22,z31,toy-0007241,,,False,47.10000000000006,0.0,46.019192641962626,0.35,3.2526911934581184,0
2,visit,3030,3045.0,z00,z00,,depot_west,,True,28.481509634234136,17.77777777777778,46.049287412011914,0.7,0,10.666666666666668
16,trip,3040,3056.5,z32,z12,toy-0007243,,,False,45.22419264196241,0.0,43.73919264196241,0.35,4.6,0
14,trip,3040,3052.0089706448603,z22,z11,toy-0007242,,,False,27.197881150004623,0.0,26.117073791967186,0.35,3.2526911934581184,0
21,trip,3040,3048.8333333333335,z32,z31,toy-0007245,,,False,39.06823231123002,0.0,38.27323231123002,0.35,2.3,0
45,trip,3040,3048.8333333333335,z01,z00,toy-0007244,,,False,44.054192641962565,0.0,43.259192641962564,0.35,2.3,0
15,visit,3040,3060.3333333333335,z12,z12,,hub_center,local,False,39.583385283925075,0.0,38.20338528392507,4.6,0,0
4,visit,3040,3097.6666666666665,z32,z32,,depot_south,central,False,40.70677056785014,0.0,37.946770567850145,9.2,0,0
7,visit,3040,3060.3333333333335,z01,z01,,depot_west,local,False,44.12302841448393,0.0,42.74302841448393,4.6,0,0
12,visit,3040,3060.3333333333335,z10,z10,,depot_west,local,False,46.24711309552507,0.0,44.86711309552507,4.6,0,0
18,visit,3040,3055.0,z21,z21,,hub_inner,,True,34.828819207065074,13.276180792934923,47.894999999999996,0.7,0,7.9657084757609535
10,trip,3050,3062.0089706448603,z31,z22,toy-0007246,,,False,46.01919264196263,0.0,44.9383852839252,0.35,3.2526911934581184,0
23,trip,3050,3068.309854494165,z32,z11,toy-0007247,,,False,47.895,0.0,46.24711309552515,0.35,5.142956348249516,0
37,trip,3050,3058.8333333333335,z11,z12,toy-0007248,,,False,45.73338528392493,0.0,44.93838528392493,0.35,2.3,0
21,visit,3050,3065.0,z31,z31,,hub_core,local,True,38.273232311230046,9.83176768876995,47.894999999999996,0.7,0,5.89906061326197
9,trip,3060,3072.0089706448603,z20,z31,toy-0007249,,,False,41.40130573748812,0.0,40.32049837945069,0.35,3.2526911934581184,0
20,trip,3060,3085.410795394624,z02,z31,toy-0007250,,,False,47.02419264196242,0.0,44.73722105644624,0.35,7.273238618387272,0
14,visit,3060,3075.0,z11,z11,,hub_center,,True,26.1170737919672,17.77777777777778,43.68485156974498,0.7,0,10.666666666666668
10,trip,3070,3086.5,z22,z20,toy-0007251,,,False,44.93838528392521,0.0,43.45338528392521,0.35,4.6,0
24,trip,3070,3088.309854494165,z02,z21,toy-0007253,,,False,45.719999999999885,0.0,44.07211309552503,0.35,5.142956348249516,0
5,trip,3070,3082.0089706448603,z21,z12,toy-0007252,,,False,44.20845121632438,0.0,43.127643858286945,0.35,3.2526911934581184,0
8,trip,3080,3092.0089706448603,z21,z32,toy-0007254,,,False,43.29049837945072,0.0,42.209691021413285,0.35,3.2526911934581184,0
13,trip,3080,3096.5,z20,z22,toy-0007255,,,False,41.479282715455284,0.0,39.994282715455284,0.35,4.6,0
9,trip,3080,3096.5,z31,z11,toy-0007256,,,False,40.3204983794507,0.0,38.8354983794507,0.35,4.6,0
14,trip,3090,3102.0089706448603,z11,z20,toy-0007257,,,False,43.684851569744744,0.0,42.60404421170731,0.35,3.2526911934581184,0
15,trip,3090,3108.309854494165,z12,z00,toy-0007259,,,False,38.20338528392511,0.0,36.555498379450256,0.35,5.142956348249516,0
11,trip,3090,3098.8333333333335,z31,z30,toy-0007258,,,False,42.542611474975374,0.0,41.74761147497537,0.35,2.3,0
16,trip,3090,3098.8333333333335,z12,z22,toy-0007261,,,False,43.739192641962404,0.0,42.9441926419624,0.35,2.3,0
3,trip,3090,3098.8333333333335,z10,z20,toy-0007260,,,False,45.32919264196288,0.0,44.534192641962875,0.35,2.3,0
5,visit,3090,3110.3333333333335,z12,z12,,hub_center,local,False,43.12764385828695,0.0,41.74764385828695,4.6,0,0
6,trip,3100,3112.0089706448603,z10,z01,toy-0007263,,,False,40.25724362554966,0.0,39.17643626751223,0.35,3.2526911934581184,0
12,trip,3100,3108.8333333333335,z10,z00,toy-0007262,,,False,44.867113095525106,0.0,44.072113095525104,0.35,2.3,0
3,trip,3100,3118.309854494165,z20,z32,toy-0007264,,,False,44.5341926419629,0.0,42.88630573748805,0.35,5.142956348249516,0
9,trip,3100,3116.5,z11,z31,toy-0007265,,,False,38.83549837945069,0.0,37.35049837945069,0.35,4.6,0
18,trip,3100,3108.8333333333335,z21,z20,toy-0007266,,,False,47.89500000000001,0.0,47.10000000000001,0.35,2.3,0
4,visit,3100,3115.0,z32,z32,,hub_waterfront,,True,37.94677056785012,10.158229432149874,47.894999999999996,0.7,0,6.094937659289924
8,trip,3110,3122.0089706448603,z32,z21,toy-0007267,,,False,42.20969102141329,0.0,41.12888366337586,0.35,3.2526911934581184,0
23,trip,3110,3118.8333333333335,z11,z21,toy-0007269,,,False,46.24711309552515,0.0,45.45211309552515,0.35,2.3,0
11,trip,3110,3118.8333333333335,z30,z31,toy-0007268,,,False,41.7476114749754,0.0,40.9526114749754,0.35,2.3,0
14,visit,3110,3130.3333333333335,z20,z20,,depot_south,local,False,42.60404421170732,0.0,41.224044211707316,4.6,0,0
15,visit,3110,3125.0,z00,z00,,depot_west,,True,36.555498379450256,11.54950162054974,47.894999999999996,0.7,0,6.929700972329845
9,trip,3120,3128.8333333333335,z31,z32,toy-0007273,,,False,37.350498379450684,0.0,36.55549837945068,0.35,2.3,0
10,trip,3120,3128.8333333333335,z20,z21,toy-0007270,,,False,43.4533852839252,0.0,42.6583852839252,0.35,2.3,0
23,trip,3120,3138.309854494165,z21,z02,toy-0007271,,,False,45.45211309552518,0.0,43.804226191050326,0.35,5.142956348249516,0
11,trip,3120,3138.309854494165,z31,z12,toy-0007272,,,False,40.95261147497543,0.0,39.304724570500575,0.35,5.142956348249516,0
24,trip,3120,3128.8333333333335,z21,z31,toy-0007274,,,False,44.07211309552503,0.0,43.27711309552503,0.35,2.3,0
6,visit,3120,3162.3333333333335,z01,z01,,depot_west,central,False,39.17643626751224,0.0,37.796436267512235,4.6,0,0
5,trip,3130,3146.5,z12,z32,toy-0007275,,,False,41.747643858286985,0.0,40.262643858286985,0.35,4.6,0
20,trip,3130,3138.8333333333335,z31,z21,toy-0007279,,,False,44.73722105644625,0.0,43.94222105644625,0.35,2.3,0
13,trip,3130,3138.8333333333335,z22,z32,toy-0007280,,,False,39.99428271545528,0.0,39.199282715455276,0.35,2.3,0
39,trip,3130,3148.309854494165,z11,z32,toy-0007278,,,False,43.786305737487595,0.0,42.13841883301274,0.35,5.142956348249516,0
25,trip,3130,3148.309854494165,z10,z31,toy-0007277,,,False,41.669192641962596,0.0,40.021305737487744,0.35,5.142956348249516,0
0,trip,3130,3154.1666666666665,z00,z30,toy-0007276,,,False,41.034779929129364,0.0,38.85977992912937,0.35,6.8999999999999995,0
9,visit,3130,3145.0,z32,z32,,hub_waterfront,,True,36.55549837945071,11.549501620549286,47.894999999999996,0.7,0,6.929700972329572
1,trip,3140,3168.809226445224,z00,z32,toy-0007281,,,False,45.608028414483684,0.0,43.01519803441353,0.35,8.292767933567175,0
3,trip,3140,3148.8333333333335,z32,z31,toy-0007282,,,False,42.88630573748805,0.0,42.09130573748805,0.35,2.3,0
16,trip,3140,3148.8333333333335,z22,z12,toy-0007283,,,False,42.94419264196243,0.0,42.14919264196243,0.35,2.3,0
13,visit,3140,3155.0,z32,z32,,hub_waterfront,local,True,39.199282715455304,8.905717284544693,47.894999999999996,0.7,0,5.343430370726816
19,trip,3150,3162.0089706448603,z22,z31,toy-0007285,,,False,40.18680411693808,0.0,39.105996758900645,0.35,3.2526911934581184,0
11,trip,3150,3168.309854494165,z12,z20,toy-0007284,,,False,39.304724570500575,0.0,37.65683766602572,0.35,5.142956348249516,0
8,trip,3150,3166.5,z21,z01,toy-0007286,,,False,41.128883663375866,0.0,39.64388366337587,0.35,4.6,0
10,trip,3150,3158.8333333333335,z21,z22,toy-0007287,,,False,42.65838528392523,0.0,41.863385283925226,0.35,2.3,0
4,trip,3160,3178.309854494165,z32,z20,toy-0007289,,,False,47.894999999999854,0.0,46.247113095525,0.35,5.142956348249516,0
14,trip,3160,3168.8333333333335,z20,z30,toy-0007288,,,False,41.22404421170735,0.0,40.42904421170735,0.35,2.3,0
5,trip,3160,3168.8333333333335,z32,z22,toy-0007290,,,False,40.26264385828698,0.0,39.467643858286976,0.35,2.3,0
10,trip,3160,3178.309854494165,z22,z10,toy-0007294,,,False,41.863385283925254,0.0,40.2154983794504,0.35,5.142956348249516,0
3,trip,3160,3172.0089706448603,z31,z22,toy-0007292,,,False,42.09130573748808,0.0,41.010498379450645,0.35,3.2526911934581184,0
7,trip,3160,3185.410795394624,z01,z32,toy-0007291,,,False,42.743028414483966,0.0,40.45605682896778,0.35,7.273238618387272,0
16,trip,3160,3168.8333333333335,z12,z11,toy-0007293,,,False,42.14919264196246,0.0,41.354192641962456,0.35,2.3,0
22,trip,3160,3168.8333333333335,z22,z21,toy-0007295,,,False,44.19049837944997,0.0,43.39549837944997,0.35,2.3,0
0,visit,3160,3175.0,z30,z30,,depot_south,,True,38.859779929129374,9.245220070870623,47.894999999999996,0.7,0,5.547132042522374
6,trip,3170,3186.5,z01,z21,toy-0007296,,,False,37.79643626751227,0.0,36.31143626751227,0.35,4.6,0
19,trip,3170,3182.0089706448603,z31,z20,toy-0007297,,,False,39.10599675890065,0.0,38.02518940086322,0.35,3.2526911934581184,0
1,trip,3170,3192.851274623054,z32,z10,toy-0007300,,,False,43.01519803441353,0.0,40.95858331833866,0.35,6.505382386916237,0
21,trip,3170,3194.1666666666665,z31,z01,toy-0007299,,,False,47.89500000000008,0.0,45.720000000000084,0.35,6.8999999999999995,0
20,trip,3170,3178.8333333333335,z21,z11,toy-0007298,,,False,43.94222105644628,0.0,43.14722105644628,0.35,2.3,0
10,trip,3180,3198.309854494165,z10,z22,toy-0007301,,,False,40.2154983794504,0.0,38.56761147497555,0.35,5.142956348249516,0
3,trip,3180,3198.309854494165,z22,z01,toy-0007302,,,False,41.01049837945065,0.0,39.3626114749758,0.35,5.142956348249516,0
9,trip,3180,3196.5,z32,z30,toy-0007303,,,False,47.89499999999999,0.0,46.40999999999999,0.35,4.6,0
5,trip,3190,3208.309854494165,z22,z30,toy-0007306,,,False,39.467643858287005,0.0,37.81975695381215,0.35,5.142956348249516,0
4,trip,3190,3208.309854494165,z20,z12,toy-0007304,,,False,46.247113095525,0.0,44.59922619105015,0.35,5.142956348249516,0
24,trip,3190,3198.8333333333335,z31,z32,toy-0007305,,,False,43.27711309552506,0.0,42.48211309552506,0.35,2.3,0
11,trip,3190,3202.0089706448603,z20,z11,toy-0007307,,,False,37.65683766602572,0.0,36.57603030798829,0.35,3.2526911934581184,0
17,trip,3190,3202.0089706448603,z20,z31,toy-0007308,,,False,26.292409291533925,0.0,25.21160193349649,0.35,3.2526911934581184,0
16,trip,3190,3202.0089706448603,z11,z22,toy-0007309,,,False,41.354192641962484,0.0,40.27338528392505,0.35,3.2526911934581184,0
6,trip,3190,3202.0089706448603,z21,z32,toy-0007310,,,False,36.31143626751226,0.0,35.23062890947483,0.35,3.2526911934581184,0
22,trip,3200,3208.8333333333335,z21,z31,toy-0007311,,,False,43.39549837945,0.0,42.600498379449995,0.35,2.3,0
25,trip,3200,3216.5,z31,z11,toy-0007312,,,False,40.021305737487744,0.0,38.536305737487744,0.35,4.6,0
7,trip,3200,3208.8333333333335,z32,z31,toy-0007314,,,False,40.456056828967796,0.0,39.661056828967794,0.35,2.3,0
26,trip,3200,3218.309854494165,z12,z31,toy-0007313,,,False,38.95841883301328,0.0,37.31053192853843,0.35,5.142956348249516,0
23,trip,3200,3228.809226445224,z02,z30,toy-0007317,,,False,43.804226191050326,0.0,41.21139581098017,0.35,8.292767933567175,0
33,trip,3200,3208.8333333333335,z31,z21,toy-0007316,,,False,46.40999999999969,0.0,45.61499999999969,0.35,2.3,0
13,trip,3200,3212.0089706448603,z32,z21,toy-0007319,,,False,47.89499999999993,0.0,46.8141926419625,0.35,3.2526911934581184,0
28,trip,3200,3222.851274623054,z22,z00,toy-0007318,,,False,43.844192641962785,0.0,41.787577925887916,0.35,6.505382386916237,0
1,trip,3200,3208.8333333333335,z10,z11,toy-0007315,,,False,40.95858331833867,0.0,40.16358331833867,0.35,2.3,0
10,visit,3200,3220.3333333333335,z22,z22,,hub_inner,local,False,38.56761147497555,0.0,37.18761147497555,4.6,0,0
1,trip,3210,3226.5,z11,z31,toy-0007321,,,False,40.163583318338695,0.0,38.678583318338696,0.35,4.6,0
3,trip,3210,3228.309854494165,z01,z22,toy-0007320,,,False,39.3626114749758,0.0,37.71472457050095,0.35,5.142956348249516,0
6,trip,3210,3228.309854494165,z32,z11,toy-0007323,,,False,35.23062890947484,0.0,33.582742004999986,0.35,5.142956348249516,0
7,trip,3210,3228.309854494165,z31,z10,toy-0007322,,,False,39.66105682896782,0.0,38.01316992449297,0.35,5.142956348249516,0
29,trip,3210,3222.0089706448603,z22,z31,toy-0007327,,,False,47.10000000000017,0.0,46.01919264196274,0.35,3.2526911934581184,0
42,trip,3210,3222.0089706448603,z10,z21,toy-0007325,,,False,38.54568661453727,0.0,37.464879256499835,0.35,3.2526911934581184,0
2,trip,3210,3235.410795394624,z00,z31,toy-0007324,,,False,46.04928741201169,0.0,43.7623158264955,0.35,7.273238618387272,0
8,trip,3210,3234.1666666666665,z01,z31,toy-0007326,,,False,39.64388366337586,0.0,37.46888366337586,0.35,6.8999999999999995,0
11,visit,3210,3225.0,z11,z11,,hub_center,local,True,36.5760303079883,11.528969692011701,47.894999999999996,0.7,0,6.91738181520702
16,visit,3210,3230.3333333333335,z22,z22,,hub_inner,local,False,40.27338528392506,0.0,38.893385283925056,4.6,0,0
17,visit,3210,3225.0,z31,z31,,hub_core,,True,25.211601933496503,17.77777777777778,42.77937971127428,0.7,0,10.666666666666668
5,visit,3210,3225.0,z30,z30,,depot_south,,True,37.81975695381215,10.285243046187844,47.894999999999996,0.7,0,6.1711458277127065
46,trip,3220,3232.0089706448603,z22,z11,toy-0007332,,,False,41.702306027168504,0.0,40.62149866913107,0.35,3.2526911934581184,0
22,trip,3220,3232.0089706448603,z31,z22,toy-0007330,,,False,42.60049837945002,0.0,41.51969102141259,0.35,3.2526911934581184,0
13,trip,3220,3232.0089706448603,z21,z10,toy-0007329,,,False,46.81419264196251,0.0,45.733385283925074,0.35,3.2526911934581184,0
47,trip,3220,3228.8333333333335,z22,z32,toy-0007333,,,False,45.16630573748789,0.0,44.37130573748789,0.35,2.3,0
34,trip,3220,3238.309854494165,z02,z10,toy-0007331,,,False,37.41384046907777,0.0,35.76595356460292,0.35,5.142956348249516,0
21,trip,3220,3232.0089706448603,z01,z10,toy-0007328,,,False,45.72000000000009,0.0,44.63919264196266,0.35,3.2526911934581184,0
26,visit,3220,3235.0,z31,z31,,hub_core,local,True,37.31053192853843,10.794468071461568,47.894999999999996,0.7,0,6.47668084287694
25,visit,3220,3235.0,z11,z11,,hub_center,,True,38.53630573748774,9.56869426251226,47.894999999999996,0.7,0,5.741216557507356
24,trip,3230,3254.1666666666665,z32,z02,toy-0007337,,,False,42.48211309552509,0.0,40.30711309552509,0.35,6.8999999999999995,0
27,trip,3230,3248.309854494165,z21,z00,toy-0007334,,,False,47.895000000000145,0.0,46.24711309552529,0.35,5.142956348249516,0
1,trip,3230,3238.8333333333335,z31,z32,toy-0007335,,,False,38.67858331833869,0.0,37.88358331833869,0.35,2.3,0
10,trip,3230,3246.5,z22,z02,toy-0007336,,,False,37.18761147497558,0.0,35.70261147497558,0.35,4.6,0
18,trip,3230,3248.309854494165,z20,z32,toy-0007340,,,False,47.10000000000004,0.0,45.452113095525185,0.35,5.142956348249516,0
7,trip,3230,3252.851274623054,z10,z32,toy-0007339,,,False,38.01316992449297,0.0,35.9565552084181,0.35,6.505382386916237,0
12,trip,3230,3246.5,z00,z20,toy-0007338,,,False,44.07211309552513,0.0,42.58711309552513,0.35,4.6,0
36,trip,3230,3246.5,z32,z12,toy-0007343,,,False,47.10000000000019,0.0,45.615000000000194,0.35,4.6,0
39,trip,3230,3238.8333333333335,z32,z22,toy-0007344,,,False,42.13841883301274,0.0,41.34341883301274,0.35,2.3,0
51,trip,3230,3238.8333333333335,z01,z11,toy-0007341,,,False,35.96352679393458,0.0,35.168526793934575,0.35,2.3,0
4,trip,3230,3252.851274623054,z12,z30,toy-0007342,,,False,44.59922619105015,0.0,42.54261147497528,0.35,6.505382386916237,0
3,visit,3230,3250.3333333333335,z22,z22,,hub_inner,local,False,37.71472457050095,0.0,36.334724570500946,4.6,0,0
6,visit,3230,3245.0,z11,z11,,hub_center,,True,33.582742004999986,14.522257995000011,47.894999999999996,0.7,0,8.713354797000006
42,visit,3230,3245.0,z21,z21,,hub_inner,,True,37.46487925649984,10.640120743500155,47.894999999999996,0.7,0,6.3840724461000935
15,trip,3240,3258.309854494165,z00,z21,toy-0007345,,,False,47.895000000000294,0.0,46.24711309552544,0.35,5.142956348249516,0
11,trip,3240,3258.309854494165,z11,z32,toy-0007349,,,False,47.89500000000021,0.0,46.24711309552536,0.35,5.142956348249516,0
20,trip,3240,3248.8333333333335,z11,z21,toy-0007348,,,False,43.147221056446305,0.0,42.352221056446304,0.35,2.3,0
2,trip,3240,3252.0089706448603,z31,z20,toy-0007352,,,False,43.76231582649552,0.0,42.681508468458084,0.35,3.2526911934581184,0
1,trip,3240,3248.8333333333335,z32,z31,toy-0007357,,,False,37.883583318338715,0.0,37.08858331833871,0.35,2.3,0
33,trip,3240,3248.8333333333335,z21,z22,toy-0007351,,,False,45.61499999999972,0.0,44.819999999999716,0.35,2.3,0
55,trip,3240,3248.8333333333335,z01,z02,toy-0007347,,,False,45.60802841448353,0.0,44.813028414483526,0.35,2.3,0
17,trip,3240,3258.309854494165,z31,z12,toy-0007353,,,False,42.77937971127405,0.0,41.1314928067992,0.35,5.142956348249516,0
56,trip,3240,3248.8333333333335,z21,z31,toy-0007350,,,False,42.991305737487906,0.0,42.196305737487904,0.35,2.3,0
0,trip,3240,3258.309854494165,z30,z22,toy-0007346,,,False,47.89499999999974,0.0,46.24711309552489,0.35,5.142956348249516,0
16,trip,3240,3248.8333333333335,z22,z21,toy-0007356,,,False,38.89338528392509,0.0,38.09838528392509,0.35,2.3,0
30,trip,3240,3252.0089706448603,z12,z21,toy-0007355,,,False,46.24711309552509,0.0,45.166305737487654,0.35,3.2526911934581184,0
38,trip,3240,3252.0089706448603,z02,z11,toy-0007354,,,False,41.19560634037167,0.0,40.114798982334236,0.35,3.2526911934581184,0
22,trip,3240,3256.5,z22,z20,toy-0007368,,,False,41.5196910214126,0.0,40.0346910214126,0.35,4.6,0
26,trip,3240,3265.410795394624,z31,z00,toy-0007365,,,False,47.89500000000038,0.0,45.608028414484195,0.35,7.273238618387272,0
19,trip,3240,3262.851274623054,z20,z02,toy-0007359,,,False,38.025189400863226,0.0,35.96857468478836,0.35,6.505382386916237,0
63,trip,3240,3256.5,z20,z22,toy-0007360,,,False,45.32919264196247,0.0,43.84419264196247,0.35,4.6,0
58,trip,3240,3252.0089706448603,z21,z32,toy-0007364,,,False,39.90377453667839,0.0,38.82296717864096,0.35,3.2526911934581184,0
60,trip,3240,3264.1666666666665,z02,z32,toy-0007367,,,False,41.29451650984418,0.0,39.11951650984418,0.35,6.8999999999999995,0
5,trip,3240,3256.5,z30,z32,toy-0007362,,,False,47.89500000000007,0.0,46.41000000000007,0.35,4.6,0
29,trip,3240,3248.8333333333335,z31,z21,toy-0007366,,,False,46.019192641962746,0.0,45.224192641962745,0.35,2.3,0
65,trip,3240,3248.8333333333335,z20,z21,toy-0007358,,,False,45.32919264196246,0.0,44.534192641962456,0.35,2.3,0
67,trip,3240,3248.8333333333335,z21,z20,toy-0007363,,,False,47.894999999999726,0.0,47.099999999999724,0.35,2.3,0
9,trip,3240,3258.309854494165,z30,z11,toy-0007361,,,False,46.40999999999998,0.0,44.76211309552513,0.35,5.142956348249516,0
41,trip,3240,3265.410795394624,z32,z01,toy-0007369,,,False,43.16549721367436,0.0,40.87852562815817,0.35,7.273238618387272,0
8,visit,3240,3255.0,z31,z31,,hub_core,local,True,37.46888366337587,10.636116336624127,47.894999999999996,0.7,0,6.381669801974477
51,visit,3240,3255.0,z11,z11,,hub_center,,True,35.1685267939346,12.936473206065394,47.894999999999996,0.7,0,7.761883923639236
1,trip,3250,3266.5,z31,z11,toy-0007373,,,False,37.08858331833874,0.0,35.60358331833874,0.35,4.6,0
49,trip,3250,3275.410795394624,z31,z02,toy-0007374,,,False,44.143385283925134,0.0,41.85641369840895,0.35,7.273238618387272,0
28,trip,3250,3262.0089706448603,z00,z11,toy-0007370,,,False,41.78757792588792,0.0,40.70677056785049,0.35,3.2526911934581184,0
18,trip,3250,3268.309854494165,z32,z20,toy-0007376,,,False,45.452113095525185,0.0,43.80422619105033,0.35,5.142956348249516,0
44,trip,3250,3262.0089706448603,z32,z21,toy-0007377,,,False,43.22302841448418,0.0,42.14222105644675,0.35,3.2526911934581184,0
33,trip,3250,3262.0089706448603,z22,z31,toy-0007375,,,False,44.819999999999744,0.0,43.73919264196231,0.35,3.2526911934581184,0
13,trip,3250,3268.309854494165,z10,z31,toy-0007371,,,False,45.73338528392508,0.0,44.08549837945023,0.35,5.142956348249516,0
12,trip,3250,3262.0089706448603,z20,z31,toy-0007372,,,False,42.587113095525126,0.0,41.50630573748769,0.35,3.2526911934581184,0
6,trip,3250,3266.5,z11,z31,toy-0007380,,,False,47.89500000000033,0.0,46.41000000000033,0.35,4.6,0
35,trip,3250,3266.5,z12,z32,toy-0007387,,,False,43.783525628158394,0.0,42.298525628158394,0.35,4.6,0
50,trip,3250,3262.0089706448603,z31,z22,toy-0007385,,,False,47.89499999999993,0.0,46.8141926419625,0.35,3.2526911934581184,0
52,trip,3250,3258.8333333333335,z31,z30,toy-0007384,,,False,47.89499999999972,0.0,47.09999999999972,0.35,2.3,0
47,trip,3250,3258.8333333333335,z32,z31,toy-0007388,,,False,44.371305737487916,0.0,43.576305737487914,0.35,2.3,0
53,trip,3250,3258.8333333333335,z31,z32,toy-0007386,,,False,47.89500000000003,0.0,47.10000000000003,0.35,2.3,0
67,trip,3250,3268.309854494165,z20,z01,toy-0007379,,,False,47.09999999999975,0.0,45.4521130955249,0.35,5.142956348249516,0
25,trip,3250,3262.0089706448603,z11,z02,toy-0007381,,,False,47.895000000000124,0.0,46.81419264196269,0.35,3.2526911934581184,0
16,trip,3250,3258.8333333333335,z21,z11,toy-0007382,,,False,38.09838528392512,0.0,37.30338528392512,0.35,2.3,0
29,trip,3250,3262.0089706448603,z21,z12,toy-0007383,,,False,45.22419264196277,0.0,44.14338528392534,0.35,3.2526911934581184,0
31,trip,3250,3272.851274623054,z00,z22,toy-0007378,,,False,47.89499999999997,0.0,45.8383852839251,0.35,6.505382386916237,0
20,visit,3250,3265.0,z21,z21,,hub_inner,local,True,42.35222105644633,5.752778943553665,47.894999999999996,0.7,0,3.451667366132199
27,visit,3250,3265.0,z00,z00,,depot_west,local,True,46.24711309552529,1.8578869044747037,47.894999999999996,0.7,0,1.1147321426848222
4,trip,3260,3268.8333333333335,z30,z31,toy-0007389,,,False,42.54261147497529,0.0,41.74761147497529,0.35,2.3,0
15,trip,3260,3268.8333333333335,z21,z31,toy-0007392,,,False,46.24711309552544,0.0,45.45211309552544,0.35,2.3,0
9,trip,3260,3272.0089706448603,z11,z20,toy-0007390,,,False,44.76211309552513,0.0,43.6813057374877,0.35,3.2526911934581184,0
30,trip,3260,3272.0089706448603,z21,z30,toy-0007391,,,False,45.16630573748766,0.0,44.08549837945023,0.35,3.2526911934581184,0
8,trip,3260,3284.1666666666665,z31,z01,toy-0007394,,,False,47.89500000000017,0.0,45.72000000000017,0.35,6.8999999999999995,0
10,trip,3260,3276.5,z02,z22,toy-0007396,,,False,35.702611474975576,0.0,34.21761147497558,0.35,4.6,0
17,trip,3260,3278.309854494165,z12,z31,toy-0007398,,,False,41.1314928067992,0.0,39.48360590232435,0.35,5.142956348249516,0
5,trip,3260,3278.309854494165,z32,z11,toy-0007402,,,False,46.41000000000006,0.0,44.76211309552521,0.35,5.142956348249516,0
16,trip,3260,3272.0089706448603,z11,z00,toy-0007393,,,False,37.303385283925145,0.0,36.22257792588771,0.35,3.2526911934581184,0
0,trip,3260,3268.8333333333335,z22,z32,toy-0007400,,,False,46.24711309552489,0.0,45.452113095524886,0.35,2.3,0
36,trip,3260,3268.8333333333335,z12,z22,toy-0007399,,,False,45.61500000000019,0.0,44.820000000000185,0.35,2.3,0
7,trip,3260,3288.809226445224,z32,z00,toy-0007401,,,False,35.95655520841811,0.0,33.363724828347955,0.35,8.292767933567175,0
37,trip,3260,3272.0089706448603,z12,z01,toy-0007397,,,False,44.93838528392496,0.0,43.857577925887526,0.35,3.2526911934581184,0
47,trip,3260,3268.8333333333335,z31,z21,toy-0007395,,,False,43.57630573748794,0.0,42.78130573748794,0.35,2.3,0
58,visit,3260,3275.0,z32,z32,,hub_waterfront,,True,38.822967178640965,9.282032821359032,47.894999999999996,0.7,0,5.56921969281542
14,trip,3270,3282.0089706448603,z30,z21,toy-0007403,,,False,40.42904421170738,0.0,39.348236853669945,0.35,3.2526911934581184,0
28,trip,3270,3282.0089706448603,z11,z22,toy-0007404,,,False,40.7067705678505,0.0,39.625963209813065,0.35,3.2526911934581184,0
19,trip,3270,3295.410795394624,z02,z31,toy-0007406,,,False,35.968574684788365,0.0,33.68160309927218,0.35,7.273238618387272,0
4,trip,3270,3278.8333333333335,z31,z32,toy-0007405,,,False,41.747611474975315,0.0,40.95261147497531,0.35,2.3,0
0,trip,3270,3278.8333333333335,z32,z22,toy-0007408,,,False,45.452113095524915,0.0,44.65711309552491,0.35,2.3,0
11,trip,3270,3292.851274623054,z32,z10,toy-0007407,,,False,46.24711309552536,0.0,44.19049837945049,0.35,6.505382386916237,0
38,trip,3270,3288.309854494165,z11,z30,toy-0007412,,,False,40.11479898233424,0.0,38.46691207785939,0.35,5.142956348249516,0
26,trip,3270,3278.8333333333335,z00,z01,toy-0007409,,,False,45.60802841448421,0.0,44.81302841448421,0.35,2.3,0
66,trip,3270,3295.410795394624,z01,z32,toy-0007411,,,False,21.08720943964393,0.0,18.80023785412775,0.35,7.273238618387272,0
20,trip,3270,3278.8333333333335,z21,z22,toy-0007415,,,False,47.89500000000031,0.0,47.10000000000031,0.35,2.3,0
3,trip,3270,3278.8333333333335,z22,z12,toy-0007420,,,False,36.33472457050098,0.0,35.53972457050098,0.35,2.3,0
6,trip,3270,3288.309854494165,z31,z10,toy-0007417,,,False,46.41000000000032,0.0,44.76211309552547,0.35,5.142956348249516,0
36,trip,3270,3282.0089706448603,z22,z31,toy-0007419,,,False,44.82000000000021,0.0,43.73919264196278,0.35,3.2526911934581184,0
42,trip,3270,3282.0089706448603,z21,z32,toy-0007416,,,False,47.89500000000014,0.0,46.814192641962705,0.35,3.2526911934581184,0
23,trip,3270,3278.8333333333335,z30,z20,toy-0007410,,,False,41.21139581098017,0.0,40.41639581098017,0.35,2.3,0
35,trip,3270,3278.8333333333335,z32,z31,toy-0007421,,,False,42.29852562815839,0.0,41.503525628158386,0.35,2.3,0
12,trip,3270,3282.0089706448603,z31,z20,toy-0007418,,,False,41.5063057374877,0.0,40.42549837945027,0.35,3.2526911934581184,0
40,trip,3270,3278.8333333333335,z11,z12,toy-0007414,,,False,47.583154247952216,0.0,46.788154247952214,0.35,2.3,0
43,trip,3270,3278.8333333333335,z11,z01,toy-0007413,,,False,47.89500000000039,0.0,47.100000000000385,0.35,2.3,0
1,visit,3270,3285.0,z11,z11,,hub_center,local,True,35.603583318338735,12.501416681661262,47.894999999999996,0.7,0,7.500850008996757
41,visit,3270,3290.3333333333335,z01,z01,,depot_west,local,False,40.87852562815819,0.0,39.498525628158184,4.6,0,0
33,visit,3270,3285.0,z31,z31,,hub_core,local,True,43.73919264196232,4.365807358037679,47.894999999999996,0.7,0,2.619484414822607
5,trip,3280,3288.8333333333335,z11,z10,toy-0007424,,,False,44.76211309552521,0.0,43.96711309552521,0.35,2.3,0
10,trip,3280,3288.8333333333335,z22,z21,toy-0007428,,,False,34.21761147497557,0.0,33.42261147497557,0.35,2.3,0
2,trip,3280,3298.309854494165,z20,z32,toy-0007422,,,False,42.68150846845809,0.0,41.03362156398324,0.35,5.142956348249516,0
13,trip,3280,3292.0089706448603,z31,z22,toy-0007427,,,False,44.08549837945023,0.0,43.004691021412796,0.35,3.2526911934581184,0
4,trip,3280,3292.0089706448603,z32,z21,toy-0007429,,,False,40.95261147497534,0.0,39.87180411693791,0.35,3.2526911934581184,0
26,trip,3280,3304.1666666666665,z01,z31,toy-0007423,,,False,44.813028414484236,0.0,42.63802841448424,0.35,6.8999999999999995,0
46,trip,3280,3298.309854494165,z11,z32,toy-0007425,,,False,40.62149866913108,0.0,38.973611764656226,0.35,5.142956348249516,0
15,trip,3280,3296.5,z31,z11,toy-0007426,,,False,45.45211309552547,0.0,43.96711309552547,0.35,4.6,0
51,trip,3280,3296.5,z11,z31,toy-0007432,,,False,47.8950000000001,0.0,46.4100000000001,0.35,4.6,0
17,trip,3280,3288.8333333333335,z31,z21,toy-0007435,,,False,39.48360590232435,0.0,38.68860590232435,0.35,2.3,0
20,trip,3280,3292.0089706448603,z22,z11,toy-0007439,,,False,47.100000000000335,0.0,46.0191926419629,0.35,3.2526911934581184,0
31,trip,3280,3298.309854494165,z22,z10,toy-0007438,,,False,45.838385283925106,0.0,44.190498379450254,0.35,5.142956348249516,0
9,trip,3280,3292.0089706448603,z20,z31,toy-0007431,,,False,43.681305737487705,0.0,42.60049837945027,0.35,3.2526911934581184,0
44,trip,3280,3296.5,z21,z01,toy-0007433,,,False,42.14222105644676,0.0,40.65722105644676,0.35,4.6,0
18,trip,3280,3292.0089706448603,z20,z11,toy-0007430,,,False,43.80422619105033,0.0,42.7234188330129,0.35,3.2526911934581184,0
35,trip,3280,3298.309854494165,z31,z12,toy-0007436,,,False,41.503525628158414,0.0,39.85563872368356,0.35,5.142956348249516,0
3,trip,3280,3296.5,z12,z10,toy-0007437,,,False,35.53972457050101,0.0,34.05472457050101,0.35,4.6,0
47,trip,3280,3288.8333333333335,z21,z31,toy-0007434,,,False,42.78130573748797,0.0,41.98630573748797,0.35,2.3,0
0,visit,3280,3300.3333333333335,z22,z22,,hub_inner,local,False,44.65711309552494,0.0,43.27711309552494,4.6,0,0
16,visit,3280,3295.0,z00,z00,,depot_west,,True,36.22257792588772,11.882422074112277,47.894999999999996,0.7,0,7.129453244467367
33,trip,3290,3298.8333333333335,z31,z32,toy-0007444,,,False,47.89500000000007,0.0,47.100000000000065,0.35,2.3,0
42,trip,3290,3308.309854494165,z32,z20,toy-0007445,,,False,46.81419264196271,0.0,45.16630573748786,0.35,5.142956348249516,0
5,trip,3290,3308.309854494165,z10,z22,toy-0007440,,,False,43.967113095525235,0.0,42.31922619105038,0.35,5.142956348249516,0
48,trip,3290,3306.5,z32,z12,toy-0007447,,,False,44.58799380748217,0.0,43.10299380748217,0.35,4.6,0
53,trip,3290,3306.5,z32,z30,toy-0007446,,,False,47.10000000000006,0.0,45.61500000000006,0.35,4.6,0
8,trip,3290,3306.5,z01,z21,toy-0007442,,,False,45.72000000000018,0.0,44.23500000000018,0.35,4.6,0
12,trip,3290,3298.8333333333335,z20,z10,toy-0007441,,,False,40.425498379450275,0.0,39.63049837945027,0.35,2.3,0
1,trip,3290,3298.8333333333335,z11,z21,toy-0007443,,,False,47.89499999999979,0.0,47.09999999999979,0.35,2.3,0
10,trip,3290,3298.8333333333335,z21,z20,toy-0007453,,,False,33.4226114749756,0.0,32.627611474975595,0.35,2.3,0
22,trip,3290,3298.8333333333335,z20,z21,toy-0007451,,,False,40.03469102141259,0.0,39.23969102141259,0.35,2.3,0
28,trip,3290,3298.8333333333335,z22,z32,toy-0007455,,,False,39.62596320981307,0.0,38.83096320981307,0.35,2.3,0
39,trip,3290,3306.5,z22,z20,toy-0007454,,,False,41.34341883301277,0.0,39.85841883301277,0.35,4.6,0
6,trip,3290,3308.309854494165,z10,z31,toy-0007449,,,False,44.76211309552547,0.0,43.11422619105062,0.35,5.142956348249516,0
21,trip,3290,3312.851274623054,z10,z32,toy-0007450,,,False,44.639192641962666,0.0,42.5825779258878,0.35,6.505382386916237,0
7,trip,3290,3318.809226445224,z00,z32,toy-0007448,,,False,33.363724828347955,0.0,30.7708944482778,0.35,8.292767933567175,0
58,trip,3290,3298.8333333333335,z32,z31,toy-0007456,,,False,47.89499999999981,0.0,47.09999999999981,0.35,2.3,0
37,trip,3290,3308.309854494165,z01,z20,toy-0007452,,,False,43.85757792588753,0.0,42.20969102141268,0.35,5.142956348249516,0
38,visit,3290,3305.0,z30,z30,,depot_south,,True,38.46691207785939,9.638087922140606,47.894999999999996,0.7,0,5.782852753284363
17,visit,3290,3305.0,z21,z21,,hub_inner,,True,38.688605902324376,9.416394097675623,47.894999999999996,0.7,0,5.649836458605373
13,trip,3300,3312.0089706448603,z22,z31,toy-0007472,,,False,43.0046910214128,0.0,41.92388366337537,0.35,3.2526911934581184,0
2,trip,3300,3308.8333333333335,z32,z22,toy-0007474,,,False,41.03362156398324,0.0,40.23862156398324,0.35,2.3,0
3,trip,3300,3308.8333333333335,z10,z20,toy-0007458,,,False,34.054724570501,0.0,33.259724570501,0.35,2.3,0
29,trip,3300,3318.309854494165,z12,z20,toy-0007466,,,False,44.14338528392535,0.0,42.495498379450495,0.35,5.142956348249516,0
10,trip,3300,3316.5,z20,z22,toy-0007461,,,False,32.62761147497562,0.0,31.142611474975624,0.35,4.6,0
35,trip,3300,3318.309854494165,z12,z31,toy-0007469,,,False,39.85563872368356,0.0,38.20775181920871,0.35,5.142956348249516,0
1,trip,3300,3308.8333333333335,z21,z31,toy-0007463,,,False,47.09999999999982,0.0,46.304999999999815,0.35,2.3,0
11,trip,3300,3312.0089706448603,z10,z21,toy-0007460,,,False,44.190498379450496,0.0,43.10969102141306,0.35,3.2526911934581184,0
50,trip,3300,3318.309854494165,z22,z01,toy-0007471,,,False,46.81419264196251,0.0,45.166305737487654,0.35,5.142956348249516,0
16,trip,3300,3325.410795394624,z00,z31,toy-0007457,,,False,47.89499999999972,0.0,45.608028414483535,0.35,7.273238618387272,0
40,trip,3300,3308.8333333333335,z12,z11,toy-0007467,,,False,46.78815424795224,0.0,45.99315424795224,0.35,2.3,0
28,trip,3300,3318.309854494165,z32,z11,toy-0007473,,,False,38.8309632098131,0.0,37.18307630533825,0.35,5.142956348249516,0
77,trip,3300,3312.0089706448603,z12,z21,toy-0007468,,,False,42.85124333586839,0.0,41.77043597783096,0.35,3.2526911934581184,0
12,trip,3300,3316.5,z10,z30,toy-0007459,,,False,39.6304983794503,0.0,38.1454983794503,0.35,4.6,0
84,trip,3300,3316.5,z12,z32,toy-0007470,,,False,29.485639889459655,0.0,28.000639889459656,0.35,4.6,0
4,trip,3300,3312.0089706448603,z21,z32,toy-0007464,,,False,39.871804116937916,0.0,38.790996758900484,0.35,3.2526911934581184,0
19,trip,3300,3312.0089706448603,z31,z22,toy-0007465,,,False,33.681603099272195,0.0,32.60079574123476,0.35,3.2526911934581184,0
14,trip,3300,3308.8333333333335,z21,z11,toy-0007462,,,False,39.34823685366995,0.0,38.55323685366995,0.35,2.3,0
15,trip,3300,3318.309854494165,z11,z32,toy-0007482,,,False,43.96711309552546,0.0,42.31922619105061,0.35,5.142956348249516,0
23,trip,3300,3312.0089706448603,z20,z31,toy-0007476,,,False,40.4163958109802,0.0,39.335588452942766,0.35,3.2526911934581184,0
30,trip,3300,3316.5,z30,z32,toy-0007478,,,False,44.085498379450236,0.0,42.60049837945024,0.35,4.6,0
63,trip,3300,3308.8333333333335,z22,z21,toy-0007489,,,False,43.844192641962465,0.0,43.04919264196246,0.35,2.3,0
33,trip,3300,3308.8333333333335,z32,z31,toy-0007491,,,False,47.100000000000094,0.0,46.30500000000009,0.35,2.3,0
41,trip,3300,3318.309854494165,z01,z22,toy-0007480,,,False,39.49852562815822,0.0,37.85063872368337,0.35,5.142956348249516,0
36,trip,3300,3312.0089706448603,z31,z20,toy-0007485,,,False,43.73919264196279,0.0,42.658385283925355,0.35,3.2526911934581184,0
24,trip,3300,3318.309854494165,z02,z21,toy-0007488,,,False,40.3071130955251,0.0,38.659226191050244,0.35,5.142956348249516,0
46,trip,3300,3312.0089706448603,z32,z21,toy-0007490,,,False,38.973611764656226,0.0,37.892804406618794,0.35,3.2526911934581184,0
47,trip,3300,3308.8333333333335,z31,z32,toy-0007487,,,False,41.986305737487996,0.0,41.191305737487994,0.35,2.3,0
51,trip,3300,3308.8333333333335,z31,z21,toy-0007486,,,False,46.410000000000096,0.0,45.615000000000094,0.35,2.3,0
18,trip,3300,3316.5,z11,z31,toy-0007481,,,False,42.72341883301291,0.0,41.23841883301291,0.35,4.6,0
65,trip,3300,3312.0089706448603,z21,z10,toy-0007483,,,False,44.534192641962484,0.0,43.45338528392505,0.35,3.2526911934581184,0
71,trip,3300,3308.8333333333335,z21,z22,toy-0007484,,,False,47.8949999999999,0.0,47.099999999999895,0.35,2.3,0
43,trip,3300,3324.1666666666665,z01,z31,toy-0007479,,,False,47.10000000000041,0.0,44.925000000000416,0.35,6.8999999999999995,0
75,trip,3300,3316.5,z20,z00,toy-0007475,,,False,43.37514151000929,0.0,41.89014151000929,0.35,4.6,0
52,trip,3300,3308.8333333333335,z30,z31,toy-0007477,,,False,47.099999999999746,0.0,46.304999999999744,0.35,2.3,0
22,visit,3300,3315.0,z21,z21,,hub_inner,local,True,39.23969102141262,8.865308978587377,47.894999999999996,0.7,0,5.319185387152427
44,visit,3300,3320.3333333333335,z01,z01,,depot_west,local,False,40.65722105644675,0.0,39.27722105644675,4.6,0,0
9,visit,3300,3315.0,z31,z31,,hub_core,local,True,42.60049837945028,5.504501620549718,47.894999999999996,0.7,0,3.3027009723298306
58,visit,3300,3315.0,z31,z31,,hub_core,local,True,47.09999999999984,1.0050000000001589,47.894999999999996,0.7,0,0.6030000000000953
66,visit,3300,3315.0,z32,z32,,hub_waterfront,,True,18.80023785412777,17.77777777777778,36.36801563190554,0.7,0,10.666666666666668
0,trip,3310,3322.0089706448603,z22,z31,toy-0007503,,,False,43.277113095524975,0.0,42.19630573748754,0.35,3.2526911934581184,0
14,trip,3310,3322.0089706448603,z11,z22,toy-0007499,,,False,38.55323685366998,0.0,37.47242949563255,0.35,3.2526911934581184,0
27,trip,3310,3328.309854494165,z00,z21,toy-0007493,,,False,47.89499999999984,0.0,46.24711309552499,0.35,5.142956348249516,0
3,trip,3310,3328.309854494165,z20,z12,toy-0007497,,,False,33.25972457050103,0.0,31.611837666026172,0.35,5.142956348249516,0
8,trip,3310,3318.8333333333335,z21,z31,toy-0007500,,,False,44.23500000000017,0.0,43.44000000000017,0.35,2.3,0
32,trip,3310,3318.8333333333335,z00,z10,toy-0007492,,,False,45.32919264196287,0.0,44.53419264196287,0.35,2.3,0
2,trip,3310,3318.8333333333335,z22,z32,toy-0007504,,,False,40.238621563983266,0.0,39.443621563983264,0.35,2.3,0
31,trip,3310,3326.5,z10,z12,toy-0007496,,,False,44.190498379450254,0.0,42.705498379450255,0.35,4.6,0
25,trip,3310,3335.410795394624,z02,z31,toy-0007502,,,False,46.8141926419627,0.0,44.527221056446514,0.35,7.273238618387272,0
34,trip,3310,3328.309854494165,z10,z31,toy-0007495,,,False,35.76595356460292,0.0,34.118066660128065,0.35,5.142956348249516,0
54,trip,3310,3318.8333333333335,z10,z11,toy-0007494,,,False,34.93508027416615,0.0,34.140080274166145,0.35,2.3,0
37,trip,3310,3328.309854494165,z20,z32,toy-0007498,,,False,42.20969102141268,0.0,40.56180411693783,0.35,5.142956348249516,0
1,trip,3310,3326.5,z31,z11,toy-0007501,,,False,46.30499999999984,0.0,44.819999999999844,0.35,4.6,0
5,trip,3310,3328.309854494165,z22,z30,toy-0007517,,,False,42.31922619105038,0.0,40.67133928657553,0.35,5.142956348249516,0
45,trip,3310,3335.410795394624,z00,z31,toy-0007505,,,False,43.25919264196259,0.0,40.97222105644641,0.35,7.273238618387272,0
6,trip,3310,3318.8333333333335,z31,z32,toy-0007513,,,False,43.11422619105062,0.0,42.31922619105062,0.35,2.3,0
17,trip,3310,3322.0089706448603,z21,z12,toy-0007511,,,False,47.895000000000195,0.0,46.81419264196276,0.35,3.2526911934581184,0
51,trip,3310,3322.0089706448603,z21,z32,toy-0007512,,,False,45.61500000000012,0.0,44.53419264196269,0.35,3.2526911934581184,0
48,trip,3310,3328.309854494165,z12,z31,toy-0007515,,,False,43.102993807482164,0.0,41.45510690300731,0.35,5.142956348249516,0
39,trip,3310,3322.0089706448603,z20,z31,toy-0007506,,,False,39.85841883301276,0.0,38.77761147497533,0.35,3.2526911934581184,0
38,trip,3310,3328.309854494165,z30,z22,toy-0007507,,,False,47.89499999999985,0.0,46.247113095524995,0.35,5.142956348249516,0
49,trip,3310,3334.1666666666665,z02,z32,toy-0007514,,,False,41.856413698408964,0.0,39.68141369840897,0.35,6.8999999999999995,0
20,trip,3310,3326.5,z11,z31,toy-0007510,,,False,46.01919264196291,0.0,44.53419264196291,0.35,4.6,0
64,trip,3310,3318.8333333333335,z11,z21,toy-0007509,,,False,46.40999999999996,0.0,45.61499999999996,0.35,2.3,0
71,trip,3310,3322.0089706448603,z22,z31,toy-0007518,,,False,47.09999999999992,0.0,46.01919264196249,0.35,3.2526911934581184,0
85,trip,3310,3318.8333333333335,z12,z22,toy-0007516,,,False,19.0091066133265,0.0,18.2141066133265,0.35,2.3,0
47,trip,3310,3318.8333333333335,z32,z31,toy-0007520,,,False,41.19130573748802,0.0,40.39630573748802,0.35,2.3,0
67,trip,3310,3335.410795394624,z01,z32,toy-0007508,,,False,45.4521130955249,0.0,43.165141510008716,0.35,7.273238618387272,0
60,trip,3310,3335.410795394624,z32,z01,toy-0007519,,,False,39.11951650984419,0.0,36.832544924328005,0.35,7.273238618387272,0
40,visit,3310,3325.0,z11,z11,,hub_center,local,True,45.99315424795227,2.111845752047728,47.894999999999996,0.7,0,1.2671074512286367
4,trip,3320,3328.8333333333335,z32,z22,toy-0007544,,,False,38.79099675890049,0.0,37.99599675890049,0.35,2.3,0
6,trip,3320,3328.8333333333335,z32,z31,toy-0007543,,,False,42.319226191050646,0.0,41.524226191050644,0.35,2.3,0
61,trip,3320,3342.851274623054,z10,z32,toy-0007524,,,False,39.84032974509585,0.0,37.78371502902098,0.35,6.505382386916237,0
65,trip,3320,3338.309854494165,z10,z02,toy-0007523,,,False,43.45338528392506,0.0,41.805498379450206,0.35,5.142956348249516,0
8,trip,3320,3344.1666666666665,z31,z01,toy-0007536,,,False,43.4400000000002,0.0,41.2650000000002,0.35,6.8999999999999995,0
9,trip,3320,3328.8333333333335,z31,z21,toy-0007537,,,False,47.89499999999964,0.0,47.09999999999964,0.35,2.3,0
88,trip,3320,3328.8333333333335,z01,z11,toy-0007528,,,False,22.195007590518454,0.0,21.400007590518456,0.35,2.3,0
13,trip,3320,3332.0089706448603,z31,z22,toy-0007538,,,False,41.92388366337538,0.0,40.843076305337945,0.35,3.2526911934581184,0
18,trip,3320,3338.309854494165,z31,z10,toy-0007534,,,False,41.2384188330129,0.0,39.59053192853805,0.35,5.142956348249516,0
70,trip,3320,3348.809226445224,z00,z32,toy-0007522,,,False,43.272577925887575,0.0,40.67974754581742,0.35,8.292767933567175,0
12,trip,3320,3332.0089706448603,z30,z21,toy-0007526,,,False,38.145498379450295,0.0,37.06469102141286,0.35,3.2526911934581184,0
28,trip,3320,3338.5089706448603,z11,z12,toy-0007531,,,False,37.18307630533825,0.0,35.51726894730081,2.3,3.2526911934581184,0
54,trip,3320,3343.0,z11,z21,toy-0007529,,,False,34.14008027416617,0.0,32.07008027416617,2.3,4.6,0
11,trip,3320,3328.8333333333335,z21,z31,toy-0007533,,,False,43.10969102141307,0.0,42.31469102141307,0.35,2.3,0
72,trip,3320,3332.0089706448603,z11,z20,toy-0007532,,,False,47.89499999999991,0.0,46.81419264196248,0.35,3.2526911934581184,0
75,trip,3320,3342.851274623054,z00,z22,toy-0007521,,,False,41.890141510009286,0.0,39.83352679393442,0.35,6.505382386916237,0
53,trip,3320,3328.8333333333335,z30,z31,toy-0007527,,,False,45.61500000000005,0.0,44.82000000000005,0.35,2.3,0
7,trip,3320,3332.0089706448603,z32,z21,toy-0007542,,,False,30.7708944482778,0.0,29.690087090240365,0.35,3.2526911934581184,0
55,trip,3320,3328.8333333333335,z02,z12,toy-0007539,,,False,44.813028414483554,0.0,44.01802841448355,0.35,2.3,0
89,trip,3320,3336.5,z12,z32,toy-0007540,,,False,24.959133134305507,0.0,23.474133134305507,0.35,4.6,0
23,trip,3320,3328.8333333333335,z31,z30,toy-0007535,,,False,39.33558845294277,0.0,38.54058845294277,0.35,2.3,0
36,trip,3320,3328.8333333333335,z20,z21,toy-0007525,,,False,42.65838528392536,0.0,41.86338528392536,0.35,2.3,0
10,trip,3320,3332.0089706448603,z22,z11,toy-0007541,,,False,31.14261147497562,0.0,30.061804116938184,0.35,3.2526911934581184,0
73,trip,3320,3350.6666666666665,z11,z31,toy-0007530,,,False,47.89499999999978,0.0,45.134999999999785,2.3,6.8999999999999995,0
42,trip,3320,3332.0089706448603,z20,z31,toy-0007549,,,False,45.16630573748786,0.0,44.08549837945043,0.35,3.2526911934581184,0
19,trip,3320,3328.8333333333335,z22,z32,toy-0007564,,,False,32.60079574123477,0.0,31.805795741234768,0.35,2.3,0
22,trip,3320,3344.809854494165,z21,z32,toy-0007554,,,False,47.89500000000035,0.0,45.6621130955255,2.3,5.142956348249516,0
41,trip,3320,3328.8333333333335,z22,z21,toy-0007562,,,False,37.85063872368337,0.0,37.055638723683366,0.35,2.3,0
87,trip,3320,3344.809854494165,z00,z31,toy-0007547,,,False,47.89499999999997,0.0,45.662113095525115,2.3,5.142956348249516,0
74,trip,3320,3357.017941289721,z22,z20,toy-0007559,,,False,41.07604231820275,0.0,37.74442760212788,4.6,6.505382386916237,0
24,trip,3320,3343.0,z21,z22,toy-0007550,,,False,38.659226191050244,0.0,36.589226191050244,2.3,4.6,0
26,trip,3320,3345.410795394624,z31,z00,toy-0007556,,,False,42.638028414484246,0.0,40.35105682896806,0.35,7.273238618387272,0
46,trip,3320,3347.985491805692,z21,z22,toy-0007548,,,False,37.8928044066188,0.0,35.37411014410651,3.2526911934581184,5.142956348249516,0
57,trip,3320,3344.809854494165,z30,z32,toy-0007551,,,False,44.59922619104999,0.0,42.36633928657514,2.3,5.142956348249516,0
63,trip,3320,3341.6846079563875,z21,z21,toy-0007560,,,False,43.04919264196249,0.0,41.09757792588762,3.2526911934581184,3.2526911934581184,0
15,trip,3320,3338.309854494165,z32,z20,toy-0007565,,,False,42.31922619105061,0.0,40.67133928657576,0.35,5.142956348249516,0
33,trip,3320,3349.351274623054,z31,z12,toy-0007552,,,False,46.30500000000012,0.0,43.66338528392525,2.3,6.505382386916237,0
64,trip,3320,3343.0,z21,z31,toy-0007553,,,False,45.61499999999999,0.0,43.54499999999999,2.3,4.6,0
35,trip,3320,3328.8333333333335,z31,z32,toy-0007558,,,False,38.20775181920871,0.0,37.41275181920871,0.35,2.3,0
52,trip,3320,3338.309854494165,z31,z12,toy-0007557,,,False,46.30499999999977,0.0,44.65711309552492,0.35,5.142956348249516,0
77,trip,3320,3354.286375654997,z21,z12,toy-0007545,,,False,41.770435977830964,0.0,38.68466216888125,5.142956348249516,5.142956348249516,0
83,trip,3320,3328.8333333333335,z21,z22,toy-0007555,,,False,43.61038925275341,0.0,42.815389252753405,0.35,2.3,0
21,trip,3320,3338.5089706448603,z32,z31,toy-0007563,,,False,42.582577925887804,0.0,40.91677056785037,2.3,3.2526911934581184,0
30,trip,3320,3352.476521160832,z32,z31,toy-0007561,,,False,42.60049837945023,0.0,39.67761147497537,4.6,5.142956348249516,0
56,trip,3320,3347.985491805692,z31,z21,toy-0007546,,,False,42.19630573748793,0.0,39.67761147497564,5.142956348249516,3.2526911934581184,0
85,visit,3320,3340.3333333333335,z22,z22,,hub_inner,local,False,18.21410661332653,0.0,16.83410661332653,4.6,0,0
2,visit,3320,3377.6666666666665,z32,z32,,depot_south,central,False,39.44362156398329,0.0,36.683621563983294,9.2,0,0
47,visit,3320,3335.0,z31,z31,,hub_core,local,True,40.39630573748805,7.708694262511947,47.894999999999996,0.7,0,4.625216557507168
29,visit,3320,3362.3333333333335,z20,z20,,depot_south,central,False,42.495498379450495,0.0,41.11549837945049,4.6,0,0
32,visit,3320,3340.3333333333335,z10,z10,,depot_west,local,False,44.534192641962896,0.0,43.154192641962894,4.6,0,0
50,visit,3320,3362.3333333333335,z01,z01,,depot_west,central,False,45.166305737487654,0.0,43.78630573748765,4.6,0,0
84,visit,3320,3335.0,z32,z32,,hub_waterfront,,True,28.000639889459656,17.77777777777778,45.56841766723743,0.7,0,10.666666666666668
66,visit,3320,3335.0,z32,z32,,hub_waterfront,,True,36.368015631905315,11.736984368094681,47.894999999999996,0.7,0,7.042190620856809
23,trip,3330,3346.5,z30,z32,toy-0007569,,,False,38.5405884529428,0.0,37.0555884529428,0.35,4.6,0
9,trip,3330,3348.5089706448603,z21,z11,toy-0007567,,,False,47.09999999999967,0.0,45.434192641962234,2.3,3.2526911934581184,0
27,trip,3330,3338.8333333333335,z21,z31,toy-0007572,,,False,46.24711309552499,0.0,45.452113095524986,0.35,2.3,0
37,trip,3330,3338.8333333333335,z32,z31,toy-0007578,,,False,40.56180411693783,0.0,39.76680411693783,0.35,2.3,0
3,trip,3330,3361.910795394624,z12,z31,toy-0007574,,,False,31.61183766602618,0.0,28.739866080509998,2.3,7.273238618387272,0
44,trip,3330,3361.910795394624,z01,z31,toy-0007566,,,False,39.277221056446784,0.0,36.4052494709306,2.3,7.273238618387272,0
17,trip,3330,3353.0,z12,z22,toy-0007575,,,False,46.81419264196277,0.0,44.74419264196277,2.3,4.6,0
36,trip,3330,3342.0089706448603,z21,z32,toy-0007573,,,False,41.86338528392539,0.0,40.782577925887956,0.35,3.2526911934581184,0
0,trip,3330,3354.809854494165,z31,z11,toy-0007568,,,False,42.19630573748755,0.0,39.963418833012696,2.3,5.142956348249516,0
41,trip,3330,3338.8333333333335,z21,z20,toy-0007570,,,False,37.055638723683394,0.0,36.26063872368339,0.35,2.3,0
1,trip,3330,3345.3333333333335,z11,z11,toy-0007571,,,False,44.81999999999984,0.0,43.439999999999834,2.3,2.3,0
51,trip,3330,3348.309854494165,z32,z11,toy-0007577,,,False,44.5341926419627,0.0,42.886305737487845,0.35,5.142956348249516,0
62,trip,3330,3352.851274623054,z32,z10,toy-0007576,,,False,42.342283443183526,0.0,40.28566872710866,0.35,6.505382386916237,0
68,trip,3330,3342.0089706448603,z32,z21,toy-0007596,,,False,47.89500000000009,0.0,46.814192641962656,0.35,3.2526911934581184,0
11,trip,3330,3342.0089706448603,z31,z20,toy-0007589,,,False,42.3146910214131,0.0,41.233883663375664,0.35,3.2526911934581184,0
14,trip,3330,3338.8333333333335,z22,z12,toy-0007595,,,False,37.472429495632554,0.0,36.67742949563255,0.35,2.3,0
40,trip,3330,3342.0089706448603,z11,z22,toy-0007587,,,False,47.895000000000024,0.0,46.81419264196259,0.35,3.2526911934581184,0
16,trip,3330,3346.5,z31,z11,toy-0007590,,,False,45.60802841448355,0.0,44.12302841448355,0.35,4.6,0
38,trip,3330,3342.0089706448603,z22,z31,toy-0007594,,,False,46.247113095524995,0.0,45.16630573748756,0.35,3.2526911934581184,0
83,trip,3330,3346.5,z22,z20,toy-0007593,,,False,42.815389252753434,0.0,41.330389252753434,0.35,4.6,0
88,trip,3330,3346.5,z11,z31,toy-0007586,,,False,21.40000759051848,0.0,19.91500759051848,0.35,4.6,0
20,trip,3330,3354.809854494165,z31,z02,toy-0007588,,,False,44.5341926419629,0.0,42.30130573748805,2.3,5.142956348249516,0
34,trip,3330,3338.8333333333335,z31,z21,toy-0007591,,,False,34.118066660128065,0.0,33.32306666012806,0.35,2.3,0
31,trip,3330,3357.985491805692,z12,z11,toy-0007579,,,False,42.70549837945025,0.0,40.18680411693796,5.142956348249516,3.2526911934581184,0
55,trip,3330,3365.0864327061513,z12,z32,toy-0007584,,,False,44.01802841448358,0.0,40.860249470929965,3.2526911934581184,7.273238618387272,0
39,trip,3330,3376.0,z31,z31,toy-0007582,,,False,38.77761147497534,0.0,34.63761147497534,6.8999999999999995,6.8999999999999995,0
43,trip,3330,3342.0089706448603,z31,z22,toy-0007592,,,False,44.92500000000042,0.0,43.84419264196299,0.35,3.2526911934581184,0
48,trip,3330,3345.3333333333335,z31,z31,toy-0007581,,,False,41.45510690300731,0.0,40.07510690300731,2.3,2.3,0
58,trip,3330,3353.0,z31,z21,toy-0007585,,,False,47.89499999999997,0.0,45.82499999999997,4.6,2.3,0
59,trip,3330,3370.1431878274984,z31,z22,toy-0007583,,,False,47.89500000000001,0.0,44.282113095525155,6.8999999999999995,5.142956348249516,0
69,trip,3330,3369.577462061291,z31,z02,toy-0007580,,,False,40.91393391923434,0.0,37.351962333718156,7.273238618387272,4.6,0
19,visit,3330,3345.0,z32,z32,,hub_waterfront,local,True,31.805795741234792,12.777777777777779,44.373573519012574,0.7,0,7.666666666666668
4,visit,3330,3350.3333333333335,z22,z22,,hub_inner,local,False,37.99599675890052,0.0,36.615996758900515,4.6,0,0
5,visit,3330,3345.0,z30,z30,,depot_south,local,True,40.67133928657553,7.433660713424465,47.894999999999996,0.7,0,4.4601964280546795
6,visit,3330,3345.0,z31,z31,,hub_core,local,True,41.52422619105067,6.580773808949325,47.894999999999996,0.7,0,3.9484642853695946
53,visit,3330,3345.0,z31,z31,,hub_core,local,True,44.82000000000008,3.2849999999999184,47.894999999999996,0.7,0,1.970999999999951
14,trip,3340,3348.8333333333335,z12,z11,toy-0007612,,,False,36.67742949563258,0.0,35.88242949563258,0.35,2.3,0
10,trip,3340,3369.351274623054,z11,z32,toy-0007599,,,False,30.061804116938198,0.0,27.42018940086333,2.3,6.505382386916237,0
49,trip,3340,3348.8333333333335,z32,z31,toy-0007616,,,False,39.681413698408974,0.0,38.88641369840897,0.35,2.3,0
7,trip,3340,3348.8333333333335,z21,z31,toy-0007606,,,False,29.69008709024038,0.0,28.89508709024038,0.35,2.3,0
15,trip,3340,3348.8333333333335,z20,z21,toy-0007601,,,False,40.67133928657576,0.0,39.87633928657576,0.35,2.3,0
41,trip,3340,3352.0089706448603,z20,z31,toy-0007602,,,False,36.26063872368342,0.0,35.17983136564599,0.35,3.2526911934581184,0
65,trip,3340,3371.910795394624,z02,z30,toy-0007604,,,False,41.805498379450206,0.0,38.93352679393402,2.3,7.273238618387272,0
12,trip,3340,3364.809854494165,z21,z32,toy-0007605,,,False,37.06469102141287,0.0,34.83180411693802,2.3,5.142956348249516,0
28,trip,3340,3356.5,z12,z32,toy-0007614,,,False,35.51726894730083,0.0,34.03226894730083,0.35,4.6,0
72,trip,3340,3348.8333333333335,z20,z30,toy-0007600,,,False,46.814192641962485,0.0,46.01919264196248,0.35,2.3,0
21,trip,3340,3348.8333333333335,z31,z32,toy-0007608,,,False,40.916770567850385,0.0,40.12177056785038,0.35,2.3,0
34,trip,3340,3367.985491805692,z21,z31,toy-0007598,,,False,33.32306666012809,0.0,30.8043723976158,3.2526911934581184,5.142956348249516,0
52,trip,3340,3358.309854494165,z12,z31,toy-0007613,,,False,44.65711309552492,0.0,43.00922619105007,0.35,5.142956348249516,0
13,trip,3340,3372.476521160832,z22,z21,toy-0007610,,,False,40.84307630533795,0.0,37.920189400863094,4.6,5.142956348249516,0
66,trip,3340,3355.3333333333335,z32,z32,toy-0007615,,,False,47.89499999999979,0.0,46.51499999999979,2.3,2.3,0
25,trip,3340,3363.0,z31,z10,toy-0007603,,,False,44.52722105644653,0.0,42.45722105644653,2.3,4.6,0
27,trip,3340,3358.5089706448603,z31,z32,toy-0007607,,,False,45.452113095525014,0.0,43.78630573748758,2.3,3.2526911934581184,0
67,trip,3340,3348.8333333333335,z32,z22,toy-0007617,,,False,43.16514151000873,0.0,42.37014151000873,0.35,2.3,0
37,trip,3340,3379.577462061291,z31,z20,toy-0007597,,,False,39.766804116937855,0.0,36.20483253142167,7.273238618387272,4.6,0
76,trip,3340,3386.0,z32,z32,toy-0007611,,,False,47.89500000000033,0.0,43.75500000000033,6.8999999999999995,6.8999999999999995,0
80,trip,3340,3373.8423039781937,z32,z11,toy-0007609,,,False,43.2960626912997,0.0,40.25025533326227,6.8999999999999995,3.2526911934581184,0
84,trip,3340,3387.2441287279576,z32,z31,toy-0007627,,,False,45.568417667237206,0.0,41.316446081721026,6.8999999999999995,7.273238618387272,0
89,trip,3340,3358.5089706448603,z32,z31,toy-0007631,,,False,23.474133134305507,0.0,21.80832577626807,2.3,3.2526911934581184,0
42,trip,3340,3381.387316555456,z31,z21,toy-0007618,,,False,44.085498379450435,0.0,40.3606398894594,7.273238618387272,5.142956348249516,0
45,trip,3340,3371.910795394624,z31,z01,toy-0007626,,,False,40.97222105644642,0.0,38.10024947093024,7.273238618387272,2.3,0
47,trip,3340,3355.3333333333335,z31,z20,toy-0007621,,,False,47.89499999999969,0.0,46.51499999999969,2.3,2.3,0
71,trip,3340,3364.809854494165,z31,z22,toy-0007628,,,False,46.0191926419625,0.0,43.786305737487645,5.142956348249516,2.3,0
78,trip,3340,3355.3333333333335,z31,z31,toy-0007624,,,False,47.89499999999997,0.0,46.514999999999965,2.3,2.3,0
79,trip,3340,3363.0,z31,z12,toy-0007632,,,False,47.89500000000024,0.0,45.82500000000024,2.3,4.6,0
81,trip,3340,3367.985491805692,z31,z32,toy-0007620,,,False,47.895000000000366,0.0,45.376305737488074,3.2526911934581184,5.142956348249516,0
82,trip,3340,3348.8333333333335,z31,z21,toy-0007625,,,False,46.77191091208294,0.0,45.976910912082936,0.35,2.3,0
86,trip,3340,3358.5089706448603,z31,z21,toy-0007630,,,False,41.147658200053684,0.0,39.48185084201625,3.2526911934581184,2.3,0
60,visit,3340,3382.3333333333335,z01,z01,,depot_west,central,False,36.83254492432802,0.0,35.452544924328016,4.6,0,0
35,visit,3340,3355.0,z32,z32,,hub_waterfront,local,True,37.41275181920874,10.69224818079126,47.894999999999996,0.7,0,6.415348908474756
18,visit,3340,3360.3333333333335,z10,z10,,depot_west,local,False,39.59053192853805,0.0,38.210531928538046,4.6,0,0
15,trip,3350,3358.8333333333335,z21,z22,toy-0007647,,,False,39.876339286575785,0.0,39.08133928657578,0.35,2.3,0
8,trip,3350,3366.5,z01,z21,toy-0007644,,,False,41.26500000000021,0.0,39.78000000000021,0.35,4.6,0
32,trip,3350,3362.0089706448603,z10,z21,toy-0007636,,,False,43.15419264196293,0.0,42.0733852839255,0.35,3.2526911934581184,0
1,trip,3350,3374.809854494165,z11,z31,toy-0007637,,,False,43.43999999999986,0.0,41.20711309552501,2.3,5.142956348249516,0
26,trip,3350,3378.809226445224,z00,z32,toy-0007634,,,False,40.351056828968076,0.0,37.75822644889792,0.35,8.292767933567175,0
5,trip,3350,3368.309854494165,z30,z22,toy-0007642,,,False,47.89499999999986,0.0,46.24711309552501,0.35,5.142956348249516,0
9,trip,3350,3365.3333333333335,z11,z20,toy-0007635,,,False,45.43419264196225,0.0,44.054192641962246,2.3,2.3,0
33,trip,3350,3362.0089706448603,z12,z21,toy-0007651,,,False,43.663385283925265,0.0,42.58257792588783,0.35,3.2526911934581184,0
14,trip,3350,3380.6666666666665,z11,z31,toy-0007645,,,False,35.88242949563261,0.0,33.12242949563261,2.3,6.8999999999999995,0
16,trip,3350,3374.809854494165,z11,z31,toy-0007652,,,False,44.12302841448354,0.0,41.89014151000869,2.3,5.142956348249516,0
11,trip,3350,3366.5,z20,z22,toy-0007639,,,False,41.23388366337567,0.0,39.74888366337567,0.35,4.6,0
72,trip,3350,3362.0089706448603,z30,z21,toy-0007640,,,False,46.01919264196251,0.0,44.93838528392508,0.35,3.2526911934581184,0
24,trip,3350,3374.809854494165,z22,z20,toy-0007650,,,False,36.589226191050244,0.0,34.35633928657539,2.3,5.142956348249516,0
51,trip,3350,3366.5,z11,z31,toy-0007646,,,False,42.886305737487845,0.0,41.401305737487846,0.35,4.6,0
83,trip,3350,3389.577462061291,z20,z31,toy-0007633,,,False,41.33038925275343,0.0,37.768417667237244,4.6,7.273238618387272,0
54,trip,3350,3368.5089706448603,z21,z31,toy-0007638,,,False,32.07008027416617,0.0,30.404272916128736,2.3,3.2526911934581184,0
56,trip,3350,3382.476521160832,z21,z20,toy-0007643,,,False,39.67761147497564,0.0,36.754724570500784,4.6,5.142956348249516,0
19,trip,3350,3358.8333333333335,z32,z31,toy-0007653,,,False,44.37357351901234,0.0,43.57857351901234,0.35,2.3,0
6,trip,3350,3365.3333333333335,z31,z31,toy-0007641,,,False,47.89499999999983,0.0,46.51499999999983,2.3,2.3,0
38,trip,3350,3358.8333333333335,z31,z32,toy-0007649,,,False,45.16630573748757,0.0,44.37130573748757,0.35,2.3,0
48,trip,3350,3362.0089706448603,z31,z22,toy-0007648,,,False,40.07510690300734,0.0,38.994299544969905,0.35,3.2526911934581184,0
63,trip,3350,3358.8333333333335,z21,z31,toy-0007659,,,False,41.09757792588762,0.0,40.30257792588762,0.35,2.3,0
21,trip,3350,3358.8333333333335,z32,z31,toy-0007667,,,False,40.12177056785041,0.0,39.32677056785041,0.35,2.3,0
68,trip,3350,3362.0089706448603,z21,z32,toy-0007660,,,False,46.81419264196266,0.0,45.73338528392523,0.35,3.2526911934581184,0
82,trip,3350,3377.985491805692,z21,z22,toy-0007655,,,False,45.976910912082964,0.0,43.45821664957067,3.2526911934581184,5.142956348249516,0
40,trip,3350,3374.809854494165,z22,z11,toy-0007654,,,False,46.8141926419626,0.0,44.581305737487746,5.142956348249516,2.3,0
22,trip,3350,3362.0089706448603,z32,z21,toy-0007666,,,False,45.66211309552551,0.0,44.58130573748808,0.35,3.2526911934581184,0
49,trip,3350,3375.410795394624,z31,z02,toy-0007661,,,False,38.886413698409,0.0,36.59944211289282,0.35,7.273238618387272,0
43,trip,3350,3368.5089706448603,z22,z21,toy-0007657,,,False,43.844192641963,0.0,42.178385283925564,3.2526911934581184,2.3,0
46,trip,3350,3368.5089706448603,z22,z30,toy-0007658,,,False,35.37411014410651,0.0,33.708302786069076,2.3,3.2526911934581184,0
57,trip,3350,3358.8333333333335,z32,z22,toy-0007668,,,False,42.366339286575155,0.0,41.57133928657515,0.35,2.3,0
53,trip,3350,3373.0,z31,z32,toy-0007656,,,False,47.8950000000001,0.0,45.8250000000001,2.3,4.6,0
67,trip,3350,3362.0089706448603,z22,z11,toy-0007663,,,False,42.37014151000876,0.0,41.289334151971325,0.35,3.2526911934581184,0
75,trip,3350,3368.309854494165,z22,z10,toy-0007662,,,False,39.833526793934425,0.0,38.18563988945957,0.35,5.142956348249516,0
85,trip,3350,3362.0089706448603,z22,z31,toy-0007664,,,False,16.834106613326554,0.0,15.753299255289118,0.35,3.2526911934581184,0
61,trip,3350,3365.3333333333335,z32,z32,toy-0007665,,,False,37.78371502902099,0.0,36.40371502902099,2.3,2.3,0
7,visit,3350,3392.3333333333335,z31,z31,,depot_south,central,False,28.895087090240406,0.0,27.515087090240407,4.6,0,0
23,visit,3350,3365.0,z32,z32,,hub_waterfront,local,True,37.05558845294279,11.049411547057202,47.894999999999996,0.7,0,6.629646928234322
36,visit,3350,3365.0,z32,z32,,hub_waterfront,local,True,40.78257792588796,7.3224220741120325,47.894999999999996,0.7,0,4.39345324446722
88,visit,3350,3365.0,z31,z31,,hub_core,,True,19.91500759051848,17.77777777777778,37.482785368296256,0.7,0,10.666666666666668
47,trip,3360,3378.309854494165,z20,z32,toy-0007674,,,False,46.514999999999716,0.0,44.867113095524864,0.35,5.142956348249516,0
62,trip,3360,3382.851274623054,z10,z32,toy-0007670,,,False,40.285668727108664,0.0,38.229054011033796,0.35,6.505382386916237,0
4,trip,3360,3368.8333333333335,z22,z21,toy-0007691,,,False,36.61599675890055,0.0,35.82099675890055,0.35,2.3,0
58,trip,3360,3376.5,z21,z01,toy-0007683,,,False,45.82499999999997,0.0,44.33999999999997,0.35,4.6,0
27,trip,3360,3378.309854494165,z32,z11,toy-0007693,,,False,43.786305737487595,0.0,42.13841883301274,0.35,5.142956348249516,0
19,trip,3360,3368.8333333333335,z31,z21,toy-0007687,,,False,43.578573519012366,0.0,42.783573519012364,0.35,2.3,0
35,trip,3360,3378.309854494165,z32,z20,toy-0007692,,,False,47.89499999999992,0.0,46.247113095525066,0.35,5.142956348249516,0
20,trip,3360,3376.5,z02,z00,toy-0007689,,,False,42.301305737488065,0.0,40.816305737488065,0.35,4.6,0
0,trip,3360,3372.0089706448603,z11,z22,toy-0007681,,,False,39.96341883301271,0.0,38.88261147497528,0.35,3.2526911934581184,0
77,trip,3360,3376.5,z12,z32,toy-0007690,,,False,38.68466216888125,0.0,37.199662168881254,0.35,4.6,0
86,trip,3360,3378.5089706448603,z21,z31,toy-0007673,,,False,39.481850842016264,0.0,37.81604348397883,2.3,3.2526911934581184,0
31,trip,3360,3392.526911934581,z11,z22,toy-0007669,,,False,40.18680411693796,0.0,37.25938204282565,3.2526911934581184,6.505382386916237,0
21,trip,3360,3368.8333333333335,z31,z32,toy-0007688,,,False,39.32677056785044,0.0,38.53177056785044,0.35,2.3,0
41,trip,3360,3391.910795394624,z31,z01,toy-0007675,,,False,35.179831365645995,0.0,32.30785978012982,2.3,7.273238618387272,0
17,trip,3360,3401.387316555456,z22,z32,toy-0007677,,,False,44.74419264196277,0.0,41.019334151971734,5.142956348249516,7.273238618387272,0
52,trip,3360,3372.0089706448603,z31,z20,toy-0007685,,,False,43.00922619105007,0.0,41.928418833012636,0.35,3.2526911934581184,0
63,trip,3360,3376.5,z31,z11,toy-0007686,,,False,40.30257792588765,0.0,38.81757792588765,0.35,4.6,0
57,trip,3360,3378.5089706448603,z22,z10,toy-0007678,,,False,41.57133928657518,0.0,39.90553192853775,3.2526911934581184,2.3,0
64,trip,3360,3375.3333333333335,z31,z11,toy-0007684,,,False,43.54499999999999,0.0,42.164999999999985,2.3,2.3,0
73,trip,3360,3387.985491805692,z31,z01,toy-0007671,,,False,45.1349999999998,0.0,42.61630573748751,3.2526911934581184,5.142956348249516,0
78,trip,3360,3393.8423039781937,z31,z10,toy-0007676,,,False,46.51499999999999,0.0,43.46919264196256,6.8999999999999995,3.2526911934581184,0
87,trip,3360,3390.6666666666665,z31,z31,toy-0007680,,,False,45.66211309552513,0.0,42.90211309552513,4.6,4.6,0
89,trip,3360,3386.175637311527,z31,z20,toy-0007679,,,False,21.80832577626808,0.0,19.452518418230646,4.6,3.2526911934581184,0
38,trip,3360,3384.809854494165,z32,z21,toy-0007672,,,False,44.371305737487596,0.0,42.13841883301274,5.142956348249516,2.3,0
66,trip,3360,3394.286375654997,z32,z32,toy-0007682,,,False,46.514999999999816,0.0,43.429226191050105,5.142956348249516,5.142956348249516,0
70,trip,3360,3392.476521160832,z32,z31,toy-0007709,,,False,40.67974754581742,0.0,37.75686064134256,4.6,5.142956348249516,0
28,visit,3360,3375.0,z32,z32,,hub_waterfront,local,True,34.03226894730082,12.777777777777779,46.6000467250786,0.7,0,7.666666666666668
74,visit,3360,3380.3333333333335,z20,z20,,depot_south,local,False,37.74442760212787,0.0,36.36442760212787,4.6,0,0
15,visit,3360,3380.3333333333335,z22,z22,,hub_inner,local,False,39.08133928657581,0.0,37.70133928657581,4.6,0,0
30,visit,3360,3375.0,z31,z31,,hub_core,local,True,39.677611474975365,8.427388525024632,47.894999999999996,0.7,0,5.056433115014779
9,trip,3370,3388.309854494165,z20,z12,toy-0007716,,,False,44.054192641962274,0.0,42.40630573748742,0.35,5.142956348249516,0
4,trip,3370,3378.8333333333335,z21,z31,toy-0007722,,,False,35.82099675890058,0.0,35.025996758900575,0.35,2.3,0
29,trip,3370,3382.0089706448603,z20,z31,toy-0007715,,,False,41.11549837945053,0.0,40.034691021413096,0.35,3.2526911934581184,0
50,trip,3370,3378.8333333333335,z01,z11,toy-0007717,,,False,43.78630573748769,0.0,42.991305737487686,0.35,2.3,0
69,trip,3370,3388.309854494165,z02,z21,toy-0007727,,,False,37.35196233371814,0.0,35.70407542924329,0.35,5.142956348249516,0
67,trip,3370,3386.5,z11,z31,toy-0007720,,,False,41.28933415197133,0.0,39.80433415197133,0.35,4.6,0
10,trip,3370,3398.809226445224,z32,z00,toy-0007735,,,False,27.42018940086334,0.0,24.82735902079319,0.35,8.292767933567175,0
5,trip,3370,3378.8333333333335,z22,z32,toy-0007734,,,False,46.24711309552501,0.0,45.45211309552501,0.35,2.3,0
3,trip,3370,3378.8333333333335,z31,z21,toy-0007725,,,False,28.739866080510012,0.0,27.94486608051001,0.35,2.3,0
8,trip,3370,3382.0089706448603,z21,z32,toy-0007723,,,False,39.7800000000002,0.0,38.69919264196277,0.35,3.2526911934581184,0
18,trip,3370,3397.985491805692,z10,z22,toy-0007718,,,False,38.21053192853808,0.0,35.69183766602579,3.2526911934581184,5.142956348249516,0
19,trip,3370,3394.809854494165,z21,z32,toy-0007721,,,False,42.78357351901239,0.0,40.55068661453754,2.3,5.142956348249516,0
6,trip,3370,3388.309854494165,z31,z10,toy-0007724,,,False,46.51499999999986,0.0,44.867113095525006,0.35,5.142956348249516,0
79,trip,3370,3378.8333333333335,z12,z02,toy-0007730,,,False,45.82500000000024,0.0,45.030000000000236,0.35,2.3,0
34,trip,3370,3378.8333333333335,z31,z32,toy-0007726,,,False,30.804372397615797,0.0,30.0093723976158,0.35,2.3,0
22,trip,3370,3414.785747606056,z21,z32,toy-0007714,,,False,44.58130573748809,0.0,40.55058845294308,5.142956348249516,8.292767933567175,0
11,trip,3370,3400.6666666666665,z22,z22,toy-0007728,,,False,39.748883663375665,0.0,36.98888366337567,4.6,4.6,0
48,trip,3370,3382.0089706448603,z22,z31,toy-0007733,,,False,38.99429954496991,0.0,37.91349218693248,0.35,3.2526911934581184,0
32,trip,3370,3385.3333333333335,z21,z01,toy-0007719,,,False,42.073385283925504,0.0,40.6933852839255,2.3,2.3,0
21,trip,3370,3378.8333333333335,z32,z31,toy-0007736,,,False,38.531770567850465,0.0,37.73677056785046,0.35,2.3,0
71,trip,3370,3385.3333333333335,z22,z22,toy-0007731,,,False,43.78630573748766,0.0,42.406305737487656,2.3,2.3,0
33,trip,3370,3391.6846079563875,z21,z21,toy-0007729,,,False,42.58257792588784,0.0,40.63096320981297,3.2526911934581184,3.2526911934581184,0
23,trip,3370,3393.0,z32,z20,toy-0007732,,,False,47.8949999999999,0.0,45.824999999999896,2.3,4.6,0
43,trip,3370,3404.286375654997,z21,z21,toy-0007737,,,False,42.17838528392558,0.0,39.09261147497587,5.142956348249516,5.142956348249516,0
46,trip,3370,3378.8333333333335,z30,z31,toy-0007746,,,False,33.70830278606909,0.0,32.91330278606909,0.35,2.3,0
72,trip,3370,3397.985491805692,z21,z31,toy-0007755,,,False,44.938385283925086,0.0,42.419691021412795,3.2526911934581184,5.142956348249516,0
36,trip,3370,3400.6666666666665,z32,z10,toy-0007754,,,False,47.89500000000017,0.0,45.13500000000017,4.6,4.6,0
44,trip,3370,3397.985491805692,z31,z32,toy-0007743,,,False,36.40524947093062,0.0,33.88655520841833,3.2526911934581184,5.142956348249516,0
51,trip,3370,3404.286375654997,z31,z31,toy-0007740,,,False,41.40130573748784,0.0,38.31553192853813,5.142956348249516,5.142956348249516,0
54,trip,3370,3388.5089706448603,z31,z21,toy-0007745,,,False,30.404272916128747,0.0,28.73846555809131,2.3,3.2526911934581184,0
55,trip,3370,3400.6666666666665,z32,z32,toy-0007756,,,False,40.860249470929965,0.0,38.10024947092997,4.6,4.6,0
85,trip,3370,3408.3333333333335,z31,z21,toy-0007748,,,False,15.75329925528913,0.0,12.303299255289131,6.8999999999999995,4.6,0
88,trip,3370,3418.488257455915,z31,z31,toy-0007738,,,False,37.48278536829603,0.0,33.11884219726367,7.273238618387272,7.273238618387272,0
61,trip,3370,3413.369215912775,z32,z32,toy-0007741,,,False,36.403715029021015,0.0,32.50048559687127,6.505382386916237,6.505382386916237,0
68,trip,3370,3417.2441287279576,z32,z31,toy-0007749,,,False,45.73338528392524,0.0,41.48141369840906,7.273238618387272,6.8999999999999995,0
81,trip,3370,3402.476521160832,z32,z22,toy-0007742,,,False,45.376305737488074,0.0,42.45341883301322,5.142956348249516,4.6,0
12,visit,3370,3385.0,z32,z32,,hub_waterfront,local,True,34.83180411693803,12.777777777777779,47.39958189471581,0.7,0,7.666666666666668
75,visit,3370,3390.3333333333335,z10,z10,,depot_west,local,False,38.18563988945957,0.0,36.80563988945957,4.6,0,0
25,visit,3370,3390.3333333333335,z10,z10,,depot_west,local,False,42.45722105644653,0.0,41.077221056446525,4.6,0,0
1,trip,3380,3388.8333333333335,z31,z32,toy-0007771,,,False,41.207113095525024,0.0,40.41211309552502,0.35,2.3,0
3,trip,3380,3392.0089706448603,z21,z32,toy-0007768,,,False,27.94486608051004,0.0,26.864058722472603,0.35,3.2526911934581184,0
35,trip,3380,3388.8333333333335,z20,z21,toy-0007763,,,False,46.247113095525066,0.0,45.452113095525064,0.35,2.3,0
13,trip,3380,3388.8333333333335,z21,z31,toy-0007767,,,False,37.92018940086309,0.0,37.125189400863086,0.35,2.3,0
79,trip,3380,3405.410795394624,z02,z31,toy-0007772,,,False,45.030000000000264,0.0,42.74302841448408,0.35,7.273238618387272,0
2,trip,3380,3392.0089706448603,z32,z21,toy-0007781,,,False,36.68362156398327,0.0,35.60281420594584,0.35,3.2526911934581184,0
65,trip,3380,3398.309854494165,z30,z22,toy-0007765,,,False,38.93352679393404,0.0,37.28563988945919,0.35,5.142956348249516,0
0,trip,3380,3392.0089706448603,z22,z31,toy-0007778,,,False,38.882611474975285,0.0,37.80180411693785,0.35,3.2526911934581184,0
59,trip,3380,3388.8333333333335,z22,z32,toy-0007779,,,False,44.28211309552515,0.0,43.487113095525146,0.35,2.3,0
27,trip,3380,3398.5089706448603,z11,z01,toy-0007775,,,False,42.13841883301274,0.0,40.47261147497531,2.3,3.2526911934581184,0
52,trip,3380,3392.0089706448603,z20,z31,toy-0007764,,,False,41.92841883301264,0.0,40.84761147497521,0.35,3.2526911934581184,0
5,trip,3380,3405.410795394624,z32,z01,toy-0007780,,,False,45.452113095525036,0.0,43.16514151000885,0.35,7.273238618387272,0
40,trip,3380,3395.3333333333335,z11,z11,toy-0007776,,,False,44.58130573748776,0.0,43.20130573748776,2.3,2.3,0
4,trip,3380,3392.0089706448603,z31,z22,toy-0007770,,,False,35.025996758900604,0.0,33.94518940086317,0.35,3.2526911934581184,0
50,trip,3380,3404.809854494165,z11,z00,toy-0007773,,,False,42.991305737487714,0.0,40.75841883301286,2.3,5.142956348249516,0
64,trip,3380,3392.0089706448603,z11,z22,toy-0007766,,,False,42.16500000000001,0.0,41.08419264196258,0.35,3.2526911934581184,0
57,trip,3380,3398.309854494165,z10,z22,toy-0007762,,,False,39.90553192853776,0.0,38.25764502406291,0.35,5.142956348249516,0
80,trip,3380,3409.351274623054,z11,z30,toy-0007774,,,False,40.25025533326227,0.0,37.6086406171874,2.3,6.505382386916237,0
16,trip,3380,3396.5,z31,z11,toy-0007769,,,False,41.890141510008704,0.0,40.405141510008704,0.35,4.6,0
82,trip,3380,3392.0089706448603,z22,z11,toy-0007777,,,False,43.45821664957067,0.0,42.37740929153324,0.35,3.2526911934581184,0
26,trip,3380,3398.309854494165,z32,z20,toy-0007799,,,False,37.75822644889792,0.0,36.11033954442307,0.35,5.142956348249516,0
45,trip,3380,3404.809854494165,z01,z30,toy-0007785,,,False,38.10024947093025,0.0,35.8673625664554,2.3,5.142956348249516,0
58,trip,3380,3404.809854494165,z01,z32,toy-0007787,,,False,44.33999999999996,0.0,42.10711309552511,2.3,5.142956348249516,0
30,trip,3380,3395.3333333333335,z31,z11,toy-0007788,,,False,47.895000000000216,0.0,46.515000000000214,2.3,2.3,0
28,trip,3380,3403.0,z32,z02,toy-0007796,,,False,46.600046725078364,0.0,44.530046725078364,2.3,4.6,0
20,trip,3380,3392.0089706448603,z00,z11,toy-0007782,,,False,40.81630573748806,0.0,39.735498379450625,0.35,3.2526911934581184,0
34,trip,3380,3396.5,z32,z12,toy-0007802,,,False,30.009372397615824,0.0,28.524372397615824,0.35,4.6,0
47,trip,3380,3398.5089706448603,z32,z22,toy-0007790,,,False,44.867113095524864,0.0,43.20130573748743,3.2526911934581184,2.3,0
53,trip,3380,3420.1431878274984,z32,z10,toy-0007793,,,False,45.8250000000001,0.0,42.21211309552525,6.8999999999999995,5.142956348249516,0
77,trip,3380,3424.6846079563875,z32,z20,toy-0007794,,,False,37.19966216888125,0.0,33.178047452806375,6.8999999999999995,6.505382386916237,0
46,visit,3380,3422.3333333333335,z31,z31,,depot_south,central,False,32.91330278606912,0.0,31.533302786069118,4.6,0,0
24,visit,3380,3400.3333333333335,z20,z20,,depot_south,local,False,34.356339286575405,0.0,32.9763392865754,4.6,0,0
39,visit,3380,3422.3333333333335,z31,z31,,depot_south,central,False,34.63761147497534,0.0,33.257611474975334,4.6,0,0
37,visit,3380,3400.3333333333335,z20,z20,,depot_south,local,False,36.20483253142166,0.0,34.824832531421656,4.6,0,0
49,visit,3380,3406.6846079563875,z02,z02,,hub_center,local,False,36.59944211289283,0.0,34.64782739681796,6.505382386916237,0,0
21,visit,3380,3395.0,z31,z31,,hub_core,local,True,37.73677056785049,10.368229432149503,47.894999999999996,0.7,0,6.220937659289702
86,visit,3380,3395.0,z31,z31,,hub_core,local,True,37.816043483978845,10.288956516021152,47.894999999999996,0.7,0,6.173373909612691
63,visit,3380,3428.6846079563875,z11,z11,,depot_west,central,False,38.81757792588764,0.0,36.86596320981277,6.505382386916237,0,0
9,trip,3390,3408.309854494165,z12,z20,toy-0007817,,,False,42.40630573748742,0.0,40.75841883301257,0.35,5.142956348249516,0
1,trip,3390,3398.8333333333335,z32,z31,toy-0007822,,,False,40.41211309552505,0.0,39.61711309552505,0.35,2.3,0
14,trip,3390,3405.3333333333335,z31,z31,toy-0007809,,,False,33.12242949563262,0.0,31.742429495632624,2.3,2.3,0
15,trip,3390,3402.0089706448603,z22,z31,toy-0007820,,,False,37.701339286575845,0.0,36.62053192853841,0.35,3.2526911934581184,0
56,trip,3390,3402.0089706448603,z20,z31,toy-0007807,,,False,36.75472457050078,0.0,35.673917212463344,0.35,3.2526911934581184,0
74,trip,3390,3408.309854494165,z20,z32,toy-0007808,,,False,36.364427602127904,0.0,34.71654069765305,0.35,5.142956348249516,0
29,trip,3390,3398.8333333333335,z31,z30,toy-0007814,,,False,40.0346910214131,0.0,39.2396910214131,0.35,2.3,0
6,trip,3390,3419.351274623054,z10,z22,toy-0007804,,,False,44.867113095525006,0.0,42.22549837945014,2.3,6.505382386916237,0
32,trip,3390,3421.910795394624,z01,z31,toy-0007803,,,False,40.69338528392553,0.0,37.821413698409344,2.3,7.273238618387272,0
67,trip,3390,3398.8333333333335,z31,z32,toy-0007815,,,False,39.804334151971325,0.0,39.00933415197132,0.35,2.3,0
35,trip,3390,3405.3333333333335,z21,z21,toy-0007811,,,False,45.45211309552509,0.0,44.07211309552509,2.3,2.3,0
42,trip,3390,3398.8333333333335,z21,z20,toy-0007812,,,False,40.36063988945939,0.0,39.56563988945939,0.35,2.3,0
60,trip,3390,3414.1666666666665,z01,z31,toy-0007810,,,False,35.45254492432805,0.0,33.277544924328055,0.35,6.8999999999999995,0
54,trip,3390,3434.785747606056,z21,z32,toy-0007805,,,False,28.73846555809132,0.0,24.707748273546315,5.142956348249516,8.292767933567175,0
8,trip,3390,3398.8333333333335,z32,z22,toy-0007823,,,False,38.699192641962775,0.0,37.90419264196277,0.35,2.3,0
71,trip,3390,3398.8333333333335,z22,z32,toy-0007821,,,False,42.406305737487685,0.0,41.61130573748768,0.35,2.3,0
69,trip,3390,3430.1431878274984,z21,z32,toy-0007816,,,False,35.70407542924329,0.0,32.091188524768434,5.142956348249516,6.8999999999999995,0
12,trip,3390,3416.175637311527,z32,z21,toy-0007818,,,False,47.399581894715574,0.0,45.043774536678136,4.6,3.2526911934581184,0
59,trip,3390,3419.351274623054,z32,z00,toy-0007806,,,False,43.487113095525174,0.0,40.845498379450305,6.505382386916237,2.3,0
62,trip,3390,3405.3333333333335,z32,z21,toy-0007819,,,False,38.2290540110338,0.0,36.8490540110338,2.3,2.3,0
76,trip,3390,3411.6846079563875,z32,z32,toy-0007813,,,False,43.75500000000033,0.0,41.80338528392546,3.2526911934581184,3.2526911934581184,0
89,visit,3390,3410.3333333333335,z20,z20,,depot_south,local,False,19.45251841823063,0.0,18.07251841823063,4.6,0,0
13,visit,3390,3405.0,z31,z31,,hub_core,local,True,37.125189400863114,10.979810599136881,47.894999999999996,0.7,0,6.5878863594821295
38,visit,3390,3405.0,z21,z21,,hub_inner,local,True,42.13841883301276,5.96658116698724,47.894999999999996,0.7,0,3.579948700192344
73,visit,3390,3432.3333333333335,z01,z01,,depot_west,central,False,42.61630573748751,0.0,41.236305737487505,4.6,0,0
2,trip,3400,3408.8333333333335,z21,z31,toy-0007864,,,False,35.60281420594585,0.0,34.807814205945846,0.35,2.3,0
25,trip,3400,3424.809854494165,z10,z21,toy-0007853,,,False,41.07722105644656,0.0,38.84433415197171,2.3,5.142956348249516,0
16,trip,3400,3408.8333333333335,z11,z12,toy-0007861,,,False,40.4051415100087,0.0,39.610141510008695,0.35,2.3,0
23,trip,3400,3412.0089706448603,z20,z31,toy-0007855,,,False,45.824999999999896,0.0,44.744192641962464,0.35,3.2526911934581184,0
33,trip,3400,3412.0089706448603,z21,z32,toy-0007866,,,False,40.63096320981297,0.0,39.550155851775536,0.35,3.2526911934581184,0
0,trip,3400,3416.5,z31,z11,toy-0007867,,,False,37.80180411693786,0.0,36.31680411693786,0.35,4.6,0
26,trip,3400,3418.309854494165,z20,z32,toy-0007856,,,False,36.11033954442307,0.0,34.46245263994822,0.35,5.142956348249516,0
27,trip,3400,3424.1666666666665,z01,z31,toy-0007859,,,False,40.472611474975324,0.0,38.29761147497533,0.35,6.8999999999999995,0
41,trip,3400,3423.0,z01,z22,toy-0007870,,,False,32.30785978012983,0.0,30.23785978012983,2.3,4.6,0
29,trip,3400,3408.8333333333335,z30,z31,toy-0007858,,,False,39.23969102141313,0.0,38.44469102141313,0.35,2.3,0
3,trip,3400,3408.8333333333335,z32,z31,toy-0007872,,,False,26.864058722472617,0.0,26.06905872247262,0.35,2.3,0
1,trip,3400,3418.5089706448603,z31,z21,toy-0007857,,,False,39.61711309552508,0.0,37.951305737487644,2.3,3.2526911934581184,0
7,trip,3400,3408.8333333333335,z31,z32,toy-0007868,,,False,27.51508709024043,0.0,26.720087090240433,0.35,2.3,0
75,trip,3400,3418.5089706448603,z10,z11,toy-0007854,,,False,36.805639889459606,0.0,35.13983253142217,2.3,3.2526911934581184,0
4,trip,3400,3416.5,z22,z20,toy-0007871,,,False,33.94518940086318,0.0,32.46018940086318,0.35,4.6,0
20,trip,3400,3418.309854494165,z11,z32,toy-0007863,,,False,39.73549837945063,0.0,38.08761147497578,0.35,5.142956348249516,0
30,trip,3400,3427.985491805692,z11,z21,toy-0007869,,,False,46.51500000000024,0.0,43.99630573748795,3.2526911934581184,5.142956348249516,0
40,trip,3400,3412.0089706448603,z11,z22,toy-0007862,,,False,43.201305737487786,0.0,42.12049837945035,0.35,3.2526911934581184,0
82,trip,3400,3412.0089706448603,z11,z00,toy-0007860,,,False,42.37740929153325,0.0,41.296601933495815,0.35,3.2526911934581184,0
8,trip,3400,3415.3333333333335,z22,z22,toy-0007865,,,False,37.9041926419628,0.0,36.5241926419628,2.3,2.3,0
18,trip,3400,3408.8333333333335,z22,z21,toy-0007885,,,False,35.69183766602579,0.0,34.89683766602579,0.35,2.3,0
19,trip,3400,3412.0089706448603,z32,z21,toy-0007889,,,False,40.550686614537554,0.0,39.46987925650012,0.35,3.2526911934581184,0
21,trip,3400,3424.809854494165,z31,z22,toy-0007878,,,False,47.894999999999804,0.0,45.66211309552495,2.3,5.142956348249516,0
44,trip,3400,3408.8333333333335,z32,z31,toy-0007890,,,False,33.88655520841833,0.0,33.09155520841833,0.35,2.3,0
52,trip,3400,3418.309854494165,z31,z12,toy-0007882,,,False,40.84761147497522,0.0,39.199724570500365,0.35,5.142956348249516,0
67,trip,3400,3408.8333333333335,z32,z22,toy-0007891,,,False,39.00933415197135,0.0,38.21433415197135,0.35,2.3,0
31,trip,3400,3426.175637311527,z22,z31,toy-0007880,,,False,37.25938204282565,0.0,34.90357468478821,3.2526911934581184,4.6,0
47,trip,3400,3434.286375654997,z22,z22,toy-0007875,,,False,43.201305737487445,0.0,40.115531928537735,5.142956348249516,5.142956348249516,0
70,trip,3400,3408.8333333333335,z31,z21,toy-0007881,,,False,37.756860641342556,0.0,36.961860641342554,0.35,2.3,0
57,trip,3400,3445.928736684345,z22,z31,toy-0007874,,,False,38.25764502406291,0.0,34.12405872247186,6.505382386916237,7.273238618387272,0
64,trip,3400,3408.8333333333335,z22,z32,toy-0007887,,,False,41.08419264196259,0.0,40.289192641962586,0.35,2.3,0
65,trip,3400,3418.309854494165,z22,z30,toy-0007884,,,False,37.28563988945919,0.0,35.63775298498434,0.35,5.142956348249516,0
71,trip,3400,3418.5089706448603,z32,z31,toy-0007886,,,False,41.61130573748771,0.0,39.94549837945028,2.3,3.2526911934581184,0
86,trip,3400,3421.6846079563875,z31,z31,toy-0007876,,,False,47.894999999999804,0.0,45.94338528392493,3.2526911934581184,3.2526911934581184,0
10,visit,3400,3415.0,z00,z00,,depot_west,local,True,24.827359020793192,12.777777777777779,37.39513679857097,0.7,0,7.666666666666668
34,visit,3400,3420.3333333333335,z12,z12,,hub_center,local,False,28.524372397615824,0.0,27.144372397615825,4.6,0,0
83,visit,3400,3415.0,z31,z31,,hub_core,local,True,37.76841766723724,10.33658233276276,47.894999999999996,0.7,0,6.201949399657655
48,visit,3400,3415.0,z31,z31,,hub_core,local,True,37.91349218693249,10.19150781306751,47.894999999999996,0.7,0,6.114904687840506
42,visit,3400,3420.3333333333335,z20,z20,,depot_south,local,False,39.56563988945942,0.0,38.18563988945942,4.6,0,0
66,visit,3400,3415.0,z32,z32,,hub_waterfront,local,True,43.429226191050105,4.675773808949892,47.894999999999996,0.7,0,2.805464285369935
78,visit,3400,3420.3333333333335,z10,z10,,depot_west,local,False,43.46919264196256,0.0,42.089192641962555,4.6,0,0
2,trip,3410,3422.0089706448603,z31,z20,toy-0007906,,,False,34.807814205945874,0.0,33.72700684790844,0.35,3.2526911934581184,0
13,trip,3410,3422.0089706448603,z31,z22,toy-0007907,,,False,47.89500000000001,0.0,46.81419264196258,0.35,3.2526911934581184,0
5,trip,3410,3425.3333333333335,z01,z21,toy-0007900,,,False,43.165141510008866,0.0,41.78514151000886,2.3,2.3,0
11,trip,3410,3433.0,z22,z32,toy-0007911,,,False,36.98888366337564,0.0,34.91888366337564,2.3,4.6,0
18,trip,3410,3418.8333333333335,z21,z31,toy-0007903,,,False,34.89683766602582,0.0,34.101837666025816,0.35,2.3,0
28,trip,3410,3440.6666666666665,z02,z31,toy-0007898,,,False,44.530046725078364,0.0,41.770046725078366,2.3,6.8999999999999995,0
49,trip,3410,3441.910795394624,z02,z32,toy-0007899,,,False,34.64782739681796,0.0,31.775855811301778,2.3,7.273238618387272,0
45,trip,3410,3426.5,z30,z32,toy-0007897,,,False,35.86736256645541,0.0,34.38236256645541,0.35,4.6,0
35,trip,3410,3434.809854494165,z21,z32,toy-0007901,,,False,44.07211309552512,0.0,41.839226191050265,2.3,5.142956348249516,0
15,trip,3410,3418.8333333333335,z31,z32,toy-0007908,,,False,36.62053192853842,0.0,35.82553192853842,0.35,2.3,0
81,trip,3410,3422.0089706448603,z22,z11,toy-0007913,,,False,42.45341883301321,0.0,41.37261147497578,0.35,3.2526911934581184,0
38,trip,3410,3431.6846079563875,z21,z21,toy-0007910,,,False,47.894999999999925,0.0,45.94338528392505,3.2526911934581184,3.2526911934581184,0
50,trip,3410,3428.309854494165,z00,z12,toy-0007893,,,False,40.758418833012875,0.0,39.11053192853802,0.35,5.142956348249516,0
7,trip,3410,3428.309854494165,z32,z20,toy-0007915,,,False,26.720087090240458,0.0,25.072200185765602,0.35,5.142956348249516,0
36,trip,3410,3445.309226445224,z10,z32,toy-0007894,,,False,45.13500000000014,0.0,41.957169619929985,2.3,8.292767933567175,0
43,trip,3410,3428.5089706448603,z21,z31,toy-0007914,,,False,39.09261147497587,0.0,37.426804116938435,2.3,3.2526911934581184,0
9,trip,3410,3434.809854494165,z20,z31,toy-0007895,,,False,40.75841883301257,0.0,38.52553192853772,2.3,5.142956348249516,0
55,trip,3410,3434.809854494165,z32,z10,toy-0007912,,,False,38.10024947092994,0.0,35.867362566455085,2.3,5.142956348249516,0
62,trip,3410,3451.387316555456,z21,z31,toy-0007909,,,False,36.84905401103383,0.0,33.12419552104279,5.142956348249516,7.273238618387272,0
70,trip,3410,3418.8333333333335,z21,z11,toy-0007902,,,False,36.96186064134258,0.0,36.16686064134258,0.35,2.3,0
85,trip,3410,3422.0089706448603,z21,z12,toy-0007904,,,False,12.303299255289115,0.0,11.222491897251679,0.35,3.2526911934581184,0
24,trip,3410,3439.351274623054,z20,z32,toy-0007896,,,False,32.97633928657544,0.0,30.33472457050057,2.3,6.505382386916237,0
58,trip,3410,3418.8333333333335,z32,z31,toy-0007916,,,False,42.10711309552512,0.0,41.31211309552512,0.35,2.3,0
29,trip,3410,3435.410795394624,z31,z00,toy-0007905,,,False,38.444691021413156,0.0,36.15771943589697,0.35,7.273238618387272,0
37,trip,3410,3433.0,z20,z01,toy-0007892,,,False,34.82483253142169,0.0,32.75483253142169,4.6,2.3,0
64,trip,3410,3425.3333333333335,z32,z32,toy-0007936,,,False,40.289192641962615,0.0,38.90919264196261,2.3,2.3,0
44,trip,3410,3428.309854494165,z31,z10,toy-0007929,,,False,33.091555208418356,0.0,31.4436683039435,0.35,5.142956348249516,0
51,trip,3410,3418.8333333333335,z31,z32,toy-0007930,,,False,38.31553192853813,0.0,37.52053192853813,0.35,2.3,0
80,trip,3410,3428.5089706448603,z30,z31,toy-0007920,,,False,37.60864061718741,0.0,35.94283325914998,2.3,3.2526911934581184,0
56,trip,3410,3428.5089706448603,z31,z32,toy-0007928,,,False,35.67391721246335,0.0,34.00810985442592,2.3,3.2526911934581184,0
79,trip,3410,3428.5089706448603,z31,z10,toy-0007925,,,False,42.743028414484094,0.0,41.07722105644666,2.3,3.2526911934581184,0
74,trip,3410,3428.5089706448603,z32,z22,toy-0007927,,,False,34.71654069765305,0.0,33.05073333961562,3.2526911934581184,2.3,0
3,visit,3410,3452.3333333333335,z31,z31,,depot_south,central,False,26.069058722472644,0.0,24.689058722472645,4.6,0,0
14,visit,3410,3425.0,z31,z31,,hub_core,local,True,31.742429495632653,12.777777777777779,44.310207273410434,0.7,0,7.666666666666668
67,visit,3410,3430.3333333333335,z22,z22,,hub_inner,local,False,38.21433415197138,0.0,36.834334151971376,4.6,0,0
16,visit,3410,3430.3333333333335,z12,z12,,hub_center,local,False,39.610141510008724,0.0,38.23014151000872,4.6,0,0
17,visit,3410,3425.0,z32,z32,,hub_waterfront,local,True,41.019334151971734,7.085665848028262,47.894999999999996,0.7,0,4.251399508816958
6,trip,3420,3432.0089706448603,z22,z31,toy-0007949,,,False,42.22549837945015,0.0,41.14469102141272,0.35,3.2526911934581184,0
15,trip,3420,3428.8333333333335,z32,z31,toy-0007951,,,False,35.825531928538446,0.0,35.030531928538444,0.35,2.3,0
10,trip,3420,3445.410795394624,z00,z31,toy-0007937,,,False,37.39513679857074,0.0,35.108165213054555,0.35,7.273238618387272,0
4,trip,3420,3455.309226445224,z20,z02,toy-0007941,,,False,32.46018940086317,0.0,29.28235902079302,2.3,8.292767933567175,0
0,trip,3420,3444.809854494165,z11,z22,toy-0007943,,,False,36.31680411693785,0.0,34.083917212463,2.3,5.142956348249516,0
20,trip,3420,3428.8333333333335,z32,z22,toy-0007952,,,False,38.08761147497578,0.0,37.29261147497578,0.35,2.3,0
59,trip,3420,3442.851274623054,z00,z22,toy-0007938,,,False,40.84549837945032,0.0,38.78888366337545,0.35,6.505382386916237,0
75,trip,3420,3428.8333333333335,z11,z10,toy-0007944,,,False,35.139832531422186,0.0,34.344832531422185,0.35,2.3,0
18,trip,3420,3444.809854494165,z31,z11,toy-0007940,,,False,34.101837666025844,0.0,31.86895076155099,2.3,5.142956348249516,0
82,trip,3420,3443.0,z00,z21,toy-0007942,,,False,41.29660193349582,0.0,39.22660193349582,2.3,4.6,0
23,trip,3420,3428.8333333333335,z31,z21,toy-0007947,,,False,44.74419264196247,0.0,43.94919264196247,0.35,2.3,0
12,trip,3420,3428.8333333333335,z21,z20,toy-0007946,,,False,45.04377453667813,0.0,44.24877453667813,0.35,2.3,0
22,trip,3420,3432.0089706448603,z32,z21,toy-0007950,,,False,40.550588452943074,0.0,39.46978109490564,0.35,3.2526911934581184,0
40,trip,3420,3428.8333333333335,z22,z21,toy-0007948,,,False,42.12049837945036,0.0,41.32549837945036,0.35,2.3,0
19,trip,3420,3438.5089706448603,z21,z22,toy-0007945,,,False,39.46987925650013,0.0,37.804071898462695,2.3,3.2526911934581184,0
89,trip,3420,3444.809854494165,z20,z31,toy-0007939,,,False,18.072518418230654,0.0,15.8396315137558,2.3,5.142956348249516,0
48,trip,3420,3438.5089706448603,z31,z32,toy-0007962,,,False,47.894999999999854,0.0,46.22919264196242,2.3,3.2526911934581184,0
52,trip,3420,3450.6666666666665,z12,z30,toy-0007954,,,False,39.199724570500365,0.0,36.43972457050037,4.6,4.6,0
58,trip,3420,3443.0,z31,z01,toy-0007960,,,False,41.31211309552515,0.0,39.24211309552515,2.3,4.6,0
60,trip,3420,3435.3333333333335,z31,z31,toy-0007961,,,False,33.27754492432806,0.0,31.897544924328063,2.3,2.3,0
68,trip,3420,3447.985491805692,z31,z12,toy-0007955,,,False,41.48141369840906,0.0,38.962719435896766,3.2526911934581184,5.142956348249516,0
71,trip,3420,3450.6666666666665,z31,z31,toy-0007959,,,False,39.94549837945029,0.0,37.185498379450294,4.6,4.6,0
83,trip,3420,3466.0,z31,z31,toy-0007957,,,False,47.89500000000005,0.0,43.75500000000005,6.8999999999999995,6.8999999999999995,0
88,trip,3420,3438.5089706448603,z31,z21,toy-0007956,,,False,33.11884219726367,0.0,31.45303483922623,2.3,3.2526911934581184,0
26,trip,3420,3464.785747606056,z32,z21,toy-0007953,,,False,34.46245263994822,0.0,30.431735355403212,8.292767933567175,5.142956348249516,0
33,trip,3420,3444.809854494165,z32,z21,toy-0007958,,,False,39.55015585177554,0.0,37.31726894730069,5.142956348249516,2.3,0
61,trip,3420,3443.0,z32,z11,toy-0007963,,,False,32.50048559687127,0.0,30.43048559687127,2.3,4.6,0
66,trip,3420,3438.5089706448603,z32,z22,toy-0007964,,,False,47.894999999999975,0.0,46.22919264196254,2.3,3.2526911934581184,0
76,trip,3420,3467.2441287279576,z32,z31,toy-0007965,,,False,41.80338528392546,0.0,37.55141369840928,6.8999999999999995,7.273238618387272,0
65,visit,3420,3435.0,z30,z30,,depot_south,local,True,35.63775298498434,12.467247015015658,47.894999999999996,0.7,0,7.480348209009395
70,visit,3420,3435.0,z11,z11,,hub_center,local,True,36.16686064134261,11.938139358657388,47.894999999999996,0.7,0,7.162883615194432
8,visit,3420,3440.3333333333335,z22,z22,,hub_inner,local,False,36.52419264196283,0.0,35.144192641962825,4.6,0,0
51,visit,3420,3477.6666666666665,z32,z32,,depot_south,central,False,37.520531928538155,0.0,34.76053192853816,9.2,0,0
1,visit,3420,3435.0,z21,z21,,hub_inner,local,True,37.95130573748766,10.153694262512339,47.894999999999996,0.7,0,6.0922165575074025
84,visit,3420,3435.0,z31,z31,,hub_core,local,True,41.316446081721026,6.7885539182789705,47.894999999999996,0.7,0,4.0731323509673825
72,visit,3420,3435.0,z31,z31,,hub_core,local,True,42.419691021412795,5.6853089785872015,47.894999999999996,0.7,0,3.411185387152321
63,trip,3430,3448.309854494165,z11,z32,toy-0007971,,,False,36.86596320981277,0.0,35.21807630533792,0.35,5.142956348249516,0
13,trip,3430,3442.0089706448603,z22,z31,toy-0007978,,,False,46.814192641962585,0.0,45.73338528392515,0.35,3.2526911934581184,0
14,trip,3430,3438.8333333333335,z31,z32,toy-0007973,,,False,44.3102072734102,0.0,43.5152072734102,0.35,2.3,0
81,trip,3430,3442.0089706448603,z11,z20,toy-0007970,,,False,41.372611474975784,0.0,40.29180411693835,0.35,3.2526911934581184,0
21,trip,3430,3446.5,z22,z20,toy-0007977,,,False,45.662113095524965,0.0,44.177113095524966,0.35,4.6,0
17,trip,3430,3446.5,z32,z12,toy-0007981,,,False,47.89500000000014,0.0,46.41000000000014,0.35,4.6,0
41,trip,3430,3438.8333333333335,z22,z32,toy-0007979,,,False,30.23785978012983,0.0,29.44285978012983,0.35,2.3,0
34,trip,3430,3448.309854494165,z12,z31,toy-0007975,,,False,27.14437239761585,0.0,25.496485493140995,0.35,5.142956348249516,0
45,trip,3430,3438.8333333333335,z32,z31,toy-0007980,,,False,34.382362566455406,0.0,33.587362566455404,0.35,2.3,0
2,trip,3430,3452.851274623054,z20,z02,toy-0007968,,,False,33.72700684790845,0.0,31.670392131833577,0.35,6.505382386916237,0
44,trip,3430,3452.851274623054,z10,z32,toy-0007966,,,False,31.443668303943507,0.0,29.387053587868635,0.35,6.505382386916237,0
50,trip,3430,3454.809854494165,z12,z21,toy-0007974,,,False,39.11053192853802,0.0,36.87764502406317,2.3,5.142956348249516,0
7,trip,3430,3445.3333333333335,z20,z31,toy-0007969,,,False,25.072200185765617,0.0,23.692200185765618,2.3,2.3,0
15,trip,3430,3454.1666666666665,z31,z01,toy-0007972,,,False,35.03053192853847,0.0,32.855531928538475,0.35,6.8999999999999995,0
85,trip,3430,3446.5,z12,z32,toy-0007976,,,False,11.222491897251691,0.0,9.737491897251692,0.35,4.6,0
12,trip,3430,3442.0089706448603,z20,z31,toy-0007967,,,False,44.248774536678155,0.0,43.16796717864072,0.35,3.2526911934581184,0
74,trip,3430,3438.8333333333335,z22,z12,toy-0008003,,,False,33.05073333961563,0.0,32.25573333961563,0.35,2.3,0
53,trip,3430,3448.309854494165,z10,z31,toy-0007985,,,False,42.21211309552524,0.0,40.56422619105039,0.35,5.142956348249516,0
42,trip,3430,3438.8333333333335,z20,z10,toy-0007987,,,False,38.18563988945945,0.0,37.39063988945945,0.35,2.3,0
5,trip,3430,3453.0,z21,z31,toy-0007994,,,False,41.78514151000889,0.0,39.71514151000889,2.3,4.6,0
23,trip,3430,3438.8333333333335,z21,z31,toy-0007997,,,False,43.9491926419625,0.0,43.154192641962496,0.35,2.3,0
77,trip,3430,3438.8333333333335,z20,z21,toy-0007989,,,False,33.178047452806375,0.0,32.38304745280637,0.35,2.3,0
25,trip,3430,3454.809854494165,z21,z32,toy-0007990,,,False,38.84433415197172,0.0,36.61144724749687,2.3,5.142956348249516,0
75,trip,3430,3448.309854494165,z10,z22,toy-0007986,,,False,34.34483253142221,0.0,32.69694562694736,0.35,5.142956348249516,0
30,trip,3430,3442.0089706448603,z21,z30,toy-0007996,,,False,43.99630573748795,0.0,42.91549837945052,0.35,3.2526911934581184,0
40,trip,3430,3448.5089706448603,z21,z02,toy-0007995,,,False,41.32549837945039,0.0,39.659691021412954,2.3,3.2526911934581184,0
56,trip,3430,3438.8333333333335,z32,z31,toy-0008006,,,False,34.00810985442593,0.0,33.21310985442593,0.35,2.3,0
27,trip,3430,3459.351274623054,z31,z10,toy-0008004,,,False,38.297611474975334,0.0,35.655996758900464,2.3,6.505382386916237,0
31,trip,3430,3454.809854494165,z31,z11,toy-0008005,,,False,34.903574684788204,0.0,32.67068778031335,2.3,5.142956348249516,0
78,trip,3430,3462.476521160832,z10,z20,toy-0008001,,,False,42.08919264196259,0.0,39.16630573748773,4.6,5.142956348249516,0
32,trip,3430,3451.6846079563875,z31,z11,toy-0007988,,,False,37.821413698409366,0.0,35.869798982334494,3.2526911934581184,3.2526911934581184,0
39,trip,3430,3477.2441287279576,z31,z32,toy-0007993,,,False,33.25761147497537,0.0,29.00563988945919,6.8999999999999995,7.273238618387272,0
43,trip,3430,3438.8333333333335,z31,z21,toy-0007999,,,False,37.42680411693845,0.0,36.63180411693845,0.35,2.3,0
46,trip,3430,3453.0,z31,z32,toy-0007992,,,False,31.533302786069147,0.0,29.463302786069146,2.3,4.6,0
80,trip,3430,3481.886688506515,z31,z30,toy-0008000,,,False,35.94283325914999,0.0,31.27303129356366,7.273238618387272,8.292767933567175,0
86,trip,3430,3465.0864327061513,z31,z11,toy-0007982,,,False,45.94338528392493,0.0,42.78560634037132,7.273238618387272,3.2526911934581184,0
20,visit,3430,3491.286375654997,z22,z22,,depot_south,central,False,37.29261147497581,0.0,34.2068376660261,10.285912696499032,0,0
64,visit,3430,3445.0,z32,z32,,hub_waterfront,local,True,38.90919264196264,9.195807358037355,47.894999999999996,0.7,0,5.517484414822413
79,visit,3430,3450.3333333333335,z10,z10,,depot_west,local,False,41.077221056446675,0.0,39.69722105644667,4.6,0,0
87,visit,3430,3445.0,z31,z31,,hub_core,local,True,42.9021130955251,5.202886904474894,47.894999999999996,0.7,0,3.1217321426849365
1,trip,3440,3463.0,z21,z22,toy-0008011,,,False,47.89500000000022,0.0,45.82500000000022,2.3,4.6,0
65,trip,3440,3458.309854494165,z30,z22,toy-0008012,,,False,47.894999999999705,0.0,46.24711309552485,0.35,5.142956348249516,0
29,trip,3440,3468.809226445224,z00,z32,toy-0008007,,,False,36.157719435896986,0.0,33.56488905582683,0.35,8.292767933567175,0
6,trip,3440,3452.0089706448603,z31,z22,toy-0008017,,,False,41.144691021412726,0.0,40.06388366337529,0.35,3.2526911934581184,0
22,trip,3440,3452.0089706448603,z21,z32,toy-0008016,,,False,39.46978109490565,0.0,38.388973736868216,0.35,3.2526911934581184,0
38,trip,3440,3464.809854494165,z21,z01,toy-0008009,,,False,45.94338528392505,0.0,43.7104983794502,2.3,5.142956348249516,0
9,trip,3440,3448.8333333333335,z31,z32,toy-0008018,,,False,38.52553192853773,0.0,37.73053192853773,0.35,2.3,0
43,trip,3440,3448.8333333333335,z21,z22,toy-0008015,,,False,36.631804116938476,0.0,35.836804116938474,0.35,2.3,0
19,trip,3440,3452.0089706448603,z22,z31,toy-0008023,,,False,37.80407189846271,0.0,36.723264540425276,0.35,3.2526911934581184,0
77,trip,3440,3448.8333333333335,z21,z11,toy-0008014,,,False,32.3830474528064,0.0,31.5880474528064,0.35,2.3,0
16,trip,3440,3463.0,z12,z22,toy-0008019,,,False,38.23014151000876,0.0,36.160141510008756,2.3,4.6,0
47,trip,3440,3452.0089706448603,z22,z11,toy-0008021,,,False,40.115531928537735,0.0,39.0347245705003,0.35,3.2526911934581184,0
37,trip,3440,3470.6666666666665,z01,z32,toy-0008020,,,False,32.75483253142169,0.0,29.994832531421693,2.3,6.8999999999999995,0
14,trip,3440,3448.8333333333335,z32,z22,toy-0008025,,,False,43.515207273410226,0.0,42.720207273410225,0.35,2.3,0
42,trip,3440,3458.5089706448603,z10,z31,toy-0008010,,,False,37.39063988945948,0.0,35.724832531422045,2.3,3.2526911934581184,0
73,trip,3440,3464.1666666666665,z01,z31,toy-0008013,,,False,41.23630573748754,0.0,39.061305737487544,0.35,6.8999999999999995,0
24,trip,3440,3452.0089706448603,z32,z21,toy-0008024,,,False,30.334724570500583,0.0,29.253917212463147,0.35,3.2526911934581184,0
66,trip,3440,3448.8333333333335,z22,z21,toy-0008022,,,False,46.229192641962555,0.0,45.434192641962554,0.35,2.3,0
55,trip,3440,3463.0,z10,z00,toy-0008008,,,False,35.8673625664551,0.0,33.7973625664551,2.3,4.6,0
35,trip,3440,3448.8333333333335,z32,z31,toy-0008041,,,False,41.83922619105028,0.0,41.04422619105028,0.35,2.3,0
23,trip,3440,3455.3333333333335,z31,z31,toy-0008030,,,False,43.154192641962524,0.0,41.77419264196252,2.3,2.3,0
70,trip,3440,3458.309854494165,z11,z32,toy-0008033,,,False,47.89500000000006,0.0,46.24711309552521,0.35,5.142956348249516,0
74,trip,3440,3463.0,z12,z20,toy-0008026,,,False,32.25573333961566,0.0,30.18573333961566,4.6,2.3,0
67,trip,3440,3464.809854494165,z22,z31,toy-0008037,,,False,36.83433415197141,0.0,34.60144724749656,2.3,5.142956348249516,0
60,trip,3440,3467.985491805692,z31,z01,toy-0008027,,,False,31.89754492432809,0.0,29.3788506618158,5.142956348249516,3.2526911934581184,0
72,trip,3440,3458.5089706448603,z31,z30,toy-0008029,,,False,47.894999999999946,0.0,46.22919264196251,3.2526911934581184,2.3,0
41,trip,3440,3487.2441287279576,z32,z31,toy-0008036,,,False,29.442859780129858,0.0,25.190888194613677,6.8999999999999995,7.273238618387272,0
48,trip,3440,3465.410795394624,z32,z01,toy-0008040,,,False,46.229192641962435,0.0,43.94222105644625,0.35,7.273238618387272,0
84,trip,3440,3458.309854494165,z31,z12,toy-0008035,,,False,47.89499999999966,0.0,46.24711309552481,0.35,5.142956348249516,0
54,trip,3440,3472.476521160832,z32,z31,toy-0008031,,,False,24.707748273546304,0.0,21.78486136907145,5.142956348249516,4.6,0
88,visit,3440,3455.0,z21,z21,,hub_inner,local,True,31.453034839226245,12.777777777777779,44.02081261700402,0.7,0,7.666666666666668
69,visit,3440,3455.0,z32,z32,,hub_waterfront,local,True,32.091188524768434,12.777777777777779,44.65896630254621,0.7,0,7.666666666666668
56,visit,3440,3455.0,z31,z31,,hub_core,local,True,33.21310985442596,12.777777777777779,45.780887632203736,0.7,0,7.666666666666668
45,visit,3440,3455.0,z31,z31,,hub_core,local,True,33.58736256645543,12.777777777777779,46.15514034423321,0.7,0,7.666666666666668
11,visit,3440,3455.0,z32,z32,,hub_waterfront,local,True,34.91888366337564,12.777777777777779,47.486661441153416,0.7,0,7.666666666666668
7,trip,3450,3466.5,z31,z11,toy-0008051,,,False,23.692200185765643,0.0,22.207200185765643,0.35,4.6,0
30,trip,3450,3458.8333333333335,z30,z20,toy-0008045,,,False,42.915498379450526,0.0,42.120498379450524,0.35,2.3,0
0,trip,3450,3462.0089706448603,z22,z31,toy-0008057,,,False,34.083917212463014,0.0,33.00310985442558,0.35,3.2526911934581184,0
40,trip,3450,3472.851274623054,z02,z20,toy-0008053,,,False,39.65969102141297,0.0,37.6030763053381,0.35,6.505382386916237,0
58,trip,3450,3468.309854494165,z01,z20,toy-0008047,,,False,39.24211309552515,0.0,37.594226191050296,0.35,5.142956348249516,0
18,trip,3450,3473.0,z11,z21,toy-0008048,,,False,31.868950761551,0.0,29.798950761551,2.3,4.6,0
17,trip,3450,3458.8333333333335,z12,z22,toy-0008054,,,False,46.41000000000013,0.0,45.61500000000013,0.35,2.3,0
77,trip,3450,3468.5089706448603,z11,z10,toy-0008046,,,False,31.588047452806425,0.0,29.922240094768988,2.3,3.2526911934581184,0
33,trip,3450,3465.3333333333335,z21,z21,toy-0008050,,,False,37.317268947300704,0.0,35.9372689473007,2.3,2.3,0
21,trip,3450,3462.0089706448603,z20,z31,toy-0008043,,,False,44.17711309552496,0.0,43.096305737487526,0.35,3.2526911934581184,0
81,trip,3450,3468.309854494165,z20,z32,toy-0008044,,,False,40.29180411693836,0.0,38.643917212463506,0.35,5.142956348249516,0
66,trip,3450,3465.3333333333335,z21,z01,toy-0008049,,,False,45.43419264196258,0.0,44.05419264196258,2.3,2.3,0
10,trip,3450,3458.8333333333335,z31,z21,toy-0008052,,,False,35.10816521305457,0.0,34.31316521305457,0.35,2.3,0
8,trip,3450,3468.309854494165,z22,z01,toy-0008056,,,False,35.14419264196286,0.0,33.49630573748801,0.35,5.142956348249516,0
82,trip,3450,3477.985491805692,z21,z31,toy-0008042,,,False,39.22660193349582,0.0,36.70790767098353,3.2526911934581184,5.142956348249516,0
68,trip,3450,3466.5,z12,z32,toy-0008055,,,False,38.962719435896766,0.0,37.477719435896766,0.35,4.6,0
14,trip,3450,3487.017941289721,z22,z20,toy-0008058,,,False,42.72020727341025,0.0,39.38859255733538,6.505382386916237,4.6,0
12,trip,3450,3482.476521160832,z31,z12,toy-0008060,,,False,43.16796717864073,0.0,40.24508027416587,5.142956348249516,4.6,0
59,trip,3450,3484.286375654997,z22,z22,toy-0008065,,,False,38.78888366337546,0.0,35.70310985442575,5.142956348249516,5.142956348249516,0
9,trip,3450,3458.8333333333335,z32,z31,toy-0008078,,,False,37.73053192853776,0.0,36.935531928537756,0.35,2.3,0
36,trip,3450,3462.0089706448603,z32,z21,toy-0008077,,,False,41.95716961992999,0.0,40.87636226189256,0.35,3.2526911934581184,0
75,trip,3450,3476.175637311527,z22,z31,toy-0008067,,,False,32.69694562694736,0.0,30.341138268909926,3.2526911934581184,4.6,0
49,trip,3450,3482.476521160832,z32,z31,toy-0008075,,,False,31.775855811301795,0.0,28.85296890682694,4.6,5.142956348249516,0
13,trip,3450,3465.3333333333335,z31,z20,toy-0008069,,,False,45.73338528392516,0.0,44.35338528392516,2.3,2.3,0
28,trip,3450,3496.0,z31,z31,toy-0008064,,,False,41.77004672507838,0.0,37.63004672507838,6.8999999999999995,6.8999999999999995,0
34,trip,3450,3497.2441287279576,z31,z32,toy-0008066,,,False,25.49648549314101,0.0,21.244513907624828,6.8999999999999995,7.273238618387272,0
35,trip,3450,3465.3333333333335,z31,z31,toy-0008070,,,False,41.044226191050306,0.0,39.664226191050304,2.3,2.3,0
53,trip,3450,3458.8333333333335,z31,z32,toy-0008072,,,False,40.56422619105039,0.0,39.769226191050386,0.35,2.3,0
87,trip,3450,3488.827795783886,z31,z32,toy-0008061,,,False,47.89499999999976,0.0,44.400498379450035,5.142956348249516,6.505382386916237,0
89,trip,3450,3480.6666666666665,z31,z11,toy-0008063,,,False,15.839631513755808,0.0,13.079631513755809,6.8999999999999995,2.3,0
63,trip,3450,3501.886688506515,z32,z31,toy-0008059,,,False,35.21807630533792,0.0,30.548274339751583,8.292767933567175,7.273238618387272,0
64,trip,3450,3466.5,z32,z30,toy-0008076,,,False,47.89499999999986,0.0,46.40999999999986,0.35,4.6,0
85,trip,3450,3476.175637311527,z32,z21,toy-0008062,,,False,9.737491897251692,0.0,7.381684539214257,4.6,3.2526911934581184,0
61,visit,3450,3465.0,z11,z11,,hub_center,local,True,30.43048559687127,12.777777777777779,42.99826337464905,0.7,0,7.666666666666668
57,visit,3450,3492.3333333333335,z31,z31,,depot_south,central,False,34.124058722471865,0.0,32.74405872247186,4.6,0,0
43,visit,3450,3470.3333333333335,z22,z22,,hub_inner,local,False,35.8368041169385,0.0,34.4568041169385,4.6,0,0
6,trip,3460,3472.0089706448603,z22,z31,toy-0008093,,,False,40.0638836633753,0.0,38.98307630533787,0.35,3.2526911934581184,0
17,trip,3460,3468.8333333333335,z22,z32,toy-0008094,,,False,45.61500000000016,0.0,44.82000000000016,0.35,2.3,0
15,trip,3460,3484.809854494165,z01,z21,toy-0008079,,,False,32.85553192853848,0.0,30.62264502406363,2.3,5.142956348249516,0
30,trip,3460,3468.8333333333335,z20,z21,toy-0008081,,,False,42.12049837945055,0.0,41.32549837945055,0.35,2.3,0
72,trip,3460,3476.5,z30,z32,toy-0008083,,,False,46.22919264196253,0.0,44.74419264196253,0.35,4.6,0
65,trip,3460,3468.8333333333335,z22,z21,toy-0008092,,,False,46.24711309552485,0.0,45.45211309552485,0.35,2.3,0
84,trip,3460,3472.0089706448603,z12,z21,toy-0008090,,,False,46.24711309552481,0.0,45.16630573748738,0.35,3.2526911934581184,0
11,trip,3460,3468.8333333333335,z32,z22,toy-0008095,,,False,47.48666144115318,0.0,46.69166144115318,0.35,2.3,0
10,trip,3460,3468.8333333333335,z21,z22,toy-0008086,,,False,34.313165213054596,0.0,33.518165213054594,0.35,2.3,0
24,trip,3460,3472.0089706448603,z21,z12,toy-0008085,,,False,29.25391721246316,0.0,28.173109854425725,0.35,3.2526911934581184,0
3,trip,3460,3472.0089706448603,z31,z22,toy-0008088,,,False,24.68905872247267,0.0,23.608251364435233,0.35,3.2526911934581184,0
32,trip,3460,3468.8333333333335,z11,z12,toy-0008084,,,False,35.869798982334494,0.0,35.07479898233449,0.35,2.3,0
2,trip,3460,3475.3333333333335,z02,z11,toy-0008089,,,False,31.670392131833584,0.0,30.290392131833585,2.3,2.3,0
27,trip,3460,3489.351274623054,z10,z22,toy-0008080,,,False,35.65599675890048,0.0,33.01438204282561,2.3,6.505382386916237,0
5,trip,3460,3468.8333333333335,z31,z30,toy-0008087,,,False,39.71514151000889,0.0,38.92014151000889,0.35,2.3,0
19,trip,3460,3475.3333333333335,z31,z31,toy-0008082,,,False,36.72326454042528,0.0,35.34326454042528,2.3,2.3,0
22,trip,3460,3489.351274623054,z32,z00,toy-0008091,,,False,38.38897373686822,0.0,35.747359020793354,2.3,6.505382386916237,0
79,trip,3460,3478.309854494165,z10,z31,toy-0008097,,,False,39.69722105644671,0.0,38.049334151971856,0.35,5.142956348249516,0
25,trip,3460,3468.8333333333335,z32,z31,toy-0008108,,,False,36.61144724749688,0.0,35.81644724749688,0.35,2.3,0
23,trip,3460,3478.309854494165,z31,z10,toy-0008101,,,False,41.77419264196255,0.0,40.1263057374877,0.35,5.142956348249516,0
4,trip,3460,3485.410795394624,z02,z31,toy-0008106,,,False,29.282359020793024,0.0,26.995387435276843,0.35,7.273238618387272,0
42,trip,3460,3468.8333333333335,z31,z21,toy-0008103,,,False,35.72483253142206,0.0,34.92983253142206,0.35,2.3,0
45,trip,3460,3468.8333333333335,z31,z32,toy-0008104,,,False,46.155140344232976,0.0,45.360140344232974,0.35,2.3,0
47,trip,3460,3498.484863756751,z11,z32,toy-0008096,,,False,39.03472457050031,0.0,35.57108683239272,3.2526911934581184,8.292767933567175,0
50,trip,3460,3494.286375654997,z21,z21,toy-0008105,,,False,36.877645024063185,0.0,33.791871215113474,5.142956348249516,5.142956348249516,0
88,trip,3460,3484.809854494165,z21,z32,toy-0008099,,,False,44.02081261700379,0.0,41.78792571252894,2.3,5.142956348249516,0
56,trip,3460,3475.3333333333335,z31,z31,toy-0008100,,,False,45.7808876322035,0.0,44.4008876322035,2.3,2.3,0
71,trip,3460,3481.6846079563875,z31,z31,toy-0008098,,,False,37.185498379450266,0.0,35.233883663375394,3.2526911934581184,3.2526911934581184,0
44,trip,3460,3478.5089706448603,z32,z20,toy-0008102,,,False,29.38705358786865,0.0,27.721246229831213,2.3,3.2526911934581184,0
46,trip,3460,3478.309854494165,z32,z11,toy-0008107,,,False,29.463302786069146,0.0,27.81541588159429,0.35,5.142956348249516,0
31,visit,3460,3475.0,z11,z11,,hub_center,local,True,32.670687780313365,12.777777777777779,45.23846555809114,0.7,0,7.666666666666668
62,visit,3460,3475.0,z31,z31,,hub_core,local,True,33.12419552104279,12.777777777777779,45.69197329882057,0.7,0,7.666666666666668
52,visit,3460,3475.0,z30,z30,,depot_south,local,True,36.43972457050034,11.665275429499657,47.894999999999996,0.7,0,6.9991652576997945
9,visit,3460,3475.0,z31,z31,,hub_core,local,True,36.935531928537785,11.169468071462212,47.894999999999996,0.7,0,6.701680842877328
7,trip,3470,3482.0089706448603,z11,z22,toy-0008117,,,False,22.207200185765643,0.0,21.126392827728207,0.35,3.2526911934581184,0
61,trip,3470,3486.5,z11,z31,toy-0008116,,,False,42.99826337464882,0.0,41.51326337464882,0.35,4.6,0
86,trip,3470,3478.8333333333335,z11,z21,toy-0008115,,,False,42.78560634037131,0.0,41.99060634037131,0.35,2.3,0
13,trip,3470,3488.5089706448603,z20,z21,toy-0008110,,,False,44.353385283925185,0.0,42.68757792588775,2.3,3.2526911934581184,0
32,trip,3470,3488.309854494165,z12,z31,toy-0008120,,,False,35.07479898233452,0.0,33.42691207785967,0.35,5.142956348249516,0
8,trip,3470,3500.6666666666665,z01,z32,toy-0008119,,,False,33.49630573748801,0.0,30.73630573748801,2.3,6.8999999999999995,0
1,trip,3470,3482.0089706448603,z22,z31,toy-0008123,,,False,45.82500000000022,0.0,44.74419264196279,0.35,3.2526911934581184,0
10,trip,3470,3486.5,z22,z20,toy-0008122,,,False,33.51816521305462,0.0,32.03316521305462,0.35,4.6,0
38,trip,3470,3501.910795394624,z01,z31,toy-0008109,,,False,43.710498379450215,0.0,40.83852679393404,2.3,7.273238618387272,0
17,trip,3470,3482.0089706448603,z32,z21,toy-0008125,,,False,44.820000000000185,0.0,43.73919264196275,0.35,3.2526911934581184,0
58,trip,3470,3486.5,z20,z22,toy-0008112,,,False,37.594226191050296,0.0,36.1092261910503,0.35,4.6,0
74,trip,3470,3488.309854494165,z20,z32,toy-0008113,,,False,30.18573333961566,0.0,28.537846435140803,0.35,5.142956348249516,0
48,trip,3470,3494.1666666666665,z01,z31,toy-0008114,,,False,43.942221056446265,0.0,41.76722105644627,0.35,6.8999999999999995,0
78,trip,3470,3494.809854494165,z20,z22,toy-0008111,,,False,39.166305737487725,0.0,36.93341883301287,2.3,5.142956348249516,0
30,trip,3470,3482.0089706448603,z21,z32,toy-0008118,,,False,41.32549837945058,0.0,40.244691021413146,0.35,3.2526911934581184,0
11,trip,3470,3493.0,z22,z32,toy-0008121,,,False,46.69166144115321,0.0,44.62166144115321,2.3,4.6,0
29,trip,3470,3498.809226445224,z32,z00,toy-0008124,,,False,33.56488905582683,0.0,30.972058675756678,0.35,8.292767933567175,0
0,trip,3470,3495.410795394624,z31,z02,toy-0008136,,,False,33.00310985442559,0.0,30.716138268909408,0.35,7.273238618387272,0
5,trip,3470,3495.410795394624,z30,z01,toy-0008129,,,False,38.92014151000892,0.0,36.633169924492734,0.35,7.273238618387272,0
36,trip,3470,3488.5089706448603,z21,z11,toy-0008127,,,False,40.87636226189257,0.0,39.21055490385513,2.3,3.2526911934581184,0
16,trip,3470,3478.8333333333335,z22,z32,toy-0008141,,,False,36.160141510008756,0.0,35.365141510008755,0.35,2.3,0
42,trip,3470,3478.8333333333335,z21,z11,toy-0008133,,,False,34.929832531422086,0.0,34.134832531422084,0.35,2.3,0
65,trip,3470,3478.8333333333335,z21,z31,toy-0008134,,,False,45.45211309552488,0.0,44.65711309552488,0.35,2.3,0
64,trip,3470,3488.309854494165,z30,z11,toy-0008130,,,False,46.409999999999854,0.0,44.762113095525,0.35,5.142956348249516,0
45,trip,3470,3488.5089706448603,z32,z11,toy-0008140,,,False,45.360140344233,0.0,43.69433298619557,2.3,3.2526911934581184,0
21,trip,3470,3486.5,z31,z11,toy-0008135,,,False,43.09630573748753,0.0,41.611305737487534,0.35,4.6,0
25,trip,3470,3482.0089706448603,z31,z22,toy-0008137,,,False,35.81644724749691,0.0,34.73563988945948,0.35,3.2526911934581184,0
60,trip,3470,3482.0089706448603,z01,z12,toy-0008131,,,False,29.3788506618158,0.0,28.298043303778364,0.35,3.2526911934581184,0
35,trip,3470,3491.6846079563875,z31,z31,toy-0008128,,,False,39.66422619105033,0.0,37.71261147497546,3.2526911934581184,3.2526911934581184,0
67,trip,3470,3478.8333333333335,z31,z32,toy-0008138,,,False,34.60144724749657,0.0,33.80644724749657,0.35,2.3,0
66,trip,3470,3488.5089706448603,z01,z20,toy-0008132,,,False,44.05419264196261,0.0,42.388385283925174,2.3,3.2526911934581184,0
53,trip,3470,3494.809854494165,z32,z10,toy-0008139,,,False,39.769226191050414,0.0,37.53633928657556,2.3,5.142956348249516,0
73,trip,3470,3508.827795783886,z31,z32,toy-0008126,,,False,39.06130573748755,0.0,35.566804116937824,5.142956348249516,6.505382386916237,0
68,trip,3470,3478.8333333333335,z32,z31,toy-0008142,,,False,37.47771943589676,0.0,36.68271943589676,0.35,2.3,0
77,visit,3470,3490.3333333333335,z10,z10,,depot_west,local,False,29.922240094769,0.0,28.542240094769,4.6,0,0
26,visit,3470,3485.0,z21,z21,,hub_inner,local,True,30.431735355403198,12.777777777777779,42.999513133180976,0.7,0,7.666666666666668
55,visit,3470,3485.0,z00,z00,,depot_west,local,True,33.7973625664551,12.777777777777779,46.36514034423288,0.7,0,7.666666666666668
33,visit,3470,3485.0,z21,z21,,hub_inner,local,True,35.93726894730073,12.167731052699269,47.894999999999996,0.7,0,7.30063863161956
76,visit,3470,3485.0,z31,z31,,hub_core,,True,37.55141369840928,10.55358630159072,47.894999999999996,0.7,0,6.332151780954432
81,visit,3470,3485.0,z32,z32,,hub_waterfront,,True,38.643917212463506,9.46108278753649,47.894999999999996,0.7,0,5.676649672521894
3,trip,3480,3488.8333333333335,z22,z21,toy-0008154,,,False,23.608251364435247,0.0,22.813251364435246,0.35,2.3,0
23,trip,3480,3498.309854494165,z10,z31,toy-0008143,,,False,40.1263057374877,0.0,38.478418833012846,0.35,5.142956348249516,0
52,trip,3480,3488.8333333333335,z30,z31,toy-0008144,,,False,47.89499999999967,0.0,47.09999999999967,0.35,2.3,0
18,trip,3480,3492.0089706448603,z21,z10,toy-0008149,,,False,29.798950761551,0.0,28.718143403513565,0.35,3.2526911934581184,0
16,trip,3480,3488.8333333333335,z32,z22,toy-0008157,,,False,35.36514151000878,0.0,34.57014151000878,0.35,2.3,0
6,trip,3480,3504.809854494165,z31,z22,toy-0008145,,,False,38.983076305337875,0.0,36.75018940086302,2.3,5.142956348249516,0
24,trip,3480,3492.0089706448603,z12,z01,toy-0008152,,,False,28.17310985442574,0.0,27.092302496388303,0.35,3.2526911934581184,0
2,trip,3480,3496.5,z11,z31,toy-0008148,,,False,30.29039213183361,0.0,28.80539213183361,0.35,4.6,0
37,trip,3480,3496.5,z32,z12,toy-0008156,,,False,29.994832531421707,0.0,28.509832531421708,0.35,4.6,0
9,trip,3480,3488.8333333333335,z31,z21,toy-0008151,,,False,47.895000000000344,0.0,47.10000000000034,0.35,2.3,0
84,trip,3480,3498.309854494165,z21,z02,toy-0008150,,,False,45.166305737487384,0.0,43.51841883301253,0.35,5.142956348249516,0
31,trip,3480,3503.0,z11,z21,toy-0008147,,,False,45.23846555809091,0.0,43.16846555809091,2.3,4.6,0
42,trip,3480,3511.910795394624,z11,z30,toy-0008146,,,False,34.13483253142211,0.0,31.26286094590593,2.3,7.273238618387272,0
43,trip,3480,3495.3333333333335,z22,z22,toy-0008153,,,False,34.456804116938535,0.0,33.07680411693853,2.3,2.3,0
39,trip,3480,3498.309854494165,z32,z20,toy-0008155,,,False,29.005639889459196,0.0,27.35775298498434,0.35,5.142956348249516,0
46,trip,3480,3498.5089706448603,z11,z01,toy-0008164,,,False,27.815415881594305,0.0,26.149608523556868,3.2526911934581184,2.3,0
19,trip,3480,3498.309854494165,z31,z12,toy-0008163,,,False,35.34326454042531,0.0,33.69537763595046,0.35,5.142956348249516,0
51,trip,3480,3498.5089706448603,z32,z31,toy-0008165,,,False,34.760531928538136,0.0,33.0947245705007,2.3,3.2526911934581184,0
85,trip,3480,3488.8333333333335,z21,z31,toy-0008161,,,False,7.381684539214242,0.0,6.586684539214242,0.35,2.3,0
86,trip,3480,3504.809854494165,z21,z32,toy-0008160,,,False,41.990606340371336,0.0,39.75771943589648,2.3,5.142956348249516,0
67,trip,3480,3488.8333333333335,z32,z31,toy-0008166,,,False,33.8064472474966,0.0,33.0114472474966,0.35,2.3,0
40,trip,3480,3488.8333333333335,z20,z21,toy-0008158,,,False,37.60307630533811,0.0,36.808076305338105,0.35,2.3,0
44,trip,3480,3495.3333333333335,z20,z22,toy-0008162,,,False,27.721246229831223,0.0,26.341246229831224,2.3,2.3,0
54,trip,3480,3527.2441287279576,z31,z32,toy-0008159,,,False,21.784861369071436,0.0,17.532889783555255,6.8999999999999995,7.273238618387272,0
68,visit,3480,3495.0,z31,z31,,hub_core,local,True,36.682719435896786,11.422280564103211,47.894999999999996,0.7,0,6.853368338461927
75,visit,3480,3495.0,z31,z31,,hub_core,,True,30.34113826890991,17.763861731090092,47.895,0.7,0,10.658317038654054
30,trip,3490,3514.1666666666665,z32,z02,toy-0008177,,,False,40.24469102141315,0.0,38.069691021413156,0.35,6.8999999999999995,0
12,trip,3490,3508.309854494165,z12,z20,toy-0008173,,,False,40.245080274165865,0.0,38.59719336969101,0.35,5.142956348249516,0
3,trip,3490,3502.0089706448603,z21,z32,toy-0008169,,,False,22.813251364435274,0.0,21.732444006397838,0.35,3.2526911934581184,0
7,trip,3490,3498.8333333333335,z22,z12,toy-0008174,,,False,21.12639282772822,0.0,20.331392827728223,0.35,2.3,0
1,trip,3490,3514.1666666666665,z31,z01,toy-0008171,,,False,44.7441926419628,0.0,42.5691926419628,0.35,6.8999999999999995,0
4,trip,3490,3498.8333333333335,z31,z32,toy-0008172,,,False,26.99538743527686,0.0,26.20038743527686,0.35,2.3,0
69,trip,3490,3502.0089706448603,z32,z21,toy-0008176,,,False,44.658966302545984,0.0,43.57815894450855,0.35,3.2526911934581184,0
70,trip,3490,3512.851274623054,z32,z10,toy-0008175,,,False,46.24711309552521,0.0,44.19049837945034,0.35,6.505382386916237,0
21,trip,3490,3508.309854494165,z11,z30,toy-0008168,,,False,41.61130573748753,0.0,39.963418833012675,0.35,5.142956348249516,0
32,trip,3490,3502.0089706448603,z31,z20,toy-0008170,,,False,33.42691207785967,0.0,32.346104719822236,0.35,3.2526911934581184,0
10,trip,3490,3505.3333333333335,z20,z11,toy-0008167,,,False,32.033165213054616,0.0,30.653165213054617,2.3,2.3,0
72,trip,3490,3508.309854494165,z32,z11,toy-0008196,,,False,44.74419264196252,0.0,43.09630573748767,0.35,5.142956348249516,0
22,trip,3490,3520.6666666666665,z00,z31,toy-0008183,,,False,35.74735902079337,0.0,32.98735902079337,2.3,6.8999999999999995,0
16,trip,3490,3508.309854494165,z22,z30,toy-0008195,,,False,34.57014151000881,0.0,32.92225460553396,0.35,5.142956348249516,0
14,trip,3490,3508.309854494165,z20,z32,toy-0008180,,,False,39.38859255733537,0.0,37.74070565286052,0.35,5.142956348249516,0
36,trip,3490,3498.8333333333335,z11,z10,toy-0008185,,,False,39.21055490385515,0.0,38.415554903855146,0.35,2.3,0
49,trip,3490,3515.410795394624,z31,z00,toy-0008188,,,False,28.852968906826924,0.0,26.565997321310743,0.35,7.273238618387272,0
9,trip,3490,3506.5,z21,z01,toy-0008187,,,False,47.10000000000037,0.0,45.61500000000037,0.35,4.6,0
66,trip,3490,3508.309854494165,z20,z12,toy-0008179,,,False,42.38838528392519,0.0,40.74049837945034,0.35,5.142956348249516,0
52,trip,3490,3498.8333333333335,z31,z21,toy-0008189,,,False,47.099999999999696,0.0,46.304999999999694,0.35,2.3,0
60,trip,3490,3502.0089706448603,z12,z21,toy-0008193,,,False,28.29804330377838,0.0,27.217235945740942,0.35,3.2526911934581184,0
13,trip,3490,3498.8333333333335,z21,z20,toy-0008186,,,False,42.687577925887766,0.0,41.892577925887764,0.35,2.3,0
15,trip,3490,3508.5089706448603,z21,z31,toy-0008178,,,False,30.62264502406364,0.0,28.956837666026203,2.3,3.2526911934581184,0
80,trip,3490,3502.0089706448603,z30,z21,toy-0008181,,,False,31.273031293563648,0.0,30.19222393552621,0.35,3.2526911934581184,0
45,trip,3490,3505.3333333333335,z11,z02,toy-0008184,,,False,43.69433298619558,0.0,42.31433298619558,2.3,2.3,0
64,trip,3490,3525.0864327061513,z11,z31,toy-0008191,,,False,44.762113095525,0.0,41.604334151971386,3.2526911934581184,7.273238618387272,0
89,trip,3490,3516.175637311527,z11,z22,toy-0008192,,,False,13.079631513755823,0.0,10.723824155718388,3.2526911934581184,4.6,0
56,trip,3490,3502.0089706448603,z31,z22,toy-0008190,,,False,44.40088763220353,0.0,43.320080274166095,0.35,3.2526911934581184,0
25,trip,3490,3514.809854494165,z22,z31,toy-0008194,,,False,34.735639889459485,0.0,32.50275298498463,2.3,5.142956348249516,0
61,trip,3490,3513.0,z31,z32,toy-0008182,,,False,41.513263374648815,0.0,39.443263374648815,2.3,4.6,0
41,visit,3490,3532.3333333333335,z31,z31,,depot_south,central,False,25.190888194613684,0.0,23.810888194613685,4.6,0,0
27,visit,3490,3510.3333333333335,z22,z22,,hub_inner,local,False,33.01438204282562,0.0,31.634382042825624,4.6,0,0
71,visit,3490,3505.0,z31,z31,,hub_core,local,True,35.233883663375394,12.777777777777779,47.80166144115317,0.7,0,7.666666666666668
40,visit,3490,3505.0,z21,z21,,hub_inner,local,True,36.80807630533813,11.296923694661864,47.894999999999996,0.7,0,6.778154216797118
74,visit,3490,3505.0,z32,z32,,hub_waterfront,,True,28.537846435140818,17.77777777777778,46.10562421291859,0.7,0,10.666666666666668
2,trip,3500,3516.5,z31,z11,toy-0008201,,,False,28.80539213183361,0.0,27.32039213183361,0.35,4.6,0
5,trip,3500,3518.309854494165,z01,z22,toy-0008198,,,False,36.63316992449275,0.0,34.985283020017896,0.35,5.142956348249516,0
7,trip,3500,3515.3333333333335,z12,z21,toy-0008199,,,False,20.331392827728248,0.0,18.95139282772825,2.3,2.3,0
4,trip,3500,3508.8333333333335,z32,z31,toy-0008204,,,False,26.200387435276888,0.0,25.405387435276886,0.35,2.3,0
17,trip,3500,3508.8333333333335,z21,z31,toy-0008200,,,False,43.73919264196276,0.0,42.94419264196276,0.35,2.3,0
20,trip,3500,3512.0089706448603,z22,z31,toy-0008202,,,False,34.20683766602609,0.0,33.12603030798866,0.35,3.2526911934581184,0
13,trip,3500,3529.351274623054,z20,z12,toy-0008197,,,False,41.89257792588779,0.0,39.25096320981292,2.3,6.505382386916237,0
43,trip,3500,3508.8333333333335,z22,z32,toy-0008203,,,False,33.07680411693856,0.0,32.28180411693856,0.35,2.3,0
11,trip,3500,3508.8333333333335,z32,z22,toy-0008214,,,False,44.62166144115321,0.0,43.826661441153206,0.35,2.3,0
18,trip,3500,3508.8333333333335,z10,z20,toy-0008205,,,False,28.71814340351358,0.0,27.923143403513578,0.35,2.3,0
37,trip,3500,3516.5,z12,z32,toy-0008211,,,False,28.509832531421708,0.0,27.02483253142171,0.35,4.6,0
23,trip,3500,3518.309854494165,z31,z10,toy-0008209,,,False,38.478418833012846,0.0,36.830531928537994,0.35,5.142956348249516,0
34,trip,3500,3525.410795394624,z32,z01,toy-0008213,,,False,21.244513907624835,0.0,18.957542322108655,0.35,7.273238618387272,0
44,trip,3500,3508.8333333333335,z22,z21,toy-0008212,,,False,26.34124622983125,0.0,25.546246229831247,0.35,2.3,0
28,trip,3500,3508.8333333333335,z31,z32,toy-0008210,,,False,37.63004672507838,0.0,36.83504672507838,0.35,2.3,0
24,trip,3500,3523.0,z01,z31,toy-0008207,,,False,27.092302496388317,0.0,25.022302496388317,2.3,4.6,0
39,trip,3500,3516.5,z20,z22,toy-0008206,,,False,27.357752984984355,0.0,25.872752984984356,0.35,4.6,0
26,trip,3500,3518.5089706448603,z21,z22,toy-0008208,,,False,42.99951313318075,0.0,41.333705775143315,2.3,3.2526911934581184,0
0,visit,3500,3526.6846079563875,z02,z02,,hub_center,local,False,30.71613826890942,0.0,28.764523552834547,6.505382386916237,0,0
19,visit,3500,3520.3333333333335,z12,z12,,hub_center,local,False,33.69537763595046,0.0,32.315377635950455,4.6,0,0
85,visit,3500,3529.244322609805,z31,z31,,hub_core,,False,6.58668453921427,41.51831546078573,47.894999999999996,0.7,0,24.910989276471437
29,visit,3500,3515.0,z00,z00,,depot_west,,True,30.972058675756678,17.132941324243323,47.895,0.7,0,10.279764794545992
57,visit,3500,3515.0,z31,z31,,hub_core,,True,32.7440587224719,15.360941277528099,47.894999999999996,0.7,0,9.216564766516859
50,visit,3500,3515.0,z21,z21,,hub_inner,,True,33.791871215113474,14.313128784886523,47.894999999999996,0.7,0,8.587877270931914
47,visit,3500,3515.0,z32,z32,,hub_waterfront,,True,35.571086832392716,12.53391316760728,47.894999999999996,0.7,0,7.520347900564368
6,trip,3510,3522.0089706448603,z22,z11,toy-0008228,,,False,36.750189400863036,0.0,35.6693820428256,0.35,3.2526911934581184,0
3,trip,3510,3528.309854494165,z32,z20,toy-0008229,,,False,21.732444006397852,0.0,20.084557101922996,0.35,5.142956348249516,0
31,trip,3510,3518.8333333333335,z21,z11,toy-0008219,,,False,43.16846555809091,0.0,42.373465558090906,0.35,2.3,0
33,trip,3510,3522.0089706448603,z21,z12,toy-0008220,,,False,47.89500000000021,0.0,46.81419264196278,0.35,3.2526911934581184,0
36,trip,3510,3528.309854494165,z10,z31,toy-0008217,,,False,38.415554903855174,0.0,36.76766799938032,0.35,5.142956348249516,0
55,trip,3510,3522.0089706448603,z00,z11,toy-0008215,,,False,46.36514034423264,0.0,45.28433298619521,0.35,3.2526911934581184,0
15,trip,3510,3518.8333333333335,z31,z21,toy-0008224,,,False,28.956837666026214,0.0,28.161837666026216,0.35,2.3,0
17,trip,3510,3522.0089706448603,z31,z22,toy-0008225,,,False,42.944192641962786,0.0,41.86338528392535,0.35,3.2526911934581184,0
40,trip,3510,3518.8333333333335,z21,z22,toy-0008221,,,False,47.89500000000023,0.0,47.10000000000023,0.35,2.3,0
8,trip,3510,3522.0089706448603,z32,z21,toy-0008230,,,False,30.736305737488024,0.0,29.655498379450588,0.35,3.2526911934581184,0
66,trip,3510,3532.851274623054,z12,z30,toy-0008226,,,False,40.74049837945034,0.0,38.68388366337547,0.35,6.505382386916237,0
35,trip,3510,3518.8333333333335,z31,z30,toy-0008223,,,False,37.71261147497546,0.0,36.91761147497546,0.35,2.3,0
9,trip,3510,3541.910795394624,z01,z31,toy-0008216,,,False,45.615000000000364,0.0,42.743028414484186,2.3,7.273238618387272,0
10,trip,3510,3528.309854494165,z11,z32,toy-0008218,,,False,30.653165213054642,0.0,29.005278308579786,0.35,5.142956348249516,0
52,trip,3510,3522.0089706448603,z21,z32,toy-0008222,,,False,46.30499999999972,0.0,45.22419264196229,0.35,3.2526911934581184,0
11,trip,3510,3526.5,z22,z20,toy-0008227,,,False,43.826661441153234,0.0,42.341661441153235,0.35,4.6,0
14,trip,3510,3518.8333333333335,z32,z31,toy-0008231,,,False,37.74070565286052,0.0,36.94570565286052,0.35,2.3,0
12,trip,3510,3518.8333333333335,z20,z10,toy-0008236,,,False,38.59719336969101,0.0,37.80219336969101,0.35,2.3,0
38,trip,3510,3522.0089706448603,z31,z20,toy-0008239,,,False,40.83852679393405,0.0,39.75771943589662,0.35,3.2526911934581184,0
46,trip,3510,3545.309226445224,z01,z32,toy-0008233,,,False,26.149608523556882,0.0,22.97177814348673,2.3,8.292767933567175,0
53,trip,3510,3532.851274623054,z10,z32,toy-0008235,,,False,37.536339286575576,0.0,35.47972457050071,0.35,6.505382386916237,0
48,trip,3510,3518.8333333333335,z31,z32,toy-0008241,,,False,41.767221056446274,0.0,40.97222105644627,0.35,2.3,0
56,trip,3510,3522.0089706448603,z22,z31,toy-0008242,,,False,43.3200802741661,0.0,42.23927291612867,0.35,3.2526911934581184,0
51,trip,3510,3528.309854494165,z31,z12,toy-0008240,,,False,33.094724570500716,0.0,31.44683766602586,0.35,5.142956348249516,0
77,trip,3510,3534.809854494165,z10,z21,toy-0008232,,,False,28.542240094769024,0.0,26.309353190294168,2.3,5.142956348249516,0
18,trip,3510,3528.5089706448603,z20,z21,toy-0008234,,,False,27.923143403513606,0.0,26.25733604547617,2.3,3.2526911934581184,0
60,trip,3510,3518.8333333333335,z21,z31,toy-0008238,,,False,27.217235945740956,0.0,26.422235945740958,0.35,2.3,0
69,trip,3510,3522.0089706448603,z21,z30,toy-0008237,,,False,43.57815894450856,0.0,42.497351586471126,0.35,3.2526911934581184,0
4,visit,3510,3525.0,z31,z31,,hub_core,local,True,25.405387435276914,12.777777777777779,37.97316521305469,0.7,0,7.666666666666668
44,visit,3510,3525.0,z21,z21,,hub_inner,local,True,25.546246229831276,12.777777777777779,38.11402400760905,0.7,0,7.666666666666668
43,visit,3510,3525.0,z32,z32,,hub_waterfront,,True,32.28180411693859,15.823195883061409,47.894999999999996,0.7,0,9.493917529836846
16,visit,3510,3525.0,z30,z30,,depot_south,,True,32.92225460553396,15.182745394466037,47.894999999999996,0.7,0,9.109647236679622
73,visit,3510,3525.0,z32,z32,,hub_waterfront,,True,35.566804116937824,12.538195883062173,47.894999999999996,0.7,0,7.522917529837303
26,trip,3520,3538.309854494165,z22,z01,toy-0008248,,,False,41.33370577514333,0.0,39.68581887066848,0.35,5.142956348249516,0
32,trip,3520,3532.0089706448603,z20,z31,toy-0008245,,,False,32.34610471982224,0.0,31.265297361784807,0.35,3.2526911934581184,0
12,trip,3520,3538.309854494165,z10,z22,toy-0008243,,,False,37.80219336969104,0.0,36.15430646521619,0.35,5.142956348249516,0
28,trip,3520,3538.309854494165,z32,z11,toy-0008252,,,False,36.835046725078406,0.0,35.187159820603554,0.35,5.142956348249516,0
27,trip,3520,3528.8333333333335,z22,z32,toy-0008250,,,False,31.634382042825653,0.0,30.839382042825655,0.35,2.3,0
37,trip,3520,3536.5,z32,z12,toy-0008253,,,False,27.02483253142171,0.0,25.53983253142171,0.35,4.6,0
7,trip,3520,3535.3333333333335,z21,z21,toy-0008244,,,False,18.951392827728274,0.0,17.571392827728275,2.3,2.3,0
47,trip,3520,3536.5,z32,z30,toy-0008251,,,False,47.89500000000024,0.0,46.41000000000024,0.35,4.6,0
14,trip,3520,3536.5,z31,z11,toy-0008246,,,False,36.945705652860546,0.0,35.46070565286055,0.35,4.6,0
2,trip,3520,3535.3333333333335,z11,z11,toy-0008247,,,False,27.32039213183361,0.0,25.94039213183361,2.3,2.3,0
39,trip,3520,3536.5,z22,z02,toy-0008249,,,False,25.872752984984356,0.0,24.387752984984356,0.35,4.6,0
48,trip,3520,3528.8333333333335,z32,z22,toy-0008265,,,False,40.9722210564463,0.0,40.1772210564463,0.35,2.3,0
61,trip,3520,3528.8333333333335,z32,z31,toy-0008264,,,False,39.443263374648815,0.0,38.64826337464881,0.35,2.3,0
31,trip,3520,3536.5,z11,z31,toy-0008260,,,False,42.373465558090935,0.0,40.888465558090935,0.35,4.6,0
30,trip,3520,3544.809854494165,z02,z31,toy-0008263,,,False,38.06969102141316,0.0,35.83680411693831,2.3,5.142956348249516,0
72,trip,3520,3532.0089706448603,z11,z20,toy-0008259,,,False,43.09630573748767,0.0,42.015498379450236,0.35,3.2526911934581184,0
20,trip,3520,3544.1666666666665,z31,z01,toy-0008261,,,False,33.126030307988664,0.0,30.951030307988663,0.35,6.8999999999999995,0
21,trip,3520,3528.8333333333335,z30,z31,toy-0008256,,,False,39.963418833012675,0.0,39.16841883301267,0.35,2.3,0
1,trip,3520,3538.309854494165,z01,z20,toy-0008257,,,False,42.56919264196281,0.0,40.921305737487955,0.35,5.142956348249516,0
29,trip,3520,3535.3333333333335,z00,z11,toy-0008258,,,False,47.89499999999975,0.0,46.514999999999745,2.3,2.3,0
15,trip,3520,3538.5089706448603,z21,z11,toy-0008255,,,False,28.16183766602624,0.0,26.496030307988804,2.3,3.2526911934581184,0
25,trip,3520,3528.8333333333335,z31,z21,toy-0008262,,,False,32.502752984984646,0.0,31.707752984984644,0.35,2.3,0
49,trip,3520,3538.309854494165,z00,z12,toy-0008254,,,False,26.56599732131076,0.0,24.918110416835905,0.35,5.142956348249516,0
5,visit,3520,3540.3333333333335,z22,z22,,hub_inner,local,False,34.985283020017896,0.0,33.60528302001789,4.6,0,0
23,visit,3520,3540.3333333333335,z10,z10,,depot_west,local,False,36.830531928537994,0.0,35.45053192853799,4.6,0,0
35,visit,3520,3549.3333333333335,z30,z30,,depot_south,central,False,36.91761147497549,0.0,36.70761147497549,0.7,0,0
89,visit,3520,3560.1130388399024,z22,z22,,hub_inner,,False,10.723824155718372,37.96617584428163,47.309999999999995,4.6,0,22.779705506568977
60,visit,3520,3535.0,z31,z31,,hub_core,,True,26.422235945740983,17.77777777777778,43.990013723518764,0.7,0,10.666666666666668
42,visit,3520,3535.0,z30,z30,,depot_south,,True,31.26286094590595,16.84213905409405,47.895,0.7,0,10.105283432456432
0,trip,3530,3548.309854494165,z02,z10,toy-0008277,,,False,28.764523552834547,0.0,27.11663664835969,0.35,5.142956348249516,0
8,trip,3530,3542.0089706448603,z21,z10,toy-0008271,,,False,29.655498379450602,0.0,28.574691021413166,0.35,3.2526911934581184,0
17,trip,3530,3538.8333333333335,z22,z21,toy-0008279,,,False,41.86338528392536,0.0,41.06838528392536,0.35,2.3,0
25,trip,3530,3542.0089706448603,z21,z32,toy-0008274,,,False,31.70775298498467,0.0,30.626945626947233,0.35,3.2526911934581184,0
3,trip,3530,3548.309854494165,z20,z01,toy-0008267,,,False,20.08455710192301,0.0,18.436670197448155,0.35,5.142956348249516,0
4,trip,3530,3542.0089706448603,z31,z22,toy-0008275,,,False,37.973165213054465,0.0,36.89235785501703,0.35,3.2526911934581184,0
10,trip,3530,3542.0089706448603,z32,z21,toy-0008280,,,False,29.0052783085798,0.0,27.924470950542364,0.35,3.2526911934581184,0
55,trip,3530,3538.8333333333335,z11,z12,toy-0008270,,,False,45.28433298619522,0.0,44.489332986195215,0.35,2.3,0
34,trip,3530,3559.351274623054,z01,z22,toy-0008266,,,False,18.957542322108672,0.0,16.315927606033803,2.3,6.505382386916237,0
21,trip,3530,3538.8333333333335,z31,z32,toy-0008276,,,False,39.1684188330127,0.0,38.3734188330127,0.35,2.3,0
13,trip,3530,3538.8333333333335,z12,z22,toy-0008278,,,False,39.25096320981294,0.0,38.455963209812936,0.35,2.3,0
19,trip,3530,3548.5089706448603,z12,z00,toy-0008269,,,False,32.31537763595049,0.0,30.649570277913053,2.3,3.2526911934581184,0
44,trip,3530,3538.8333333333335,z21,z31,toy-0008273,,,False,38.114024007608826,0.0,37.319024007608824,0.35,2.3,0
11,trip,3530,3548.309854494165,z20,z32,toy-0008268,,,False,42.34166144115323,0.0,40.693774536678376,0.35,5.142956348249516,0
50,trip,3530,3538.8333333333335,z21,z20,toy-0008272,,,False,47.89500000000023,0.0,47.10000000000023,0.35,2.3,0
45,trip,3530,3561.910795394624,z02,z32,toy-0008283,,,False,42.31433298619561,0.0,39.44236140067943,2.3,7.273238618387272,0
33,trip,3530,3545.3333333333335,z12,z21,toy-0008285,,,False,46.814192641962784,0.0,45.43419264196278,2.3,2.3,0
84,trip,3530,3560.6666666666665,z02,z31,toy-0008282,,,False,43.51841883301253,0.0,40.758418833012534,2.3,6.8999999999999995,0
80,trip,3530,3538.8333333333335,z21,z22,toy-0008286,,,False,30.192223935526226,0.0,29.397223935526227,0.35,2.3,0
27,trip,3530,3552.851274623054,z32,z10,toy-0008291,,,False,30.83938204282568,0.0,28.782767326750808,0.35,6.505382386916237,0
40,trip,3530,3548.309854494165,z22,z10,toy-0008289,,,False,47.10000000000026,0.0,45.452113095525405,0.35,5.142956348249516,0
51,trip,3530,3548.309854494165,z12,z00,toy-0008288,,,False,31.446837666025868,0.0,29.798950761551012,0.35,5.142956348249516,0
48,trip,3530,3542.0089706448603,z22,z31,toy-0008290,,,False,40.17722105644633,0.0,39.096413698408895,0.35,3.2526911934581184,0
70,trip,3530,3556.175637311527,z10,z21,toy-0008281,,,False,44.19049837945035,0.0,41.83469102141291,3.2526911934581184,4.6,0
22,trip,3530,3555.410795394624,z31,z02,toy-0008287,,,False,32.987359020793384,0.0,30.700387435277204,0.35,7.273238618387272,0
38,trip,3530,3548.5089706448603,z20,z01,toy-0008284,,,False,39.757719435896625,0.0,38.09191207785919,3.2526911934581184,2.3,0
18,visit,3530,3545.0,z21,z21,,hub_inner,local,True,26.25733604547618,12.777777777777779,38.82511382325396,0.7,0,7.666666666666668
6,visit,3530,3545.0,z11,z11,,hub_center,local,True,35.66938204282561,12.435617957174388,47.894999999999996,0.7,0,7.4613707743046325
54,visit,3530,3545.0,z32,z32,,hub_waterfront,,True,17.532889783555262,17.77777777777778,35.10066756133304,0.7,0,10.666666666666668
24,visit,3530,3545.0,z31,z31,,hub_core,,True,25.022302496388317,17.77777777777778,42.59008027416609,0.7,0,10.666666666666668
63,visit,3530,3545.0,z31,z31,,hub_core,,True,30.54827433975158,17.55672566024842,47.895,0.7,0,10.534035396149052
39,trip,3540,3564.1666666666665,z02,z32,toy-0008302,,,False,24.387752984984356,0.0,22.212752984984355,0.35,6.8999999999999995,0
31,trip,3540,3548.8333333333335,z31,z21,toy-0008301,,,False,40.88846555809093,0.0,40.09346555809093,0.35,2.3,0
16,trip,3540,3548.8333333333335,z30,z20,toy-0008293,,,False,47.895000000000394,0.0,47.10000000000039,0.35,2.3,0
37,trip,3540,3556.5,z12,z32,toy-0008303,,,False,25.53983253142171,0.0,24.05483253142171,0.35,4.6,0
36,trip,3540,3558.309854494165,z31,z10,toy-0008298,,,False,36.76766799938032,0.0,35.11978109490547,0.35,5.142956348249516,0
21,trip,3540,3548.8333333333335,z32,z31,toy-0008307,,,False,38.37341883301273,0.0,37.57841883301273,0.35,2.3,0
14,trip,3540,3552.0089706448603,z11,z22,toy-0008294,,,False,35.46070565286054,0.0,34.37989829482311,0.35,3.2526911934581184,0
41,trip,3540,3556.5,z31,z11,toy-0008300,,,False,23.81088819461371,0.0,22.32588819461371,0.35,4.6,0
44,trip,3540,3552.0089706448603,z31,z20,toy-0008299,,,False,37.31902400760885,0.0,36.23821664957142,0.35,3.2526911934581184,0
12,trip,3540,3548.8333333333335,z22,z12,toy-0008304,,,False,36.15430646521619,0.0,35.359306465216186,0.35,2.3,0
43,trip,3540,3558.309854494165,z32,z20,toy-0008306,,,False,47.895,0.0,46.24711309552515,0.35,5.142956348249516,0
52,trip,3540,3568.809226445224,z32,z00,toy-0008305,,,False,45.2241926419623,0.0,42.63136226189214,0.35,8.292767933567175,0
28,trip,3540,3558.309854494165,z11,z32,toy-0008295,,,False,35.187159820603554,0.0,33.5392729161287,0.35,5.142956348249516,0
17,trip,3540,3558.309854494165,z21,z00,toy-0008296,,,False,41.06838528392539,0.0,39.420498379450535,0.35,5.142956348249516,0
77,trip,3540,3548.8333333333335,z21,z11,toy-0008297,,,False,26.30935319029418,0.0,25.51435319029418,0.35,2.3,0
1,trip,3540,3564.809854494165,z20,z02,toy-0008292,,,False,40.921305737487955,0.0,38.6884188330131,2.3,5.142956348249516,0
56,trip,3540,3565.410795394624,z31,z00,toy-0008312,,,False,42.23927291612868,0.0,39.95230133061249,0.35,7.273238618387272,0
13,trip,3540,3548.8333333333335,z22,z32,toy-0008319,,,False,38.455963209812964,0.0,37.66096320981296,0.35,2.3,0
50,trip,3540,3552.0089706448603,z20,z31,toy-0008309,,,False,47.10000000000026,0.0,46.019192641962825,0.35,3.2526911934581184,0
58,trip,3540,3552.0089706448603,z22,z11,toy-0008318,,,False,36.10922619105029,0.0,35.02841883301286,0.35,3.2526911934581184,0
29,trip,3540,3555.3333333333335,z11,z31,toy-0008311,,,False,46.51499999999977,0.0,45.13499999999977,2.3,2.3,0
72,trip,3540,3556.5,z20,z22,toy-0008310,,,False,42.01549837945024,0.0,40.53049837945024,0.35,4.6,0
26,trip,3540,3567.985491805692,z01,z31,toy-0008308,,,False,39.68581887066848,0.0,37.167124608156186,3.2526911934581184,5.142956348249516,0
49,trip,3540,3552.0089706448603,z12,z21,toy-0008317,,,False,24.91811041683592,0.0,23.837303058798483,0.35,3.2526911934581184,0
57,trip,3540,3552.0089706448603,z31,z22,toy-0008314,,,False,47.895000000000195,0.0,46.81419264196276,0.35,3.2526911934581184,0
60,trip,3540,3548.8333333333335,z31,z32,toy-0008315,,,False,43.99001372351853,0.0,43.19501372351853,0.35,2.3,0
61,trip,3540,3558.309854494165,z31,z12,toy-0008313,,,False,38.64826337464884,0.0,37.00037647017399,0.35,5.142956348249516,0
55,trip,3540,3564.809854494165,z12,z21,toy-0008316,,,False,44.489332986195244,0.0,42.25644608172039,2.3,5.142956348249516,0
2,visit,3540,3555.0,z11,z11,,hub_center,local,True,25.940392131833637,12.777777777777779,38.50816990961142,0.7,0,7.666666666666668
15,visit,3540,3588.6846079563875,z11,z11,,depot_west,central,False,26.496030307988814,0.0,24.544415591913943,6.505382386916237,0,0
32,visit,3540,3555.0,z31,z31,,hub_core,local,True,31.265297361784818,12.777777777777779,43.833075139562595,0.7,0,7.666666666666668
53,visit,3540,3555.0,z32,z32,,hub_waterfront,,True,35.479724570500714,12.625275429499283,47.894999999999996,0.7,0,7.575165257699569
66,visit,3540,3555.0,z30,z30,,depot_south,,True,38.683883663375475,9.421116336624522,47.894999999999996,0.7,0,5.652669801974713
6,trip,3550,3566.5,z11,z31,toy-0008324,,,False,47.89500000000008,0.0,46.41000000000008,0.35,4.6,0
35,trip,3550,3568.309854494165,z30,z22,toy-0008322,,,False,36.70761147497551,0.0,35.059724570500656,0.35,5.142956348249516,0
11,trip,3550,3568.309854494165,z32,z11,toy-0008329,,,False,40.693774536678376,0.0,39.045887632203524,0.35,5.142956348249516,0
4,trip,3550,3562.0089706448603,z22,z31,toy-0008328,,,False,36.89235785501704,0.0,35.811550496979606,0.35,3.2526911934581184,0
25,trip,3550,3558.8333333333335,z32,z22,toy-0008332,,,False,30.626945626947247,0.0,29.831945626947245,0.35,2.3,0
16,trip,3550,3558.8333333333335,z20,z30,toy-0008321,,,False,47.10000000000042,0.0,46.30500000000042,0.35,2.3,0
5,trip,3550,3566.5,z22,z20,toy-0008327,,,False,33.60528302001793,0.0,32.12028302001793,0.35,4.6,0
46,trip,3550,3562.0089706448603,z32,z21,toy-0008330,,,False,22.971778143486734,0.0,21.890970785449298,0.35,3.2526911934581184,0
19,trip,3550,3566.5,z00,z20,toy-0008320,,,False,30.649570277913064,0.0,29.164570277913064,0.35,4.6,0
42,trip,3550,3566.5,z30,z32,toy-0008323,,,False,47.895,0.0,46.410000000000004,0.35,4.6,0
59,trip,3550,3572.851274623054,z22,z00,toy-0008326,,,False,35.70310985442575,0.0,33.64649513835088,0.35,6.505382386916237,0
10,trip,3550,3562.0089706448603,z21,z32,toy-0008325,,,False,27.92447095054238,0.0,26.843663592504942,0.35,3.2526911934581184,0
54,trip,3550,3558.8333333333335,z32,z31,toy-0008331,,,False,35.10066756133281,0.0,34.30566756133281,0.35,2.3,0
78,trip,3550,3558.8333333333335,z22,z21,toy-0008345,,,False,36.93341883301289,0.0,36.138418833012885,0.35,2.3,0
3,trip,3550,3565.3333333333335,z01,z12,toy-0008342,,,False,18.43667019744817,0.0,17.05667019744817,2.3,2.3,0
9,trip,3550,3558.8333333333335,z31,z32,toy-0008340,,,False,42.7430284144842,0.0,41.9480284144842,0.35,2.3,0
18,trip,3550,3566.5,z21,z01,toy-0008336,,,False,38.82511382325372,0.0,37.34011382325372,0.35,4.6,0
77,trip,3550,3573.0,z11,z10,toy-0008343,,,False,25.514353190294205,0.0,23.444353190294205,2.3,4.6,0
0,trip,3550,3565.3333333333335,z10,z21,toy-0008335,,,False,27.116636648359705,0.0,25.736636648359706,2.3,2.3,0
24,trip,3550,3558.8333333333335,z31,z21,toy-0008339,,,False,42.590080274165864,0.0,41.79508027416586,0.35,2.3,0
80,trip,3550,3574.809854494165,z22,z31,toy-0008344,,,False,29.397223935526252,0.0,27.164337031051396,2.3,5.142956348249516,0
60,trip,3550,3575.410795394624,z32,z01,toy-0008346,,,False,43.19501372351856,0.0,40.90804213800237,0.35,7.273238618387272,0
20,trip,3550,3581.910795394624,z01,z31,toy-0008341,,,False,30.951030307988674,0.0,28.079058722472492,2.3,7.273238618387272,0
51,trip,3550,3558.8333333333335,z00,z10,toy-0008333,,,False,29.798950761551026,0.0,29.003950761551025,0.35,2.3,0
8,trip,3550,3566.5,z10,z12,toy-0008334,,,False,28.57469102141318,0.0,27.08969102141318,0.35,4.6,0
48,trip,3550,3558.8333333333335,z31,z30,toy-0008338,,,False,39.0964136984089,0.0,38.3014136984089,0.35,2.3,0
31,trip,3550,3562.0089706448603,z21,z12,toy-0008337,,,False,40.093465558090955,0.0,39.01265820005352,0.35,3.2526911934581184,0
7,visit,3550,3565.0,z21,z21,,hub_inner,local,True,17.5713928277283,12.777777777777779,30.139170605506077,0.7,0,7.666666666666668
12,visit,3550,3570.3333333333335,z12,z12,,hub_center,local,False,35.359306465216214,0.0,33.97930646521621,4.6,0,0
30,visit,3550,3565.0,z31,z31,,hub_core,local,True,35.836804116938325,12.268195883061672,47.894999999999996,0.7,0,7.360917529837003
21,visit,3550,3565.0,z31,z31,,hub_core,local,True,37.578418833012755,10.526581166987244,47.894999999999996,0.7,0,6.3159487001923456
13,visit,3550,3565.0,z32,z32,,hub_waterfront,local,True,37.66096320981299,10.444036790187006,47.894999999999996,0.7,0,6.266422074112204
61,trip,3560,3578.309854494165,z12,z20,toy-0008358,,,False,37.00037647017399,0.0,35.35248956569914,0.35,5.142956348249516,0
24,trip,3560,3568.8333333333335,z21,z22,toy-0008354,,,False,41.79508027416589,0.0,41.00008027416589,0.35,2.3,0
9,trip,3560,3576.5,z32,z12,toy-0008359,,,False,41.94802841448423,0.0,40.46302841448423,0.35,4.6,0
16,trip,3560,3572.0089706448603,z30,z21,toy-0008352,,,False,46.30500000000045,0.0,45.224192641963015,0.35,3.2526911934581184,0
38,trip,3560,3578.5089706448603,z01,z11,toy-0008357,,,False,38.091912077859206,0.0,36.42610471982177,2.3,3.2526911934581184,0
23,trip,3560,3591.910795394624,z10,z31,toy-0008347,,,False,35.45053192853803,0.0,32.57856034302185,2.3,7.273238618387272,0
33,trip,3560,3568.8333333333335,z21,z31,toy-0008353,,,False,45.43419264196281,0.0,44.63919264196281,0.35,2.3,0
27,trip,3560,3568.8333333333335,z10,z00,toy-0008348,,,False,28.78276732675082,0.0,27.98776732675082,0.35,2.3,0
32,trip,3560,3572.0089706448603,z31,z20,toy-0008355,,,False,43.83307513956236,0.0,42.75226778152493,0.35,3.2526911934581184,0
36,trip,3560,3582.851274623054,z10,z32,toy-0008350,,,False,35.11978109490547,0.0,33.0631663788306,0.35,6.505382386916237,0
43,trip,3560,3578.309854494165,z20,z32,toy-0008351,,,False,46.24711309552515,0.0,44.5992261910503,0.35,5.142956348249516,0
50,trip,3560,3572.0089706448603,z31,z22,toy-0008356,,,False,46.01919264196283,0.0,44.9383852839254,0.35,3.2526911934581184,0
40,trip,3560,3568.8333333333335,z10,z11,toy-0008349,,,False,45.452113095525405,0.0,44.6571130955254,0.35,2.3,0
49,trip,3560,3568.8333333333335,z21,z20,toy-0008369,,,False,23.837303058798497,0.0,23.042303058798495,0.35,2.3,0
44,trip,3560,3576.5,z20,z00,toy-0008361,,,False,36.23821664957143,0.0,34.75321664957143,0.35,4.6,0
62,trip,3560,3584.1666666666665,z31,z01,toy-0008371,,,False,45.691973298820336,0.0,43.51697329882034,0.35,6.8999999999999995,0
47,trip,3560,3568.8333333333335,z30,z31,toy-0008366,,,False,46.41000000000023,0.0,45.61500000000023,0.35,2.3,0
63,trip,3560,3576.5,z31,z11,toy-0008372,,,False,47.89500000000026,0.0,46.41000000000026,0.35,4.6,0
48,trip,3560,3578.5089706448603,z30,z31,toy-0008362,,,False,38.30141369840893,0.0,36.635606340371496,2.3,3.2526911934581184,0
2,trip,3560,3592.526911934581,z11,z20,toy-0008373,,,False,38.50816990961118,0.0,35.580747835498876,3.2526911934581184,6.505382386916237,0
70,trip,3560,3572.0089706448603,z21,z32,toy-0008370,,,False,41.8346910214129,0.0,40.75388366337547,0.35,3.2526911934581184,0
14,trip,3560,3572.0089706448603,z22,z31,toy-0008375,,,False,34.379898294823114,0.0,33.29909093678568,0.35,3.2526911934581184,0
51,trip,3560,3584.809854494165,z10,z12,toy-0008363,,,False,29.003950761551053,0.0,26.7710638570762,2.3,5.142956348249516,0
34,trip,3560,3575.3333333333335,z22,z02,toy-0008374,,,False,16.315927606033814,0.0,14.935927606033815,2.3,2.3,0
41,trip,3560,3584.809854494165,z11,z22,toy-0008367,,,False,22.32588819461371,0.0,20.093001290138858,2.3,5.142956348249516,0
66,trip,3560,3578.309854494165,z30,z11,toy-0008365,,,False,47.89500000000008,0.0,46.24711309552523,0.35,5.142956348249516,0
78,trip,3560,3575.3333333333335,z21,z21,toy-0008368,,,False,36.13841883301291,0.0,34.75841883301291,2.3,2.3,0
69,trip,3560,3576.5,z30,z10,toy-0008364,,,False,42.49735158647113,0.0,41.012351586471134,0.35,4.6,0
28,trip,3560,3568.8333333333335,z32,z31,toy-0008377,,,False,33.5392729161287,0.0,32.7442729161287,0.35,2.3,0
57,trip,3560,3568.8333333333335,z22,z32,toy-0008376,,,False,46.81419264196277,0.0,46.01919264196277,0.35,2.3,0
64,trip,3560,3587.985491805692,z31,z21,toy-0008360,,,False,41.604334151971386,0.0,39.085639889459095,5.142956348249516,3.2526911934581184,0
25,visit,3560,3580.3333333333335,z22,z22,,hub_inner,local,False,29.831945626947274,0.0,28.451945626947275,4.6,0,0
22,visit,3560,3617.6666666666665,z02,z02,,depot_west,central,False,30.700387435277214,0.0,27.940387435277216,9.2,0,0
54,visit,3560,3575.0,z31,z31,,hub_core,local,True,34.30566756133284,12.777777777777779,46.87344533911062,0.7,0,7.666666666666668
58,visit,3560,3608.6846079563875,z11,z11,,depot_west,central,False,35.028418833012864,0.0,33.07680411693799,6.505382386916237,0,0
17,visit,3560,3575.0,z00,z00,,depot_west,local,True,39.420498379450535,8.684501620549462,47.894999999999996,0.7,0,5.210700972329676
37,visit,3560,3575.0,z32,z32,,hub_waterfront,,True,24.05483253142171,17.77777777777778,41.62261030919949,0.7,0,10.666666666666668
4,trip,3570,3578.8333333333335,z31,z21,toy-0008389,,,False,35.81155049697961,0.0,35.01655049697961,0.35,2.3,0
6,trip,3570,3578.8333333333335,z31,z32,toy-0008390,,,False,46.410000000000075,0.0,45.61500000000007,0.35,2.3,0
11,trip,3570,3586.5,z11,z31,toy-0008384,,,False,39.045887632203524,0.0,37.560887632203524,0.35,4.6,0
5,trip,3570,3593.0,z20,z30,toy-0008378,,,False,32.12028302001792,0.0,30.050283020017922,2.3,4.6,0
19,trip,3570,3588.5089706448603,z20,z01,toy-0008379,,,False,29.164570277913064,0.0,27.498762919875627,2.3,3.2526911934581184,0
49,trip,3570,3582.0089706448603,z20,z11,toy-0008380,,,False,23.042303058798524,0.0,21.961495700761088,0.35,3.2526911934581184,0
0,trip,3570,3588.309854494165,z21,z02,toy-0008387,,,False,25.73663664835973,0.0,24.088749743884875,0.35,5.142956348249516,0
18,trip,3570,3582.0089706448603,z01,z10,toy-0008381,,,False,37.340113823253716,0.0,36.259306465216284,0.35,3.2526911934581184,0
13,trip,3570,3582.0089706448603,z32,z21,toy-0008393,,,False,47.89499999999992,0.0,46.814192641962485,0.35,3.2526911934581184,0
39,trip,3570,3588.309854494165,z32,z20,toy-0008392,,,False,22.212752984984373,0.0,20.564866080509518,0.35,5.142956348249516,0
42,trip,3570,3578.8333333333335,z32,z22,toy-0008395,,,False,46.41,0.0,45.614999999999995,0.35,2.3,0
21,trip,3570,3588.309854494165,z31,z10,toy-0008388,,,False,47.89499999999972,0.0,46.24711309552487,0.35,5.142956348249516,0
45,trip,3570,3594.1666666666665,z32,z02,toy-0008394,,,False,39.442361400679445,0.0,37.26736140067945,0.35,6.8999999999999995,0
24,trip,3570,3588.309854494165,z22,z30,toy-0008391,,,False,41.00008027416592,0.0,39.352193369691065,0.35,5.142956348249516,0
40,trip,3570,3588.309854494165,z11,z32,toy-0008385,,,False,44.65711309552543,0.0,43.00922619105058,0.35,5.142956348249516,0
1,trip,3570,3600.6666666666665,z02,z31,toy-0008382,,,False,38.68841883301312,0.0,35.92841883301312,2.3,6.8999999999999995,0
3,trip,3570,3585.3333333333335,z12,z10,toy-0008383,,,False,17.056670197448195,0.0,15.676670197448196,2.3,2.3,0
7,trip,3570,3578.8333333333335,z21,z11,toy-0008386,,,False,30.139170605505853,0.0,29.34417060550585,0.35,2.3,0
27,trip,3570,3594.809854494165,z00,z22,toy-0008397,,,False,27.98776732675085,0.0,25.754880422275995,2.3,5.142956348249516,0
8,trip,3570,3588.5089706448603,z12,z22,toy-0008399,,,False,27.08969102141318,0.0,25.423883663375744,2.3,3.2526911934581184,0
46,trip,3570,3578.8333333333335,z21,z31,toy-0008400,,,False,21.890970785449312,0.0,21.09597078544931,0.35,2.3,0
26,trip,3570,3582.0089706448603,z31,z22,toy-0008402,,,False,37.167124608156186,0.0,36.08631725011875,0.35,3.2526911934581184,0
53,trip,3570,3588.309854494165,z32,z11,toy-0008404,,,False,47.89500000000008,0.0,46.24711309552523,0.35,5.142956348249516,0
52,trip,3570,3598.809226445224,z00,z32,toy-0008396,,,False,42.63136226189214,0.0,40.03853188182199,0.35,8.292767933567175,0
28,trip,3570,3588.309854494165,z31,z12,toy-0008401,,,False,32.74427291612873,0.0,31.096386011653873,0.35,5.142956348249516,0
31,trip,3570,3588.5089706448603,z12,z20,toy-0008398,,,False,39.01265820005353,0.0,37.346850842016096,2.3,3.2526911934581184,0
57,trip,3570,3586.5,z32,z30,toy-0008403,,,False,46.019192641962796,0.0,44.5341926419628,0.35,4.6,0
73,trip,3570,3578.8333333333335,z32,z31,toy-0008405,,,False,47.89499999999999,0.0,47.09999999999999,0.35,2.3,0
10,visit,3570,3585.0,z32,z32,,hub_waterfront,local,True,26.843663592504956,12.777777777777779,39.41144137028274,0.7,0,7.666666666666668
29,visit,3570,3585.0,z31,z31,,hub_core,local,True,45.1349999999998,2.970000000000198,47.894999999999996,0.7,0,1.7820000000001186
47,visit,3570,3612.3333333333335,z31,z31,,depot_south,central,False,45.61500000000026,0.0,44.235000000000255,4.6,0,0
67,visit,3570,3585.0,z31,z31,,hub_core,,True,33.011447247496626,15.09355275250337,47.894999999999996,0.7,0,9.056131651502023
7,trip,3580,3598.309854494165,z11,z30,toy-0008410,,,False,29.34417060550588,0.0,27.696283701031025,0.35,5.142956348249516,0
4,trip,3580,3592.0089706448603,z21,z10,toy-0008412,,,False,35.01655049697964,0.0,33.93574313894221,0.35,3.2526911934581184,0
32,trip,3580,3596.5,z20,z22,toy-0008408,,,False,42.752267781524935,0.0,41.267267781524936,0.35,4.6,0
38,trip,3580,3592.0089706448603,z11,z02,toy-0008411,,,False,36.42610471982179,0.0,35.345297361784354,0.35,3.2526911934581184,0
35,trip,3580,3588.8333333333335,z22,z21,toy-0008420,,,False,35.059724570500656,0.0,34.264724570500654,0.35,2.3,0
9,trip,3580,3598.309854494165,z12,z31,toy-0008415,,,False,40.46302841448422,0.0,38.81514151000937,0.35,5.142956348249516,0
69,trip,3580,3598.309854494165,z10,z31,toy-0008407,,,False,41.01235158647113,0.0,39.364464681996274,0.35,5.142956348249516,0
16,trip,3580,3592.0089706448603,z21,z30,toy-0008413,,,False,45.22419264196302,0.0,44.14338528392559,0.35,3.2526911934581184,0
12,trip,3580,3596.5,z12,z32,toy-0008417,,,False,33.97930646521625,0.0,32.49430646521625,0.35,4.6,0
17,trip,3580,3588.8333333333335,z00,z01,toy-0008406,,,False,47.89499999999973,0.0,47.09999999999973,0.35,2.3,0
42,trip,3580,3598.309854494165,z22,z01,toy-0008418,,,False,45.61500000000002,0.0,43.96711309552517,0.35,5.142956348249516,0
34,trip,3580,3611.910795394624,z02,z32,toy-0008409,,,False,14.935927606033841,0.0,12.06395602051766,2.3,7.273238618387272,0
6,trip,3580,3602.851274623054,z32,z10,toy-0008421,,,False,45.6150000000001,0.0,43.55838528392523,0.35,6.505382386916237,0
63,trip,3580,3595.3333333333335,z11,z22,toy-0008416,,,False,46.41000000000025,0.0,45.03000000000025,2.3,2.3,0
30,trip,3580,3588.8333333333335,z31,z32,toy-0008414,,,False,47.89500000000005,0.0,47.10000000000005,0.35,2.3,0
72,trip,3580,3592.0089706448603,z22,z11,toy-0008419,,,False,40.530498379450236,0.0,39.449691021412804,0.35,3.2526911934581184,0
55,trip,3580,3592.0089706448603,z21,z32,toy-0008427,,,False,42.256446081720405,0.0,41.17563872368297,0.35,3.2526911934581184,0
77,trip,3580,3588.8333333333335,z10,z20,toy-0008422,,,False,23.444353190294205,0.0,22.649353190294207,0.35,2.3,0
78,trip,3580,3588.8333333333335,z21,z22,toy-0008426,,,False,34.75841883301294,0.0,33.96341883301294,0.35,2.3,0
33,trip,3580,3588.8333333333335,z31,z21,toy-0008430,,,False,44.639192641962836,0.0,43.844192641962835,0.35,2.3,0
61,trip,3580,3602.851274623054,z20,z02,toy-0008423,,,False,35.35248956569914,0.0,33.29587484962427,0.35,6.505382386916237,0
89,trip,3580,3596.5,z22,z20,toy-0008433,,,False,47.30999999999994,0.0,45.82499999999994,0.35,4.6,0
44,trip,3580,3595.3333333333335,z00,z00,toy-0008425,,,False,34.75321664957142,0.0,33.37321664957142,2.3,2.3,0
46,trip,3580,3607.985491805692,z31,z32,toy-0008424,,,False,21.09597078544934,0.0,18.577276522937048,3.2526911934581184,5.142956348249516,0
54,trip,3580,3596.5,z31,z11,toy-0008429,,,False,46.87344533911038,0.0,45.38844533911038,0.35,4.6,0
66,trip,3580,3595.3333333333335,z11,z11,toy-0008431,,,False,46.24711309552523,0.0,44.86711309552523,2.3,2.3,0
37,trip,3580,3598.5089706448603,z32,z31,toy-0008434,,,False,41.62261030919925,0.0,39.95680295116182,2.3,3.2526911934581184,0
43,trip,3580,3606.175637311527,z32,z21,toy-0008432,,,False,44.5992261910503,0.0,42.24341883301286,4.6,3.2526911934581184,0
65,trip,3580,3592.0089706448603,z31,z20,toy-0008428,,,False,44.657113095524906,0.0,43.57630573748747,0.35,3.2526911934581184,0
70,trip,3580,3595.3333333333335,z32,z32,toy-0008435,,,False,40.753883663375476,0.0,39.37388366337547,2.3,2.3,0
14,visit,3580,3622.3333333333335,z31,z31,,depot_south,central,False,33.29909093678569,0.0,31.91909093678569,4.6,0,0
48,visit,3580,3595.0,z31,z31,,hub_core,local,True,36.63560634037151,11.469393659628487,47.894999999999996,0.7,0,6.881636195777093
60,visit,3580,3600.3333333333335,z01,z01,,depot_west,local,False,40.908042138002386,0.0,39.528042138002384,4.6,0,0
50,visit,3580,3600.3333333333335,z22,z22,,hub_inner,local,False,44.938385283925406,0.0,43.5583852839254,4.6,0,0
59,visit,3580,3595.0,z00,z00,,depot_west,,True,33.646495138350886,14.45850486164911,47.894999999999996,0.7,0,8.675102916989466
8,trip,3590,3608.309854494165,z22,z10,toy-0008445,,,False,25.423883663375754,0.0,23.7759967589009,0.35,5.142956348249516,0
31,trip,3590,3598.8333333333335,z20,z10,toy-0008437,,,False,37.34685084201611,0.0,36.55185084201611,0.35,2.3,0
10,trip,3590,3598.8333333333335,z32,z31,toy-0008448,,,False,39.4114413702825,0.0,38.6164413702825,0.35,2.3,0
15,trip,3590,3606.5,z11,z31,toy-0008442,,,False,24.544415591913943,0.0,23.059415591913943,0.35,4.6,0
30,trip,3590,3602.0089706448603,z32,z21,toy-0008447,,,False,47.10000000000008,0.0,46.01919264196265,0.35,3.2526911934581184,0
17,trip,3590,3602.0089706448603,z01,z12,toy-0008441,,,False,47.09999999999976,0.0,46.01919264196233,0.35,3.2526911934581184,0
49,trip,3590,3598.8333333333335,z11,z12,toy-0008443,,,False,21.961495700761102,0.0,21.166495700761104,0.35,2.3,0
39,trip,3590,3602.0089706448603,z20,z31,toy-0008439,,,False,20.564866080509532,0.0,19.484058722472096,0.35,3.2526911934581184,0
19,trip,3590,3606.5,z01,z21,toy-0008440,,,False,27.498762919875638,0.0,26.01376291987564,0.35,4.6,0
56,trip,3590,3608.309854494165,z00,z21,toy-0008436,,,False,39.95230133061251,0.0,38.304414426137654,0.35,5.142956348249516,0
13,trip,3590,3598.8333333333335,z21,z31,toy-0008444,,,False,46.81419264196249,0.0,46.01919264196249,0.35,2.3,0
25,trip,3590,3598.8333333333335,z22,z12,toy-0008446,,,False,28.4519456269473,0.0,27.656945626947298,0.35,2.3,0
77,trip,3590,3598.8333333333335,z20,z21,toy-0008438,,,False,22.64935319029423,0.0,21.854353190294233,0.35,2.3,0
40,trip,3590,3598.8333333333335,z32,z22,toy-0008449,,,False,43.00922619105058,0.0,42.21422619105058,0.35,2.3,0
11,trip,3590,3615.410795394624,z31,z02,toy-0008455,,,False,37.56088763220352,0.0,35.27391604668733,0.35,7.273238618387272,0
20,trip,3590,3602.0089706448603,z31,z22,toy-0008456,,,False,28.079058722472507,0.0,26.99825136443507,0.35,3.2526911934581184,0
29,trip,3590,3598.8333333333335,z31,z32,toy-0008457,,,False,47.895000000000074,0.0,47.10000000000007,0.35,2.3,0
0,trip,3590,3606.5,z02,z22,toy-0008458,,,False,24.08874974388489,0.0,22.60374974388489,0.35,4.6,0
74,trip,3590,3606.5,z32,z12,toy-0008460,,,False,46.105624212918364,0.0,44.620624212918365,0.35,4.6,0
53,trip,3590,3608.309854494165,z11,z32,toy-0008451,,,False,46.24711309552523,0.0,44.59922619105038,0.35,5.142956348249516,0
67,trip,3590,3615.410795394624,z31,z00,toy-0008453,,,False,47.89499999999965,0.0,45.608028414483464,0.35,7.273238618387272,0
68,trip,3590,3598.8333333333335,z31,z30,toy-0008454,,,False,47.89500000000036,0.0,47.10000000000036,0.35,2.3,0
33,trip,3590,3598.8333333333335,z21,z20,toy-0008452,,,False,43.84419264196286,0.0,43.04919264196286,0.35,2.3,0
51,trip,3590,3602.0089706448603,z12,z01,toy-0008459,,,False,26.771063857076207,0.0,25.69025649903877,0.35,3.2526911934581184,0
3,trip,3590,3605.3333333333335,z10,z21,toy-0008450,,,False,15.676670197448221,0.0,14.296670197448222,2.3,2.3,0
28,visit,3590,3610.3333333333335,z12,z12,,hub_center,local,False,31.096386011653884,0.0,29.716386011653885,4.6,0,0
36,visit,3590,3605.0,z32,z32,,hub_waterfront,local,True,33.06316637883061,12.777777777777779,45.630944156608386,0.7,0,7.666666666666668
24,visit,3590,3605.0,z30,z30,,depot_south,local,True,39.352193369691065,8.752806630308932,47.894999999999996,0.7,0,5.251683978185359
80,visit,3590,3605.0,z31,z31,,hub_core,,True,27.164337031051407,17.77777777777778,44.73211480882919,0.7,0,10.666666666666668
35,visit,3590,3605.0,z21,z21,,hub_inner,,True,34.26472457050068,13.840275429499314,47.894999999999996,0.7,0,8.304165257699589
82,visit,3590,3605.0,z31,z31,,hub_core,,True,36.70790767098353,11.397092329016466,47.894999999999996,0.7,0,6.83825539740988
4,trip,3600,3622.851274623054,z10,z32,toy-0008462,,,False,33.935743138942215,0.0,31.879128422867343,0.35,6.505382386916237,0
12,trip,3600,3618.309854494165,z32,z20,toy-0008470,,,False,32.49430646521624,0.0,30.846419560741385,0.35,5.142956348249516,0
29,trip,3600,3608.8333333333335,z32,z31,toy-0008472,,,False,47.1000000000001,0.0,46.3050000000001,0.35,2.3,0
5,trip,3600,3624.1666666666665,z30,z00,toy-0008463,,,False,30.050283020017922,0.0,27.87528302001792,0.35,6.8999999999999995,0
26,trip,3600,3612.0089706448603,z22,z31,toy-0008469,,,False,36.08631725011876,0.0,35.00550989208133,0.35,3.2526911934581184,0
9,trip,3600,3624.1666666666665,z31,z01,toy-0008467,,,False,38.81514151000937,0.0,36.64014151000937,0.35,6.8999999999999995,0
64,trip,3600,3612.0089706448603,z21,z12,toy-0008465,,,False,39.085639889459095,0.0,38.00483253142166,0.35,3.2526911934581184,0
10,trip,3600,3618.309854494165,z31,z10,toy-0008466,,,False,38.61644137028253,0.0,36.96855446580768,0.35,5.142956348249516,0
13,trip,3600,3608.8333333333335,z31,z21,toy-0008468,,,False,46.01919264196252,0.0,45.22419264196252,0.35,2.3,0
44,trip,3600,3624.1666666666665,z00,z30,toy-0008461,,,False,33.37321664957145,0.0,31.198216649571446,0.35,6.8999999999999995,0
52,trip,3600,3625.410795394624,z32,z01,toy-0008471,,,False,40.03853188182199,0.0,37.751560296305804,0.35,7.273238618387272,0
77,trip,3600,3608.8333333333335,z21,z11,toy-0008464,,,False,21.85435319029426,0.0,21.05935319029426,0.35,2.3,0
62,trip,3600,3608.8333333333335,z01,z11,toy-0008477,,,False,43.516973298820346,0.0,42.721973298820345,0.35,2.3,0
38,trip,3600,3624.809854494165,z02,z20,toy-0008476,,,False,35.34529736178436,0.0,33.11241045730951,2.3,5.142956348249516,0
23,trip,3600,3608.8333333333335,z31,z32,toy-0008486,,,False,32.57856034302186,0.0,31.78356034302186,0.35,2.3,0
37,trip,3600,3616.5,z31,z11,toy-0008484,,,False,39.95680295116183,0.0,38.471802951161834,0.35,4.6,0
2,trip,3600,3618.5089706448603,z20,z32,toy-0008482,,,False,35.580747835498876,0.0,33.91494047746144,2.3,3.2526911934581184,0
45,trip,3600,3630.6666666666665,z02,z31,toy-0008478,,,False,37.267361400679455,0.0,34.50736140067946,2.3,6.8999999999999995,0
7,trip,3600,3616.5,z30,z32,toy-0008475,,,False,27.69628370103104,0.0,26.21128370103104,0.35,4.6,0
27,trip,3600,3608.8333333333335,z22,z32,toy-0008488,,,False,25.754880422276003,0.0,24.959880422276,0.35,2.3,0
59,trip,3600,3625.410795394624,z00,z31,toy-0008473,,,False,47.895000000000145,0.0,45.60802841448396,0.35,7.273238618387272,0
57,trip,3600,3608.8333333333335,z30,z31,toy-0008474,,,False,44.53419264196279,0.0,43.73919264196279,0.35,2.3,0
32,trip,3600,3608.8333333333335,z22,z21,toy-0008487,,,False,41.26726778152493,0.0,40.47226778152493,0.35,2.3,0
33,trip,3600,3615.3333333333335,z20,z22,toy-0008481,,,False,43.04919264196289,0.0,41.66919264196289,2.3,2.3,0
48,trip,3600,3618.309854494165,z31,z12,toy-0008485,,,False,47.89499999999985,0.0,46.247113095524995,0.35,5.142956348249516,0
69,trip,3600,3612.0089706448603,z31,z20,toy-0008483,,,False,39.364464681996274,0.0,38.28365732395884,0.35,3.2526911934581184,0
40,trip,3600,3615.3333333333335,z22,z31,toy-0008480,,,False,42.21422619105061,0.0,40.834226191050604,2.3,2.3,0
55,trip,3600,3618.309854494165,z32,z11,toy-0008490,,,False,41.17563872368298,0.0,39.52775181920813,0.35,5.142956348249516,0
41,trip,3600,3623.0,z22,z01,toy-0008479,,,False,20.093001290138865,0.0,18.023001290138865,2.3,4.6,0
70,trip,3600,3612.0089706448603,z32,z21,toy-0008491,,,False,39.3738836633755,0.0,38.29307630533807,0.35,3.2526911934581184,0
81,trip,3600,3628.809226445224,z32,z00,toy-0008489,,,False,47.8949999999998,0.0,45.30216961992964,0.35,8.292767933567175,0
49,visit,3600,3661.286375654997,z12,z12,,depot_west,central,False,21.16649570076113,0.0,18.080721891811418,10.285912696499032,0,0
42,visit,3600,3620.3333333333335,z01,z01,,depot_west,local,False,43.96711309552517,0.0,42.58711309552517,4.6,0,0
16,visit,3600,3629.3333333333335,z30,z30,,depot_south,central,False,44.143385283925596,0.0,43.933385283925595,0.7,0,0
66,visit,3600,3615.0,z11,z11,,hub_center,local,True,44.867113095525255,3.237886904474742,47.894999999999996,0.7,0,1.9427321426848452
79,visit,3600,3615.0,z31,z31,,hub_core,,True,38.049334151971856,10.055665848028143,47.894999999999996,0.7,0,6.033399508816886
1,trip,3610,3622.0089706448603,z31,z22,toy-0008501,,,False,35.92841883301313,0.0,34.8476114749757,0.35,3.2526911934581184,0
61,trip,3610,3635.410795394624,z02,z31,toy-0008502,,,False,33.295874849624276,0.0,31.008903264108095,0.35,7.273238618387272,0
54,trip,3610,3618.8333333333335,z11,z01,toy-0008496,,,False,45.388445339110376,0.0,44.593445339110374,0.35,2.3,0
13,trip,3610,3628.309854494165,z21,z00,toy-0008499,,,False,45.224192641962546,0.0,43.576305737487694,0.35,5.142956348249516,0
6,trip,3610,3622.0089706448603,z10,z21,toy-0008493,,,False,43.55838528392524,0.0,42.47757792588781,0.35,3.2526911934581184,0
15,trip,3610,3618.8333333333335,z31,z21,toy-0008500,,,False,23.059415591913943,0.0,22.264415591913945,0.35,2.3,0
58,trip,3610,3622.0089706448603,z11,z22,toy-0008498,,,False,33.07680411693799,0.0,31.995996758900557,0.35,3.2526911934581184,0
17,trip,3610,3628.309854494165,z12,z31,toy-0008504,,,False,46.019192641962334,0.0,44.37130573748748,0.35,5.142956348249516,0
25,trip,3610,3640.6666666666665,z12,z32,toy-0008503,,,False,27.656945626947326,0.0,24.89694562694733,2.3,6.8999999999999995,0
8,trip,3610,3639.351274623054,z10,z22,toy-0008492,,,False,23.775996758900913,0.0,21.134382042826044,2.3,6.505382386916237,0
65,trip,3610,3622.0089706448603,z20,z31,toy-0008495,,,False,43.57630573748748,0.0,42.49549837945005,0.35,3.2526911934581184,0
23,trip,3610,3618.8333333333335,z32,z31,toy-0008505,,,False,31.783560343021886,0.0,30.988560343021888,0.35,2.3,0
27,trip,3610,3618.8333333333335,z32,z22,toy-0008506,,,False,24.95988042227603,0.0,24.164880422276028,0.35,2.3,0
62,trip,3610,3626.5,z11,z31,toy-0008497,,,False,42.72197329882037,0.0,41.236973298820374,0.35,4.6,0
18,trip,3610,3628.309854494165,z10,z31,toy-0008494,,,False,36.25930646521629,0.0,34.61141956074144,0.35,5.142956348249516,0
89,trip,3610,3628.309854494165,z20,z01,toy-0008508,,,False,45.82499999999993,0.0,44.17711309552508,0.35,5.142956348249516,0
74,trip,3610,3626.5,z12,z32,toy-0008516,,,False,44.62062421291836,0.0,43.13562421291836,0.35,4.6,0
24,trip,3610,3628.309854494165,z30,z22,toy-0008512,,,False,47.894999999999676,0.0,46.247113095524824,0.35,5.142956348249516,0
29,trip,3610,3618.8333333333335,z31,z32,toy-0008514,,,False,46.30500000000013,0.0,45.510000000000126,0.35,2.3,0
19,trip,3610,3618.8333333333335,z21,z31,toy-0008513,,,False,26.01376291987564,0.0,25.218762919875637,0.35,2.3,0
21,trip,3610,3634.809854494165,z10,z32,toy-0008511,,,False,46.24711309552487,0.0,44.014226191050014,2.3,5.142956348249516,0
0,trip,3610,3622.0089706448603,z22,z11,toy-0008517,,,False,22.60374974388489,0.0,21.522942385847454,0.35,3.2526911934581184,0
30,trip,3610,3628.5089706448603,z21,z11,toy-0008509,,,False,46.019192641962654,0.0,44.35338528392522,2.3,3.2526911934581184,0
20,trip,3610,3626.5,z22,z02,toy-0008519,,,False,26.998251364435085,0.0,25.513251364435085,0.35,4.6,0
31,trip,3610,3633.0,z10,z22,toy-0008510,,,False,36.55185084201614,0.0,34.48185084201614,2.3,4.6,0
51,trip,3610,3628.5089706448603,z01,z11,toy-0008507,,,False,25.690256499038785,0.0,24.024449141001348,2.3,3.2526911934581184,0
50,trip,3610,3622.0089706448603,z22,z31,toy-0008518,,,False,43.55838528392544,0.0,42.477577925888006,0.35,3.2526911934581184,0
60,trip,3610,3633.0,z01,z00,toy-0008515,,,False,39.52804213800242,0.0,37.45804213800242,2.3,4.6,0
3,visit,3610,3637.6183312148646,z21,z21,,hub_inner,local,False,14.296670197448249,33.80832980255176,47.89500000000001,0.7,0,20.284997881531055
53,visit,3610,3625.0,z32,z32,,hub_waterfront,local,True,44.59922619105038,3.50577380894962,47.894999999999996,0.7,0,2.103464285369772
46,visit,3610,3625.0,z32,z32,,hub_waterfront,,True,18.577276522937044,17.77777777777778,36.145054300714826,0.7,0,10.666666666666668
39,visit,3610,3625.0,z31,z31,,hub_core,,True,19.48405872247211,17.77777777777778,37.051836500249884,0.7,0,10.666666666666668
77,visit,3610,3625.0,z11,z11,,hub_center,,True,21.059353190294285,17.77777777777778,38.62713096807206,0.7,0,10.666666666666668
56,visit,3610,3625.0,z21,z21,,hub_inner,,True,38.304414426137654,9.800585573862342,47.894999999999996,0.7,0,5.880351344317405
19,trip,3620,3636.5,z31,z11,toy-0008527,,,False,25.218762919875665,0.0,23.733762919875666,0.35,4.6,0
68,trip,3620,3632.0089706448603,z30,z21,toy-0008522,,,False,47.100000000000385,0.0,46.01919264196295,0.35,3.2526911934581184,0
27,trip,3620,3636.5,z22,z20,toy-0008529,,,False,24.164880422276056,0.0,22.679880422276057,0.35,4.6,0
23,trip,3620,3632.0089706448603,z31,z22,toy-0008528,,,False,30.988560343021913,0.0,29.907752984984477,0.35,3.2526911934581184,0
15,trip,3620,3632.0089706448603,z21,z32,toy-0008526,,,False,22.26441559191397,0.0,21.183608233876534,0.35,3.2526911934581184,0
55,trip,3620,3632.0089706448603,z11,z20,toy-0008524,,,False,39.52775181920813,0.0,38.446944461170695,0.35,3.2526911934581184,0
2,trip,3620,3642.851274623054,z32,z10,toy-0008530,,,False,33.91494047746146,0.0,31.858325761386585,0.35,6.505382386916237,0
66,trip,3620,3638.309854494165,z11,z32,toy-0008525,,,False,47.89499999999976,0.0,46.24711309552491,0.35,5.142956348249516,0
54,trip,3620,3638.309854494165,z01,z22,toy-0008523,,,False,44.5934453391104,0.0,42.94555843463555,0.35,5.142956348249516,0
67,trip,3620,3636.5,z00,z02,toy-0008520,,,False,45.60802841448348,0.0,44.12302841448348,0.35,4.6,0
12,trip,3620,3628.8333333333335,z20,z21,toy-0008521,,,False,30.846419560741396,0.0,30.051419560741394,0.35,2.3,0
7,trip,3620,3632.0089706448603,z32,z21,toy-0008554,,,False,26.21128370103104,0.0,25.130476342993603,0.35,3.2526911934581184,0
29,trip,3620,3638.309854494165,z32,z20,toy-0008551,,,False,45.510000000000154,0.0,43.8621130955253,0.35,5.142956348249516,0
72,trip,3620,3636.5,z11,z31,toy-0008536,,,False,39.44969102141281,0.0,37.96469102141281,0.35,4.6,0
10,trip,3620,3635.3333333333335,z10,z21,toy-0008535,,,False,36.96855446580768,0.0,35.588554465807675,2.3,2.3,0
34,trip,3620,3636.5,z32,z30,toy-0008552,,,False,12.063956020517674,0.0,10.578956020517674,0.35,4.6,0
36,trip,3620,3628.8333333333335,z32,z31,toy-0008555,,,False,45.63094415660815,0.0,44.83594415660815,0.35,2.3,0
32,trip,3620,3632.0089706448603,z21,z10,toy-0008537,,,False,40.472267781524955,0.0,39.39146042348752,0.35,3.2526911934581184,0
26,trip,3620,3649.351274623054,z31,z12,toy-0008533,,,False,35.005509892081335,0.0,32.363895176006466,2.3,6.505382386916237,0
33,trip,3620,3632.0089706448603,z22,z31,toy-0008549,,,False,41.669192641962916,0.0,40.58838528392548,0.35,3.2526911934581184,0
28,trip,3620,3632.0089706448603,z12,z21,toy-0008545,,,False,29.71638601165391,0.0,28.635578653616474,0.35,3.2526911934581184,0
48,trip,3620,3628.8333333333335,z12,z22,toy-0008546,,,False,46.247113095524995,0.0,45.45211309552499,0.35,2.3,0
35,trip,3620,3628.8333333333335,z21,z22,toy-0008539,,,False,47.89499999999974,0.0,47.09999999999974,0.35,2.3,0
40,trip,3620,3628.8333333333335,z31,z21,toy-0008541,,,False,40.83422619105063,0.0,40.03922619105063,0.35,2.3,0
64,trip,3620,3638.309854494165,z12,z20,toy-0008544,,,False,38.00483253142167,0.0,36.35694562694682,0.35,5.142956348249516,0
47,trip,3620,3632.0089706448603,z31,z20,toy-0008540,,,False,44.23500000000029,0.0,43.15419264196286,0.35,3.2526911934581184,0
86,trip,3620,3638.309854494165,z32,z11,toy-0008553,,,False,39.7577194358965,0.0,38.109832531421645,0.35,5.142956348249516,0
57,trip,3620,3628.8333333333335,z31,z32,toy-0008542,,,False,43.739192641962816,0.0,42.944192641962815,0.35,2.3,0
43,trip,3620,3628.8333333333335,z21,z20,toy-0008538,,,False,42.24341883301285,0.0,41.44841883301285,0.35,2.3,0
22,trip,3620,3651.910795394624,z02,z32,toy-0008534,,,False,27.940387435277188,0.0,25.068415849761006,2.3,7.273238618387272,0
69,trip,3620,3644.809854494165,z20,z22,toy-0008532,,,False,38.28365732395885,0.0,36.050770419483996,2.3,5.142956348249516,0
63,trip,3620,3642.851274623054,z22,z00,toy-0008547,,,False,45.03000000000028,0.0,42.97338528392541,0.35,6.505382386916237,0
78,trip,3620,3628.8333333333335,z22,z32,toy-0008550,,,False,33.963418833012966,0.0,33.168418833012964,0.35,2.3,0
70,trip,3620,3638.5089706448603,z21,z11,toy-0008531,,,False,38.293076305338076,0.0,36.62726894730064,3.2526911934581184,2.3,0
87,trip,3620,3660.1431878274984,z32,z21,toy-0008543,,,False,44.400498379450035,0.0,40.78761147497518,6.8999999999999995,5.142956348249516,0
88,trip,3620,3635.3333333333335,z32,z21,toy-0008548,,,False,41.78792571252895,0.0,40.40792571252895,2.3,2.3,0
11,visit,3620,3677.6666666666665,z02,z02,,depot_west,central,False,35.27391604668735,0.0,32.51391604668735,9.2,0,0
37,visit,3620,3635.0,z11,z11,,hub_center,local,True,38.47180295116183,9.633197048838172,47.894999999999996,0.7,0,5.779918229302902
6,trip,3630,3638.8333333333335,z21,z31,toy-0008563,,,False,42.477577925887815,0.0,41.68257792588781,0.35,2.3,0
43,trip,3630,3642.0089706448603,z20,z31,toy-0008556,,,False,41.44841883301288,0.0,40.36761147497545,0.35,3.2526911934581184,0
14,trip,3630,3648.309854494165,z31,z10,toy-0008564,,,False,31.91909093678572,0.0,30.271204032310866,0.35,5.142956348249516,0
0,trip,3630,3659.351274623054,z11,z30,toy-0008567,,,False,21.522942385847468,0.0,18.8813276697726,2.3,6.505382386916237,0
17,trip,3630,3648.309854494165,z31,z12,toy-0008566,,,False,44.37130573748748,0.0,42.72341883301263,0.35,5.142956348249516,0
4,trip,3630,3638.8333333333335,z32,z22,toy-0008569,,,False,31.87912842286735,0.0,31.08412842286735,0.35,2.3,0
12,trip,3630,3654.809854494165,z21,z12,toy-0008557,,,False,30.051419560741422,0.0,27.81853265626657,2.3,5.142956348249516,0
30,trip,3630,3642.0089706448603,z11,z00,toy-0008561,,,False,44.353385283925235,0.0,43.2725779258878,0.35,3.2526911934581184,0
18,trip,3630,3654.1666666666665,z31,z01,toy-0008565,,,False,34.61141956074144,0.0,32.43641956074144,0.35,6.8999999999999995,0
40,trip,3630,3638.8333333333335,z21,z11,toy-0008562,,,False,40.03922619105066,0.0,39.24422619105066,0.35,2.3,0
46,trip,3630,3646.5,z32,z12,toy-0008568,,,False,36.14505430071459,0.0,34.66005430071459,0.35,4.6,0
16,trip,3630,3655.410795394624,z30,z01,toy-0008559,,,False,43.93338528392562,0.0,41.64641369840943,0.35,7.273238618387272,0
44,trip,3630,3638.8333333333335,z30,z20,toy-0008558,,,False,31.198216649571457,0.0,30.403216649571455,0.35,2.3,0
9,trip,3630,3655.410795394624,z01,z30,toy-0008560,,,False,36.64014151000938,0.0,34.353169924493194,0.35,7.273238618387272,0
36,trip,3630,3642.0089706448603,z31,z22,toy-0008579,,,False,44.83594415660818,0.0,43.755136798570746,0.35,3.2526911934581184,0
5,trip,3630,3654.809854494165,z00,z31,toy-0008571,,,False,27.87528302001794,0.0,25.642396115543086,2.3,5.142956348249516,0
13,trip,3630,3658.809226445224,z00,z32,toy-0008570,,,False,43.576305737487694,0.0,40.98347535741754,0.35,8.292767933567175,0
1,trip,3630,3648.309854494165,z22,z01,toy-0008583,,,False,34.84761147497571,0.0,33.199724570500855,0.35,5.142956348249516,0
39,trip,3630,3638.8333333333335,z31,z30,toy-0008577,,,False,37.05183650024966,0.0,36.256836500249655,0.35,2.3,0
50,trip,3630,3655.410795394624,z31,z00,toy-0008576,,,False,42.47757792588801,0.0,40.19060634037183,0.35,7.273238618387272,0
56,trip,3630,3642.0089706448603,z21,z32,toy-0008575,,,False,47.89499999999969,0.0,46.81419264196226,0.35,3.2526911934581184,0
24,trip,3630,3648.5089706448603,z22,z30,toy-0008573,,,False,46.247113095524824,0.0,44.58130573748739,2.3,3.2526911934581184,0
35,trip,3630,3648.309854494165,z22,z10,toy-0008581,,,False,47.09999999999977,0.0,45.452113095524915,0.35,5.142956348249516,0
48,trip,3630,3638.8333333333335,z22,z12,toy-0008584,,,False,45.45211309552502,0.0,44.65711309552502,0.35,2.3,0
20,trip,3630,3654.809854494165,z02,z31,toy-0008580,,,False,25.513251364435085,0.0,23.280364459960232,2.3,5.142956348249516,0
51,trip,3630,3638.8333333333335,z11,z10,toy-0008572,,,False,24.02444914100136,0.0,23.22944914100136,0.35,2.3,0
59,trip,3630,3638.8333333333335,z31,z21,toy-0008578,,,False,45.608028414483975,0.0,44.81302841448397,0.35,2.3,0
58,trip,3630,3648.5089706448603,z22,z12,toy-0008574,,,False,31.995996758900564,0.0,30.330189400863127,2.3,3.2526911934581184,0
53,trip,3630,3638.8333333333335,z32,z31,toy-0008585,,,False,47.89499999999987,0.0,47.099999999999866,0.35,2.3,0
57,trip,3630,3654.809854494165,z32,z30,toy-0008582,,,False,42.94419264196284,0.0,40.71130573748799,2.3,5.142956348249516,0
38,visit,3630,3672.3333333333335,z20,z20,,depot_south,central,False,33.11241045730952,0.0,31.732410457309523,4.6,0,0
78,visit,3630,3645.0,z32,z32,,hub_waterfront,,True,33.16841883301299,14.936581166987004,47.894999999999996,0.7,0,8.961948700192202
77,visit,3630,3645.0,z11,z11,,hub_center,,True,38.62713096807183,9.477869031928167,47.894999999999996,0.7,0,5.6867214191569
19,trip,3640,3652.0089706448603,z11,z22,toy-0008592,,,False,23.733762919875666,0.0,22.65295556183823,0.35,3.2526911934581184,0
41,trip,3640,3656.5,z01,z21,toy-0008590,,,False,18.023001290138865,0.0,16.538001290138865,0.35,4.6,0
15,trip,3640,3652.0089706448603,z32,z21,toy-0008601,,,False,21.183608233876548,0.0,20.10280087583911,0.35,3.2526911934581184,0
6,trip,3640,3656.5,z31,z11,toy-0008595,,,False,41.68257792588784,0.0,40.19757792588784,0.35,4.6,0
33,trip,3640,3648.8333333333335,z31,z32,toy-0008596,,,False,40.58838528392549,0.0,39.79338528392549,0.35,2.3,0
21,trip,3640,3665.410795394624,z32,z01,toy-0008600,,,False,44.01422619105003,0.0,41.727254605533844,0.35,7.273238618387272,0
3,trip,3640,3648.8333333333335,z21,z31,toy-0008594,,,False,47.89500000000015,0.0,47.10000000000015,0.35,2.3,0
32,trip,3640,3662.851274623054,z10,z32,toy-0008586,,,False,39.39146042348753,0.0,37.33484570741266,0.35,6.505382386916237,0
48,trip,3640,3648.8333333333335,z12,z11,toy-0008597,,,False,44.65711309552505,0.0,43.862113095525046,0.35,2.3,0
42,trip,3640,3664.1666666666665,z01,z31,toy-0008591,,,False,42.587113095525204,0.0,40.41211309552521,0.35,6.8999999999999995,0
4,trip,3640,3648.8333333333335,z22,z32,toy-0008599,,,False,31.084128422867376,0.0,30.28912842286738,0.35,2.3,0
37,trip,3640,3658.309854494165,z11,z32,toy-0008593,,,False,47.895,0.0,46.24711309552515,0.35,5.142956348249516,0
34,trip,3640,3648.8333333333335,z30,z31,toy-0008589,,,False,10.578956020517674,0.0,9.783956020517675,0.35,2.3,0
23,trip,3640,3652.0089706448603,z22,z31,toy-0008598,,,False,29.90775298498449,0.0,28.826945626947055,0.35,3.2526911934581184,0
27,trip,3640,3648.8333333333335,z20,z30,toy-0008587,,,False,22.679880422276057,0.0,21.884880422276055,0.35,2.3,0
66,trip,3640,3664.1666666666665,z32,z02,toy-0008602,,,False,46.24711309552491,0.0,44.07211309552491,0.35,6.8999999999999995,0
29,trip,3640,3658.309854494165,z20,z32,toy-0008588,,,False,43.8621130955253,0.0,42.21422619105045,0.35,5.142956348249516,0
54,trip,3640,3652.0089706448603,z22,z11,toy-0008610,,,False,42.94555843463555,0.0,41.86475107659812,0.35,3.2526911934581184,0
44,trip,3640,3663.0,z20,z12,toy-0008603,,,False,30.403216649571483,0.0,28.333216649571483,2.3,4.6,0
45,trip,3640,3665.410795394624,z31,z02,toy-0008608,,,False,34.50736140067947,0.0,32.22038981516329,0.35,7.273238618387272,0
70,trip,3640,3656.5,z11,z31,toy-0008605,,,False,36.62726894730066,0.0,35.14226894730066,0.35,4.6,0
67,trip,3640,3663.0,z02,z10,toy-0008609,,,False,44.12302841448347,0.0,42.05302841448347,2.3,4.6,0
86,trip,3640,3648.8333333333335,z11,z12,toy-0008606,,,False,38.109832531421645,0.0,37.314832531421644,0.35,2.3,0
53,trip,3640,3652.0089706448603,z31,z20,toy-0008607,,,False,47.099999999999895,0.0,46.01919264196246,0.35,3.2526911934581184,0
74,trip,3640,3648.8333333333335,z32,z31,toy-0008612,,,False,43.13562421291835,0.0,42.34062421291835,0.35,2.3,0
47,trip,3640,3656.5,z20,z22,toy-0008604,,,False,43.154192641962865,0.0,41.669192641962866,0.35,4.6,0
7,trip,3640,3655.3333333333335,z21,z21,toy-0008611,,,False,25.130476342993617,0.0,23.75047634299362,2.3,2.3,0
61,trip,3640,3655.3333333333335,z31,z22,toy-0008613,,,False,31.008903264108106,0.0,29.628903264108107,2.3,2.3,0
8,visit,3640,3660.3333333333335,z22,z22,,hub_inner,local,False,21.134382042826054,0.0,19.754382042826055,4.6,0,0
51,visit,3640,3660.3333333333335,z10,z10,,depot_west,local,False,23.229449141001385,0.0,21.849449141001386,4.6,0,0
31,visit,3640,3660.3333333333335,z22,z22,,hub_inner,local,False,34.48185084201614,0.0,33.101850842016134,4.6,0,0
39,visit,3640,3655.0,z30,z30,,depot_south,local,True,36.25683650024968,11.848163499750314,47.894999999999996,0.7,0,7.1088980998501885
40,visit,3640,3655.0,z11,z11,,hub_center,local,True,39.244226191050686,8.860773808949311,47.894999999999996,0.7,0,5.3164642853695865
59,visit,3640,3655.0,z21,z21,,hub_inner,local,True,44.813028414484,3.291971585515995,47.894999999999996,0.7,0,1.975182951309597
60,visit,3640,3655.0,z00,z00,,depot_west,,True,37.45804213800242,10.646957861997578,47.894999999999996,0.7,0,6.388174717198547
72,visit,3640,3655.0,z31,z31,,hub_core,,True,37.964691021412804,10.140308978587193,47.894999999999996,0.7,0,6.084185387152315
48,trip,3650,3658.8333333333335,z11,z21,toy-0008620,,,False,43.862113095525075,0.0,43.06711309552507,0.35,2.3,0
36,trip,3650,3666.5,z22,z20,toy-0008627,,,False,43.75513679857075,0.0,42.27013679857075,0.35,4.6,0
4,trip,3650,3668.309854494165,z32,z20,toy-0008628,,,False,30.289128422867403,0.0,28.641241518392548,0.35,5.142956348249516,0
17,trip,3650,3666.5,z12,z32,toy-0008626,,,False,42.72341883301263,0.0,41.23841883301263,0.35,4.6,0
24,trip,3650,3668.309854494165,z30,z11,toy-0008618,,,False,44.581305737487405,0.0,42.93341883301255,0.35,5.142956348249516,0
10,trip,3650,3668.309854494165,z21,z02,toy-0008621,,,False,35.588554465807704,0.0,33.94066756133285,0.35,5.142956348249516,0
2,trip,3650,3658.8333333333335,z10,z20,toy-0008615,,,False,31.858325761386592,0.0,31.063325761386594,0.35,2.3,0
3,trip,3650,3658.8333333333335,z31,z32,toy-0008625,,,False,47.10000000000018,0.0,46.30500000000018,0.35,2.3,0
30,trip,3650,3675.410795394624,z00,z31,toy-0008614,,,False,43.27257792588781,0.0,40.985606340371625,0.35,7.273238618387272,0
43,trip,3650,3662.0089706448603,z31,z22,toy-0008624,,,False,40.367611474975455,0.0,39.28680411693802,0.35,3.2526911934581184,0
28,trip,3650,3658.8333333333335,z21,z22,toy-0008622,,,False,28.635578653616488,0.0,27.84057865361649,0.35,2.3,0
55,trip,3650,3662.0089706448603,z20,z31,toy-0008617,,,False,38.4469444611707,0.0,37.36613710313327,0.35,3.2526911934581184,0
62,trip,3650,3658.8333333333335,z31,z21,toy-0008623,,,False,41.23697329882037,0.0,40.441973298820365,0.35,2.3,0
64,trip,3650,3673.0,z20,z32,toy-0008619,,,False,36.35694562694682,0.0,34.28694562694682,2.3,4.6,0
25,trip,3650,3668.309854494165,z32,z11,toy-0008629,,,False,24.89694562694734,0.0,23.249058722472483,0.35,5.142956348249516,0
14,trip,3650,3665.3333333333335,z10,z21,toy-0008616,,,False,30.27120403231088,0.0,28.89120403231088,2.3,2.3,0
68,trip,3650,3666.5,z21,z01,toy-0008635,,,False,46.01919264196296,0.0,44.53419264196296,0.35,4.6,0
56,trip,3650,3658.8333333333335,z32,z31,toy-0008643,,,False,46.814192641962265,0.0,46.01919264196226,0.35,2.3,0
78,trip,3650,3662.0089706448603,z32,z21,toy-0008642,,,False,47.895000000000266,0.0,46.81419264196283,0.35,3.2526911934581184,0
69,trip,3650,3662.0089706448603,z22,z31,toy-0008640,,,False,36.05077041948401,0.0,34.96996306144658,0.35,3.2526911934581184,0
88,trip,3650,3662.0089706448603,z21,z32,toy-0008638,,,False,40.40792571252898,0.0,39.327118354491546,0.35,3.2526911934581184,0
65,trip,3650,3668.309854494165,z31,z12,toy-0008639,,,False,42.495498379450055,0.0,40.8476114749752,0.35,5.142956348249516,0
63,trip,3650,3666.5,z00,z20,toy-0008630,,,False,42.97338528392542,0.0,41.48838528392542,0.35,4.6,0
71,trip,3650,3665.3333333333335,z31,z31,toy-0008637,,,False,47.80166144115294,0.0,46.421661441152935,2.3,2.3,0
35,trip,3650,3662.0089706448603,z10,z21,toy-0008632,,,False,45.452113095524915,0.0,44.37130573748748,0.35,3.2526911934581184,0
73,trip,3650,3665.3333333333335,z31,z11,toy-0008636,,,False,47.100000000000016,0.0,45.72000000000001,2.3,2.3,0
75,trip,3650,3665.3333333333335,z31,z20,toy-0008634,,,False,47.89499999999973,0.0,46.51499999999973,2.3,2.3,0
76,trip,3650,3668.5089706448603,z31,z10,toy-0008633,,,False,47.89500000000016,0.0,46.229192641962726,3.2526911934581184,2.3,0
79,trip,3650,3679.351274623054,z31,z10,toy-0008641,,,False,47.89499999999976,0.0,45.25338528392489,2.3,6.505382386916237,0
81,trip,3650,3668.309854494165,z00,z21,toy-0008631,,,False,45.30216961992964,0.0,43.65428271545479,0.35,5.142956348249516,0
34,visit,3650,3680.3259597210226,z31,z31,,hub_core,local,False,9.783956020517701,38.3210439794823,47.894999999999996,0.7,0,22.99262638768938
27,visit,3650,3665.0,z30,z30,,depot_south,local,True,21.884880422276083,12.777777777777779,34.45265820005386,0.7,0,7.666666666666668
1,visit,3650,3670.3333333333335,z01,z01,,depot_west,local,False,33.199724570500855,0.0,31.819724570500856,4.6,0,0
46,visit,3650,3670.3333333333335,z12,z12,,hub_center,local,False,34.660054300714584,0.0,33.28005430071458,4.6,0,0
33,visit,3650,3665.0,z32,z32,,hub_waterfront,local,True,39.79338528392552,8.31161471607448,47.894999999999996,0.7,0,4.986968829644688
74,visit,3650,3692.3333333333335,z31,z31,,depot_south,central,False,42.34062421291838,0.0,40.960624212918376,4.6,0,0
19,trip,3660,3668.8333333333335,z22,z32,toy-0008652,,,False,22.652955561838244,0.0,21.857955561838246,0.35,2.3,0
6,trip,3660,3672.0089706448603,z11,z20,toy-0008645,,,False,40.197577925887835,0.0,39.1167705678504,0.35,3.2526911934581184,0
5,trip,3660,3668.8333333333335,z31,z21,toy-0008649,,,False,25.642396115543093,0.0,24.84739611554309,0.35,2.3,0
3,trip,3660,3688.809226445224,z32,z00,toy-0008653,,,False,46.305000000000206,0.0,43.71216961993005,0.35,8.292767933567175,0
2,trip,3660,3672.0089706448603,z20,z11,toy-0008644,,,False,31.06332576138662,0.0,29.982518403349182,0.35,3.2526911934581184,0
12,trip,3660,3678.309854494165,z12,z31,toy-0008651,,,False,27.818532656266576,0.0,26.17064575179172,0.35,5.142956348249516,0
20,trip,3660,3678.309854494165,z31,z10,toy-0008647,,,False,23.28036445996024,0.0,21.632477555485384,0.35,5.142956348249516,0
23,trip,3660,3676.5,z31,z11,toy-0008648,,,False,28.82694562694707,0.0,27.34194562694707,0.35,4.6,0
40,trip,3660,3678.309854494165,z11,z30,toy-0008646,,,False,47.89499999999974,0.0,46.24711309552489,0.35,5.142956348249516,0
56,trip,3660,3668.8333333333335,z31,z32,toy-0008650,,,False,46.01919264196229,0.0,45.22419264196229,0.35,2.3,0
26,trip,3660,3672.0089706448603,z12,z21,toy-0008665,,,False,32.36389517600648,0.0,31.283087817969044,0.35,3.2526911934581184,0
16,trip,3660,3695.309226445224,z01,z30,toy-0008663,,,False,41.64641369840945,0.0,38.46858331833929,2.3,8.292767933567175,0
13,trip,3660,3676.5,z32,z12,toy-0008668,,,False,40.98347535741754,0.0,39.49847535741754,0.35,4.6,0
58,trip,3660,3668.8333333333335,z12,z22,toy-0008666,,,False,30.330189400863137,0.0,29.53518940086314,0.35,2.3,0
50,trip,3660,3678.309854494165,z00,z12,toy-0008654,,,False,40.19060634037184,0.0,38.54271943589699,0.35,5.142956348249516,0
22,trip,3660,3668.8333333333335,z32,z31,toy-0008667,,,False,25.06841584976102,0.0,24.273415849761022,0.35,2.3,0
53,trip,3660,3678.309854494165,z20,z32,toy-0008656,,,False,46.01919264196247,0.0,44.37130573748762,0.35,5.142956348249516,0
72,trip,3660,3672.0089706448603,z31,z22,toy-0008662,,,False,47.89500000000033,0.0,46.8141926419629,0.35,3.2526911934581184,0
54,trip,3660,3684.809854494165,z11,z31,toy-0008655,,,False,41.864751076598125,0.0,39.63186417212327,2.3,5.142956348249516,0
18,trip,3660,3685.410795394624,z01,z32,toy-0008657,,,False,32.43641956074145,0.0,30.149447975225268,0.35,7.273238618387272,0
80,trip,3660,3672.0089706448603,z31,z20,toy-0008660,,,False,44.73211480882895,0.0,43.65130745079152,0.35,3.2526911934581184,0
29,trip,3660,3668.8333333333335,z32,z22,toy-0008669,,,False,42.21422619105045,0.0,41.41922619105045,0.35,2.3,0
77,trip,3660,3678.309854494165,z11,z32,toy-0008659,,,False,47.89500000000025,0.0,46.2471130955254,0.35,5.142956348249516,0
52,trip,3660,3691.910795394624,z01,z31,toy-0008664,,,False,37.75156029630582,0.0,34.87958871078963,2.3,7.273238618387272,0
82,trip,3660,3684.1666666666665,z31,z01,toy-0008661,,,False,47.89499999999978,0.0,45.719999999999786,0.35,6.8999999999999995,0
7,trip,3660,3683.0,z21,z31,toy-0008658,,,False,23.750476342993643,0.0,21.680476342993643,2.3,4.6,0
61,visit,3660,3680.3333333333335,z22,z22,,hub_inner,local,False,29.628903264108132,0.0,28.248903264108133,4.6,0,0
9,visit,3660,3675.0,z30,z30,,depot_south,local,True,34.35316992449321,12.777777777777779,46.920947702270986,0.7,0,7.666666666666668
70,visit,3660,3675.0,z31,z31,,hub_core,local,True,35.14226894730065,12.777777777777779,47.71004672507843,0.7,0,7.666666666666668
0,visit,3660,3675.0,z30,z30,,depot_south,,True,18.88132766977261,17.77777777777778,36.44910544755039,0.7,0,10.666666666666668
44,trip,3670,3688.309854494165,z12,z00,toy-0008682,,,False,28.333216649571483,0.0,26.685329745096627,0.35,5.142956348249516,0
8,trip,3670,3682.0089706448603,z22,z31,toy-0008684,,,False,19.75438204282608,0.0,18.673574684788644,0.35,3.2526911934581184,0
36,trip,3670,3682.0089706448603,z20,z31,toy-0008672,,,False,42.270136798570746,0.0,41.189329440533314,0.35,3.2526911934581184,0
24,trip,3670,3682.0089706448603,z11,z22,toy-0008676,,,False,42.93341883301255,0.0,41.85261147497512,0.35,3.2526911934581184,0
63,trip,3670,3686.5,z20,z00,toy-0008671,,,False,41.48838528392541,0.0,40.00338528392541,0.35,4.6,0
21,trip,3670,3678.8333333333335,z01,z11,toy-0008674,,,False,41.72725460553386,0.0,40.932254605533856,0.35,2.3,0
5,trip,3670,3682.0089706448603,z21,z32,toy-0008680,,,False,24.84739611554312,0.0,23.766588757505684,0.35,3.2526911934581184,0
28,trip,3670,3678.8333333333335,z22,z21,toy-0008683,,,False,27.840578653616515,0.0,27.045578653616516,0.35,2.3,0
14,trip,3670,3678.8333333333335,z21,z22,toy-0008679,,,False,28.891204032310906,0.0,28.096204032310908,0.35,2.3,0
15,trip,3670,3682.0089706448603,z21,z10,toy-0008677,,,False,20.102800875839126,0.0,19.02199351780169,0.35,3.2526911934581184,0
22,trip,3670,3678.8333333333335,z31,z30,toy-0008681,,,False,24.273415849761047,0.0,23.47841584976105,0.35,2.3,0
51,trip,3670,3688.309854494165,z10,z22,toy-0008670,,,False,21.84944914100141,0.0,20.201562236526556,0.35,5.142956348249516,0
27,trip,3670,3698.809226445224,z30,z02,toy-0008673,,,False,34.452658200053634,0.0,31.85982781998348,0.35,8.292767933567175,0
35,trip,3670,3678.8333333333335,z21,z31,toy-0008678,,,False,44.37130573748749,0.0,43.57630573748749,0.35,2.3,0
68,trip,3670,3694.1666666666665,z01,z31,toy-0008675,,,False,44.53419264196295,0.0,42.359192641962956,0.35,6.8999999999999995,0
17,trip,3670,3688.309854494165,z32,z11,toy-0008696,,,False,41.238418833012624,0.0,39.59053192853777,0.35,5.142956348249516,0
41,trip,3670,3688.309854494165,z21,z00,toy-0008688,,,False,16.538001290138865,0.0,14.89011438566401,0.35,5.142956348249516,0
48,trip,3670,3682.0089706448603,z21,z12,toy-0008689,,,False,43.0671130955251,0.0,41.98630573748767,0.35,3.2526911934581184,0
89,trip,3670,3688.309854494165,z01,z22,toy-0008687,,,False,44.17711309552508,0.0,42.52922619105023,0.35,5.142956348249516,0
67,trip,3670,3692.851274623054,z10,z32,toy-0008685,,,False,42.05302841448347,0.0,39.9964136984086,0.35,6.505382386916237,0
42,trip,3670,3678.8333333333335,z31,z21,toy-0008690,,,False,40.412113095525214,0.0,39.61711309552521,0.35,2.3,0
32,trip,3670,3686.5,z32,z30,toy-0008695,,,False,37.33484570741267,0.0,35.84984570741267,0.35,4.6,0
39,trip,3670,3682.0089706448603,z30,z21,toy-0008686,,,False,47.895000000000024,0.0,46.81419264196259,0.35,3.2526911934581184,0
55,trip,3670,3678.8333333333335,z31,z32,toy-0008691,,,False,37.366137103133276,0.0,36.571137103133275,0.35,2.3,0
29,trip,3670,3682.0089706448603,z22,z11,toy-0008693,,,False,41.41922619105048,0.0,40.338418833013044,0.35,3.2526911934581184,0
33,trip,3670,3688.309854494165,z32,z20,toy-0008694,,,False,47.895000000000316,0.0,46.247113095525464,0.35,5.142956348249516,0
37,trip,3670,3682.0089706448603,z32,z21,toy-0008697,,,False,46.24711309552515,0.0,45.16630573748772,0.35,3.2526911934581184,0
10,trip,3670,3682.0089706448603,z02,z11,toy-0008692,,,False,33.94066756133285,0.0,32.85986020329542,0.35,3.2526911934581184,0
19,visit,3670,3685.0,z32,z32,,hub_waterfront,local,True,21.85795556183827,12.777777777777779,34.42573333961605,0.7,0,7.666666666666668
4,visit,3670,3690.3333333333335,z20,z20,,depot_south,local,False,28.64124151839256,0.0,27.261241518392563,4.6,0,0
43,visit,3670,3690.3333333333335,z22,z22,,hub_inner,local,False,39.28680411693803,0.0,37.90680411693803,4.6,0,0
81,visit,3670,3685.0,z21,z21,,hub_inner,local,True,43.65428271545479,4.450717284545206,47.894999999999996,0.7,0,2.6704303707271237
56,visit,3670,3685.0,z32,z32,,hub_waterfront,local,True,45.22419264196232,2.8808073580376785,47.894999999999996,0.7,0,1.728484414822607
25,visit,3670,3685.0,z11,z11,,hub_center,,True,23.249058722472498,17.77777777777778,40.816836500250275,0.7,0,10.666666666666668
69,visit,3670,3685.0,z31,z31,,hub_core,,True,34.969963061446585,13.135036938553412,47.894999999999996,0.7,0,7.881022163132047
12,trip,3680,3692.0089706448603,z31,z22,toy-0008712,,,False,26.170645751791735,0.0,25.0898383937543,0.35,3.2526911934581184,0
20,trip,3680,3692.0089706448603,z10,z01,toy-0008699,,,False,21.632477555485398,0.0,20.55167019744796,0.35,3.2526911934581184,0
11,trip,3680,3704.1666666666665,z02,z32,toy-0008714,,,False,32.51391604668733,0.0,30.338916046687327,0.35,6.8999999999999995,0
45,trip,3680,3696.5,z02,z22,toy-0008713,,,False,32.2203898151633,0.0,30.735389815163302,0.35,4.6,0
6,trip,3680,3688.8333333333335,z20,z21,toy-0008700,,,False,39.11677056785041,0.0,38.32177056785041,0.35,2.3,0
30,trip,3680,3696.5,z31,z11,toy-0008710,,,False,40.98560634037164,0.0,39.50060634037164,0.35,4.6,0
38,trip,3680,3696.5,z20,z22,toy-0008701,,,False,31.732410457309552,0.0,30.247410457309552,0.35,4.6,0
35,trip,3680,3705.410795394624,z31,z00,toy-0008709,,,False,43.576305737487516,0.0,41.28933415197133,0.35,7.273238618387272,0
53,trip,3680,3688.8333333333335,z32,z31,toy-0008717,,,False,44.37130573748762,0.0,43.576305737487615,0.35,2.3,0
0,trip,3680,3688.8333333333335,z30,z31,toy-0008702,,,False,36.44910544755016,0.0,35.65410544755016,0.35,2.3,0
14,trip,3680,3688.8333333333335,z22,z12,toy-0008715,,,False,28.096204032310933,0.0,27.301204032310935,0.35,2.3,0
70,trip,3680,3698.309854494165,z31,z12,toy-0008711,,,False,47.71004672507819,0.0,46.06215982060334,0.35,5.142956348249516,0
2,trip,3680,3688.8333333333335,z11,z01,toy-0008706,,,False,29.982518403349196,0.0,29.187518403349195,0.35,2.3,0
1,trip,3680,3692.0089706448603,z01,z10,toy-0008704,,,False,31.819724570500885,0.0,30.73891721246345,0.35,3.2526911934581184,0
60,trip,3680,3702.851274623054,z00,z22,toy-0008698,,,False,47.89500000000008,0.0,45.83838528392521,0.35,6.505382386916237,0
31,trip,3680,3688.8333333333335,z22,z32,toy-0008716,,,False,33.10185084201617,0.0,32.30685084201617,0.35,2.3,0
26,trip,3680,3688.8333333333335,z21,z31,toy-0008708,,,False,31.283087817969054,0.0,30.488087817969053,0.35,2.3,0
21,trip,3680,3704.809854494165,z11,z20,toy-0008705,,,False,40.932254605533885,0.0,38.69936770105903,2.3,5.142956348249516,0
9,trip,3680,3698.309854494165,z30,z22,toy-0008703,,,False,46.92094770227075,0.0,45.2730607977959,0.35,5.142956348249516,0
23,trip,3680,3688.8333333333335,z11,z21,toy-0008707,,,False,27.34194562694707,0.0,26.54694562694707,0.35,2.3,0
47,trip,3680,3696.5,z22,z20,toy-0008727,,,False,41.66919264196286,0.0,40.18419264196286,0.35,4.6,0
73,trip,3680,3696.5,z11,z31,toy-0008719,,,False,45.72000000000004,0.0,44.23500000000004,0.35,4.6,0
28,trip,3680,3688.8333333333335,z21,z11,toy-0008721,,,False,27.04557865361654,0.0,26.250578653616543,0.35,2.3,0
13,trip,3680,3698.309854494165,z12,z20,toy-0008724,,,False,39.49847535741753,0.0,37.85058845294268,0.35,5.142956348249516,0
66,trip,3680,3698.5089706448603,z02,z12,toy-0008718,,,False,44.07211309552492,0.0,42.406305737487486,2.3,3.2526911934581184,0
46,trip,3680,3696.5,z12,z32,toy-0008725,,,False,33.28005430071462,0.0,31.795054300714618,0.35,4.6,0
58,trip,3680,3698.309854494165,z22,z10,toy-0008726,,,False,29.535189400863164,0.0,27.88730249638831,0.35,5.142956348249516,0
42,trip,3680,3688.8333333333335,z21,z20,toy-0008720,,,False,39.61711309552524,0.0,38.82211309552524,0.35,2.3,0
64,trip,3680,3705.410795394624,z32,z01,toy-0008729,,,False,34.28694562694682,0.0,31.999974041430637,0.35,7.273238618387272,0
71,trip,3680,3692.0089706448603,z31,z20,toy-0008722,,,False,46.42166144115296,0.0,45.34085408311553,0.35,3.2526911934581184,0
49,trip,3680,3698.5089706448603,z12,z31,toy-0008728,,,False,18.080721891811418,0.0,16.41491453377398,2.3,3.2526911934581184,0
77,trip,3680,3688.8333333333335,z32,z22,toy-0008730,,,False,46.2471130955254,0.0,45.4521130955254,0.35,2.3,0
83,trip,3680,3688.8333333333335,z31,z32,toy-0008723,,,False,43.75500000000005,0.0,42.96000000000005,0.35,2.3,0
55,visit,3680,3695.0,z32,z32,,hub_waterfront,local,True,36.5711371031333,11.533862896866692,47.894999999999996,0.7,0,6.920317738120016
80,visit,3680,3700.3333333333335,z20,z20,,depot_south,local,False,43.65130745079153,0.0,42.271307450791525,4.6,0,0
72,visit,3680,3706.6846079563875,z22,z22,,hub_center,local,False,46.814192641962904,0.0,44.86257792588803,6.505382386916237,0,0
22,visit,3680,3695.0,z30,z30,,depot_south,,True,23.478415849761074,17.77777777777778,41.04619362753885,0.7,0,10.666666666666668
23,trip,3690,3702.0089706448603,z21,z32,toy-0008738,,,False,26.546945626947096,0.0,25.46613826890966,0.35,3.2526911934581184,0
0,trip,3690,3698.8333333333335,z31,z21,toy-0008740,,,False,35.65410544755019,0.0,34.859105447550185,0.35,2.3,0
5,trip,3690,3698.8333333333335,z32,z31,toy-0008747,,,False,23.766588757505698,0.0,22.9715887575057,0.35,2.3,0
2,trip,3690,3719.351274623054,z01,z20,toy-0008741,,,False,29.187518403349223,0.0,26.545903687274354,2.3,6.505382386916237,0
10,trip,3690,3702.0089706448603,z11,z02,toy-0008736,,,False,32.859860203295426,0.0,31.77905284525799,0.35,3.2526911934581184,0
17,trip,3690,3708.309854494165,z11,z32,toy-0008737,,,False,39.59053192853777,0.0,37.94264502406292,0.35,5.142956348249516,0
14,trip,3690,3702.0089706448603,z12,z01,toy-0008742,,,False,27.30120403231096,0.0,26.220396674273523,0.35,3.2526911934581184,0
33,trip,3690,3708.309854494165,z20,z01,toy-0008732,,,False,46.247113095525464,0.0,44.59922619105061,0.35,5.142956348249516,0
48,trip,3690,3708.309854494165,z12,z31,toy-0008743,,,False,41.986305737487676,0.0,40.338418833012824,0.35,5.142956348249516,0
7,trip,3690,3708.309854494165,z31,z10,toy-0008739,,,False,21.680476342993643,0.0,20.032589438518787,0.35,5.142956348249516,0
82,trip,3690,3706.5,z01,z21,toy-0008735,,,False,45.71999999999979,0.0,44.23499999999979,0.35,4.6,0
24,trip,3690,3708.309854494165,z22,z01,toy-0008744,,,False,41.85261147497513,0.0,40.204724570500275,0.35,5.142956348249516,0
42,trip,3690,3702.0089706448603,z20,z31,toy-0008733,,,False,38.82211309552527,0.0,37.741305737487835,0.35,3.2526911934581184,0
51,trip,3690,3698.8333333333335,z22,z21,toy-0008745,,,False,20.20156223652657,0.0,19.406562236526568,0.35,2.3,0
18,trip,3690,3702.0089706448603,z32,z21,toy-0008746,,,False,30.149447975225282,0.0,29.068640617187846,0.35,3.2526911934581184,0
15,trip,3690,3698.8333333333335,z10,z11,toy-0008731,,,False,19.021993517801704,0.0,18.226993517801702,0.35,2.3,0
75,trip,3690,3708.309854494165,z20,z12,toy-0008734,,,False,46.51499999999976,0.0,44.86711309552491,0.35,5.142956348249516,0
32,trip,3690,3706.5,z30,z10,toy-0008753,,,False,35.84984570741266,0.0,34.36484570741266,0.35,4.6,0
61,trip,3690,3708.309854494165,z22,z30,toy-0008762,,,False,28.248903264108158,0.0,26.601016359633302,0.35,5.142956348249516,0
25,trip,3690,3698.8333333333335,z11,z10,toy-0008754,,,False,40.81683650025004,0.0,40.02183650025004,0.35,2.3,0
76,trip,3690,3706.5,z10,z30,toy-0008750,,,False,46.22919264196274,0.0,44.74419264196274,0.35,4.6,0
3,trip,3690,3715.410795394624,z00,z31,toy-0008748,,,False,43.71216961993005,0.0,41.42519803441387,0.35,7.273238618387272,0
19,trip,3690,3712.851274623054,z32,z10,toy-0008763,,,False,34.42573333961582,0.0,32.36911862354095,0.35,6.505382386916237,0
37,trip,3690,3702.0089706448603,z21,z30,toy-0008755,,,False,45.166305737487725,0.0,44.08549837945029,0.35,3.2526911934581184,0
39,trip,3690,3698.8333333333335,z21,z31,toy-0008756,,,False,46.8141926419626,0.0,46.0191926419626,0.35,2.3,0
59,trip,3690,3698.8333333333335,z21,z22,toy-0008757,,,False,47.895000000000294,0.0,47.10000000000029,0.35,2.3,0
8,trip,3690,3702.0089706448603,z31,z22,toy-0008759,,,False,18.673574684788658,0.0,17.592767326751222,0.35,3.2526911934581184,0
40,trip,3690,3714.809854494165,z30,z32,toy-0008752,,,False,46.24711309552489,0.0,44.014226191050035,2.3,5.142956348249516,0
41,trip,3690,3718.809226445224,z00,z32,toy-0008749,,,False,14.89011438566402,0.0,12.297284005593868,0.35,8.292767933567175,0
34,trip,3690,3706.5,z31,z11,toy-0008758,,,False,47.895000000000394,0.0,46.410000000000394,0.35,4.6,0
50,trip,3690,3705.3333333333335,z12,z01,toy-0008761,,,False,38.54271943589699,0.0,37.16271943589699,2.3,2.3,0
36,trip,3690,3698.8333333333335,z31,z32,toy-0008760,,,False,41.18932944053332,0.0,40.39432944053332,0.35,2.3,0
79,trip,3690,3708.309854494165,z10,z31,toy-0008751,,,False,45.253385283924906,0.0,43.605498379450054,0.35,5.142956348249516,0
44,visit,3690,3705.0,z00,z00,,depot_west,local,True,26.68532974509664,12.777777777777779,39.25310752287442,0.7,0,7.666666666666668
26,visit,3690,3705.0,z31,z31,,hub_core,local,True,30.48808781796908,12.777777777777779,43.05586559574686,0.7,0,7.666666666666668
6,visit,3690,3705.0,z21,z21,,hub_inner,local,True,38.321770567850436,9.783229432149561,47.894999999999996,0.7,0,5.869937659289736
77,visit,3690,3710.3333333333335,z22,z22,,hub_inner,local,False,45.452113095525426,0.0,44.072113095525424,4.6,0,0
28,visit,3690,3705.0,z11,z11,,hub_center,,True,26.250578653616568,17.77777777777778,43.81835643139434,0.7,0,10.666666666666668
31,visit,3690,3705.0,z32,z32,,hub_waterfront,,True,32.306850842016196,15.7981491579838,47.894999999999996,0.7,0,9.47888949479028
65,trip,3700,3708.8333333333335,z12,z11,toy-0008767,,,False,40.8476114749752,0.0,40.0526114749752,0.35,2.3,0
1,trip,3700,3712.0089706448603,z10,z21,toy-0008764,,,False,30.738917212463463,0.0,29.658109854426026,0.35,3.2526911934581184,0
36,trip,3700,3716.5,z32,z12,toy-0008772,,,False,40.39432944053335,0.0,38.90932944053335,0.35,4.6,0
5,trip,3700,3724.1666666666665,z31,z01,toy-0008765,,,False,22.971588757505724,0.0,20.796588757505724,0.35,6.8999999999999995,0
9,trip,3700,3722.851274623054,z22,z00,toy-0008768,,,False,45.2730607977959,0.0,43.21644608172103,0.35,6.505382386916237,0
12,trip,3700,3708.8333333333335,z22,z32,toy-0008770,,,False,25.089838393754313,0.0,24.29483839375431,0.35,2.3,0
38,trip,3700,3712.0089706448603,z22,z31,toy-0008769,,,False,30.247410457309552,0.0,29.166603099272116,0.35,3.2526911934581184,0
46,trip,3700,3718.309854494165,z32,z11,toy-0008771,,,False,31.79505430071461,0.0,30.147167396239755,0.35,5.142956348249516,0
39,trip,3700,3725.410795394624,z31,z02,toy-0008766,,,False,46.019192641962626,0.0,43.73222105644644,0.35,7.273238618387272,0
51,trip,3700,3712.0089706448603,z21,z32,toy-0008784,,,False,19.406562236526597,0.0,18.32575487848916,0.35,3.2526911934581184,0
63,trip,3700,3708.8333333333335,z00,z10,toy-0008773,,,False,40.003385283925404,0.0,39.2083852839254,0.35,2.3,0
55,trip,3700,3708.8333333333335,z32,z31,toy-0008791,,,False,47.89500000000007,0.0,47.100000000000065,0.35,2.3,0
27,trip,3700,3718.309854494165,z02,z21,toy-0008787,,,False,31.85982781998348,0.0,30.211940915508624,0.35,5.142956348249516,0
56,trip,3700,3708.8333333333335,z32,z22,toy-0008792,,,False,47.89499999999994,0.0,47.09999999999994,0.35,2.3,0
43,trip,3700,3716.5,z22,z02,toy-0008789,,,False,37.90680411693806,0.0,36.42180411693806,0.35,4.6,0
49,trip,3700,3712.0089706448603,z31,z20,toy-0008785,,,False,16.41491453377399,0.0,15.334107175736555,0.35,3.2526911934581184,0
52,trip,3700,3708.8333333333335,z31,z21,toy-0008786,,,False,34.879588710789655,0.0,34.08458871078965,0.35,2.3,0
15,trip,3700,3730.6666666666665,z11,z31,toy-0008777,,,False,18.22699351780173,0.0,15.46699351780173,2.3,6.8999999999999995,0
67,trip,3700,3718.309854494165,z32,z20,toy-0008790,,,False,39.99641369840861,0.0,38.34852679393376,0.35,5.142956348249516,0
4,trip,3700,3722.851274623054,z20,z02,toy-0008775,,,False,27.261241518392588,0.0,25.204626802317716,0.35,6.505382386916237,0
29,trip,3700,3716.5,z11,z31,toy-0008780,,,False,40.33841883301305,0.0,38.85341883301305,0.35,4.6,0
13,trip,3700,3712.0089706448603,z20,z11,toy-0008774,,,False,37.85058845294268,0.0,36.76978109490525,0.35,3.2526911934581184,0
30,trip,3700,3708.8333333333335,z11,z12,toy-0008781,,,False,39.50060634037163,0.0,38.70560634037163,0.35,2.3,0
62,trip,3700,3716.5,z21,z01,toy-0008783,,,False,40.44197329882039,0.0,38.956973298820394,0.35,4.6,0
25,trip,3700,3718.5089706448603,z10,z02,toy-0008778,,,False,40.02183650025007,0.0,38.356029142212634,3.2526911934581184,2.3,0
58,trip,3700,3718.5089706448603,z10,z20,toy-0008779,,,False,27.887302496388322,0.0,26.221495138350885,2.3,3.2526911934581184,0
66,trip,3700,3718.5089706448603,z12,z22,toy-0008782,,,False,42.4063057374875,0.0,40.74049837945007,2.3,3.2526911934581184,0
16,trip,3700,3716.5,z30,z32,toy-0008776,,,False,38.4685833183393,0.0,36.9835833183393,0.35,4.6,0
70,trip,3700,3712.0089706448603,z12,z21,toy-0008788,,,False,46.06215982060334,0.0,44.98135246256591,0.35,3.2526911934581184,0
20,visit,3700,3720.3333333333335,z01,z01,,depot_west,local,False,20.551670197447976,0.0,19.171670197447977,4.6,0,0
45,visit,3700,3720.3333333333335,z22,z22,,hub_inner,local,False,30.7353898151633,0.0,29.3553898151633,4.6,0,0
0,visit,3700,3748.6846079563875,z21,z21,,depot_south,central,False,34.85910544755021,0.0,32.90749073147534,6.505382386916237,0,0
11,trip,3710,3734.1666666666665,z32,z02,toy-0008807,,,False,30.33891604668734,0.0,28.16391604668734,0.35,6.8999999999999995,0
26,trip,3710,3718.8333333333335,z31,z32,toy-0008803,,,False,43.05586559574663,0.0,42.26086559574663,0.35,2.3,0
42,trip,3710,3728.309854494165,z31,z12,toy-0008801,,,False,37.74130573748784,0.0,36.09341883301299,0.35,5.142956348249516,0
14,trip,3710,3735.410795394624,z01,z32,toy-0008797,,,False,26.220396674273537,0.0,23.933425088757357,0.35,7.273238618387272,0
48,trip,3710,3722.0089706448603,z31,z22,toy-0008802,,,False,40.338418833012824,0.0,39.25761147497539,0.35,3.2526911934581184,0
12,trip,3710,3722.0089706448603,z32,z21,toy-0008806,,,False,24.29483839375434,0.0,23.214031035716904,0.35,3.2526911934581184,0
35,trip,3710,3722.0089706448603,z00,z11,toy-0008793,,,False,41.289334151971346,0.0,40.20852679393391,0.35,3.2526911934581184,0
7,trip,3710,3718.8333333333335,z10,z00,toy-0008794,,,False,20.0325894385188,0.0,19.237589438518803,0.35,2.3,0
28,trip,3710,3718.8333333333335,z11,z21,toy-0008798,,,False,43.818356431394115,0.0,43.02335643139411,0.35,2.3,0
21,trip,3710,3722.0089706448603,z20,z31,toy-0008796,,,False,38.699367701059046,0.0,37.61856034302161,0.35,3.2526911934581184,0
8,trip,3710,3722.0089706448603,z22,z11,toy-0008805,,,False,17.592767326751236,0.0,16.5119599687138,0.35,3.2526911934581184,0
47,trip,3710,3718.8333333333335,z20,z21,toy-0008795,,,False,40.18419264196285,0.0,39.38919264196285,0.35,2.3,0
53,trip,3710,3718.8333333333335,z31,z30,toy-0008800,,,False,43.576305737487644,0.0,42.78130573748764,0.35,2.3,0
10,trip,3710,3728.309854494165,z02,z10,toy-0008804,,,False,31.779052845258,0.0,30.131165940783145,0.35,5.142956348249516,0
6,trip,3710,3718.8333333333335,z21,z31,toy-0008799,,,False,47.895000000000316,0.0,47.100000000000314,0.35,2.3,0
30,trip,3710,3718.8333333333335,z12,z22,toy-0008816,,,False,38.70560634037166,0.0,37.91060634037166,0.35,2.3,0
18,trip,3710,3718.8333333333335,z21,z11,toy-0008811,,,False,29.06864061718786,0.0,28.27364061718786,0.35,2.3,0
32,trip,3710,3732.851274623054,z10,z32,toy-0008808,,,False,34.364845707412655,0.0,32.30823099133779,0.35,6.505382386916237,0
71,trip,3710,3726.5,z20,z22,toy-0008809,,,False,45.34085408311554,0.0,43.85585408311554,0.35,4.6,0
78,trip,3710,3722.0089706448603,z21,z10,toy-0008810,,,False,46.81419264196284,0.0,45.73338528392541,0.35,3.2526911934581184,0
24,trip,3710,3725.3333333333335,z01,z12,toy-0008814,,,False,40.204724570500275,0.0,38.82472457050027,2.3,2.3,0
56,trip,3710,3722.0089706448603,z22,z31,toy-0008818,,,False,47.099999999999966,0.0,46.01919264196253,0.35,3.2526911934581184,0
54,trip,3710,3726.5,z31,z11,toy-0008813,,,False,39.63186417212329,0.0,38.14686417212329,0.35,4.6,0
81,trip,3710,3718.8333333333335,z21,z22,toy-0008812,,,False,47.8949999999998,0.0,47.099999999999795,0.35,2.3,0
75,trip,3710,3728.309854494165,z12,z31,toy-0008815,,,False,44.86711309552491,0.0,43.219226191050055,0.35,5.142956348249516,0
59,trip,3710,3718.8333333333335,z22,z21,toy-0008817,,,False,47.10000000000032,0.0,46.30500000000032,0.35,2.3,0
17,trip,3710,3718.8333333333335,z32,z31,toy-0008819,,,False,37.94264502406292,0.0,37.14764502406292,0.35,2.3,0
23,visit,3710,3725.0,z32,z32,,hub_waterfront,local,True,25.466138268909674,12.777777777777779,38.03391604668745,0.7,0,7.666666666666668
64,visit,3710,3730.3333333333335,z01,z01,,depot_west,local,False,31.999974041430647,0.0,30.61997404143065,4.6,0,0
52,visit,3710,3725.0,z21,z21,,hub_inner,local,True,34.08458871078968,12.777777777777779,46.65236648856746,0.7,0,7.666666666666668
63,visit,3710,3730.3333333333335,z10,z10,,depot_west,local,False,39.20838528392543,0.0,37.82838528392543,4.6,0,0
61,visit,3710,3725.0,z30,z30,,depot_south,,True,26.601016359633316,17.77777777777778,44.16879413741109,0.7,0,10.666666666666668
1,trip,3720,3728.8333333333335,z21,z20,toy-0008827,,,False,29.65810985442604,0.0,28.863109854426042,0.35,2.3,0
3,trip,3720,3728.8333333333335,z31,z21,toy-0008830,,,False,41.42519803441388,0.0,40.63019803441388,0.35,2.3,0
2,trip,3720,3738.309854494165,z20,z32,toy-0008823,,,False,26.545903687274365,0.0,24.89801678279951,0.35,5.142956348249516,0
16,trip,3720,3748.809226445224,z32,z00,toy-0008835,,,False,36.98358331833929,0.0,34.39075293826914,0.35,8.292767933567175,0
18,trip,3720,3738.309854494165,z11,z32,toy-0008826,,,False,28.273640617187887,0.0,26.62575371271303,0.35,5.142956348249516,0
44,trip,3720,3738.309854494165,z00,z21,toy-0008820,,,False,39.25310752287419,0.0,37.605220618399336,0.35,5.142956348249516,0
27,trip,3720,3732.0089706448603,z21,z12,toy-0008828,,,False,30.211940915508638,0.0,29.131133557471202,0.35,3.2526911934581184,0
6,trip,3720,3738.309854494165,z31,z10,toy-0008829,,,False,47.10000000000034,0.0,45.45211309552549,0.35,5.142956348249516,0
22,trip,3720,3728.8333333333335,z30,z20,toy-0008824,,,False,41.04619362753862,0.0,40.25119362753862,0.35,2.3,0
37,trip,3720,3728.8333333333335,z30,z31,toy-0008825,,,False,44.0854983794503,0.0,43.2904983794503,0.35,2.3,0
38,trip,3720,3728.8333333333335,z31,z32,toy-0008831,,,False,29.16660309927213,0.0,28.37160309927213,0.35,2.3,0
19,trip,3720,3728.8333333333335,z10,z20,toy-0008821,,,False,32.369118623540956,0.0,31.574118623540954,0.35,2.3,0
36,trip,3720,3736.5,z12,z32,toy-0008833,,,False,38.90932944053334,0.0,37.42432944053334,0.35,4.6,0
34,trip,3720,3744.809854494165,z11,z02,toy-0008822,,,False,46.41000000000039,0.0,44.177113095525534,2.3,5.142956348249516,0
60,trip,3720,3728.8333333333335,z22,z32,toy-0008834,,,False,45.83838528392522,0.0,45.04338528392522,0.35,2.3,0
25,trip,3720,3745.410795394624,z02,z31,toy-0008832,,,False,38.35602914221265,0.0,36.069057556696464,0.35,7.273238618387272,0
26,trip,3720,3736.5,z32,z30,toy-0008847,,,False,42.26086559574666,0.0,40.77586559574666,0.35,4.6,0
46,trip,3720,3744.809854494165,z11,z31,toy-0008836,,,False,30.14716739623977,0.0,27.914280491764913,2.3,5.142956348249516,0
49,trip,3720,3728.8333333333335,z20,z10,toy-0008838,,,False,15.334107175736568,0.0,14.539107175736568,0.35,2.3,0
65,trip,3720,3736.5,z11,z31,toy-0008840,,,False,40.05261147497523,0.0,38.56761147497523,0.35,4.6,0
66,trip,3720,3736.5,z22,z20,toy-0008845,,,False,40.74049837945008,0.0,39.25549837945008,0.35,4.6,0
28,trip,3720,3728.8333333333335,z21,z31,toy-0008841,,,False,43.02335643139414,0.0,42.22835643139414,0.35,2.3,0
72,trip,3720,3728.8333333333335,z22,z12,toy-0008846,,,False,44.86257792588803,0.0,44.06757792588803,0.35,2.3,0
55,trip,3720,3732.0089706448603,z31,z22,toy-0008844,,,False,47.100000000000094,0.0,46.01919264196266,0.35,3.2526911934581184,0
47,trip,3720,3732.0089706448603,z21,z32,toy-0008842,,,False,39.38919264196288,0.0,38.308385283925446,0.35,3.2526911934581184,0
58,trip,3720,3744.809854494165,z20,z22,toy-0008837,,,False,26.221495138350896,0.0,23.988608233876043,2.3,5.142956348249516,0
33,trip,3720,3738.5089706448603,z01,z00,toy-0008839,,,False,44.59922619105061,0.0,42.93341883301318,2.3,3.2526911934581184,0
68,trip,3720,3745.410795394624,z31,z00,toy-0008843,,,False,42.35919264196296,0.0,40.07222105644678,0.35,7.273238618387272,0
31,trip,3720,3728.8333333333335,z32,z22,toy-0008848,,,False,47.89499999999973,0.0,47.09999999999973,0.35,2.3,0
7,visit,3720,3735.0,z00,z00,,depot_west,local,True,19.237589438518828,12.777777777777779,31.80536721629661,0.7,0,7.666666666666668
13,visit,3720,3768.6846079563875,z11,z11,,depot_west,central,False,36.769781094905255,0.0,34.818166378830384,6.505382386916237,0,0
17,visit,3720,3762.3333333333335,z31,z31,,depot_south,central,False,37.147645024062946,0.0,35.76764502406294,4.6,0,0
30,visit,3720,3740.3333333333335,z22,z22,,hub_inner,local,False,37.910606340371686,0.0,36.53060634037168,4.6,0,0
67,visit,3720,3740.3333333333335,z20,z20,,depot_south,local,False,38.34852679393376,0.0,36.968526793933755,4.6,0,0
29,visit,3720,3735.0,z31,z31,,hub_core,local,True,38.853418833013045,9.25158116698695,47.894999999999996,0.7,0,5.550948700192171
41,visit,3720,3745.817962929977,z32,z32,,hub_waterfront,,False,12.29728400559387,35.80771599440613,47.895,0.7,0,21.484629596643675
51,visit,3720,3735.0,z32,z32,,hub_waterfront,,True,18.325754878489175,17.77777777777778,35.89353265626695,0.7,0,10.666666666666668
23,trip,3730,3742.0089706448603,z32,z21,toy-0008857,,,False,38.033916046687224,0.0,36.95310868864979,0.35,3.2526911934581184,0
24,trip,3730,3738.8333333333335,z12,z02,toy-0008852,,,False,38.8247245705003,0.0,38.0297245705003,0.35,2.3,0
21,trip,3730,3742.0089706448603,z31,z20,toy-0008850,,,False,37.61856034302162,0.0,36.53775298498419,0.35,3.2526911934581184,0
31,trip,3730,3742.0089706448603,z22,z31,toy-0008853,,,False,47.09999999999976,0.0,46.01919264196233,0.35,3.2526911934581184,0
38,trip,3730,3748.309854494165,z32,z11,toy-0008856,,,False,28.371603099272157,0.0,26.7237161947973,0.35,5.142956348249516,0
40,trip,3730,3755.410795394624,z32,z01,toy-0008855,,,False,44.01422619105005,0.0,41.727254605533865,0.35,7.273238618387272,0
60,trip,3730,3738.8333333333335,z32,z31,toy-0008858,,,False,45.04338528392525,0.0,44.248385283925245,0.35,2.3,0
28,trip,3730,3738.8333333333335,z31,z21,toy-0008851,,,False,42.22835643139417,0.0,41.43335643139417,0.35,2.3,0
83,trip,3730,3748.309854494165,z32,z20,toy-0008854,,,False,42.96000000000008,0.0,41.31211309552523,0.35,5.142956348249516,0
1,trip,3730,3738.8333333333335,z20,z30,toy-0008849,,,False,28.863109854426067,0.0,28.06810985442607,0.35,2.3,0
8,trip,3730,3742.0089706448603,z11,z22,toy-0008864,,,False,16.511959968713814,0.0,15.431152610676378,0.35,3.2526911934581184,0
37,trip,3730,3738.8333333333335,z31,z32,toy-0008867,,,False,43.29049837945033,0.0,42.495498379450325,0.35,2.3,0
53,trip,3730,3748.309854494165,z30,z11,toy-0008861,,,False,42.78130573748767,0.0,41.13341883301282,0.35,5.142956348249516,0
19,trip,3730,3742.0089706448603,z20,z31,toy-0008860,,,False,31.57411862354098,0.0,30.493311265503543,0.35,3.2526911934581184,0
3,trip,3730,3748.309854494165,z21,z02,toy-0008865,,,False,40.63019803441391,0.0,38.982311129939056,0.35,5.142956348249516,0
20,trip,3730,3748.309854494165,z01,z22,toy-0008863,,,False,19.171670197448,0.0,17.523783292973146,0.35,5.142956348249516,0
10,trip,3730,3746.5,z10,z12,toy-0008859,,,False,30.13116594078316,0.0,28.64616594078316,0.35,4.6,0
45,trip,3730,3748.309854494165,z22,z10,toy-0008869,,,False,29.355389815163324,0.0,27.70750291068847,0.35,5.142956348249516,0
42,trip,3730,3746.5,z12,z10,toy-0008868,,,False,36.09341883301299,0.0,34.60841883301299,0.35,4.6,0
57,trip,3730,3742.0089706448603,z30,z21,toy-0008862,,,False,40.711305737488004,0.0,39.63049837945057,0.35,3.2526911934581184,0
88,trip,3730,3752.851274623054,z32,z10,toy-0008870,,,False,39.32711835449155,0.0,37.270503638416685,0.35,6.505382386916237,0
56,trip,3730,3754.1666666666665,z31,z01,toy-0008866,,,False,46.01919264196254,0.0,43.84419264196254,0.35,6.8999999999999995,0
69,trip,3730,3753.0,z31,z12,toy-0008871,,,False,47.89499999999994,0.0,45.82499999999994,2.3,4.6,0
5,visit,3730,3772.3333333333335,z01,z01,,depot_west,central,False,20.79658875750574,0.0,19.416588757505743,4.6,0,0
12,visit,3730,3745.0,z21,z21,,hub_inner,local,True,23.214031035716918,12.777777777777779,35.7818088134947,0.7,0,7.666666666666668
48,visit,3730,3791.286375654997,z22,z22,,depot_south,central,False,39.2576114749754,0.0,36.17183766602569,10.285912696499032,0,0
35,visit,3730,3745.0,z11,z11,,hub_center,local,True,40.20852679393392,7.8964732060660765,47.894999999999996,0.7,0,4.737883923639646
82,visit,3730,3745.0,z21,z21,,hub_inner,local,True,44.234999999999786,3.87000000000021,47.894999999999996,0.7,0,2.322000000000126
78,visit,3730,3772.3333333333335,z10,z10,,depot_west,central,False,45.733385283925415,0.0,44.35338528392541,4.6,0,0
49,visit,3730,3767.8238690278913,z10,z10,,hub_center,,False,14.539107175736595,34.15089282426341,47.31,4.6,0,20.490535694558044
54,visit,3730,3745.0,z11,z11,,hub_center,,True,38.14686417212328,9.958135827876715,47.894999999999996,0.7,0,5.97488149672603
7,trip,3740,3765.410795394624,z00,z31,toy-0008872,,,False,31.805367216296382,0.0,29.5183956307802,0.35,7.273238618387272,0
55,trip,3740,3752.0089706448603,z22,z11,toy-0008881,,,False,46.01919264196267,0.0,44.938385283925236,0.35,3.2526911934581184,0
50,trip,3740,3764.1666666666665,z01,z31,toy-0008875,,,False,37.16271943589702,0.0,34.98771943589702,0.35,6.8999999999999995,0
71,trip,3740,3748.8333333333335,z22,z21,toy-0008882,,,False,43.85585408311553,0.0,43.06085408311553,0.35,2.3,0
6,trip,3740,3755.3333333333335,z10,z21,toy-0008876,,,False,45.45211309552549,0.0,44.07211309552549,2.3,2.3,0
15,trip,3740,3756.5,z31,z11,toy-0008879,,,False,15.466993517801743,0.0,13.981993517801744,0.35,4.6,0
77,trip,3740,3748.8333333333335,z22,z32,toy-0008883,,,False,44.07211309552546,0.0,43.27711309552546,0.35,2.3,0
1,trip,3740,3762.851274623054,z30,z12,toy-0008873,,,False,28.068109854426094,0.0,26.011495138351222,0.35,6.505382386916237,0
28,trip,3740,3748.8333333333335,z21,z31,toy-0008877,,,False,41.433356431394195,0.0,40.63835643139419,0.35,2.3,0
62,trip,3740,3756.5,z01,z21,toy-0008874,,,False,38.95697329882039,0.0,37.47197329882039,0.35,4.6,0
14,trip,3740,3748.8333333333335,z32,z31,toy-0008884,,,False,23.933425088757375,0.0,23.138425088757373,0.35,2.3,0
29,trip,3740,3758.309854494165,z31,z12,toy-0008880,,,False,47.89500000000022,0.0,46.24711309552537,0.35,5.142956348249516,0
44,trip,3740,3748.8333333333335,z21,z22,toy-0008878,,,False,37.605220618399336,0.0,36.810220618399335,0.35,2.3,0
27,trip,3740,3764.809854494165,z12,z30,toy-0008888,,,False,29.131133557471216,0.0,26.898246652996363,2.3,5.142956348249516,0
52,trip,3740,3764.809854494165,z21,z32,toy-0008890,,,False,46.652366488567225,0.0,44.41947958409237,2.3,5.142956348249516,0
59,trip,3740,3748.8333333333335,z21,z11,toy-0008892,,,False,46.30500000000035,0.0,45.510000000000346,0.35,2.3,0
63,trip,3740,3763.0,z10,z31,toy-0008889,,,False,37.82838528392546,0.0,35.75838528392546,2.3,4.6,0
9,trip,3740,3758.5089706448603,z00,z21,toy-0008885,,,False,43.21644608172104,0.0,41.550638723683605,2.3,3.2526911934581184,0
36,trip,3740,3748.8333333333335,z32,z22,toy-0008900,,,False,37.424329440533334,0.0,36.62932944053333,0.35,2.3,0
26,trip,3740,3758.309854494165,z30,z22,toy-0008887,,,False,40.77586559574665,0.0,39.1279786912718,0.35,5.142956348249516,0
37,trip,3740,3752.0089706448603,z32,z21,toy-0008899,,,False,42.49549837945035,0.0,41.41469102141292,0.35,3.2526911934581184,0
60,trip,3740,3748.8333333333335,z31,z32,toy-0008896,,,False,44.24838528392527,0.0,43.45338528392527,0.35,2.3,0
70,trip,3740,3752.0089706448603,z21,z32,toy-0008893,,,False,44.981352462565916,0.0,43.90054510452848,0.35,3.2526911934581184,0
22,trip,3740,3748.8333333333335,z20,z21,toy-0008886,,,False,40.25119362753865,0.0,39.456193627538646,0.35,2.3,0
72,trip,3740,3758.309854494165,z12,z31,toy-0008898,,,False,44.06757792588806,0.0,42.41969102141321,0.35,5.142956348249516,0
73,trip,3740,3752.0089706448603,z31,z22,toy-0008895,,,False,44.235000000000035,0.0,43.1541926419626,0.35,3.2526911934581184,0
74,trip,3740,3748.8333333333335,z31,z21,toy-0008894,,,False,40.96062421291841,0.0,40.16562421291841,0.35,2.3,0
87,trip,3740,3758.309854494165,z21,z00,toy-0008891,,,False,40.78761147497517,0.0,39.13972457050032,0.35,5.142956348249516,0
86,trip,3740,3762.851274623054,z12,z30,toy-0008897,,,False,37.31483253142167,0.0,35.2582178153468,0.35,6.505382386916237,0
2,visit,3740,3755.0,z32,z32,,hub_waterfront,local,True,24.898016782799523,12.777777777777779,37.4657945605773,0.7,0,7.666666666666668
18,visit,3740,3755.0,z32,z32,,hub_waterfront,local,True,26.625753712713045,12.777777777777779,39.19353149049082,0.7,0,7.666666666666668
65,visit,3740,3782.3333333333335,z31,z31,,depot_south,central,False,38.56761147497522,0.0,37.18761147497522,4.6,0,0
14,trip,3750,3762.0089706448603,z31,z20,toy-0008907,,,False,23.1384250887574,0.0,22.057617730719965,0.35,3.2526911934581184,0
21,trip,3750,3762.0089706448603,z20,z11,toy-0008902,,,False,36.537752984984195,0.0,35.45694562694676,0.35,3.2526911934581184,0
16,trip,3750,3758.8333333333335,z00,z01,toy-0008901,,,False,34.39075293826914,0.0,33.595752938269136,0.35,2.3,0
8,trip,3750,3762.0089706448603,z22,z31,toy-0008912,,,False,15.43115261067639,0.0,14.350345252638954,0.35,3.2526911934581184,0
20,trip,3750,3768.309854494165,z22,z01,toy-0008911,,,False,17.52378329297316,0.0,15.875896388498305,0.35,5.142956348249516,0
19,trip,3750,3768.309854494165,z31,z10,toy-0008906,,,False,30.493311265503557,0.0,28.8454243610287,0.35,5.142956348249516,0
64,trip,3750,3758.8333333333335,z01,z11,toy-0008904,,,False,30.619974041430673,0.0,29.82497404143067,0.35,2.3,0
3,trip,3750,3768.5089706448603,z02,z21,toy-0008910,,,False,38.982311129939056,0.0,37.31650377190162,2.3,3.2526911934581184,0
25,trip,3750,3758.8333333333335,z31,z30,toy-0008908,,,False,36.06905755669648,0.0,35.27405755669648,0.35,2.3,0
66,trip,3750,3768.309854494165,z20,z32,toy-0008903,,,False,39.255498379450074,0.0,37.60761147497522,0.35,5.142956348249516,0
4,trip,3750,3774.809854494165,z02,z20,toy-0008909,,,False,25.20462680231773,0.0,22.971739897842873,2.3,5.142956348249516,0
0,trip,3750,3758.8333333333335,z21,z20,toy-0008905,,,False,32.90749073147534,0.0,32.11249073147534,0.35,2.3,0
41,trip,3750,3768.309854494165,z32,z11,toy-0008924,,,False,47.89499999999985,0.0,46.247113095524995,0.35,5.142956348249516,0
67,trip,3750,3762.0089706448603,z20,z31,toy-0008915,,,False,36.96852679393379,0.0,35.88771943589636,0.35,3.2526911934581184,0
61,trip,3750,3766.5,z30,z32,toy-0008918,,,False,44.16879413741086,0.0,42.683794137410864,0.35,4.6,0
33,trip,3750,3778.809226445224,z00,z32,toy-0008913,,,False,42.93341883301319,0.0,40.34058845294304,0.35,8.292767933567175,0
12,trip,3750,3762.0089706448603,z21,z30,toy-0008921,,,False,35.781808813494465,0.0,34.70100145545703,0.35,3.2526911934581184,0
80,trip,3750,3768.309854494165,z20,z12,toy-0008916,,,False,42.27130745079156,0.0,40.62342054631671,0.35,5.142956348249516,0
83,trip,3750,3766.5,z20,z22,toy-0008917,,,False,41.31211309552523,0.0,39.82711309552523,0.35,4.6,0
35,trip,3750,3762.0089706448603,z11,z20,toy-0008920,,,False,47.895000000000366,0.0,46.81419264196293,0.35,3.2526911934581184,0
11,trip,3750,3774.1666666666665,z02,z32,toy-0008923,,,False,28.16391604668736,0.0,25.988916046687358,0.35,6.8999999999999995,0
47,trip,3750,3758.8333333333335,z32,z31,toy-0008925,,,False,38.30838528392545,0.0,37.51338528392545,0.35,2.3,0
22,trip,3750,3758.8333333333335,z21,z31,toy-0008922,,,False,39.456193627538674,0.0,38.66119362753867,0.35,2.3,0
42,trip,3750,3758.8333333333335,z10,z11,toy-0008914,,,False,34.60841883301298,0.0,33.81341883301298,0.35,2.3,0
24,trip,3750,3765.3333333333335,z02,z00,toy-0008919,,,False,38.02972457050033,0.0,36.649724570500325,2.3,2.3,0
10,visit,3750,3811.286375654997,z12,z12,,depot_west,central,False,28.64616594078316,0.0,25.56039213183345,10.285912696499032,0,0
32,visit,3750,3765.0,z32,z32,,hub_waterfront,local,True,32.308230991337794,12.777777777777779,44.87600876911557,0.7,0,7.666666666666668
36,visit,3750,3811.286375654997,z22,z22,,depot_south,central,False,36.62932944053336,0.0,33.54355563158365,10.285912696499032,0,0
28,visit,3750,3765.0,z31,z31,,hub_core,local,True,40.63835643139422,7.466643568605775,47.894999999999996,0.7,0,4.479986141163465
38,visit,3750,3765.0,z11,z11,,hub_center,,True,26.723716194797316,17.77777777777778,44.29149397257509,0.7,0,10.666666666666668
46,visit,3750,3765.0,z31,z31,,hub_core,,True,27.914280491764924,17.77777777777778,45.4820582695427,0.7,0,10.666666666666668
23,visit,3750,3765.0,z21,z21,,hub_inner,,True,36.9531086886498,11.151891311350198,47.894999999999996,0.7,0,6.691134786810119
2,trip,3760,3778.309854494165,z32,z20,toy-0008944,,,False,37.46579456057707,0.0,35.81790765610222,0.35,5.142956348249516,0
6,trip,3760,3776.5,z21,z01,toy-0008933,,,False,44.072113095525516,0.0,42.58711309552552,0.35,4.6,0
26,trip,3760,3776.5,z22,z20,toy-0008943,,,False,39.1279786912718,0.0,37.6429786912718,0.35,4.6,0
45,trip,3760,3778.309854494165,z10,z31,toy-0008927,,,False,27.707502910688483,0.0,26.059616006213627,0.35,5.142956348249516,0
29,trip,3760,3768.8333333333335,z12,z11,toy-0008940,,,False,46.24711309552537,0.0,45.45211309552537,0.35,2.3,0
25,trip,3760,3768.8333333333335,z30,z31,toy-0008929,,,False,35.274057556696505,0.0,34.4790575566965,0.35,2.3,0
42,trip,3760,3768.8333333333335,z11,z01,toy-0008931,,,False,33.81341883301301,0.0,33.01841883301301,0.35,2.3,0
16,trip,3760,3785.410795394624,z01,z32,toy-0008930,,,False,33.595752938269165,0.0,31.308781352752984,0.35,7.273238618387272,0
30,trip,3760,3783.0,z22,z32,toy-0008942,,,False,36.53060634037172,0.0,34.46060634037172,2.3,4.6,0
22,trip,3760,3772.0089706448603,z31,z22,toy-0008938,,,False,38.6611936275387,0.0,37.58038626950127,0.35,3.2526911934581184,0
68,trip,3760,3782.851274623054,z00,z22,toy-0008926,,,False,40.07222105644679,0.0,38.015606340371924,0.35,6.505382386916237,0
31,trip,3760,3768.8333333333335,z31,z21,toy-0008936,,,False,46.019192641962334,0.0,45.22419264196233,0.35,2.3,0
9,trip,3760,3772.0089706448603,z21,z12,toy-0008934,,,False,41.55063872368362,0.0,40.469831365646186,0.35,3.2526911934581184,0
47,trip,3760,3785.410795394624,z31,z02,toy-0008937,,,False,37.51338528392548,0.0,35.226413698409296,0.35,7.273238618387272,0
72,trip,3760,3768.8333333333335,z31,z32,toy-0008939,,,False,42.41969102141321,0.0,41.624691021413206,0.35,2.3,0
34,trip,3760,3775.3333333333335,z02,z22,toy-0008941,,,False,44.17711309552555,0.0,42.797113095525546,2.3,2.3,0
75,trip,3760,3776.5,z31,z11,toy-0008935,,,False,43.219226191050055,0.0,41.734226191050055,0.35,4.6,0
88,trip,3760,3782.851274623054,z10,z32,toy-0008928,,,False,37.27050363841669,0.0,35.21388892234182,0.35,6.505382386916237,0
37,trip,3760,3772.0089706448603,z21,z10,toy-0008932,,,False,41.41469102141293,0.0,40.333883663375495,0.35,3.2526911934581184,0
44,trip,3760,3768.8333333333335,z22,z21,toy-0008954,,,False,36.81022061839936,0.0,36.01522061839936,0.35,2.3,0
87,trip,3760,3776.5,z00,z20,toy-0008945,,,False,39.13972457050032,0.0,37.65472457050032,0.35,4.6,0
58,trip,3760,3772.0089706448603,z22,z31,toy-0008955,,,False,23.98860823387605,0.0,22.907800875838614,0.35,3.2526911934581184,0
53,trip,3760,3768.8333333333335,z11,z10,toy-0008947,,,False,41.13341883301282,0.0,40.33841883301282,0.35,2.3,0
73,trip,3760,3778.309854494165,z22,z30,toy-0008953,,,False,43.15419264196261,0.0,41.50630573748776,0.35,5.142956348249516,0
40,trip,3760,3778.309854494165,z01,z20,toy-0008946,,,False,41.72725460553388,0.0,40.07936770105903,0.35,5.142956348249516,0
79,trip,3760,3778.309854494165,z31,z12,toy-0008952,,,False,43.605498379450054,0.0,41.9576114749752,0.35,5.142956348249516,0
81,trip,3760,3768.8333333333335,z22,z32,toy-0008956,,,False,47.099999999999824,0.0,46.30499999999982,0.35,2.3,0
54,trip,3760,3768.8333333333335,z11,z12,toy-0008949,,,False,47.89500000000011,0.0,47.10000000000011,0.35,2.3,0
18,trip,3760,3768.8333333333335,z32,z31,toy-0008958,,,False,39.19353149049059,0.0,38.39853149049059,0.35,2.3,0
57,trip,3760,3768.8333333333335,z21,z22,toy-0008950,,,False,39.63049837945058,0.0,38.83549837945058,0.35,2.3,0
62,trip,3760,3772.0089706448603,z21,z32,toy-0008951,,,False,37.47197329882038,0.0,36.39116594078295,0.35,3.2526911934581184,0
51,trip,3760,3772.0089706448603,z32,z21,toy-0008957,,,False,35.89353265626672,0.0,34.81272529822929,0.35,3.2526911934581184,0
55,trip,3760,3776.5,z11,z31,toy-0008948,,,False,44.93838528392524,0.0,43.45338528392524,0.35,4.6,0
15,visit,3760,3787.8071372226523,z11,z11,,hub_center,local,False,13.981993517801744,34.12300648219826,47.895,0.7,0,20.473803889318955
69,visit,3760,3786.6846079563875,z12,z12,,hub_inner,local,False,45.82499999999994,0.0,43.87338528392507,6.505382386916237,0,0
3,trip,3770,3778.8333333333335,z21,z31,toy-0008963,,,False,37.31650377190164,0.0,36.521503771901635,0.35,2.3,0
7,trip,3770,3794.1666666666665,z31,z01,toy-0008964,,,False,29.51839563078022,0.0,27.34339563078022,0.35,6.8999999999999995,0
8,trip,3770,3778.8333333333335,z31,z32,toy-0008965,,,False,14.350345252638967,0.0,13.555345252638967,0.35,2.3,0
13,trip,3770,3788.309854494165,z11,z32,toy-0008962,,,False,34.818166378830384,0.0,33.17027947435553,0.35,5.142956348249516,0
29,trip,3770,3778.8333333333335,z11,z21,toy-0008960,,,False,45.4521130955254,0.0,44.657113095525396,0.35,2.3,0
32,trip,3770,3778.8333333333335,z32,z22,toy-0008966,,,False,44.87600876911534,0.0,44.081008769115336,0.35,2.3,0
38,trip,3770,3782.0089706448603,z11,z22,toy-0008961,,,False,44.29149397257486,0.0,43.21068661453743,0.35,3.2526911934581184,0
0,trip,3770,3788.309854494165,z20,z01,toy-0008959,,,False,32.11249073147537,0.0,30.464603827000513,0.35,5.142956348249516,0
39,trip,3770,3795.410795394624,z02,z31,toy-0008971,,,False,43.732221056446456,0.0,41.44524947093027,0.35,7.273238618387272,0
52,trip,3770,3786.5,z32,z12,toy-0008977,,,False,44.419479584092386,0.0,42.93447958409239,0.35,4.6,0
1,trip,3770,3788.309854494165,z12,z31,toy-0008973,,,False,26.011495138351236,0.0,24.36360823387638,0.35,5.142956348249516,0
17,trip,3770,3782.0089706448603,z31,z20,toy-0008968,,,False,35.76764502406298,0.0,34.686837666025546,0.35,3.2526911934581184,0
60,trip,3770,3792.851274623054,z32,z10,toy-0008976,,,False,43.4533852839253,0.0,41.39677056785043,0.35,6.505382386916237,0
83,trip,3770,3782.0089706448603,z22,z11,toy-0008974,,,False,39.82711309552522,0.0,38.74630573748779,0.35,3.2526911934581184,0
18,trip,3770,3795.410795394624,z31,z00,toy-0008967,,,False,38.39853149049062,0.0,36.111559904974435,0.35,7.273238618387272,0
43,trip,3770,3786.5,z02,z22,toy-0008972,,,False,36.421804116938056,0.0,34.936804116938056,0.35,4.6,0
89,trip,3770,3778.8333333333335,z22,z12,toy-0008975,,,False,42.52922619105023,0.0,41.734226191050226,0.35,2.3,0
28,trip,3770,3778.8333333333335,z31,z21,toy-0008969,,,False,47.894999999999925,0.0,47.09999999999992,0.35,2.3,0
46,trip,3770,3782.0089706448603,z31,z22,toy-0008970,,,False,45.48205826954247,0.0,44.40125091150504,0.35,3.2526911934581184,0
14,visit,3770,3790.3333333333335,z20,z20,,depot_south,local,False,22.05761773071998,0.0,20.67761773071998,4.6,0,0
42,visit,3770,3790.3333333333335,z01,z01,,depot_west,local,False,33.01841883301304,0.0,31.638418833013038,4.6,0,0
25,visit,3770,3785.0,z31,z31,,hub_core,local,True,34.47905755669653,12.777777777777779,47.04683533447431,0.7,0,7.666666666666668
21,visit,3770,3785.0,z11,z11,,hub_center,local,True,35.45694562694677,12.648054373053226,47.894999999999996,0.7,0,7.588832623831936
24,visit,3770,3785.0,z00,z00,,depot_west,local,True,36.649724570500354,11.455275429499643,47.894999999999996,0.7,0,6.873165257699786
57,visit,3770,3790.3333333333335,z22,z22,,hub_inner,local,False,38.835498379450605,0.0,37.4554983794506,4.6,0,0
27,visit,3770,3785.0,z30,z30,,depot_south,,True,26.89824665299637,17.77777777777778,44.46602443077415,0.7,0,10.666666666666668
64,visit,3770,3785.0,z11,z11,,hub_center,,True,29.8249740414307,17.77777777777778,47.39275181920848,0.7,0,10.666666666666668
12,visit,3770,3785.0,z30,z30,,depot_south,,True,34.70100145545704,13.403998544542958,47.894999999999996,0.7,0,8.042399126725774
50,visit,3770,3785.0,z31,z31,,hub_core,,True,34.98771943589703,13.11728056410297,47.894999999999996,0.7,0,7.870368338461782
63,visit,3770,3785.0,z31,z31,,hub_core,,True,35.75838528392546,12.346614716074534,47.894999999999996,0.7,0,7.40796882964472
44,visit,3770,3785.0,z21,z21,,hub_inner,,True,36.01522061839939,12.089779381600607,47.894999999999996,0.7,0,7.253867628960364
66,visit,3770,3785.0,z32,z32,,hub_waterfront,,True,37.60761147497522,10.497388525024775,47.894999999999996,0.7,0,6.2984331150148645
23,trip,3780,3792.0089706448603,z21,z32,toy-0008988,,,False,47.894999999999705,0.0,46.81419264196227,0.35,3.2526911934581184,0
19,trip,3780,3798.309854494165,z10,z22,toy-0008978,,,False,28.845424361028716,0.0,27.19753745655386,0.35,5.142956348249516,0
2,trip,3780,3798.309854494165,z20,z32,toy-0008982,,,False,35.81790765610222,0.0,34.17002075162737,0.35,5.142956348249516,0
45,trip,3780,3796.5,z31,z11,toy-0008989,,,False,26.05961600621364,0.0,24.574616006213642,0.35,4.6,0
5,trip,3780,3805.410795394624,z01,z30,toy-0008984,,,False,19.416588757505767,0.0,17.129617171989587,0.35,7.273238618387272,0
22,trip,3780,3802.851274623054,z22,z00,toy-0008990,,,False,37.580386269501275,0.0,35.52377155342641,0.35,6.505382386916237,0
6,trip,3780,3804.1666666666665,z01,z31,toy-0008985,,,False,42.58711309552551,0.0,40.41211309552551,0.35,6.8999999999999995,0
4,trip,3780,3788.8333333333335,z20,z21,toy-0008980,,,False,22.971739897842884,0.0,22.176739897842886,0.35,2.3,0
8,trip,3780,3796.5,z32,z30,toy-0008993,,,False,13.555345252638993,0.0,12.070345252638994,0.35,4.6,0
11,trip,3780,3808.809226445224,z32,z00,toy-0008992,,,False,25.988916046687375,0.0,23.396085666617225,0.35,8.292767933567175,0
28,trip,3780,3788.8333333333335,z21,z11,toy-0008986,,,False,47.09999999999995,0.0,46.30499999999995,0.35,2.3,0
26,trip,3780,3792.0089706448603,z20,z31,toy-0008981,,,False,37.64297869127179,0.0,36.56217133323436,0.35,3.2526911934581184,0
32,trip,3780,3792.0089706448603,z22,z31,toy-0008991,,,False,44.081008769115364,0.0,43.00020141107793,0.35,3.2526911934581184,0
29,trip,3780,3788.8333333333335,z21,z31,toy-0008987,,,False,44.657113095525425,0.0,43.86211309552542,0.35,2.3,0
33,trip,3780,3788.8333333333335,z32,z31,toy-0008996,,,False,40.34058845294304,0.0,39.545588452943036,0.35,2.3,0
61,trip,3780,3805.410795394624,z32,z01,toy-0008994,,,False,42.68379413741086,0.0,40.39682255189467,0.35,7.273238618387272,0
35,trip,3780,3796.5,z20,z00,toy-0008979,,,False,46.81419264196294,0.0,45.32919264196294,0.35,4.6,0
62,trip,3780,3798.309854494165,z32,z11,toy-0008995,,,False,36.391165940782955,0.0,34.7432790363081,0.35,5.142956348249516,0
73,trip,3780,3805.410795394624,z30,z01,toy-0008983,,,False,41.50630573748776,0.0,39.21933415197157,0.35,7.273238618387272,0
55,trip,3780,3788.8333333333335,z31,z32,toy-0009000,,,False,43.453385283925236,0.0,42.658385283925234,0.35,2.3,0
70,trip,3780,3792.0089706448603,z32,z21,toy-0009003,,,False,43.90054510452849,0.0,42.81973774649106,0.35,3.2526911934581184,0
41,trip,3780,3796.5,z11,z31,toy-0008997,,,False,46.247113095524995,0.0,44.762113095524995,0.35,4.6,0
31,trip,3780,3788.8333333333335,z21,z20,toy-0008998,,,False,45.22419264196236,0.0,44.42919264196236,0.35,2.3,0
72,trip,3780,3804.1666666666665,z32,z02,toy-0009004,,,False,41.624691021413234,0.0,39.44969102141324,0.35,6.8999999999999995,0
58,trip,3780,3798.309854494165,z31,z10,toy-0008999,,,False,22.90780087583863,0.0,21.259913971363773,0.35,5.142956348249516,0
34,trip,3780,3788.8333333333335,z22,z21,toy-0009001,,,False,42.797113095525575,0.0,42.00211309552557,0.35,2.3,0
9,trip,3780,3795.3333333333335,z12,z32,toy-0009002,,,False,40.46983136564619,0.0,39.08983136564619,2.3,2.3,0
4,trip,3790,3798.8333333333335,z21,z22,toy-0009008,,,False,22.17673989784291,0.0,21.381739897842913,0.35,2.3,0
37,trip,3790,3808.309854494165,z10,z31,toy-0009006,,,False,40.3338836633755,0.0,38.68599675890065,0.35,5.142956348249516,0
1,trip,3790,3798.8333333333335,z31,z30,toy-0009009,,,False,24.363608233876395,0.0,23.568608233876397,0.35,2.3,0
38,trip,3790,3808.309854494165,z22,z10,toy-0009014,,,False,43.21068661453744,0.0,41.562799710062585,0.35,5.142956348249516,0
17,trip,3790,3806.5,z20,z22,toy-0009007,,,False,34.68683766602555,0.0,33.201837666025554,0.35,4.6,0
25,trip,3790,3802.0089706448603,z31,z22,toy-0009011,,,False,47.046835334474075,0.0,45.96602797643664,0.35,3.2526911934581184,0
52,trip,3790,3802.0089706448603,z12,z21,toy-0009013,,,False,42.93447958409238,0.0,41.85367222605495,0.35,3.2526911934581184,0
47,trip,3790,3808.309854494165,z02,z21,toy-0009012,,,False,35.22641369840931,0.0,33.57852679393446,0.35,5.142956348249516,0
13,trip,3790,3798.8333333333335,z32,z22,toy-0009017,,,False,33.17027947435553,0.0,32.37527947435553,0.35,2.3,0
24,trip,3790,3815.410795394624,z00,z31,toy-0009005,,,False,47.8950000000001,0.0,45.60802841448392,0.35,7.273238618387272,0
29,trip,3790,3798.8333333333335,z31,z21,toy-0009010,,,False,43.86211309552545,0.0,43.06711309552545,0.35,2.3,0
16,trip,3790,3808.309854494165,z32,z20,toy-0009015,,,False,31.308781352752995,0.0,29.66089444827814,0.35,5.142956348249516,0
30,trip,3790,3798.8333333333335,z32,z31,toy-0009016,,,False,34.46060634037172,0.0,33.66560634037172,0.35,2.3,0
54,trip,3790,3802.0089706448603,z12,z01,toy-0009037,,,False,47.100000000000136,0.0,46.019192641962704,0.35,3.2526911934581184,0
0,trip,3790,3802.0089706448603,z01,z12,toy-0009028,,,False,30.464603827000523,0.0,29.383796468963087,0.35,3.2526911934581184,0
20,trip,3790,3808.309854494165,z01,z22,toy-0009029,,,False,15.875896388498317,0.0,14.228009484023463,0.35,5.142956348249516,0
69,trip,3790,3806.5,z12,z32,toy-0009038,,,False,43.87338528392507,0.0,42.38838528392507,0.35,4.6,0
49,trip,3790,3798.8333333333335,z10,z20,toy-0009020,,,False,47.309999999999654,0.0,46.51499999999965,0.35,2.3,0
53,trip,3790,3820.6666666666665,z10,z30,toy-0009018,,,False,40.338418833012845,0.0,37.57841883301285,2.3,6.8999999999999995,0
33,trip,3790,3802.0089706448603,z31,z20,toy-0009032,,,False,39.545588452943065,0.0,38.46478109490563,0.35,3.2526911934581184,0
78,trip,3790,3802.0089706448603,z10,z01,toy-0009021,,,False,44.35338528392545,0.0,43.272577925888015,0.35,3.2526911934581184,0
43,trip,3790,3806.5,z22,z20,toy-0009039,,,False,34.93680411693805,0.0,33.45180411693805,0.35,4.6,0
12,trip,3790,3802.0089706448603,z30,z21,toy-0009025,,,False,47.89499999999996,0.0,46.81419264196253,0.35,3.2526911934581184,0
15,trip,3790,3808.5089706448603,z11,z21,toy-0009022,,,False,47.89499999999975,0.0,46.229192641962314,2.3,3.2526911934581184,0
50,trip,3790,3798.8333333333335,z31,z32,toy-0009035,,,False,47.89500000000031,0.0,47.10000000000031,0.35,2.3,0
56,trip,3790,3802.0089706448603,z01,z10,toy-0009026,,,False,43.84419264196255,0.0,42.76338528392512,0.35,3.2526911934581184,0
63,trip,3790,3806.5,z31,z11,toy-0009033,,,False,47.89499999999996,0.0,46.40999999999996,0.35,4.6,0
21,trip,3790,3813.0,z11,z21,toy-0009027,,,False,47.89499999999992,0.0,45.82499999999992,2.3,4.6,0
79,trip,3790,3808.5089706448603,z12,z11,toy-0009036,,,False,41.9576114749752,0.0,40.29180411693777,2.3,3.2526911934581184,0
28,trip,3790,3817.985491805692,z11,z21,toy-0009019,,,False,46.30499999999998,0.0,43.78630573748769,3.2526911934581184,5.142956348249516,0
59,trip,3790,3808.309854494165,z11,z32,toy-0009030,,,False,45.510000000000375,0.0,43.86211309552552,0.35,5.142956348249516,0
27,trip,3790,3814.1666666666665,z30,z00,toy-0009024,,,False,44.46602443077392,0.0,42.29102443077392,0.35,6.8999999999999995,0
31,trip,3790,3802.0089706448603,z20,z11,toy-0009023,,,False,44.42919264196239,0.0,43.348385283924955,0.35,3.2526911934581184,0
34,trip,3790,3798.8333333333335,z21,z31,toy-0009031,,,False,42.0021130955256,0.0,41.2071130955256,0.35,2.3,0
46,trip,3790,3802.0089706448603,z22,z31,toy-0009040,,,False,44.401250911505045,0.0,43.32044355346761,0.35,3.2526911934581184,0
65,trip,3790,3808.309854494165,z31,z12,toy-0009034,,,False,37.187611474975256,0.0,35.539724570500404,0.35,5.142956348249516,0
3,visit,3790,3805.0,z31,z31,,hub_core,local,True,36.52150377190166,11.583496228098333,47.894999999999996,0.7,0,6.950097736859
75,visit,3790,3805.0,z11,z11,,hub_center,local,True,41.73422619105005,6.370773808949949,47.894999999999996,0.7,0,3.822464285369969
51,visit,3790,3805.0,z21,z21,,hub_inner,,True,34.812725298229296,13.292274701770701,47.894999999999996,0.7,0,7.975364821062421
88,visit,3790,3805.0,z32,z32,,hub_waterfront,,True,35.21388892234183,12.891111077658167,47.894999999999996,0.7,0,7.7346666465949
86,visit,3790,3805.0,z30,z30,,depot_south,,True,35.25821781534681,12.846782184653186,47.894999999999996,0.7,0,7.708069310791911
67,visit,3790,3805.0,z31,z31,,hub_core,,True,35.887719435896365,12.21728056410363,47.894999999999996,0.7,0,7.330368338462178
83,visit,3790,3805.0,z11,z11,,hub_center,,True,38.746305737487795,9.358694262512204,47.894999999999996,0.7,0,5.615216557507321
45,trip,3800,3808.8333333333335,z11,z21,toy-0009047,,,False,24.574616006213642,0.0,23.779616006213644,0.35,2.3,0
2,trip,3800,3808.8333333333335,z32,z31,toy-0009057,,,False,34.17002075162737,0.0,33.37502075162737,0.35,2.3,0
7,trip,3800,3825.410795394624,z01,z32,toy-0009045,,,False,27.343395630780236,0.0,25.056424045264055,0.35,7.273238618387272,0
64,trip,3800,3812.0089706448603,z11,z20,toy-0009046,,,False,47.39275181920825,0.0,46.31194446117082,0.35,3.2526911934581184,0
4,trip,3800,3808.8333333333335,z22,z32,toy-0009055,,,False,21.381739897842937,0.0,20.58673989784294,0.35,2.3,0
29,trip,3800,3812.0089706448603,z21,z32,toy-0009050,,,False,43.06711309552548,0.0,41.986305737488046,0.35,3.2526911934581184,0
44,trip,3800,3812.0089706448603,z21,z12,toy-0009049,,,False,47.89500000000025,0.0,46.81419264196282,0.35,3.2526911934581184,0
42,trip,3800,3823.0,z01,z31,toy-0009048,,,False,31.638418833013066,0.0,29.568418833013066,2.3,4.6,0
26,trip,3800,3808.8333333333335,z31,z21,toy-0009052,,,False,36.56217133323437,0.0,35.767171333234366,0.35,2.3,0
13,trip,3800,3816.5,z22,z02,toy-0009054,,,False,32.37527947435556,0.0,30.89027947435556,0.35,4.6,0
14,trip,3800,3812.0089706448603,z20,z31,toy-0009043,,,False,20.677617730720005,0.0,19.59681037268257,0.35,3.2526911934581184,0
1,trip,3800,3808.8333333333335,z30,z31,toy-0009044,,,False,23.56860823387642,0.0,22.773608233876423,0.35,2.3,0
60,trip,3800,3822.851274623054,z10,z32,toy-0009041,,,False,41.39677056785044,0.0,39.34015585177557,0.35,6.505382386916237,0
80,trip,3800,3818.309854494165,z12,z31,toy-0009053,,,False,40.62342054631671,0.0,38.97553364184186,0.35,5.142956348249516,0
30,trip,3800,3824.1666666666665,z31,z01,toy-0009051,,,False,33.665606340371745,0.0,31.490606340371745,0.35,6.8999999999999995,0
40,trip,3800,3808.8333333333335,z20,z10,toy-0009042,,,False,40.07936770105903,0.0,39.284367701059026,0.35,2.3,0
9,trip,3800,3812.0089706448603,z32,z21,toy-0009056,,,False,39.08983136564622,0.0,38.00902400760879,0.35,3.2526911934581184,0
32,trip,3800,3812.0089706448603,z31,z22,toy-0009066,,,False,43.00020141107794,0.0,41.919394053040506,0.35,3.2526911934581184,0
49,trip,3800,3818.309854494165,z20,z32,toy-0009060,,,False,46.51499999999968,0.0,44.86711309552483,0.35,5.142956348249516,0
19,trip,3800,3812.0089706448603,z22,z11,toy-0009070,,,False,27.197537456553874,0.0,26.116730098516438,0.35,3.2526911934581184,0
48,trip,3800,3818.309854494165,z22,z01,toy-0009069,,,False,36.17183766602568,0.0,34.52395076155083,0.35,5.142956348249516,0
89,trip,3800,3808.8333333333335,z12,z22,toy-0009068,,,False,41.734226191050254,0.0,40.93922619105025,0.35,2.3,0
70,trip,3800,3818.5089706448603,z21,z22,toy-0009062,,,False,42.819737746491064,0.0,41.15393038845363,2.3,3.2526911934581184,0
34,trip,3800,3808.8333333333335,z31,z32,toy-0009067,,,False,41.20711309552563,0.0,40.412113095525626,0.35,2.3,0
57,trip,3800,3808.8333333333335,z22,z21,toy-0009071,,,False,37.45549837945064,0.0,36.66049837945064,0.35,2.3,0
8,trip,3800,3816.5,z30,z32,toy-0009061,,,False,12.070345252638994,0.0,10.585345252638994,0.35,4.6,0
23,trip,3800,3808.8333333333335,z32,z22,toy-0009073,,,False,46.81419264196228,0.0,46.01919264196228,0.35,2.3,0
71,trip,3800,3808.8333333333335,z21,z11,toy-0009064,,,False,43.06085408311556,0.0,42.265854083115556,0.35,2.3,0
74,trip,3800,3808.8333333333335,z21,z31,toy-0009065,,,False,40.16562421291844,0.0,39.370624212918436,0.35,2.3,0
82,trip,3800,3812.0089706448603,z21,z10,toy-0009063,,,False,47.895,0.0,46.81419264196257,0.35,3.2526911934581184,0
18,trip,3800,3818.309854494165,z00,z12,toy-0009058,,,False,36.11155990497445,0.0,34.4636730004996,0.35,5.142956348249516,0
50,trip,3800,3818.309854494165,z32,z11,toy-0009072,,,False,47.100000000000335,0.0,45.45211309552548,0.35,5.142956348249516,0
87,trip,3800,3808.8333333333335,z20,z21,toy-0009059,,,False,37.65472457050031,0.0,36.85972457050031,0.35,2.3,0
58,visit,3800,3820.3333333333335,z10,z10,,depot_west,local,False,21.259913971363787,0.0,19.879913971363788,4.6,0,0
62,visit,3800,3815.0,z11,z11,,hub_center,local,True,34.7432790363081,12.777777777777779,47.31105681408588,0.7,0,7.666666666666668
41,visit,3800,3815.0,z31,z31,,hub_core,local,True,44.76211309552499,3.3428869044750087,47.894999999999996,0.7,0,2.005732142685005
2,trip,3810,3835.410795394624,z31,z02,toy-0009084,,,False,33.375020751627396,0.0,31.088049166111215,0.35,7.273238618387272,0
31,trip,3810,3822.0089706448603,z11,z02,toy-0009078,,,False,43.34838528392496,0.0,42.26757792588753,0.35,3.2526911934581184,0
12,trip,3810,3826.5,z21,z01,toy-0009080,,,False,46.814192641962535,0.0,45.329192641962536,0.35,4.6,0
0,trip,3810,3828.309854494165,z12,z20,toy-0009086,,,False,29.3837964689631,0.0,27.735909564488246,0.35,5.142956348249516,0
3,trip,3810,3828.309854494165,z31,z10,toy-0009082,,,False,47.89499999999982,0.0,46.247113095524966,0.35,5.142956348249516,0
61,trip,3810,3834.1666666666665,z01,z31,toy-0009077,,,False,40.39682255189469,0.0,38.22182255189469,0.35,6.8999999999999995,0
17,trip,3810,3822.0089706448603,z22,z31,toy-0009087,,,False,33.20183766602555,0.0,32.121030307988114,0.35,3.2526911934581184,0
6,trip,3810,3822.0089706448603,z31,z20,toy-0009083,,,False,40.41211309552552,0.0,39.33130573748809,0.35,3.2526911934581184,0
5,trip,3810,3828.309854494165,z30,z22,toy-0009076,,,False,17.129617171989604,0.0,15.481730267514749,0.35,5.142956348249516,0
4,trip,3810,3826.5,z32,z12,toy-0009089,,,False,20.586739897842964,0.0,19.101739897842965,0.35,4.6,0
76,trip,3810,3818.8333333333335,z30,z20,toy-0009075,,,False,44.744192641962734,0.0,43.94919264196273,0.35,2.3,0
65,trip,3810,3828.309854494165,z12,z00,toy-0009085,,,False,35.539724570500404,0.0,33.89183766602555,0.35,5.142956348249516,0
15,trip,3810,3818.8333333333335,z21,z22,toy-0009081,,,False,46.22919264196233,0.0,45.434192641962326,0.35,2.3,0
34,trip,3810,3818.8333333333335,z32,z31,toy-0009088,,,False,40.412113095525655,0.0,39.61711309552565,0.35,2.3,0
26,trip,3810,3822.0089706448603,z21,z30,toy-0009079,,,False,35.767171333234394,0.0,34.68636397519696,0.35,3.2526911934581184,0
11,trip,3810,3822.0089706448603,z00,z11,toy-0009074,,,False,23.39608566661723,0.0,22.315278308579792,0.35,3.2526911934581184,0
72,trip,3810,3832.851274623054,z02,z20,toy-0009102,,,False,39.449691021413244,0.0,37.393076305338376,0.35,6.505382386916237,0
45,trip,3810,3818.8333333333335,z21,z20,toy-0009095,,,False,23.77961600621367,0.0,22.98461600621367,0.35,2.3,0
55,trip,3810,3822.0089706448603,z32,z21,toy-0009107,,,False,42.65838528392526,0.0,41.57757792588783,0.35,3.2526911934581184,0
39,trip,3810,3818.8333333333335,z31,z32,toy-0009101,,,False,41.445249470930285,0.0,40.650249470930284,0.35,2.3,0
16,trip,3810,3822.0089706448603,z20,z31,toy-0009091,,,False,29.660894448278153,0.0,28.580087090240717,0.35,3.2526911934581184,0
86,trip,3810,3828.309854494165,z30,z11,toy-0009093,,,False,47.894999999999946,0.0,46.247113095525094,0.35,5.142956348249516,0
33,trip,3810,3828.309854494165,z20,z12,toy-0009092,,,False,38.46478109490564,0.0,36.81689419043079,0.35,5.142956348249516,0
51,trip,3810,3822.0089706448603,z21,z32,toy-0009097,,,False,47.89500000000034,0.0,46.814192641962904,0.35,3.2526911934581184,0
59,trip,3810,3832.851274623054,z32,z10,toy-0009105,,,False,43.86211309552552,0.0,41.805498379450654,0.35,6.505382386916237,0
52,trip,3810,3828.309854494165,z21,z00,toy-0009094,,,False,41.853672226054954,0.0,40.2057853215801,0.35,5.142956348249516,0
46,trip,3810,3826.5,z31,z11,toy-0009098,,,False,43.32044355346762,0.0,41.83544355346762,0.35,4.6,0
20,trip,3810,3818.8333333333335,z22,z12,toy-0009104,,,False,14.228009484023472,0.0,13.433009484023472,0.35,2.3,0
57,trip,3810,3828.309854494165,z21,z02,toy-0009096,,,False,36.660498379450665,0.0,35.01261147497581,0.35,5.142956348249516,0
35,trip,3810,3838.809226445224,z00,z32,toy-0009090,,,False,45.32919264196293,0.0,42.73636226189278,0.35,8.292767933567175,0
67,trip,3810,3822.0089706448603,z31,z22,toy-0009100,,,False,47.89499999999971,0.0,46.81419264196228,0.35,3.2526911934581184,0
74,trip,3810,3818.8333333333335,z31,z21,toy-0009099,,,False,39.370624212918464,0.0,38.57562421291846,0.35,2.3,0
23,trip,3810,3825.3333333333335,z22,z11,toy-0009103,,,False,46.019192641962306,0.0,44.6391926419623,2.3,2.3,0
66,trip,3810,3828.309854494165,z32,z20,toy-0009106,,,False,47.895000000000394,0.0,46.24711309552554,0.35,5.142956348249516,0
1,visit,3810,3852.3333333333335,z31,z31,,depot_south,central,False,22.77360823387645,0.0,21.39360823387645,4.6,0,0
47,visit,3810,3825.0,z21,z21,,hub_inner,local,True,33.57852679393446,12.777777777777779,46.146304571712236,0.7,0,7.666666666666668
22,visit,3810,3825.0,z00,z00,,depot_west,local,True,35.523771553426414,12.581228446573583,47.894999999999996,0.7,0,7.548737067944149
37,visit,3810,3825.0,z31,z31,,hub_core,local,True,38.68599675890065,9.419003241099347,47.894999999999996,0.7,0,5.651401944659608
73,visit,3810,3830.3333333333335,z01,z01,,depot_west,local,False,39.21933415197159,0.0,37.839334151971585,4.6,0,0
89,visit,3810,3830.3333333333335,z22,z22,,hub_inner,local,False,40.93922619105028,0.0,39.55922619105028,4.6,0,0
54,visit,3810,3830.3333333333335,z01,z01,,depot_west,local,False,46.01919264196271,0.0,44.63919264196271,4.6,0,0
87,visit,3810,3825.0,z21,z21,,hub_inner,,True,36.85972457050034,11.245275429499657,47.894999999999996,0.7,0,6.747165257699794
43,trip,3820,3836.5,z20,z22,toy-0009111,,,False,33.45180411693804,0.0,31.966804116938043,0.35,4.6,0
45,trip,3820,3828.8333333333335,z20,z30,toy-0009110,,,False,22.984616006213695,0.0,22.189616006213697,0.35,2.3,0
9,trip,3820,3828.8333333333335,z21,z31,toy-0009117,,,False,38.009024007608794,0.0,37.21402400760879,0.35,2.3,0
19,trip,3820,3836.5,z11,z31,toy-0009114,,,False,26.116730098516452,0.0,24.631730098516453,0.35,4.6,0
29,trip,3820,3845.410795394624,z32,z01,toy-0009122,,,False,41.98630573748805,0.0,39.69933415197187,0.35,7.273238618387272,0
50,trip,3820,3832.0089706448603,z11,z00,toy-0009113,,,False,45.45211309552548,0.0,44.37130573748805,0.35,3.2526911934581184,0
14,trip,3820,3845.410795394624,z31,z00,toy-0009118,,,False,19.596810372682583,0.0,17.309838787166402,0.35,7.273238618387272,0
48,trip,3820,3828.8333333333335,z01,z11,toy-0009112,,,False,34.52395076155083,0.0,33.72895076155083,0.35,2.3,0
38,trip,3820,3838.309854494165,z10,z31,toy-0009109,,,False,41.562799710062585,0.0,39.91491280558773,0.35,5.142956348249516,0
62,trip,3820,3828.8333333333335,z11,z12,toy-0009115,,,False,47.311056814085646,0.0,46.516056814085644,0.35,2.3,0
63,trip,3820,3838.309854494165,z11,z32,toy-0009116,,,False,46.409999999999954,0.0,44.7621130955251,0.35,5.142956348249516,0
40,trip,3820,3828.8333333333335,z10,z11,toy-0009108,,,False,39.284367701059054,0.0,38.48936770105905,0.35,2.3,0
15,trip,3820,3828.8333333333335,z22,z32,toy-0009121,,,False,45.434192641962355,0.0,44.63919264196235,0.35,2.3,0
25,trip,3820,3832.0089706448603,z22,z31,toy-0009120,,,False,45.96602797643665,0.0,44.88522061839922,0.35,3.2526911934581184,0
24,trip,3820,3838.309854494165,z31,z12,toy-0009119,,,False,45.60802841448393,0.0,43.96014151000908,0.35,5.142956348249516,0
34,trip,3820,3828.8333333333335,z31,z21,toy-0009131,,,False,39.61711309552568,0.0,38.82211309552568,0.35,2.3,0
32,trip,3820,3836.5,z22,z20,toy-0009138,,,False,41.91939405304051,0.0,40.43439405304051,0.35,4.6,0
39,trip,3820,3828.8333333333335,z32,z31,toy-0009141,,,False,40.65024947093031,0.0,39.85524947093031,0.35,2.3,0
10,trip,3820,3836.5,z12,z32,toy-0009137,,,False,25.56039213183345,0.0,24.07539213183345,0.35,4.6,0
56,trip,3820,3836.5,z10,z12,toy-0009124,,,False,42.763385283925125,0.0,41.278385283925125,0.35,4.6,0
13,trip,3820,3845.410795394624,z02,z31,toy-0009133,,,False,30.890279474355555,0.0,28.603307888839375,0.35,7.273238618387272,0
18,trip,3820,3836.5,z12,z10,toy-0009135,,,False,34.4636730004996,0.0,32.9786730004996,0.35,4.6,0
41,trip,3820,3828.8333333333335,z31,z30,toy-0009130,,,False,47.89499999999966,0.0,47.09999999999966,0.35,2.3,0
64,trip,3820,3843.0,z20,z10,toy-0009126,,,False,46.311944461170825,0.0,44.241944461170824,2.3,4.6,0
71,trip,3820,3828.8333333333335,z11,z10,toy-0009127,,,False,42.265854083115585,0.0,41.47085408311558,0.35,2.3,0
49,trip,3820,3836.5,z32,z30,toy-0009140,,,False,44.86711309552483,0.0,43.38211309552483,0.35,4.6,0
75,trip,3820,3838.309854494165,z11,z30,toy-0009128,,,False,47.89500000000039,0.0,46.247113095525535,0.35,5.142956348249516,0
20,trip,3820,3838.309854494165,z12,z31,toy-0009136,,,False,13.433009484023499,0.0,11.785122579548645,0.35,5.142956348249516,0
82,trip,3820,3836.5,z10,z30,toy-0009123,,,False,46.81419264196258,0.0,45.32919264196258,0.35,4.6,0
79,trip,3820,3828.8333333333335,z11,z21,toy-0009129,,,False,40.29180411693778,0.0,39.49680411693778,0.35,2.3,0
36,trip,3820,3838.309854494165,z22,z30,toy-0009139,,,False,33.543555631583644,0.0,31.895668727108788,0.35,5.142956348249516,0
44,trip,3820,3850.6666666666665,z12,z32,toy-0009134,,,False,46.814192641962826,0.0,44.05419264196283,2.3,6.8999999999999995,0
69,trip,3820,3828.8333333333335,z32,z22,toy-0009142,,,False,42.38838528392506,0.0,41.59338528392506,0.35,2.3,0
80,trip,3820,3828.8333333333335,z31,z32,toy-0009132,,,False,38.97553364184186,0.0,38.180533641841855,0.35,2.3,0
27,trip,3820,3844.809854494165,z00,z22,toy-0009125,,,False,42.29102443077393,0.0,40.05813752629908,2.3,5.142956348249516,0
8,visit,3820,3900.9434595150833,z32,z32,,depot_south,central,False,10.585345252638994,38.79465474736101,46.620000000000005,9.2,0,23.276792848416605
22,trip,3830,3852.851274623054,z00,z22,toy-0009144,,,False,47.895000000000316,0.0,45.83838528392545,0.35,6.505382386916237,0
4,trip,3830,3842.0089706448603,z12,z21,toy-0009154,,,False,19.101739897842965,0.0,18.02093253980553,0.35,3.2526911934581184,0
21,trip,3830,3838.8333333333335,z21,z22,toy-0009150,,,False,45.82499999999992,0.0,45.029999999999916,0.35,2.3,0
28,trip,3830,3842.0089706448603,z21,z32,toy-0009151,,,False,43.78630573748769,0.0,42.705498379450255,0.35,3.2526911934581184,0
9,trip,3830,3842.0089706448603,z31,z20,toy-0009152,,,False,37.21402400760882,0.0,36.13321664957139,0.35,3.2526911934581184,0
52,trip,3830,3855.410795394624,z00,z31,toy-0009143,,,False,40.2057853215801,0.0,37.91881373606392,0.35,7.273238618387272,0
5,trip,3830,3838.8333333333335,z22,z21,toy-0009155,,,False,15.481730267514761,0.0,14.686730267514761,0.35,2.3,0
11,trip,3830,3838.8333333333335,z11,z01,toy-0009147,,,False,22.315278308579806,0.0,21.520278308579805,0.35,2.3,0
17,trip,3830,3842.0089706448603,z31,z22,toy-0009153,,,False,32.12103030798812,0.0,31.040222949950685,0.35,3.2526911934581184,0
47,trip,3830,3838.8333333333335,z21,z11,toy-0009148,,,False,46.146304571712,0.0,45.351304571712,0.35,2.3,0
0,trip,3830,3852.851274623054,z20,z02,toy-0009145,,,False,27.73590956448826,0.0,25.679294848413388,0.35,6.505382386916237,0
55,trip,3830,3838.8333333333335,z21,z31,toy-0009149,,,False,41.57757792588784,0.0,40.782577925887836,0.35,2.3,0
6,trip,3830,3848.309854494165,z20,z32,toy-0009146,,,False,39.331305737488094,0.0,37.68341883301324,0.35,5.142956348249516,0
7,trip,3830,3848.309854494165,z32,z11,toy-0009156,,,False,25.056424045264073,0.0,23.408537140789218,0.35,5.142956348249516,0
37,trip,3830,3846.5,z31,z11,toy-0009164,,,False,47.89499999999981,0.0,46.40999999999981,0.35,4.6,0
26,trip,3830,3838.8333333333335,z30,z31,toy-0009161,,,False,34.68636397519697,0.0,33.89136397519697,0.35,2.3,0
15,trip,3830,3842.0089706448603,z32,z21,toy-0009169,,,False,44.63919264196238,0.0,43.55838528392495,0.35,3.2526911934581184,0
51,trip,3830,3858.809226445224,z32,z00,toy-0009168,,,False,46.81419264196291,0.0,44.22136226189276,0.35,8.292767933567175,0
23,trip,3830,3842.0089706448603,z11,z22,toy-0009162,,,False,44.63919264196233,0.0,43.5583852839249,0.35,3.2526911934581184,0
39,trip,3830,3854.1666666666665,z31,z01,toy-0009163,,,False,39.85524947093034,0.0,37.68024947093034,0.35,6.8999999999999995,0
3,trip,3830,3842.0089706448603,z10,z21,toy-0009157,,,False,46.247113095524966,0.0,45.166305737487534,0.35,3.2526911934581184,0
67,trip,3830,3848.309854494165,z22,z10,toy-0009165,,,False,46.814192641962286,0.0,45.166305737487434,0.35,5.142956348249516,0
66,trip,3830,3842.0089706448603,z20,z31,toy-0009160,,,False,46.24711309552554,0.0,45.16630573748811,0.35,3.2526911934581184,0
76,trip,3830,3838.8333333333335,z20,z21,toy-0009159,,,False,43.94919264196276,0.0,43.15419264196276,0.35,2.3,0
60,trip,3830,3838.8333333333335,z32,z31,toy-0009170,,,False,39.34015585177558,0.0,38.545155851775576,0.35,2.3,0
68,trip,3830,3842.0089706448603,z22,z31,toy-0009167,,,False,38.01560634037193,0.0,36.9347989823345,0.35,3.2526911934581184,0
58,trip,3830,3852.851274623054,z10,z32,toy-0009158,,,False,19.879913971363813,0.0,17.82329925528894,0.35,6.505382386916237,0
69,trip,3830,3842.0089706448603,z22,z11,toy-0009166,,,False,41.59338528392509,0.0,40.512577925887655,0.35,3.2526911934581184,0
16,visit,3830,3845.0,z31,z31,,hub_core,local,True,28.58008709024073,12.777777777777779,41.14786486801851,0.7,0,7.666666666666668
53,visit,3830,3845.0,z30,z30,,depot_south,local,True,37.57841883301286,10.526581166987135,47.894999999999996,0.7,0,6.315948700192281
34,visit,3830,3878.6846079563875,z21,z21,,depot_south,central,False,38.82211309552571,0.0,36.87049837945084,6.505382386916237,0,0
86,visit,3830,3845.0,z11,z11,,hub_center,local,True,46.247113095525094,1.857886904474903,47.894999999999996,0.7,0,1.1147321426849417
45,visit,3830,3845.0,z30,z30,,depot_south,,True,22.189616006213722,17.77777777777778,39.757393783991496,0.7,0,10.666666666666668
42,visit,3830,3845.0,z31,z31,,hub_core,,True,29.568418833013066,17.77777777777778,47.13619661079084,0.7,0,10.666666666666668
48,visit,3830,3845.0,z11,z11,,hub_center,,True,33.728950761550855,14.376049238449145,47.895,0.7,0,8.625629543069486
65,visit,3830,3845.0,z00,z00,,depot_west,,True,33.89183766602555,14.213162333974445,47.894999999999996,0.7,0,8.527897400384667
80,visit,3830,3845.0,z32,z32,,hub_waterfront,,True,38.18053364184188,9.924466358158115,47.894999999999996,0.7,0,5.9546798148948685
40,visit,3830,3845.0,z11,z11,,hub_center,,True,38.48936770105908,9.615632298940916,47.894999999999996,0.7,0,5.76937937936455
74,visit,3830,3845.0,z21,z21,,hub_inner,,True,38.57562421291849,9.529375787081506,47.894999999999996,0.7,0,5.717625472248903
10,trip,3840,3856.5,z32,z12,toy-0009185,,,False,24.07539213183345,0.0,22.59039213183345,0.35,4.6,0
46,trip,3840,3856.5,z11,z31,toy-0009174,,,False,41.83544355346761,0.0,40.35044355346761,0.35,4.6,0
19,trip,3840,3848.8333333333335,z31,z21,toy-0009178,,,False,24.631730098516453,0.0,23.836730098516455,0.35,2.3,0
20,trip,3840,3852.0089706448603,z31,z22,toy-0009180,,,False,11.785122579548654,0.0,10.704315221511218,0.35,3.2526911934581184,0
25,trip,3840,3858.309854494165,z31,z12,toy-0009179,,,False,44.885220618399224,0.0,43.23733371392437,0.35,5.142956348249516,0
21,trip,3840,3848.8333333333335,z22,z32,toy-0009182,,,False,45.029999999999944,0.0,44.23499999999994,0.35,2.3,0
5,trip,3840,3852.0089706448603,z21,z12,toy-0009176,,,False,14.686730267514788,0.0,13.605922909477352,0.35,3.2526911934581184,0
35,trip,3840,3858.309854494165,z32,z20,toy-0009183,,,False,42.73636226189278,0.0,41.08847535741793,0.35,5.142956348249516,0
32,trip,3840,3852.0089706448603,z20,z11,toy-0009171,,,False,40.434394053040506,0.0,39.353586695003074,0.35,3.2526911934581184,0
76,trip,3840,3848.8333333333335,z21,z20,toy-0009175,,,False,43.15419264196279,0.0,42.359192641962785,0.35,2.3,0
38,trip,3840,3848.8333333333335,z31,z32,toy-0009181,,,False,39.91491280558773,0.0,39.11991280558773,0.35,2.3,0
11,trip,3840,3858.309854494165,z01,z20,toy-0009172,,,False,21.520278308579833,0.0,19.872391404104977,0.35,5.142956348249516,0
63,trip,3840,3864.1666666666665,z32,z02,toy-0009184,,,False,44.7621130955251,0.0,42.587113095525105,0.35,6.8999999999999995,0
77,trip,3840,3848.8333333333335,z32,z22,toy-0009186,,,False,43.277113095525486,0.0,42.482113095525484,0.35,2.3,0
55,trip,3840,3858.309854494165,z31,z10,toy-0009177,,,False,40.782577925887864,0.0,39.13469102141301,0.35,5.142956348249516,0
47,trip,3840,3852.0089706448603,z11,z20,toy-0009173,,,False,45.35130457171203,0.0,44.270497213674595,0.35,3.2526911934581184,0
61,trip,3840,3865.410795394624,z31,z00,toy-0009196,,,False,38.2218225518947,0.0,35.93485096637851,0.35,7.273238618387272,0
79,trip,3840,3852.0089706448603,z21,z32,toy-0009195,,,False,39.49680411693781,0.0,38.41599675890038,0.35,3.2526911934581184,0
87,trip,3840,3852.0089706448603,z21,z10,toy-0009192,,,False,47.894999999999754,0.0,46.81419264196232,0.35,3.2526911934581184,0
81,trip,3840,3852.0089706448603,z32,z21,toy-0009207,,,False,46.30499999999985,0.0,45.22419264196242,0.35,3.2526911934581184,0
84,trip,3840,3865.410795394624,z31,z02,toy-0009201,,,False,40.75841883301255,0.0,38.471447247496364,0.35,7.273238618387272,0
85,trip,3840,3848.8333333333335,z31,z30,toy-0009198,,,False,47.89499999999989,0.0,47.09999999999989,0.35,2.3,0
88,trip,3840,3862.851274623054,z32,z10,toy-0009205,,,False,47.89500000000033,0.0,45.83838528392546,0.35,6.505382386916237,0
72,trip,3840,3858.309854494165,z20,z01,toy-0009187,,,False,37.39307630533838,0.0,35.74518940086353,0.35,5.142956348249516,0
12,trip,3840,3864.1666666666665,z01,z31,toy-0009189,,,False,45.32919264196253,0.0,43.15419264196253,0.35,6.8999999999999995,0
43,trip,3840,3855.3333333333335,z22,z31,toy-0009208,,,False,31.966804116938036,0.0,30.586804116938037,2.3,2.3,0
36,trip,3840,3858.5089706448603,z30,z20,toy-0009197,,,False,31.895668727108795,0.0,30.229861369071358,2.3,3.2526911934581184,0
41,trip,3840,3863.0,z30,z11,toy-0009199,,,False,47.09999999999969,0.0,45.02999999999969,2.3,4.6,0
70,trip,3840,3855.3333333333335,z22,z31,toy-0009194,,,False,41.153930388453645,0.0,39.77393038845364,2.3,2.3,0
49,trip,3840,3855.3333333333335,z30,z32,toy-0009202,,,False,43.38211309552482,0.0,42.00211309552482,2.3,2.3,0
83,trip,3840,3863.0,z11,z01,toy-0009193,,,False,47.89499999999983,0.0,45.82499999999983,2.3,4.6,0
30,trip,3840,3856.5,z01,z21,toy-0009188,,,False,31.490606340371755,0.0,30.005606340371756,0.35,4.6,0
75,trip,3840,3855.3333333333335,z30,z21,toy-0009200,,,False,46.247113095525535,0.0,44.86711309552553,2.3,2.3,0
89,trip,3840,3848.8333333333335,z22,z21,toy-0009204,,,False,39.559226191050314,0.0,38.76422619105031,0.35,2.3,0
54,trip,3840,3865.410795394624,z01,z32,toy-0009190,,,False,44.639192641962744,0.0,42.35222105644656,0.35,7.273238618387272,0
24,trip,3840,3869.351274623054,z12,z00,toy-0009203,,,False,43.96014151000908,0.0,41.31852679393421,2.3,6.505382386916237,0
33,trip,3840,3872.476521160832,z12,z11,toy-0009206,,,False,36.81689419043079,0.0,33.89400728595593,4.6,5.142956348249516,0
18,trip,3840,3864.809854494165,z10,z32,toy-0009191,,,False,32.97867300049959,0.0,30.745786096024737,2.3,5.142956348249516,0
26,visit,3840,3855.0,z31,z31,,hub_core,local,True,33.891363975196995,12.777777777777779,46.45914175297477,0.7,0,7.666666666666668
50,visit,3840,3855.0,z00,z00,,depot_west,local,True,44.37130573748806,3.7336942625119387,47.894999999999996,0.7,0,2.2402165575071633
13,trip,3850,3868.309854494165,z31,z10,toy-0009214,,,False,28.603307888839392,0.0,26.955420984364537,0.35,5.142956348249516,0
3,trip,3850,3862.0089706448603,z21,z30,toy-0009211,,,False,45.16630573748754,0.0,44.08549837945011,0.35,3.2526911934581184,0
16,trip,3850,3862.0089706448603,z31,z22,toy-0009217,,,False,41.14786486801828,0.0,40.06705750998085,0.35,3.2526911934581184,0
42,trip,3850,3874.1666666666665,z31,z01,toy-0009215,,,False,47.13619661079061,0.0,44.961196610790616,0.35,6.8999999999999995,0
17,trip,3850,3858.8333333333335,z22,z12,toy-0009221,,,False,31.040222949950696,0.0,30.245222949950694,0.35,2.3,0
23,trip,3850,3868.309854494165,z22,z01,toy-0009219,,,False,43.558385283924906,0.0,41.910498379450054,0.35,5.142956348249516,0
29,trip,3850,3868.309854494165,z01,z22,toy-0009210,,,False,39.69933415197188,0.0,38.05144724749703,0.35,5.142956348249516,0
59,trip,3850,3868.309854494165,z10,z31,toy-0009209,,,False,41.80549837945066,0.0,40.15761147497581,0.35,5.142956348249516,0
4,trip,3850,3858.8333333333335,z21,z22,toy-0009213,,,False,18.020932539805543,0.0,17.22593253980554,0.35,2.3,0
15,trip,3850,3858.8333333333335,z21,z11,toy-0009212,,,False,43.558385283924956,0.0,42.763385283924954,0.35,2.3,0
68,trip,3850,3868.309854494165,z31,z12,toy-0009216,,,False,36.934798982334506,0.0,35.286912077859654,0.35,5.142956348249516,0
6,trip,3850,3875.410795394624,z32,z01,toy-0009222,,,False,37.68341883301324,0.0,35.39644724749706,0.35,7.273238618387272,0
56,trip,3850,3858.8333333333335,z12,z22,toy-0009218,,,False,41.27838528392512,0.0,40.48338528392512,0.35,2.3,0
27,trip,3850,3862.0089706448603,z22,z31,toy-0009220,,,False,40.05813752629909,0.0,38.97733016826166,0.35,3.2526911934581184,0
45,trip,3850,3873.0,z30,z22,toy-0009226,,,False,39.75739378399127,0.0,37.68739378399127,2.3,4.6,0
53,trip,3850,3872.851274623054,z30,z12,toy-0009229,,,False,47.894999999999825,0.0,45.83838528392496,0.35,6.505382386916237,0
7,trip,3850,3858.8333333333335,z11,z21,toy-0009230,,,False,23.40853714078923,0.0,22.613537140789234,0.35,2.3,0
21,trip,3850,3873.0,z32,z11,toy-0009234,,,False,44.23499999999997,0.0,42.16499999999997,2.3,4.6,0
77,trip,3850,3866.5,z22,z02,toy-0009240,,,False,42.48211309552551,0.0,40.99711309552551,0.35,4.6,0
28,trip,3850,3858.8333333333335,z32,z31,toy-0009244,,,False,42.70549837945026,0.0,41.91049837945026,0.35,2.3,0
82,trip,3850,3862.0089706448603,z30,z21,toy-0009228,,,False,45.32919264196257,0.0,44.24838528392514,0.35,3.2526911934581184,0
64,trip,3850,3874.809854494165,z10,z32,toy-0009227,,,False,44.241944461170824,0.0,42.00905755669597,2.3,5.142956348249516,0
80,trip,3850,3866.5,z32,z30,toy-0009243,,,False,47.8950000000001,0.0,46.4100000000001,0.35,4.6,0
14,trip,3850,3858.8333333333335,z00,z10,toy-0009223,,,False,17.30983878716642,0.0,16.51483878716642,0.35,2.3,0
62,trip,3850,3872.851274623054,z12,z30,toy-0009237,,,False,46.51605681408567,0.0,44.459442098010804,0.35,6.505382386916237,0
74,trip,3850,3865.3333333333335,z21,z32,toy-0009241,,,False,47.89500000000015,0.0,46.51500000000015,2.3,2.3,0
89,trip,3850,3877.985491805692,z21,z20,toy-0009242,,,False,38.76422619105034,0.0,36.24553192853805,3.2526911934581184,5.142956348249516,0
67,trip,3850,3858.8333333333335,z10,z00,toy-0009224,,,False,45.166305737487434,0.0,44.37130573748743,0.35,2.3,0
37,trip,3850,3874.809854494165,z11,z00,toy-0009231,,,False,46.409999999999805,0.0,44.17711309552495,2.3,5.142956348249516,0
40,trip,3850,3876.175637311527,z11,z20,toy-0009239,,,False,47.89500000000016,0.0,45.53919264196272,3.2526911934581184,4.6,0
71,trip,3850,3865.3333333333335,z10,z10,toy-0009225,,,False,41.47085408311561,0.0,40.09085408311561,2.3,2.3,0
85,trip,3850,3865.3333333333335,z30,z21,toy-0009235,,,False,47.099999999999916,0.0,45.719999999999914,2.3,2.3,0
48,trip,3850,3876.175637311527,z11,z20,toy-0009233,,,False,47.89499999999989,0.0,45.53919264196245,4.6,3.2526911934581184,0
69,trip,3850,3873.0,z11,z32,toy-0009236,,,False,40.51257792588766,0.0,38.44257792588766,4.6,2.3,0
86,trip,3850,3882.476521160832,z11,z12,toy-0009245,,,False,47.89499999999964,0.0,44.97211309552478,5.142956348249516,4.6,0
73,trip,3850,3873.0,z01,z31,toy-0009232,,,False,37.83933415197162,0.0,35.76933415197162,4.6,2.3,0
2,trip,3850,3874.809854494165,z02,z31,toy-0009238,,,False,31.088049166111226,0.0,28.855162261636373,2.3,5.142956348249516,0
31,trip,3850,3880.6666666666665,z02,z22,toy-0009246,,,False,42.26757792588754,0.0,39.50757792588754,6.8999999999999995,2.3,0
19,visit,3850,3865.0,z21,z21,,hub_inner,local,True,23.83673009851648,12.777777777777779,36.404507876294254,0.7,0,7.666666666666668
9,visit,3850,3870.3333333333335,z20,z20,,depot_south,local,False,36.133216649571395,0.0,34.75321664957139,4.6,0,0
60,visit,3850,3865.0,z31,z31,,hub_core,local,True,38.545155851775604,9.559844148224393,47.894999999999996,0.7,0,5.735906488934636
38,visit,3850,3865.0,z32,z32,,hub_waterfront,local,True,39.11991280558776,8.985087194412237,47.894999999999996,0.7,0,5.391052316647342
76,visit,3850,3870.3333333333335,z20,z20,,depot_south,local,False,42.359192641962814,0.0,40.97919264196281,4.6,0,0
66,visit,3850,3865.0,z31,z31,,hub_core,local,True,45.166305737488116,2.9386942625118806,47.894999999999996,0.7,0,1.7632165575071284
44,trip,3860,3882.851274623054,z32,z10,toy-0009267,,,False,44.05419264196284,0.0,41.997577925887974,0.35,6.505382386916237,0
7,trip,3860,3868.8333333333335,z21,z20,toy-0009252,,,False,22.61353714078926,0.0,21.81853714078926,0.35,2.3,0
1,trip,3860,3868.8333333333335,z31,z32,toy-0009263,,,False,21.393608233876474,0.0,20.598608233876476,0.35,2.3,0
49,trip,3860,3888.809226445224,z32,z00,toy-0009266,,,False,42.00211309552485,0.0,39.409282715454694,0.35,8.292767933567175,0
15,trip,3860,3876.5,z11,z31,toy-0009250,,,False,42.76338528392498,0.0,41.27838528392498,0.35,4.6,0
11,trip,3860,3872.0089706448603,z20,z31,toy-0009249,,,False,19.87239140410499,0.0,18.791584046067555,0.35,3.2526911934581184,0
26,trip,3860,3872.0089706448603,z31,z22,toy-0009262,,,False,46.45914175297454,0.0,45.378334394937106,0.35,3.2526911934581184,0
28,trip,3860,3885.410795394624,z31,z00,toy-0009256,,,False,41.91049837945029,0.0,39.623526793934104,0.35,7.273238618387272,0
14,trip,3860,3868.8333333333335,z10,z20,toy-0009247,,,False,16.514838787166447,0.0,15.719838787166447,0.35,2.3,0
20,trip,3860,3878.309854494165,z22,z30,toy-0009264,,,False,10.70431522151123,0.0,9.056428317036374,0.35,5.142956348249516,0
43,trip,3860,3885.410795394624,z31,z02,toy-0009261,,,False,30.586804116938062,0.0,28.29983253142188,0.35,7.273238618387272,0
32,trip,3860,3872.0089706448603,z11,z22,toy-0009251,,,False,39.35358669500308,0.0,38.27277933696565,0.35,3.2526911934581184,0
30,trip,3860,3878.309854494165,z21,z02,toy-0009253,,,False,30.005606340371756,0.0,28.3577194358969,0.35,5.142956348249516,0
46,trip,3860,3868.8333333333335,z31,z21,toy-0009260,,,False,40.350443553467606,0.0,39.555443553467605,0.35,2.3,0
58,trip,3860,3878.309854494165,z32,z11,toy-0009268,,,False,17.823299255288955,0.0,16.1754123508141,0.35,5.142956348249516,0
22,trip,3860,3872.0089706448603,z22,z11,toy-0009265,,,False,45.838385283925454,0.0,44.75757792588802,0.35,3.2526911934581184,0
52,trip,3860,3884.1666666666665,z31,z01,toy-0009259,,,False,37.91881373606393,0.0,35.743813736063935,0.35,6.8999999999999995,0
79,trip,3860,3872.0089706448603,z32,z21,toy-0009269,,,False,38.415996758900384,0.0,37.33518940086295,0.35,3.2526911934581184,0
70,trip,3860,3868.8333333333335,z31,z30,toy-0009258,,,False,39.77393038845367,0.0,38.97893038845367,0.35,2.3,0
35,trip,3860,3876.5,z20,z00,toy-0009248,,,False,41.08847535741793,0.0,39.60347535741793,0.35,4.6,0
75,trip,3860,3872.0089706448603,z21,z12,toy-0009254,,,False,44.86711309552556,0.0,43.78630573748813,0.35,3.2526911934581184,0
81,trip,3860,3872.0089706448603,z21,z32,toy-0009255,,,False,45.224192641962425,0.0,44.14338528392499,0.35,3.2526911934581184,0
36,trip,3860,3887.985491805692,z20,z10,toy-0009257,,,False,30.22986136907137,0.0,27.711167106559078,3.2526911934581184,5.142956348249516,0
5,trip,3860,3876.5,z12,z32,toy-0009281,,,False,13.605922909477364,0.0,12.120922909477365,0.35,4.6,0
47,trip,3860,3875.3333333333335,z20,z22,toy-0009275,,,False,44.2704972136746,0.0,42.8904972136746,2.3,2.3,0
56,trip,3860,3875.3333333333335,z22,z22,toy-0009287,,,False,40.483385283925145,0.0,39.10338528392514,2.3,2.3,0
87,trip,3860,3875.3333333333335,z10,z21,toy-0009270,,,False,46.81419264196233,0.0,45.434192641962326,2.3,2.3,0
10,trip,3860,3875.3333333333335,z12,z12,toy-0009273,,,False,22.59039213183345,0.0,21.21039213183345,2.3,2.3,0
17,trip,3860,3887.985491805692,z12,z20,toy-0009276,,,False,30.245222949950723,0.0,27.72652868743843,5.142956348249516,3.2526911934581184,0
25,trip,3860,3884.809854494165,z12,z10,toy-0009282,,,False,43.23733371392437,0.0,41.00444680944952,2.3,5.142956348249516,0
50,trip,3860,3898.3333333333335,z00,z32,toy-0009272,,,False,47.895000000000095,0.0,44.44500000000009,6.8999999999999995,4.6,0
39,trip,3860,3900.1431878274984,z01,z12,toy-0009278,,,False,37.68024947093035,0.0,34.06736256645549,6.8999999999999995,5.142956348249516,0
0,trip,3860,3886.175637311527,z02,z31,toy-0009284,,,False,25.679294848413402,0.0,23.323487490375967,4.6,3.2526911934581184,0
57,trip,3860,3890.6666666666665,z02,z31,toy-0009285,,,False,35.01261147497581,0.0,32.252611474975815,6.8999999999999995,2.3,0
51,trip,3860,3892.476521160832,z00,z12,toy-0009271,,,False,44.22136226189276,0.0,41.2984753574179,4.6,5.142956348249516,0
72,trip,3860,3907.2441287279576,z01,z02,toy-0009286,,,False,35.74518940086353,0.0,31.49321781534735,7.273238618387272,6.8999999999999995,0
78,trip,3860,3884.809854494165,z01,z21,toy-0009283,,,False,43.27257792588802,0.0,41.03969102141317,5.142956348249516,2.3,0
65,trip,3860,3895.0864327061513,z00,z22,toy-0009279,,,False,47.89499999999977,0.0,44.73722105644615,7.273238618387272,3.2526911934581184,0
67,trip,3860,3887.985491805692,z00,z10,toy-0009274,,,False,44.37130573748746,0.0,41.85261147497517,5.142956348249516,3.2526911934581184,0
4,visit,3860,3880.3333333333335,z22,z22,,hub_inner,local,False,17.22593253980557,0.0,15.84593253980557,4.6,0,0
55,visit,3860,3880.3333333333335,z10,z10,,depot_west,local,False,39.13469102141301,0.0,37.75469102141301,4.6,0,0
19,trip,3870,3878.8333333333335,z21,z31,toy-0009294,,,False,36.404507876294026,0.0,35.609507876294025,0.35,2.3,0
82,trip,3870,3886.5,z21,z01,toy-0009292,,,False,44.248385283925145,0.0,42.763385283925146,0.35,4.6,0
41,trip,3870,3888.309854494165,z11,z32,toy-0009291,,,False,45.02999999999969,0.0,43.382113095524836,0.35,5.142956348249516,0
13,trip,3870,3885.3333333333335,z10,z10,toy-0009290,,,False,26.95542098436455,0.0,25.575420984364552,2.3,2.3,0
24,trip,3870,3886.5,z00,z20,toy-0009288,,,False,41.318526793934225,0.0,39.833526793934226,0.35,4.6,0
12,trip,3870,3878.8333333333335,z31,z32,toy-0009296,,,False,43.15419264196254,0.0,42.35919264196254,0.35,2.3,0
1,trip,3870,3882.0089706448603,z32,z21,toy-0009303,,,False,20.5986082338765,0.0,19.517800875839065,0.35,3.2526911934581184,0
16,trip,3870,3885.3333333333335,z22,z11,toy-0009298,,,False,40.067057509980856,0.0,38.68705750998085,2.3,2.3,0
63,trip,3870,3888.5089706448603,z02,z21,toy-0009299,,,False,42.58711309552511,0.0,40.92130573748768,2.3,3.2526911934581184,0
27,trip,3870,3878.8333333333335,z31,z21,toy-0009295,,,False,38.977330168261666,0.0,38.182330168261664,0.35,2.3,0
18,trip,3870,3895.410795394624,z32,z01,toy-0009302,,,False,30.745786096024748,0.0,28.458814510508567,0.35,7.273238618387272,0
61,trip,3870,3888.309854494165,z00,z21,toy-0009289,,,False,35.93485096637853,0.0,34.286964061903674,0.35,5.142956348249516,0
7,trip,3870,3885.3333333333335,z20,z11,toy-0009293,,,False,21.818537140789285,0.0,20.438537140789286,2.3,2.3,0
77,trip,3870,3894.809854494165,z02,z20,toy-0009297,,,False,40.997113095525506,0.0,38.76422619105065,2.3,5.142956348249516,0
38,trip,3870,3888.309854494165,z32,z20,toy-0009301,,,False,47.895000000000024,0.0,46.24711309552517,0.35,5.142956348249516,0
54,trip,3870,3885.3333333333335,z32,z32,toy-0009300,,,False,42.352221056446574,0.0,40.97222105644657,2.3,2.3,0
23,trip,3870,3888.5089706448603,z01,z20,toy-0009308,,,False,41.910498379450054,0.0,40.24469102141262,2.3,3.2526911934581184,0
59,trip,3870,3886.5,z31,z11,toy-0009318,,,False,40.15761147497581,0.0,38.67261147497581,0.35,4.6,0
60,trip,3870,3882.0089706448603,z31,z20,toy-0009315,,,False,47.8950000000001,0.0,46.81419264196267,0.35,3.2526911934581184,0
66,trip,3870,3888.309854494165,z31,z12,toy-0009320,,,False,47.89500000000039,0.0,46.247113095525535,0.35,5.142956348249516,0
71,trip,3870,3885.3333333333335,z10,z01,toy-0009310,,,False,40.09085408311564,0.0,38.710854083115635,2.3,2.3,0
14,trip,3870,3888.5089706448603,z20,z30,toy-0009311,,,False,15.719838787166474,0.0,14.054031429129038,2.3,3.2526911934581184,0
3,trip,3870,3901.910795394624,z30,z02,toy-0009319,,,False,44.085498379450115,0.0,41.21352679393394,2.3,7.273238618387272,0
70,trip,3870,3901.910795394624,z30,z00,toy-0009313,,,False,38.9789303884537,0.0,36.10695880293751,2.3,7.273238618387272,0
74,trip,3870,3886.5,z32,z30,toy-0009326,,,False,46.51500000000018,0.0,45.03000000000018,0.35,4.6,0
80,trip,3870,3885.3333333333335,z30,z30,toy-0009316,,,False,46.410000000000096,0.0,45.03000000000009,2.3,2.3,0
88,trip,3870,3888.5089706448603,z10,z11,toy-0009307,,,False,45.83838528392547,0.0,44.172577925888035,2.3,3.2526911934581184,0
84,trip,3870,3907.017941289721,z02,z00,toy-0009323,,,False,38.47144724749638,0.0,35.139832531421504,4.6,6.505382386916237,0
83,trip,3870,3894.809854494165,z01,z12,toy-0009325,,,False,45.82499999999983,0.0,43.59211309552498,5.142956348249516,2.3,0
68,visit,3870,3890.3333333333335,z12,z12,,hub_center,local,False,35.286912077859654,0.0,33.90691207785965,4.6,0,0
29,visit,3870,3890.3333333333335,z22,z22,,hub_inner,local,False,38.05144724749703,0.0,36.67144724749703,4.6,0,0
46,visit,3870,3885.0,z21,z21,,hub_inner,local,True,39.55544355346763,8.549556446532364,47.894999999999996,0.7,0,5.129733867919418
26,trip,3880,3898.309854494165,z22,z01,toy-0009345,,,False,45.37833439493711,0.0,43.73044749046226,0.35,5.142956348249516,0
34,trip,3880,3888.8333333333335,z21,z22,toy-0009339,,,False,36.87049837945084,0.0,36.075498379450835,0.35,2.3,0
87,trip,3880,3888.8333333333335,z21,z31,toy-0009337,,,False,45.434192641962355,0.0,44.63919264196235,0.35,2.3,0
2,trip,3880,3904.809854494165,z31,z00,toy-0009335,,,False,28.85516226163638,0.0,26.622275357161527,2.3,5.142956348249516,0
30,trip,3880,3896.5,z02,z00,toy-0009342,,,False,28.357719435896914,0.0,26.872719435896915,0.35,4.6,0
9,trip,3880,3898.5089706448603,z20,z12,toy-0009338,,,False,34.75321664957143,0.0,33.087409291533994,2.3,3.2526911934581184,0
15,trip,3880,3888.8333333333335,z31,z32,toy-0009341,,,False,41.278385283924976,0.0,40.483385283924974,0.35,2.3,0
10,trip,3880,3892.0089706448603,z12,z01,toy-0009344,,,False,21.210392131833476,0.0,20.12958477379604,0.35,3.2526911934581184,0
21,trip,3880,3888.8333333333335,z11,z21,toy-0009332,,,False,42.16499999999997,0.0,41.36999999999997,0.35,2.3,0
22,trip,3880,3904.809854494165,z11,z22,toy-0009330,,,False,44.75757792588803,0.0,42.524691021413176,2.3,5.142956348249516,0
42,trip,3880,3903.0,z01,z22,toy-0009343,,,False,44.96119661079062,0.0,42.89119661079062,2.3,4.6,0
5,trip,3880,3902.851274623054,z32,z10,toy-0009349,,,False,12.120922909477365,0.0,10.064308193402494,0.35,6.505382386916237,0
58,trip,3880,3892.0089706448603,z11,z02,toy-0009334,,,False,16.175412350814113,0.0,15.094604992776677,0.35,3.2526911934581184,0
32,trip,3880,3892.0089706448603,z22,z11,toy-0009346,,,False,38.272779336965655,0.0,37.19197197892822,0.35,3.2526911934581184,0
19,trip,3880,3888.8333333333335,z31,z21,toy-0009340,,,False,35.60950787629405,0.0,34.81450787629405,0.35,2.3,0
53,trip,3880,3898.5089706448603,z12,z00,toy-0009331,,,False,45.838385283924964,0.0,44.17257792588753,2.3,3.2526911934581184,0
12,trip,3880,3908.809226445224,z32,z00,toy-0009348,,,False,42.359192641962565,0.0,39.76636226189241,0.35,8.292767933567175,0
45,trip,3880,3892.0089706448603,z22,z31,toy-0009347,,,False,37.68739378399127,0.0,36.606586425953836,0.35,3.2526911934581184,0
40,trip,3880,3895.3333333333335,z20,z20,toy-0009336,,,False,45.539192641962714,0.0,44.15919264196271,2.3,2.3,0
64,trip,3880,3888.8333333333335,z32,z22,toy-0009350,,,False,42.009057556695986,0.0,41.214057556695984,0.35,2.3,0
75,trip,3880,3903.0,z12,z31,toy-0009333,,,False,43.786305737488135,0.0,41.716305737488135,2.3,4.6,0
69,trip,3880,3905.410795394624,z32,z01,toy-0009371,,,False,38.44257792588766,0.0,36.15560634037148,0.35,7.273238618387272,0
35,trip,3880,3895.3333333333335,z00,z02,toy-0009358,,,False,39.60347535741792,0.0,38.22347535741792,2.3,2.3,0
37,trip,3880,3903.0,z00,z12,toy-0009368,,,False,44.177113095524966,0.0,42.107113095524966,4.6,2.3,0
48,trip,3880,3909.351274623054,z20,z32,toy-0009352,,,False,45.539192641962444,0.0,42.897577925887575,2.3,6.505382386916237,0
81,trip,3880,3888.8333333333335,z32,z31,toy-0009373,,,False,44.143385283925,0.0,43.348385283925,0.35,2.3,0
76,trip,3880,3892.0089706448603,z20,z31,toy-0009353,,,False,40.97919264196285,0.0,39.898385283925414,0.35,3.2526911934581184,0
62,trip,3880,3908.809226445224,z30,z02,toy-0009356,,,False,44.45944209801081,0.0,41.86661171794066,0.35,8.292767933567175,0
89,trip,3880,3898.309854494165,z20,z32,toy-0009355,,,False,36.24553192853805,0.0,34.5976450240632,0.35,5.142956348249516,0
73,trip,3880,3892.0089706448603,z31,z22,toy-0009367,,,False,35.76933415197162,0.0,34.68852679393419,0.35,3.2526911934581184,0
47,trip,3880,3907.985491805692,z22,z12,toy-0009359,,,False,42.89049721367463,0.0,40.37180295116234,5.142956348249516,3.2526911934581184,0
20,trip,3880,3903.0,z30,z11,toy-0009351,,,False,9.056428317036385,0.0,6.986428317036385,4.6,2.3,0
56,trip,3880,3914.286375654997,z22,z22,toy-0009357,,,False,39.10338528392517,0.0,36.01761147497546,5.142956348249516,5.142956348249516,0
11,visit,3880,3895.0,z31,z31,,hub_core,local,True,18.79158404606757,12.777777777777779,31.359361823845347,0.7,0,7.666666666666668
33,visit,3880,3895.0,z11,z11,,hub_center,local,True,33.89400728595592,12.777777777777779,46.4617850637337,0.7,0,7.666666666666668
6,visit,3880,3900.3333333333335,z01,z01,,depot_west,local,False,35.39644724749707,0.0,34.01644724749707,4.6,0,0
79,visit,3880,3928.6846079563875,z21,z21,,depot_south,central,False,37.33518940086296,0.0,35.38357468478809,6.505382386916237,0,0
27,visit,3880,3928.6846079563875,z21,z21,,depot_south,central,False,38.18233016826169,0.0,36.23071545218682,6.505382386916237,0,0
7,trip,3890,3902.0089706448603,z11,z22,toy-0009378,,,False,20.43853714078931,0.0,19.357729782751875,0.35,3.2526911934581184,0
0,trip,3890,3906.5,z31,z11,toy-0009384,,,False,23.32348749037595,0.0,21.83848749037595,0.35,4.6,0
43,trip,3890,3908.309854494165,z02,z21,toy-0009386,,,False,28.2998325314219,0.0,26.651945626947043,0.35,5.142956348249516,0
1,trip,3890,3898.8333333333335,z21,z11,toy-0009380,,,False,19.51780087583908,0.0,18.722800875839077,0.35,2.3,0
4,trip,3890,3898.8333333333335,z22,z32,toy-0009388,,,False,15.845932539805595,0.0,15.050932539805595,0.35,2.3,0
17,trip,3890,3908.309854494165,z20,z01,toy-0009377,,,False,27.72652868743843,0.0,26.078641782963576,0.35,5.142956348249516,0
15,trip,3890,3908.309854494165,z32,z11,toy-0009389,,,False,40.483385283925,0.0,38.83549837945015,0.35,5.142956348249516,0
19,trip,3890,3902.0089706448603,z21,z32,toy-0009382,,,False,34.81450787629408,0.0,33.73370051825665,0.35,3.2526911934581184,0
81,trip,3890,3898.8333333333335,z31,z32,toy-0009385,,,False,43.348385283925026,0.0,42.553385283925024,0.35,2.3,0
41,trip,3890,3914.1666666666665,z32,z02,toy-0009390,,,False,43.382113095524836,0.0,41.20711309552484,0.35,6.8999999999999995,0
54,trip,3890,3898.8333333333335,z32,z22,toy-0009392,,,False,40.9722210564466,0.0,40.1772210564466,0.35,2.3,0
28,trip,3890,3918.809226445224,z00,z32,toy-0009374,,,False,39.62352679393412,0.0,37.030696413863964,0.35,8.292767933567175,0
13,trip,3890,3902.0089706448603,z10,z21,toy-0009376,,,False,25.575420984364577,0.0,24.49461362632714,0.35,3.2526911934581184,0
21,trip,3890,3908.309854494165,z21,z02,toy-0009381,,,False,41.37,0.0,39.722113095525145,0.35,5.142956348249516,0
46,trip,3890,3902.0089706448603,z21,z10,toy-0009379,,,False,47.89500000000039,0.0,46.814192641962954,0.35,3.2526911934581184,0
25,trip,3890,3902.0089706448603,z10,z01,toy-0009375,,,False,41.00444680944953,0.0,39.9236394514121,0.35,3.2526911934581184,0
14,trip,3890,3921.910795394624,z30,z00,toy-0009383,,,False,14.05403142912905,0.0,11.182059843612869,2.3,7.273238618387272,0
34,trip,3890,3908.309854494165,z22,z10,toy-0009387,,,False,36.07549837945086,0.0,34.42761147497601,0.35,5.142956348249516,0
64,trip,3890,3913.0,z22,z12,toy-0009391,,,False,41.21405755669601,0.0,39.14405755669601,2.3,4.6,0
61,trip,3890,3916.175637311527,z21,z30,toy-0009413,,,False,34.286964061903674,0.0,31.93115670386624,3.2526911934581184,4.6,0
63,trip,3890,3906.5,z21,z01,toy-0009400,,,False,40.92130573748769,0.0,39.43630573748769,0.35,4.6,0
78,trip,3890,3911.6846079563875,z21,z21,toy-0009414,,,False,41.039691021413184,0.0,39.08807630533831,3.2526911934581184,3.2526911934581184,0
74,trip,3890,3914.809854494165,z30,z12,toy-0009406,,,False,45.03000000000017,0.0,42.79711309552532,2.3,5.142956348249516,0
66,trip,3890,3914.809854494165,z12,z30,toy-0009410,,,False,46.247113095525535,0.0,44.01422619105068,2.3,5.142956348249516,0
80,trip,3890,3921.910795394624,z30,z02,toy-0009405,,,False,45.03000000000012,0.0,42.15802841448394,2.3,7.273238618387272,0
86,trip,3890,3908.309854494165,z12,z31,toy-0009409,,,False,44.972113095524776,0.0,43.324226191049924,0.35,5.142956348249516,0
16,trip,3890,3905.3333333333335,z11,z31,toy-0009401,,,False,38.68705750998088,0.0,37.30705750998088,2.3,2.3,0
23,trip,3890,3898.8333333333335,z20,z21,toy-0009394,,,False,40.244691021412635,0.0,39.44969102141263,0.35,2.3,0
59,trip,3890,3908.309854494165,z11,z32,toy-0009399,,,False,38.6726114749758,0.0,37.02472457050095,0.35,5.142956348249516,0
88,trip,3890,3916.175637311527,z11,z02,toy-0009412,,,False,44.17257792588805,0.0,41.81677056785061,3.2526911934581184,4.6,0
24,trip,3890,3911.6846079563875,z20,z20,toy-0009403,,,False,39.83352679393422,0.0,37.88191207785935,3.2526911934581184,3.2526911934581184,0
36,trip,3890,3908.309854494165,z10,z31,toy-0009393,,,False,27.711167106559074,0.0,26.06328020208422,0.35,5.142956348249516,0
38,trip,3890,3916.175637311527,z20,z31,toy-0009411,,,False,46.24711309552517,0.0,43.891305737487734,4.6,3.2526911934581184,0
52,trip,3890,3898.8333333333335,z01,z00,toy-0009396,,,False,35.74381373606394,0.0,34.94881373606394,0.35,2.3,0
82,trip,3890,3898.8333333333335,z01,z11,toy-0009398,,,False,42.76338528392514,0.0,41.96838528392514,0.35,2.3,0
60,trip,3890,3908.5089706448603,z20,z32,toy-0009408,,,False,46.81419264196268,0.0,45.14838528392524,3.2526911934581184,2.3,0
44,trip,3890,3911.6846079563875,z10,z10,toy-0009397,,,False,41.99757792588798,0.0,40.04596320981311,3.2526911934581184,3.2526911934581184,0
55,trip,3890,3919.351274623054,z10,z31,toy-0009415,,,False,37.754691021413045,0.0,35.113076305338176,6.505382386916237,2.3,0
67,trip,3890,3908.5089706448603,z10,z22,toy-0009402,,,False,41.85261147497517,0.0,40.186804116937736,3.2526911934581184,2.3,0
71,visit,3890,3910.3333333333335,z01,z01,,depot_west,local,False,38.71085408311566,0.0,37.33085408311566,4.6,0,0
49,visit,3890,3905.0,z00,z00,,depot_west,local,True,39.409282715454694,8.695717284545303,47.894999999999996,0.7,0,5.217430370727182
31,visit,3890,3910.3333333333335,z22,z22,,hub_inner,local,False,39.507577925887546,0.0,38.12757792588754,4.6,0,0
87,visit,3890,3932.3333333333335,z31,z31,,depot_south,central,False,44.63919264196238,0.0,43.25919264196238,4.6,0,0
85,visit,3890,3905.0,z21,z21,,hub_inner,local,True,45.71999999999994,2.385000000000055,47.894999999999996,0.7,0,1.431000000000033
1,trip,3900,3918.5089706448603,z11,z30,toy-0009422,,,False,18.722800875839106,0.0,17.05699351780167,2.3,3.2526911934581184,0
11,trip,3900,3915.3333333333335,z31,z31,toy-0009417,,,False,31.359361823845123,0.0,29.979361823845124,2.3,2.3,0
4,trip,3900,3922.851274623054,z32,z10,toy-0009438,,,False,15.050932539805622,0.0,12.994317823730752,0.35,6.505382386916237,0
29,trip,3900,3908.8333333333335,z22,z12,toy-0009437,,,False,36.67144724749706,0.0,35.87644724749706,0.35,2.3,0
9,trip,3900,3908.8333333333335,z12,z22,toy-0009433,,,False,33.08740929153401,0.0,32.29240929153401,0.35,2.3,0
57,trip,3900,3912.0089706448603,z31,z22,toy-0009429,,,False,32.25261147497582,0.0,31.171804116938386,0.35,3.2526911934581184,0
54,trip,3900,3916.5,z22,z20,toy-0009434,,,False,40.177221056446626,0.0,38.69222105644663,0.35,4.6,0
10,trip,3900,3924.1666666666665,z01,z31,toy-0009419,,,False,20.129584773796054,0.0,17.954584773796054,0.35,6.8999999999999995,0
18,trip,3900,3925.410795394624,z01,z30,toy-0009418,,,False,28.458814510508585,0.0,26.171842924992404,0.35,7.273238618387272,0
76,trip,3900,3916.5,z31,z11,toy-0009427,,,False,39.89838528392542,0.0,38.41338528392542,0.35,4.6,0
50,trip,3900,3915.3333333333335,z32,z21,toy-0009428,,,False,44.44500000000008,0.0,43.065000000000076,2.3,2.3,0
65,trip,3900,3908.8333333333335,z22,z21,toy-0009436,,,False,44.737221056446145,0.0,43.942221056446144,0.35,2.3,0
51,trip,3900,3916.5,z12,z10,toy-0009432,,,False,41.29847535741789,0.0,39.81347535741789,0.35,4.6,0
32,trip,3900,3918.5089706448603,z11,z32,toy-0009423,,,False,37.19197197892823,0.0,35.526164620890796,2.3,3.2526911934581184,0
33,trip,3900,3915.3333333333335,z11,z20,toy-0009421,,,False,46.461785063733466,0.0,45.08178506373346,2.3,2.3,0
81,trip,3900,3918.309854494165,z32,z20,toy-0009439,,,False,42.55338528392505,0.0,40.9054983794502,0.35,5.142956348249516,0
89,trip,3900,3930.6666666666665,z32,z01,toy-0009426,,,False,34.5976450240632,0.0,31.8376450240632,2.3,6.8999999999999995,0
35,trip,3900,3928.809226445224,z02,z30,toy-0009431,,,False,38.223475357417946,0.0,35.63064497734779,0.35,8.292767933567175,0
73,trip,3900,3912.0089706448603,z22,z11,toy-0009435,,,False,34.688526793934194,0.0,33.60771943589676,0.35,3.2526911934581184,0
82,trip,3900,3908.8333333333335,z11,z12,toy-0009420,,,False,41.968385283925166,0.0,41.173385283925164,0.35,2.3,0
58,trip,3900,3918.309854494165,z02,z10,toy-0009430,,,False,15.09460499277669,0.0,13.446718088301836,0.35,5.142956348249516,0
77,trip,3900,3927.985491805692,z20,z10,toy-0009424,,,False,38.76422619105067,0.0,36.24553192853838,3.2526911934581184,5.142956348249516,0
30,trip,3900,3923.0,z00,z10,toy-0009416,,,False,26.872719435896915,0.0,24.802719435896915,4.6,2.3,0
68,trip,3900,3924.809854494165,z12,z30,toy-0009425,,,False,33.90691207785969,0.0,31.674025173384834,5.142956348249516,2.3,0
83,trip,3900,3941.387316555456,z12,z00,toy-0009453,,,False,43.592113095524994,0.0,39.86725460553396,5.142956348249516,7.273238618387272,0
26,trip,3900,3926.175637311527,z01,z12,toy-0009452,,,False,43.73044749046226,0.0,41.37464013242482,4.6,3.2526911934581184,0
52,trip,3900,3951.886688506515,z00,z01,toy-0009463,,,False,34.94881373606397,0.0,30.279011770477634,8.292767933567175,7.273238618387272,0
53,trip,3900,3923.0,z00,z12,toy-0009441,,,False,44.172577925887545,0.0,42.102577925887545,2.3,4.6,0
45,visit,3900,3915.0,z31,z31,,hub_core,local,True,36.60658642595384,11.498413574046156,47.894999999999996,0.7,0,6.8990481444276925
23,visit,3900,3915.0,z21,z21,,hub_inner,local,True,39.44969102141266,8.655308978587335,47.894999999999996,0.7,0,5.193185387152401
40,visit,3900,3942.3333333333335,z20,z20,,depot_south,central,False,44.15919264196274,0.0,42.77919264196274,4.6,0,0
8,trip,3910,3928.309854494165,z32,z20,toy-0009490,,,False,46.620000000000296,0.0,44.972113095525444,0.35,5.142956348249516,0
16,trip,3910,3926.5,z31,z11,toy-0009483,,,False,37.30705750998091,0.0,35.82205750998091,0.35,4.6,0
13,trip,3910,3918.8333333333335,z21,z22,toy-0009478,,,False,24.494613626327155,0.0,23.699613626327157,0.35,2.3,0
5,trip,3910,3933.0,z10,z00,toy-0009470,,,False,10.064308193402505,0.0,7.994308193402505,2.3,4.6,0
34,trip,3910,3934.809854494165,z10,z32,toy-0009473,,,False,34.42761147497601,0.0,32.19472457050116,2.3,5.142956348249516,0
9,trip,3910,3932.851274623054,z22,z00,toy-0009488,,,False,32.292409291534035,0.0,30.235794575459163,0.35,6.505382386916237,0
36,trip,3910,3941.910795394624,z31,z01,toy-0009474,,,False,26.063280202084233,0.0,23.19130861656805,2.3,7.273238618387272,0
75,trip,3910,3918.8333333333335,z31,z30,toy-0009481,,,False,41.716305737488135,0.0,40.92130573748813,0.35,2.3,0
0,trip,3910,3918.8333333333335,z11,z10,toy-0009475,,,False,21.83848749037595,0.0,21.043487490375952,0.35,2.3,0
2,trip,3910,3918.8333333333335,z00,z01,toy-0009469,,,False,26.622275357161534,0.0,25.827275357161533,0.35,2.3,0
43,trip,3910,3928.5089706448603,z21,z11,toy-0009471,,,False,26.651945626947057,0.0,24.98613826890962,2.3,3.2526911934581184,0
29,trip,3910,3926.5,z12,z32,toy-0009487,,,False,35.87644724749709,0.0,34.39144724749709,0.35,4.6,0
22,trip,3910,3922.0089706448603,z22,z31,toy-0009489,,,False,42.52469102141319,0.0,41.44388366337576,0.35,3.2526911934581184,0
86,trip,3910,3928.309854494165,z31,z10,toy-0009479,,,False,43.324226191049924,0.0,41.67633928657507,0.35,5.142956348249516,0
19,trip,3910,3928.5089706448603,z32,z20,toy-0009480,,,False,33.733700518256654,0.0,32.06789316021922,2.3,3.2526911934581184,0
65,trip,3910,3928.309854494165,z21,z00,toy-0009476,,,False,43.94222105644617,0.0,42.29433415197132,0.35,5.142956348249516,0
48,trip,3910,3940.6666666666665,z32,z01,toy-0009482,,,False,42.89757792588759,0.0,40.13757792588759,2.3,6.8999999999999995,0
46,trip,3910,3928.5089706448603,z10,z31,toy-0009472,,,False,46.81419264196296,0.0,45.14838528392553,2.3,3.2526911934581184,0
60,trip,3910,3918.8333333333335,z32,z31,toy-0009491,,,False,45.14838528392526,0.0,44.353385283925256,0.35,2.3,0
85,trip,3910,3928.5089706448603,z21,z22,toy-0009485,,,False,47.89500000000003,0.0,46.2291926419626,2.3,3.2526911934581184,0
42,trip,3910,3928.5089706448603,z22,z21,toy-0009484,,,False,42.89119661079062,0.0,41.22538925275319,3.2526911934581184,2.3,0
67,trip,3910,3928.5089706448603,z22,z32,toy-0009486,,,False,40.18680411693775,0.0,38.52099675890032,3.2526911934581184,2.3,0
37,trip,3910,3931.6846079563875,z12,z10,toy-0009477,,,False,42.107113095524966,0.0,40.155498379450094,3.2526911934581184,3.2526911934581184,0
47,trip,3910,3934.809854494165,z12,z21,toy-0009504,,,False,40.37180295116234,0.0,38.138916046687484,5.142956348249516,2.3,0
82,trip,3910,3948.3333333333335,z12,z02,toy-0009516,,,False,41.17338528392519,0.0,37.72338528392519,4.6,6.8999999999999995,0
6,trip,3910,3934.809854494165,z01,z32,toy-0009497,,,False,34.016447247497105,0.0,31.783560343022252,2.3,5.142956348249516,0
17,trip,3910,3940.6666666666665,z01,z01,toy-0009499,,,False,26.07864178296359,0.0,23.31864178296359,4.6,4.6,0
3,trip,3910,3948.3333333333335,z02,z30,toy-0009513,,,False,41.21352679393395,0.0,37.76352679393395,6.8999999999999995,4.6,0
25,trip,3910,3928.5089706448603,z01,z22,toy-0009496,,,False,39.92363945141211,0.0,38.257832093374674,2.3,3.2526911934581184,0
63,trip,3910,3957.2441287279576,z01,z00,toy-0009503,,,False,39.436305737487686,0.0,35.184334151971505,6.8999999999999995,7.273238618387272,0
69,trip,3910,3950.1431878274984,z01,z12,toy-0009505,,,False,36.15560634037149,0.0,32.542719435896636,6.8999999999999995,5.142956348249516,0
21,trip,3910,3950.1431878274984,z02,z11,toy-0009514,,,False,39.722113095525145,0.0,36.10922619105029,6.8999999999999995,5.142956348249516,0
62,trip,3910,3942.476521160832,z02,z10,toy-0009509,,,False,41.86661171794066,0.0,38.9437248134658,4.6,5.142956348249516,0
12,trip,3910,3934.809854494165,z00,z20,toy-0009498,,,False,39.76636226189241,0.0,37.53347535741756,5.142956348249516,2.3,0
49,trip,3910,3940.6666666666665,z00,z22,toy-0009492,,,False,47.89499999999974,0.0,45.13499999999974,4.6,4.6,0
72,trip,3910,3933.0,z02,z21,toy-0009511,,,False,31.49321781534735,0.0,29.42321781534735,4.6,2.3,0
84,trip,3910,3934.809854494165,z00,z22,toy-0009494,,,False,35.1398325314215,0.0,32.906945626946644,2.3,5.142956348249516,0
20,visit,3910,3942.0044763431115,z11,z11,,hub_center,local,False,6.986428317036385,41.11857168296362,47.895,0.7,0,24.67114300977817
7,visit,3910,3930.3333333333335,z22,z22,,hub_inner,local,False,19.35772978275189,0.0,17.97772978275189,4.6,0,0
39,visit,3910,3930.3333333333335,z12,z12,,hub_center,local,False,34.067362566455486,0.0,32.687362566455484,4.6,0,0
70,visit,3910,3939.3333333333335,z00,z00,,depot_west,central,False,36.106958802937534,0.0,35.89695880293753,0.7,0,0
59,visit,3910,3967.6666666666665,z32,z32,,depot_south,central,False,37.02472457050095,0.0,34.26472457050095,9.2,0,0
15,visit,3910,3925.0,z11,z11,,hub_center,local,True,38.83549837945015,9.269501620549846,47.894999999999996,0.7,0,5.561700972329907
2,trip,3920,3938.5089706448603,z01,z11,toy-0009518,,,False,25.82727535716156,0.0,24.161467999124124,2.3,3.2526911934581184,0
23,trip,3920,3932.0089706448603,z21,z12,toy-0009522,,,False,47.89500000000006,0.0,46.81419264196263,0.35,3.2526911934581184,0
11,trip,3920,3936.5,z31,z11,toy-0009526,,,False,29.97936182384515,0.0,28.49436182384515,0.35,4.6,0
28,trip,3920,3936.5,z32,z12,toy-0009535,,,False,37.030696413863964,0.0,35.545696413863965,0.35,4.6,0
31,trip,3920,3932.0089706448603,z22,z11,toy-0009529,,,False,38.12757792588758,0.0,37.046770567850146,0.35,3.2526911934581184,0
57,trip,3920,3938.309854494165,z22,z30,toy-0009528,,,False,31.171804116938397,0.0,29.52391721246354,0.35,5.142956348249516,0
50,trip,3920,3928.8333333333335,z21,z11,toy-0009521,,,False,43.065000000000104,0.0,42.2700000000001,0.35,2.3,0
64,trip,3920,3938.5089706448603,z12,z31,toy-0009530,,,False,39.14405755669601,0.0,37.47825019865858,2.3,3.2526911934581184,0
38,trip,3920,3935.3333333333335,z31,z31,toy-0009534,,,False,43.89130573748773,0.0,42.511305737487724,2.3,2.3,0
45,trip,3920,3944.1666666666665,z31,z01,toy-0009525,,,False,47.89499999999974,0.0,45.71999999999974,0.35,6.8999999999999995,0
44,trip,3920,3936.5,z10,z30,toy-0009519,,,False,40.04596320981311,0.0,38.56096320981311,0.35,4.6,0
55,trip,3920,3938.309854494165,z31,z10,toy-0009523,,,False,35.11307630533819,0.0,33.46518940086334,0.35,5.142956348249516,0
60,trip,3920,3955.309226445224,z31,z00,toy-0009532,,,False,44.353385283925284,0.0,41.17555490385513,2.3,8.292767933567175,0
78,trip,3920,3955.0864327061513,z21,z01,toy-0009533,,,False,39.08807630533831,0.0,35.930297361784696,3.2526911934581184,7.273238618387272,0
73,trip,3920,3938.309854494165,z11,z30,toy-0009520,,,False,33.60771943589677,0.0,31.959832531421913,0.35,5.142956348249516,0
1,trip,3920,3951.910795394624,z30,z02,toy-0009527,,,False,17.05699351780168,0.0,14.185021932285498,2.3,7.273238618387272,0
74,trip,3920,3935.3333333333335,z12,z32,toy-0009531,,,False,42.79711309552533,0.0,41.41711309552533,2.3,2.3,0
61,trip,3920,3938.5089706448603,z30,z20,toy-0009524,,,False,31.931156703866225,0.0,30.26534934582879,2.3,3.2526911934581184,0
76,trip,3920,3946.175637311527,z11,z02,toy-0009555,,,False,38.413385283925415,0.0,36.057577925887976,3.2526911934581184,4.6,0
41,trip,3920,3949.351274623054,z02,z30,toy-0009552,,,False,41.207113095524846,0.0,38.56549837944998,2.3,6.505382386916237,0
24,trip,3920,3928.8333333333335,z20,z21,toy-0009538,,,False,37.88191207785935,0.0,37.086912077859346,0.35,2.3,0
58,trip,3920,3928.8333333333335,z10,z20,toy-0009536,,,False,13.446718088301845,0.0,12.651718088301845,0.35,2.3,0
66,trip,3920,3935.3333333333335,z30,z32,toy-0009549,,,False,44.014226191050696,0.0,42.63422619105069,2.3,2.3,0
33,trip,3920,3935.3333333333335,z20,z22,toy-0009542,,,False,45.08178506373349,0.0,43.70178506373349,2.3,2.3,0
75,trip,3920,3935.3333333333335,z30,z30,toy-0009544,,,False,40.92130573748816,0.0,39.54130573748816,2.3,2.3,0
54,trip,3920,3938.5089706448603,z20,z21,toy-0009546,,,False,38.69222105644662,0.0,37.026413698409186,3.2526911934581184,2.3,0
71,trip,3920,3951.910795394624,z01,z31,toy-0009550,,,False,37.330854083115696,0.0,34.45888249759952,2.3,7.273238618387272,0
81,trip,3920,3938.5089706448603,z20,z32,toy-0009543,,,False,40.9054983794502,0.0,39.23969102141277,2.3,3.2526911934581184,0
0,visit,3920,3940.3333333333335,z10,z10,,depot_west,local,False,21.043487490375977,0.0,19.663487490375978,4.6,0,0
13,visit,3920,3940.3333333333335,z22,z22,,hub_inner,local,False,23.69961362632718,0.0,22.319613626327182,4.6,0,0
32,visit,3920,3977.6666666666665,z32,z32,,depot_south,central,False,35.52616462089081,0.0,32.76616462089081,9.2,0,0
56,visit,3920,3940.3333333333335,z22,z22,,hub_inner,local,False,36.01761147497546,0.0,34.63761147497546,4.6,0,0
51,visit,3920,3940.3333333333335,z10,z10,,depot_west,local,False,39.813475357417886,0.0,38.43347535741788,4.6,0,0
88,visit,3920,3955.6666666666665,z02,z02,,depot_west,local,False,41.816770567850604,0.0,39.056770567850606,9.2,0,0
10,trip,3930,3955.410795394624,z31,z00,toy-0009568,,,False,17.95458477379607,0.0,15.66761318827989,0.35,7.273238618387272,0
80,trip,3930,3942.0089706448603,z02,z11,toy-0009575,,,False,42.15802841448396,0.0,41.077221056446525,0.35,3.2526911934581184,0
22,trip,3930,3942.0089706448603,z31,z20,toy-0009570,,,False,41.443883663375765,0.0,40.36307630533833,0.35,3.2526911934581184,0
24,trip,3930,3942.0089706448603,z21,z10,toy-0009565,,,False,37.086912077859374,0.0,36.00610471982194,0.35,3.2526911934581184,0
25,trip,3930,3948.309854494165,z22,z01,toy-0009576,,,False,38.25783209337469,0.0,36.609945188899836,0.35,5.142956348249516,0
4,trip,3930,3948.309854494165,z10,z22,toy-0009559,,,False,12.994317823730762,0.0,11.346430919255909,0.35,5.142956348249516,0
15,trip,3930,3942.0089706448603,z11,z02,toy-0009564,,,False,47.895000000000294,0.0,46.81419264196286,0.35,3.2526911934581184,0
18,trip,3930,3942.0089706448603,z30,z21,toy-0009562,,,False,26.171842924992422,0.0,25.091035566954986,0.35,3.2526911934581184,0
27,trip,3930,3938.8333333333335,z21,z20,toy-0009566,,,False,36.23071545218682,0.0,35.43571545218682,0.35,2.3,0
46,trip,3930,3942.0089706448603,z31,z22,toy-0009573,,,False,45.14838528392554,0.0,44.06757792588811,0.35,3.2526911934581184,0
29,trip,3930,3945.3333333333335,z32,z32,toy-0009574,,,False,34.391447247497084,0.0,33.01144724749708,2.3,2.3,0
67,trip,3930,3948.309854494165,z32,z11,toy-0009579,,,False,38.52099675890033,0.0,36.87310985442548,0.35,5.142956348249516,0
42,trip,3930,3938.8333333333335,z21,z31,toy-0009567,,,False,41.2253892527532,0.0,40.4303892527532,0.35,2.3,0
16,trip,3930,3938.8333333333335,z11,z21,toy-0009563,,,False,35.8220575099809,0.0,35.0270575099809,0.35,2.3,0
35,trip,3930,3954.809854494165,z30,z10,toy-0009569,,,False,35.63064497734779,0.0,33.39775807287294,2.3,5.142956348249516,0
68,trip,3930,3945.3333333333335,z30,z21,toy-0009572,,,False,31.674025173384845,0.0,30.294025173384846,2.3,2.3,0
79,trip,3930,3960.6666666666665,z21,z01,toy-0009571,,,False,35.38357468478809,0.0,32.62357468478809,2.3,6.8999999999999995,0
85,trip,3930,3945.3333333333335,z22,z31,toy-0009581,,,False,46.22919264196261,0.0,44.84919264196261,2.3,2.3,0
26,trip,3930,3960.6666666666665,z12,z30,toy-0009578,,,False,41.374640132424815,0.0,38.61464013242482,4.6,4.6,0
30,trip,3930,3952.851274623054,z10,z32,toy-0009560,,,False,24.802719435896915,0.0,22.746104719822043,0.35,6.505382386916237,0
53,trip,3930,3956.175637311527,z12,z21,toy-0009580,,,False,42.102577925887545,0.0,39.746770567850106,4.6,3.2526911934581184,0
8,trip,3930,3942.0089706448603,z20,z31,toy-0009561,,,False,44.972113095525444,0.0,43.89130573748801,0.35,3.2526911934581184,0
19,trip,3930,3968.827795783886,z20,z10,toy-0009577,,,False,32.067893160219235,0.0,28.573391539669508,5.142956348249516,6.505382386916237,0
50,trip,3930,3948.5089706448603,z11,z32,toy-0009603,,,False,42.27000000000013,0.0,40.6041926419627,3.2526911934581184,2.3,0
58,trip,3930,3965.0864327061513,z20,z02,toy-0009594,,,False,12.651718088301871,0.0,9.493939144748254,3.2526911934581184,7.273238618387272,0
77,trip,3930,3974.6846079563875,z10,z02,toy-0009604,,,False,36.24553192853838,0.0,32.223917212463505,6.505382386916237,6.8999999999999995,0
86,trip,3930,3957.985491805692,z10,z31,toy-0009602,,,False,41.67633928657507,0.0,39.15764502406278,5.142956348249516,3.2526911934581184,0
14,trip,3930,3967.017941289721,z00,z20,toy-0009600,,,False,11.182059843612883,0.0,7.850445127538013,6.505382386916237,4.6,0
65,trip,3930,3962.476521160832,z00,z01,toy-0009584,,,False,42.29433415197132,0.0,39.37144724749646,4.6,5.142956348249516,0
43,visit,3930,3945.0,z11,z11,,hub_center,local,True,24.98613826890963,12.777777777777779,37.55391604668741,0.7,0,7.666666666666668
6,trip,3940,3958.309854494165,z32,z11,toy-0009629,,,False,31.783560343022263,0.0,30.135673438547407,0.35,5.142956348249516,0
12,trip,3940,3948.8333333333335,z20,z10,toy-0009609,,,False,37.53347535741757,0.0,36.73847535741757,0.35,2.3,0
34,trip,3940,3952.0089706448603,z32,z21,toy-0009630,,,False,32.19472457050117,0.0,31.113917212463736,0.35,3.2526911934581184,0
11,trip,3940,3956.5,z11,z31,toy-0009612,,,False,28.49436182384515,0.0,27.00936182384515,0.35,4.6,0
16,trip,3940,3948.8333333333335,z21,z31,toy-0009616,,,False,35.02705750998093,0.0,34.232057509980926,0.35,2.3,0
38,trip,3940,3952.0089706448603,z31,z20,toy-0009622,,,False,42.51130573748775,0.0,41.43049837945032,0.35,3.2526911934581184,0
27,trip,3940,3952.0089706448603,z20,z11,toy-0009610,,,False,35.43571545218685,0.0,34.354908094149415,0.35,3.2526911934581184,0
66,trip,3940,3948.8333333333335,z32,z31,toy-0009631,,,False,42.63422619105072,0.0,41.83922619105072,0.35,2.3,0
47,trip,3940,3956.5,z21,z01,toy-0009615,,,False,38.1389160466875,0.0,36.6539160466875,0.35,4.6,0
74,trip,3940,3958.309854494165,z32,z20,toy-0009627,,,False,41.41711309552536,0.0,39.76922619105051,0.35,5.142956348249516,0
7,trip,3940,3952.0089706448603,z22,z11,toy-0009625,,,False,17.977729782751915,0.0,16.89692242471448,0.35,3.2526911934581184,0
31,trip,3940,3958.309854494165,z11,z32,toy-0009614,,,False,37.04677056785015,0.0,35.3988836633753,0.35,5.142956348249516,0
57,trip,3940,3956.5,z30,z10,toy-0009611,,,False,29.523917212463555,0.0,28.038917212463556,0.35,4.6,0
54,trip,3940,3948.8333333333335,z21,z22,toy-0009618,,,False,37.0264136984092,0.0,36.2314136984092,0.35,2.3,0
33,trip,3940,3958.309854494165,z22,z10,toy-0009624,,,False,43.70178506373352,0.0,42.053898159258665,0.35,5.142956348249516,0
42,trip,3940,3955.3333333333335,z31,z22,toy-0009632,,,False,40.43038925275323,0.0,39.05038925275323,2.3,2.3,0
9,trip,3940,3958.309854494165,z00,z12,toy-0009606,,,False,30.235794575459174,0.0,28.58790767098432,0.35,5.142956348249516,0
64,trip,3940,3958.5089706448603,z31,z12,toy-0009617,,,False,37.47825019865859,0.0,35.81244284062116,2.3,3.2526911934581184,0
84,trip,3940,3971.910795394624,z22,z01,toy-0009628,,,False,32.90694562694666,0.0,30.034974041430477,2.3,7.273238618387272,0
37,trip,3940,3948.8333333333335,z10,z11,toy-0009607,,,False,40.155498379450094,0.0,39.36049837945009,0.35,2.3,0
23,trip,3940,3948.8333333333335,z12,z22,toy-0009623,,,False,46.814192641962634,0.0,46.01919264196263,0.35,2.3,0
87,trip,3940,3965.410795394624,z31,z00,toy-0009620,,,False,43.259192641962414,0.0,40.97222105644623,0.35,7.273238618387272,0
55,trip,3940,3952.0089706448603,z10,z21,toy-0009608,,,False,33.46518940086334,0.0,32.384382042825905,0.35,3.2526911934581184,0
39,trip,3940,3958.5089706448603,z12,z22,toy-0009613,,,False,32.68736256645552,0.0,31.021555208418082,2.3,3.2526911934581184,0
73,trip,3940,3964.809854494165,z30,z10,toy-0009621,,,False,31.95983253142192,0.0,29.726945626947064,2.3,5.142956348249516,0
75,trip,3940,3982.9758931118904,z30,z00,toy-0009626,,,False,39.54130573748819,0.0,35.673475357418035,4.6,8.292767933567175,0
89,trip,3940,3966.175637311527,z01,z32,toy-0009619,,,False,31.837645024063214,0.0,29.48183766602578,4.6,3.2526911934581184,0
70,trip,3940,3975.309226445224,z00,z31,toy-0009654,,,False,35.896958802937554,0.0,32.7191284228674,8.292767933567175,2.3,0
5,trip,3940,3955.3333333333335,z00,z00,toy-0009633,,,False,7.994308193402505,0.0,6.614308193402505,2.3,2.3,0
2,visit,3940,3955.0,z11,z11,,hub_center,local,True,24.161467999124135,12.777777777777779,36.72924577690191,0.7,0,7.666666666666668
72,visit,3940,3955.0,z21,z21,,hub_inner,local,True,29.42321781534735,12.777777777777779,41.99099559312513,0.7,0,7.666666666666668
61,visit,3940,3982.3333333333335,z20,z20,,depot_south,central,False,30.2653493458288,0.0,28.8853493458288,4.6,0,0
28,visit,3940,3975.6666666666665,z12,z12,,hub_waterfront,local,False,35.54569641386396,0.0,32.78569641386396,9.2,0,0
44,visit,3940,3955.0,z30,z30,,depot_south,local,True,38.5609632098131,9.544036790186892,47.894999999999996,0.7,0,5.726422074112135
81,visit,3940,3955.0,z32,z32,,hub_waterfront,local,True,39.23969102141278,8.865308978587215,47.894999999999996,0.7,0,5.319185387152329
4,trip,3950,3958.8333333333335,z22,z32,toy-0009673,,,False,11.346430919255917,0.0,10.551430919255917,0.35,2.3,0
68,trip,3950,3962.0089706448603,z21,z32,toy-0009663,,,False,30.29402517338487,0.0,29.213217815347434,0.35,3.2526911934581184,0
20,trip,3950,3958.8333333333335,z11,z01,toy-0009658,,,False,47.89499999999976,0.0,47.09999999999976,0.35,2.3,0
29,trip,3950,3958.8333333333335,z32,z22,toy-0009678,,,False,33.01144724749711,0.0,32.21644724749711,0.35,2.3,0
8,trip,3950,3965.3333333333335,z31,z31,toy-0009661,,,False,43.89130573748802,0.0,42.511305737488016,2.3,2.3,0
50,trip,3950,3966.5,z32,z12,toy-0009677,,,False,40.60419264196271,0.0,39.11919264196271,0.35,4.6,0
22,trip,3950,3972.851274623054,z20,z02,toy-0009657,,,False,40.36307630533834,0.0,38.30646158926347,0.35,6.505382386916237,0
16,trip,3950,3975.410795394624,z31,z02,toy-0009668,,,False,34.232057509980955,0.0,31.945085924464774,0.35,7.273238618387272,0
66,trip,3950,3958.8333333333335,z31,z32,toy-0009670,,,False,41.83922619105075,0.0,41.04422619105075,0.35,2.3,0
85,trip,3950,3966.5,z31,z11,toy-0009666,,,False,44.84919264196264,0.0,43.36419264196264,0.35,4.6,0
3,trip,3950,3965.3333333333335,z30,z21,toy-0009667,,,False,37.763526793933934,0.0,36.38352679393393,2.3,2.3,0
40,trip,3950,3958.8333333333335,z20,z21,toy-0009655,,,False,42.77919264196277,0.0,41.98419264196277,0.35,2.3,0
41,trip,3950,3968.5089706448603,z30,z22,toy-0009669,,,False,38.56549837944999,0.0,36.89969102141256,2.3,3.2526911934581184,0
13,trip,3950,3965.3333333333335,z22,z22,toy-0009662,,,False,22.319613626327207,0.0,20.93961362632721,2.3,2.3,0
23,trip,3950,3968.5089706448603,z22,z30,toy-0009665,,,False,46.01919264196266,0.0,44.35338528392523,3.2526911934581184,2.3,0
46,trip,3950,3974.809854494165,z22,z20,toy-0009674,,,False,44.067577925888116,0.0,41.83469102141326,2.3,5.142956348249516,0
49,trip,3950,3977.985491805692,z22,z10,toy-0009664,,,False,45.134999999999714,0.0,42.61630573748742,3.2526911934581184,5.142956348249516,0
0,trip,3950,3968.5089706448603,z10,z31,toy-0009656,,,False,19.663487490376003,0.0,17.997680132338566,2.3,3.2526911934581184,0
37,trip,3950,3965.3333333333335,z11,z20,toy-0009660,,,False,39.36049837945012,0.0,37.98049837945012,2.3,2.3,0
54,trip,3950,3968.5089706448603,z22,z21,toy-0009676,,,False,36.23141369840923,0.0,34.565606340371794,2.3,3.2526911934581184,0
56,trip,3950,3958.8333333333335,z22,z21,toy-0009672,,,False,34.63761147497549,0.0,33.84261147497549,0.35,2.3,0
43,trip,3950,3968.5089706448603,z11,z10,toy-0009659,,,False,37.55391604668718,0.0,35.888108688649744,2.3,3.2526911934581184,0
80,trip,3950,3982.476521160832,z11,z30,toy-0009675,,,False,41.07722105644653,0.0,38.154334151971675,5.142956348249516,4.6,0
15,trip,3950,3965.3333333333335,z02,z02,toy-0009671,,,False,46.81419264196287,0.0,45.434192641962866,2.3,2.3,0
24,trip,3950,3991.387316555456,z10,z00,toy-0009681,,,False,36.00610471982195,0.0,32.28124622983091,5.142956348249516,7.273238618387272,0
51,trip,3950,3984.286375654997,z10,z12,toy-0009684,,,False,38.43347535741792,0.0,35.34770154846821,5.142956348249516,5.142956348249516,0
62,trip,3950,3968.5089706448603,z10,z11,toy-0009680,,,False,38.94372481346579,0.0,37.27791745542836,3.2526911934581184,2.3,0
76,trip,3950,3997.2441287279576,z02,z01,toy-0009690,,,False,36.05757792588797,0.0,31.80560634037179,6.8999999999999995,7.273238618387272,0
82,trip,3950,3996.0,z02,z02,toy-0009693,,,False,37.72338528392518,0.0,33.58338528392518,6.8999999999999995,6.8999999999999995,0
25,trip,3950,3981.910795394624,z01,z31,toy-0009692,,,False,36.609945188899836,0.0,33.73797360338365,7.273238618387272,2.3,0
36,trip,3950,3983.8423039781937,z01,z20,toy-0009682,,,False,23.191308616568065,0.0,20.14550125853063,6.8999999999999995,3.2526911934581184,0
45,trip,3950,3965.3333333333335,z01,z21,toy-0009679,,,False,45.71999999999975,0.0,44.33999999999975,2.3,2.3,0
48,trip,3950,3982.476521160832,z01,z20,toy-0009687,,,False,40.137577925887605,0.0,37.21469102141275,5.142956348249516,4.6,0
17,visit,3950,3970.3333333333335,z01,z01,,depot_west,local,False,23.318641782963564,0.0,21.938641782963565,4.6,0,0
18,visit,3950,3998.6846079563875,z21,z21,,depot_south,central,False,25.091035566955,0.0,23.13942085088013,6.505382386916237,0,0
12,visit,3950,3992.3333333333335,z10,z10,,depot_west,central,False,36.7384753574176,0.0,35.358475357417596,4.6,0,0
67,visit,3950,3965.0,z11,z11,,hub_center,local,True,36.87310985442548,11.231890145574518,47.894999999999996,0.7,0,6.739134087344711
83,visit,3950,3979.3333333333335,z00,z00,,depot_west,central,False,39.86725460553396,0.0,39.65725460553396,0.7,0,0
4,trip,3960,3968.8333333333335,z32,z22,toy-0009720,,,False,10.551430919255944,0.0,9.756430919255944,0.35,2.3,0
9,trip,3960,3976.5,z12,z10,toy-0009713,,,False,28.587907670984332,0.0,27.102907670984333,0.35,4.6,0
38,trip,3960,3978.309854494165,z20,z32,toy-0009696,,,False,41.43049837945033,0.0,39.782611474975475,0.35,5.142956348249516,0
11,trip,3960,3968.8333333333335,z31,z21,toy-0009711,,,False,27.00936182384515,0.0,26.214361823845152,0.35,2.3,0
29,trip,3960,3972.0089706448603,z22,z11,toy-0009716,,,False,32.216447247497136,0.0,31.1356398894597,0.35,3.2526911934581184,0
10,trip,3960,3984.1666666666665,z00,z30,toy-0009694,,,False,15.667613188279908,0.0,13.492613188279908,0.35,6.8999999999999995,0
31,trip,3960,3972.0089706448603,z32,z21,toy-0009719,,,False,35.3988836633753,0.0,34.31807630533787,0.35,3.2526911934581184,0
34,trip,3960,3976.5,z21,z01,toy-0009705,,,False,31.113917212463747,0.0,29.628917212463747,0.35,4.6,0
44,trip,3960,3968.8333333333335,z30,z31,toy-0009697,,,False,47.89500000000009,0.0,47.10000000000009,0.35,2.3,0
40,trip,3960,3968.8333333333335,z21,z31,toy-0009706,,,False,41.9841926419628,0.0,41.1891926419628,0.35,2.3,0
2,trip,3960,3976.5,z11,z31,toy-0009702,,,False,36.729245776901685,0.0,35.244245776901685,0.35,4.6,0
33,trip,3960,3983.0,z10,z00,toy-0009695,,,False,42.053898159258665,0.0,39.983898159258665,2.3,4.6,0
53,trip,3960,3972.0089706448603,z21,z12,toy-0009707,,,False,39.7467705678501,0.0,38.665963209812666,0.35,3.2526911934581184,0
71,trip,3960,3972.0089706448603,z31,z22,toy-0009712,,,False,34.45888249759953,0.0,33.3780751395621,0.35,3.2526911934581184,0
6,trip,3960,3978.309854494165,z11,z30,toy-0009701,,,False,30.13567343854742,0.0,28.487786534072566,0.35,5.142956348249516,0
86,trip,3960,3984.809854494165,z31,z22,toy-0009699,,,False,39.15764502406278,0.0,36.92475811958793,2.3,5.142956348249516,0
55,trip,3960,3975.3333333333335,z21,z30,toy-0009709,,,False,32.38438204282591,0.0,31.004382042825913,2.3,2.3,0
56,trip,3960,3984.809854494165,z21,z10,toy-0009708,,,False,33.84261147497552,0.0,31.609724570500667,2.3,5.142956348249516,0
72,trip,3960,3978.309854494165,z21,z00,toy-0009704,,,False,41.9909955931249,0.0,40.34310868865005,0.35,5.142956348249516,0
20,trip,3960,3985.410795394624,z01,z32,toy-0009700,,,False,47.09999999999979,0.0,44.813028414483604,0.35,7.273238618387272,0
39,trip,3960,3978.309854494165,z22,z10,toy-0009715,,,False,31.021555208418093,0.0,29.373668303943237,0.35,5.142956348249516,0
66,trip,3960,3983.0,z32,z11,toy-0009710,,,False,41.044226191050775,0.0,38.974226191050775,2.3,4.6,0
42,trip,3960,3972.0089706448603,z22,z31,toy-0009717,,,False,39.050389252753256,0.0,37.96958189471582,0.35,3.2526911934581184,0
7,trip,3960,3978.309854494165,z11,z32,toy-0009703,,,False,16.896922424714493,0.0,15.249035520239637,0.35,5.142956348249516,0
57,trip,3960,3997.017941289721,z10,z12,toy-0009698,,,False,28.038917212463556,0.0,24.707302496388685,4.6,6.505382386916237,0
69,trip,3960,3978.309854494165,z12,z31,toy-0009714,,,False,32.54271943589663,0.0,30.894832531421773,0.35,5.142956348249516,0
81,trip,3960,3988.809226445224,z32,z00,toy-0009718,,,False,47.89499999999976,0.0,45.30216961992961,0.35,8.292767933567175,0
21,trip,3960,3975.3333333333335,z11,z22,toy-0009727,,,False,36.10922619105028,0.0,34.72922619105028,2.3,2.3,0
27,trip,3960,3999.577462061291,z11,z02,toy-0009732,,,False,34.35490809414942,0.0,30.79293650863324,4.6,7.273238618387272,0
47,trip,3960,3978.5089706448603,z01,z20,toy-0009724,,,False,36.65391604668749,0.0,34.98810868865006,2.3,3.2526911934581184,0
78,trip,3960,3986.175637311527,z01,z32,toy-0009728,,,False,35.930297361784696,0.0,33.57449000374726,4.6,3.2526911934581184,0
1,trip,3960,3997.017941289721,z02,z00,toy-0009735,,,False,14.18502193228551,0.0,10.85340721621064,4.6,6.505382386916237,0
60,trip,3960,3995.0864327061513,z00,z20,toy-0009729,,,False,41.17555490385514,0.0,38.01777596030152,7.273238618387272,3.2526911934581184,0
63,trip,3960,3991.910795394624,z00,z21,toy-0009731,,,False,35.184334151971505,0.0,32.31236256645532,7.273238618387272,2.3,0
88,trip,3960,3990.6666666666665,z02,z31,toy-0009740,,,False,39.056770567850585,0.0,36.29677056785059,6.8999999999999995,2.3,0
5,visit,3960,3992.227748417292,z00,z00,,depot_west,local,False,6.6143081934025325,41.49069180659747,47.895,0.7,0,24.894415083958478
30,visit,3960,3975.0,z32,z32,,hub_waterfront,local,True,22.746104719822057,12.777777777777779,35.313882497599835,0.7,0,7.666666666666668
52,visit,3960,3980.3333333333335,z01,z01,,depot_west,local,False,30.27901177047763,0.0,28.89901177047763,4.6,0,0
35,visit,3960,3980.3333333333335,z10,z10,,depot_west,local,False,33.39775807287295,0.0,32.01775807287295,4.6,0,0
64,visit,3960,4030.369215912775,z12,z12,,depot_south,central,False,35.81244284062117,0.0,31.90921340847143,13.010764773832474,0,0
74,visit,3960,3980.3333333333335,z20,z20,,depot_south,local,False,39.76922619105051,0.0,38.389226191050504,4.6,0,0
0,trip,3970,3982.0089706448603,z31,z22,toy-0009754,,,False,17.997680132338576,0.0,16.91687277430114,0.35,3.2526911934581184,0
62,trip,3970,3982.0089706448603,z11,z00,toy-0009745,,,False,37.27791745542837,0.0,36.19711009739094,0.35,3.2526911934581184,0
4,trip,3970,3978.8333333333335,z22,z12,toy-0009758,,,False,9.75643091925597,0.0,8.961430919255971,0.35,2.3,0
3,trip,3970,3982.0089706448603,z21,z30,toy-0009748,,,False,36.38352679393396,0.0,35.30271943589653,0.35,3.2526911934581184,0
59,trip,3970,3988.309854494165,z32,z11,toy-0009760,,,False,34.26472457050093,0.0,32.61683766602608,0.35,5.142956348249516,0
15,trip,3970,3992.851274623054,z02,z20,toy-0009756,,,False,45.434192641962895,0.0,43.377577925888026,0.35,6.505382386916237,0
19,trip,3970,3986.5,z10,z12,toy-0009742,,,False,28.573391539669508,0.0,27.08839153966951,0.35,4.6,0
14,trip,3970,3978.8333333333335,z20,z30,toy-0009743,,,False,7.850445127537998,0.0,7.055445127537998,0.35,2.3,0
65,trip,3970,3982.0089706448603,z01,z12,toy-0009744,,,False,39.371447247496455,0.0,38.29063988945902,0.35,3.2526911934581184,0
8,trip,3970,3995.410795394624,z31,z00,toy-0009751,,,False,42.511305737488044,0.0,40.22433415197186,0.35,7.273238618387272,0
11,trip,3970,3978.8333333333335,z21,z11,toy-0009749,,,False,26.214361823845177,0.0,25.41936182384518,0.35,2.3,0
68,trip,3970,3986.5,z32,z30,toy-0009759,,,False,29.21321781534745,0.0,27.72821781534745,0.35,4.6,0
43,trip,3970,3982.0089706448603,z10,z01,toy-0009741,,,False,35.88810868864976,0.0,34.807301330612326,0.35,3.2526911934581184,0
40,trip,3970,3988.309854494165,z31,z10,toy-0009752,,,False,41.189192641962826,0.0,39.541305737487974,0.35,5.142956348249516,0
89,trip,3970,3982.0089706448603,z32,z21,toy-0009761,,,False,29.48183766602576,0.0,28.401030307988325,0.35,3.2526911934581184,0
45,trip,3970,3988.309854494165,z21,z02,toy-0009750,,,False,44.339999999999776,0.0,42.692113095524924,0.35,5.142956348249516,0
44,trip,3970,3978.8333333333335,z31,z32,toy-0009755,,,False,47.100000000000115,0.0,46.30500000000011,0.35,2.3,0
54,trip,3970,3982.0089706448603,z21,z10,toy-0009747,,,False,34.56560634037181,0.0,33.484798982334375,0.35,3.2526911934581184,0
50,trip,3970,3978.8333333333335,z12,z11,toy-0009757,,,False,39.119192641962705,0.0,38.3241926419627,0.35,2.3,0
23,trip,3970,3993.0,z30,z11,toy-0009753,,,False,44.35338528392524,0.0,42.28338528392524,2.3,4.6,0
67,trip,3970,3978.8333333333335,z11,z12,toy-0009746,,,False,47.89499999999985,0.0,47.099999999999845,0.35,2.3,0
13,trip,3970,3993.0,z22,z12,toy-0009762,,,False,20.939613626327233,0.0,18.869613626327233,2.3,4.6,0
26,trip,3970,3985.3333333333335,z30,z32,toy-0009775,,,False,38.61464013242479,0.0,37.234640132424786,2.3,2.3,0
37,trip,3970,3988.5089706448603,z20,z21,toy-0009773,,,False,37.98049837945015,0.0,36.31469102141271,3.2526911934581184,2.3,0
73,trip,3970,3992.851274623054,z10,z32,toy-0009765,,,False,29.726945626947074,0.0,27.670330910872202,0.35,6.505382386916237,0
85,trip,3970,3994.809854494165,z11,z31,toy-0009763,,,False,43.36419264196263,0.0,41.13130573748778,2.3,5.142956348249516,0
41,trip,3970,3996.175637311527,z22,z31,toy-0009767,,,False,36.89969102141257,0.0,34.543883663375134,4.6,3.2526911934581184,0
79,trip,3970,3988.5089706448603,z01,z02,toy-0009769,,,False,32.6235746847881,0.0,30.957767326750666,2.3,3.2526911934581184,0
87,trip,3970,3996.175637311527,z00,z11,toy-0009766,,,False,40.972221056446244,0.0,38.616413698408806,4.6,3.2526911934581184,0
58,trip,3970,3994.809854494165,z02,z31,toy-0009770,,,False,9.493939144748254,0.0,7.261052240273399,5.142956348249516,2.3,0
2,trip,3980,4005.410795394624,z31,z00,toy-0009791,,,False,35.24424577690168,0.0,32.957274191385494,0.35,7.273238618387272,0
4,trip,3980,3998.309854494165,z12,z00,toy-0009797,,,False,8.961430919255998,0.0,7.313544014781143,0.35,5.142956348249516,0
42,trip,3980,3996.5,z31,z11,toy-0009793,,,False,37.96958189471583,0.0,36.48458189471583,0.35,4.6,0
71,trip,3980,3988.8333333333335,z22,z21,toy-0009801,,,False,33.37807513956211,0.0,32.583075139562105,0.35,2.3,0
7,trip,3980,4004.809854494165,z32,z01,toy-0009799,,,False,15.249035520239648,0.0,13.016148615764793,2.3,5.142956348249516,0
11,trip,3980,3988.8333333333335,z11,z21,toy-0009788,,,False,25.419361823845204,0.0,24.624361823845206,0.35,2.3,0
72,trip,3980,4008.809226445224,z00,z32,toy-0009782,,,False,40.34310868865005,0.0,37.750278308579894,0.35,8.292767933567175,0
17,trip,3980,3998.309854494165,z01,z22,toy-0009786,,,False,21.93864178296359,0.0,20.290754878488734,0.35,5.142956348249516,0
29,trip,3980,3988.8333333333335,z11,z10,toy-0009787,,,False,31.13563988945971,0.0,30.34063988945971,0.35,2.3,0
28,trip,3980,3998.5089706448603,z12,z11,toy-0009800,,,False,32.78569641386394,0.0,31.1198890558265,2.3,3.2526911934581184,0
30,trip,3980,4002.851274623054,z32,z10,toy-0009803,,,False,35.31388249759961,0.0,33.25726778152474,0.35,6.505382386916237,0
32,trip,3980,4004.1666666666665,z32,z02,toy-0009805,,,False,32.76616462089079,0.0,30.59116462089079,0.35,6.8999999999999995,0
46,trip,3980,3988.8333333333335,z20,z10,toy-0009783,,,False,41.83469102141328,0.0,41.039691021413276,0.35,2.3,0
47,trip,3980,3998.309854494165,z20,z01,toy-0009784,,,False,34.98810868865007,0.0,33.34022178417522,0.35,5.142956348249516,0
31,trip,3980,3995.3333333333335,z21,z32,toy-0009802,,,False,34.318076305337875,0.0,32.93807630533787,2.3,2.3,0
69,trip,3980,3988.8333333333335,z31,z21,toy-0009794,,,False,30.894832531421784,0.0,30.099832531421782,0.35,2.3,0
70,trip,3980,4004.1666666666665,z31,z01,toy-0009792,,,False,32.719128422867406,0.0,30.544128422867406,0.35,6.8999999999999995,0
38,trip,3980,3998.309854494165,z32,z20,toy-0009804,,,False,39.782611474975475,0.0,38.13472457050062,0.35,5.142956348249516,0
6,trip,3980,4011.910795394624,z30,z02,toy-0009795,,,False,28.48778653407258,0.0,25.615814948556398,2.3,7.273238618387272,0
50,trip,3980,3998.5089706448603,z11,z32,toy-0009790,,,False,38.32419264196273,0.0,36.6583852839253,2.3,3.2526911934581184,0
44,trip,3980,4003.0,z32,z20,toy-0009798,,,False,46.30500000000014,0.0,44.23500000000014,2.3,4.6,0
55,trip,3980,4004.809854494165,z30,z12,toy-0009796,,,False,31.004382042825938,0.0,28.771495138351085,2.3,5.142956348249516,0
9,trip,3980,3995.3333333333335,z10,z21,toy-0009785,,,False,27.102907670984333,0.0,25.722907670984334,2.3,2.3,0
39,trip,3980,4001.6846079563875,z10,z12,toy-0009789,,,False,29.37366830394325,0.0,27.42205358786838,3.2526911934581184,3.2526911934581184,0
49,trip,3980,4007.985491805692,z10,z20,toy-0009819,,,False,42.61630573748742,0.0,40.09761147497513,5.142956348249516,3.2526911934581184,0
53,trip,3980,3996.5,z12,z32,toy-0009824,,,False,38.66596320981267,0.0,37.180963209812674,0.35,4.6,0
83,trip,3980,4012.476521160832,z00,z12,toy-0009809,,,False,39.65725460553398,0.0,36.73436770105912,4.6,5.142956348249516,0
67,trip,3980,3998.5089706448603,z12,z31,toy-0009816,,,False,47.09999999999987,0.0,45.43419264196244,3.2526911934581184,2.3,0
34,trip,3980,4004.809854494165,z01,z32,toy-0009812,,,False,29.628917212463747,0.0,27.396030307988894,2.3,5.142956348249516,0
16,trip,3980,4006.175637311527,z02,z31,toy-0009811,,,False,31.945085924464784,0.0,29.58927856642735,3.2526911934581184,4.6,0
22,trip,3980,4014.286375654997,z02,z22,toy-0009808,,,False,38.30646158926348,0.0,35.22068778031377,5.142956348249516,5.142956348249516,0
77,trip,3980,4013.8423039781937,z02,z21,toy-0009827,,,False,32.22391721246351,0.0,29.178109854426076,6.8999999999999995,3.2526911934581184,0
14,visit,3980,4011.9630662568106,z30,z30,,depot_south,local,False,7.055445127538025,41.049554872461975,47.895,0.7,0,24.629732923477185
84,visit,3980,4000.3333333333335,z01,z01,,depot_west,local,False,30.034974041430495,0.0,28.654974041430496,4.6,0,0
21,visit,3980,4000.3333333333335,z22,z22,,hub_inner,local,False,34.72922619105031,0.0,33.349226191050306,4.6,0,0
3,trip,3990,4020.6666666666665,z30,z01,toy-0009836,,,False,35.302719435896535,0.0,32.54271943589654,2.3,6.8999999999999995,0
33,trip,3990,4006.5,z00,z20,toy-0009831,,,False,39.983898159258665,0.0,38.498898159258665,0.35,4.6,0
11,trip,3990,3998.8333333333335,z21,z11,toy-0009835,,,False,24.62436182384523,0.0,23.829361823845232,0.35,2.3,0
0,trip,3990,4002.0089706448603,z22,z31,toy-0009843,,,False,16.916872774301154,0.0,15.836065416263718,0.35,3.2526911934581184,0
86,trip,3990,4006.5,z22,z02,toy-0009844,,,False,36.92475811958794,0.0,35.43975811958794,0.35,4.6,0
29,trip,3990,4002.0089706448603,z10,z21,toy-0009832,,,False,30.340639889459737,0.0,29.2598325314223,0.35,3.2526911934581184,0
10,trip,3990,4013.0,z30,z11,toy-0009837,,,False,13.492613188279922,0.0,11.422613188279922,2.3,4.6,0
36,trip,3990,4008.309854494165,z20,z32,toy-0009833,,,False,20.145501258530633,0.0,18.497614354055777,0.35,5.142956348249516,0
19,trip,3990,4014.809854494165,z12,z10,toy-0009842,,,False,27.08839153966951,0.0,24.855504635194656,2.3,5.142956348249516,0
20,trip,3990,4005.3333333333335,z32,z21,toy-0009838,,,False,44.81302841448362,0.0,43.433028414483616,2.3,2.3,0
26,trip,3990,4008.5089706448603,z32,z22,toy-0009840,,,False,37.234640132424815,0.0,35.56883277438738,2.3,3.2526911934581184,0
78,trip,3990,4006.5,z32,z30,toy-0009845,,,False,33.57449000374725,0.0,32.08949000374725,0.35,4.6,0
37,trip,3990,4014.809854494165,z21,z12,toy-0009839,,,False,36.31469102141273,0.0,34.081804116937874,2.3,5.142956348249516,0
43,trip,3990,4008.309854494165,z01,z20,toy-0009834,,,False,34.80730133061233,0.0,33.15941442613748,0.35,5.142956348249516,0
68,trip,3990,4005.3333333333335,z30,z32,toy-0009841,,,False,27.72821781534745,0.0,26.34821781534745,2.3,2.3,0
51,trip,3990,4005.3333333333335,z12,z32,toy-0009864,,,False,35.34770154846821,0.0,33.967701548468206,2.3,2.3,0
71,trip,3990,4021.910795394624,z21,z00,toy-0009856,,,False,32.58307513956213,0.0,29.711103554045952,2.3,7.273238618387272,0
89,trip,3990,4025.0864327061513,z21,z01,toy-0009866,,,False,28.40103030798834,0.0,25.243251364434723,3.2526911934581184,7.273238618387272,0
48,trip,3990,4016.175637311527,z20,z11,toy-0009859,,,False,37.21469102141274,0.0,34.8588836633753,3.2526911934581184,4.6,0
61,trip,3990,4025.0864327061513,z20,z02,toy-0009861,,,False,28.885349345828825,0.0,25.72757040227521,3.2526911934581184,7.273238618387272,0
65,trip,3990,4013.0,z12,z31,toy-0009869,,,False,38.29063988945903,0.0,36.22063988945903,4.6,2.3,0
59,trip,3990,4008.5089706448603,z11,z12,toy-0009863,,,False,32.61683766602608,0.0,30.951030307988642,3.2526911934581184,2.3,0
74,trip,3990,4014.809854494165,z20,z11,toy-0009847,,,False,38.38922619105054,0.0,36.15633928657569,2.3,5.142956348249516,0
66,trip,3990,4024.286375654997,z11,z20,toy-0009865,,,False,38.974226191050775,0.0,35.888452382101065,5.142956348249516,5.142956348249516,0
35,trip,3990,4008.5089706448603,z10,z20,toy-0009849,,,False,32.01775807287299,0.0,30.35195071483555,2.3,3.2526911934581184,0
40,trip,3990,4005.3333333333335,z10,z01,toy-0009850,,,False,39.541305737487974,0.0,38.16130573748797,2.3,2.3,0
46,trip,3990,4011.6846079563875,z10,z30,toy-0009853,,,False,41.039691021413304,0.0,39.08807630533843,3.2526911934581184,3.2526911934581184,0
56,trip,3990,4008.5089706448603,z10,z31,toy-0009854,,,False,31.609724570500678,0.0,29.94391721246324,3.2526911934581184,2.3,0
52,trip,3990,4023.8423039781937,z01,z20,toy-0009858,,,False,28.899011770477657,0.0,25.85320441244022,6.8999999999999995,3.2526911934581184,0
45,trip,3990,4017.985491805692,z02,z10,toy-0009852,,,False,42.692113095524924,0.0,40.17341883301263,5.142956348249516,3.2526911934581184,0
62,trip,3990,4011.6846079563875,z00,z22,toy-0009851,,,False,36.19711009739095,0.0,34.245495381316076,3.2526911934581184,3.2526911934581184,0
79,trip,3990,4023.8423039781937,z02,z21,toy-0009868,,,False,30.957767326750677,0.0,27.91195996871324,6.8999999999999995,3.2526911934581184,0
75,trip,3990,4034.785747606056,z00,z11,toy-0009867,,,False,35.67347535741801,0.0,31.642758072873008,8.292767933567175,5.142956348249516,0
81,trip,3990,4031.387316555456,z00,z10,toy-0009857,,,False,45.30216961992961,0.0,41.57731112993857,7.273238618387272,5.142956348249516,0
69,visit,3990,4005.0,z21,z21,,hub_inner,local,True,30.09983253142181,12.777777777777779,42.66761030919959,0.7,0,7.666666666666668
54,visit,3990,4010.3333333333335,z10,z10,,depot_west,local,False,33.48479898233438,0.0,32.10479898233438,4.6,0,0
25,visit,3990,4005.0,z31,z31,,hub_core,local,True,33.737973603383665,12.777777777777779,46.30575138116144,0.7,0,7.666666666666668
80,visit,3990,4005.0,z30,z30,,depot_south,local,True,38.15433415197167,9.95066584802833,47.894999999999996,0.7,0,5.970399508816997
17,trip,4000,4022.851274623054,z22,z00,toy-0009884,,,False,20.290754878488748,0.0,18.234140162413876,0.35,6.505382386916237,0
9,trip,4000,4018.5089706448603,z21,z11,toy-0009886,,,False,25.72290767098436,0.0,24.057100312946922,2.3,3.2526911934581184,0
13,trip,4000,4012.0089706448603,z12,z21,toy-0009883,,,False,18.869613626327233,0.0,17.788806268289797,0.35,3.2526911934581184,0
41,trip,4000,4012.0089706448603,z31,z22,toy-0009880,,,False,34.54388366337513,0.0,33.463076305337694,0.35,3.2526911934581184,0
1,trip,4000,4008.8333333333335,z00,z10,toy-0009870,,,False,10.853407216210623,0.0,10.058407216210624,0.35,2.3,0
31,trip,4000,4016.5,z32,z12,toy-0009889,,,False,32.9380763053379,0.0,31.453076305337902,0.35,4.6,0
50,trip,4000,4022.851274623054,z32,z10,toy-0009888,,,False,36.65838528392531,0.0,34.601770567850444,0.35,6.505382386916237,0
58,trip,4000,4008.8333333333335,z31,z32,toy-0009881,,,False,7.261052240273409,0.0,6.466052240273409,0.35,2.3,0
15,trip,4000,4012.0089706448603,z20,z31,toy-0009871,,,False,43.37757792588803,0.0,42.2967705678506,0.35,3.2526911934581184,0
67,trip,4000,4012.0089706448603,z31,z20,toy-0009876,,,False,45.434192641962454,0.0,44.35338528392502,0.35,3.2526911934581184,0
57,trip,4000,4022.851274623054,z12,z30,toy-0009882,,,False,24.70730249638867,0.0,22.6506877803138,0.35,6.505382386916237,0
85,trip,4000,4008.8333333333335,z31,z30,toy-0009877,,,False,41.13130573748779,0.0,40.33630573748779,0.35,2.3,0
53,trip,4000,4008.8333333333335,z32,z22,toy-0009890,,,False,37.18096320981267,0.0,36.385963209812665,0.35,2.3,0
88,trip,4000,4024.1666666666665,z31,z01,toy-0009878,,,False,36.296770567850594,0.0,34.1217705678506,0.35,6.8999999999999995,0
18,trip,4000,4023.0,z21,z20,toy-0009885,,,False,23.13942085088013,0.0,21.069420850880128,2.3,4.6,0
11,trip,4000,4015.3333333333335,z11,z22,toy-0009875,,,False,23.829361823845257,0.0,22.44936182384526,2.3,2.3,0
23,trip,4000,4015.3333333333335,z11,z20,toy-0009872,,,False,42.28338528392524,0.0,40.90338528392524,2.3,2.3,0
73,trip,4000,4015.3333333333335,z32,z21,toy-0009887,,,False,27.670330910872217,0.0,26.290330910872218,2.3,2.3,0
38,trip,4000,4027.985491805692,z20,z12,toy-0009879,,,False,38.13472457050062,0.0,35.61603030798833,3.2526911934581184,5.142956348249516,0
28,trip,4000,4024.809854494165,z11,z02,toy-0009873,,,False,31.119889055826516,0.0,28.88700215135166,2.3,5.142956348249516,0
60,trip,4000,4018.5089706448603,z20,z12,toy-0009874,,,False,38.01777596030151,0.0,36.35196860226408,2.3,3.2526911934581184,0
76,trip,4000,4008.8333333333335,z01,z02,toy-0009899,,,False,31.80560634037179,0.0,31.010606340371787,0.35,2.3,0
87,trip,4000,4018.309854494165,z11,z30,toy-0009900,,,False,38.6164136984088,0.0,36.96852679393395,0.35,5.142956348249516,0
12,trip,4000,4034.286375654997,z10,z10,toy-0009907,,,False,35.35847535741763,0.0,32.27270154846792,5.142956348249516,5.142956348249516,0
5,trip,4000,4031.910795394624,z00,z30,toy-0009898,,,False,47.89499999999988,0.0,45.023028414483704,2.3,7.273238618387272,0
8,trip,4000,4039.577462061291,z00,z11,toy-0009908,,,False,40.224334151971874,0.0,36.66236256645569,7.273238618387272,4.6,0
27,trip,4000,4031.910795394624,z02,z21,toy-0009909,,,False,30.792936508633233,0.0,27.92096492311705,7.273238618387272,2.3,0
24,visit,4000,4015.0,z00,z00,,depot_west,local,True,32.28124622983091,12.777777777777779,44.84902400760869,0.7,0,7.666666666666668
63,visit,4000,4015.0,z21,z21,,hub_inner,local,True,32.312362566455334,12.777777777777779,44.88014034423311,0.7,0,7.666666666666668
47,visit,4000,4020.3333333333335,z01,z01,,depot_west,local,False,33.34022178417522,0.0,31.96022178417522,4.6,0,0
82,visit,4000,4026.6846079563875,z02,z02,,hub_center,local,False,33.58338528392518,0.0,31.63177056785031,6.505382386916237,0,0
42,visit,4000,4015.0,z11,z11,,hub_center,local,True,36.484581894715824,11.620418105284175,47.894999999999996,0.7,0,6.972250863170505
4,visit,4000,4028.8082069244647,z00,z00,,depot_west,,False,7.313544014781153,40.791455985218846,47.894999999999996,0.7,0,24.47487359113131
34,trip,4010,4018.8333333333335,z32,z22,toy-0009934,,,False,27.3960303079889,0.0,26.6010303079889,0.35,2.3,0
36,trip,4010,4028.309854494165,z32,z11,toy-0009933,,,False,18.49761435405579,0.0,16.849727449580936,0.35,5.142956348249516,0
51,trip,4010,4026.5,z32,z30,toy-0009931,,,False,33.967701548468234,0.0,32.482701548468235,0.35,4.6,0
20,trip,4010,4018.8333333333335,z21,z31,toy-0009921,,,False,43.433028414483644,0.0,42.63802841448364,0.35,2.3,0
33,trip,4010,4018.8333333333335,z20,z21,toy-0009918,,,False,38.49889815925866,0.0,37.70389815925866,0.35,2.3,0
0,trip,4010,4035.410795394624,z31,z02,toy-0009926,,,False,15.836065416263732,0.0,13.549093830747552,0.35,7.273238618387272,0
25,trip,4010,4018.8333333333335,z31,z21,toy-0009925,,,False,46.30575138116121,0.0,45.51075138116121,0.35,2.3,0
35,trip,4010,4022.0089706448603,z20,z11,toy-0009917,,,False,30.35195071483556,0.0,29.271143356798124,0.35,3.2526911934581184,0
21,trip,4010,4028.309854494165,z22,z01,toy-0009929,,,False,33.34922619105034,0.0,31.701339286575486,0.35,5.142956348249516,0
56,trip,4010,4028.309854494165,z31,z12,toy-0009927,,,False,29.943917212463255,0.0,28.2960303079884,0.35,5.142956348249516,0
1,trip,4010,4034.809854494165,z10,z32,toy-0009919,,,False,10.05840721621065,0.0,7.825520311735795,2.3,5.142956348249516,0
68,trip,4010,4028.309854494165,z32,z20,toy-0009930,,,False,26.348217815347475,0.0,24.70033091087262,0.35,5.142956348249516,0
72,trip,4010,4035.410795394624,z32,z01,toy-0009932,,,False,37.750278308579894,0.0,35.46330672306371,0.35,7.273238618387272,0
29,trip,4010,4028.5089706448603,z21,z22,toy-0009928,,,False,29.259832531422315,0.0,27.59402517338488,2.3,3.2526911934581184,0
69,trip,4010,4025.3333333333335,z21,z30,toy-0009924,,,False,42.667610309199354,0.0,41.28761030919935,2.3,2.3,0
78,trip,4010,4041.910795394624,z30,z00,toy-0009922,,,False,32.089490003747244,0.0,29.217518418231062,2.3,7.273238618387272,0
26,trip,4010,4034.809854494165,z22,z00,toy-0009920,,,False,35.568832774387396,0.0,33.33594586991254,2.3,5.142956348249516,0
80,trip,4010,4028.5089706448603,z30,z20,toy-0009923,,,False,47.89500000000016,0.0,46.229192641962726,2.3,3.2526911934581184,0
53,trip,4010,4018.8333333333335,z22,z32,toy-0009949,,,False,36.385963209812694,0.0,35.59096320981269,0.35,2.3,0
85,trip,4010,4025.3333333333335,z30,z32,toy-0009943,,,False,40.33630573748782,0.0,38.95630573748782,2.3,2.3,0
39,trip,4010,4034.809854494165,z12,z10,toy-0009946,,,False,27.422053587868376,0.0,25.189166683393523,2.3,5.142956348249516,0
55,trip,4010,4047.017941289721,z12,z10,toy-0009950,,,False,28.771495138351092,0.0,25.43988042227622,4.6,6.505382386916237,0
43,trip,4010,4028.309854494165,z20,z32,toy-0009936,,,False,33.15941442613748,0.0,31.511527521662625,0.35,5.142956348249516,0
44,trip,4010,4026.5,z20,z00,toy-0009935,,,False,44.23500000000014,0.0,42.75000000000014,0.35,4.6,0
49,trip,4010,4028.5089706448603,z20,z10,toy-0009938,,,False,40.09761147497513,0.0,38.4318041169377,2.3,3.2526911934581184,0
30,trip,4010,4037.985491805692,z10,z22,toy-0009942,,,False,33.257267781524746,0.0,30.738573519012455,5.142956348249516,3.2526911934581184,0
59,trip,4010,4050.1431878274984,z12,z01,toy-0009940,,,False,30.951030307988656,0.0,27.3381434035138,5.142956348249516,6.8999999999999995,0
7,trip,4010,4048.3333333333335,z01,z11,toy-0009941,,,False,13.016148615764802,0.0,9.566148615764803,6.8999999999999995,4.6,0
32,trip,4010,4026.5,z02,z22,toy-0009944,,,False,30.591164620890805,0.0,29.106164620890805,0.35,4.6,0
76,trip,4010,4033.0,z02,z21,toy-0009947,,,False,31.010606340371815,0.0,28.940606340371815,4.6,2.3,0
86,trip,4010,4036.175637311527,z02,z31,toy-0009948,,,False,35.439758119587935,0.0,33.0839507615505,4.6,3.2526911934581184,0
40,trip,4010,4041.910795394624,z01,z31,toy-0009951,,,False,38.161305737488,0.0,35.289334151971815,7.273238618387272,2.3,0
70,trip,4010,4033.0,z01,z22,toy-0009939,,,False,30.54412842286742,0.0,28.47412842286742,4.6,2.3,0
84,trip,4010,4031.6846079563875,z01,z01,toy-0009945,,,False,28.65497404143052,0.0,26.70335932535565,3.2526911934581184,3.2526911934581184,0
2,trip,4010,4031.6846079563875,z00,z00,toy-0009937,,,False,32.95727419138551,0.0,31.005659475310637,3.2526911934581184,3.2526911934581184,0
58,visit,4010,4042.3167019891694,z32,z32,,hub_waterfront,local,False,6.466052240273436,41.63894775972656,47.894999999999996,0.7,0,24.98336865583594
16,visit,4010,4025.0,z31,z31,,hub_core,local,True,29.589278566427332,12.777777777777779,42.15705634420511,0.7,0,7.666666666666668
6,trip,4020,4051.910795394624,z02,z32,toy-0009954,,,False,25.615814948556412,0.0,22.74384336304023,2.3,7.273238618387272,0
15,trip,4020,4038.309854494165,z31,z10,toy-0009961,,,False,42.29677056785061,0.0,40.648883663375756,0.35,5.142956348249516,0
20,trip,4020,4043.0,z31,z12,toy-0009971,,,False,42.63802841448367,0.0,40.56802841448367,2.3,4.6,0
22,trip,4020,4036.5,z22,z20,toy-0009967,,,False,35.22068778031377,0.0,33.73568778031377,0.35,4.6,0
34,trip,4020,4038.5089706448603,z22,z21,toy-0009970,,,False,26.60103030798893,0.0,24.93522294995149,2.3,3.2526911934581184,0
23,trip,4020,4028.8333333333335,z20,z30,toy-0009953,,,False,40.90338528392527,0.0,40.108385283925266,0.35,2.3,0
13,trip,4020,4038.5089706448603,z21,z20,toy-0009962,,,False,17.78880626828981,0.0,16.122998910252374,2.3,3.2526911934581184,0
25,trip,4020,4032.0089706448603,z21,z32,toy-0009960,,,False,45.510751381161235,0.0,44.4299440231238,0.35,3.2526911934581184,0
33,trip,4020,4028.8333333333335,z21,z20,toy-0009957,,,False,37.703898159258685,0.0,36.90889815925868,0.35,2.3,0
9,trip,4020,4032.0089706448603,z11,z22,toy-0009956,,,False,24.057100312946933,0.0,22.976292954909496,0.35,3.2526911934581184,0
63,trip,4020,4032.0089706448603,z21,z30,toy-0009958,,,False,44.88014034423288,0.0,43.799332986195445,0.35,3.2526911934581184,0
19,trip,4020,4038.309854494165,z10,z31,toy-0009952,,,False,24.855504635194663,0.0,23.207617730719807,0.35,5.142956348249516,0
31,trip,4020,4044.809854494165,z12,z21,toy-0009966,,,False,31.453076305337895,0.0,29.220189400863042,2.3,5.142956348249516,0
14,trip,4020,4035.3333333333335,z30,z32,toy-0009965,,,False,47.89499999999997,0.0,46.514999999999965,2.3,2.3,0
62,trip,4020,4032.0089706448603,z22,z11,toy-0009968,,,False,34.245495381316076,0.0,33.16468802327864,0.35,3.2526911934581184,0
46,trip,4020,4035.3333333333335,z30,z21,toy-0009963,,,False,39.08807630533843,0.0,37.70807630533843,2.3,2.3,0
42,trip,4020,4028.8333333333335,z11,z10,toy-0009955,,,False,47.89499999999968,0.0,47.09999999999968,0.35,2.3,0
73,trip,4020,4044.809854494165,z21,z12,toy-0009964,,,False,26.290330910872242,0.0,24.05744400639739,2.3,5.142956348249516,0
60,trip,4020,4035.3333333333335,z12,z12,toy-0009969,,,False,36.351968602264094,0.0,34.97196860226409,2.3,2.3,0
77,trip,4020,4028.8333333333335,z21,z31,toy-0009959,,,False,29.17810985442608,0.0,28.38310985442608,0.35,2.3,0
83,trip,4020,4028.8333333333335,z12,z11,toy-0009984,,,False,36.734367701059114,0.0,35.93936770105911,0.35,2.3,0
48,trip,4020,4035.3333333333335,z11,z11,toy-0009976,,,False,34.858883663375295,0.0,33.47888366337529,2.3,2.3,0
87,trip,4020,4052.476521160832,z30,z11,toy-0009986,,,False,36.96852679393395,0.0,34.04563988945909,4.6,5.142956348249516,0
74,trip,4020,4043.0,z11,z10,toy-0009983,,,False,36.1563392865757,0.0,34.0863392865757,2.3,4.6,0
67,trip,4020,4044.809854494165,z20,z22,toy-0009988,,,False,44.35338528392503,0.0,42.120498379450176,5.142956348249516,2.3,0
45,trip,4020,4052.476521160832,z10,z11,toy-0009980,,,False,40.17341883301263,0.0,37.250531928537775,5.142956348249516,4.6,0
54,trip,4020,4049.351274623054,z10,z31,toy-0009987,,,False,32.104798982334415,0.0,29.463184266259546,6.505382386916237,2.3,0
24,trip,4020,4052.476521160832,z00,z01,toy-0009972,,,False,44.849024007608456,0.0,41.9261371031336,4.6,5.142956348249516,0
10,visit,4020,4049.3427654203656,z11,z11,,hub_center,local,False,11.422613188279922,36.68238681172008,47.895,0.7,0,22.009432087032046
11,visit,4020,4040.3333333333335,z22,z22,,hub_inner,local,False,22.449361823845283,0.0,21.069361823845284,4.6,0,0
41,visit,4020,4040.3333333333335,z22,z22,,hub_inner,local,False,33.4630763053377,0.0,32.0830763053377,4.6,0,0
37,visit,4020,4040.3333333333335,z12,z12,,hub_center,local,False,34.08180411693789,0.0,32.701804116937886,4.6,0,0
53,visit,4020,4035.0,z32,z32,,hub_waterfront,local,True,35.59096320981272,12.514036790187276,47.894999999999996,0.7,0,7.5084220741123655
65,visit,4020,4035.0,z31,z31,,hub_core,local,True,36.22063988945903,11.884360110540968,47.894999999999996,0.7,0,7.13061606632458
18,trip,4030,4048.309854494165,z20,z12,toy-0009991,,,False,21.069420850880128,0.0,19.421533946405273,0.35,5.142956348249516,0
38,trip,4030,4046.5,z12,z32,toy-0010002,,,False,35.61603030798833,0.0,34.13103030798833,0.35,4.6,0
32,trip,4030,4038.8333333333335,z22,z32,toy-0010004,,,False,29.106164620890805,0.0,28.311164620890807,0.35,2.3,0
43,trip,4030,4046.5,z32,z30,toy-0010006,,,False,31.511527521662632,0.0,30.026527521662633,0.35,4.6,0
85,trip,4030,4054.1666666666665,z32,z02,toy-0010007,,,False,38.956305737487845,0.0,36.78130573748785,0.35,6.8999999999999995,0
79,trip,4030,4038.8333333333335,z21,z22,toy-0009997,,,False,27.911959968713244,0.0,27.116959968713246,0.35,2.3,0
16,trip,4030,4038.8333333333335,z31,z21,toy-0010000,,,False,42.15705634420488,0.0,41.36205634420488,0.35,2.3,0
42,trip,4030,4052.851274623054,z10,z32,toy-0009989,,,False,47.09999999999971,0.0,45.04338528392484,0.35,6.505382386916237,0
56,trip,4030,4053.0,z12,z02,toy-0010003,,,False,28.296030307988413,0.0,26.226030307988413,2.3,4.6,0
23,trip,4030,4045.3333333333335,z30,z32,toy-0010001,,,False,40.108385283925294,0.0,38.72838528392529,2.3,2.3,0
51,trip,4030,4055.410795394624,z30,z01,toy-0009992,,,False,32.48270154846823,0.0,30.195729962952047,0.35,7.273238618387272,0
33,trip,4030,4053.0,z20,z01,toy-0009996,,,False,36.90889815925871,0.0,34.83889815925871,2.3,4.6,0
69,trip,4030,4072.9758931118904,z30,z00,toy-0010005,,,False,41.28761030919938,0.0,37.41977992912923,4.6,8.292767933567175,0
52,trip,4030,4038.8333333333335,z20,z10,toy-0009990,,,False,25.853204412440224,0.0,25.058204412440226,0.35,2.3,0
21,trip,4030,4046.5,z01,z21,toy-0009993,,,False,31.701339286575493,0.0,30.216339286575494,0.35,4.6,0
35,trip,4030,4042.0089706448603,z11,z02,toy-0009995,,,False,29.271143356798138,0.0,28.190335998760702,0.35,3.2526911934581184,0
83,trip,4030,4042.0089706448603,z11,z20,toy-0009994,,,False,35.93936770105914,0.0,34.85856034302171,0.35,3.2526911934581184,0
66,trip,4030,4063.8423039781937,z20,z01,toy-0009999,,,False,35.888452382101065,0.0,32.84264502406363,3.2526911934581184,6.8999999999999995,0
68,trip,4030,4057.985491805692,z20,z10,toy-0009998,,,False,24.700330910872633,0.0,22.181636648360342,3.2526911934581184,5.142956348249516,0
80,trip,4030,4068.827795783886,z20,z10,toy-0010025,,,False,46.22919264196274,0.0,42.73469102141301,5.142956348249516,6.505382386916237,0
49,trip,4030,4051.6846079563875,z10,z32,toy-0010013,,,False,38.43180411693771,0.0,36.48018940086284,3.2526911934581184,3.2526911934581184,0
28,trip,4030,4063.8423039781937,z02,z21,toy-0010027,,,False,28.88700215135167,0.0,25.841194793314234,6.8999999999999995,3.2526911934581184,0
61,trip,4030,4054.809854494165,z02,z20,toy-0010019,,,False,25.72757040227521,0.0,23.494683497800352,2.3,5.142956348249516,0
47,trip,4030,4045.3333333333335,z01,z21,toy-0010009,,,False,31.96022178417525,0.0,30.58022178417525,2.3,2.3,0
88,trip,4030,4063.8423039781937,z01,z20,toy-0010014,,,False,34.121770567850604,0.0,31.075963209813168,6.8999999999999995,3.2526911934581184,0
82,trip,4030,4077.2441287279576,z02,z01,toy-0010026,,,False,31.631770567850307,0.0,27.379798982334126,6.8999999999999995,7.273238618387272,0
89,trip,4030,4064.286375654997,z01,z30,toy-0010023,,,False,25.243251364434723,0.0,22.157477555485013,5.142956348249516,5.142956348249516,0
4,trip,4030,4065.309226445224,z00,z31,toy-0010028,,,False,47.89499999999985,0.0,44.71716961992969,8.292767933567175,2.3,0
17,trip,4030,4048.5089706448603,z00,z01,toy-0010008,,,False,18.23414016241389,0.0,16.568332804376453,3.2526911934581184,2.3,0
44,trip,4030,4071.387316555456,z00,z12,toy-0010016,,,False,42.750000000000135,0.0,39.0251415100091,7.273238618387272,5.142956348249516,0
71,trip,4030,4062.526911934581,z00,z31,toy-0010024,,,False,29.711103554045966,0.0,26.78368147993366,6.505382386916237,3.2526911934581184,0
36,visit,4030,4045.0,z11,z11,,hub_center,local,True,16.84972744958095,12.777777777777779,29.417505227358728,0.7,0,7.666666666666668
57,visit,4030,4045.0,z30,z30,,depot_south,local,True,22.650687780313813,12.777777777777779,35.21846555809159,0.7,0,7.666666666666668
29,visit,4030,4050.3333333333335,z22,z22,,hub_inner,local,False,27.59402517338489,0.0,26.21402517338489,4.6,0,0
77,visit,4030,4045.0,z31,z31,,hub_core,local,True,28.383109854426106,12.777777777777779,40.95088763220388,0.7,0,7.666666666666668
3,visit,4030,4050.3333333333335,z01,z01,,depot_west,local,False,32.54271943589655,0.0,31.162719435896552,4.6,0,0
50,visit,4030,4050.3333333333335,z10,z10,,depot_west,local,False,34.60177056785045,0.0,33.22177056785045,4.6,0,0
65,trip,4040,4048.8333333333335,z31,z21,toy-0010039,,,False,47.894999999999655,0.0,47.09999999999965,0.35,2.3,0
14,trip,4040,4048.8333333333335,z32,z22,toy-0010044,,,False,46.51499999999999,0.0,45.71999999999999,0.35,2.3,0
13,trip,4040,4056.5,z20,z22,toy-0010032,,,False,16.122998910252385,0.0,14.637998910252385,0.35,4.6,0
5,trip,4040,4055.3333333333335,z30,z21,toy-0010031,,,False,45.02302841448372,0.0,43.643028414483716,2.3,2.3,0
16,trip,4040,4052.0089706448603,z21,z10,toy-0010035,,,False,41.36205634420491,0.0,40.281248986167476,0.35,3.2526911934581184,0
63,trip,4040,4068.809226445224,z30,z02,toy-0010033,,,False,43.79933298619545,0.0,41.2065026061253,0.35,8.292767933567175,0
86,trip,4040,4048.8333333333335,z31,z30,toy-0010038,,,False,33.08395076155049,0.0,32.28895076155049,0.35,2.3,0
27,trip,4040,4058.309854494165,z21,z00,toy-0010034,,,False,27.92096492311707,0.0,26.273078018642213,0.35,5.142956348249516,0
46,trip,4040,4048.8333333333335,z21,z20,toy-0010036,,,False,37.70807630533846,0.0,36.91307630533846,0.35,2.3,0
25,trip,4040,4071.910795394624,z32,z00,toy-0010037,,,False,44.42994402312381,0.0,41.55797243760763,2.3,7.273238618387272,0
32,trip,4040,4055.3333333333335,z32,z32,toy-0010040,,,False,28.311164620890832,0.0,26.931164620890833,2.3,2.3,0
53,trip,4040,4056.5,z32,z12,toy-0010043,,,False,47.89499999999996,0.0,46.40999999999996,0.35,4.6,0
2,trip,4040,4062.851274623054,z00,z22,toy-0010030,,,False,31.005659475310633,0.0,28.94904475923576,0.35,6.505382386916237,0
26,trip,4040,4052.0089706448603,z00,z11,toy-0010029,,,False,33.33594586991256,0.0,32.255138511875124,0.35,3.2526911934581184,0
30,trip,4040,4048.8333333333335,z22,z21,toy-0010042,,,False,30.738573519012455,0.0,29.943573519012453,0.35,2.3,0
70,trip,4040,4058.309854494165,z22,z01,toy-0010041,,,False,28.47412842286742,0.0,26.826241518392564,0.35,5.142956348249516,0
79,trip,4040,4052.0089706448603,z22,z11,toy-0010059,,,False,27.11695996871327,0.0,26.036152610675835,0.35,3.2526911934581184,0
76,trip,4040,4058.5089706448603,z21,z22,toy-0010055,,,False,28.940606340371815,0.0,27.274798982334378,2.3,3.2526911934581184,0
8,trip,4040,4079.577462061291,z11,z02,toy-0010054,,,False,36.66236256645568,0.0,33.100390980939494,4.6,7.273238618387272,0
12,trip,4040,4064.809854494165,z10,z32,toy-0010056,,,False,32.27270154846792,0.0,30.03981464399307,5.142956348249516,2.3,0
15,trip,4040,4074.286375654997,z10,z10,toy-0010050,,,False,40.648883663375756,0.0,37.563109854426045,5.142956348249516,5.142956348249516,0
60,trip,4040,4055.3333333333335,z12,z12,toy-0010060,,,False,34.97196860226412,0.0,33.59196860226412,2.3,2.3,0
64,trip,4040,4064.809854494165,z12,z10,toy-0010058,,,False,31.90921340847143,0.0,29.676326503996577,2.3,5.142956348249516,0
39,trip,4040,4064.809854494165,z10,z21,toy-0010053,,,False,25.18916668339353,0.0,22.956279778918677,5.142956348249516,2.3,0
52,trip,4040,4069.351274623054,z10,z31,toy-0010063,,,False,25.05820441244025,0.0,22.41658969636538,6.505382386916237,2.3,0
81,trip,4040,4048.8333333333335,z10,z00,toy-0010045,,,False,41.577311129938565,0.0,40.78231112993856,0.35,2.3,0
72,trip,4040,4067.985491805692,z01,z22,toy-0010047,,,False,35.463306723063724,0.0,32.94461246055143,3.2526911934581184,5.142956348249516,0
84,trip,4040,4048.8333333333335,z01,z11,toy-0010048,,,False,26.703359325355645,0.0,25.908359325355647,0.35,2.3,0
0,trip,4040,4055.3333333333335,z02,z02,toy-0010057,,,False,13.549093830747566,0.0,12.169093830747567,2.3,2.3,0
1,visit,4040,4071.501021146292,z32,z32,,hub_waterfront,local,False,7.825520311735805,40.279479688264196,47.895,0.7,0,24.167687812958516
9,visit,4040,4060.3333333333335,z22,z22,,hub_waterfront,local,False,22.97629295490951,0.0,21.59629295490951,4.6,0,0
19,visit,4040,4055.0,z31,z31,,hub_core,local,True,23.20761773071982,12.777777777777779,35.7753955084976,0.7,0,7.666666666666668
75,visit,4040,4088.6846079563875,z11,z11,,depot_west,central,False,31.642758072872997,0.0,29.691143356798126,6.505382386916237,0,0
22,visit,4040,4060.3333333333335,z20,z20,,depot_south,local,False,33.73568778031376,0.0,32.35568778031376,4.6,0,0
21,trip,4050,4058.8333333333335,z21,z31,toy-0010071,,,False,30.216339286575494,0.0,29.421339286575495,0.35,2.3,0
43,trip,4050,4068.309854494165,z30,z22,toy-0010067,,,False,30.026527521662633,0.0,28.378640617187777,0.35,5.142956348249516,0
11,trip,4050,4066.5,z22,z20,toy-0010077,,,False,21.06936182384531,0.0,19.58436182384531,0.35,4.6,0
14,trip,4050,4058.8333333333335,z22,z32,toy-0010079,,,False,45.72000000000002,0.0,44.92500000000002,0.35,2.3,0
55,trip,4050,4066.5,z10,z12,toy-0010064,,,False,25.439880422276207,0.0,23.954880422276208,0.35,4.6,0
18,trip,4050,4062.0089706448603,z12,z21,toy-0010076,,,False,19.421533946405287,0.0,18.34072658836785,0.35,3.2526911934581184,0
83,trip,4050,4062.0089706448603,z20,z11,toy-0010065,,,False,34.858560343021715,0.0,33.77775298498428,0.35,3.2526911934581184,0
23,trip,4050,4062.0089706448603,z32,z21,toy-0010080,,,False,38.72838528392532,0.0,37.64757792588789,0.35,3.2526911934581184,0
30,trip,4050,4062.0089706448603,z21,z12,toy-0010072,,,False,29.94357351901248,0.0,28.862766160975045,0.35,3.2526911934581184,0
31,trip,4050,4062.0089706448603,z21,z30,toy-0010070,,,False,29.22018940086305,0.0,28.139382042825613,0.35,3.2526911934581184,0
7,trip,4050,4058.8333333333335,z11,z12,toy-0010069,,,False,9.566148615764789,0.0,8.771148615764789,0.35,2.3,0
40,trip,4050,4068.309854494165,z31,z12,toy-0010075,,,False,35.28933415197183,0.0,33.64144724749698,0.35,5.142956348249516,0
17,trip,4050,4068.309854494165,z01,z22,toy-0010068,,,False,16.568332804376467,0.0,14.920445899901612,0.35,5.142956348249516,0
54,trip,4050,4066.5,z31,z11,toy-0010074,,,False,29.463184266259557,0.0,27.978184266259557,0.35,4.6,0
41,trip,4050,4062.0089706448603,z22,z31,toy-0010078,,,False,32.083076305337734,0.0,31.002268947300298,0.35,3.2526911934581184,0
47,trip,4050,4058.8333333333335,z21,z22,toy-0010073,,,False,30.580221784175276,0.0,29.785221784175278,0.35,2.3,0
57,trip,4050,4074.809854494165,z30,z32,toy-0010066,,,False,35.21846555809136,0.0,32.98557865361651,2.3,5.142956348249516,0
65,trip,4050,4068.5089706448603,z21,z31,toy-0010082,,,False,47.09999999999968,0.0,45.43419264196225,2.3,3.2526911934581184,0
10,trip,4050,4068.309854494165,z11,z30,toy-0010084,,,False,47.89500000000013,0.0,46.24711309552528,0.35,5.142956348249516,0
58,trip,4050,4075.410795394624,z32,z01,toy-0010096,,,False,47.89499999999992,0.0,45.608028414483734,0.35,7.273238618387272,0
67,trip,4050,4079.351274623054,z22,z10,toy-0010094,,,False,42.12049837945019,0.0,39.47888366337532,2.3,6.505382386916237,0
35,trip,4050,4080.6666666666665,z02,z31,toy-0010083,,,False,28.190335998760716,0.0,25.430335998760718,2.3,6.8999999999999995,0
77,trip,4050,4058.8333333333335,z31,z21,toy-0010090,,,False,40.95088763220365,0.0,40.15588763220365,0.35,2.3,0
36,trip,4050,4073.0,z11,z32,toy-0010092,,,False,29.417505227358504,0.0,27.347505227358504,4.6,2.3,0
84,trip,4050,4076.175637311527,z11,z22,toy-0010091,,,False,25.908359325355672,0.0,23.552551967318237,4.6,3.2526911934581184,0
20,trip,4050,4074.809854494165,z12,z30,toy-0010089,,,False,40.56802841448367,0.0,38.33514151000882,5.142956348249516,2.3,0
37,trip,4050,4073.0,z12,z31,toy-0010085,,,False,32.70180411693792,0.0,30.63180411693792,2.3,4.6,0
74,trip,4050,4079.351274623054,z10,z22,toy-0010098,,,False,34.0863392865757,0.0,31.44472457050083,6.505382386916237,2.3,0
78,trip,4050,4077.985491805692,z00,z32,toy-0010087,,,False,29.217518418231077,0.0,26.698824155718786,5.142956348249516,3.2526911934581184,0
81,trip,4050,4105.285119557115,z00,z00,toy-0010093,,,False,40.78231112993859,0.0,35.806650369798284,8.292767933567175,8.292767933567175,0
73,visit,4050,4070.3333333333335,z12,z12,,hub_center,local,False,24.057444006397397,0.0,22.677444006397398,4.6,0,0
34,visit,4050,4065.0,z21,z21,,hub_inner,local,True,24.935222949951502,12.777777777777779,37.50300072772928,0.7,0,7.666666666666668
86,visit,4050,4079.3333333333335,z30,z30,,depot_south,central,False,32.28895076155052,0.0,32.078950761550516,0.7,0,0
62,visit,4050,4065.0,z11,z11,,hub_center,local,True,33.16468802327865,12.777777777777779,45.73246580105643,0.7,0,7.666666666666668
48,visit,4050,4065.0,z11,z11,,hub_center,local,True,33.47888366337532,12.777777777777779,46.0466614411531,0.7,0,7.666666666666668
38,visit,4050,4065.0,z32,z32,,hub_waterfront,local,True,34.131030307988325,12.777777777777779,46.6988080857661,0.7,0,7.666666666666668
46,visit,4050,4070.3333333333335,z20,z20,,depot_south,local,False,36.913076305338485,0.0,35.53307630533848,4.6,0,0
19,trip,4060,4084.1666666666665,z31,z01,toy-0010104,,,False,35.77539550849737,0.0,33.60039550849737,0.35,6.8999999999999995,0
6,trip,4060,4076.5,z32,z12,toy-0010112,,,False,22.743843363040245,0.0,21.258843363040246,0.35,4.6,0
21,trip,4060,4085.410795394624,z31,z00,toy-0010102,,,False,29.42133928657552,0.0,27.13436770105934,0.35,7.273238618387272,0
5,trip,4060,4084.809854494165,z21,z10,toy-0010103,,,False,43.643028414483744,0.0,41.41014151000889,2.3,5.142956348249516,0
14,trip,4060,4083.0,z32,z11,toy-0010105,,,False,44.92500000000005,0.0,42.85500000000005,2.3,4.6,0
32,trip,4060,4068.8333333333335,z32,z31,toy-0010111,,,False,26.931164620890858,0.0,26.13616462089086,0.35,2.3,0
42,trip,4060,4072.0089706448603,z32,z21,toy-0010110,,,False,45.04338528392485,0.0,43.962577925887416,0.35,3.2526911934581184,0
49,trip,4060,4078.309854494165,z32,z11,toy-0010109,,,False,36.48018940086284,0.0,34.83230249638799,0.35,5.142956348249516,0
13,trip,4060,4068.8333333333335,z22,z21,toy-0010107,,,False,14.637998910252385,0.0,13.842998910252385,0.35,2.3,0
61,trip,4060,4083.0,z20,z10,toy-0010100,,,False,23.494683497800363,0.0,21.424683497800363,2.3,4.6,0
77,trip,4060,4076.5,z21,z01,toy-0010101,,,False,40.15588763220368,0.0,38.67088763220368,0.35,4.6,0
29,trip,4060,4087.985491805692,z22,z12,toy-0010106,,,False,26.214025173384915,0.0,23.695330910872624,3.2526911934581184,5.142956348249516,0
47,trip,4060,4084.809854494165,z22,z20,toy-0010108,,,False,29.785221784175302,0.0,27.552334879700446,2.3,5.142956348249516,0
16,trip,4060,4072.0089706448603,z10,z01,toy-0010099,,,False,40.28124898616748,0.0,39.20044162813005,0.35,3.2526911934581184,0
76,trip,4060,4095.0864327061513,z22,z02,toy-0010120,,,False,27.27479898233439,0.0,24.117020038780772,3.2526911934581184,7.273238618387272,0
45,trip,4060,4083.0,z11,z32,toy-0010122,,,False,37.25053192853777,0.0,35.18053192853777,4.6,2.3,0
79,trip,4060,4075.3333333333335,z11,z20,toy-0010116,,,False,26.03615261067585,0.0,24.65615261067585,2.3,2.3,0
0,trip,4060,4084.1666666666665,z02,z32,toy-0010123,,,False,12.169093830747594,0.0,9.994093830747595,0.35,6.8999999999999995,0
87,trip,4060,4078.309854494165,z11,z32,toy-0010114,,,False,34.04563988945908,0.0,32.39775298498423,0.35,5.142956348249516,0
7,trip,4060,4078.5089706448603,z12,z31,toy-0010118,,,False,8.771148615764815,0.0,7.10534125772738,3.2526911934581184,2.3,0
50,trip,4060,4081.6846079563875,z10,z10,toy-0010115,,,False,33.221770567850484,0.0,31.270155851775613,3.2526911934581184,3.2526911934581184,0
3,trip,4060,4075.3333333333335,z01,z21,toy-0010113,,,False,31.162719435896577,0.0,29.782719435896578,2.3,2.3,0
53,trip,4060,4084.809854494165,z12,z21,toy-0010119,,,False,46.409999999999954,0.0,44.1771130955251,5.142956348249516,2.3,0
68,trip,4060,4078.5089706448603,z10,z11,toy-0010117,,,False,22.18163664836034,0.0,20.515829290322902,3.2526911934581184,2.3,0
24,trip,4060,4093.8423039781937,z01,z22,toy-0010121,,,False,41.92613710313359,0.0,38.880329745096155,6.8999999999999995,3.2526911934581184,0
26,visit,4060,4108.6846079563875,z11,z11,,depot_west,central,False,32.25513851187513,0.0,30.30352379580026,6.505382386916237,0,0
60,visit,4060,4086.6846079563875,z12,z12,,hub_inner,local,False,33.591968602264146,0.0,31.640353886189274,6.505382386916237,0,0
33,visit,4060,4080.3333333333335,z01,z01,,depot_west,local,False,34.83889815925871,0.0,33.45889815925871,4.6,0,0
27,visit,4060,4075.0,z00,z00,,depot_west,,True,26.273078018642227,17.77777777777778,43.84085579642001,0.7,0,10.666666666666668
32,trip,4070,4086.5,z31,z11,toy-0010134,,,False,26.136164620890884,0.0,24.651164620890885,0.35,4.6,0
2,trip,4070,4082.0089706448603,z22,z11,toy-0010137,,,False,28.949044759235775,0.0,27.86823740119834,0.35,3.2526911934581184,0
13,trip,4070,4082.0089706448603,z21,z32,toy-0010131,,,False,13.842998910252412,0.0,12.762191552214976,0.35,3.2526911934581184,0
9,trip,4070,4086.5,z22,z02,toy-0010139,,,False,21.596292954909536,0.0,20.111292954909537,0.35,4.6,0
18,trip,4070,4078.8333333333335,z21,z22,toy-0010130,,,False,18.340726588367865,0.0,17.545726588367863,0.35,2.3,0
17,trip,4070,4078.8333333333335,z22,z32,toy-0010140,,,False,14.920445899901623,0.0,14.125445899901623,0.35,2.3,0
48,trip,4070,4078.8333333333335,z11,z10,toy-0010127,,,False,46.046661441152864,0.0,45.25166144115286,0.35,2.3,0
12,trip,4070,4078.8333333333335,z32,z31,toy-0010141,,,False,30.03981464399308,0.0,29.24481464399308,0.35,2.3,0
51,trip,4070,4082.0089706448603,z01,z12,toy-0010125,,,False,30.19572996295206,0.0,29.114922604914625,0.35,3.2526911934581184,0
54,trip,4070,4082.0089706448603,z11,z00,toy-0010126,,,False,27.978184266259557,0.0,26.89737690822212,0.35,3.2526911934581184,0
41,trip,4070,4094.1666666666665,z31,z01,toy-0010133,,,False,31.002268947300312,0.0,28.82726894730031,0.35,6.8999999999999995,0
62,trip,4070,4082.0089706448603,z11,z20,toy-0010128,,,False,45.73246580105619,0.0,44.65165844301876,0.35,3.2526911934581184,0
43,trip,4070,4092.851274623054,z22,z00,toy-0010136,,,False,28.37864061718779,0.0,26.32202590111292,0.35,6.505382386916237,0
38,trip,4070,4078.8333333333335,z32,z22,toy-0010142,,,False,46.69880808576587,0.0,45.90380808576587,0.35,2.3,0
72,trip,4070,4082.0089706448603,z22,z31,toy-0010138,,,False,32.94461246055143,0.0,31.863805102513997,0.35,3.2526911934581184,0
52,trip,4070,4082.0089706448603,z31,z20,toy-0010132,,,False,22.416589696365392,0.0,21.335782338327956,0.35,3.2526911934581184,0
30,trip,4070,4088.309854494165,z12,z00,toy-0010135,,,False,28.86276616097506,0.0,27.214879256500204,0.35,5.142956348249516,0
28,trip,4070,4088.309854494165,z21,z02,toy-0010129,,,False,25.841194793314237,0.0,24.19330788883938,0.35,5.142956348249516,0
64,trip,4070,4088.309854494165,z10,z31,toy-0010124,,,False,29.676326503996584,0.0,28.02843959952173,0.35,5.142956348249516,0
65,trip,4070,4088.309854494165,z31,z10,toy-0010154,,,False,45.43419264196226,0.0,43.78630573748741,0.35,5.142956348249516,0
59,trip,4070,4094.809854494165,z01,z21,toy-0010144,,,False,27.338143403513804,0.0,25.10525649903895,2.3,5.142956348249516,0
71,trip,4070,4078.8333333333335,z31,z32,toy-0010159,,,False,26.783681479933655,0.0,25.988681479933653,0.35,2.3,0
70,trip,4070,4085.3333333333335,z01,z01,toy-0010143,,,False,26.826241518392578,0.0,25.44624151839258,2.3,2.3,0
11,trip,4070,4092.851274623054,z20,z02,toy-0010148,,,False,19.58436182384531,0.0,17.527747107770438,0.35,6.505382386916237,0
10,trip,4070,4094.809854494165,z30,z12,toy-0010157,,,False,46.24711309552528,0.0,44.014226191050426,2.3,5.142956348249516,0
34,trip,4070,4094.809854494165,z21,z01,toy-0010163,,,False,37.50300072772905,0.0,35.2701138232542,2.3,5.142956348249516,0
39,trip,4070,4082.0089706448603,z21,z12,toy-0010152,,,False,22.956279778918688,0.0,21.875472420881252,0.35,3.2526911934581184,0
31,trip,4070,4102.476521160832,z30,z11,toy-0010165,,,False,28.139382042825627,0.0,25.216495138350773,4.6,5.142956348249516,0
80,trip,4070,4078.8333333333335,z10,z11,toy-0010146,,,False,42.73469102141301,0.0,41.93969102141301,0.35,2.3,0
22,trip,4070,4088.5089706448603,z20,z21,toy-0010156,,,False,32.355687780313794,0.0,30.689880422276357,3.2526911934581184,2.3,0
88,trip,4070,4091.6846079563875,z20,z22,toy-0010158,,,False,31.075963209813168,0.0,29.124348493738296,3.2526911934581184,3.2526911934581184,0
83,trip,4070,4094.809854494165,z11,z00,toy-0010151,,,False,33.77775298498429,0.0,31.544866080509436,2.3,5.142956348249516,0
40,trip,4070,4094.809854494165,z12,z10,toy-0010160,,,False,33.64144724749698,0.0,31.408560343022124,2.3,5.142956348249516,0
55,trip,4070,4094.809854494165,z12,z30,toy-0010162,,,False,23.954880422276208,0.0,21.72199351780135,2.3,5.142956348249516,0
56,trip,4070,4107.0179412897205,z02,z22,toy-0010150,,,False,26.226030307988413,0.0,22.894415591913543,6.505382386916237,4.6,0
63,trip,4070,4109.577462061291,z02,z31,toy-0010145,,,False,41.2065026061253,0.0,37.644531020609115,4.6,7.273238618387272,0
85,trip,4070,4093.0,z02,z12,toy-0010164,,,False,36.781305737487855,0.0,34.711305737487855,4.6,2.3,0
89,visit,4070,4085.0,z30,z30,,depot_south,local,True,22.157477555485013,12.777777777777779,34.72525533326279,0.7,0,7.666666666666668
66,visit,4070,4112.333333333333,z01,z01,,depot_west,central,False,32.842645024063636,0.0,31.462645024063637,4.6,0,0
23,visit,4070,4085.0,z21,z21,,hub_inner,local,True,37.647577925887894,10.4574220741121,47.894999999999996,0.7,0,6.274453244467261
4,visit,4070,4085.0,z31,z31,,hub_core,local,True,44.7171696199297,3.387830380070298,47.894999999999996,0.7,0,2.032698228042179
1,trip,4080,4108.809226445224,z32,z00,toy-0010182,,,False,47.8949999999997,0.0,45.30216961992954,0.35,8.292767933567175,0
8,trip,4080,4088.8333333333335,z02,z12,toy-0010178,,,False,33.10039098093949,0.0,32.305390980939485,0.35,2.3,0
17,trip,4080,4098.309854494165,z32,z20,toy-0010184,,,False,14.12544589990165,0.0,12.477558995426794,0.35,5.142956348249516,0
46,trip,4080,4092.0089706448603,z20,z31,toy-0010172,,,False,35.53307630533852,0.0,34.452268947301086,0.35,3.2526911934581184,0
6,trip,4080,4098.309854494165,z12,z31,toy-0010179,,,False,21.258843363040246,0.0,19.61095645856539,0.35,5.142956348249516,0
79,trip,4080,4096.5,z20,z00,toy-0010168,,,False,24.656152610675875,0.0,23.171152610675875,0.35,4.6,0
36,trip,4080,4105.410795394624,z32,z01,toy-0010186,,,False,27.347505227358504,0.0,25.060533641842323,0.35,7.273238618387272,0
3,trip,4080,4104.809854494165,z21,z32,toy-0010173,,,False,29.782719435896603,0.0,27.54983253142175,2.3,5.142956348249516,0
25,trip,4080,4108.809226445224,z00,z32,toy-0010167,,,False,41.557972437607646,0.0,38.96514205753749,0.35,8.292767933567175,0
15,trip,4080,4095.3333333333335,z10,z30,toy-0010170,,,False,37.563109854426045,0.0,36.18310985442604,2.3,2.3,0
20,trip,4080,4095.3333333333335,z30,z10,toy-0010169,,,False,38.33514151000883,0.0,36.95514151000883,2.3,2.3,0
42,trip,4080,4104.809854494165,z21,z01,toy-0010171,,,False,43.96257792588742,0.0,41.72969102141257,2.3,5.142956348249516,0
16,trip,4080,4098.309854494165,z01,z20,toy-0010174,,,False,39.20044162813006,0.0,37.552554723655206,0.35,5.142956348249516,0
44,trip,4080,4096.5,z12,z32,toy-0010180,,,False,39.02514151000909,0.0,37.54014151000909,0.35,4.6,0
18,trip,4080,4088.8333333333335,z22,z21,toy-0010181,,,False,17.54572658836789,0.0,16.75072658836789,0.35,2.3,0
57,trip,4080,4096.5,z32,z30,toy-0010185,,,False,32.98557865361652,0.0,31.50057865361652,0.35,4.6,0
71,trip,4080,4088.8333333333335,z32,z31,toy-0010187,,,False,25.988681479933682,0.0,25.19368147993368,0.35,2.3,0
12,trip,4080,4095.3333333333335,z31,z31,toy-0010176,,,False,29.244814643993106,0.0,27.864814643993107,2.3,2.3,0
87,trip,4080,4102.851274623054,z32,z10,toy-0010183,,,False,32.39775298498423,0.0,30.341138268909358,0.35,6.505382386916237,0
37,trip,4080,4103.0,z31,z12,toy-0010188,,,False,30.631804116937925,0.0,28.561804116937925,2.3,4.6,0
86,trip,4080,4098.508970644861,z30,z20,toy-0010177,,,False,32.07895076155054,0.0,30.4131434035131,2.3,3.2526911934581184,0
49,trip,4080,4096.5,z11,z31,toy-0010175,,,False,34.83230249638799,0.0,33.34730249638799,0.35,4.6,0
7,trip,4080,4088.8333333333335,z31,z32,toy-0010199,,,False,7.1053412577273924,0.0,6.3103412577273925,0.35,2.3,0
58,trip,4080,4105.410795394624,z01,z32,toy-0010193,,,False,45.60802841448375,0.0,43.32105682896756,0.35,7.273238618387272,0
38,trip,4080,4095.3333333333335,z22,z22,toy-0010201,,,False,45.903808085765895,0.0,44.52380808576589,2.3,2.3,0
80,trip,4080,4092.0089706448603,z11,z22,toy-0010194,,,False,41.93969102141304,0.0,40.85888366337561,0.35,3.2526911934581184,0
48,trip,4080,4110.666666666667,z10,z32,toy-0010192,,,False,45.25166144115289,0.0,42.49166144115289,4.6,4.6,0
67,trip,4080,4117.0179412897205,z10,z12,toy-0010191,,,False,39.478883663375335,0.0,36.14726894730046,4.6,6.505382386916237,0
27,trip,4080,4109.351274623054,z00,z32,toy-0010190,,,False,43.840855796419774,0.0,41.199241080344905,2.3,6.505382386916237,0
74,trip,4080,4106.175637311527,z22,z11,toy-0010197,,,False,31.444724570500842,0.0,29.088917212463407,3.2526911934581184,4.6,0
84,trip,4080,4092.0089706448603,z22,z31,toy-0010200,,,False,23.55255196731822,0.0,22.471744609280783,0.35,3.2526911934581184,0
73,trip,4080,4101.6846079563875,z12,z30,toy-0010195,,,False,22.677444006397423,0.0,20.72582929032255,3.2526911934581184,3.2526911934581184,0
69,trip,4080,4096.5,z00,z02,toy-0010189,,,False,37.419779929129206,0.0,35.934779929129206,0.35,4.6,0
77,trip,4080,4106.175637311527,z01,z32,toy-0010196,,,False,38.67088763220367,0.0,36.315080274166235,4.6,3.2526911934581184,0
82,trip,4080,4110.666666666667,z01,z21,toy-0010198,,,False,27.379798982334133,0.0,24.61979898233413,6.8999999999999995,2.3,0
68,visit,4080,4128.6846079563875,z11,z11,,depot_west,central,False,20.515829290322916,0.0,18.564214574248044,6.505382386916237,0,0
78,visit,4080,4095.0,z32,z32,,hub_waterfront,local,True,26.698824155718786,12.777777777777779,39.26660193349657,0.7,0,7.666666666666668
0,trip,4090,4098.833333333333,z32,z31,toy-0010220,,,False,9.994093830747607,0.0,9.199093830747607,0.35,2.3,0
2,trip,4090,4108.309854494165,z11,z32,toy-0010208,,,False,27.868237401198353,0.0,26.220350496723498,0.35,5.142956348249516,0
18,trip,4090,4098.833333333333,z21,z11,toy-0010210,,,False,16.750726588367918,0.0,15.955726588367918,0.35,2.3,0
4,trip,4090,4102.008970644861,z31,z22,toy-0010214,,,False,47.894999999999946,0.0,46.814192641962514,0.35,3.2526911934581184,0
8,trip,4090,4112.851274623054,z12,z30,toy-0010215,,,False,32.305390980939514,0.0,30.24877626486464,0.35,6.505382386916237,0
13,trip,4090,4102.008970644861,z32,z21,toy-0010219,,,False,12.762191552214988,0.0,11.681384194177552,0.35,3.2526911934581184,0
21,trip,4090,4108.309854494165,z00,z12,toy-0010202,,,False,27.134367701059357,0.0,25.4864807965845,0.35,5.142956348249516,0
22,trip,4090,4098.833333333333,z21,z31,toy-0010211,,,False,30.68988042227637,0.0,29.894880422276373,0.35,2.3,0
47,trip,4090,4102.008970644861,z20,z11,toy-0010203,,,False,27.552334879700457,0.0,26.47152752166302,0.35,3.2526911934581184,0
29,trip,4090,4098.833333333333,z12,z11,toy-0010216,,,False,23.69533091087262,0.0,22.90033091087262,0.35,2.3,0
89,trip,4090,4098.833333333333,z30,z31,toy-0010205,,,False,34.72525533326256,0.0,33.93025533326256,0.35,2.3,0
35,trip,4090,4115.410795394624,z31,z02,toy-0010213,,,False,25.43033599876073,0.0,23.143364413244548,0.35,7.273238618387272,0
52,trip,4090,4108.508970644861,z20,z21,toy-0010204,,,False,21.33578233832797,0.0,19.669974980290533,2.3,3.2526911934581184,0
23,trip,4090,4105.333333333333,z21,z32,toy-0010218,,,False,47.89499999999986,0.0,46.51499999999986,2.3,2.3,0
19,trip,4090,4102.008970644861,z01,z10,toy-0010206,,,False,33.60039550849738,0.0,32.519588150459946,0.35,3.2526911934581184,0
53,trip,4090,4098.833333333333,z21,z20,toy-0010209,,,False,44.177113095525115,0.0,43.38211309552511,0.35,2.3,0
39,trip,4090,4098.833333333333,z12,z22,toy-0010217,,,False,21.875472420881266,0.0,21.080472420881264,0.35,2.3,0
14,trip,4090,4105.333333333333,z11,z22,toy-0010212,,,False,42.85500000000005,0.0,41.475000000000044,2.3,2.3,0
32,trip,4090,4098.833333333333,z11,z01,toy-0010207,,,False,24.651164620890885,0.0,23.856164620890887,0.35,2.3,0
64,trip,4090,4108.309854494165,z31,z10,toy-0010228,,,False,28.028439599521743,0.0,26.380552695046887,0.35,5.142956348249516,0
9,trip,4090,4102.008970644861,z02,z11,toy-0010231,,,False,20.111292954909537,0.0,19.0304855968721,0.35,3.2526911934581184,0
33,trip,4090,4114.166666666667,z01,z31,toy-0010223,,,False,33.458898159258744,0.0,31.283898159258744,0.35,6.8999999999999995,0
75,trip,4090,4098.833333333333,z11,z12,toy-0010226,,,False,29.691143356798126,0.0,28.896143356798127,0.35,2.3,0
62,trip,4090,4114.809854494165,z20,z11,toy-0010221,,,False,44.65165844301877,0.0,42.418771538543915,2.3,5.142956348249516,0
71,trip,4090,4113.0,z31,z01,toy-0010227,,,False,25.19368147993371,0.0,23.12368147993371,2.3,4.6,0
51,trip,4090,4108.309854494165,z12,z20,toy-0010232,,,False,29.11492260491464,0.0,27.467035700439784,0.35,5.142956348249516,0
5,trip,4090,4105.333333333333,z10,z21,toy-0010224,,,False,41.410141510008906,0.0,40.0301415100089,2.3,2.3,0
72,trip,4090,4098.833333333333,z31,z32,toy-0010230,,,False,31.863805102514004,0.0,31.068805102514006,0.35,2.3,0
45,trip,4090,4114.809854494165,z32,z12,toy-0010229,,,False,35.18053192853777,0.0,32.947645024062915,2.3,5.142956348249516,0
60,trip,4090,4128.333333333333,z12,z02,toy-0010234,,,False,31.64035388618927,0.0,28.19035388618927,4.6,6.8999999999999995,0
70,trip,4090,4106.5,z01,z21,toy-0010222,,,False,25.446241518392604,0.0,23.961241518392605,0.35,4.6,0
50,trip,4090,4113.0,z10,z31,toy-0010225,,,False,31.27015585177561,0.0,29.20015585177561,2.3,4.6,0
28,trip,4090,4108.508970644861,z02,z21,toy-0010233,,,False,24.193307888839396,0.0,22.52750053080196,2.3,3.2526911934581184,0
7,visit,4090,4119.4101285786965,z32,z32,,hub_waterfront,,False,6.31034125772742,41.79465874227258,47.895,0.7,0,25.076795245363552
54,visit,4090,4105.0,z00,z00,,depot_west,,True,26.897376908222135,17.77777777777778,44.46515468599991,0.7,0,10.666666666666668
30,visit,4090,4105.0,z00,z00,,depot_west,,True,27.214879256500218,17.77777777777778,44.782657034277996,0.7,0,10.666666666666668
24,trip,4100,4112.008970644861,z22,z11,toy-0010249,,,False,38.880329745096155,0.0,37.79952238705872,0.35,3.2526911934581184,0
20,trip,4100,4112.008970644861,z10,z21,toy-0010235,,,False,36.95514151000886,0.0,35.874334151971425,0.35,3.2526911934581184,0
0,trip,4100,4112.008970644861,z31,z22,toy-0010246,,,False,9.199093830747634,0.0,8.118286472710198,0.35,3.2526911934581184,0
59,trip,4100,4112.008970644861,z21,z10,toy-0010241,,,False,25.10525649903896,0.0,24.024449141001522,0.35,3.2526911934581184,0
10,trip,4100,4112.008970644861,z12,z01,toy-0010248,,,False,44.01422619105044,0.0,42.93341883301301,0.35,3.2526911934581184,0
40,trip,4100,4118.309854494165,z10,z31,toy-0010236,,,False,31.408560343022135,0.0,29.76067343854728,0.35,5.142956348249516,0
6,trip,4100,4112.008970644861,z31,z20,toy-0010242,,,False,19.610956458565404,0.0,18.530149100527968,0.35,3.2526911934581184,0
38,trip,4100,4112.008970644861,z22,z31,toy-0010251,,,False,44.52380808576592,0.0,43.44300072772849,0.35,3.2526911934581184,0
16,trip,4100,4112.008970644861,z20,z31,toy-0010239,,,False,37.552554723655206,0.0,36.47174736561777,0.35,3.2526911934581184,0
61,trip,4100,4118.309854494165,z10,z02,toy-0010237,,,False,21.424683497800363,0.0,19.776796593325507,0.35,5.142956348249516,0
12,trip,4100,4108.833333333333,z31,z21,toy-0010245,,,False,27.86481464399313,0.0,27.069814643993134,0.35,2.3,0
11,trip,4100,4118.309854494165,z02,z10,toy-0010247,,,False,17.527747107770452,0.0,15.879860203295596,0.35,5.142956348249516,0
65,trip,4100,4118.309854494165,z10,z22,toy-0010238,,,False,43.78630573748741,0.0,42.13841883301256,0.35,5.142956348249516,0
15,trip,4100,4108.833333333333,z30,z20,toy-0010240,,,False,36.18310985442607,0.0,35.38810985442607,0.35,2.3,0
39,trip,4100,4108.833333333333,z22,z21,toy-0010250,,,False,21.080472420881293,0.0,20.28547242088129,0.35,2.3,0
44,trip,4100,4118.309854494165,z32,z11,toy-0010252,,,False,37.540141510009086,0.0,35.892254605534234,0.35,5.142956348249516,0
22,trip,4100,4116.5,z31,z11,toy-0010244,,,False,29.894880422276398,0.0,28.409880422276398,0.35,4.6,0
46,trip,4100,4124.166666666667,z31,z01,toy-0010243,,,False,34.45226894730109,0.0,32.277268947301096,0.35,6.8999999999999995,0
72,trip,4100,4108.833333333333,z32,z22,toy-0010266,,,False,31.06880510251403,0.0,30.273805102514032,0.35,2.3,0
57,trip,4100,4124.166666666667,z30,z00,toy-0010255,,,False,31.500578653616515,0.0,29.325578653616514,0.35,6.8999999999999995,0
49,trip,4100,4108.833333333333,z31,z32,toy-0010260,,,False,33.34730249638798,0.0,32.55230249638798,0.35,2.3,0
17,trip,4100,4118.508970644861,z20,z32,toy-0010258,,,False,12.477558995426804,0.0,10.811751637389369,2.3,3.2526911934581184,0
78,trip,4100,4108.833333333333,z32,z31,toy-0010265,,,False,39.26660193349633,0.0,38.47160193349633,0.35,2.3,0
80,trip,4100,4124.809854494165,z22,z20,toy-0010264,,,False,40.858883663375615,0.0,38.62599675890076,2.3,5.142956348249516,0
75,trip,4100,4118.309854494165,z12,z31,toy-0010262,,,False,28.896143356798152,0.0,27.248256452323297,0.35,5.142956348249516,0
53,trip,4100,4108.833333333333,z20,z21,toy-0010253,,,False,43.38211309552514,0.0,42.58711309552514,0.35,2.3,0
84,trip,4100,4108.833333333333,z31,z30,toy-0010259,,,False,22.471744609280798,0.0,21.676744609280796,0.35,2.3,0
86,trip,4100,4118.309854494165,z20,z32,toy-0010254,,,False,30.413143403513153,0.0,28.765256499038298,0.35,5.142956348249516,0
18,trip,4100,4112.008970644861,z11,z02,toy-0010256,,,False,15.955726588367945,0.0,14.874919230330509,0.35,3.2526911934581184,0
29,trip,4100,4115.333333333333,z11,z31,toy-0010257,,,False,22.900330910872647,0.0,21.520330910872648,2.3,2.3,0
69,trip,4100,4123.0,z02,z10,toy-0010261,,,False,35.9347799291292,0.0,33.8647799291292,2.3,4.6,0
88,trip,4100,4116.5,z22,z20,toy-0010263,,,False,29.124348493738292,0.0,27.639348493738293,0.35,4.6,0
55,visit,4100,4129.333333333333,z30,z30,,depot_south,central,False,21.721993517801362,0.0,21.51199351780136,0.7,0,0
76,visit,4100,4126.6846079563875,z02,z02,,hub_center,local,False,24.117020038780772,0.0,22.1654053227059,6.505382386916237,0,0
85,visit,4100,4120.333333333333,z12,z12,,hub_center,local,False,34.711305737487855,0.0,33.33130573748785,4.6,0,0
79,visit,4100,4115.0,z00,z00,,depot_west,,True,23.171152610675875,17.77777777777778,40.73893038845365,0.7,0,10.666666666666668
89,visit,4100,4115.0,z31,z31,,hub_core,,True,33.930255333262586,14.174744666737412,47.894999999999996,0.7,0,8.504846800042447
21,trip,4110,4126.5,z12,z32,toy-0010273,,,False,25.486480796584516,0.0,24.001480796584516,0.35,4.6,0
9,trip,4110,4122.008970644861,z11,z20,toy-0010268,,,False,19.030485596872158,0.0,17.94967823883472,0.35,3.2526911934581184,0
2,trip,4110,4122.008970644861,z32,z21,toy-0010276,,,False,26.220350496723512,0.0,25.139543138686076,0.35,3.2526911934581184,0
3,trip,4110,4126.5,z32,z12,toy-0010277,,,False,27.549832531421757,0.0,26.064832531421757,0.35,4.6,0
5,trip,4110,4118.833333333333,z21,z22,toy-0010270,,,False,40.03014151000885,0.0,39.23514151000885,0.35,2.3,0
4,trip,4110,4118.833333333333,z22,z32,toy-0010275,,,False,46.814192641962556,0.0,46.019192641962555,0.35,2.3,0
14,trip,4110,4122.008970644861,z22,z31,toy-0010274,,,False,41.474999999999994,0.0,40.39419264196256,0.35,3.2526911934581184,0
32,trip,4110,4141.910795394624,z01,z31,toy-0010272,,,False,23.85616462089091,0.0,20.98419303537473,2.3,7.273238618387272,0
12,trip,4110,4122.008970644861,z21,z12,toy-0010269,,,False,27.069814643993077,0.0,25.98900728595564,0.35,3.2526911934581184,0
51,trip,4110,4126.5,z20,z22,toy-0010267,,,False,27.467035700439798,0.0,25.9820357004398,0.35,4.6,0
63,trip,4110,4118.833333333333,z31,z21,toy-0010271,,,False,37.64453102060911,0.0,36.849531020609106,0.35,2.3,0
28,trip,4110,4118.833333333333,z21,z31,toy-0010285,,,False,22.527500530801934,0.0,21.732500530801936,0.35,2.3,0
78,trip,4110,4118.833333333333,z31,z32,toy-0010288,,,False,38.47160193349628,0.0,37.67660193349628,0.35,2.3,0
1,trip,4110,4126.5,z00,z20,toy-0010278,,,False,45.302169619929586,0.0,43.81716961992959,0.35,4.6,0
34,trip,4110,4128.309854494165,z01,z22,toy-0010280,,,False,35.27011382325421,0.0,33.62222691877936,0.35,5.142956348249516,0
26,trip,4110,4126.5,z11,z31,toy-0010281,,,False,30.30352379580026,0.0,28.81852379580026,0.35,4.6,0
47,trip,4110,4128.309854494165,z11,z32,toy-0010283,,,False,26.471527521663077,0.0,24.82364061718822,0.35,5.142956348249516,0
23,trip,4110,4118.833333333333,z32,z31,toy-0010290,,,False,46.51499999999981,0.0,45.71999999999981,0.35,2.3,0
25,trip,4110,4141.910795394624,z32,z00,toy-0010286,,,False,38.965142057537534,0.0,36.093170472021356,2.3,7.273238618387272,0
74,trip,4110,4122.008970644861,z11,z22,toy-0010282,,,False,29.088917212463432,0.0,28.008109854425996,0.35,3.2526911934581184,0
27,trip,4110,4132.851274623054,z32,z10,toy-0010289,,,False,41.19924108034496,0.0,39.14262636427009,0.35,6.505382386916237,0
52,trip,4110,4128.508970644861,z21,z22,toy-0010287,,,False,19.669974980290508,0.0,18.00416762225307,2.3,3.2526911934581184,0
19,trip,4110,4126.5,z10,z30,toy-0010279,,,False,32.51958815045999,0.0,31.03458815045999,0.35,4.6,0
53,trip,4110,4118.833333333333,z21,z20,toy-0010284,,,False,42.58711309552509,0.0,41.79211309552509,0.35,2.3,0
13,visit,4110,4139.187502816827,z21,z21,,hub_inner,local,False,11.681384194177605,36.423615805822394,47.894999999999996,0.7,0,21.854169483493436
39,visit,4110,4125.0,z21,z21,,hub_inner,local,True,20.285472420881238,12.777777777777779,32.85325019865902,0.7,0,7.666666666666668
31,visit,4110,4125.0,z11,z11,,hub_center,local,True,25.216495138350755,12.777777777777779,37.784272916128536,0.7,0,7.666666666666668
49,visit,4110,4125.0,z32,z32,,hub_waterfront,local,True,32.55230249638793,12.777777777777779,45.12008027416571,0.7,0,7.666666666666668
15,visit,4110,4130.333333333333,z20,z20,,depot_south,local,False,35.38810985442602,0.0,34.00810985442602,4.6,0,0
73,visit,4110,4125.0,z30,z30,,depot_south,,True,20.725829290322547,17.77777777777778,38.29360706810032,0.7,0,10.666666666666668
84,visit,4110,4125.0,z30,z30,,depot_south,,True,21.676744609280743,17.77777777777778,39.24452238705852,0.7,0,10.666666666666668
70,visit,4110,4125.0,z21,z21,,hub_inner,,True,23.961241518392605,17.77777777777778,41.52901929617038,0.7,0,10.666666666666668
43,visit,4110,4125.0,z00,z00,,depot_west,,True,26.322025901112934,17.77777777777778,43.88980367889071,0.7,0,10.666666666666668
83,visit,4110,4125.0,z00,z00,,depot_west,,True,31.544866080509447,16.560133919490553,47.895,0.7,0,9.936080351694331
81,visit,4110,4125.0,z00,z00,,depot_west,,True,35.80665036979827,12.298349630201727,47.894999999999996,0.7,0,7.379009778121036
77,visit,4110,4125.0,z32,z32,,hub_waterfront,,True,36.31508027416626,11.789919725833734,47.894999999999996,0.7,0,7.073951835500241
16,trip,4120,4144.809854494165,z31,z22,toy-0010294,,,False,36.471747365617745,0.0,34.23886046114289,2.3,5.142956348249516,0
4,trip,4120,4145.410795394624,z32,z01,toy-0010307,,,False,46.019192641962505,0.0,43.73222105644632,0.35,7.273238618387272,0
63,trip,4120,4132.008970644861,z21,z32,toy-0010299,,,False,36.84953102060906,0.0,35.768723662571624,0.35,3.2526911934581184,0
30,trip,4120,4145.410795394624,z00,z31,toy-0010291,,,False,44.78265703427773,0.0,42.49568544876155,0.35,7.273238618387272,0
82,trip,4120,4128.833333333333,z21,z11,toy-0010298,,,False,24.61979898233411,0.0,23.82479898233411,0.35,2.3,0
5,trip,4120,4138.309854494165,z22,z10,toy-0010304,,,False,39.2351415100088,0.0,37.58725460553395,0.35,5.142956348249516,0
7,trip,4120,4128.833333333333,z32,z22,toy-0010308,,,False,47.89500000000054,0.0,47.10000000000054,0.35,2.3,0
22,trip,4120,4128.833333333333,z11,z21,toy-0010297,,,False,28.409880422276395,0.0,27.614880422276393,0.35,2.3,0
10,trip,4120,4128.833333333333,z01,z11,toy-0010295,,,False,42.93341883301298,0.0,42.13841883301298,0.35,2.3,0
56,trip,4120,4128.833333333333,z22,z21,toy-0010305,,,False,22.894415591913567,0.0,22.09941559191357,0.35,2.3,0
65,trip,4120,4128.833333333333,z22,z12,toy-0010306,,,False,42.138418833012565,0.0,41.343418833012564,0.35,2.3,0
23,trip,4120,4136.5,z31,z11,toy-0010301,,,False,45.71999999999976,0.0,44.23499999999976,0.35,4.6,0
28,trip,4120,4132.008970644861,z31,z20,toy-0010300,,,False,21.73250053080188,0.0,20.651693172764443,0.35,3.2526911934581184,0
29,trip,4120,4138.309854494165,z31,z12,toy-0010302,,,False,21.520330910872595,0.0,19.87244400639774,0.35,5.142956348249516,0
53,trip,4120,4132.008970644861,z20,z31,toy-0010293,,,False,41.79211309552504,0.0,40.711305737487606,0.35,3.2526911934581184,0
11,trip,4120,4142.851274623054,z10,z32,toy-0010292,,,False,15.879860203295605,0.0,13.823245487220735,0.35,6.505382386916237,0
18,trip,4120,4128.833333333333,z02,z01,toy-0010303,,,False,14.87491923033048,0.0,14.07991923033048,0.35,2.3,0
24,trip,4120,4138.309854494165,z11,z30,toy-0010296,,,False,37.799522387058694,0.0,36.15163548258384,0.35,5.142956348249516,0
33,trip,4120,4138.309854494165,z31,z10,toy-0010313,,,False,31.283898159258793,0.0,29.636011254783938,0.35,5.142956348249516,0
17,trip,4120,4138.309854494165,z32,z11,toy-0010322,,,False,10.81175163738934,0.0,9.163864732914487,0.35,5.142956348249516,0
48,trip,4120,4128.833333333333,z32,z31,toy-0010324,,,False,42.491661441152864,0.0,41.69666144115286,0.35,2.3,0
72,trip,4120,4128.833333333333,z22,z32,toy-0010320,,,False,30.273805102513975,0.0,29.478805102513974,0.35,2.3,0
38,trip,4120,4135.333333333333,z31,z31,toy-0010310,,,False,43.44300072772846,0.0,42.06300072772846,2.3,2.3,0
35,trip,4120,4138.309854494165,z02,z21,toy-0010317,,,False,23.143364413244566,0.0,21.49547750876971,0.35,5.142956348249516,0
58,trip,4120,4132.008970644861,z32,z21,toy-0010323,,,False,43.32105682896758,0.0,42.240249470930145,0.35,3.2526911934581184,0
59,trip,4120,4128.833333333333,z10,z20,toy-0010309,,,False,24.024449141001494,0.0,23.229449141001496,0.35,2.3,0
37,trip,4120,4144.809854494165,z12,z01,toy-0010318,,,False,28.561804116937925,0.0,26.328917212463068,2.3,5.142956348249516,0
50,trip,4120,4128.833333333333,z31,z21,toy-0010314,,,False,29.200155851775612,0.0,28.40515585177561,0.35,2.3,0
44,trip,4120,4128.833333333333,z11,z10,toy-0010312,,,False,35.89225460553424,0.0,35.09725460553424,0.35,2.3,0
78,trip,4120,4136.5,z32,z30,toy-0010321,,,False,37.67660193349623,0.0,36.19160193349623,0.35,4.6,0
61,trip,4120,4142.851274623054,z02,z20,toy-0010316,,,False,19.776796593325518,0.0,17.720181877250646,0.35,6.505382386916237,0
45,trip,4120,4138.508970644861,z12,z31,toy-0010319,,,False,32.94764502406293,0.0,31.281837666025492,2.3,3.2526911934581184,0
36,trip,4120,4145.410795394624,z01,z32,toy-0010311,,,False,25.06053364184234,0.0,22.77356205632616,0.35,7.273238618387272,0
75,trip,4120,4128.833333333333,z31,z32,toy-0010315,,,False,27.248256452323307,0.0,26.45325645232331,0.35,2.3,0
0,visit,4120,4164.676361449708,z22,z22,,hub_waterfront,local,False,8.11828647271017,40.57171352728983,47.309999999999995,4.6,0,24.343028116373898
6,visit,4120,4140.333333333333,z20,z20,,depot_south,local,False,18.53014910052794,0.0,17.15014910052794,4.6,0,0
71,visit,4120,4140.333333333333,z01,z01,,depot_west,local,False,23.123681479933712,0.0,21.743681479933713,4.6,0,0
40,visit,4120,4135.0,z31,z31,,hub_core,local,True,29.76067343854729,12.777777777777779,42.32845121632507,0.7,0,7.666666666666668
8,visit,4120,4135.0,z30,z30,,depot_south,local,True,30.248776264864695,12.777777777777779,42.81655404264247,0.7,0,7.666666666666668
2,trip,4130,4138.833333333333,z21,z31,toy-0010332,,,False,25.139543138686047,0.0,24.34454313868605,0.35,2.3,0
64,trip,4130,4148.309854494165,z10,z31,toy-0010326,,,False,26.3805526950469,0.0,24.732665790572046,0.35,5.142956348249516,0
43,trip,4130,4152.851274623054,z00,z22,toy-0010325,,,False,43.88980367889116,0.0,41.833188962816294,0.35,6.505382386916237,0
22,trip,4130,4138.833333333333,z21,z22,toy-0010333,,,False,27.61488042227634,0.0,26.81988042227634,0.35,2.3,0
34,trip,4130,4148.309854494165,z22,z30,toy-0010340,,,False,33.62222691877937,0.0,31.974340014304513,0.35,5.142956348249516,0
1,trip,4130,4148.309854494165,z20,z32,toy-0010327,,,False,43.81716961992959,0.0,42.169282715454735,0.35,5.142956348249516,0
60,trip,4130,4158.809226445224,z02,z30,toy-0010336,,,False,28.190353886189303,0.0,25.597523506119153,0.35,8.292767933567175,0
41,trip,4130,4154.166666666667,z01,z31,toy-0010330,,,False,28.82726894730033,0.0,26.65226894730033,0.35,6.8999999999999995,0
3,trip,4130,4148.309854494165,z12,z31,toy-0010338,,,False,26.064832531421754,0.0,24.416945626946898,0.35,5.142956348249516,0
14,trip,4130,4142.008970644861,z31,z22,toy-0010335,,,False,40.39419264196253,0.0,39.3133852839251,0.35,3.2526911934581184,0
21,trip,4130,4148.309854494165,z32,z20,toy-0010342,,,False,24.001480796584513,0.0,22.353593892109657,0.35,5.142956348249516,0
10,trip,4130,4146.5,z11,z31,toy-0010331,,,False,42.13841883301293,0.0,40.65341883301293,0.35,4.6,0
42,trip,4130,4155.410795394624,z01,z30,toy-0010329,,,False,41.729691021412584,0.0,39.4427194358964,0.35,7.273238618387272,0
12,trip,4130,4138.833333333333,z12,z22,toy-0010339,,,False,25.989007285955612,0.0,25.194007285955614,0.35,2.3,0
26,trip,4130,4154.166666666667,z31,z01,toy-0010334,,,False,28.818523795800257,0.0,26.643523795800256,0.35,6.8999999999999995,0
19,trip,4130,4146.5,z30,z32,toy-0010328,,,False,31.03458815045999,0.0,29.54958815045999,0.35,4.6,0
76,trip,4130,4146.5,z02,z22,toy-0010337,,,False,22.1654053227059,0.0,20.6804053227059,0.35,4.6,0
51,trip,4130,4142.008970644861,z22,z11,toy-0010341,,,False,25.982035700439795,0.0,24.90122834240236,0.35,3.2526911934581184,0
9,trip,4130,4138.833333333333,z20,z21,toy-0010346,,,False,17.949678238834693,0.0,17.15467823883469,0.35,2.3,0
39,trip,4130,4142.008970644861,z21,z32,toy-0010350,,,False,32.85325019865947,0.0,31.77244284062203,0.35,3.2526911934581184,0
50,trip,4130,4148.309854494165,z21,z00,toy-0010348,,,False,28.405155851775557,0.0,26.7572689473007,0.35,5.142956348249516,0
65,trip,4130,4142.008970644861,z12,z21,toy-0010355,,,False,41.343418833012514,0.0,40.26261147497508,0.35,3.2526911934581184,0
56,trip,4130,4148.309854494165,z21,z02,toy-0010349,,,False,22.099415591913512,0.0,20.451528687438657,0.35,5.142956348249516,0
48,trip,4130,4138.833333333333,z31,z21,toy-0010352,,,False,41.69666144115281,0.0,40.90166144115281,0.35,2.3,0
54,trip,4130,4158.809226445224,z00,z32,toy-0010343,,,False,44.46515468599965,0.0,41.872324305929496,0.35,8.292767933567175,0
59,trip,4130,4142.008970644861,z20,z11,toy-0010345,,,False,23.22944914100144,0.0,22.148641782964003,0.35,3.2526911934581184,0
52,trip,4130,4152.851274623054,z22,z00,toy-0010356,,,False,18.004167622253046,0.0,15.947552906178176,0.35,6.505382386916237,0
89,trip,4130,4146.5,z31,z11,toy-0010351,,,False,47.894999999999676,0.0,46.40999999999968,0.35,4.6,0
47,trip,4130,4138.833333333333,z32,z31,toy-0010358,,,False,24.823640617188232,0.0,24.02864061718823,0.35,2.3,0
69,trip,4130,4138.833333333333,z10,z11,toy-0010344,,,False,33.8647799291292,0.0,33.0697799291292,0.35,2.3,0
49,trip,4130,4145.333333333333,z32,z32,toy-0010353,,,False,45.12008027416616,0.0,43.74008027416616,2.3,2.3,0
80,trip,4130,4148.309854494165,z20,z12,toy-0010347,,,False,38.625996758900776,0.0,36.978109854425924,0.35,5.142956348249516,0
46,trip,4130,4153.0,z01,z00,toy-0010354,,,False,32.27726894730107,0.0,30.207268947301067,2.3,4.6,0
75,trip,4130,4158.809226445224,z32,z00,toy-0010357,,,False,26.453256452323252,0.0,23.860426072253098,0.35,8.292767933567175,0
18,visit,4130,4171.099381795135,z01,z01,,depot_west,local,False,14.079919230330425,34.61008076966957,47.309999999999995,4.6,0,20.76604846180174
72,visit,4130,4145.0,z32,z32,,hub_waterfront,local,True,29.47880510251392,12.777777777777779,42.0465828802917,0.7,0,7.666666666666668
44,visit,4130,4172.333333333333,z10,z10,,depot_west,central,False,35.09725460553419,0.0,33.71725460553419,4.6,0,0
20,visit,4130,4145.0,z21,z21,,hub_inner,local,True,35.8743341519714,12.2306658480286,47.894999999999996,0.7,0,7.338399508817161
7,visit,4130,4150.333333333333,z22,z22,,hub_inner,local,False,47.10000000000049,0.0,45.72000000000049,4.6,0,0
68,visit,4130,4145.0,z11,z11,,hub_center,,True,18.564214574248044,17.77777777777778,36.131992352025826,0.7,0,10.666666666666668
55,visit,4130,4145.0,z30,z30,,depot_south,,True,21.511993517801304,17.77777777777778,39.079771295579086,0.7,0,10.666666666666668
82,visit,4130,4145.0,z11,z11,,hub_center,,True,23.824798982334055,17.77777777777778,41.39257676011183,0.7,0,10.666666666666668
86,visit,4130,4145.0,z32,z32,,hub_waterfront,,True,28.76525649903831,17.77777777777778,46.333034276816086,0.7,0,10.666666666666668
57,visit,4130,4145.0,z00,z00,,depot_west,,True,29.325578653616486,17.77777777777778,46.89335643139426,0.7,0,10.666666666666668
31,visit,4130,4145.0,z11,z11,,hub_center,,True,37.784272916128984,10.320727083871013,47.894999999999996,0.7,0,6.192436250322608
73,visit,4130,4145.0,z30,z30,,depot_south,,True,38.293607068100776,9.811392931899222,47.894999999999996,0.7,0,5.886835759139533
5,trip,4140,4152.008970644861,z10,z21,toy-0010360,,,False,37.58725460553396,0.0,36.506447247496524,0.35,3.2526911934581184,0
9,trip,4140,4152.008970644861,z21,z30,toy-0010365,,,False,17.154678238834638,0.0,16.0738708807972,0.35,3.2526911934581184,0
63,trip,4140,4152.008970644861,z32,z21,toy-0010373,,,False,35.768723662571595,0.0,34.68791630453416,0.35,3.2526911934581184,0
77,trip,4140,4148.833333333333,z32,z22,toy-0010374,,,False,47.89500000000011,0.0,47.10000000000011,0.35,2.3,0
15,trip,4140,4152.008970644861,z20,z31,toy-0010362,,,False,34.00810985442596,0.0,32.92730249638853,0.35,3.2526911934581184,0
38,trip,4140,4165.410795394624,z31,z02,toy-0010369,,,False,42.06300072772841,0.0,39.776029142212224,0.35,7.273238618387272,0
27,trip,4140,4156.5,z10,z12,toy-0010361,,,False,39.142626364270065,0.0,37.657626364270065,0.35,4.6,0
23,trip,4140,4158.309854494165,z11,z32,toy-0010364,,,False,44.23499999999976,0.0,42.587113095524906,0.35,5.142956348249516,0
28,trip,4140,4156.5,z20,z22,toy-0010363,,,False,20.651693172764414,0.0,19.166693172764415,0.35,4.6,0
12,trip,4140,4152.008970644861,z22,z31,toy-0010372,,,False,25.194007285955557,0.0,24.11319992791812,0.35,3.2526911934581184,0
40,trip,4140,4152.008970644861,z31,z20,toy-0010367,,,False,42.32845121632552,0.0,41.247643858288086,0.35,3.2526911934581184,0
47,trip,4140,4148.833333333333,z31,z30,toy-0010368,,,False,24.028640617188177,0.0,23.23364061718818,0.35,2.3,0
22,trip,4140,4156.5,z22,z20,toy-0010371,,,False,26.819880422276285,0.0,25.334880422276285,0.35,4.6,0
13,trip,4140,4156.5,z21,z01,toy-0010366,,,False,47.894999999999264,0.0,46.409999999999265,0.35,4.6,0
29,trip,4140,4170.666666666667,z12,z32,toy-0010370,,,False,19.87244400639775,0.0,17.11244400639775,2.3,6.8999999999999995,0
79,trip,4140,4158.309854494165,z00,z21,toy-0010359,,,False,40.73893038845411,0.0,39.091043483979256,0.35,5.142956348249516,0
81,trip,4140,4152.008970644861,z00,z11,toy-0010375,,,False,47.895000000000124,0.0,46.81419264196269,0.35,3.2526911934581184,0
67,trip,4140,4156.5,z12,z32,toy-0010384,,,False,36.147268947300496,0.0,34.6622689473005,0.35,4.6,0
35,trip,4140,4148.833333333333,z21,z31,toy-0010381,,,False,21.49547750876972,0.0,20.700477508769723,0.35,2.3,0
8,trip,4140,4152.008970644861,z30,z21,toy-0010377,,,False,42.81655404264293,0.0,41.735746684605495,0.35,3.2526911934581184,0
66,trip,4140,4156.5,z01,z21,toy-0010378,,,False,31.462645024063626,0.0,29.977645024063627,0.35,4.6,0
74,trip,4140,4148.833333333333,z22,z21,toy-0010385,,,False,28.008109854425967,0.0,27.213109854425966,0.35,2.3,0
88,trip,4140,4148.833333333333,z20,z10,toy-0010376,,,False,27.63934849373829,0.0,26.844348493738288,0.35,2.3,0
48,trip,4140,4148.833333333333,z21,z11,toy-0010380,,,False,40.90166144115276,0.0,40.10666144115276,0.35,2.3,0
53,trip,4140,4152.008970644861,z31,z22,toy-0010382,,,False,40.71130573748758,0.0,39.630498379450145,0.35,3.2526911934581184,0
58,trip,4140,4152.008970644861,z21,z10,toy-0010379,,,False,42.24024947093012,0.0,41.159442112892684,0.35,3.2526911934581184,0
85,trip,4140,4148.833333333333,z12,z11,toy-0010383,,,False,33.331305737487796,0.0,32.536305737487794,0.35,2.3,0
70,trip,4140,4166.175637311527,z21,z12,toy-0010387,,,False,41.52901929617084,0.0,39.1732119381334,3.2526911934581184,4.6,0
62,trip,4140,4158.508970644861,z11,z32,toy-0010386,,,False,42.41877153854393,0.0,40.752964180506495,3.2526911934581184,2.3,0
17,visit,4140,4184.049014493585,z11,z11,,hub_inner,local,False,9.163864732914496,39.52613526708551,47.31,4.6,0,23.715681160251307
2,visit,4140,4155.0,z31,z31,,hub_core,local,True,24.344543138685992,12.777777777777779,36.91232091646377,0.7,0,7.666666666666668
45,visit,4140,4155.0,z31,z31,,hub_core,local,True,31.281837666025467,12.777777777777779,43.849615443803245,0.7,0,7.666666666666668
24,visit,4140,4155.0,z30,z30,,depot_south,,True,36.15163548258385,11.953364517416146,47.894999999999996,0.7,0,7.172018710449688
78,visit,4140,4155.0,z30,z30,,depot_south,,True,36.19160193349623,11.913398066503767,47.894999999999996,0.7,0,7.14803883990226
1,trip,4150,4158.833333333333,z32,z31,toy-0010400,,,False,42.16928271545474,0.0,41.37428271545474,0.35,2.3,0
31,trip,4150,4166.5,z11,z31,toy-0010391,,,False,47.894999999999456,0.0,46.40999999999946,0.35,4.6,0
3,trip,4150,4168.309854494165,z31,z12,toy-0010396,,,False,24.41694562694691,0.0,22.769058722472053,0.35,5.142956348249516,0
48,trip,4150,4162.008970644861,z11,z22,toy-0010392,,,False,40.10666144115271,0.0,39.02585408311528,0.35,3.2526911934581184,0
33,trip,4150,4168.309854494165,z10,z22,toy-0010389,,,False,29.63601125478395,0.0,27.988124350309093,0.35,5.142956348249516,0
10,trip,4150,4158.833333333333,z31,z32,toy-0010397,,,False,40.65341883301293,0.0,39.85841883301293,0.35,2.3,0
30,trip,4150,4158.833333333333,z31,z21,toy-0010395,,,False,42.495685448761485,0.0,41.70068544876148,0.35,2.3,0
11,trip,4150,4168.309854494165,z32,z11,toy-0010399,,,False,13.823245487220705,0.0,12.17535858274585,0.35,5.142956348249516,0
20,trip,4150,4158.833333333333,z21,z20,toy-0010393,,,False,47.89499999999971,0.0,47.09999999999971,0.35,2.3,0
14,trip,4150,4166.5,z22,z02,toy-0010398,,,False,39.31338528392507,0.0,37.82838528392507,0.35,4.6,0
65,trip,4150,4162.008970644861,z21,z12,toy-0010394,,,False,40.26261147497505,0.0,39.18180411693762,0.35,3.2526911934581184,0
59,trip,4150,4158.833333333333,z11,z21,toy-0010390,,,False,22.148641782963974,0.0,21.353641782963976,0.35,2.3,0
25,trip,4150,4174.166666666667,z00,z30,toy-0010388,,,False,36.09317047202129,0.0,33.918170472021295,0.35,6.8999999999999995,0
74,trip,4150,4158.833333333333,z21,z22,toy-0010406,,,False,27.213109854425912,0.0,26.418109854425914,0.35,2.3,0
4,trip,4150,4168.309854494165,z01,z20,toy-0010402,,,False,43.73222105644626,0.0,42.084334151971404,0.35,5.142956348249516,0
19,trip,4150,4172.851274623054,z32,z10,toy-0010410,,,False,29.549588150459986,0.0,27.492973434385114,0.35,6.505382386916237,0
37,trip,4150,4158.833333333333,z01,z00,toy-0010401,,,False,26.328917212463082,0.0,25.53391721246308,0.35,2.3,0
6,trip,4150,4165.333333333333,z20,z31,toy-0010405,,,False,17.150149100527887,0.0,15.770149100527888,2.3,2.3,0
68,trip,4150,4158.833333333333,z11,z12,toy-0010404,,,False,36.13199235202627,0.0,35.33699235202627,0.35,2.3,0
16,trip,4150,4168.508970644861,z22,z32,toy-0010407,,,False,34.238860461142906,0.0,32.57305310310547,2.3,3.2526911934581184,0
76,trip,4150,4162.008970644861,z22,z31,toy-0010409,,,False,20.680405322705898,0.0,19.59959796466846,0.35,3.2526911934581184,0
36,trip,4150,4168.309854494165,z32,z20,toy-0010411,,,False,22.773562056326092,0.0,21.125675151851237,0.35,5.142956348249516,0
35,trip,4150,4168.309854494165,z31,z10,toy-0010408,,,False,20.700477508769666,0.0,19.05259060429481,0.35,5.142956348249516,0
69,trip,4150,4162.008970644861,z11,z20,toy-0010403,,,False,33.06977992912915,0.0,31.98897257109171,0.35,3.2526911934581184,0
56,visit,4150,4176.6846079563875,z02,z02,,hub_center,local,False,20.451528687438667,0.0,18.499913971363796,6.505382386916237,0,0
32,visit,4150,4165.0,z31,z31,,hub_core,local,True,20.984193035374666,12.777777777777779,33.551970813152444,0.7,0,7.666666666666668
51,visit,4150,4165.0,z11,z11,,hub_center,local,True,24.90122834240233,12.777777777777779,37.469006120180104,0.7,0,7.666666666666668
47,visit,4150,4165.0,z30,z30,,depot_south,,True,23.233640617188122,17.77777777777778,40.8014183949659,0.7,0,10.666666666666668
50,visit,4150,4165.0,z00,z00,,depot_west,,True,26.757268947300712,17.77777777777778,44.32504672507849,0.7,0,10.666666666666668
39,visit,4150,4165.0,z32,z32,,hub_waterfront,,True,31.772442840622006,16.332557159377995,47.895,0.7,0,9.799534295626797
34,visit,4150,4165.0,z30,z30,,depot_south,,True,31.974340014304527,16.130659985695473,47.895,0.7,0,9.678395991417284
85,visit,4150,4165.0,z11,z11,,hub_center,,True,32.536305737487744,15.568694262512253,47.894999999999996,0.7,0,9.341216557507352
20,trip,4160,4178.309854494165,z20,z32,toy-0010417,,,False,47.09999999999966,0.0,45.45211309552481,0.35,5.142956348249516,0
1,trip,4160,4185.410795394624,z31,z00,toy-0010419,,,False,41.37428271545469,0.0,39.087311129938506,0.35,7.273238618387272,0
2,trip,4160,4172.008970644861,z31,z22,toy-0010422,,,False,36.912320916464225,0.0,35.83151355842679,0.35,3.2526911934581184,0
10,trip,4160,4168.833333333333,z32,z22,toy-0010427,,,False,39.85841883301288,0.0,39.063418833012875,0.35,2.3,0
15,trip,4160,4176.5,z31,z11,toy-0010421,,,False,32.9273024963885,0.0,31.4423024963885,0.35,4.6,0
68,trip,4160,4178.309854494165,z12,z31,toy-0010424,,,False,35.33699235202622,0.0,33.68910544755137,0.35,5.142956348249516,0
81,trip,4160,4168.833333333333,z11,z01,toy-0010418,,,False,46.81419264196266,0.0,46.01919264196266,0.35,2.3,0
21,trip,4160,4178.309854494165,z20,z01,toy-0010415,,,False,22.353593892109668,0.0,20.705706987634812,0.35,5.142956348249516,0
80,trip,4160,4178.309854494165,z12,z20,toy-0010423,,,False,36.97810985442593,0.0,35.33022294995108,0.35,5.142956348249516,0
41,trip,4160,4172.008970644861,z31,z20,toy-0010420,,,False,26.6522689473003,0.0,25.571461589262864,0.35,3.2526911934581184,0
22,trip,4160,4172.008970644861,z20,z31,toy-0010416,,,False,25.33488042227628,0.0,24.254073064238845,0.35,3.2526911934581184,0
58,trip,4160,4178.309854494165,z10,z31,toy-0010413,,,False,41.159442112892656,0.0,39.5115552084178,0.35,5.142956348249516,0
23,trip,4160,4172.008970644861,z32,z21,toy-0010425,,,False,42.58711309552491,0.0,41.50630573748748,0.35,3.2526911934581184,0
49,trip,4160,4168.833333333333,z32,z31,toy-0010426,,,False,43.74008027416611,0.0,42.94508027416611,0.35,2.3,0
87,trip,4160,4182.851274623054,z10,z32,toy-0010414,,,False,30.34113826890941,0.0,28.28452355283454,0.35,6.505382386916237,0
37,trip,4160,4168.833333333333,z00,z10,toy-0010412,,,False,25.533917212463027,0.0,24.73891721246303,0.35,2.3,0
45,trip,4160,4184.166666666667,z31,z01,toy-0010434,,,False,43.8496154438037,0.0,41.6746154438037,0.35,6.8999999999999995,0
13,trip,4160,4191.910795394624,z01,z31,toy-0010437,,,False,46.409999999999265,0.0,43.53802841448308,2.3,7.273238618387272,0
7,trip,4160,4172.008970644861,z22,z11,toy-0010438,,,False,45.72000000000043,0.0,44.639192641963,0.35,3.2526911934581184,0
46,trip,4160,4185.410795394624,z00,z31,toy-0010428,,,False,30.20726894730107,0.0,27.92029736178489,0.35,7.273238618387272,0
53,trip,4160,4168.833333333333,z22,z12,toy-0010439,,,False,39.63049837945012,0.0,38.835498379450115,0.35,2.3,0
88,trip,4160,4172.008970644861,z10,z01,toy-0010429,,,False,26.844348493738234,0.0,25.763541135700798,0.35,3.2526911934581184,0
54,trip,4160,4185.410795394624,z32,z01,toy-0010441,,,False,41.87232430592946,0.0,39.585352720413276,0.35,7.273238618387272,0
82,trip,4160,4172.008970644861,z11,z00,toy-0010432,,,False,41.392576760112284,0.0,40.31176940207485,0.35,3.2526911934581184,0
74,trip,4160,4168.833333333333,z22,z32,toy-0010440,,,False,26.418109854425857,0.0,25.623109854425856,0.35,2.3,0
62,trip,4160,4184.166666666667,z32,z02,toy-0010442,,,False,40.75296418050647,0.0,38.57796418050647,0.35,6.8999999999999995,0
9,trip,4160,4168.833333333333,z30,z31,toy-0010430,,,False,16.073870880797173,0.0,15.278870880797173,0.35,2.3,0
64,trip,4160,4168.833333333333,z31,z32,toy-0010436,,,False,24.732665790572057,0.0,23.937665790572055,0.35,2.3,0
26,trip,4160,4184.166666666667,z01,z31,toy-0010431,,,False,26.643523795800228,0.0,24.468523795800227,0.35,6.8999999999999995,0
5,trip,4160,4175.333333333333,z21,z21,toy-0010435,,,False,36.506447247496496,0.0,35.12644724749649,2.3,2.3,0
89,trip,4160,4178.309854494165,z11,z32,toy-0010433,,,False,46.40999999999968,0.0,44.762113095524825,0.35,5.142956348249516,0
28,visit,4160,4180.333333333333,z22,z22,,hub_inner,local,False,19.16669317276441,0.0,17.786693172764412,4.6,0,0
59,visit,4160,4175.0,z21,z21,,hub_inner,local,True,21.35364178296392,12.777777777777779,33.9214195607417,0.7,0,7.666666666666668
12,visit,4160,4175.0,z31,z31,,hub_core,local,True,24.113199927918092,12.777777777777779,36.680977705695874,0.7,0,7.666666666666668
27,visit,4160,4195.666666666667,z12,z12,,hub_waterfront,local,False,37.657626364270065,0.0,34.89762636427007,9.2,0,0
43,visit,4160,4221.286375654997,z22,z22,,depot_south,central,False,41.833188962816266,0.0,38.747415153866555,10.285912696499032,0,0
52,visit,4160,4175.0,z00,z00,,depot_west,,True,15.947552906178146,17.77777777777778,33.51533068395592,0.7,0,10.666666666666668
75,visit,4160,4175.0,z00,z00,,depot_west,,True,23.860426072253063,17.77777777777778,41.42820385003084,0.7,0,10.666666666666668
60,visit,4160,4175.0,z30,z30,,depot_south,,True,25.597523506119114,17.77777777777778,43.16530128389689,0.7,0,10.666666666666668
8,trip,4170,4178.833333333333,z21,z31,toy-0010447,,,False,41.735746684605466,0.0,40.940746684605465,0.35,2.3,0
71,trip,4170,4188.309854494165,z01,z22,toy-0010446,,,False,21.74368147993366,0.0,20.095794575458804,0.35,5.142956348249516,0
4,trip,4170,4178.833333333333,z20,z21,toy-0010444,,,False,42.08433415197141,0.0,41.28933415197141,0.35,2.3,0
36,trip,4170,4178.833333333333,z20,z30,toy-0010443,,,False,21.125675151851247,0.0,20.330675151851246,0.35,2.3,0
81,trip,4170,4182.008970644861,z01,z12,toy-0010445,,,False,46.01919264196261,0.0,44.93838528392518,0.35,3.2526911934581184,0
0,trip,4170,4178.833333333333,z22,z21,toy-0010448,,,False,47.30999999999965,0.0,46.514999999999645,0.35,2.3,0
24,trip,4170,4195.410795394624,z30,z01,toy-0010449,,,False,47.894999999999236,0.0,45.60802841448305,0.35,7.273238618387272,0
10,trip,4170,4188.309854494165,z22,z10,toy-0010456,,,False,39.063418833012825,0.0,37.41553192853797,0.35,5.142956348249516,0
6,trip,4170,4182.008970644861,z31,z22,toy-0010454,,,False,15.770149100527835,0.0,14.689341742490399,0.35,3.2526911934581184,0
16,trip,4170,4178.833333333333,z32,z31,toy-0010460,,,False,32.573053103105444,0.0,31.778053103105442,0.35,2.3,0
11,trip,4170,4201.910795394624,z11,z32,toy-0010450,,,False,12.17535858274586,0.0,9.303386997229678,2.3,7.273238618387272,0
33,trip,4170,4182.008970644861,z22,z31,toy-0010458,,,False,27.988124350309104,0.0,26.907316992271667,0.35,3.2526911934581184,0
39,trip,4170,4188.309854494165,z32,z11,toy-0010459,,,False,47.894999999999406,0.0,46.247113095524554,0.35,5.142956348249516,0
48,trip,4170,4186.5,z22,z20,toy-0010457,,,False,39.02585408311525,0.0,37.54085408311525,0.35,4.6,0
51,trip,4170,4186.5,z11,z31,toy-0010451,,,False,37.46900612018056,0.0,35.98400612018056,0.35,4.6,0
30,trip,4170,4182.008970644861,z21,z32,toy-0010453,,,False,41.70068544876143,0.0,40.619878090724,0.35,3.2526911934581184,0
9,trip,4170,4178.833333333333,z31,z32,toy-0010455,,,False,15.278870880797118,0.0,14.483870880797118,0.35,2.3,0
63,trip,4170,4178.833333333333,z21,z11,toy-0010452,,,False,34.687916304534134,0.0,33.89291630453413,0.35,2.3,0
35,visit,4170,4190.333333333333,z10,z10,,depot_west,local,False,19.05259060429482,0.0,17.67259060429482,4.6,0,0
74,visit,4170,4185.0,z32,z32,,hub_waterfront,local,True,25.623109854425802,12.777777777777779,38.19088763220358,0.7,0,7.666666666666668
14,visit,4170,4196.6846079563875,z02,z02,,hub_center,local,False,37.82838528392507,0.0,35.8767705678502,6.505382386916237,0,0
53,visit,4170,4190.333333333333,z12,z12,,hub_center,local,False,38.835498379450065,0.0,37.45549837945006,4.6,0,0
76,visit,4170,4185.0,z31,z31,,hub_core,,True,19.599597964668433,17.77777777777778,37.16737574244621,0.7,0,10.666666666666668
64,visit,4170,4185.0,z32,z32,,hub_waterfront,,True,23.937665790572,17.77777777777778,41.50544356834978,0.7,0,10.666666666666668
32,visit,4170,4185.0,z31,z31,,hub_core,,True,33.5519708131529,14.5530291868471,47.894999999999996,0.7,0,8.73181751210826
9,trip,4180,4196.5,z32,z30,toy-0010475,,,False,14.483870880797063,0.0,12.998870880797064,0.35,4.6,0
40,trip,4180,4196.5,z20,z00,toy-0010461,,,False,41.24764385828806,0.0,39.76264385828806,0.35,4.6,0
0,trip,4180,4188.833333333333,z21,z22,toy-0010468,,,False,46.514999999999596,0.0,45.719999999999594,0.35,2.3,0
20,trip,4180,4192.008970644861,z32,z21,toy-0010476,,,False,45.452113095524815,0.0,44.37130573748738,0.35,3.2526911934581184,0
8,trip,4180,4188.833333333333,z31,z21,toy-0010471,,,False,40.940746684605415,0.0,40.14574668460541,0.35,2.3,0
12,trip,4180,4198.309854494165,z31,z12,toy-0010472,,,False,36.68097770569632,0.0,35.03309080122147,0.35,5.142956348249516,0
22,trip,4180,4196.5,z31,z11,toy-0010470,,,False,24.254073064238817,0.0,22.769073064238817,0.35,4.6,0
25,trip,4180,4198.309854494165,z30,z11,toy-0010464,,,False,33.91817047202127,0.0,32.270283567546414,0.35,5.142956348249516,0
3,trip,4180,4188.833333333333,z12,z22,toy-0010474,,,False,22.769058722472064,0.0,21.974058722472066,0.35,2.3,0
65,trip,4180,4192.008970644861,z12,z21,toy-0010473,,,False,39.18180411693759,0.0,38.10099675890016,0.35,3.2526911934581184,0
41,trip,4180,4196.5,z20,z22,toy-0010463,,,False,25.571461589262835,0.0,24.086461589262836,0.35,4.6,0
18,trip,4180,4188.833333333333,z01,z02,toy-0010465,,,False,47.31000000000004,0.0,46.515000000000036,0.35,2.3,0
31,trip,4180,4188.833333333333,z31,z30,toy-0010469,,,False,46.40999999999946,0.0,45.614999999999455,0.35,2.3,0
7,trip,4180,4188.833333333333,z11,z21,toy-0010466,,,False,44.63919264196297,0.0,43.84419264196297,0.35,2.3,0
4,trip,4180,4188.833333333333,z21,z20,toy-0010467,,,False,41.28933415197136,0.0,40.49433415197136,0.35,2.3,0
61,trip,4180,4192.008970644861,z20,z11,toy-0010462,,,False,17.720181877250617,0.0,16.63937451921318,0.35,3.2526911934581184,0
29,trip,4180,4196.5,z32,z12,toy-0010490,,,False,17.112444006397727,0.0,15.627444006397727,0.35,4.6,0
19,trip,4180,4188.833333333333,z10,z00,toy-0010477,,,False,27.492973434385085,0.0,26.697973434385084,0.35,2.3,0
70,trip,4180,4198.309854494165,z12,z31,toy-0010484,,,False,39.17321193813343,0.0,37.525325033658575,0.35,5.142956348249516,0
2,trip,4180,4203.0,z22,z32,toy-0010485,,,False,35.831513558426764,0.0,33.76151355842676,2.3,4.6,0
69,trip,4180,4192.008970644861,z20,z31,toy-0010478,,,False,31.988972571091686,0.0,30.90816521305425,0.35,3.2526911934581184,0
67,trip,4180,4198.309854494165,z32,z20,toy-0010488,,,False,34.6622689473005,0.0,33.014382042825645,0.35,5.142956348249516,0
49,trip,4180,4198.309854494165,z31,z10,toy-0010482,,,False,42.94508027416606,0.0,41.29719336969121,0.35,5.142956348249516,0
72,trip,4180,4188.833333333333,z32,z31,toy-0010489,,,False,42.04658288029215,0.0,41.25158288029215,0.35,2.3,0
77,trip,4180,4188.833333333333,z22,z32,toy-0010487,,,False,47.10000000000006,0.0,46.30500000000006,0.35,2.3,0
15,trip,4180,4192.008970644861,z11,z22,toy-0010480,,,False,31.4423024963885,0.0,30.361495138351064,0.35,3.2526911934581184,0
23,trip,4180,4204.809854494165,z21,z01,toy-0010486,,,False,41.50630573748745,0.0,39.2734188330126,2.3,5.142956348249516,0
59,trip,4180,4188.833333333333,z21,z31,toy-0010481,,,False,33.92141956074215,0.0,33.12641956074215,0.35,2.3,0
58,trip,4180,4192.008970644861,z31,z20,toy-0010483,,,False,39.51155520841781,0.0,38.43074785038038,0.35,3.2526911934581184,0
34,trip,4180,4196.5,z30,z32,toy-0010479,,,False,47.895000000000046,0.0,46.410000000000046,0.35,4.6,0
86,trip,4180,4188.833333333333,z32,z22,toy-0010491,,,False,46.33303427681654,0.0,45.53803427681654,0.35,2.3,0
21,visit,4180,4200.333333333333,z01,z01,,depot_west,local,False,20.705706987634823,0.0,19.325706987634824,4.6,0,0
16,visit,4180,4195.0,z31,z31,,hub_core,local,True,31.778053103105393,12.777777777777779,44.34583088088317,0.7,0,7.666666666666668
5,visit,4180,4195.0,z21,z21,,hub_inner,local,True,35.12644724749644,12.777777777777779,47.69422502527422,0.7,0,7.666666666666668
36,visit,4180,4195.0,z30,z30,,depot_south,,True,20.330675151851192,17.77777777777778,37.89845292962897,0.7,0,10.666666666666668
52,visit,4180,4195.0,z00,z00,,depot_west,,True,33.51533068395638,14.589669316043619,47.894999999999996,0.7,0,8.753801589626171
63,visit,4180,4195.0,z11,z11,,hub_center,,True,33.89291630453408,14.212083695465916,47.894999999999996,0.7,0,8.52725021727955
31,trip,4190,4208.309854494165,z30,z22,toy-0010496,,,False,45.614999999999405,0.0,43.96711309552455,0.35,5.142956348249516,0
42,trip,4190,4206.5,z30,z10,toy-0010494,,,False,39.442719435896336,0.0,37.95771943589634,0.35,4.6,0
26,trip,4190,4198.833333333333,z31,z32,toy-0010499,,,False,24.4685237958002,0.0,23.6735237958002,0.35,2.3,0
37,trip,4190,4202.008970644861,z10,z21,toy-0010492,,,False,24.738917212462972,0.0,23.658109854425536,0.35,3.2526911934581184,0
81,trip,4190,4198.833333333333,z12,z02,toy-0010500,,,False,44.93838528392515,0.0,44.14338528392515,0.35,2.3,0
0,trip,4190,4198.833333333333,z22,z21,toy-0010501,,,False,45.719999999999544,0.0,44.92499999999954,0.35,2.3,0
17,trip,4190,4198.833333333333,z11,z10,toy-0010497,,,False,47.31000000000066,0.0,46.51500000000066,0.35,2.3,0
7,trip,4190,4202.008970644861,z21,z12,toy-0010498,,,False,43.84419264196292,0.0,42.76338528392549,0.35,3.2526911934581184,0
4,trip,4190,4208.309854494165,z20,z32,toy-0010493,,,False,40.49433415197131,0.0,38.84644724749646,0.35,5.142956348249516,0
3,trip,4190,4202.008970644861,z22,z31,toy-0010502,,,False,21.97405872247201,0.0,20.893251364434573,0.35,3.2526911934581184,0
47,trip,4190,4198.833333333333,z30,z20,toy-0010495,,,False,40.801418394966355,0.0,40.00641839496635,0.35,2.3,0
32,trip,4190,4198.833333333333,z31,z21,toy-0010509,,,False,47.89499999999974,0.0,47.09999999999974,0.35,2.3,0
39,trip,4190,4206.5,z11,z31,toy-0010504,,,False,46.24711309552456,0.0,44.76211309552456,0.35,4.6,0
8,trip,4190,4202.008970644861,z21,z10,toy-0010506,,,False,40.14574668460536,0.0,39.06493932656793,0.35,3.2526911934581184,0
85,trip,4190,4208.309854494165,z11,z32,toy-0010505,,,False,47.8949999999999,0.0,46.247113095525044,0.35,5.142956348249516,0
66,trip,4190,4206.5,z21,z01,toy-0010507,,,False,29.977645024063623,0.0,28.492645024063624,0.35,4.6,0
33,trip,4190,4202.008970644861,z31,z22,toy-0010510,,,False,26.90731699227164,0.0,25.826509634234203,0.35,3.2526911934581184,0
64,trip,4190,4212.851274623054,z32,z10,toy-0010511,,,False,41.50544356835023,0.0,39.44882885227536,0.35,6.505382386916237,0
6,trip,4190,4208.508970644861,z22,z32,toy-0010508,,,False,14.68934174249037,0.0,13.023534384452935,2.3,3.2526911934581184,0
44,trip,4190,4208.309854494165,z10,z31,toy-0010503,,,False,33.71725460553413,0.0,32.06936770105928,0.35,5.142956348249516,0
10,visit,4190,4210.333333333333,z10,z10,,depot_west,local,False,37.41553192853798,0.0,36.03553192853798,4.6,0,0
79,visit,4190,4205.0,z21,z21,,hub_inner,local,True,39.09104348397926,9.013956516020734,47.894999999999996,0.7,0,5.408373909612441
30,visit,4190,4205.0,z32,z32,,hub_waterfront,local,True,40.61987809072397,7.4851219092760255,47.894999999999996,0.7,0,4.491073145565615
19,visit,4190,4205.0,z00,z00,,depot_west,,True,26.69797343438503,17.77777777777778,44.265751212162805,0.7,0,10.666666666666668
46,visit,4190,4205.0,z31,z31,,hub_core,,True,27.920297361784822,17.77777777777778,45.4880751395626,0.7,0,10.666666666666668
87,visit,4190,4205.0,z32,z32,,hub_waterfront,,True,28.28452355283451,17.77777777777778,45.852301330612285,0.7,0,10.666666666666668
59,visit,4190,4205.0,z31,z31,,hub_core,,True,33.1264195607421,14.978580439257899,47.894999999999996,0.7,0,8.987148263554738
26,trip,4200,4212.008970644861,z32,z21,toy-0010531,,,False,23.673523795800143,0.0,22.592716437762707,0.35,3.2526911934581184,0
24,trip,4200,4224.166666666667,z01,z31,toy-0010519,,,False,45.60802841448299,0.0,43.43302841448299,0.35,6.8999999999999995,0
0,trip,4200,4208.833333333333,z21,z31,toy-0010521,,,False,44.92499999999949,0.0,44.12999999999949,0.35,2.3,0
12,trip,4200,4216.5,z12,z10,toy-0010527,,,False,35.033090801221476,0.0,33.54809080122148,0.35,4.6,0
5,trip,4200,4212.008970644861,z21,z30,toy-0010520,,,False,47.694225025274676,0.0,46.61341766723724,0.35,3.2526911934581184,0
1,trip,4200,4228.809226445224,z00,z32,toy-0010512,,,False,39.08731112993844,0.0,36.49448074986829,0.35,8.292767933567175,0
48,trip,4200,4208.833333333333,z20,z21,toy-0010514,,,False,37.54085408311525,0.0,36.74585408311525,0.35,2.3,0
13,trip,4200,4216.5,z31,z11,toy-0010523,,,False,43.53802841448302,0.0,42.05302841448302,0.35,4.6,0
17,trip,4200,4208.833333333333,z10,z20,toy-0010513,,,False,46.51500000000061,0.0,45.72000000000061,0.35,2.3,0
45,trip,4200,4216.5,z01,z21,toy-0010518,,,False,41.674615443803674,0.0,40.189615443803675,0.35,4.6,0
54,trip,4200,4208.833333333333,z01,z11,toy-0010517,,,False,39.58535272041321,0.0,38.79035272041321,0.35,2.3,0
16,trip,4200,4224.166666666667,z31,z01,toy-0010522,,,False,44.345830880883625,0.0,42.17083088088363,0.35,6.8999999999999995,0
58,trip,4200,4222.851274623054,z20,z02,toy-0010515,,,False,38.43074785038035,0.0,36.37413313430548,0.35,6.505382386916237,0
34,trip,4200,4208.833333333333,z32,z31,toy-0010532,,,False,46.410000000000046,0.0,45.615000000000045,0.35,2.3,0
27,trip,4200,4218.309854494165,z12,z00,toy-0010526,,,False,34.89762636427012,0.0,33.249739459795265,0.35,5.142956348249516,0
15,trip,4200,4218.309854494165,z22,z30,toy-0010528,,,False,30.361495138351035,0.0,28.71360823387618,0.35,5.142956348249516,0
51,trip,4200,4208.833333333333,z31,z32,toy-0010525,,,False,35.98400612018056,0.0,35.18900612018056,0.35,2.3,0
28,trip,4200,4212.008970644861,z22,z11,toy-0010529,,,False,17.78669317276436,0.0,16.705885814726923,0.35,3.2526911934581184,0
74,trip,4200,4228.809226445224,z32,z00,toy-0010530,,,False,38.19088763220403,0.0,35.59805725213388,0.35,8.292767933567175,0
36,trip,4200,4222.851274623054,z30,z12,toy-0010516,,,False,37.89845292962942,0.0,35.84183821355455,0.35,6.505382386916237,0
68,trip,4200,4225.410795394624,z31,z02,toy-0010524,,,False,33.68910544755138,0.0,31.402133862035196,0.35,7.273238618387272,0
77,trip,4200,4218.309854494165,z32,z11,toy-0010539,,,False,46.30500000000001,0.0,44.657113095525155,0.35,5.142956348249516,0
80,trip,4200,4218.309854494165,z20,z12,toy-0010535,,,False,35.330222949951086,0.0,33.682336045476234,0.35,5.142956348249516,0
25,trip,4200,4212.008970644861,z11,z20,toy-0010536,,,False,32.27028356754642,0.0,31.189476209508985,0.35,3.2526911934581184,0
29,trip,4200,4212.008970644861,z12,z01,toy-0010538,,,False,15.627444006397726,0.0,14.54663664836029,0.35,3.2526911934581184,0
35,trip,4200,4222.851274623054,z10,z32,toy-0010534,,,False,17.67259060429477,0.0,15.615975888219898,0.35,6.505382386916237,0
20,trip,4200,4208.833333333333,z21,z22,toy-0010537,,,False,44.371305737487354,0.0,43.57630573748735,0.35,2.3,0
89,trip,4200,4208.833333333333,z32,z22,toy-0010540,,,False,44.76211309552483,0.0,43.96711309552483,0.35,2.3,0
49,trip,4200,4218.309854494165,z10,z22,toy-0010533,,,False,41.297193369691215,0.0,39.64930646521636,0.35,5.142956348249516,0
9,visit,4200,4250.397010804855,z30,z30,,depot_south,central,False,12.998870880797064,35.10612911920293,47.894999999999996,0.7,0,21.06367747152176
22,visit,4200,4215.0,z11,z11,,hub_center,local,True,22.769073064238814,12.777777777777779,35.336850842016595,0.7,0,7.666666666666668
67,visit,4200,4242.333333333333,z20,z20,,depot_south,central,False,33.01438204282565,0.0,31.634382042825653,4.6,0,0
70,visit,4200,4215.0,z31,z31,,hub_core,local,True,37.52532503365858,10.579674966341413,47.894999999999996,0.7,0,6.347804979804848
65,visit,4200,4215.0,z21,z21,,hub_inner,local,True,38.10099675890013,10.004003241099866,47.894999999999996,0.7,0,6.00240194465992
47,visit,4200,4220.333333333333,z20,z20,,depot_south,local,False,40.0064183949663,0.0,38.6264183949663,4.6,0,0
81,visit,4200,4226.6846079563875,z02,z02,,hub_center,local,False,44.1433852839251,0.0,42.19177056785023,6.505382386916237,0,0
61,visit,4200,4215.0,z11,z11,,hub_center,,True,16.639374519213153,17.77777777777778,34.207152296990934,0.7,0,10.666666666666668
21,trip,4210,4222.008970644861,z01,z10,toy-0010546,,,False,19.32570698763477,0.0,18.244899629597334,0.35,3.2526911934581184,0
7,trip,4210,4232.851274623054,z12,z30,toy-0010554,,,False,42.76338528392546,0.0,40.70677056785059,0.35,6.505382386916237,0
32,trip,4210,4218.833333333333,z21,z11,toy-0010549,,,False,47.09999999999969,0.0,46.30499999999969,0.35,2.3,0
55,trip,4210,4218.833333333333,z30,z31,toy-0010545,,,False,39.07977129557953,0.0,38.28477129557953,0.35,2.3,0
8,trip,4210,4218.833333333333,z10,z11,toy-0010542,,,False,39.0649393265679,0.0,38.2699393265679,0.35,2.3,0
54,trip,4210,4228.309854494165,z11,z30,toy-0010547,,,False,38.79035272041316,0.0,37.14246581593831,0.35,5.142956348249516,0
20,trip,4210,4218.833333333333,z22,z32,toy-0010557,,,False,43.5763057374873,0.0,42.7813057374873,0.35,2.3,0
0,trip,4210,4235.410795394624,z31,z00,toy-0010550,,,False,44.12999999999944,0.0,41.84302841448326,0.35,7.273238618387272,0
53,trip,4210,4218.833333333333,z12,z11,toy-0010555,,,False,37.455498379450006,0.0,36.660498379450004,0.35,2.3,0
3,trip,4210,4228.309854494165,z31,z12,toy-0010552,,,False,20.893251364434544,0.0,19.24536445995969,0.35,5.142956348249516,0
31,trip,4210,4222.008970644861,z22,z31,toy-0010556,,,False,43.96711309552456,0.0,42.88630573748713,0.35,3.2526911934581184,0
37,trip,4210,4228.309854494165,z21,z00,toy-0010548,,,False,23.658109854425508,0.0,22.010222949950652,0.35,5.142956348249516,0
17,trip,4210,4222.008970644861,z20,z31,toy-0010543,,,False,45.72000000000056,0.0,44.63919264196313,0.35,3.2526911934581184,0
60,trip,4210,4222.008970644861,z30,z21,toy-0010544,,,False,43.16530128389734,0.0,42.08449392585991,0.35,3.2526911934581184,0
34,trip,4210,4222.008970644861,z31,z22,toy-0010553,,,False,45.614999999999995,0.0,44.53419264196256,0.35,3.2526911934581184,0
19,trip,4210,4232.851274623054,z00,z22,toy-0010541,,,False,44.26575121216326,0.0,42.20913649608839,0.35,6.505382386916237,0
39,trip,4210,4222.008970644861,z31,z20,toy-0010551,,,False,44.76211309552456,0.0,43.68130573748713,0.35,3.2526911934581184,0
79,trip,4210,4222.008970644861,z21,z32,toy-0010560,,,False,47.894999999999605,0.0,46.81419264196217,0.35,3.2526911934581184,0
2,trip,4210,4218.833333333333,z32,z31,toy-0010568,,,False,33.76151355842676,0.0,32.96651355842676,0.35,2.3,0
33,trip,4210,4226.5,z22,z20,toy-0010565,,,False,25.826509634234174,0.0,24.341509634234175,0.35,4.6,0
4,trip,4210,4235.410795394624,z32,z01,toy-0010567,,,False,38.846447247496464,0.0,36.55947566198028,0.35,7.273238618387272,0
41,trip,4210,4218.833333333333,z22,z12,toy-0010566,,,False,24.086461589262832,0.0,23.29146158926283,0.35,2.3,0
14,trip,4210,4222.008970644861,z02,z11,toy-0010563,,,False,35.8767705678502,0.0,34.79596320981277,0.35,3.2526911934581184,0
44,trip,4210,4218.833333333333,z31,z21,toy-0010561,,,False,32.069367701059285,0.0,31.274367701059283,0.35,2.3,0
40,trip,4210,4228.309854494165,z00,z21,toy-0010558,,,False,39.76264385828806,0.0,38.114756953813206,0.35,5.142956348249516,0
63,trip,4210,4218.833333333333,z11,z21,toy-0010559,,,False,47.89499999999951,0.0,47.09999999999951,0.35,2.3,0
18,trip,4210,4228.309854494165,z02,z21,toy-0010564,,,False,46.514999999999986,0.0,44.867113095525134,0.35,5.142956348249516,0
46,trip,4210,4218.833333333333,z31,z32,toy-0010562,,,False,45.48807513956305,0.0,44.69307513956305,0.35,2.3,0
48,visit,4210,4225.0,z21,z21,,hub_inner,local,True,36.7458540831152,11.359145916884797,47.894999999999996,0.7,0,6.815487550130879
11,visit,4210,4237.614301134996,z32,z32,,hub_waterfront,,False,9.30338699722961,38.80161300277039,47.894999999999996,0.7,0,23.280967801662232
6,visit,4210,4235.3822127026615,z32,z32,,hub_waterfront,,False,13.023534384452907,35.081465615547096,47.895,0.7,0,21.048879369328255
69,visit,4210,4225.0,z31,z31,,hub_core,,True,30.90816521305422,17.19683478694578,47.895,0.7,0,10.318100872167468
51,visit,4210,4225.0,z32,z32,,hub_waterfront,,True,35.18900612018051,12.915993879819489,47.894999999999996,0.7,0,7.749596327891693
76,visit,4210,4225.0,z31,z31,,hub_core,,True,37.167375742446666,10.937624257553331,47.894999999999996,0.7,0,6.562574554531999
20,trip,4220,4238.309854494165,z32,z20,toy-0010579,,,False,42.78130573748725,0.0,41.1334188330124,0.35,5.142956348249516,0
26,trip,4220,4228.833333333333,z21,z31,toy-0010574,,,False,22.59271643776268,0.0,21.79771643776268,0.35,2.3,0
44,trip,4220,4228.833333333333,z21,z20,toy-0010573,,,False,31.27436770105923,0.0,30.479367701059232,0.35,2.3,0
5,trip,4220,4243.0,z30,z22,toy-0010570,,,False,46.613417667237215,0.0,44.543417667237215,2.3,4.6,0
38,trip,4220,4244.166666666667,z02,z32,toy-0010575,,,False,39.77602914221216,0.0,37.60102914221216,0.35,6.8999999999999995,0
8,trip,4220,4236.5,z11,z31,toy-0010571,,,False,38.26993932656785,0.0,36.78493932656785,0.35,4.6,0
49,trip,4220,4228.833333333333,z22,z21,toy-0010578,,,False,39.64930646521637,0.0,38.85430646521637,0.35,2.3,0
13,trip,4220,4228.833333333333,z11,z12,toy-0010572,,,False,42.05302841448302,0.0,41.25802841448302,0.35,2.3,0
27,trip,4220,4245.410795394624,z00,z31,toy-0010569,,,False,33.24973945979527,0.0,30.96276787427909,0.35,7.273238618387272,0
71,trip,4220,4242.851274623054,z22,z00,toy-0010577,,,False,20.095794575458815,0.0,18.039179859383943,0.35,6.505382386916237,0
41,trip,4220,4238.309854494165,z12,z31,toy-0010576,,,False,23.291461589262777,0.0,21.64357468478792,0.35,5.142956348249516,0
30,trip,4220,4232.008970644861,z32,z21,toy-0010586,,,False,47.89500000000005,0.0,46.81419264196262,0.35,3.2526911934581184,0
22,trip,4220,4238.309854494165,z11,z32,toy-0010583,,,False,35.33685084201704,0.0,33.68896393754219,0.35,5.142956348249516,0
2,trip,4220,4236.5,z31,z11,toy-0010585,,,False,32.96651355842671,0.0,31.481513558426713,0.35,4.6,0
28,trip,4220,4232.008970644861,z11,z22,toy-0010582,,,False,16.705885814726894,0.0,15.625078456689458,0.35,3.2526911934581184,0
10,trip,4220,4244.809854494165,z10,z32,toy-0010580,,,False,36.03553192853792,0.0,33.80264502406307,2.3,5.142956348249516,0
55,trip,4220,4238.309854494165,z31,z10,toy-0010584,,,False,38.28477129557948,0.0,36.63688439110463,0.35,5.142956348249516,0
23,trip,4220,4245.410795394624,z01,z32,toy-0010581,,,False,39.27341883301261,0.0,36.98644724749643,0.35,7.273238618387272,0
25,visit,4220,4240.333333333333,z20,z20,,depot_south,local,False,31.18947620950896,0.0,29.80947620950896,4.6,0,0
80,visit,4220,4240.333333333333,z12,z12,,hub_center,local,False,33.68233604547624,0.0,32.30233604547624,4.6,0,0
63,visit,4220,4235.0,z21,z21,,hub_inner,local,True,47.09999999999946,1.0050000000005355,47.894999999999996,0.7,0,0.6030000000003213
29,visit,4220,4257.8193513443175,z01,z01,,depot_west,,False,14.546636648360261,34.143363351639735,47.309999999999995,4.6,0,20.48601801098384
15,visit,4220,4235.0,z30,z30,,depot_south,,True,28.71360823387619,17.77777777777778,46.28138601165397,0.7,0,10.666666666666668
61,visit,4220,4235.0,z11,z11,,hub_center,,True,34.20715229699138,13.897847703008615,47.894999999999996,0.7,0,8.33870862180517
17,trip,4230,4238.833333333333,z31,z21,toy-0010591,,,False,44.6391926419631,0.0,43.8441926419631,0.35,2.3,0
33,trip,4230,4238.833333333333,z20,z10,toy-0010588,,,False,24.34150963423417,0.0,23.54650963423417,0.35,2.3,0
34,trip,4230,4242.008970644861,z22,z31,toy-0010595,,,False,44.534192641962534,0.0,43.4533852839251,0.35,3.2526911934581184,0
37,trip,4230,4246.5,z00,z20,toy-0010587,,,False,22.010222949950663,0.0,20.525222949950663,0.35,4.6,0
24,trip,4230,4238.833333333333,z31,z30,toy-0010590,,,False,43.43302841448296,0.0,42.63802841448296,0.35,2.3,0
1,trip,4230,4246.5,z32,z12,toy-0010597,,,False,36.49448074986825,0.0,35.00948074986825,0.35,4.6,0
13,trip,4230,4246.5,z12,z32,toy-0010594,,,False,41.25802841448297,0.0,39.77302841448297,0.35,4.6,0
35,trip,4230,4238.833333333333,z32,z31,toy-0010596,,,False,15.615975888219866,0.0,14.820975888219866,0.35,2.3,0
36,trip,4230,4242.008970644861,z12,z21,toy-0010593,,,False,35.841838213554524,0.0,34.76103085551709,0.35,3.2526911934581184,0
18,trip,4230,4248.309854494165,z21,z02,toy-0010589,,,False,44.86711309552514,0.0,43.21922619105029,0.35,5.142956348249516,0
56,trip,4230,4255.410795394624,z02,z31,toy-0010592,,,False,18.499913971363796,0.0,16.212942385847615,0.35,7.273238618387272,0
46,trip,4230,4238.833333333333,z32,z22,toy-0010598,,,False,44.693075139563,0.0,43.898075139563,0.35,2.3,0
58,trip,4230,4246.5,z02,z22,toy-0010607,,,False,36.37413313430545,0.0,34.88913313430545,0.35,4.6,0
26,trip,4230,4242.008970644861,z31,z22,toy-0010605,,,False,21.797716437762624,0.0,20.716909079725188,0.35,3.2526911934581184,0
14,trip,4230,4242.008970644861,z11,z02,toy-0010603,,,False,34.79596320981274,0.0,33.71515585177531,0.35,3.2526911934581184,0
32,trip,4230,4245.333333333333,z11,z22,toy-0010609,,,False,46.30499999999964,0.0,44.924999999999635,2.3,2.3,0
43,trip,4230,4248.309854494165,z22,z10,toy-0010610,,,False,38.74741515386664,0.0,37.09952824939179,0.35,5.142956348249516,0
40,trip,4230,4238.833333333333,z21,z22,toy-0010604,,,False,38.11475695381321,0.0,37.31975695381321,0.35,2.3,0
53,trip,4230,4254.809854494165,z11,z20,toy-0010608,,,False,36.660498379449955,0.0,34.4276114749751,2.3,5.142956348249516,0
12,trip,4230,4248.309854494165,z10,z31,toy-0010600,,,False,33.54809080122148,0.0,31.90020389674662,0.35,5.142956348249516,0
39,trip,4230,4242.008970644861,z20,z31,toy-0010602,,,False,43.6813057374871,0.0,42.60049837944967,0.35,3.2526911934581184,0
50,trip,4230,4248.309854494165,z00,z12,toy-0010599,,,False,44.32504672507894,0.0,42.67715982060409,0.35,5.142956348249516,0
31,trip,4230,4238.833333333333,z31,z32,toy-0010606,,,False,42.8863057374871,0.0,42.0913057374871,0.35,2.3,0
44,trip,4230,4242.008970644861,z20,z11,toy-0010601,,,False,30.479367701059175,0.0,29.39856034302174,0.35,3.2526911934581184,0
3,visit,4230,4250.333333333333,z12,z12,,hub_center,local,False,19.2453644599597,0.0,17.8653644599597,4.6,0,0
74,visit,4230,4245.0,z00,z00,,depot_west,,True,35.59805725213384,12.506942747866155,47.894999999999996,0.7,0,7.504165648719693
54,visit,4230,4245.0,z30,z30,,depot_south,,True,37.142465815938316,10.962534184061683,47.894999999999996,0.7,0,6.577520510437009
49,visit,4230,4245.0,z21,z21,,hub_inner,,True,38.85430646521632,9.250693534783677,47.894999999999996,0.7,0,5.5504161208702065
17,trip,4240,4252.008970644861,z21,z32,toy-0010613,,,False,43.84419264196305,0.0,42.763385283925615,0.35,3.2526911934581184,0
19,trip,4240,4248.833333333333,z22,z32,toy-0010616,,,False,42.20913649608836,0.0,41.41413649608836,0.35,2.3,0
28,trip,4240,4252.008970644861,z22,z11,toy-0010615,,,False,15.625078456689428,0.0,14.544271098651992,0.35,3.2526911934581184,0
30,trip,4240,4248.833333333333,z21,z31,toy-0010612,,,False,46.81419264196259,0.0,46.01919264196259,0.35,2.3,0
6,trip,4240,4258.309854494165,z32,z11,toy-0010618,,,False,47.89500000000029,0.0,46.247113095525435,0.35,5.142956348249516,0
8,trip,4240,4252.008970644861,z31,z20,toy-0010614,,,False,36.78493932656785,0.0,35.70413196853042,0.35,3.2526911934581184,0
11,trip,4240,4256.5,z32,z30,toy-0010617,,,False,47.89499999999951,0.0,46.40999999999951,0.35,4.6,0
16,trip,4240,4258.309854494165,z01,z22,toy-0010611,,,False,42.1708308808836,0.0,40.52294397640875,0.35,5.142956348249516,0
20,trip,4240,4248.833333333333,z20,z21,toy-0010620,,,False,41.133418833012406,0.0,40.338418833012405,0.35,2.3,0
21,trip,4240,4256.5,z10,z12,toy-0010619,,,False,18.244899629597306,0.0,16.759899629597307,0.35,4.6,0
22,trip,4240,4248.833333333333,z32,z31,toy-0010626,,,False,33.6889639375422,0.0,32.893963937542196,0.35,2.3,0
66,trip,4240,4264.166666666667,z01,z31,toy-0010621,,,False,28.49264502406362,0.0,26.31764502406362,0.35,6.8999999999999995,0
45,trip,4240,4252.008970644861,z21,z12,toy-0010623,,,False,40.189615443803675,0.0,39.10880808576624,0.35,3.2526911934581184,0
35,trip,4240,4258.309854494165,z31,z12,toy-0010624,,,False,14.820975888219811,0.0,13.173088983744957,0.35,5.142956348249516,0
31,trip,4240,4252.008970644861,z32,z21,toy-0010625,,,False,42.09130573748705,0.0,41.010498379449615,0.35,3.2526911934581184,0
2,trip,4240,4256.5,z11,z31,toy-0010622,,,False,31.481513558426713,0.0,29.996513558426713,0.35,4.6,0
4,visit,4240,4282.333333333333,z01,z01,,depot_west,central,False,36.559475661980215,0.0,35.17947566198021,4.6,0,0
41,visit,4240,4255.0,z31,z31,,hub_core,,True,21.643574684787932,17.77777777777778,39.211352462565706,0.7,0,10.666666666666668
10,trip,4250,4274.166666666667,z32,z02,toy-0010638,,,False,33.80264502406308,0.0,31.62764502406308,0.35,6.8999999999999995,0
88,trip,4250,4268.309854494165,z01,z20,toy-0010629,,,False,25.76354113570077,0.0,24.115654231225914,0.35,5.142956348249516,0
12,trip,4250,4274.166666666667,z31,z01,toy-0010632,,,False,31.900203896746635,0.0,29.725203896746635,0.35,6.8999999999999995,0
22,trip,4250,4258.833333333333,z31,z32,toy-0010634,,,False,32.893963937542146,0.0,32.098963937542145,0.35,2.3,0
20,trip,4250,4258.833333333333,z21,z11,toy-0010631,,,False,40.338418833012355,0.0,39.54341883301235,0.35,2.3,0
44,trip,4250,4258.833333333333,z11,z01,toy-0010630,,,False,29.39856034302171,0.0,28.603560343021712,0.35,2.3,0
5,trip,4250,4262.008970644861,z22,z31,toy-0010636,,,False,44.543417667237215,0.0,43.46261030919978,0.35,3.2526911934581184,0
26,trip,4250,4258.833333333333,z22,z21,toy-0010635,,,False,20.71690907972516,0.0,19.92190907972516,0.35,2.3,0
27,trip,4250,4258.833333333333,z31,z21,toy-0010633,,,False,30.962767874279027,0.0,30.16776787427903,0.35,2.3,0
13,trip,4250,4272.851274623054,z32,z10,toy-0010637,,,False,39.77302841448297,0.0,37.716413698408104,0.35,6.505382386916237,0
7,trip,4250,4266.5,z30,z32,toy-0010628,,,False,40.70677056785056,0.0,39.22177056785056,0.35,4.6,0
33,trip,4250,4262.008970644861,z10,z21,toy-0010627,,,False,23.546509634234116,0.0,22.46570227619668,0.35,3.2526911934581184,0
30,trip,4250,4262.008970644861,z31,z22,toy-0010645,,,False,46.01919264196254,0.0,44.93838528392511,0.35,3.2526911934581184,0
61,trip,4250,4258.833333333333,z11,z21,toy-0010641,,,False,47.895000000000294,0.0,47.10000000000029,0.35,2.3,0
23,trip,4250,4268.309854494165,z32,z20,toy-0010646,,,False,36.986447247496365,0.0,35.33856034302151,0.35,5.142956348249516,0
42,trip,4250,4272.851274623054,z10,z32,toy-0010639,,,False,37.95771943589634,0.0,35.90110471982147,0.35,6.505382386916237,0
34,trip,4250,4266.5,z31,z11,toy-0010644,,,False,43.45338528392507,0.0,41.96838528392507,0.35,4.6,0
36,trip,4250,4262.008970644861,z21,z10,toy-0010642,,,False,34.76103085551706,0.0,33.68022349747963,0.35,3.2526911934581184,0
48,trip,4250,4258.833333333333,z21,z31,toy-0010643,,,False,47.894999999999236,0.0,47.099999999999234,0.35,2.3,0
25,trip,4250,4268.309854494165,z20,z01,toy-0010640,,,False,29.809476209508908,0.0,28.161589305034052,0.35,5.142956348249516,0
37,visit,4250,4292.333333333333,z20,z20,,depot_south,central,False,20.52522294995066,0.0,19.14522294995066,4.6,0,0
58,visit,4250,4270.333333333333,z22,z22,,hub_inner,local,False,34.88913313430545,0.0,33.50913313430545,4.6,0,0
19,visit,4250,4307.666666666667,z32,z32,,depot_south,central,False,41.41413649608831,0.0,38.65413649608831,9.2,0,0
71,visit,4250,4265.0,z00,z00,,depot_west,,True,18.039179859383914,17.77777777777778,35.60695763716169,0.7,0,10.666666666666668
38,visit,4250,4265.0,z32,z32,,hub_waterfront,,True,37.601029142212134,10.503970857787863,47.894999999999996,0.7,0,6.3023825146727175
17,trip,4260,4268.833333333333,z32,z22,toy-0010651,,,False,42.76338528392559,0.0,41.968385283925585,0.35,2.3,0
8,trip,4260,4278.309854494165,z20,z32,toy-0010647,,,False,35.70413196853039,0.0,34.05624506405554,0.35,5.142956348249516,0
16,trip,4260,4276.5,z22,z02,toy-0010650,,,False,40.522943976408754,0.0,39.037943976408755,0.35,4.6,0
1,trip,4260,4278.309854494165,z12,z31,toy-0010648,,,False,35.00948074986825,0.0,33.3615938453934,0.35,5.142956348249516,0
32,trip,4260,4278.309854494165,z22,z01,toy-0010649,,,False,44.924999999999585,0.0,43.27711309552473,0.35,5.142956348249516,0
27,trip,4260,4272.008970644861,z21,z32,toy-0010658,,,False,30.167767874278972,0.0,29.086960516241536,0.35,3.2526911934581184,0
9,trip,4260,4268.833333333333,z30,z31,toy-0010655,,,False,47.89500000000063,0.0,47.10000000000063,0.35,2.3,0
22,trip,4260,4268.833333333333,z32,z31,toy-0010661,,,False,32.098963937542095,0.0,31.303963937542093,0.35,2.3,0
40,trip,4260,4276.5,z22,z20,toy-0010660,,,False,37.31975695381316,0.0,35.83475695381316,0.35,4.6,0
14,trip,4260,4268.833333333333,z02,z12,toy-0010659,,,False,33.71515585177528,0.0,32.92015585177528,0.35,2.3,0
31,trip,4260,4268.833333333333,z21,z20,toy-0010657,,,False,41.01049837944959,0.0,40.215498379449585,0.35,2.3,0
43,trip,4260,4276.5,z10,z30,toy-0010654,,,False,37.099528249391795,0.0,35.614528249391796,0.35,4.6,0
0,trip,4260,4272.008970644861,z00,z11,toy-0010653,,,False,41.84302841448319,0.0,40.76222105644576,0.35,3.2526911934581184,0
52,trip,4260,4268.833333333333,z00,z01,toy-0010652,,,False,47.89499999999993,0.0,47.09999999999993,0.35,2.3,0
6,trip,4260,4278.309854494165,z11,z32,toy-0010656,,,False,46.24711309552544,0.0,44.59922619105059,0.35,5.142956348249516,0
26,visit,4260,4275.0,z21,z21,,hub_inner,local,True,19.921909079725104,12.777777777777779,32.48968685750288,0.7,0,7.666666666666668
20,visit,4260,4275.0,z11,z11,,hub_center,local,True,39.5434188330123,8.561581166987692,47.894999999999996,0.7,0,5.136948700192615
35,visit,4260,4298.643479943086,z12,z12,,hub_center,,False,13.173088983744966,35.51691101625504,47.31,4.6,0,21.310146609753023
28,visit,4260,4284.469770674142,z11,z11,,hub_center,,False,14.544271098651963,33.560728901348035,47.894999999999996,0.7,0,20.136437340808822
56,visit,4260,4275.0,z31,z31,,hub_core,,True,16.212942385847548,17.77777777777778,33.780720163625325,0.7,0,10.666666666666668
2,visit,4260,4275.0,z31,z31,,hub_core,,True,29.99651355842671,17.77777777777778,47.564291336204484,0.7,0,10.666666666666668
5,trip,4270,4282.008970644861,z31,z20,toy-0010668,,,False,43.46261030919975,0.0,42.38180295116232,0.35,3.2526911934581184,0
31,trip,4270,4282.008970644861,z20,z31,toy-0010662,,,False,40.215498379449535,0.0,39.1346910214121,0.35,3.2526911934581184,0
77,trip,4270,4282.008970644861,z11,z20,toy-0010663,,,False,44.65711309552516,0.0,43.57630573748773,0.35,3.2526911934581184,0
9,trip,4270,4278.833333333333,z31,z32,toy-0010669,,,False,47.10000000000058,0.0,46.305000000000575,0.35,2.3,0
49,trip,4270,4278.833333333333,z21,z22,toy-0010666,,,False,47.89499999999971,0.0,47.09999999999971,0.35,2.3,0
22,trip,4270,4288.309854494165,z31,z10,toy-0010667,,,False,31.30396393754204,0.0,29.656077033067184,0.35,5.142956348249516,0
3,trip,4270,4288.508970644861,z12,z22,toy-0010664,,,False,17.865364459959647,0.0,16.19955710192221,2.3,3.2526911934581184,0
60,trip,4270,4286.5,z21,z01,toy-0010665,,,False,42.08449392585988,0.0,40.59949392585988,0.35,4.6,0
17,trip,4270,4278.833333333333,z22,z32,toy-0010670,,,False,41.968385283925535,0.0,41.17338528392553,0.35,2.3,0
39,trip,4270,4278.833333333333,z31,z21,toy-0010673,,,False,42.60049837944964,0.0,41.80549837944964,0.35,2.3,0
30,trip,4270,4282.008970644861,z22,z31,toy-0010674,,,False,44.93838528392508,0.0,43.85757792588765,0.35,3.2526911934581184,0
47,trip,4270,4286.5,z20,z22,toy-0010671,,,False,38.626418394966244,0.0,37.141418394966244,0.35,4.6,0
25,trip,4270,4286.5,z01,z21,toy-0010672,,,False,28.161589305034063,0.0,26.676589305034064,0.35,4.6,0
33,visit,4270,4318.6846079563875,z21,z21,,depot_south,central,False,22.46570227619665,0.0,20.51408756012178,6.505382386916237,0,0
88,visit,4270,4312.333333333333,z20,z20,,depot_south,central,False,24.115654231225925,0.0,22.735654231225926,4.6,0,0
36,visit,4270,4290.333333333333,z10,z10,,depot_west,local,False,33.6802234974796,0.0,32.3002234974796,4.6,0,0
23,visit,4270,4312.333333333333,z20,z20,,depot_south,central,False,35.33856034302152,0.0,33.95856034302152,4.6,0,0
52,visit,4270,4290.333333333333,z01,z01,,depot_west,local,False,47.09999999999988,0.0,45.71999999999988,4.6,0,0
66,visit,4270,4285.0,z31,z31,,hub_core,,True,26.31764502406359,17.77777777777778,43.885422801841365,0.7,0,10.666666666666668
71,visit,4270,4285.0,z00,z00,,depot_west,,True,35.60695763716215,12.49804236283785,47.894999999999996,0.7,0,7.49882541770271
2,trip,4280,4305.410795394624,z31,z00,toy-0010678,,,False,47.56429133620494,0.0,45.277319750688754,0.35,7.273238618387272,0
0,trip,4280,4296.5,z11,z31,toy-0010677,,,False,40.76222105644573,0.0,39.27722105644573,0.35,4.6,0
13,trip,4280,4298.309854494165,z10,z22,toy-0010675,,,False,37.716413698408076,0.0,36.06852679393322,0.35,5.142956348249516,0
6,trip,4280,4298.309854494165,z32,z11,toy-0010680,,,False,44.5992261910506,0.0,42.951339286575745,0.35,5.142956348249516,0
41,trip,4280,4292.008970644861,z31,z22,toy-0010679,,,False,39.21135246256616,0.0,38.13054510452873,0.35,3.2526911934581184,0
11,trip,4280,4298.309854494165,z30,z22,toy-0010676,,,False,46.40999999999951,0.0,44.76211309552466,0.35,5.142956348249516,0
7,trip,4280,4292.008970644861,z32,z21,toy-0010681,,,False,39.22177056785056,0.0,38.14096320981313,0.35,3.2526911934581184,0
26,trip,4280,4288.833333333333,z21,z31,toy-0010683,,,False,32.48968685750334,0.0,31.694686857503335,0.35,2.3,0
48,trip,4280,4305.410795394624,z31,z02,toy-0010684,,,False,47.099999999999184,0.0,44.813028414483,0.35,7.273238618387272,0
14,trip,4280,4296.5,z12,z32,toy-0010686,,,False,32.92015585177523,0.0,31.435155851775228,0.35,4.6,0
9,trip,4280,4296.5,z32,z12,toy-0010688,,,False,46.305000000000526,0.0,44.820000000000526,0.35,4.6,0
17,trip,4280,4305.410795394624,z32,z01,toy-0010687,,,False,41.173385283925484,0.0,38.8864136984093,0.35,7.273238618387272,0
10,trip,4280,4302.851274623054,z02,z20,toy-0010685,,,False,31.627645024063057,0.0,29.571030307988185,0.35,6.505382386916237,0
55,trip,4280,4298.309854494165,z10,z31,toy-0010682,,,False,36.63688439110464,0.0,34.988997486629785,0.35,5.142956348249516,0
1,visit,4280,4295.0,z31,z31,,hub_core,local,True,33.36159384539341,12.777777777777779,45.929371623171185,0.7,0,7.666666666666668
8,visit,4280,4295.0,z32,z32,,hub_waterfront,local,True,34.056245064055545,12.777777777777779,46.62402284183332,0.7,0,7.666666666666668
34,visit,4280,4295.0,z11,z11,,hub_center,local,True,41.96838528392507,6.1366147160749245,47.894999999999996,0.7,0,3.6819688296449544
27,visit,4280,4295.0,z32,z32,,hub_waterfront,,True,29.086960516241508,17.77777777777778,46.65473829401929,0.7,0,10.666666666666668
56,visit,4280,4295.0,z31,z31,,hub_core,,True,33.78072016362578,14.324279836374215,47.894999999999996,0.7,0,8.59456790182453
43,visit,4280,4295.0,z30,z30,,depot_south,,True,35.614528249391796,12.4904717506082,47.894999999999996,0.7,0,7.4942830503649205
42,visit,4280,4295.0,z32,z32,,hub_waterfront,,True,35.90110471982144,12.203895280178557,47.894999999999996,0.7,0,7.3223371681071345
25,trip,4290,4302.008970644861,z21,z30,toy-0010692,,,False,26.67658930503406,0.0,25.595781946996624,0.35,3.2526911934581184,0
20,trip,4290,4298.833333333333,z11,z10,toy-0010691,,,False,47.895000000000564,0.0,47.10000000000056,0.35,2.3,0
3,trip,4290,4298.833333333333,z22,z12,toy-0010694,,,False,16.199557101922185,0.0,15.404557101922185,0.35,2.3,0
26,trip,4290,4306.5,z31,z11,toy-0010693,,,False,31.694686857503285,0.0,30.209686857503286,0.35,4.6,0
38,trip,4290,4298.833333333333,z32,z31,toy-0010695,,,False,47.89500000000025,0.0,47.10000000000025,0.35,2.3,0
57,trip,4290,4318.809226445224,z00,z32,toy-0010690,,,False,46.893356431394714,0.0,44.30052605132456,0.35,8.292767933567175,0
71,trip,4290,4315.410795394624,z00,z31,toy-0010689,,,False,47.89499999999941,0.0,45.60802841448323,0.35,7.273238618387272,0
30,trip,4290,4298.833333333333,z31,z32,toy-0010699,,,False,43.85757792588762,0.0,43.06257792588762,0.35,2.3,0
5,trip,4290,4298.833333333333,z20,z30,toy-0010696,,,False,42.38180295116229,0.0,41.58680295116229,0.35,2.3,0
59,trip,4290,4308.309854494165,z31,z12,toy-0010698,,,False,47.894999999999456,0.0,46.247113095524604,0.35,5.142956348249516,0
46,trip,4290,4298.833333333333,z22,z21,toy-0010701,,,False,43.89807513956295,0.0,43.10307513956295,0.35,2.3,0
51,trip,4290,4318.809226445224,z32,z00,toy-0010702,,,False,47.89499999999978,0.0,45.30216961992963,0.35,8.292767933567175,0
66,trip,4290,4298.833333333333,z31,z30,toy-0010697,,,False,43.88542280184182,0.0,43.09042280184182,0.35,2.3,0
21,trip,4290,4302.008970644861,z12,z21,toy-0010700,,,False,16.759899629597303,0.0,15.679092271559867,0.35,3.2526911934581184,0
31,visit,4290,4305.0,z31,z31,,hub_core,local,True,39.134691021412074,8.970308978587923,47.894999999999996,0.7,0,5.382185387152754
8,trip,4300,4308.833333333333,z32,z22,toy-0010709,,,False,46.62402284183378,0.0,45.829022841833776,0.35,2.3,0
13,trip,4300,4312.008970644861,z22,z11,toy-0010708,,,False,36.06852679393323,0.0,34.9877194358958,0.35,3.2526911934581184,0
5,trip,4300,4318.309854494165,z30,z11,toy-0010703,,,False,41.58680295116224,0.0,39.93891604668739,0.35,5.142956348249516,0
6,trip,4300,4312.008970644861,z11,z00,toy-0010705,,,False,42.95133928657575,0.0,41.87053192853832,0.35,3.2526911934581184,0
0,trip,4300,4308.833333333333,z31,z21,toy-0010706,,,False,39.27722105644573,0.0,38.48222105644573,0.35,2.3,0
47,trip,4300,4318.309854494165,z22,z30,toy-0010707,,,False,37.141418394966244,0.0,35.49353149049139,0.35,5.142956348249516,0
4,trip,4300,4325.410795394624,z01,z32,toy-0010704,,,False,35.179475661980156,0.0,32.89250407646397,0.35,7.273238618387272,0
49,trip,4300,4312.008970644861,z22,z31,toy-0010717,,,False,47.09999999999966,0.0,46.01919264196223,0.35,3.2526911934581184,0
7,trip,4300,4308.833333333333,z21,z11,toy-0010714,,,False,38.1409632098131,0.0,37.3459632098131,0.35,2.3,0
37,trip,4300,4318.309854494165,z20,z12,toy-0010711,,,False,19.145222949950607,0.0,17.497336045475752,0.35,5.142956348249516,0
15,trip,4300,4328.809226445224,z30,z02,toy-0010713,,,False,46.28138601165442,0.0,43.688555631584265,0.35,8.292767933567175,0
39,trip,4300,4312.008970644861,z21,z32,toy-0010715,,,False,41.80549837944959,0.0,40.724691021412156,0.35,3.2526911934581184,0
40,trip,4300,4308.833333333333,z20,z21,toy-0010710,,,False,35.83475695381316,0.0,35.03975695381316,0.35,2.3,0
3,trip,4300,4308.833333333333,z12,z11,toy-0010716,,,False,15.404557101922128,0.0,14.609557101922128,0.35,2.3,0
24,trip,4300,4312.008970644861,z30,z21,toy-0010712,,,False,42.63802841448291,0.0,41.55722105644548,0.35,3.2526911934581184,0
41,visit,4300,4320.333333333333,z22,z22,,hub_inner,local,False,38.1305451045287,0.0,36.7505451045287,4.6,0,0
11,visit,4300,4320.333333333333,z22,z22,,hub_inner,local,False,44.76211309552467,0.0,43.382113095524666,4.6,0,0
14,visit,4300,4315.0,z32,z32,,hub_waterfront,,True,31.435155851775228,16.669844148224776,47.895,0.7,0,10.001906488934864
55,visit,4300,4315.0,z31,z31,,hub_core,,True,34.98899748662979,13.116002513370205,47.894999999999996,0.7,0,7.869601508022123
8,trip,4310,4318.833333333333,z22,z32,toy-0010723,,,False,45.829022841833726,0.0,45.034022841833725,0.35,2.3,0
21,trip,4310,4318.833333333333,z21,z31,toy-0010722,,,False,15.679092271559837,0.0,14.884092271559837,0.35,2.3,0
20,trip,4310,4318.833333333333,z10,z20,toy-0010718,,,False,47.10000000000051,0.0,46.30500000000051,0.35,2.3,0
10,trip,4310,4322.008970644861,z20,z31,toy-0010719,,,False,29.571030307988156,0.0,28.49022294995072,0.35,3.2526911934581184,0
12,trip,4310,4334.166666666667,z01,z31,toy-0010720,,,False,29.725203896746606,0.0,27.550203896746606,0.35,6.8999999999999995,0
3,trip,4310,4318.833333333333,z11,z21,toy-0010721,,,False,14.609557101922073,0.0,13.814557101922073,0.35,2.3,0
19,trip,4310,4318.833333333333,z32,z31,toy-0010736,,,False,38.65413649608836,0.0,37.85913649608836,0.35,2.3,0
7,trip,4310,4328.309854494165,z11,z32,toy-0010727,,,False,37.34596320981305,0.0,35.6980763053382,0.35,5.142956348249516,0
27,trip,4310,4322.008970644861,z32,z21,toy-0010735,,,False,46.65473829401974,0.0,45.573930935982304,0.35,3.2526911934581184,0
9,trip,4310,4318.833333333333,z12,z22,toy-0010733,,,False,44.820000000000526,0.0,44.025000000000524,0.35,2.3,0
1,trip,4310,4322.008970644861,z31,z20,toy-0010729,,,False,45.92937162317164,0.0,44.84856426513421,0.35,3.2526911934581184,0
35,trip,4310,4328.309854494165,z12,z31,toy-0010732,,,False,47.31000000000032,0.0,45.66211309552547,0.35,5.142956348249516,0
31,trip,4310,4334.166666666667,z31,z01,toy-0010730,,,False,47.895000000000664,0.0,45.72000000000067,0.35,6.8999999999999995,0
40,trip,4310,4318.833333333333,z21,z22,toy-0010728,,,False,35.03975695381311,0.0,34.24475695381311,0.35,2.3,0
22,trip,4310,4318.833333333333,z10,z11,toy-0010724,,,False,29.656077033067195,0.0,28.861077033067197,0.35,2.3,0
38,trip,4310,4322.008970644861,z31,z22,toy-0010731,,,False,47.1000000000002,0.0,46.01919264196277,0.35,3.2526911934581184,0
29,trip,4310,4318.833333333333,z01,z11,toy-0010726,,,False,47.3099999999995,0.0,46.514999999999496,0.35,2.3,0
30,trip,4310,4328.309854494165,z32,z20,toy-0010734,,,False,43.06257792588757,0.0,41.414691021412715,0.35,5.142956348249516,0
53,trip,4310,4328.309854494165,z20,z32,toy-0010725,,,False,34.427611474975116,0.0,32.779724570500264,0.35,5.142956348249516,0
0,visit,4310,4325.0,z21,z21,,hub_inner,local,True,38.48222105644568,9.622778943554316,47.894999999999996,0.7,0,5.773667366132589
17,visit,4310,4330.333333333333,z01,z01,,depot_west,local,False,38.886413698409235,0.0,37.50641369840923,4.6,0,0
25,visit,4310,4325.0,z30,z30,,depot_south,,True,25.595781946996595,17.77777777777778,43.16355972477437,0.7,0,10.666666666666668
26,visit,4310,4325.0,z11,z11,,hub_center,,True,30.209686857503282,17.77777777777778,47.777464635281056,0.7,0,10.666666666666668
