time_minutes,vehicle_id,anchor_zone,energy_kwh,soc,activity,remaining_minutes,pending_service
1445,0,z11,42.49241503112254,0.7082069171853757,idle,0,
1445,1,z30,38.521804116937865,0.642030068615631,trip,3.3098544941651653,
1445,2,z31,40.06711309552516,0.6677852182587526,trip,3.8333333333332575,
1450,0,z11,42.49241503112254,0.7082069171853757,idle,0,
1450,1,z11,38.223917212463,0.6370652868743834,idle,0,
1450,2,z32,39.722113095525145,0.6620352182587524,idle,0,
1455,0,z11,42.49241503112254,0.7082069171853757,idle,0,
1455,1,z11,38.223917212463,0.6370652868743834,idle,0,
1455,2,z32,39.27211309552515,0.6545352182587525,trip,11.5,
1460,0,z11,42.49241503112254,0.7082069171853757,idle,0,
1460,1,z11,38.223917212463,0.6370652868743834,idle,0,
1460,2,z32,38.82211309552515,0.6470352182587524,trip,6.5,
1465,0,z11,42.042415031122545,0.7007069171853757,trip,13.309854494165165,
1465,1,z11,38.223917212463,0.6370652868743834,idle,0,
1465,2,z32,38.372113095525144,0.6395352182587524,trip,1.5,
1470,0,z11,41.59241503112254,0.6932069171853757,trip,8.309854494165165,
1470,1,z11,38.223917212463,0.6370652868743834,idle,0,
1470,2,z30,38.237113095525146,0.6372852182587524,idle,0,
1475,0,z11,41.14241503112254,0.6857069171853757,trip,3.3098544941651653,
1475,1,z11,37.773917212463004,0.6295652868743834,trip,3.8333333333332575,
1475,2,z30,37.78711309552515,0.6297852182587526,trip,19.166666666666742,
1480,0,z30,40.844528126647674,0.6807421354441279,idle,0,
1480,1,z21,37.42891721246299,0.6238152868743831,idle,0,local
1480,2,z30,37.33711309552515,0.6222852182587525,trip,14.166666666666742,
1485,0,z30,40.844528126647674,0.6807421354441279,idle,0,
1485,1,z21,37.32391721246299,0.6220652868743831,visit,5.0,local
1485,2,z30,36.887113095525145,0.6147852182587524,trip,9.166666666666742,
1490,0,z30,40.844528126647674,0.6807421354441279,idle,0,
1490,1,z21,41.66336165690757,0.6943893609484595,idle,0,
1490,2,z30,36.43711309552514,0.6072852182587524,trip,4.1666666666667425,
1495,0,z30,40.39452812664768,0.6732421354441279,trip,17.851274623054223,
1495,1,z21,41.21336165690757,0.6868893609484595,trip,7.008970644860483,
1495,2,z00,36.062113095525135,0.6010352182587523,idle,0,
1500,0,z30,39.944528126647675,0.665742135444128,trip,12.851274623054223,
1500,1,z21,40.76336165690757,0.6793893609484595,trip,2.008970644860483,
1500,2,z00,36.062113095525135,0.6010352182587523,idle,0,
1505,0,z30,39.49452812664767,0.6582421354441279,trip,7.851274623054223,
1505,1,z30,40.58255429887013,0.6763759049811688,idle,0,
1505,2,z00,36.062113095525135,0.6010352182587523,idle,0,
1510,0,z30,39.04452812664767,0.6507421354441278,trip,2.8512746230542234,
1510,1,z30,40.58255429887013,0.6763759049811688,idle,0,
1510,2,z00,36.062113095525135,0.6010352182587523,idle,0,
1515,0,z12,38.78791341057279,0.6464652235095465,idle,0,local
1515,1,z30,40.58255429887013,0.6763759049811688,idle,0,
1515,2,z00,36.062113095525135,0.6010352182587523,idle,0,
1520,0,z12,38.33791341057279,0.6389652235095464,visit,15.333333333333258,local
1520,1,z30,40.58255429887013,0.6763759049811688,idle,0,
1520,2,z00,36.062113095525135,0.6010352182587523,idle,0,
1525,0,z12,38.09791341057278,0.6349652235095463,visit,10.333333333333258,local
1525,1,z30,40.58255429887013,0.6763759049811688,idle,0,
1525,2,z00,36.062113095525135,0.6010352182587523,idle,0,
1530,0,z12,37.887913410572786,0.6314652235095465,visit,5.3333333333332575,local
1530,1,z30,40.58255429887013,0.6763759049811688,idle,0,
1530,2,z00,36.062113095525135,0.6010352182587523,idle,0,
1535,0,z12,37.43791341057278,0.6239652235095464,visit,0.33333333333325754,local
1535,1,z30,40.58255429887013,0.6763759049811688,idle,0,
1535,2,z00,35.61211309552514,0.5935352182587523,trip,19.166666666666742,
1540,0,z12,37.40791341057277,0.6234652235095461,idle,0,
1540,1,z30,40.58255429887013,0.6763759049811688,idle,0,
1540,2,z00,35.162113095525136,0.5860352182587523,trip,14.166666666666742,
1545,0,z12,37.40791341057277,0.6234652235095461,idle,0,
1545,1,z30,40.58255429887013,0.6763759049811688,idle,0,
1545,2,z00,34.71211309552513,0.5785352182587522,trip,9.166666666666742,
1550,0,z12,37.40791341057277,0.6234652235095461,idle,0,
1550,1,z30,40.58255429887013,0.6763759049811688,idle,0,
1550,2,z00,34.26211309552513,0.5710352182587521,trip,4.1666666666667425,
1555,0,z12,37.40791341057277,0.6234652235095461,idle,0,
1555,1,z30,40.58255429887013,0.6763759049811688,idle,0,
1555,2,z30,33.88711309552512,0.564785218258752,idle,0,
1560,0,z12,37.40791341057277,0.6234652235095461,idle,0,
1560,1,z30,40.58255429887013,0.6763759049811688,idle,0,
1560,2,z30,36.83766865108055,0.6139611441846758,visit,5.0,
1565,0,z12,37.40791341057277,0.6234652235095461,idle,0,
1565,1,z30,40.58255429887013,0.6763759049811688,idle,0,
1565,2,z30,43.1215575399697,0.7186926256661617,idle,0,
1570,0,z12,37.40791341057277,0.6234652235095461,idle,0,
1570,1,z30,40.58255429887013,0.6763759049811688,idle,0,
1570,2,z30,43.1215575399697,0.7186926256661617,idle,0,
1575,0,z12,37.40791341057277,0.6234652235095461,idle,0,
1575,1,z30,40.58255429887013,0.6763759049811688,idle,0,
1575,2,z30,43.1215575399697,0.7186926256661617,idle,0,
1580,0,z12,37.40791341057277,0.6234652235095461,idle,0,
1580,1,z30,40.58255429887013,0.6763759049811688,idle,0,
1580,2,z30,43.1215575399697,0.7186926256661617,idle,0,
1585,0,z12,37.40791341057277,0.6234652235095461,idle,0,
1585,1,z30,40.58255429887013,0.6763759049811688,idle,0,
1585,2,z30,43.1215575399697,0.7186926256661617,idle,0,
1590,0,z12,37.40791341057277,0.6234652235095461,idle,0,
1590,1,z30,40.58255429887013,0.6763759049811688,idle,0,
1590,2,z30,43.1215575399697,0.7186926256661617,idle,0,
1595,0,z12,37.40791341057277,0.6234652235095461,idle,0,
1595,1,z30,40.58255429887013,0.6763759049811688,idle,0,
1595,2,z30,43.1215575399697,0.7186926256661617,idle,0,
1600,0,z12,37.40791341057277,0.6234652235095461,idle,0,
1600,1,z30,40.58255429887013,0.6763759049811688,idle,0,
1600,2,z30,43.1215575399697,0.7186926256661617,idle,0,
1605,0,z12,36.95791341057277,0.6159652235095462,trip,7.008970644860483,
1605,1,z30,40.13255429887013,0.6688759049811689,trip,13.309854494165165,
1605,2,z30,43.1215575399697,0.7186926256661617,idle,0,
1610,0,z12,36.50791341057277,0.6084652235095461,trip,2.008970644860483,
1610,1,z30,39.68255429887013,0.6613759049811688,trip,8.309854494165165,
1610,2,z30,43.1215575399697,0.7186926256661617,idle,0,
1615,0,z21,36.32710605253533,0.6054517675422555,idle,0,
1615,1,z30,39.23255429887013,0.6538759049811688,trip,3.3098544941651653,
1615,2,z30,43.1215575399697,0.7186926256661617,idle,0,
1620,0,z21,39.27766160809075,0.6546276934681792,visit,5.0,
1620,1,z22,38.93466739439526,0.6489111232399211,idle,0,
1620,2,z30,42.671557539969704,0.7111926256661617,trip,11.5,
1625,0,z21,45.561550496979905,0.7593591749496651,idle,0,
1625,1,z22,41.88522294995069,0.6980870491658447,visit,5.0,
1625,2,z30,42.2215575399697,0.7036926256661616,trip,6.5,
1630,0,z21,45.561550496979905,0.7593591749496651,idle,0,
1630,1,z22,47.89500000000003,0.7982500000000006,idle,0,
1630,2,z30,41.7715575399697,0.6961926256661617,trip,1.5,
1635,0,z21,45.11155049697991,0.7518591749496651,trip,7.008970644860483,
1635,1,z22,47.89500000000003,0.7982500000000006,idle,0,
1635,2,z32,41.6365575399697,0.6939426256661617,idle,0,
1640,0,z21,44.661550496979906,0.7443591749496651,trip,2.008970644860483,
1640,1,z22,47.89500000000003,0.7982500000000006,idle,0,
1640,2,z32,41.6365575399697,0.6939426256661617,idle,0,
1645,0,z12,44.480743138942465,0.7413457189823744,idle,0,
1645,1,z22,47.89500000000003,0.7982500000000006,idle,0,
1645,2,z32,41.186557539969705,0.6864426256661618,trip,3.8333333333332575,
1650,0,z12,44.480743138942465,0.7413457189823744,idle,0,
1650,1,z22,47.89500000000003,0.7982500000000006,idle,0,
1650,2,z31,40.84155753996969,0.6806926256661615,idle,0,
1655,0,z12,44.480743138942465,0.7413457189823744,idle,0,
1655,1,z22,47.89500000000003,0.7982500000000006,idle,0,
1655,2,z31,40.84155753996969,0.6806926256661615,idle,0,
1660,0,z12,44.03074313894247,0.7338457189823745,trip,13.309854494165165,
1660,1,z22,47.445000000000036,0.7907500000000006,trip,3.8333333333332575,
1660,2,z31,40.391557539969696,0.6731926256661616,trip,19.166666666666742,
1665,0,z12,43.580743138942466,0.7263457189823744,trip,8.309854494165165,
1665,1,z32,47.10000000000002,0.7850000000000004,idle,0,
1665,2,z31,39.94155753996969,0.6656926256661616,trip,14.166666666666742,
1670,0,z12,43.130743138942464,0.7188457189823744,trip,3.3098544941651653,
1670,1,z32,47.10000000000002,0.7850000000000004,idle,0,
1670,2,z31,39.49155753996969,0.6581926256661615,trip,9.166666666666742,
1675,0,z31,42.8328562344676,0.7138809372411267,idle,0,
1675,1,z32,47.10000000000002,0.7850000000000004,idle,0,
1675,2,z31,39.04155753996969,0.6506926256661615,trip,4.1666666666667425,
1680,0,z31,42.8328562344676,0.7138809372411267,idle,0,
1680,1,z32,47.10000000000002,0.7850000000000004,idle,0,
1680,2,z01,38.66655753996968,0.6444426256661614,idle,0,local
1685,0,z31,42.3828562344676,0.7063809372411267,trip,3.8333333333332575,
1685,1,z32,47.10000000000002,0.7850000000000004,idle,0,
1685,2,z01,38.21655753996968,0.6369426256661613,visit,15.333333333333258,local
1690,0,z32,42.03785623446759,0.7006309372411265,idle,0,
1690,1,z32,47.10000000000002,0.7850000000000004,idle,0,
1690,2,z01,37.97655753996967,0.6329426256661611,visit,10.333333333333258,local
1695,0,z32,42.03785623446759,0.7006309372411265,idle,0,
1695,1,z32,47.10000000000002,0.7850000000000004,idle,0,
1695,2,z01,37.766557539969675,0.6294426256661613,visit,5.3333333333332575,local
1700,0,z32,42.03785623446759,0.7006309372411265,idle,0,
1700,1,z32,47.10000000000002,0.7850000000000004,idle,0,
1700,2,z01,37.31655753996967,0.6219426256661612,visit,0.33333333333325754,local
1705,0,z32,42.03785623446759,0.7006309372411265,idle,0,
1705,1,z32,47.10000000000002,0.7850000000000004,idle,0,
1705,2,z01,37.28655753996966,0.6214426256661609,idle,0,
1710,0,z32,42.03785623446759,0.7006309372411265,idle,0,
1710,1,z32,47.10000000000002,0.7850000000000004,idle,0,
1710,2,z01,37.28655753996966,0.6214426256661609,idle,0,
1715,0,z32,42.03785623446759,0.7006309372411265,idle,0,
1715,1,z32,47.10000000000002,0.7850000000000004,idle,0,
1715,2,z01,37.28655753996966,0.6214426256661609,idle,0,
1720,0,z32,42.03785623446759,0.7006309372411265,idle,0,
1720,1,z32,47.10000000000002,0.7850000000000004,idle,0,
1720,2,z01,37.28655753996966,0.6214426256661609,idle,0,
1725,0,z32,42.03785623446759,0.7006309372411265,idle,0,
1725,1,z32,47.10000000000002,0.7850000000000004,idle,0,
1725,2,z01,37.28655753996966,0.6214426256661609,idle,0,
1730,0,z32,41.587856234467594,0.6931309372411266,trip,11.5,
1730,1,z32,46.65000000000003,0.7775000000000004,trip,13.309854494165165,
1730,2,z01,37.28655753996966,0.6214426256661609,idle,0,
1735,0,z32,41.13785623446759,0.6856309372411266,trip,6.5,
1735,1,z32,46.200000000000024,0.7700000000000004,trip,8.309854494165165,
1735,2,z01,37.28655753996966,0.6214426256661609,idle,0,
1740,0,z32,40.68785623446759,0.6781309372411265,trip,1.5,
1740,1,z32,45.75000000000002,0.7625000000000004,trip,3.3098544941651653,
1740,2,z01,37.28655753996966,0.6214426256661609,idle,0,
1745,0,z30,40.55285623446759,0.6758809372411265,idle,0,
1745,1,z20,45.452113095525156,0.7575352182587526,idle,0,
1745,2,z01,37.28655753996966,0.6214426256661609,idle,0,
1750,0,z30,40.55285623446759,0.6758809372411265,idle,0,
1750,1,z20,45.452113095525156,0.7575352182587526,idle,0,
1750,2,z01,37.28655753996966,0.6214426256661609,idle,0,
1755,0,z30,40.55285623446759,0.6758809372411265,idle,0,
1755,1,z20,45.452113095525156,0.7575352182587526,idle,0,
1755,2,z01,37.28655753996966,0.6214426256661609,idle,0,
1760,0,z30,40.55285623446759,0.6758809372411265,idle,0,
1760,1,z20,45.00211309552516,0.7500352182587526,trip,13.309854494165165,
1760,2,z01,36.83655753996966,0.613942625666161,trip,13.309854494165165,
1765,0,z30,40.55285623446759,0.6758809372411265,idle,0,
1765,1,z20,44.55211309552516,0.7425352182587527,trip,8.309854494165165,
1765,2,z01,36.38655753996966,0.6064426256661609,trip,8.309854494165165,
1770,0,z30,40.55285623446759,0.6758809372411265,idle,0,
1770,1,z20,44.102113095525155,0.7350352182587526,trip,3.3098544941651653,
1770,2,z01,35.936557539969655,0.598942625666161,trip,3.3098544941651653,
1775,0,z30,40.55285623446759,0.6758809372411265,idle,0,
1775,1,z12,43.80422619105029,0.7300704365175048,idle,0,
1775,2,z22,35.63867063549479,0.5939778439249132,idle,0,
1780,0,z30,40.55285623446759,0.6758809372411265,idle,0,
1780,1,z12,43.80422619105029,0.7300704365175048,idle,0,
1780,2,z22,38.589226191050216,0.6431537698508369,visit,5.0,
1785,0,z30,40.55285623446759,0.6758809372411265,idle,0,
1785,1,z12,43.80422619105029,0.7300704365175048,idle,0,
1785,2,z22,44.87311507993937,0.7478852513323228,idle,0,
1790,0,z30,40.55285623446759,0.6758809372411265,idle,0,
1790,1,z12,43.80422619105029,0.7300704365175048,idle,0,
1790,2,z22,44.87311507993937,0.7478852513323228,idle,0,
1795,0,z30,40.55285623446759,0.6758809372411265,idle,0,
1795,1,z12,43.80422619105029,0.7300704365175048,idle,0,
1795,2,z22,44.42311507993937,0.7403852513323229,trip,3.8333333333332575,
1800,0,z30,40.55285623446759,0.6758809372411265,idle,0,
1800,1,z12,43.354226191050294,0.7225704365175049,trip,13.309854494165165,
1800,2,z12,44.07811507993936,0.7346352513323227,idle,0,
1805,0,z30,40.102856234467595,0.6683809372411266,trip,7.008970644860483,
1805,1,z12,42.90422619105029,0.7150704365175049,trip,8.309854494165165,
1805,2,z12,44.07811507993936,0.7346352513323227,idle,0,
1810,0,z30,39.65285623446759,0.6608809372411265,trip,2.008970644860483,
1810,1,z12,42.45422619105029,0.7075704365175048,trip,3.3098544941651653,
1810,2,z12,43.62811507993936,0.7271352513323227,trip,11.5,
1815,0,z21,39.47204887643015,0.6578674812738359,idle,0,
1815,1,z31,42.156339286575424,0.702605654776257,idle,0,
1815,2,z12,43.17811507993936,0.7196352513323226,trip,6.5,
1820,0,z21,39.022048876430155,0.6503674812738359,trip,3.8333333333332575,
1820,1,z31,41.70633928657543,0.6951056547762572,trip,20.4107953946243,
1820,2,z12,42.72811507993936,0.7121352513323226,trip,1.5,
1825,0,z11,38.67704887643014,0.6446174812738357,idle,0,
1825,1,z31,41.256339286575425,0.6876056547762571,trip,15.410795394624301,
1825,2,z32,42.59311507993936,0.7098852513323226,idle,0,
1830,0,z11,38.227048876430146,0.6371174812738357,trip,11.5,
1830,1,z31,40.80633928657542,0.6801056547762571,trip,10.410795394624301,
1830,2,z32,42.14311507993936,0.7023852513323228,trip,3.8333333333332575,
1835,0,z11,37.77704887643014,0.6296174812738358,trip,6.5,
1835,1,z31,40.35633928657542,0.672605654776257,trip,5.4107953946243015,
1835,2,z31,41.79811507993935,0.6966352513323225,idle,0,
1840,0,z11,37.32704887643014,0.6221174812738357,trip,1.5,
1840,1,z31,39.90633928657542,0.6651056547762569,trip,0.4107953946243015,
1840,2,z31,41.79811507993935,0.6966352513323225,idle,0,
1845,0,z31,37.19204887643014,0.6198674812738357,idle,0,local
1845,1,z00,39.86936770105923,0.6644894616843205,idle,0,
1845,2,z31,41.348115079939355,0.6891352513323226,trip,3.8333333333332575,
1850,0,z31,37.08704887643014,0.6181174812738356,visit,5.0,local
1850,1,z00,39.86936770105923,0.6644894616843205,idle,0,
1850,2,z30,41.00311507993934,0.6833852513323223,idle,0,
1855,0,z31,41.42649332087472,0.690441555347912,idle,0,
1855,1,z00,39.86936770105923,0.6644894616843205,idle,0,
1855,2,z30,41.00311507993934,0.6833852513323223,idle,0,
1860,0,z31,40.976493320874724,0.682941555347912,trip,7.008970644860483,
1860,1,z00,39.86936770105923,0.6644894616843205,idle,0,
1860,2,z30,41.00311507993934,0.6833852513323223,idle,0,
1865,0,z31,40.52649332087472,0.6754415553479121,trip,2.008970644860483,
1865,1,z00,39.41936770105924,0.6569894616843206,trip,23.809226445223885,
1865,2,z30,40.553115079939346,0.6758852513323225,trip,3.8333333333332575,
1870,0,z20,40.34568596283728,0.6724280993806213,idle,0,
1870,1,z00,38.969367701059234,0.6494894616843205,trip,18.809226445223885,
1870,2,z31,40.20811507993933,0.6701352513323222,idle,0,
1875,0,z20,39.895685962837284,0.6649280993806214,trip,3.8333333333332575,
1875,1,z00,38.51936770105923,0.6419894616843205,trip,13.809226445223885,
1875,2,z31,40.20811507993933,0.6701352513323222,idle,0,
1880,0,z10,39.55068596283727,0.6591780993806212,idle,0,
1880,1,z00,38.06936770105923,0.6344894616843205,trip,8.809226445223885,
1880,2,z31,39.75811507993934,0.6626352513323223,trip,7.008970644860483,
1885,0,z10,39.55068596283727,0.6591780993806212,idle,0,
1885,1,z00,37.619367701059225,0.6269894616843205,trip,3.809226445223885,
1885,2,z31,39.308115079939334,0.6551352513323222,trip,2.008970644860483,
1890,0,z10,39.100685962837275,0.6516780993806213,trip,13.309854494165165,
1890,1,z32,37.27653732098908,0.6212756220164847,idle,0,local
1890,2,z22,39.12730772190189,0.6521217953650316,idle,0,
1895,0,z10,38.65068596283727,0.6441780993806212,trip,8.309854494165165,
1895,1,z32,37.171537320989074,0.6195256220164845,visit,5.0,local
1895,2,z22,38.6773077219019,0.6446217953650316,trip,11.5,
1900,0,z10,38.20068596283727,0.6366780993806211,trip,3.3098544941651653,
1900,1,z32,41.510981765433655,0.6918496960905609,idle,0,
1900,2,z22,38.227307721901894,0.6371217953650316,trip,6.5,
1905,0,z31,37.902799058362405,0.6317133176393734,idle,0,
1905,1,z32,41.06098176543366,0.684349696090561,trip,3.8333333333332575,
1905,2,z22,37.77730772190189,0.6296217953650315,trip,1.5,
1910,0,z31,37.45279905836241,0.6242133176393735,trip,7.008970644860483,
1910,1,z31,40.715981765433646,0.6785996960905608,idle,0,
1910,2,z20,37.642307721901894,0.6273717953650315,idle,0,central
1915,0,z31,37.002799058362406,0.6167133176393734,trip,2.008970644860483,
1915,1,z31,40.26598176543365,0.6710996960905609,trip,3.8333333333332575,
1915,2,z20,37.19230772190189,0.6198717953650316,visit,37.33333333333326,central
1920,0,z22,36.821991700324965,0.6136998616720828,idle,0,
1920,1,z32,39.92098176543364,0.6653496960905606,idle,0,
1920,2,z20,36.95230772190188,0.6158717953650313,visit,32.33333333333326,central
1925,0,z22,36.37199170032497,0.6061998616720828,trip,3.8333333333332575,
1925,1,z32,39.47098176543364,0.6578496960905607,trip,3.8333333333332575,
1925,2,z20,36.95230772190188,0.6158717953650313,visit,27.333333333333258,central
1930,0,z21,36.026991700324956,0.6004498616720826,idle,0,
1930,1,z22,39.12598176543363,0.6520996960905605,idle,0,
1930,2,z20,36.95230772190188,0.6158717953650313,visit,22.333333333333258,central
1935,0,z21,35.57699170032496,0.5929498616720826,trip,3.8333333333332575,
1935,1,z22,38.675981765433626,0.6445996960905604,trip,18.0,
1935,2,z20,36.95230772190188,0.6158717953650313,visit,17.333333333333258,central
1940,0,z22,35.23199170032495,0.5871998616720825,idle,0,
1940,1,z22,38.22598176543362,0.6370996960905604,trip,13.0,
1940,2,z20,36.95230772190188,0.6158717953650313,visit,12.333333333333258,central
1945,0,z22,34.78199170032495,0.5796998616720825,trip,7.008970644860483,
1945,1,z22,37.77598176543362,0.6295996960905603,trip,8.0,
1945,2,z20,36.92230772190189,0.6153717953650315,visit,7.3333333333332575,central
1950,0,z22,34.33199170032495,0.5721998616720825,trip,2.008970644860483,
1950,1,z22,37.32598176543362,0.6220996960905603,trip,3.0,
1950,2,z20,36.472307721901885,0.6078717953650314,visit,2.3333333333332575,central
1955,0,z31,34.15118434228751,0.5691864057047918,idle,0,
1955,1,z10,37.055981765433614,0.6175996960905602,idle,0,
1955,2,z20,36.26230772190187,0.6043717953650312,idle,0,
1960,0,z31,33.701184342287505,0.5616864057047918,trip,10.333333333333258,
1960,1,z10,36.60598176543362,0.6100996960905604,trip,13.309854494165165,
1960,2,z20,35.812307721901874,0.5968717953650312,trip,13.309854494165165,
1965,0,z31,33.2511843422875,0.5541864057047917,trip,5.3333333333332575,
1965,1,z10,36.155981765433616,0.6025996960905603,trip,8.309854494165165,
1965,2,z20,35.36230772190187,0.5893717953650311,trip,8.309854494165165,
1970,0,z31,32.8011843422875,0.5466864057047917,trip,0.33333333333325754,
1970,1,z10,35.70598176543361,0.5950996960905602,trip,3.3098544941651653,
1970,2,z20,34.91230772190187,0.5818717953650311,trip,3.3098544941651653,
1975,0,z20,32.771184342287484,0.5461864057047914,idle,0,local
1975,1,z22,35.40809486095875,0.5901349143493124,idle,0,
1975,2,z32,34.614420817427,0.5769070136237834,idle,0,
1980,0,z20,32.32118434228748,0.5386864057047913,visit,15.333333333333258,local
1980,1,z22,34.95809486095875,0.5826349143493126,trip,3.8333333333332575,
1980,2,z32,34.16442081742701,0.5694070136237834,trip,3.8333333333332575,
1985,0,z20,32.08118434228747,0.5346864057047912,visit,10.333333333333258,local
1985,1,z32,34.61309486095874,0.5768849143493123,idle,0,
1985,2,z31,33.819420817426995,0.5636570136237833,idle,0,
1990,0,z20,31.871184342287478,0.5311864057047913,visit,5.3333333333332575,local
1990,1,z32,34.16309486095874,0.5693849143493124,trip,3.8333333333332575,
1990,2,z31,33.36942081742699,0.5561570136237832,trip,13.508970644860483,
1995,0,z20,31.42118434228748,0.5236864057047913,visit,0.33333333333325754,local
1995,1,z22,33.81809486095873,0.5636349143493121,idle,0,
1995,2,z31,32.91942081742699,0.5486570136237832,trip,8.508970644860483,
2000,0,z20,31.391184342287463,0.523186405704791,idle,0,
2000,1,z22,36.768650416514156,0.6128108402752359,visit,5.0,
2000,2,z31,32.469420817426986,0.5411570136237831,trip,3.508970644860483,
2005,0,z20,30.941184342287464,0.5156864057047911,trip,10.333333333333258,
2005,1,z22,43.05253930540331,0.7175423217567218,idle,0,
2005,2,z32,32.15361345938954,0.5358935576564924,idle,0,
2010,0,z20,30.491184342287465,0.5081864057047911,trip,5.3333333333332575,
2010,1,z22,42.602539305403305,0.7100423217567218,trip,22.985491805692163,
2010,2,z32,31.703613459389544,0.5283935576564924,trip,13.309854494165165,
2015,0,z20,30.041184342287465,0.5006864057047911,trip,0.33333333333325754,
2015,1,z22,42.1525393054033,0.7025423217567217,trip,17.985491805692163,
2015,2,z32,31.253613459389545,0.5208935576564924,trip,8.309854494165165,
2020,0,z31,30.01118434228745,0.5001864057047908,idle,0,
2020,1,z22,41.7025393054033,0.6950423217567216,trip,12.985491805692163,
2020,2,z32,30.803613459389545,0.5133935576564924,trip,3.3098544941651653,
2025,0,z31,29.56118434228745,0.49268640570479083,trip,13.309854494165165,
2025,1,z22,41.252539305403296,0.6875423217567216,trip,7.985491805692163,
2025,2,z20,30.50572655491468,0.5084287759152447,idle,0,
2030,0,z31,29.11118434228745,0.4851864057047909,trip,8.309854494165165,
2030,1,z22,40.80253930540329,0.6800423217567215,trip,2.9854918056921633,
2030,2,z20,30.05572655491468,0.5009287759152447,trip,7.008970644860483,
2035,0,z31,28.661184342287452,0.4776864057047909,trip,3.3098544941651653,
2035,1,z32,40.533845042890995,0.6755640840481832,idle,0,local
2035,2,z20,29.605726554914682,0.4934287759152447,trip,2.008970644860483,
2040,0,z10,28.363297437812587,0.4727216239635431,idle,0,
2040,1,z32,40.42884504289099,0.6738140840481832,visit,5.0,local
2040,2,z31,29.424919196877237,0.49041531994795395,idle,0,
2045,0,z10,27.913297437812588,0.4652216239635431,trip,3.833333333333485,
2045,1,z32,44.76828948733557,0.7461381581222596,idle,0,
2045,2,z31,28.974919196877238,0.48291531994795395,trip,19.809854494164938,
2050,0,z20,27.568297437812575,0.4594716239635429,idle,0,
2050,1,z32,44.318289487335576,0.7386381581222596,trip,7.008970644860256,
2050,2,z31,28.52491919687724,0.475415319947954,trip,14.809854494164938,
2055,0,z20,27.118297437812576,0.4519716239635429,trip,7.008970644860256,
2055,1,z32,43.86828948733557,0.7311381581222596,trip,2.0089706448602556,
2055,2,z31,28.07491919687724,0.467915319947954,trip,9.809854494164938,
2060,0,z20,26.668297437812576,0.44447162396354295,trip,2.0089706448602556,
2060,1,z21,43.687482129298154,0.7281247021549693,idle,0,
2060,2,z31,27.62491919687724,0.460415319947954,trip,4.809854494164938,
2065,0,z11,26.487490079775153,0.44145816799625254,idle,0,
2065,1,z21,43.23748212929815,0.7206247021549692,trip,13.309854494164938,
2065,2,z11,27.192032292402395,0.4532005382067066,idle,0,
2070,0,z11,26.037490079775154,0.4339581679962526,trip,10.333333333333485,
2070,1,z21,42.78748212929815,0.7131247021549691,trip,8.309854494164938,
2070,2,z11,26.742032292402396,0.4457005382067066,trip,18.0,
2075,0,z11,25.58749007977515,0.4264581679962525,trip,5.333333333333485,
2075,1,z21,42.337482129298145,0.7056247021549691,trip,3.309854494164938,
2075,2,z11,26.292032292402393,0.43820053820670657,trip,13.0,
2080,0,z11,25.13749007977515,0.4189581679962525,trip,0.3333333333334849,
2080,1,z02,42.0395952248233,0.7006599204137217,idle,0,
2080,2,z11,25.842032292402394,0.43070053820670656,trip,8.0,
2085,0,z20,25.10749007977518,0.41845816799625296,idle,0,
2085,1,z02,42.0395952248233,0.7006599204137217,idle,0,
2085,2,z11,25.392032292402394,0.42320053820670656,trip,3.0,
2090,0,z20,24.65749007977518,0.410958167996253,trip,18.0,
2090,1,z02,41.5895952248233,0.6931599204137217,trip,10.333333333333485,
2090,2,z21,25.122032292402395,0.41870053820670655,idle,0,
2095,0,z20,24.207490079775177,0.40345816799625295,trip,13.0,
2095,1,z02,41.139595224823296,0.6856599204137216,trip,5.333333333333485,
2095,2,z21,24.672032292402395,0.4112005382067066,trip,3.833333333333485,
2100,0,z20,23.757490079775177,0.39595816799625294,trip,8.0,
2100,1,z02,40.68959522482329,0.6781599204137215,trip,0.3333333333334849,
2100,2,z31,24.32703229240242,0.405450538206707,idle,0,local
2105,0,z20,23.307490079775178,0.388458167996253,trip,3.0,
2105,1,z11,40.65959522482332,0.677659920413722,idle,0,
2105,2,z31,24.222032292402435,0.40370053820670726,visit,5.0,local
2110,0,z01,23.03749007977518,0.383958167996253,idle,0,
2110,1,z11,40.20959522482332,0.670159920413722,trip,13.508970644860256,
2110,2,z31,28.56147673684664,0.4760246122807773,idle,0,
2115,0,z01,22.58749007977518,0.376458167996253,trip,20.410795394624074,
2115,1,z11,39.759595224823315,0.6626599204137219,trip,8.508970644860256,
2115,2,z31,28.11147673684664,0.46852461228077735,trip,20.410795394624074,
2120,0,z01,22.13749007977518,0.368958167996253,trip,15.410795394624074,
2120,1,z11,39.30959522482331,0.6551599204137218,trip,3.5089706448602556,
2120,2,z31,27.66147673684664,0.46102461228077735,trip,15.410795394624074,
2125,0,z01,21.68749007977518,0.361458167996253,trip,10.410795394624074,
2125,1,z21,38.99378786678589,0.6498964644464315,idle,0,
2125,2,z31,27.21147673684664,0.45352461228077734,trip,10.410795394624074,
2130,0,z01,21.23749007977518,0.353958167996253,trip,5.410795394624074,
2130,1,z21,38.543787866785884,0.6423964644464314,trip,7.008970644860256,
2130,2,z31,26.761476736846642,0.4460246122807774,trip,5.410795394624074,
2135,0,z01,20.787490079775182,0.346458167996253,trip,0.4107953946240741,
2135,1,z21,38.09378786678588,0.6348964644464313,trip,2.0089706448602556,
2135,2,z31,26.311476736846643,0.4385246122807774,trip,0.4107953946240741,
2140,0,z32,20.750518494259016,0.34584197490431695,idle,0,
2140,1,z30,37.91298050874846,0.631883008479141,idle,0,
2140,2,z00,26.274505151330477,0.43790841918884127,idle,0,
2145,0,z32,20.300518494259016,0.33834197490431694,trip,3.833333333333485,
2145,1,z30,37.46298050874846,0.624383008479141,trip,13.309854494164938,
2145,2,z00,25.824505151330477,0.43040841918884126,trip,23.809226445223885,
2150,0,z31,19.955518494259042,0.33259197490431736,idle,0,central
2150,1,z30,37.012980508748456,0.6168830084791409,trip,8.309854494164938,
2150,2,z00,25.374505151330478,0.4229084191888413,trip,18.809226445223885,
2155,0,z31,19.505518494259043,0.3250919749043174,visit,37.333333333333485,central
2155,1,z30,36.56298050874845,0.6093830084791408,trip,3.309854494164938,
2155,2,z00,24.92450515133048,0.4154084191888413,trip,13.809226445223885,
2160,0,z31,19.265518494259055,0.32109197490431757,visit,32.333333333333485,central
2160,1,z22,36.26509360427361,0.6044182267378935,idle,0,
2160,2,z00,24.47450515133048,0.4079084191888413,trip,8.809226445223885,
2165,0,z31,19.265518494259055,0.32109197490431757,visit,27.333333333333485,central
2165,1,z22,35.815093604273606,0.5969182267378934,trip,17.851274623053996,
2165,2,z00,24.02450515133048,0.40040841918884135,trip,3.809226445223885,
2170,0,z31,19.265518494259055,0.32109197490431757,visit,22.333333333333485,central
2170,1,z22,35.3650936042736,0.5894182267378933,trip,12.851274623053996,
2170,2,z32,23.68167477126033,0.3946945795210055,idle,0,
2175,0,z31,19.265518494259055,0.32109197490431757,visit,17.333333333333485,central
2175,1,z22,34.9150936042736,0.5819182267378934,trip,7.851274623053996,
2175,2,z32,23.23167477126033,0.3871945795210055,trip,13.309854494164938,
2180,0,z31,19.265518494259055,0.32109197490431757,visit,12.333333333333485,central
2180,1,z22,34.4650936042736,0.5744182267378933,trip,2.851274623053996,
2180,2,z32,22.78167477126033,0.3796945795210055,trip,8.309854494164938,
2185,0,z31,19.23551849425904,0.32059197490431735,visit,7.333333333333485,central
2185,1,z00,34.20847888819874,0.5701413148033123,idle,0,
2185,2,z32,22.33167477126033,0.37219457952100554,trip,3.309854494164938,
2190,0,z31,18.78551849425904,0.31309197490431734,visit,2.333333333333485,central
2190,1,z00,33.75847888819874,0.5626413148033123,trip,10.333333333333485,
2190,2,z11,22.033787866785488,0.3672297977797581,idle,0,
2195,0,z31,18.575518494259068,0.3095919749043178,idle,0,
2195,1,z00,33.308478888198735,0.5551413148033123,trip,5.333333333333485,
2195,2,z11,21.58378786678549,0.35972979777975816,trip,3.833333333333485,
2200,0,z31,18.12551849425907,0.30209197490431783,trip,20.410795394624074,
2200,1,z00,32.85847888819873,0.5476413148033122,trip,0.3333333333334849,
2200,2,z12,21.238787866785515,0.3539797977797586,idle,0,
2205,0,z31,17.67551849425907,0.2945919749043178,trip,15.410795394624074,
2205,1,z11,32.82847888819876,0.5471413148033126,idle,0,local
2205,2,z12,20.788787866785515,0.34647979777975857,trip,11.5,
2210,0,z31,17.22551849425907,0.2870919749043178,trip,10.410795394624074,
2210,1,z11,32.72347888819877,0.5453913148033128,visit,5.0,local
2210,2,z12,20.338787866785516,0.3389797977797586,trip,6.5,
2215,0,z31,16.77551849425907,0.27959197490431786,trip,5.410795394624074,
2215,1,z11,37.062923332642974,0.6177153888773829,idle,0,
2215,2,z12,19.888787866785517,0.3314797977797586,trip,1.5,
2220,0,z31,16.32551849425907,0.27209197490431786,trip,0.4107953946240741,
2220,1,z11,36.61292333264297,0.6102153888773828,trip,7.008970644860256,
2220,2,z10,19.753787866785515,0.3292297977797586,idle,0,
2225,0,z02,16.288546908742905,0.27147578181238174,idle,0,
2225,1,z11,36.16292333264297,0.6027153888773829,trip,2.0089706448602556,
2225,2,z10,19.303787866785516,0.3217297977797586,trip,17.851274623053996,
2230,0,z02,16.288546908742905,0.27147578181238174,idle,0,
2230,1,z22,35.98211597460555,0.5997019329100924,idle,0,
2230,2,z10,18.853787866785517,0.3142297977797586,trip,12.851274623053996,
2235,0,z02,15.838546908742906,0.26397578181238174,trip,19.809854494164938,
2235,1,z22,35.532115974605546,0.5922019329100924,trip,17.851274623053996,
2235,2,z10,18.403787866785517,0.3067297977797586,trip,7.851274623053996,
2240,0,z02,15.388546908742907,0.2564757818123818,trip,14.809854494164938,
2240,1,z22,35.08211597460554,0.5847019329100924,trip,12.851274623053996,
2240,2,z10,17.953787866785518,0.2992297977797586,trip,2.851274623053996,
2245,0,z02,14.938546908742907,0.24897578181238178,trip,9.809854494164938,
2245,1,z22,34.63211597460554,0.5772019329100924,trip,7.851274623053996,
2245,2,z32,17.697173150710658,0.29495288584517765,idle,0,
2250,0,z02,14.488546908742908,0.2414757818123818,trip,4.809854494164938,
2250,1,z22,34.18211597460554,0.5697019329100923,trip,2.851274623053996,
2250,2,z32,17.24717315071066,0.28745288584517764,trip,7.008970644860256,
2255,0,z22,14.055660004268063,0.23426100007113437,idle,0,
2255,1,z00,33.92550125853068,0.5654250209755113,idle,0,
2255,2,z32,16.79717315071066,0.27995288584517763,trip,2.0089706448602556,
2260,0,z22,13.605660004268064,0.2267610000711344,trip,3.833333333333485,
2260,1,z00,33.47550125853068,0.5579250209755113,trip,23.809226445223885,
2260,2,z21,16.616365792673236,0.2769394298778873,idle,0,
2265,0,z32,13.260660004268091,0.22101100007113486,idle,0,
2265,1,z00,33.025501258530674,0.5504250209755113,trip,18.809226445223885,
2265,2,z21,16.166365792673236,0.26943942987788727,trip,3.833333333333485,
2270,0,z32,12.810660004268092,0.21351100007113485,trip,7.008970644860256,
2270,1,z00,32.57550125853067,0.5429250209755112,trip,13.809226445223885,
2270,2,z22,15.821365792673264,0.26368942987788774,idle,0,local
2275,0,z32,12.360660004268093,0.20601100007113488,trip,2.0089706448602556,
2275,1,z00,32.12550125853067,0.5354250209755111,trip,8.809226445223885,
2275,2,z22,15.716365792673278,0.261939429877888,visit,5.0,local
2280,0,z21,12.17985264623067,0.2029975441038445,idle,0,
2280,1,z00,31.67550125853067,0.5279250209755112,trip,3.809226445223885,
2280,2,z22,20.055810237117484,0.3342635039519581,idle,0,
2285,0,z21,11.72985264623067,0.1954975441038445,trip,7.008970644860256,
2285,1,z32,31.33267087846052,0.5222111813076753,idle,0,
2285,2,z22,19.605810237117485,0.3267635039519581,trip,7.008970644860256,
2290,0,z21,11.27985264623067,0.1879975441038445,trip,2.0089706448602556,
2290,1,z32,30.88267087846052,0.5147111813076753,trip,11.5,
2290,2,z22,19.155810237117485,0.31926350395195807,trip,2.0089706448602556,
2295,0,z32,11.099045288193247,0.18498408813655412,idle,0,
2295,1,z32,30.43267087846052,0.5072111813076753,trip,6.5,
2295,2,z11,18.975002879080062,0.3162500479846677,idle,0,
2300,0,z32,10.649045288193248,0.17748408813655414,trip,3.833333333333485,
2300,1,z32,29.98267087846052,0.49971118130767533,trip,1.5,
2300,2,z11,21.925558434635885,0.3654259739105981,visit,5.0,
2305,0,z31,10.304045288193276,0.1717340881365546,idle,0,
2305,1,z30,29.84767087846052,0.4974611813076753,idle,0,
2305,2,z11,28.209447323524284,0.4701574553920714,idle,0,
2310,0,z31,9.854045288193277,0.1642340881365546,trip,3.833333333333485,
2310,1,z30,32.79822643401634,0.5466371072336057,visit,5.0,
2310,2,z11,27.759447323524284,0.4626574553920714,trip,3.833333333333485,
2315,0,z32,9.509045288193304,0.15848408813655507,idle,0,
2315,1,z30,39.082115322904734,0.6513685887150789,idle,0,
2315,2,z10,27.41444732352431,0.45690745539207184,idle,0,
2320,0,z32,9.059045288193305,0.1509840881365551,trip,11.5,
2320,1,z30,38.63211532290473,0.6438685887150789,trip,3.833333333333485,
2320,2,z10,26.96444732352431,0.44940745539207183,trip,3.833333333333485,
2325,0,z32,8.609045288193306,0.14348408813655508,trip,6.5,
2325,1,z31,38.28711532290476,0.6381185887150793,idle,0,
2325,2,z11,26.619447323524337,0.4436574553920723,idle,0,
2330,0,z32,8.159045288193306,0.1359840881365551,trip,1.5,
2330,1,z31,37.83711532290476,0.6306185887150793,trip,3.833333333333485,
2330,2,z11,29.57000287908016,0.4928333813180027,visit,5.0,
2335,0,z12,8.024045288193307,0.1337340881365551,idle,0,local
2335,1,z21,37.49211532290479,0.6248685887150798,idle,0,
2335,2,z11,35.853891767968555,0.597564862799476,idle,0,
2340,0,z12,7.5740452881933065,0.1262340881365551,visit,39.732906160417315,local
2340,1,z21,37.042115322904785,0.6173685887150797,trip,3.833333333333485,
2340,2,z11,35.40389176796855,0.5900648627994759,trip,13.309854494164938,
2345,0,z12,7.3340452881933205,0.12223408813655534,visit,34.732906160417315,local
2345,1,z22,36.697115322904814,0.6116185887150802,idle,0,
2345,2,z11,34.95389176796855,0.5825648627994758,trip,8.309854494164938,
2350,0,z12,11.222934177082461,0.18704890295137436,visit,29.732906160417315,local
2350,1,z22,36.697115322904814,0.6116185887150802,idle,0,
2350,2,z11,34.50389176796855,0.5750648627994758,trip,3.309854494164938,
2355,0,z12,19.556267510415793,0.3259377918402632,visit,24.732906160417315,local
2355,1,z22,36.24711532290481,0.6041185887150802,trip,3.833333333333485,
2355,2,z32,34.2060048634937,0.5701000810582284,idle,0,
2360,0,z12,27.88960084374913,0.4648266807291522,visit,19.732906160417315,local
2360,1,z12,35.90211532290484,0.5983685887150807,idle,0,central
2360,2,z32,33.7560048634937,0.5626000810582283,trip,7.008970644860256,
2365,0,z12,36.222934177082465,0.6037155696180411,visit,14.732906160417315,local
2365,1,z12,35.90211532290484,0.5983685887150807,idle,0,central
2365,2,z32,33.3060048634937,0.5551000810582283,trip,2.0089706448602556,
2370,0,z12,44.5562675104158,0.74260445850693,visit,9.732906160417315,local
2370,1,z12,35.45211532290484,0.5908685887150806,visit,65.36921591277496,central
2370,2,z21,33.12519750545628,0.552086625090938,idle,0,
2375,0,z12,47.73596155443724,0.7955993592406206,visit,4.732906160417315,local
2375,1,z12,35.002115322904835,0.5833685887150806,visit,60.36921591277496,central
2375,2,z21,32.675197505456275,0.5445866250909379,trip,7.008970644860256,
2380,0,z12,47.30999999999972,0.7884999999999953,idle,0,
2380,1,z12,34.55211532290483,0.5758685887150805,visit,55.36921591277496,central
2380,2,z21,32.22519750545627,0.5370866250909379,trip,2.0089706448602556,
2385,0,z12,46.859999999999715,0.7809999999999953,trip,3.833333333333485,
2385,1,z12,34.10211532290483,0.5683685887150804,visit,50.36921591277496,central
2385,2,z32,32.04439014741885,0.5340731691236476,idle,0,
2390,0,z11,46.514999999999745,0.7752499999999958,idle,0,
2390,1,z12,33.950500606829955,0.5658416767804992,visit,45.36921591277496,central
2390,2,z32,31.594390147418853,0.5265731691236476,trip,20.410795394624074,
2395,0,z11,46.06499999999974,0.7677499999999957,trip,10.333333333333485,
2395,1,z12,33.950500606829955,0.5658416767804992,visit,40.36921591277496,central
2395,2,z32,31.144390147418854,0.5190731691236475,trip,15.410795394624074,
2400,0,z11,45.61499999999974,0.7602499999999957,trip,5.333333333333485,
2400,1,z12,33.950500606829955,0.5658416767804992,visit,35.36921591277496,central
2400,2,z32,30.694390147418854,0.5115731691236476,trip,10.410795394624074,
2405,0,z11,45.164999999999736,0.7527499999999956,trip,0.3333333333334849,
2405,1,z12,33.950500606829955,0.5658416767804992,visit,30.369215912774962,central
2405,2,z32,30.244390147418855,0.5040731691236476,trip,5.410795394624074,
2410,0,z31,45.13499999999976,0.7522499999999961,idle,0,
2410,1,z12,33.950500606829955,0.5658416767804992,visit,25.369215912774962,central
2410,2,z32,29.794390147418856,0.4965731691236476,trip,0.4107953946240741,
2415,0,z31,44.68499999999976,0.744749999999996,trip,3.833333333333485,
2415,1,z12,33.832115322904826,0.5638685887150804,visit,20.369215912774962,central
2415,2,z01,29.75741856190269,0.49595697603171146,idle,0,
2420,0,z21,44.33999999999979,0.7389999999999965,idle,0,
2420,1,z12,33.38211532290482,0.5563685887150804,visit,15.369215912774962,central
2420,2,z01,29.75741856190269,0.49595697603171146,idle,0,
2425,0,z21,43.88999999999979,0.7314999999999965,trip,11.5,
2425,1,z12,32.93211532290482,0.5488685887150804,visit,10.369215912774962,central
2425,2,z01,29.30741856190269,0.4884569760317115,trip,3.833333333333485,
2430,0,z21,43.439999999999785,0.7239999999999964,trip,6.5,
2430,1,z12,32.48211532290482,0.5413685887150803,visit,5.369215912774962,central
2430,2,z02,28.962418561902716,0.4827069760317119,idle,0,local
2435,0,z21,42.98999999999978,0.7164999999999964,trip,1.5,
2435,1,z12,32.032115322904815,0.5338685887150803,visit,0.3692159127749619,central
2435,2,z02,28.512418561902717,0.47520697603171197,visit,21.68460795638748,local
2440,0,z01,42.854999999999784,0.7142499999999964,idle,0,
2440,1,z12,31.99888589075507,0.5333147648459178,idle,0,
2440,2,z02,28.062418561902717,0.46770697603171196,visit,16.68460795638748,local
2445,0,z01,42.40499999999978,0.7067499999999963,trip,13.508970644860256,
2445,1,z12,31.54888589075507,0.5258147648459178,trip,25.666666666666515,
2445,2,z02,27.98661120386528,0.46644352006442136,visit,11.684607956387481,local
2450,0,z01,41.95499999999978,0.6992499999999963,trip,8.508970644860256,
2450,1,z12,31.09888589075507,0.5183147648459179,trip,20.666666666666515,
2450,2,z02,27.612418561902718,0.46020697603171196,visit,6.684607956387481,local
2455,0,z01,41.504999999999775,0.6917499999999962,trip,3.5089706448602556,
2455,1,z12,30.64888589075507,0.5108147648459178,trip,15.666666666666515,
2455,2,z02,27.16241856190272,0.452706976031712,visit,1.684607956387481,local
2460,0,z00,41.18919264196235,0.6864865440327058,idle,0,
2460,1,z12,30.19888589075507,0.5033147648459179,trip,10.666666666666515,
2460,2,z02,27.010803845827844,0.45018006409713074,idle,0,
2465,0,z00,40.73919264196235,0.6789865440327058,trip,25.666666666666515,
2465,1,z12,29.74888589075507,0.4958147648459178,trip,5.666666666666515,
2465,2,z02,26.560803845827845,0.44268006409713073,trip,3.833333333333485,
2470,0,z00,40.289192641962345,0.6714865440327057,trip,20.666666666666515,
2470,1,z12,29.29888589075507,0.48831476484591785,trip,0.6666666666665151,
2470,2,z12,26.21580384582787,0.4369300640971312,idle,0,
2475,0,z00,39.83919264196234,0.6639865440327057,trip,15.666666666666515,
2475,1,z12,29.238885890755043,0.4873147648459174,idle,0,
2475,2,z12,25.76580384582787,0.4294300640971312,trip,3.833333333333485,
2480,0,z00,39.38919264196234,0.6564865440327057,trip,10.666666666666515,
2480,1,z12,28.788885890755044,0.4798147648459174,trip,7.008970644860256,
2480,2,z02,25.420803845827898,0.4236800640971316,idle,0,
2485,0,z00,38.939192641962336,0.6489865440327056,trip,5.666666666666515,
2485,1,z12,28.338885890755044,0.4723147648459174,trip,2.0089706448602556,
2485,2,z02,24.9708038458279,0.41618006409713165,trip,11.5,
2490,0,z00,38.48919264196233,0.6414865440327056,trip,0.6666666666665151,
2490,1,z01,28.15807853271762,0.46930130887862703,idle,0,
2490,2,z02,24.5208038458279,0.40868006409713165,trip,6.5,
2495,0,z31,38.429192641962345,0.6404865440327058,idle,0,
2495,1,z01,27.70807853271762,0.461801308878627,trip,18.0,
2495,2,z02,24.0708038458279,0.40118006409713164,trip,1.5,
2500,0,z31,37.97919264196234,0.6329865440327057,trip,7.008970644860256,
2500,1,z01,27.25807853271762,0.45430130887862696,trip,13.0,
2500,2,z00,23.9358038458279,0.39893006409713166,idle,0,
2505,0,z31,37.52919264196234,0.6254865440327056,trip,2.0089706448602556,
2505,1,z01,26.80807853271762,0.446801308878627,trip,8.0,
2505,2,z00,23.4858038458279,0.39143006409713166,trip,3.833333333333485,
2510,0,z20,37.34838528392492,0.6224730880654153,idle,0,
2510,1,z01,26.35807853271762,0.439301308878627,trip,3.0,
2510,2,z10,23.140803845827925,0.38568006409713207,idle,0,
2515,0,z20,36.89838528392492,0.6149730880654153,trip,13.508970644860256,
2515,1,z31,26.08807853271762,0.434801308878627,idle,0,
2515,2,z10,22.690803845827926,0.3781800640971321,trip,13.508970644860256,
2520,0,z20,36.448385283924914,0.6074730880654152,trip,8.508970644860256,
2520,1,z31,25.63807853271762,0.427301308878627,trip,3.833333333333485,
2520,2,z10,22.240803845827923,0.37068006409713206,trip,8.508970644860256,
2525,0,z20,35.99838528392491,0.5999730880654152,trip,3.5089706448602556,
2525,1,z32,25.293078532717647,0.42155130887862746,idle,0,
2525,2,z10,21.790803845827924,0.36318006409713205,trip,3.5089706448602556,
2530,0,z21,35.682577925887486,0.5947096320981248,idle,0,local
2530,1,z32,24.843078532717648,0.41405130887862746,trip,10.333333333333485,
2530,2,z11,21.474996487790502,0.3579166081298417,idle,0,
2535,0,z21,35.577577925887496,0.592959632098125,visit,5.0,local
2535,1,z32,24.393078532717645,0.4065513088786274,trip,5.333333333333485,
2535,2,z11,21.024996487790503,0.3504166081298417,trip,7.008970644860256,
2540,0,z21,39.9170223703317,0.665283706172195,idle,0,
2540,1,z32,23.943078532717646,0.39905130887862744,trip,0.3333333333334849,
2540,2,z11,20.574996487790504,0.3429166081298417,trip,2.0089706448602556,
2545,0,z21,39.4670223703317,0.657783706172195,trip,7.008970644860256,
2545,1,z30,23.913078532717673,0.3985513088786279,idle,0,
2545,2,z00,20.39418912975308,0.33990315216255135,idle,0,
2550,0,z21,39.017022370331695,0.6502837061721949,trip,2.0089706448602556,
2550,1,z30,23.463078532717674,0.3910513088786279,trip,7.008970644860256,
2550,2,z00,19.94418912975308,0.33240315216255134,trip,23.809226445223885,
2555,0,z12,38.836215012294275,0.6472702502049046,idle,0,
2555,1,z30,23.013078532717675,0.38355130887862793,trip,2.0089706448602556,
2555,2,z00,19.49418912975308,0.32490315216255133,trip,18.809226445223885,
2560,0,z12,38.38621501229427,0.6397702502049045,trip,10.333333333333485,
2560,1,z21,22.83227117468025,0.3805378529113375,idle,0,
2560,2,z00,19.044189129753082,0.3174031521625514,trip,13.809226445223885,
2565,0,z12,37.93621501229427,0.6322702502049045,trip,5.333333333333485,
2565,1,z21,22.382271174680252,0.3730378529113375,trip,10.333333333333485,
2565,2,z00,18.594189129753083,0.3099031521625514,trip,8.809226445223885,
2570,0,z12,37.48621501229427,0.6247702502049044,trip,0.3333333333334849,
2570,1,z21,21.93227117468025,0.3655378529113375,trip,5.333333333333485,
2570,2,z00,18.144189129753084,0.30240315216255137,trip,3.809226445223885,
2575,0,z12,37.456215012294294,0.6242702502049049,idle,0,
2575,1,z21,21.48227117468025,0.3580378529113375,trip,0.3333333333334849,
2575,2,z32,17.801358749682933,0.29668931249471553,idle,0,
2580,0,z12,37.00621501229429,0.6167702502049048,trip,13.508970644860256,
2580,1,z32,21.452271174680277,0.35753785291133794,idle,0,
2580,2,z32,17.351358749682934,0.2891893124947156,trip,3.833333333333485,
2585,0,z12,36.55621501229429,0.6092702502049048,trip,8.508970644860256,
2585,1,z32,21.002271174680278,0.350037852911338,trip,17.851274623053996,
2585,2,z31,17.00635874968296,0.283439312494716,idle,0,local
2590,0,z12,36.106215012294285,0.6017702502049047,trip,3.5089706448602556,
2590,1,z32,20.55227117468028,0.342537852911338,trip,12.851274623053996,
2590,2,z31,16.901358749682974,0.28168931249471624,visit,5.0,local
2595,0,z00,35.79040765425686,0.5965067942376143,idle,0,
2595,1,z32,20.10227117468028,0.335037852911338,trip,7.851274623053996,
2595,2,z31,21.240803194127178,0.3540133865687863,idle,0,
2600,0,z00,35.34040765425686,0.5890067942376143,trip,17.851274623053996,
2600,1,z32,19.65227117468028,0.327537852911338,trip,2.851274623053996,
2600,2,z31,20.79080319412718,0.34651338656878633,trip,7.008970644860256,
2605,0,z00,34.890407654256855,0.5815067942376142,trip,12.851274623053996,
2605,1,z10,19.39565645860542,0.323260940976757,idle,0,local
2605,2,z31,20.34080319412718,0.3390133865687863,trip,2.0089706448602556,
2610,0,z00,34.44040765425685,0.5740067942376142,trip,7.851274623053996,
2610,1,z10,19.290656458605433,0.3215109409767572,visit,5.0,local
2610,2,z22,20.159995836089756,0.3359999306014959,idle,0,
2615,0,z00,33.99040765425685,0.5665067942376142,trip,2.851274623053996,
2615,1,z10,23.630100903049637,0.3938350150508273,idle,0,
2615,2,z22,19.709995836089757,0.32849993060149596,trip,18.0,
2620,0,z22,33.73379293818199,0.5622298823030332,idle,0,
2620,1,z10,23.180100903049638,0.3863350150508273,trip,10.333333333333485,
2620,2,z22,19.259995836089754,0.3209999306014959,trip,13.0,
2625,0,z22,33.28379293818199,0.5547298823030331,trip,3.833333333333485,
2625,1,z10,22.730100903049635,0.37883501505082723,trip,5.333333333333485,
2625,2,z22,18.809995836089755,0.3134999306014959,trip,8.0,
2630,0,z12,32.93879293818202,0.5489798823030336,idle,0,
2630,1,z10,22.280100903049636,0.3713350150508273,trip,0.3333333333334849,
2630,2,z22,18.359995836089755,0.30599993060149594,trip,3.0,
2635,0,z12,32.488792938182016,0.5414798823030336,trip,13.309854494164938,
2635,1,z21,22.250100903049663,0.3708350150508277,idle,0,
2635,2,z12,18.089995836089756,0.30149993060149594,idle,0,
2640,0,z12,32.03879293818201,0.5339798823030335,trip,8.309854494164938,
2640,1,z21,21.800100903049664,0.3633350150508277,trip,13.508970644860256,
2640,2,z12,17.639995836089756,0.29399993060149593,trip,13.508970644860256,
2645,0,z12,31.588792938182014,0.5264798823030336,trip,3.309854494164938,
2645,1,z21,21.35010090304966,0.3558350150508277,trip,8.508970644860256,
2645,2,z12,17.189995836089757,0.286499930601496,trip,8.508970644860256,
2650,0,z20,31.29090603370717,0.5215151005617862,idle,0,
2650,1,z21,20.900100903049662,0.3483350150508277,trip,3.5089706448602556,
2650,2,z12,16.739995836089758,0.27899993060149597,trip,3.5089706448602556,
2655,0,z20,30.84090603370717,0.5140151005617862,trip,10.333333333333485,
2655,1,z00,20.58429354501224,0.3430715590835373,idle,0,
2655,2,z31,16.424188478052336,0.2737364746342056,idle,0,
2660,0,z20,30.390906033707168,0.5065151005617862,trip,5.333333333333485,
2660,1,z00,20.13429354501224,0.33557155908353736,trip,3.833333333333485,
2660,2,z31,15.974188478052337,0.26623647463420563,trip,13.309854494164938,
2665,0,z20,29.94090603370717,0.49901510056178616,trip,0.3333333333334849,
2665,1,z10,19.789293545012267,0.3298215590835378,idle,0,
2665,2,z31,15.524188478052338,0.2587364746342056,trip,8.309854494164938,
2670,0,z31,29.910906033707196,0.4985151005617866,idle,0,
2670,1,z10,19.339293545012268,0.3223215590835378,trip,17.851274623053996,
2670,2,z31,15.074188478052339,0.2512364746342056,trip,3.309854494164938,
2675,0,z31,29.460906033707197,0.4910151005617866,trip,7.008970644860256,
2675,1,z10,18.88929354501227,0.3148215590835378,trip,12.851274623053996,
2675,2,z10,14.776301573577495,0.24627169289295825,idle,0,
2680,0,z31,29.010906033707197,0.48351510056178665,trip,2.0089706448602556,
2680,1,z10,18.43929354501227,0.3073215590835378,trip,7.851274623053996,
2680,2,z10,14.326301573577496,0.23877169289295827,trip,19.809854494164938,
2685,0,z22,28.830098675669774,0.48050164459449624,idle,0,local
2685,1,z10,17.98929354501227,0.29982155908353786,trip,2.851274623053996,
2685,2,z10,13.876301573577496,0.23127169289295826,trip,14.809854494164938,
2690,0,z22,28.725098675669788,0.4787516445944965,visit,5.0,local
2690,1,z32,17.73267882893741,0.29554464714895684,idle,0,
2690,2,z10,13.426301573577497,0.22377169289295828,trip,9.809854494164938,
2695,0,z22,33.06454312011399,0.5510757186685665,idle,0,
2695,1,z32,17.28267882893741,0.28804464714895683,trip,3.833333333333485,
2695,2,z10,12.976301573577498,0.2162716928929583,trip,4.809854494164938,
2700,0,z22,32.614543120113986,0.5435757186685665,trip,3.833333333333485,
2700,1,z31,16.937678828937436,0.28229464714895725,idle,0,
2700,2,z30,12.543414669102653,0.20905691115171088,idle,0,
2705,0,z12,32.269543120114015,0.5378257186685669,idle,0,
2705,1,z31,16.487678828937437,0.2747946471489573,trip,3.833333333333485,
2705,2,z30,12.093414669102653,0.2015569111517109,trip,13.508970644860256,
2710,0,z12,31.819543120114016,0.5303257186685669,trip,13.508970644860256,
2710,1,z21,16.142678828937463,0.2690446471489577,idle,0,
2710,2,z30,11.643414669102654,0.1940569111517109,trip,8.508970644860256,
2715,0,z12,31.369543120114013,0.5228257186685669,trip,8.508970644860256,
2715,1,z21,15.692678828937463,0.2615446471489577,trip,7.008970644860256,
2715,2,z30,11.193414669102655,0.1865569111517109,trip,3.5089706448602556,
2720,0,z12,30.919543120114014,0.5153257186685669,trip,3.5089706448602556,
2720,1,z21,15.242678828937464,0.25404464714895775,trip,2.0089706448602556,
2720,2,z31,10.877607311065232,0.18129345518442053,idle,0,
2725,0,z11,30.603735762076592,0.5100622627012765,idle,0,
2725,1,z32,15.06187147090004,0.25103119118166733,idle,0,
2725,2,z31,10.427607311065232,0.17379345518442055,trip,3.833333333333485,
2730,0,z11,30.153735762076593,0.5025622627012766,trip,13.309854494164938,
2730,1,z32,14.611871470900041,0.24353119118166736,trip,3.833333333333485,
2730,2,z32,10.08260731106526,0.16804345518442101,idle,0,
2735,0,z11,29.703735762076594,0.49506226270127657,trip,8.309854494164938,
2735,1,z22,14.26687147090007,0.23778119118166782,idle,0,local
2735,2,z32,9.63260731106526,0.160543455184421,trip,20.410795394624074,
2740,0,z11,29.253735762076595,0.48756226270127656,trip,3.309854494164938,
2740,1,z22,13.81687147090007,0.23028119118166784,visit,35.9872104507931,local
2740,2,z32,9.182607311065262,0.15304345518442103,trip,15.410795394624074,
2745,0,z32,28.95584885760175,0.4825974809600292,idle,0,
2745,1,z22,13.576871470900084,0.22628119118166806,visit,30.9872104507931,local
2745,2,z32,8.732607311065262,0.14554345518442105,trip,10.410795394624074,
2750,0,z32,28.50584885760175,0.4750974809600292,trip,3.833333333333485,
2750,1,z22,17.465760359789225,0.2910960059964871,visit,25.9872104507931,local
2750,2,z32,8.282607311065263,0.13804345518442104,trip,5.410795394624074,
2755,0,z22,28.160848857601778,0.46934748096002965,idle,0,
2755,1,z22,25.799093693122558,0.42998489488537595,visit,20.9872104507931,local
2755,2,z32,7.832607311065263,0.13054345518442104,trip,0.4107953946240741,
2760,0,z22,31.1114044131576,0.51852340688596,visit,5.0,
2760,1,z22,34.13242702645589,0.5688737837742649,visit,15.9872104507931,local
2760,2,z01,7.795635725549096,0.12992726209248492,idle,0,local
2765,0,z22,37.39529330204599,0.6232548883674333,idle,0,
2765,1,z22,42.46576035978923,0.7077626726631538,visit,10.9872104507931,local
2765,2,z01,7.345635725549096,0.12242726209248493,visit,39.86995189800382,local
2770,0,z22,36.94529330204599,0.6157548883674332,trip,3.833333333333485,
2770,1,z22,47.8488489405716,0.7974808156761933,visit,5.9872104507931,local
2770,2,z01,7.10563572554911,0.11842726209248516,visit,34.86995189800382,local
2775,0,z32,36.60029330204602,0.6100048883674336,idle,0,
2775,1,z22,47.3988489405716,0.7899808156761933,visit,0.9872104507930999,local
2775,2,z01,10.994524614438252,0.18324207690730418,visit,29.86995189800382,local
2780,0,z32,36.150293302046016,0.6025048883674337,trip,7.008970644860256,
2780,1,z22,47.310000000000215,0.7885000000000036,idle,0,
2780,2,z01,19.327857947771584,0.32213096579619305,visit,24.86995189800382,local
2785,0,z32,35.70029330204601,0.5950048883674336,trip,2.0089706448602556,
2785,1,z22,46.86000000000021,0.7810000000000036,trip,13.309854494164938,
2785,2,z01,27.66119128110492,0.461019854685082,visit,19.86995189800382,local
2790,0,z21,35.51948594400859,0.5919914324001432,idle,0,
2790,1,z22,46.41000000000021,0.7735000000000035,trip,8.309854494164938,
2790,2,z01,35.994524614438255,0.599908743573971,visit,14.86995189800382,local
2795,0,z21,35.06948594400859,0.5844914324001432,trip,3.833333333333485,
2795,1,z22,45.96000000000021,0.7660000000000035,trip,3.309854494164938,
2795,2,z01,44.32785794777159,0.7387976324628599,visit,9.86995189800382,local
2800,0,z20,34.72448594400862,0.5787414324001436,idle,0,
2800,1,z01,45.66211309552536,0.7610352182587561,idle,0,
2800,2,z01,47.74829567081999,0.7958049278469999,visit,4.869951898003819,local
2805,0,z20,34.27448594400862,0.5712414324001436,trip,7.008970644860256,
2805,1,z01,45.21211309552536,0.753535218258756,trip,7.008970644860256,
2805,2,z01,47.30999999999969,0.7884999999999949,idle,0,
2810,0,z20,33.824485944008615,0.5637414324001436,trip,2.0089706448602556,
2810,1,z01,44.76211309552536,0.746035218258756,trip,2.0089706448602556,
2810,2,z01,47.30999999999969,0.7884999999999949,idle,0,
2815,0,z31,33.643678585971195,0.5607279764328532,idle,0,local
2815,1,z10,44.58130573748794,0.7430217622914657,idle,0,
2815,2,z01,46.85999999999969,0.7809999999999948,trip,19.166666666666515,
2820,0,z31,33.538678585971205,0.5589779764328534,visit,5.0,local
2820,1,z10,44.58130573748794,0.7430217622914657,idle,0,
2820,2,z01,46.409999999999684,0.7734999999999947,trip,14.166666666666515,
2825,0,z31,37.87812303041541,0.6313020505069235,idle,0,
2825,1,z10,44.58130573748794,0.7430217622914657,idle,0,
2825,2,z01,45.95999999999968,0.7659999999999947,trip,9.166666666666515,
2830,0,z31,37.428123030415406,0.6238020505069234,trip,13.309854494164938,
2830,1,z10,44.131305737487935,0.7355217622914656,trip,3.833333333333485,
2830,2,z01,45.50999999999968,0.7584999999999946,trip,4.166666666666515,
2835,0,z31,36.978123030415404,0.6163020505069234,trip,8.309854494164938,
2835,1,z20,43.786305737487965,0.7297717622914661,idle,0,
2835,2,z31,45.13499999999969,0.7522499999999949,idle,0,
2840,0,z31,36.5281230304154,0.6088020505069234,trip,3.309854494164938,
2840,1,z20,43.786305737487965,0.7297717622914661,idle,0,
2840,2,z31,44.68499999999969,0.7447499999999948,trip,7.008970644860256,
2845,0,z10,36.23023612594056,0.603837268765676,idle,0,
2845,1,z20,43.786305737487965,0.7297717622914661,idle,0,
2845,2,z31,44.23499999999969,0.7372499999999947,trip,2.0089706448602556,
2850,0,z10,39.18079168149637,0.6530131946916062,visit,5.0,
2850,1,z20,43.33630573748796,0.7222717622914661,trip,3.833333333333485,
2850,2,z22,44.05419264196227,0.7342365440327044,idle,0,
2855,0,z10,45.464680570384765,0.7577446761730794,idle,0,
2855,1,z21,42.99130573748799,0.7165217622914665,idle,0,
2855,2,z22,43.604192641962264,0.7267365440327044,trip,3.833333333333485,
2860,0,z10,45.01468057038476,0.7502446761730793,trip,13.309854494164938,
2860,1,z21,42.54130573748799,0.7090217622914665,trip,7.008970644860256,
2860,2,z21,43.259192641962294,0.7209865440327049,idle,0,
2865,0,z10,44.56468057038476,0.7427446761730793,trip,8.309854494164938,
2865,1,z21,42.091305737487986,0.7015217622914665,trip,2.0089706448602556,
2865,2,z21,43.259192641962294,0.7209865440327049,idle,0,
2870,0,z10,44.114680570384756,0.7352446761730793,trip,3.309854494164938,
2870,1,z32,41.910498379450566,0.698508306324176,idle,0,
2870,2,z21,42.80919264196229,0.7134865440327048,trip,3.833333333333485,
2875,0,z31,43.81679366590991,0.7302798944318318,idle,0,
2875,1,z32,41.910498379450566,0.698508306324176,idle,0,
2875,2,z31,42.46419264196232,0.7077365440327054,idle,0,
2880,0,z31,43.81679366590991,0.7302798944318318,idle,0,
2880,1,z32,41.46049837945056,0.6910083063241761,trip,13.309854494164938,
2880,2,z31,42.46419264196232,0.7077365440327054,idle,0,
2885,0,z31,43.36679366590991,0.7227798944318319,trip,3.833333333333485,
2885,1,z32,41.01049837945056,0.683508306324176,trip,8.309854494164938,
2885,2,z31,42.46419264196232,0.7077365440327054,idle,0,
2890,0,z32,43.02179366590994,0.7170298944318323,idle,0,
2890,1,z32,40.56049837945056,0.676008306324176,trip,3.309854494164938,
2890,2,z31,42.46419264196232,0.7077365440327054,idle,0,
2895,0,z32,43.02179366590994,0.7170298944318323,idle,0,
2895,1,z20,40.262611474975714,0.6710435245829286,idle,0,
2895,2,z31,42.01419264196232,0.7002365440327053,trip,11.5,
2900,0,z32,43.02179366590994,0.7170298944318323,idle,0,
2900,1,z20,39.81261147497571,0.6635435245829285,trip,13.309854494164938,
2900,2,z31,41.564192641962315,0.6927365440327052,trip,6.5,
2905,0,z32,42.57179366590994,0.7095298944318322,trip,11.5,
2905,1,z20,39.36261147497571,0.6560435245829285,trip,8.309854494164938,
2905,2,z31,41.11419264196231,0.6852365440327052,trip,1.5,
2910,0,z32,42.121793665909934,0.7020298944318323,trip,6.5,
2910,1,z20,38.912611474975705,0.6485435245829284,trip,3.309854494164938,
2910,2,z11,40.979192641962314,0.6829865440327052,idle,0,
2915,0,z32,41.67179366590993,0.6945298944318322,trip,1.5,
2915,1,z01,38.61472457050086,0.643578742841681,idle,0,
2915,2,z11,40.979192641962314,0.6829865440327052,idle,0,
2920,0,z30,41.53679366590993,0.6922798944318322,idle,0,
2920,1,z01,38.61472457050086,0.643578742841681,idle,0,
2920,2,z11,40.979192641962314,0.6829865440327052,idle,0,
2925,0,z30,41.53679366590993,0.6922798944318322,idle,0,
2925,1,z01,38.61472457050086,0.643578742841681,idle,0,
2925,2,z11,40.52919264196231,0.6754865440327051,trip,13.309854494164938,
2930,0,z30,41.53679366590993,0.6922798944318322,idle,0,
2930,1,z01,38.61472457050086,0.643578742841681,idle,0,
2930,2,z11,40.07919264196231,0.6679865440327052,trip,8.309854494164938,
2935,0,z30,41.53679366590993,0.6922798944318322,idle,0,
2935,1,z01,38.61472457050086,0.643578742841681,idle,0,
2935,2,z11,39.629192641962305,0.6604865440327051,trip,3.309854494164938,
2940,0,z30,41.53679366590993,0.6922798944318322,idle,0,
2940,1,z01,38.61472457050086,0.643578742841681,idle,0,
2940,2,z30,39.33130573748746,0.6555217622914576,idle,0,
2945,0,z30,41.08679366590993,0.6847798944318322,trip,19.166666666666515,
2945,1,z01,38.61472457050086,0.643578742841681,idle,0,
2945,2,z30,39.33130573748746,0.6555217622914576,idle,0,
2950,0,z30,40.63679366590993,0.6772798944318321,trip,14.166666666666515,
2950,1,z01,38.61472457050086,0.643578742841681,idle,0,
2950,2,z30,39.33130573748746,0.6555217622914576,idle,0,
2955,0,z30,40.186793665909924,0.6697798944318321,trip,9.166666666666515,
2955,1,z01,38.61472457050086,0.643578742841681,idle,0,
2955,2,z30,39.33130573748746,0.6555217622914576,idle,0,
2960,0,z30,39.73679366590992,0.662279894431832,trip,4.166666666666515,
2960,1,z01,38.61472457050086,0.643578742841681,idle,0,
2960,2,z30,39.33130573748746,0.6555217622914576,idle,0,
2965,0,z00,39.361793665909936,0.6560298944318322,idle,0,
2965,1,z01,38.61472457050086,0.643578742841681,idle,0,
2965,2,z30,39.33130573748746,0.6555217622914576,idle,0,
2970,0,z00,39.361793665909936,0.6560298944318322,idle,0,
2970,1,z01,38.61472457050086,0.643578742841681,idle,0,
2970,2,z30,39.33130573748746,0.6555217622914576,idle,0,
2975,0,z00,39.361793665909936,0.6560298944318322,idle,0,
2975,1,z01,38.61472457050086,0.643578742841681,idle,0,
2975,2,z30,39.33130573748746,0.6555217622914576,idle,0,
2980,0,z00,39.361793665909936,0.6560298944318322,idle,0,
2980,1,z01,38.61472457050086,0.643578742841681,idle,0,
2980,2,z30,39.33130573748746,0.6555217622914576,idle,0,
2985,0,z00,39.361793665909936,0.6560298944318322,idle,0,
2985,1,z01,38.61472457050086,0.643578742841681,idle,0,
2985,2,z30,39.33130573748746,0.6555217622914576,idle,0,
2990,0,z00,39.361793665909936,0.6560298944318322,idle,0,
2990,1,z01,38.61472457050086,0.643578742841681,idle,0,
2990,2,z30,38.88130573748746,0.6480217622914577,trip,11.5,
2995,0,z00,39.361793665909936,0.6560298944318322,idle,0,
2995,1,z01,38.61472457050086,0.643578742841681,idle,0,
2995,2,z30,38.431305737487456,0.6405217622914576,trip,6.5,
3000,0,z00,39.361793665909936,0.6560298944318322,idle,0,
3000,1,z01,38.16472457050086,0.636078742841681,trip,13.309854494164938,
3000,2,z30,37.98130573748745,0.6330217622914576,trip,1.5,
3005,0,z00,39.361793665909936,0.6560298944318322,idle,0,
3005,1,z01,37.714724570500856,0.6285787428416809,trip,8.309854494164938,
3005,2,z32,37.846305737487455,0.6307717622914576,idle,0,
3010,0,z00,39.361793665909936,0.6560298944318322,idle,0,
3010,1,z01,37.26472457050085,0.6210787428416809,trip,3.309854494164938,
3010,2,z32,37.39630573748745,0.6232717622914575,trip,23.809226445223885,
3015,0,z00,39.361793665909936,0.6560298944318322,idle,0,
3015,1,z20,36.96683766602601,0.6161139611004335,idle,0,local
3015,2,z32,36.94630573748745,0.6157717622914575,trip,18.809226445223885,
3020,0,z00,39.361793665909936,0.6560298944318322,idle,0,
3020,1,z20,36.51683766602601,0.6086139611004334,visit,15.333333333333485,local
3020,2,z32,36.49630573748745,0.6082717622914574,trip,13.809226445223885,
3025,0,z00,39.361793665909936,0.6560298944318322,idle,0,
3025,1,z20,36.27683766602602,0.6046139611004336,visit,10.333333333333485,local
3025,2,z32,36.046305737487444,0.6007717622914573,trip,8.809226445223885,
3030,0,z00,39.361793665909936,0.6560298944318322,idle,0,
3030,1,z20,36.066837666026004,0.6011139611004334,visit,5.333333333333485,local
3030,2,z32,35.59630573748744,0.5932717622914574,trip,3.809226445223885,
3035,0,z00,39.361793665909936,0.6560298944318322,idle,0,
3035,1,z20,35.616837666026,0.5936139611004333,visit,0.3333333333334849,local
3035,2,z00,35.253475357417294,0.5875579226236216,idle,0,central
3040,0,z00,39.361793665909936,0.6560298944318322,idle,0,
3040,1,z20,35.58683766602603,0.5931139611004338,idle,0,
3040,2,z00,34.80347535741729,0.5800579226236215,visit,68.0,central
3045,0,z00,39.361793665909936,0.6560298944318322,idle,0,
3045,1,z20,35.58683766602603,0.5931139611004338,idle,0,
3045,2,z00,34.35347535741729,0.5725579226236215,visit,63.0,central
3050,0,z00,39.361793665909936,0.6560298944318322,idle,0,
3050,1,z20,35.58683766602603,0.5931139611004338,idle,0,
3050,2,z00,33.903475357417285,0.5650579226236214,visit,58.0,central
3055,0,z00,39.361793665909936,0.6560298944318322,idle,0,
3055,1,z20,35.58683766602603,0.5931139611004338,idle,0,
3055,2,z00,33.45347535741728,0.5575579226236214,visit,53.0,central
3060,0,z00,39.361793665909936,0.6560298944318322,idle,0,
3060,1,z20,35.58683766602603,0.5931139611004338,idle,0,
3060,2,z00,33.18347535741728,0.5530579226236213,visit,48.0,central
3065,0,z00,39.361793665909936,0.6560298944318322,idle,0,
3065,1,z20,35.136837666026025,0.5856139611004337,trip,7.008970644860256,
3065,2,z00,33.18347535741728,0.5530579226236213,visit,43.0,central
3070,0,z00,39.361793665909936,0.6560298944318322,idle,0,
3070,1,z20,34.68683766602602,0.5781139611004337,trip,2.0089706448602556,
3070,2,z00,33.18347535741728,0.5530579226236213,visit,38.0,central
3075,0,z00,39.361793665909936,0.6560298944318322,idle,0,
3075,1,z31,34.5060303079886,0.5751005051331434,idle,0,
3075,2,z00,33.18347535741728,0.5530579226236213,visit,33.0,central
3080,0,z00,39.361793665909936,0.6560298944318322,idle,0,
3080,1,z31,37.45658586354442,0.6242764310590736,visit,5.0,
3080,2,z00,33.18347535741728,0.5530579226236213,visit,28.0,central
3085,0,z00,39.361793665909936,0.6560298944318322,idle,0,
3085,1,z31,43.74047475243281,0.7290079125405469,idle,0,
3085,2,z00,33.18347535741728,0.5530579226236213,visit,23.0,central
3090,0,z00,39.361793665909936,0.6560298944318322,idle,0,
3090,1,z31,43.29047475243281,0.7215079125405468,trip,11.5,
3090,2,z00,32.73347535741728,0.5455579226236212,visit,18.0,central
3095,0,z00,39.361793665909936,0.6560298944318322,idle,0,
3095,1,z31,42.840474752432804,0.7140079125405467,trip,6.5,
3095,2,z00,32.283475357417274,0.5380579226236212,visit,13.0,central
3100,0,z00,39.361793665909936,0.6560298944318322,idle,0,
3100,1,z31,42.3904747524328,0.7065079125405467,trip,1.5,
3100,2,z00,31.833475357417274,0.5305579226236212,visit,8.0,central
3105,0,z00,39.361793665909936,0.6560298944318322,idle,0,
3105,1,z11,42.255474752432804,0.7042579125405467,idle,0,
3105,2,z00,31.383475357417275,0.5230579226236213,visit,3.0,central
3110,0,z00,39.361793665909936,0.6560298944318322,idle,0,
3110,1,z11,41.8054747524328,0.6967579125405466,trip,11.5,
3110,2,z00,31.113475357417276,0.5185579226236212,idle,0,
3115,0,z00,39.361793665909936,0.6560298944318322,idle,0,
3115,1,z11,41.3554747524328,0.6892579125405466,trip,6.5,
3115,2,z00,31.113475357417276,0.5185579226236212,idle,0,
3120,0,z00,39.361793665909936,0.6560298944318322,idle,0,
3120,1,z11,40.905474752432795,0.6817579125405466,trip,1.5,
3120,2,z00,31.113475357417276,0.5185579226236212,idle,0,
3125,0,z00,39.361793665909936,0.6560298944318322,idle,0,
3125,1,z31,40.7704747524328,0.6795079125405467,idle,0,
3125,2,z00,31.113475357417276,0.5185579226236212,idle,0,
3130,0,z00,39.361793665909936,0.6560298944318322,idle,0,
3130,1,z31,40.7704747524328,0.6795079125405467,idle,0,
3130,2,z00,31.113475357417276,0.5185579226236212,idle,0,
3135,0,z00,39.361793665909936,0.6560298944318322,idle,0,
3135,1,z31,40.7704747524328,0.6795079125405467,idle,0,
3135,2,z00,31.113475357417276,0.5185579226236212,idle,0,
3140,0,z00,38.91179366590993,0.6485298944318322,trip,19.166666666666515,
3140,1,z31,40.320474752432794,0.6720079125405466,trip,3.833333333333485,
3140,2,z00,31.113475357417276,0.5185579226236212,idle,0,
3145,0,z00,38.46179366590993,0.6410298944318321,trip,14.166666666666515,
3145,1,z21,39.975474752432824,0.6662579125405471,idle,0,
3145,2,z00,30.663475357417276,0.5110579226236213,trip,23.809226445223885,
3150,0,z00,38.01179366590993,0.6335298944318322,trip,9.166666666666515,
3150,1,z21,39.975474752432824,0.6662579125405471,idle,0,
3150,2,z00,30.213475357417277,0.5035579226236213,trip,18.809226445223885,
3155,0,z00,37.561793665909924,0.6260298944318321,trip,4.166666666666515,
3155,1,z21,39.975474752432824,0.6662579125405471,idle,0,
3155,2,z00,29.763475357417278,0.4960579226236213,trip,13.809226445223885,
3160,0,z30,37.18679366590994,0.6197798944318323,idle,0,
3160,1,z21,39.52547475243282,0.658757912540547,trip,11.5,
3160,2,z00,29.31347535741728,0.4885579226236213,trip,8.809226445223885,
3165,0,z30,40.137349221465755,0.6689558203577626,visit,5.0,
3165,1,z21,39.07547475243282,0.651257912540547,trip,6.5,
3165,2,z00,28.86347535741728,0.4810579226236213,trip,3.809226445223885,
3170,0,z30,46.421238110354146,0.7736873018392357,idle,0,
3170,1,z21,38.625474752432815,0.6437579125405469,trip,1.5,
3170,2,z32,28.52064497734713,0.47534408295578545,idle,0,
3175,0,z30,46.421238110354146,0.7736873018392357,idle,0,
3175,1,z01,38.49047475243282,0.641507912540547,idle,0,
3175,2,z32,31.47120053290295,0.5245200088817159,visit,5.0,
3180,0,z30,46.421238110354146,0.7736873018392357,idle,0,
3180,1,z01,38.49047475243282,0.641507912540547,idle,0,
3180,2,z32,37.75508942179135,0.6292514903631891,idle,0,
3185,0,z30,46.421238110354146,0.7736873018392357,idle,0,
3185,1,z01,38.49047475243282,0.641507912540547,idle,0,
3185,2,z32,40.70564497734716,0.6784274162891194,visit,5.0,
3190,0,z30,46.421238110354146,0.7736873018392357,idle,0,
3190,1,z01,38.49047475243282,0.641507912540547,idle,0,
3190,2,z32,46.989533866235554,0.7831588977705926,idle,0,
3195,0,z30,46.421238110354146,0.7736873018392357,idle,0,
3195,1,z01,38.49047475243282,0.641507912540547,idle,0,
3195,2,z32,46.989533866235554,0.7831588977705926,idle,0,
3200,0,z30,46.421238110354146,0.7736873018392357,idle,0,
3200,1,z01,38.49047475243282,0.641507912540547,idle,0,
3200,2,z32,46.989533866235554,0.7831588977705926,idle,0,
3205,0,z30,46.421238110354146,0.7736873018392357,idle,0,
3205,1,z01,38.49047475243282,0.641507912540547,idle,0,
3205,2,z32,46.53953386623555,0.7756588977705925,trip,3.833333333333485,
3210,0,z30,46.421238110354146,0.7736873018392357,idle,0,
3210,1,z01,38.49047475243282,0.641507912540547,idle,0,
3210,2,z31,46.19453386623558,0.769908897770593,idle,0,
3215,0,z30,46.421238110354146,0.7736873018392357,idle,0,
3215,1,z01,38.040474752432814,0.6340079125405469,trip,13.309854494164938,
3215,2,z31,45.74453386623558,0.762408897770593,trip,13.309854494164938,
3220,0,z30,46.421238110354146,0.7736873018392357,idle,0,
3220,1,z01,37.59047475243281,0.6265079125405468,trip,8.309854494164938,
3220,2,z31,45.294533866235575,0.7549088977705929,trip,8.309854494164938,
3225,0,z30,46.421238110354146,0.7736873018392357,idle,0,
3225,1,z01,37.14047475243281,0.6190079125405468,trip,3.309854494164938,
3225,2,z31,44.84453386623557,0.7474088977705928,trip,3.309854494164938,
3230,0,z30,46.421238110354146,0.7736873018392357,idle,0,
3230,1,z22,36.842587847957965,0.6140431307992994,idle,0,
3230,2,z10,44.54664696176073,0.7424441160293455,idle,0,
3235,0,z30,46.421238110354146,0.7736873018392357,idle,0,
3235,1,z22,36.39258784795796,0.6065431307992993,trip,11.5,
3235,2,z10,44.54664696176073,0.7424441160293455,idle,0,
3240,0,z30,46.421238110354146,0.7736873018392357,idle,0,
3240,1,z22,35.94258784795796,0.5990431307992993,trip,6.5,
3240,2,z10,44.096646961760726,0.7349441160293454,trip,17.851274623053996,
3245,0,z30,45.97123811035414,0.7661873018392357,trip,13.309854494164938,
3245,1,z22,35.49258784795796,0.5915431307992993,trip,1.5,
3245,2,z10,43.64664696176072,0.7274441160293453,trip,12.851274623053996,
3250,0,z30,45.52123811035414,0.7586873018392357,trip,8.309854494164938,
3250,1,z02,35.35758784795796,0.5892931307992993,idle,0,
3250,2,z10,43.19664696176072,0.7199441160293454,trip,7.851274623053996,
3255,0,z30,45.07123811035414,0.7511873018392357,trip,3.309854494164938,
3255,1,z02,35.35758784795796,0.5892931307992993,idle,0,
3255,2,z10,42.74664696176072,0.7124441160293453,trip,2.851274623053996,
3260,0,z22,44.773351205879294,0.7462225200979883,idle,0,
3260,1,z02,35.35758784795796,0.5892931307992993,idle,0,
3260,2,z32,42.49003224568586,0.7081672040947643,idle,0,
3265,0,z22,44.773351205879294,0.7462225200979883,idle,0,
3265,1,z02,35.35758784795796,0.5892931307992993,idle,0,
3265,2,z32,42.49003224568586,0.7081672040947643,idle,0,
3270,0,z22,44.32335120587929,0.7387225200979882,trip,3.833333333333485,
3270,1,z02,34.907587847957956,0.5817931307992993,trip,11.5,
3270,2,z32,42.04003224568586,0.7006672040947642,trip,13.309854494164938,
3275,0,z32,43.97835120587932,0.7329725200979886,idle,0,local
3275,1,z02,34.45758784795795,0.5742931307992992,trip,6.5,
3275,2,z32,41.590032245685855,0.6931672040947643,trip,8.309854494164938,
3280,0,z32,43.87335120587933,0.7312225200979888,visit,5.0,local
3280,1,z02,34.00758784795795,0.5667931307992992,trip,1.5,
3280,2,z32,41.14003224568585,0.6856672040947642,trip,3.309854494164938,
3285,0,z32,47.894999999999875,0.7982499999999979,idle,0,
3285,1,z22,33.87258784795795,0.5645431307992992,idle,0,local
3285,2,z11,40.84214534121101,0.6807024223535169,idle,0,
3290,0,z32,47.894999999999875,0.7982499999999979,idle,0,
3290,1,z22,33.76758784795796,0.5627931307992994,visit,5.0,local
3290,2,z11,40.392145341211005,0.6732024223535168,trip,11.5,
3295,0,z32,47.44499999999987,0.7907499999999978,trip,13.309854494164938,
3295,1,z22,38.10703229240217,0.6351172048733694,idle,0,
3295,2,z11,39.942145341211,0.6657024223535167,trip,6.5,
3300,0,z32,46.99499999999987,0.7832499999999978,trip,8.309854494164938,
3300,1,z22,37.657032292402164,0.6276172048733694,trip,3.833333333333485,
3300,2,z11,39.492145341211,0.6582024223535167,trip,1.5,
3305,0,z32,46.54499999999987,0.7757499999999978,trip,3.309854494164938,
3305,1,z32,37.31203229240219,0.6218672048733699,idle,0,
3305,2,z31,39.357145341211,0.6559524223535167,idle,0,
3310,0,z20,46.24711309552502,0.7707852182587503,idle,0,
3310,1,z32,36.86203229240219,0.6143672048733698,trip,3.833333333333485,
3310,2,z31,38.907145341211,0.6484524223535166,trip,7.008970644860256,
3315,0,z20,45.79711309552502,0.7632852182587503,trip,13.309854494164938,
3315,1,z31,36.51703229240222,0.6086172048733703,idle,0,
3315,2,z31,38.457145341210996,0.6409524223535166,trip,2.0089706448602556,
3320,0,z20,45.34711309552502,0.7557852182587503,trip,8.309854494164938,
3320,1,z31,36.06703229240222,0.6011172048733703,trip,3.833333333333485,
3320,2,z20,38.276337983173576,0.6379389663862263,idle,0,
3325,0,z20,44.897113095525015,0.7482852182587503,trip,3.309854494164938,
3325,1,z32,35.72203229240225,0.5953672048733708,idle,0,
3325,2,z20,37.82633798317357,0.6304389663862262,trip,3.833333333333485,
3330,0,z12,44.59922619105017,0.7433204365175029,idle,0,
3330,1,z32,35.272032292402244,0.5878672048733707,trip,13.309854494164938,
3330,2,z21,37.4813379831736,0.6246889663862267,idle,0,local
3335,0,z12,44.14922619105017,0.7358204365175028,trip,26.910795394624074,
3335,1,z32,34.82203229240224,0.5803672048733707,trip,8.309854494164938,
3335,2,z21,37.37633798317361,0.6229389663862269,visit,5.0,local
3340,0,z12,43.699226191050165,0.7283204365175028,trip,21.910795394624074,
3340,1,z32,34.37203229240224,0.5728672048733706,trip,3.309854494164938,
3340,2,z21,41.71578242761782,0.695263040460297,idle,0,
3345,0,z12,43.24922619105016,0.7208204365175027,trip,16.910795394624074,
3345,1,z20,34.074145387927395,0.5679024231321232,idle,0,
3345,2,z21,41.265782427617815,0.6877630404602969,trip,3.833333333333485,
3350,0,z12,42.79922619105016,0.7133204365175027,trip,11.910795394624074,
3350,1,z20,33.62414538792739,0.5604024231321232,trip,10.333333333333485,
3350,2,z31,40.920782427617844,0.6820130404602974,idle,0,
3355,0,z12,42.34922619105016,0.7058204365175026,trip,6.910795394624074,
3355,1,z20,33.17414538792739,0.5529024231321231,trip,5.333333333333485,
3355,2,z31,40.47078242761784,0.6745130404602974,trip,19.809854494164938,
3360,0,z12,41.899226191050154,0.6983204365175025,trip,1.910795394624074,
3360,1,z20,32.724145387927386,0.5454024231321231,trip,0.3333333333334849,
3360,2,z31,40.02078242761784,0.6670130404602973,trip,14.809854494164938,
3365,0,z31,41.727254605533986,0.6954542434255664,idle,0,
3365,1,z20,32.69414538792741,0.5449024231321236,idle,0,
3365,2,z31,39.570782427617836,0.6595130404602972,trip,9.809854494164938,
3370,0,z31,41.27725460553398,0.6879542434255664,trip,10.333333333333485,
3370,1,z20,32.24414538792741,0.5374024231321235,trip,7.008970644860256,
3370,2,z31,39.12078242761783,0.6520130404602972,trip,4.809854494164938,
3375,0,z31,40.82725460553398,0.6804542434255664,trip,5.333333333333485,
3375,1,z20,31.79414538792741,0.5299024231321235,trip,2.0089706448602556,
3375,2,z22,38.68789552314299,0.6447982587190498,idle,0,
3380,0,z31,40.37725460553398,0.6729542434255663,trip,0.3333333333334849,
3380,1,z11,31.613338029889988,0.5268889671648331,idle,0,
3380,2,z22,38.23789552314299,0.6372982587190498,trip,19.809854494164938,
3385,0,z31,40.347254605534005,0.6724542434255667,idle,0,
3385,1,z11,31.16333802988999,0.5193889671648332,trip,10.333333333333485,
3385,2,z22,37.787895523142986,0.6297982587190497,trip,14.809854494164938,
3390,0,z31,39.897254605534,0.6649542434255667,trip,18.0,
3390,1,z11,30.713338029889986,0.5118889671648331,trip,5.333333333333485,
3390,2,z22,37.33789552314298,0.6222982587190498,trip,9.809854494164938,
3395,0,z31,39.447254605534,0.6574542434255667,trip,13.0,
3395,1,z11,30.263338029889987,0.5043889671648331,trip,0.3333333333334849,
3395,2,z22,36.88789552314298,0.6147982587190497,trip,4.809854494164938,
3400,0,z31,38.997254605533996,0.6499542434255666,trip,8.0,
3400,1,z31,30.233338029890014,0.5038889671648336,idle,0,
3400,2,z31,36.45500861866814,0.6075834769778024,idle,0,
3405,0,z31,38.54725460553399,0.6424542434255666,trip,3.0,
3405,1,z31,29.783338029890015,0.49638896716483355,trip,11.5,
3405,2,z31,36.005008618668136,0.6000834769778023,trip,10.333333333333485,
3410,0,z12,38.27725460553399,0.6379542434255665,idle,0,
3410,1,z31,29.333338029890015,0.4888889671648336,trip,6.5,
3410,2,z31,35.55500861866813,0.5925834769778022,trip,5.333333333333485,
3415,0,z12,37.82725460553399,0.6304542434255664,trip,11.5,
3415,1,z31,28.883338029890016,0.4813889671648336,trip,1.5,
3415,2,z31,35.10500861866813,0.5850834769778022,trip,0.3333333333334849,
3420,0,z12,37.377254605533984,0.6229542434255664,trip,6.5,
3420,1,z11,28.748338029890014,0.47913896716483356,idle,0,local
3420,2,z31,35.07500861866816,0.5845834769778027,idle,0,
3425,0,z12,36.92725460553398,0.6154542434255663,trip,1.5,
3425,1,z11,28.643338029890028,0.4773889671648338,visit,5.0,local
3425,2,z31,34.625008618668154,0.5770834769778026,trip,30.309226445223885,
3430,0,z32,36.792254605533984,0.6132042434255663,idle,0,
3430,1,z11,32.98278247433423,0.5497130412389039,idle,0,
3430,2,z31,34.17500861866815,0.5695834769778025,trip,25.309226445223885,
3435,0,z32,36.34225460553398,0.6057042434255664,trip,11.5,
3435,1,z11,32.532782474334226,0.5422130412389038,trip,13.309854494164938,
3435,2,z31,33.72500861866815,0.5620834769778025,trip,20.309226445223885,
3440,0,z32,35.89225460553398,0.5982042434255663,trip,6.5,
3440,1,z11,32.08278247433422,0.5347130412389037,trip,8.309854494164938,
3440,2,z31,33.275008618668146,0.5545834769778024,trip,15.309226445223885,
3445,0,z32,35.442254605533975,0.5907042434255663,trip,1.5,
3445,1,z11,31.632782474334224,0.5272130412389038,trip,3.309854494164938,
3445,2,z31,32.82500861866814,0.5470834769778024,trip,10.309226445223885,
3450,0,z12,35.30725460553398,0.5884542434255663,idle,0,
3450,1,z32,31.33489556985938,0.5222482594976563,idle,0,
3450,2,z31,32.37500861866814,0.5395834769778023,trip,5.309226445223885,
3455,0,z12,34.857254605533974,0.5809542434255662,trip,24.351274623053996,
3455,1,z32,30.88489556985938,0.5147482594976563,trip,29.286375654996846,
3455,2,z31,31.92500861866814,0.5320834769778023,trip,0.3092264452238851,
3460,0,z12,34.40725460553397,0.5734542434255662,trip,19.351274623053996,
3460,1,z32,30.434895569859382,0.5072482594976564,trip,24.286375654996846,
3460,2,z02,31.89717823859799,0.5316196373099665,idle,0,
3465,0,z12,33.95725460553397,0.5659542434255661,trip,14.351274623053996,
3465,1,z32,29.984895569859383,0.4997482594976564,trip,19.286375654996846,
3465,2,z02,31.447178238597992,0.5241196373099666,trip,13.508970644860256,
3470,0,z12,33.507254605533966,0.558454243425566,trip,9.351274623053996,
3470,1,z32,29.534895569859383,0.4922482594976564,trip,14.286375654996846,
3470,2,z02,30.99717823859799,0.5166196373099665,trip,8.508970644860256,
3475,0,z12,33.05725460553396,0.5509542434255661,trip,4.351274623053996,
3475,1,z32,29.084895569859384,0.4847482594976564,trip,9.286375654996846,
3475,2,z02,30.54717823859799,0.5091196373099665,trip,3.5089706448602556,
3480,0,z20,32.6656398894591,0.544427331490985,idle,0,central
3480,1,z32,28.634895569859385,0.4772482594976564,trip,4.286375654996846,
3480,2,z21,30.23137088056057,0.5038561813426762,idle,0,
3485,0,z20,32.2156398894591,0.5369273314909849,visit,37.333333333333485,central
3485,1,z32,28.24912176090967,0.4708186960151612,idle,0,
3485,2,z21,29.78137088056057,0.4963561813426762,trip,7.008970644860256,
3490,0,z20,31.97563988945911,0.5329273314909851,visit,32.333333333333485,central
3490,1,z32,27.79912176090967,0.4633186960151612,trip,3.833333333333485,
3490,2,z21,29.33137088056057,0.48885618134267617,trip,2.0089706448602556,
3495,0,z20,31.97563988945911,0.5329273314909851,visit,27.333333333333485,central
3495,1,z31,27.454121760909697,0.4575686960151616,idle,0,
3495,2,z10,29.150563522523147,0.48584272537538575,idle,0,
3500,0,z20,31.97563988945911,0.5329273314909851,visit,22.333333333333485,central
3500,1,z31,27.004121760909698,0.45006869601516164,trip,20.410795394624074,
3500,2,z10,32.101119078078966,0.5350186513013161,visit,5.0,
3505,0,z20,31.97563988945911,0.5329273314909851,visit,17.333333333333485,central
3505,1,z31,26.5541217609097,0.44256869601516163,trip,15.410795394624074,
3505,2,z10,38.38500796696736,0.6397501327827892,idle,0,
3510,0,z20,31.97563988945911,0.5329273314909851,visit,12.333333333333485,central
3510,1,z31,26.1041217609097,0.4350686960151616,trip,10.410795394624074,
3510,2,z10,37.935007966967355,0.6322501327827893,trip,3.833333333333485,
3515,0,z20,31.945639889459095,0.5324273314909849,visit,7.333333333333485,central
3515,1,z31,25.6541217609097,0.4275686960151617,trip,5.410795394624074,
3515,2,z20,37.590007966967384,0.6265001327827897,idle,0,local
3520,0,z20,31.495639889459095,0.5249273314909849,visit,2.333333333333485,central
3520,1,z31,25.2041217609097,0.42006869601516167,trip,0.4107953946240741,
3520,2,z20,37.14000796696738,0.6190001327827896,visit,15.333333333333485,local
3525,0,z20,31.285639889459123,0.5214273314909854,idle,0,
3525,1,z00,25.167150175393534,0.41945250292322556,idle,0,
3525,2,z20,36.900007966967394,0.6150001327827899,visit,10.333333333333485,local
3530,0,z20,30.835639889459124,0.5139273314909854,trip,7.008970644860256,
3530,1,z00,24.717150175393535,0.41195250292322555,trip,10.333333333333485,
3530,2,z20,36.69000796696738,0.6115001327827897,visit,5.333333333333485,local
3535,0,z20,30.385639889459124,0.5064273314909854,trip,2.0089706448602556,
3535,1,z00,24.26715017539353,0.40445250292322554,trip,5.333333333333485,
3535,2,z20,36.240007966967376,0.6040001327827896,visit,0.3333333333334849,local
3540,0,z11,30.2048325314217,0.503413875523695,idle,0,
3540,1,z00,23.817150175393532,0.39695250292322554,trip,0.3333333333334849,
3540,2,z20,36.2100079669674,0.60350013278279,idle,0,
3545,0,z11,29.7548325314217,0.49591387552369504,trip,7.008970644860256,
3545,1,z11,23.78715017539356,0.396452502923226,idle,0,
3545,2,z20,35.7600079669674,0.59600013278279,trip,19.809854494164938,
3550,0,z11,29.304832531421702,0.48841387552369503,trip,2.0089706448602556,
3550,1,z11,26.737705730949383,0.4456284288491564,visit,5.0,
3550,2,z20,35.3100079669674,0.58850013278279,trip,14.809854494164938,
3555,0,z22,29.12402517338428,0.48540041955640467,idle,0,
3555,1,z11,33.02159461983778,0.5503599103306296,idle,0,
3555,2,z20,34.860007966967395,0.58100013278279,trip,9.809854494164938,
3560,0,z22,28.67402517338428,0.47790041955640467,trip,3.833333333333485,
3560,1,z11,32.571594619837775,0.5428599103306296,trip,19.809854494164938,
3560,2,z20,34.41000796696739,0.5735001327827899,trip,4.809854494164938,
3565,0,z21,28.329025173384306,0.4721504195564051,idle,0,
3565,1,z11,32.12159461983777,0.5353599103306296,trip,14.809854494164938,
3565,2,z02,33.97712106249255,0.5662853510415425,idle,0,
3570,0,z21,27.879025173384306,0.4646504195564051,trip,3.833333333333485,
3570,1,z11,31.671594619837773,0.5278599103306295,trip,9.809854494164938,
3570,2,z02,33.52712106249255,0.5587853510415425,trip,17.851274623053996,
3575,0,z20,27.534025173384332,0.45890041955640554,idle,0,
3575,1,z11,31.221594619837774,0.5203599103306296,trip,4.809854494164938,
3575,2,z02,33.077121062492544,0.5512853510415424,trip,12.851274623053996,
3580,0,z20,27.534025173384332,0.45890041955640554,idle,0,
3580,1,z31,30.78870771536293,0.5131451285893821,idle,0,
3580,2,z02,32.62712106249254,0.5437853510415424,trip,7.851274623053996,
3585,0,z20,27.084025173384333,0.45140041955640553,trip,11.5,
3585,1,z31,30.33870771536293,0.5056451285893822,trip,3.833333333333485,
3585,2,z02,32.17712106249254,0.5362853510415423,trip,2.851274623053996,
3590,0,z20,26.634025173384334,0.4439004195564056,trip,6.5,
3590,1,z32,29.993707715362955,0.49989512858938256,idle,0,
3590,2,z20,31.920506346417678,0.5320084391069613,idle,0,
3595,0,z20,26.184025173384335,0.43640041955640557,trip,1.5,
3595,1,z32,29.543707715362956,0.4923951285893826,trip,3.833333333333485,
3595,2,z20,31.47050634641768,0.5245084391069613,trip,3.833333333333485,
3600,0,z22,26.049025173384333,0.43415041955640554,idle,0,
3600,1,z31,29.198707715362982,0.486645128589383,idle,0,central
3600,2,z10,31.125506346417705,0.5187584391069617,idle,0,
3605,0,z22,25.599025173384334,0.42665041955640554,trip,7.008970644860256,
3605,1,z31,28.748707715362983,0.479145128589383,visit,37.333333333333485,central
3605,2,z10,30.675506346417706,0.5112584391069618,trip,17.851274623053996,
3610,0,z22,25.149025173384334,0.4191504195564056,trip,2.0089706448602556,
3610,1,z31,28.508707715362995,0.47514512858938324,visit,32.333333333333485,central
3610,2,z10,30.225506346417706,0.5037584391069617,trip,12.851274623053996,
3615,0,z31,24.96821781534691,0.41613696358911517,idle,0,
3615,1,z31,28.508707715362995,0.47514512858938324,visit,27.333333333333485,central
3615,2,z10,29.775506346417707,0.49625843910696177,trip,7.851274623053996,
3620,0,z31,24.51821781534691,0.4086369635891152,trip,3.833333333333485,
3620,1,z31,28.508707715362995,0.47514512858938324,visit,22.333333333333485,central
3620,2,z10,29.325506346417708,0.4887584391069618,trip,2.851274623053996,
3625,0,z32,24.173217815346938,0.40288696358911563,idle,0,
3625,1,z31,28.508707715362995,0.47514512858938324,visit,17.333333333333485,central
3625,2,z32,29.068891630342847,0.4844815271723808,idle,0,
3630,0,z32,23.72321781534694,0.3953869635891156,trip,7.008970644860256,
3630,1,z31,28.508707715362995,0.47514512858938324,visit,12.333333333333485,central
3630,2,z32,28.618891630342848,0.4769815271723808,trip,13.309854494164938,
3635,0,z32,23.27321781534694,0.3878869635891157,trip,2.0089706448602556,
3635,1,z31,28.47870771536298,0.474645128589383,visit,7.333333333333485,central
3635,2,z32,28.16889163034285,0.4694815271723808,trip,8.309854494164938,
3640,0,z21,23.092410457309516,0.38487350762182526,idle,0,local
3640,1,z31,28.02870771536298,0.467145128589383,visit,2.333333333333485,central
3640,2,z32,27.71889163034285,0.46198152717238083,trip,3.309854494164938,
3645,0,z21,22.98741045730953,0.3831235076218255,visit,5.0,local
3645,1,z31,27.818707715363008,0.46364512858938345,idle,0,
3645,2,z20,27.421004725868006,0.4570167454311334,idle,0,
3650,0,z21,27.326854901753734,0.45544758169589555,idle,0,
3650,1,z31,27.36870771536301,0.4561451285893835,trip,20.410795394624074,
3650,2,z20,26.971004725868006,0.44951674543113346,trip,11.5,
3655,0,z21,26.876854901753735,0.4479475816958956,trip,13.309854494164938,
3655,1,z31,26.91870771536301,0.4486451285893835,trip,15.410795394624074,
3655,2,z20,26.521004725868007,0.44201674543113345,trip,6.5,
3660,0,z21,26.426854901753735,0.4404475816958956,trip,8.309854494164938,
3660,1,z31,26.46870771536301,0.4411451285893835,trip,10.410795394624074,
3660,2,z20,26.071004725868008,0.43451674543113344,trip,1.5,
3665,0,z21,25.976854901753736,0.4329475816958956,trip,3.309854494164938,
3665,1,z31,26.01870771536301,0.43364512858938353,trip,5.410795394624074,
3665,2,z22,25.936004725868006,0.4322667454311334,idle,0,
3670,0,z02,25.678967997278892,0.4279827999546482,idle,0,
3670,1,z31,25.56870771536301,0.4261451285893835,trip,0.4107953946240741,
3670,2,z22,28.88656028142383,0.4814426713570638,visit,5.0,
3675,0,z02,25.678967997278892,0.4279827999546482,idle,0,
3675,1,z02,25.531736129846845,0.4255289354974474,idle,0,
3675,2,z22,35.170449170312224,0.586174152838537,idle,0,
3680,0,z02,25.228967997278893,0.4204827999546482,trip,7.008970644860256,
3680,1,z02,25.531736129846845,0.4255289354974474,idle,0,
3680,2,z22,34.72044917031222,0.5786741528385371,trip,7.008970644860256,
3685,0,z02,24.778967997278894,0.4129827999546482,trip,2.0089706448602556,
3685,1,z02,25.081736129846846,0.4180289354974474,trip,19.166666666666515,
3685,2,z22,34.27044917031222,0.571174152838537,trip,2.0089706448602556,
3690,0,z11,24.59816063924147,0.40996934398735785,idle,0,
3690,1,z02,24.631736129846846,0.41052893549744746,trip,14.166666666666515,
3690,2,z11,34.0896418122748,0.5681606968712466,idle,0,
3695,0,z11,24.14816063924147,0.40246934398735784,trip,7.008970644860256,
3695,1,z02,24.181736129846847,0.40302893549744745,trip,9.166666666666515,
3695,2,z11,33.639641812274796,0.5606606968712466,trip,13.309854494164938,
3700,0,z11,23.698160639241472,0.3949693439873579,trip,2.0089706448602556,
3700,1,z02,23.731736129846848,0.39552893549744744,trip,4.166666666666515,
3700,2,z11,33.18964181227479,0.5531606968712466,trip,8.309854494164938,
3705,0,z02,23.51735328120405,0.3919558880200675,idle,0,
3705,1,z32,23.356736129846862,0.3892789354974477,idle,0,
3705,2,z11,32.73964181227479,0.5456606968712465,trip,3.309854494164938,
3710,0,z02,23.06735328120405,0.38445588802006747,trip,13.309854494164938,
3710,1,z32,22.906736129846863,0.38177893549744774,trip,3.833333333333485,
3710,2,z32,32.44175490779995,0.5406959151299991,idle,0,local
3715,0,z02,22.61735328120405,0.3769558880200675,trip,8.309854494164938,
3715,1,z31,22.56173612984689,0.37602893549744815,idle,0,
3715,2,z32,32.33675490779996,0.5389459151299992,visit,5.0,local
3720,0,z02,22.16735328120405,0.3694558880200675,trip,3.309854494164938,
3720,1,z31,22.11173612984689,0.36852893549744814,trip,11.5,
3720,2,z32,36.67619935224416,0.6112699892040694,idle,0,
3725,0,z21,21.869466376729207,0.36449110627882014,idle,0,
3725,1,z31,21.66173612984689,0.3610289354974482,trip,6.5,
3725,2,z32,36.22619935224416,0.6037699892040693,trip,23.809226445223885,
3730,0,z21,21.419466376729208,0.35699110627882014,trip,3.833333333333485,
3730,1,z31,21.21173612984689,0.3535289354974482,trip,1.5,
3730,2,z32,35.776199352244156,0.5962699892040693,trip,18.809226445223885,
3735,0,z31,21.074466376729234,0.35124110627882055,idle,0,
3735,1,z11,21.07673612984689,0.35127893549744815,idle,0,
3735,2,z32,35.32619935224415,0.5887699892040692,trip,13.809226445223885,
3740,0,z31,20.624466376729234,0.3437411062788206,trip,3.833333333333485,
3740,1,z11,20.62673612984689,0.34377893549744815,trip,7.008970644860256,
3740,2,z32,34.87619935224415,0.5812699892040691,trip,8.809226445223885,
3745,0,z32,20.27946637672926,0.337991106278821,idle,0,
3745,1,z11,20.17673612984689,0.3362789354974482,trip,2.0089706448602556,
3745,2,z32,34.42619935224415,0.5737699892040691,trip,3.809226445223885,
3750,0,z32,19.82946637672926,0.330491106278821,trip,3.833333333333485,
3750,1,z22,19.995928771809467,0.3332654795301578,idle,0,
3750,2,z00,34.083368972174,0.5680561495362333,idle,0,
3755,0,z22,19.484466376729287,0.32474110627882147,idle,0,
3755,1,z22,19.545928771809468,0.3257654795301578,trip,7.008970644860256,
3755,2,z00,33.633368972174,0.5605561495362333,trip,3.833333333333485,
3760,0,z22,22.43502193228511,0.37391703220475186,visit,5.0,
3760,1,z22,19.09592877180947,0.3182654795301578,trip,2.0089706448602556,
3760,2,z01,33.28836897217403,0.5548061495362338,idle,0,
3765,0,z22,28.71891082117351,0.47864851368622513,idle,0,
3765,1,z31,18.915121413772045,0.3152520235628674,idle,0,
3765,2,z01,32.838368972174024,0.5473061495362337,trip,20.410795394624074,
3770,0,z22,28.26891082117351,0.4711485136862252,trip,3.833333333333485,
3770,1,z31,18.465121413772046,0.3077520235628674,trip,13.309854494164938,
3770,2,z01,32.38836897217402,0.5398061495362337,trip,15.410795394624074,
3775,0,z21,27.923910821173536,0.4653985136862256,idle,0,local
3775,1,z31,18.015121413772047,0.30025202356286745,trip,8.309854494164938,
3775,2,z01,31.938368972174022,0.5323061495362337,trip,10.410795394624074,
3780,0,z21,27.81891082117355,0.46364851368622584,visit,5.0,local
3780,1,z31,17.565121413772047,0.29275202356286745,trip,3.309854494164938,
3780,2,z01,31.488368972174023,0.5248061495362337,trip,5.410795394624074,
3785,0,z21,32.15835526561775,0.5359725877602959,idle,0,
3785,1,z12,17.267234509297204,0.2877872418216201,idle,0,
3785,2,z01,31.038368972174023,0.5173061495362338,trip,0.4107953946240741,
3790,0,z21,31.708355265617747,0.5284725877602958,trip,3.833333333333485,
3790,1,z12,17.267234509297204,0.2877872418216201,idle,0,
3790,2,z32,31.001397386657857,0.5166899564442976,idle,0,
3795,0,z20,31.363355265617773,0.5227225877602962,idle,0,
3795,1,z12,16.817234509297204,0.28028724182162007,trip,7.008970644860256,
3795,2,z32,30.551397386657857,0.5091899564442977,trip,3.833333333333485,
3800,0,z20,30.913355265617774,0.5152225877602963,trip,13.508970644860256,
3800,1,z12,16.367234509297205,0.27278724182162006,trip,2.0089706448602556,
3800,2,z22,30.206397386657883,0.5034399564442981,idle,0,
3805,0,z20,30.46335526561777,0.5077225877602962,trip,8.508970644860256,
3805,1,z21,16.18642715125978,0.2697737858543297,idle,0,local
3805,2,z22,29.756397386657884,0.49593995644429806,trip,3.833333333333485,
3810,0,z20,30.013355265617772,0.5002225877602962,trip,3.5089706448602556,
3810,1,z21,16.081427151259795,0.2680237858543299,visit,5.0,local
3810,2,z32,29.41139738665791,0.4901899564442985,idle,0,
3815,0,z01,29.69754790758035,0.4949591317930058,idle,0,
3815,1,z21,20.420871595704,0.3403478599284,idle,0,
3815,2,z32,28.96139738665791,0.4826899564442985,trip,11.5,
3820,0,z01,29.69754790758035,0.4949591317930058,idle,0,
3820,1,z21,19.970871595704,0.3328478599284,trip,3.833333333333485,
3820,2,z32,28.51139738665791,0.4751899564442985,trip,6.5,
3825,0,z01,29.24754790758035,0.4874591317930059,trip,3.833333333333485,
3825,1,z20,19.625871595704027,0.32709785992840046,idle,0,
3825,2,z32,28.061397386657912,0.46768995644429856,trip,1.5,
3830,0,z11,28.902547907580377,0.4817091317930063,idle,0,
3830,1,z20,19.625871595704027,0.32709785992840046,idle,0,
3830,2,z12,27.92639738665791,0.46543995644429853,idle,0,
3835,0,z11,28.452547907580378,0.4742091317930063,trip,3.833333333333485,
3835,1,z20,19.175871595704027,0.31959785992840045,trip,10.333333333333485,
3835,2,z12,27.47639738665791,0.4579399564442985,trip,7.008970644860256,
3840,0,z01,28.107547907580404,0.46845913179300674,idle,0,
3840,1,z20,18.725871595704024,0.3120978599284004,trip,5.333333333333485,
3840,2,z12,27.026397386657912,0.4504399564442985,trip,2.0089706448602556,
3845,0,z01,27.657547907580405,0.46095913179300674,trip,13.309854494164938,
3845,1,z20,18.275871595704025,0.30459785992840044,trip,0.3333333333334849,
3845,2,z21,26.84559002862049,0.44742650047700816,idle,0,
3850,0,z01,27.207547907580405,0.45345913179300673,trip,8.309854494164938,
3850,1,z11,18.245871595704052,0.3040978599284009,idle,0,
3850,2,z21,26.39559002862049,0.43992650047700815,trip,7.008970644860256,
3855,0,z01,26.757547907580406,0.4459591317930068,trip,3.309854494164938,
3855,1,z11,17.795871595704053,0.2965978599284009,trip,19.809854494164938,
3855,2,z21,25.94559002862049,0.43242650047700815,trip,2.0089706448602556,
3860,0,z20,26.459661003105563,0.44099435005175935,idle,0,
3860,1,z11,17.34587159570405,0.2890978599284008,trip,14.809854494164938,
3860,2,z32,25.764782670583067,0.4294130445097178,idle,0,local
3865,0,z20,26.009661003105563,0.4334943500517594,trip,7.008970644860256,
3865,1,z11,16.89587159570405,0.28159785992840086,trip,9.809854494164938,
3865,2,z32,25.65978267058308,0.427663044509718,visit,5.0,local
3870,0,z20,25.559661003105564,0.4259943500517594,trip,2.0089706448602556,
3870,1,z11,16.44587159570405,0.27409785992840086,trip,4.809854494164938,
3870,2,z32,29.999227115027285,0.4999871185837881,idle,0,
3875,0,z31,25.37885364506814,0.422980894084469,idle,0,
3875,1,z31,16.012984691229207,0.26688307818715346,idle,0,
3875,2,z32,29.549227115027286,0.4924871185837881,trip,7.008970644860256,
3880,0,z31,24.92885364506814,0.41548089408446903,trip,11.5,
3880,1,z31,15.562984691229207,0.25938307818715345,trip,7.008970644860256,
3880,2,z32,29.099227115027286,0.4849871185837881,trip,2.0089706448602556,
3885,0,z31,24.478853645068142,0.407980894084469,trip,6.5,
3885,1,z31,15.112984691229208,0.25188307818715344,trip,2.0089706448602556,
3885,2,z21,28.918419756989863,0.4819736626164977,idle,0,
3890,0,z31,24.028853645068143,0.400480894084469,trip,1.5,
3890,1,z20,14.932177333191785,0.24886962221986308,idle,0,
3890,2,z21,28.468419756989864,0.4744736626164977,trip,13.508970644860256,
3895,0,z11,23.89385364506814,0.39823089408446904,idle,0,
3895,1,z20,14.482177333191785,0.24136962221986308,trip,13.309854494164938,
3895,2,z21,28.01841975698986,0.4669736626164977,trip,8.508970644860256,
3900,0,z11,23.443853645068142,0.39073089408446904,trip,18.0,
3900,1,z20,14.032177333191786,0.2338696222198631,trip,8.309854494164938,
3900,2,z21,27.56841975698986,0.4594736626164977,trip,3.5089706448602556,
3905,0,z11,22.99385364506814,0.383230894084469,trip,13.0,
3905,1,z20,13.582177333191787,0.22636962221986312,trip,3.309854494164938,
3905,2,z31,27.25261239895244,0.45421020664920736,idle,0,
3910,0,z11,22.54385364506814,0.37573089408446897,trip,8.0,
3910,1,z01,13.284290428716943,0.22140484047861572,idle,0,
3910,2,z31,26.80261239895244,0.44671020664920735,trip,20.410795394624074,
3915,0,z11,22.09385364506814,0.368230894084469,trip,3.0,
3915,1,z01,12.834290428716944,0.21390484047861574,trip,22.985491805692163,
3915,2,z31,26.35261239895244,0.43921020664920735,trip,15.410795394624074,
3920,0,z01,21.82385364506814,0.363730894084469,idle,0,local
3920,1,z01,12.384290428716945,0.20640484047861574,trip,17.985491805692163,
3920,2,z31,25.902612398952442,0.4317102066492074,trip,10.410795394624074,
3925,0,z01,21.37385364506814,0.356230894084469,visit,15.333333333333485,local
3925,1,z01,11.934290428716945,0.19890484047861576,trip,12.985491805692163,
3925,2,z31,25.452612398952443,0.4242102066492074,trip,5.410795394624074,
3930,0,z01,21.133853645068154,0.3522308940844692,visit,10.333333333333485,local
3930,1,z01,11.484290428716946,0.19140484047861578,trip,7.985491805692163,
3930,2,z31,25.002612398952444,0.4167102066492074,trip,0.4107953946240741,
3935,0,z01,20.92385364506814,0.348730894084469,visit,5.333333333333485,local
3935,1,z01,11.034290428716947,0.18390484047861577,trip,2.9854918056921633,
3935,2,z00,24.965640813436277,0.41609401355727127,idle,0,
3940,0,z01,20.47385364506814,0.341230894084469,visit,0.3333333333334849,local
3940,1,z31,10.765596166204652,0.17942660277007755,idle,0,
3940,2,z00,24.515640813436278,0.4085940135572713,trip,17.851274623053996,
3945,0,z01,20.443853645068167,0.34073089408446944,idle,0,
3945,1,z31,10.315596166204653,0.17192660277007754,trip,10.333333333333485,
3945,2,z00,24.06564081343628,0.4010940135572713,trip,12.851274623053996,
3950,0,z01,19.993853645068167,0.33323089408446943,trip,19.166666666666515,
3950,1,z31,9.865596166204654,0.16442660277007756,trip,5.333333333333485,
3950,2,z00,23.61564081343628,0.3935940135572713,trip,7.851274623053996,
3955,0,z01,19.543853645068168,0.3257308940844695,trip,14.166666666666515,
3955,1,z31,9.415596166204654,0.15692660277007758,trip,0.3333333333334849,
3955,2,z00,23.16564081343628,0.38609401355727135,trip,2.851274623053996,
3960,0,z01,19.09385364506817,0.3182308940844695,trip,9.166666666666515,
3960,1,z31,9.385596166204682,0.15642660277007803,idle,0,
3960,2,z22,22.90902609736142,0.38181710162269034,idle,0,
3965,0,z01,18.64385364506817,0.31073089408446947,trip,4.166666666666515,
3965,1,z31,8.935596166204682,0.14892660277007805,trip,3.833333333333485,
3965,2,z22,22.45902609736142,0.37431710162269033,trip,7.008970644860256,
3970,0,z31,18.268853645068184,0.3044808940844697,idle,0,
3970,1,z21,8.59059616620471,0.14317660277007851,idle,0,local
3970,2,z22,22.00902609736142,0.3668171016226903,trip,2.0089706448602556,
3975,0,z31,17.818853645068184,0.29698089408446976,trip,7.008970644860256,
3975,1,z21,8.485596166204724,0.14142660277007874,visit,26.04197563361049,local
3975,2,z11,21.828218739323997,0.36380364565539997,idle,0,
3980,0,z31,17.368853645068185,0.28948089408446975,trip,2.0089706448602556,
3980,1,z21,14.874485055093865,0.24790808425156444,visit,21.04197563361049,local
3980,2,z11,21.378218739323998,0.35630364565539996,trip,24.351274623053996,
3985,0,z22,17.18804628703076,0.28646743811717934,idle,0,
3985,1,z21,23.2078183884272,0.3867969731404533,visit,16.04197563361049,local
3985,2,z11,20.928218739323995,0.3488036456553999,trip,19.351274623053996,
3990,0,z22,16.738046287030762,0.2789674381171794,trip,18.0,
3990,1,z21,31.541151721760535,0.5256858620293422,visit,11.041975633610491,local
3990,2,z11,20.478218739323996,0.34130364565539995,trip,14.351274623053996,
3995,0,z22,16.28804628703076,0.2714674381171793,trip,13.0,
3995,1,z21,39.87448505509387,0.6645747509182311,visit,6.041975633610491,local
3995,2,z11,20.028218739323997,0.33380364565539994,trip,9.351274623053996,
4000,0,z22,15.83804628703076,0.2639674381171793,trip,8.0,
4000,1,z21,47.988777807024654,0.7998129634504109,visit,1.041975633610491,local
4000,2,z11,19.578218739323997,0.32630364565539993,trip,4.351274623053996,
4005,0,z22,15.388046287030761,0.25646743811717937,trip,3.0,
4005,1,z21,47.89499999999975,0.7982499999999958,idle,0,
4005,2,z32,19.18660402324914,0.319776733720819,idle,0,
4010,0,z32,15.118046287030761,0.25196743811717937,idle,0,
4010,1,z21,47.444999999999744,0.7907499999999957,trip,18.0,
4010,2,z32,18.73660402324914,0.312276733720819,trip,10.333333333333485,
4015,0,z32,14.668046287030762,0.24446743811717936,trip,3.833333333333485,
4015,1,z21,46.99499999999974,0.7832499999999957,trip,13.0,
4015,2,z32,18.286604023249136,0.3047767337208189,trip,5.333333333333485,
4020,0,z22,14.32304628703079,0.23871743811717983,idle,0,
4020,1,z21,46.54499999999974,0.7757499999999956,trip,8.0,
4020,2,z32,17.836604023249137,0.297276733720819,trip,0.3333333333334849,
4025,0,z22,13.87304628703079,0.23121743811717985,trip,11.5,
4025,1,z21,46.094999999999736,0.7682499999999955,trip,3.0,
4025,2,z21,17.806604023249164,0.2967767337208194,idle,0,
4030,0,z22,13.423046287030791,0.22371743811717987,trip,6.5,
4030,1,z11,45.82499999999973,0.7637499999999956,idle,0,
4030,2,z21,17.356604023249165,0.2892767337208194,trip,3.833333333333485,
4035,0,z22,12.973046287030792,0.21621743811717986,trip,1.5,
4035,1,z11,45.37499999999973,0.7562499999999955,trip,18.0,
4035,2,z11,17.01160402324919,0.2835267337208199,idle,0,local
4040,0,z20,12.838046287030792,0.21396743811717986,idle,0,
4040,1,z11,44.92499999999973,0.7487499999999955,trip,13.0,
4040,2,z11,16.906604023249205,0.28177673372082007,visit,5.0,local
4045,0,z20,12.388046287030793,0.20646743811717988,trip,11.5,
4045,1,z11,44.474999999999724,0.7412499999999954,trip,8.0,
4045,2,z11,21.24604846769341,0.35410080779489017,idle,0,
4050,0,z20,11.938046287030794,0.1989674381171799,trip,6.5,
4050,1,z11,44.02499999999972,0.7337499999999954,trip,3.0,
4050,2,z11,20.79604846769341,0.34660080779489016,trip,29.286375654996846,
4055,0,z20,11.488046287030794,0.1914674381171799,trip,1.5,
4055,1,z32,43.75499999999972,0.7292499999999953,idle,0,
4055,2,z11,20.34604846769341,0.33910080779489016,trip,24.286375654996846,
4060,0,z22,11.353046287030795,0.18921743811717992,idle,0,
4060,1,z32,43.304999999999715,0.7217499999999952,trip,20.410795394624074,
4060,2,z11,19.89604846769341,0.3316008077948902,trip,19.286375654996846,
4065,0,z22,10.903046287030795,0.1817174381171799,trip,10.333333333333485,
4065,1,z32,42.85499999999971,0.7142499999999952,trip,15.410795394624074,
4065,2,z11,19.446048467693412,0.3241008077948902,trip,14.286375654996846,
4070,0,z22,10.453046287030796,0.17421743811717993,trip,5.333333333333485,
4070,1,z32,42.40499999999971,0.7067499999999952,trip,10.410795394624074,
4070,2,z11,18.996048467693413,0.3166008077948902,trip,9.286375654996846,
4075,0,z22,10.003046287030797,0.16671743811717996,trip,0.3333333333334849,
4075,1,z32,41.95499999999971,0.6992499999999952,trip,5.410795394624074,
4075,2,z11,18.546048467693414,0.30910080779489024,trip,4.286375654996846,
4080,0,z31,9.973046287030824,0.1662174381171804,idle,0,
4080,1,z32,41.504999999999704,0.6917499999999951,trip,0.4107953946240741,
4080,2,z11,18.1602746587437,0.302671244312395,idle,0,
4085,0,z31,9.523046287030825,0.15871743811718042,trip,19.809854494164938,
4085,1,z01,41.468028414483534,0.6911338069080589,idle,0,
4085,2,z11,17.7102746587437,0.295171244312395,trip,19.809854494164938,
4090,0,z31,9.073046287030825,0.1512174381171804,trip,14.809854494164938,
4090,1,z01,41.01802841448353,0.6836338069080589,trip,20.410795394624074,
4090,2,z11,17.260274658743697,0.28767124431239494,trip,14.809854494164938,
4095,0,z31,8.623046287030826,0.14371743811718043,trip,9.809854494164938,
4095,1,z01,40.56802841448353,0.6761338069080588,trip,15.410795394624074,
4095,2,z11,16.810274658743698,0.280171244312395,trip,9.809854494164938,
4100,0,z31,8.173046287030827,0.13621743811718046,trip,4.809854494164938,
4100,1,z01,40.118028414483526,0.6686338069080587,trip,10.410795394624074,
4100,2,z11,16.3602746587437,0.272671244312395,trip,4.809854494164938,
4105,0,z20,7.740159382555983,0.12900265637593306,idle,0,local
4105,1,z01,39.66802841448352,0.6611338069080587,trip,5.410795394624074,
4105,2,z31,15.927387754268853,0.2654564625711476,idle,0,
4110,0,z20,7.2901593825559825,0.12150265637593304,visit,39.90323770380019,local
4110,1,z01,39.21802841448352,0.6536338069080586,trip,0.4107953946240741,
4110,2,z31,15.477387754268854,0.25795646257114757,trip,3.83333333333303,
4115,0,z20,7.050159382555956,0.11750265637593259,visit,34.90323770380019,local
4115,1,z32,39.18105682896735,0.6530176138161224,idle,0,
4115,2,z32,15.1323877542688,0.25220646257114665,idle,0,
4120,0,z20,10.939048271444339,0.182317471190739,visit,29.903237703800187,local
4120,1,z32,38.731056828967354,0.6455176138161226,trip,3.83333333333303,
4120,2,z32,14.6823877542688,0.24470646257114667,trip,26.910795394624074,
4125,0,z20,19.27238160477767,0.32120636007962783,visit,24.903237703800187,local
4125,1,z31,38.3860568289673,0.6397676138161217,idle,0,
4125,2,z32,14.232387754268801,0.2372064625711467,trip,21.910795394624074,
4130,0,z20,27.605714938111007,0.4600952489685168,visit,19.903237703800187,local
4130,1,z31,37.9360568289673,0.6322676138161217,trip,13.309854494164938,
4130,2,z32,13.782387754268802,0.2297064625711467,trip,16.910795394624074,
4135,0,z20,35.93904827144434,0.5989841378574057,visit,14.903237703800187,local
4135,1,z31,37.4860568289673,0.6247676138161217,trip,8.309854494164938,
4135,2,z32,13.332387754268803,0.2222064625711467,trip,11.910795394624074,
4140,0,z20,44.27238160477768,0.7378730267462946,visit,9.903237703800187,local
4140,1,z31,37.0360568289673,0.6172676138161216,trip,3.309854494164938,
4140,2,z32,12.882387754268803,0.21470646257114673,trip,6.910795394624074,
4145,0,z20,47.751291393341695,0.7958548565556949,visit,4.903237703800187,local
4145,1,z10,36.73816992449245,0.6123028320748742,idle,0,
4145,2,z32,12.432387754268804,0.20720646257114675,trip,1.910795394624074,
4150,0,z20,47.309999999999675,0.7884999999999945,idle,0,
4150,1,z10,36.28816992449245,0.6048028320748742,trip,13.50897064486071,
4150,2,z00,12.260416168752556,0.20434026947920927,idle,0,
4155,0,z20,46.85999999999967,0.7809999999999946,trip,19.809854494164938,
4155,1,z10,35.83816992449245,0.5973028320748741,trip,8.50897064486071,
4155,2,z00,11.810416168752557,0.19684026947920927,trip,19.16666666666697,
4160,0,z20,46.40999999999967,0.7734999999999945,trip,14.809854494164938,
4160,1,z10,35.388169924492445,0.589802832074874,trip,3.5089706448607103,
4160,2,z00,11.360416168752558,0.1893402694792093,trip,14.16666666666697,
4165,0,z20,45.95999999999967,0.7659999999999945,trip,9.809854494164938,
4165,1,z11,35.072362566454984,0.5845393761075831,idle,0,
4165,2,z00,10.910416168752558,0.1818402694792093,trip,9.16666666666697,
4170,0,z20,45.509999999999664,0.7584999999999944,trip,4.809854494164938,
4170,1,z11,34.62236256645498,0.577039376107583,trip,13.50897064486071,
4170,2,z00,10.460416168752559,0.1743402694792093,trip,4.16666666666697,
4175,0,z22,45.07711309552482,0.7512852182587471,idle,0,
4175,1,z11,34.17236256645498,0.569539376107583,trip,8.50897064486071,
4175,2,z30,10.085416168752532,0.16809026947920888,idle,0,
4180,0,z22,44.62711309552483,0.7437852182587471,trip,13.309854494164938,
4180,1,z11,33.722362566454976,0.5620393761075829,trip,3.5089706448607103,
4180,2,z30,9.635416168752533,0.16059026947920887,trip,20.410795394624074,
4185,0,z22,44.177113095524824,0.736285218258747,trip,8.309854494164938,
4185,1,z01,33.406555208417515,0.5567759201402919,idle,0,local
4185,2,z30,9.185416168752534,0.1530902694792089,trip,15.410795394624074,
4190,0,z22,43.72711309552482,0.728785218258747,trip,3.309854494164938,
4190,1,z01,32.95655520841751,0.5492759201402919,visit,21.68460795638748,local
4190,2,z30,8.735416168752534,0.14559026947920892,trip,10.410795394624074,
4195,0,z10,43.42922619104998,0.7238204365174996,idle,0,
4195,1,z01,32.50655520841751,0.5417759201402919,visit,16.68460795638748,local
4195,2,z30,8.285416168752535,0.1380902694792089,trip,5.410795394624074,
4200,0,z10,42.97922619104998,0.7163204365174997,trip,13.309854494164938,
4200,1,z01,32.43074785038007,0.5405124641730013,visit,11.684607956387481,local
4200,2,z30,7.835416168752535,0.1305902694792089,trip,0.4107953946240741,
4205,0,z10,42.52922619104998,0.7088204365174996,trip,8.309854494164938,
4205,1,z01,32.05655520841751,0.5342759201402918,visit,6.684607956387481,local
4205,2,z01,7.798444583236287,0.12997407638727146,idle,0,
4210,0,z10,42.079226191049976,0.7013204365174996,trip,3.309854494164938,
4210,1,z01,31.606555208417507,0.5267759201402918,visit,1.684607956387481,local
4210,2,z01,7.348444583236287,0.12247407638727144,visit,36.86826658339123,
4215,0,z31,41.78133928657513,0.6963556547762522,idle,0,
4215,1,z01,31.454940492342633,0.5242490082057105,idle,0,
4215,2,z01,7.66400013879131,0.12773333564652184,visit,31.868266583391232,
4220,0,z31,41.33133928657514,0.6888556547762523,trip,3.83333333333303,
4220,1,z01,31.454940492342633,0.5242490082057105,idle,0,
4220,2,z01,15.997333472124645,0.26662222453541073,visit,26.868266583391232,
4225,0,z21,40.98633928657508,0.6831056547762514,idle,0,
4225,1,z01,31.454940492342633,0.5242490082057105,idle,0,
4225,2,z01,24.33066680545798,0.4055111134242997,visit,21.868266583391232,
4230,0,z21,40.98633928657508,0.6831056547762514,idle,0,
4230,1,z01,31.00494049234263,0.5167490082057105,trip,20.410795394624074,
4230,2,z01,32.664000138791316,0.5444000023131886,visit,16.868266583391232,
4235,0,z21,40.536339286575085,0.6756056547762515,trip,13.309854494164938,
4235,1,z01,30.55494049234263,0.5092490082057105,trip,15.410795394624074,
4235,2,z01,40.99733347212465,0.6832888912020775,visit,11.868266583391232,
4240,0,z21,40.08633928657508,0.6681056547762514,trip,8.309854494164938,
4240,1,z01,30.10494049234263,0.5017490082057106,trip,10.410795394624074,
4240,2,z01,47.9281439925052,0.7988023998750866,visit,6.868266583391232,
4245,0,z21,39.63633928657508,0.6606056547762513,trip,3.309854494164938,
4245,1,z01,29.654940492342632,0.49424900820571055,trip,5.410795394624074,
4245,2,z01,47.478143992505196,0.7913023998750865,visit,1.8682665833912324,
4250,0,z02,39.338452382100236,0.655640873035004,idle,0,
4250,1,z01,29.204940492342633,0.48674900820571054,trip,0.4107953946240741,
4250,2,z01,47.3099999999999,0.7884999999999984,idle,0,
4255,0,z02,39.338452382100236,0.655640873035004,idle,0,
4255,1,z32,29.167968906826385,0.4861328151137731,idle,0,
4255,2,z01,46.85999999999991,0.7809999999999985,trip,13.309854494164938,
4260,0,z02,39.338452382100236,0.655640873035004,idle,0,
4260,1,z32,28.717968906826382,0.47863281511377304,trip,13.309854494164938,
4260,2,z01,46.409999999999904,0.7734999999999984,trip,8.309854494164938,
4265,0,z02,39.338452382100236,0.655640873035004,idle,0,
4265,1,z32,28.267968906826383,0.47113281511377303,trip,8.309854494164938,
4265,2,z01,45.9599999999999,0.7659999999999983,trip,3.309854494164938,
4270,0,z02,38.88845238210024,0.648140873035004,trip,3.83333333333303,
4270,1,z32,27.817968906826383,0.4636328151137731,trip,3.309854494164938,
4270,2,z20,45.66211309552506,0.761035218258751,idle,0,
4275,0,z12,38.543452382100185,0.6423908730350031,idle,0,
4275,1,z20,27.52008200235154,0.45866803337252565,idle,0,
4275,2,z20,45.21211309552506,0.753535218258751,trip,7.00897064486071,
4280,0,z12,38.543452382100185,0.6423908730350031,idle,0,
4280,1,z20,27.070082002351537,0.4511680333725256,trip,11.5,
4280,2,z20,44.76211309552506,0.746035218258751,trip,2.0089706448607103,
4285,0,z12,38.543452382100185,0.6423908730350031,idle,0,
4285,1,z20,26.620082002351538,0.44366803337252564,trip,6.5,
4285,2,z31,44.5813057374876,0.74302176229146,idle,0,central
4290,0,z12,38.09345238210019,0.6348908730350031,trip,11.5,
4290,1,z20,26.17008200235154,0.43616803337252563,trip,1.5,
4290,2,z31,44.131305737487594,0.7355217622914599,visit,37.33333333333303,central
4295,0,z12,37.643452382100186,0.6273908730350031,trip,6.5,
4295,1,z22,26.035082002351537,0.4339180333725256,idle,0,
4295,2,z31,43.89130573748756,0.7315217622914594,visit,32.33333333333303,central
4300,0,z12,37.19345238210018,0.619890873035003,trip,1.5,
4300,1,z22,25.585082002351534,0.42641803337252554,trip,3.83333333333303,
4300,2,z31,43.89130573748756,0.7315217622914594,visit,27.33333333333303,central
4305,0,z32,37.058452382100185,0.617640873035003,idle,0,
4305,1,z21,25.24008200235148,0.4206680333725246,idle,0,
4305,2,z31,43.89130573748756,0.7315217622914594,visit,22.33333333333303,central
4310,0,z32,40.00900793765521,0.6668167989609202,visit,5.0,
4310,1,z21,24.790082002351475,0.4131680333725246,trip,3.83333333333303,
4310,2,z31,43.89130573748756,0.7315217622914594,visit,17.33333333333303,central
4315,0,z32,46.29289682654517,0.7715482804424194,idle,0,
4315,1,z11,24.44508200235142,0.40741803337252364,idle,0,
4315,2,z31,43.89130573748756,0.7315217622914594,visit,12.33333333333303,central
4320,0,z32,45.84289682654517,0.7640482804424196,trip,3.83333333333303,
4320,1,z11,23.995082002351417,0.39991803337252363,trip,13.309854494164938,
4320,2,z31,43.86130573748759,0.7310217622914599,visit,7.33333333333303,central
